date_time_local,unixtime,pressure_station,pressure_sea,wind_dir,wind_dir_10s,wind_speed,wind_gust,relative_humidity,dew_point,temperature,windchill,humidex,visibility,health_index,cloud_cover_4,cloud_cover_8,cloud_cover_10,solar_radiation,max_air_temp_pst1hr,min_air_temp_pst1hr,precipitation
"2026-08-05 11:00:00 MDT",1785949200,89.3,101.6,NW,32,9,,41,7.6,21.6,,,32200,,,7,,,21.3,20.1,
"2026-08-05 10:00:00 MDT",1785945600,89.33,101.65,NW,31,11,,47,7.9,19.6,,,32200,2.3,,7,,,20.3,17.9,
"2026-08-05 09:00:00 MDT",1785942000,89.33,101.67,W,26,11,,51,7.5,17.8,,,32200,2.1,,7,,,17.9,15.3,
"2026-08-05 08:00:00 MDT",1785938400,89.31,101.64,WSW,24,10,,59,7.5,15.6,,,32200,2.1,,3,,,15.3,12.3,
"2026-08-05 07:00:00 MDT",1785934800,89.3,101.63,NW,31,9,,62,7.5,14.8,,,32200,2.1,,5,,,13.4,12.2,
"2026-08-05 06:00:00 MDT",1785931200,89.29,101.62,WNW,28,8,,66,7.8,14,,,32200,2.1,,3,,,13,11.5,
"2026-08-05 05:00:00 MDT",1785927600,89.31,101.63,WNW,29,8,,71,8,13.2,,,24100,2.3,,3,,,13,12.1,
"2026-08-05 04:00:00 MDT",1785924000,89.3,101.64,W,26,10,,69,8.4,14.1,,,24100,2.4,,1,,,13.7,12.1,
"2026-08-05 03:00:00 MDT",1785920400,89.31,101.63,NNW,33,16,,70,8.4,13.8,,,24100,2.6,,1,,,14.9,13.6,
"2026-08-05 02:00:00 MDT",1785916800,89.3,101.63,NNW,34,22,,63,7.9,14.9,,,24100,2.7,,1,,,16.1,14.9,
"2026-08-05 01:00:00 MDT",1785913200,89.26,101.59,NNW,34,17,,55,6.4,15.5,,,24100,2.8,,1,,,15.4,14.2,
"2026-08-05 00:00:00 MDT",1785909600,89.02,101.53,NNW,34,14,,53,6.1,15.5,,,24100,2.9,,1,,,17.7,14.2,0
"2026-08-04 23:00:00 MDT",1785906000,88.99,101.49,NE,5,15,,44,5.8,18.2,,,24100,2.9,,4,,,17.7,17.1,0
"2026-08-04 22:00:00 MDT",1785902400,88.96,101.48,ENE,7,10,,40,4.6,18.4,,,24100,2.9,,5,,,18.3,17.1,0
"2026-08-04 21:00:00 MDT",1785898800,88.91,101.44,ESE,10,11,,31,3.3,20.9,,,32200,2.9,,7,,,21.6,18.3,0
"2026-08-04 20:00:00 MDT",1785895200,88.89,101.43,SE,13,19,,27,2.8,22.5,,,24100,2.9,,5,,,23.5,21.6,0
"2026-08-04 19:00:00 MDT",1785891600,88.92,101.45,SSE,15,14,,24,2.4,24.1,,,64400,2.9,,5,,,24.5,23.4,0
"2026-08-04 18:00:00 MDT",1785888000,88.94,101.47,S,16,9,,23,2,24.4,,,64400,2.9,,4,,,24.9,23.7,0
"2026-08-04 17:00:00 MDT",1785884400,89.01,101.54,ESE,11,4,,22,1.3,24,,,64400,2.8,,5,,,24.7,23.4,0
"2026-08-04 16:00:00 MDT",1785880800,89.06,101.6,SE,12,7,,24,2.1,23.8,,,64400,2.8,,4,,,24.2,22.9,0
"2026-08-04 15:00:00 MDT",1785877200,89.12,101.68,WSW,24,9,,24,1.6,22.7,,,64400,2.8,,3,,,24.2,21.9,0
"2026-08-04 14:00:00 MDT",1785873600,89.17,101.73,ENE,6,5,,25,1.5,22.6,,,64400,2.7,,3,,,22.6,20.7,0
"2026-08-04 13:00:00 MDT",1785870000,89.24,101.8,W,27,5,,30,2.8,20.8,,,64400,2.6,,2,,,21.6,20.1,0
"2026-08-04 12:00:00 MDT",1785866400,89.29,101.88,SE,13,12,,31,2.7,20.3,,,64400,2.5,,3,,,20.8,18.3,0
"2026-08-04 11:00:00 MDT",1785862800,89.34,101.98,NNW,34,8,,40,5.5,19.2,,,64400,2.4,,1,,,18.9,17.1,0
"2026-08-04 10:00:00 MDT",1785859200,89.38,102,W,28,9,,41,4.3,17.7,,,64400,2.2,,2,,,17.4,14.4,0
"2026-08-04 09:00:00 MDT",1785855600,89.43,102.06,SW,22,11,,49,3.9,14.3,,,64400,2.1,,3,,,14.4,10.6,0
"2026-08-04 08:00:00 MDT",1785852000,89.42,102.09,SW,21,10,,58,3.7,11.5,,,64400,2,,2,,,12.1,9.6,0
"2026-08-04 07:00:00 MDT",1785848400,89.43,102.11,SW,22,6,,62,3.6,10.4,,,32200,1.8,,5,,,9.8,7.9,0
"2026-08-04 06:00:00 MDT",1785844800,89.46,102.14,WSW,24,3,,65,3.7,10,,,32200,1.9,,6,,,10.4,9.1,0
"2026-08-04 05:00:00 MDT",1785841200,89.46,102.11,WNW,30,3,,61,3.2,10.4,,,24100,2,,7,,,10.5,9,0
"2026-08-04 04:00:00 MDT",1785837600,89.46,102.11,NW,31,5,,57,3.1,11.3,,,24100,2.1,,5,,,10.8,8.6,0
"2026-08-04 03:00:00 MDT",1785834000,89.47,102.15,WNW,28,5,,50,2.6,12.7,,,24100,2.2,,3,,,11.9,8.2,0
"2026-08-04 02:00:00 MDT",1785830400,89.48,102.15,WSW,25,5,,51,3.1,13,,,24100,2.3,,3,,,13.3,10.8,0
"2026-08-04 01:00:00 MDT",1785826800,89.5,102.19,SSW,21,6,,49,3.5,14,,,24100,2.4,,5,,,13.2,11.4,0
"2026-08-04 00:00:00 MDT",1785823200,89.53,102.23,N,35,0,,49,3.4,13.8,,,24100,2.4,,6,,,12.1,10.3,0
"2026-08-03 23:00:00 MDT",1785819600,89.53,102.25,ENE,6,5,,47,2.5,13.5,,,24100,2.4,,1,,,14.1,11.2,0
"2026-08-03 22:00:00 MDT",1785816000,89.52,102.23,ENE,7,8,,42,2.2,14.9,,,24100,2.4,,1,,,15.9,12.3,0
"2026-08-03 21:00:00 MDT",1785812400,89.47,102.17,NE,3,9,,38,1.9,16.3,,,24100,2.4,,1,,,17.7,15.9,0
"2026-08-03 20:00:00 MDT",1785808800,89.47,102.16,N,35,15,,33,2,18.3,,,32200,2.4,,1,,,18.7,17.7,0
"2026-08-03 19:00:00 MDT",1785805200,89.46,102.15,N,35,17,30,32,2.2,19.2,,,64400,2.4,,2,,,19.5,18.5,0
"2026-08-03 18:00:00 MDT",1785801600,89.47,102.17,N,35,18,35,30,1.9,20,,,64400,2.4,,3,,,19.7,18.7,0
"2026-08-03 17:00:00 MDT",1785798000,89.5,102.2,N,35,22,34,29,1,19.4,,,64400,2.4,,3,,,19.9,17.7,0
"2026-08-03 16:00:00 MDT",1785794400,89.51,102.2,NNW,32,23,41,27,-0.1,19.2,,,64400,2.3,,4,,,19.8,16.5,0
"2026-08-03 15:00:00 MDT",1785790800,89.54,102.24,NNW,33,16,37,33,2.1,18.7,,,64400,2.2,,5,,,18.8,16.2,0
"2026-08-03 14:00:00 MDT",1785787200,89.57,102.3,NNW,34,19,32,38,2.6,17,,,64400,2.2,,7,,,17,14.5,0
"2026-08-03 13:00:00 MDT",1785783600,89.58,102.36,NNW,34,23,42,42,2.4,15.2,,,64400,2.2,,7,,,16.7,14.4,0
"2026-08-03 12:00:00 MDT",1785780000,89.6,102.37,NNW,33,22,37,41,2.6,15.8,,,64400,2.1,,6,,,15.8,13.6,0
"2026-08-03 11:00:00 MDT",1785776400,89.6,102.37,NNW,34,31,40,44,3.2,15.2,,,64400,2,,7,,,14.9,13,0
"2026-08-03 10:00:00 MDT",1785772800,89.6,102.36,NNW,33,24,38,57,5.1,13.5,,,64400,1.9,,5,,,13.2,11.5,0
"2026-08-03 09:00:00 MDT",1785769200,89.62,102.39,NW,32,26,37,65,5.5,11.8,,,64400,1.8,,3,,,11.8,9.9,0
"2026-08-03 08:00:00 MDT",1785765600,89.62,102.39,NW,31,19,29,70,5.1,10.3,,,64400,1.8,,6,,,9.9,9.2,0
"2026-08-03 07:00:00 MDT",1785762000,89.59,102.32,NW,31,15,,73,5.1,9.7,,,32200,1.8,,8,,,9.3,8.5,0
"2026-08-03 06:00:00 MDT",1785758400,89.58,102.28,NW,30,10,,78,5.3,8.8,,,24100,1.8,,7,,,8.6,8.3,0
"2026-08-03 05:00:00 MDT",1785754800,89.57,102.25,NW,30,17,,85,6.1,8.5,,,19300,2,,8,,,8.6,8.2,0.3
"2026-08-03 04:00:00 MDT",1785751200,89.53,102.2,NNW,34,29,42,83,6,8.6,,,9700,1.9,,8,,,10.2,8.5,0
"2026-08-03 03:00:00 MDT",1785747600,89.48,102.11,NW,31,20,37,65,3.9,10.2,,,24100,2,,7,,,10,9.1,0
"2026-08-03 02:00:00 MDT",1785744000,89.46,102.12,NW,32,21,33,73,4.5,9.1,,,24100,2,,7,,,9.1,8,0
"2026-08-03 01:00:00 MDT",1785740400,89.43,102.11,NNW,33,23,,77,4.4,8.2,,,24100,2.1,,7,,,8.1,7.9,0
"2026-08-03 00:00:00 MDT",1785736800,89.39,102.07,NNW,34,32,50,74,4,8.5,,,24100,4,,7,,,9.3,8.1,0
"2026-08-02 23:00:00 MDT",1785733200,89.31,101.97,NNW,34,41,54,69,4.1,9.5,,,24100,3,,5,,,11.5,9.3,0
"2026-08-02 22:00:00 MDT",1785729600,89.13,101.74,N,0,42,64,52,2.3,11.9,,,24100,1.9,,7,,,12.3,11.5,0
"2026-08-02 21:00:00 MDT",1785726000,89.07,101.7,NNW,34,36,49,54,3.4,12.3,,,24100,2.4,,7,,,13.7,11.9,0
"2026-08-02 20:00:00 MDT",1785722400,89,101.63,N,35,30,41,47,2.9,14,,,24100,3.1,,7,,,16.6,13.6,0
"2026-08-02 19:00:00 MDT",1785718800,88.86,101.46,N,0,39,48,35,1.6,16.9,,,24100,4,,7,,,20.5,16.6,0
"2026-08-02 18:00:00 MDT",1785715200,88.73,101.25,WNW,28,29,41,18,-3.9,21.2,,,19300,4,,3,,,21.1,20.1,0
"2026-08-02 17:00:00 MDT",1785711600,88.69,101.21,WNW,28,26,40,18,-4.2,21.1,,,16100,,,2,,,21.5,20.5,0
"2026-08-02 16:00:00 MDT",1785708000,88.66,101.16,WNW,28,23,40,18,-4,21.1,,,16100,,,1,,,21.3,20.5,0
"2026-08-02 15:00:00 MDT",1785704400,88.63,101.09,WNW,29,36,52,20,-3,20.9,,,12900,,,2,,,21.4,20.2,0
"2026-08-02 14:00:00 MDT",1785700800,88.63,101.04,W,27,21,40,20,-3.2,20.1,,,12900,,,3,,,21,19.7,0
"2026-08-02 13:00:00 MDT",1785697200,88.63,101.03,W,26,23,35,20,-3.5,19.7,,,12900,,,2,,,20.1,19.2,0
"2026-08-02 12:00:00 MDT",1785693600,88.64,101.04,WNW,29,25,39,22,-2.7,19.5,,,14500,4.2,,2,,,19.5,18.3,0
"2026-08-02 11:00:00 MDT",1785690000,88.65,101.03,W,27,23,39,24,-2.2,18.9,,,14500,7,,1,,,18.7,17.5,0
"2026-08-02 10:00:00 MDT",1785686400,88.66,101.02,W,27,30,34,24,-2.7,18.1,,,14500,5,,1,,,17.6,14.7,0
"2026-08-02 09:00:00 MDT",1785682800,88.67,101.05,SSW,20,12,,62,8.1,15.2,,,19300,3.2,,1,,,14.8,12.7,0
"2026-08-02 08:00:00 MDT",1785679200,88.66,101.03,SSW,19,7,,75,8.8,13.1,,,19300,3.5,,1,,,12.8,10.1,0
"2026-08-02 07:00:00 MDT",1785675600,88.65,101.03,N,0,16,,85,7.8,10.3,,,14500,5,,1,,,11.9,9.7,0
"2026-08-02 06:00:00 MDT",1785672000,88.58,100.91,NNW,34,13,,81,7.7,10.7,,,11300,6,,1,,,11.5,10.8,0
"2026-08-02 05:00:00 MDT",1785668400,88.52,100.83,N,35,11,,82,8.3,11.3,,,12900,5,,1,,,12.3,11,0
"2026-08-02 04:00:00 MDT",1785664800,88.44,100.72,NNE,1,19,,78,8.7,12.5,,,12900,4.8,,1,,,14.9,12.3,0
"2026-08-02 03:00:00 MDT",1785661200,88.41,100.65,NNE,1,29,44,63,8.2,15.2,,,12900,8,,4,,,17.9,14.9,0
"2026-08-02 02:00:00 MDT",1785657600,88.35,100.55,N,35,18,,58,9.6,18,,,12900,7,,2,,,19.4,17.7,0
"2026-08-02 01:00:00 MDT",1785654000,88.17,100.35,NNW,33,14,,54,9.9,19.3,,,12900,7,,0,,,20.1,18.9,0
"2026-08-02 00:00:00 MDT",1785650400,88.11,100.29,NNE,1,8,,48,9.5,20.6,,,12900,8,,0,,,22.7,20.1,0
"2026-08-01 23:00:00 MDT",1785646800,88.13,100.34,NNW,34,20,31,42,8.7,22.1,,,12900,11,,0,,,25.1,21.8,0
"2026-08-01 22:00:00 MDT",1785643200,87.99,100.21,SW,23,23,33,17,-0.4,26.2,,,12900,11,,0,,,26.7,24.3,0
"2026-08-01 21:00:00 MDT",1785639600,87.89,100.13,WSW,23,20,30,18,1.8,27.8,,26,14500,8,,0,,,29,26.7,0
"2026-08-01 20:00:00 MDT",1785636000,87.86,100.12,SW,23,23,41,16,1.3,29.9,,28,14500,7,,1,,,30.8,28.8,0
"2026-08-01 19:00:00 MDT",1785632400,87.88,100.15,SW,23,28,45,14,1.5,31.5,,30,14500,5.1,,1,,,32.3,30.8,0
"2026-08-01 18:00:00 MDT",1785628800,87.91,100.16,SW,23,30,45,13,0.8,32.8,,31,14500,5.1,,1,,,33.5,32.3,0
"2026-08-01 17:00:00 MDT",1785625200,87.96,100.19,SSW,21,34,50,12,0.8,33.7,,32,8100,6,,1,,,34.6,33.4,0
"2026-08-01 16:00:00 MDT",1785621600,88.03,100.26,SW,23,20,37,14,3.4,33.9,,33,8100,5,,1,,,34.8,33.7,0
"2026-08-01 15:00:00 MDT",1785618000,88.12,100.35,SSW,21,28,43,15,3.9,34,,33,8100,6,,1,,,34.7,33.4,0
"2026-08-01 14:00:00 MDT",1785614400,88.22,100.45,SW,21,22,38,16,5.4,34.1,,34,9700,4.4,,0,,,33.8,32.5,0
"2026-08-01 13:00:00 MDT",1785610800,88.32,100.56,S,18,32,44,19,6.3,32.6,,32,9700,4.6,,0,,,32.7,30.3,0
"2026-08-01 12:00:00 MDT",1785607200,88.43,100.68,SSE,15,23,31,23,7.2,30.4,,30,9700,5,,1,,,30.9,25.9,0
"2026-08-01 11:00:00 MDT",1785603600,88.54,100.86,S,18,11,,36,9.6,25.5,,27,9700,6,,1,,,26.2,21,0
"2026-08-01 10:00:00 MDT",1785600000,88.64,101.02,SSW,19,9,,46,8.9,20.9,,,8100,7,,4,,,21.1,18.4,0
"2026-08-01 09:00:00 MDT",1785596400,88.73,101.13,SSW,20,12,,51,8.4,18.6,,,9700,7,,1,,,18.4,15,0
"2026-08-01 08:00:00 MDT",1785592800,88.78,101.19,SSW,21,10,,65,8.9,15.3,,,9700,7,,4,,,15,12.3,0
"2026-08-01 07:00:00 MDT",1785589200,88.83,101.26,SSW,20,7,,73,9.2,13.9,,,9700,7,,2,,,12.9,11.6,0
"2026-08-01 06:00:00 MDT",1785585600,88.89,101.3,SSW,19,12,,69,9.4,15.1,,,8100,6,,2,,,14.2,12.4,0
"2026-08-01 05:00:00 MDT",1785582000,88.94,101.34,SSW,20,10,,68,10,15.9,,,12900,6,,0,,,14.4,13.1,0
"2026-08-01 04:00:00 MDT",1785578400,89,101.41,SW,22,8,,75,11.2,15.5,,,11300,7,,0,,,15.4,12.9,0
"2026-08-01 03:00:00 MDT",1785574800,89.04,101.44,SSE,15,7,,66,10.5,16.9,,,16100,7,,0,,,16.3,14.9,0
"2026-08-01 02:00:00 MDT",1785571200,89.08,101.47,SSE,16,11,,66,10.4,16.8,,,16100,6,,0,,,17.5,16.2,0
"2026-08-01 01:00:00 MDT",1785567600,89.13,101.54,SSE,15,9,,60,10.4,18.3,,,16100,6,,0,,,19.2,16.8,0
"2026-08-01 00:00:00 MDT",1785564000,89.2,101.59,SSE,14,14,,49,9.9,20.8,,,16100,7,,0,,,20.1,18.9,0
"2026-07-31 23:00:00 MDT",1785560400,89.24,101.66,SE,13,15,,45,9.9,22.2,,,16100,7,,0,,,19.9,19.2,0
"2026-07-31 22:00:00 MDT",1785556800,89.25,101.72,SE,12,12,,45,10.8,23.1,,25,9700,6.2,,1,,,22.3,19.7,0
"2026-07-31 21:00:00 MDT",1785553200,89.22,101.7,ESE,11,12,,44,11.2,24.2,,26,9700,6.7,,1,,,25.5,22.1,0
"2026-07-31 20:00:00 MDT",1785549600,89.25,101.72,ESE,12,16,,34,9.5,26.4,,27,12900,7.1,,0,,,27.2,25.4,0
"2026-07-31 19:00:00 MDT",1785546000,89.25,101.73,ESE,12,22,,28,7.7,27.9,,28,8100,7.5,,5,,,28.7,27.2,0
"2026-07-31 18:00:00 MDT",1785542400,89.25,101.74,ESE,11,18,30,24,6.4,28.8,,29,8100,7.9,,5,,,29.3,28.4,0
"2026-07-31 17:00:00 MDT",1785538800,89.29,101.78,SE,12,16,27,25,6.9,28.8,,29,8100,8.2,,2,,,29.4,28.2,0
"2026-07-31 16:00:00 MDT",1785535200,89.33,101.82,SE,13,16,30,25,7.3,29.2,,29,8100,8.3,,0,,,29.3,28,0
"2026-07-31 15:00:00 MDT",1785531600,89.34,101.83,E,10,12,,24,6.5,28.5,,28,8100,8,,0,,,29.1,27.9,0
"2026-07-31 14:00:00 MDT",1785528000,89.34,101.83,SSE,14,7,,23,5.1,28.1,,27,8100,8,,0,,,28.5,27.4,0
"2026-07-31 13:00:00 MDT",1785524400,89.36,101.83,NE,4,5,,20,3.5,28.5,,27,8100,8,,0,,,28,26.7,0
"2026-07-31 12:00:00 MDT",1785520800,89.38,101.84,NE,3,3,,25,5.5,26.8,,26,8100,7,,0,,,27.6,24.4,0
"2026-07-31 11:00:00 MDT",1785517200,89.38,101.87,WNW,28,4,,39,9.7,24.3,,25,11300,6,,0,,,24.4,20.5,0
"2026-07-31 10:00:00 MDT",1785513600,89.39,101.89,WNW,29,0,,52,10.4,20.4,,,14500,5,,0,,,20.6,18,0
"2026-07-31 09:00:00 MDT",1785510000,89.39,101.9,SW,22,3,,63,10.5,17.6,,,14500,4,,0,,,18,15.6,0
"2026-07-31 08:00:00 MDT",1785506400,89.35,101.87,WSW,24,7,,67,9.9,15.8,,,14500,3,,1,,,15.6,12.9,0
"2026-07-31 07:00:00 MDT",1785502800,89.33,101.86,WSW,24,4,,78,10.2,13.9,,,14500,3,,1,,,13.1,12.2,0
"2026-07-31 06:00:00 MDT",1785499200,89.29,101.81,WNW,29,3,,82,10.6,13.7,,,14500,3,,1,,,12.9,11.9,0
"2026-07-31 05:00:00 MDT",1785495600,89.27,101.78,NNW,33,0,,81,10.7,13.7,,,16100,3,,0,,,13.4,12.5,0
"2026-07-31 04:00:00 MDT",1785492000,89.26,101.78,NW,32,4,,80,10.9,14.3,,,16100,3,,0,,,13.6,12.4,0
"2026-07-31 03:00:00 MDT",1785488400,89.25,101.76,NW,31,8,,79,11.3,14.8,,,16100,2.9,,0,,,14.8,13.6,0
"2026-07-31 02:00:00 MDT",1785484800,89.22,101.72,NW,32,4,,77,11.4,15.4,,,16100,3,,0,,,16.1,14.7,0
"2026-07-31 01:00:00 MDT",1785481200,89.22,101.73,NW,32,9,,75,11.8,16.2,,,16100,3.2,,2,,,16.9,16,0
"2026-07-31 00:00:00 MDT",1785477600,89.21,101.73,NNW,33,10,,70,12,17.4,,,16100,3.4,,0,,,17.8,16.7,0
"2026-07-30 23:00:00 MDT",1785474000,89.19,101.72,NW,32,9,,67,12.4,18.5,,,16100,3.5,,0,,,19.4,16.9,0
"2026-07-30 22:00:00 MDT",1785470400,89.16,101.68,NNW,33,10,,60,12.3,20.2,,,16100,3.8,,1,,,21.3,19.3,0
"2026-07-30 21:00:00 MDT",1785466800,89.11,101.63,NNW,34,10,,56,12.7,21.9,,25,14500,4,,0,,,23.2,21.3,0
"2026-07-30 20:00:00 MDT",1785463200,89.05,101.58,NNE,2,14,,42,10.1,23.7,,25,14500,4.1,,0,,,24.3,22.9,0
"2026-07-30 19:00:00 MDT",1785459600,89.03,101.56,N,0,14,,39,10.2,25,,26,14500,4,,6,,,25.1,24.3,0
"2026-07-30 18:00:00 MDT",1785456000,89.01,101.55,NNE,2,8,,40,10.8,25.3,,27,14500,3.9,,6,,,25.6,24.8,0
"2026-07-30 17:00:00 MDT",1785452400,89.03,101.55,NNE,3,12,,39,10.5,25.5,,27,14500,3.8,,6,,,25.5,23.7,0
"2026-07-30 16:00:00 MDT",1785448800,89.06,101.57,E,10,15,,45,11.6,24,,26,16100,3.6,,6,,,24.7,23.6,0
"2026-07-30 15:00:00 MDT",1785445200,89.07,101.59,ESE,10,9,,42,11.5,24.9,,27,14500,3.4,,6,,,24.3,22.9,0
"2026-07-30 14:00:00 MDT",1785441600,89.07,101.59,ENE,6,12,,46,11.5,23.7,,26,16100,3.2,,6,,,23.5,21.7,0
"2026-07-30 13:00:00 MDT",1785438000,89.1,101.61,NW,32,9,,45,10.4,22.9,,,16100,2.8,,6,,,22.3,20.1,0
"2026-07-30 12:00:00 MDT",1785434400,89.11,101.63,N,35,4,,54,11.1,20.5,,,16100,2.6,,6,,,20.5,18.5,0
"2026-07-30 11:00:00 MDT",1785430800,89.13,101.64,N,34,6,,58,10.6,18.9,,,16100,2.3,,6,,,19.2,16.4,0
"2026-07-30 10:00:00 MDT",1785427200,89.16,101.68,N,35,8,,65,10.3,16.8,,,16100,2.1,,6,,,16.7,14.5,0
"2026-07-30 09:00:00 MDT",1785423600,89.16,101.68,NNW,34,10,,73,10.1,14.8,,,16100,2.1,,5,,,14.8,12.8,0
"2026-07-30 08:00:00 MDT",1785420000,89.16,101.67,NNW,33,11,,80,9.6,12.9,,,16100,2,,2,,,12.8,11.4,0
"2026-07-30 07:00:00 MDT",1785416400,89.13,101.64,NNW,33,12,,86,9.2,11.5,,,16100,2,,2,,,11.4,10.6,0
"2026-07-30 06:00:00 MDT",1785412800,89.1,101.61,NNW,33,12,,88,8.8,10.7,,,16100,2.1,,3,,,11.5,10.7,0
"2026-07-30 05:00:00 MDT",1785409200,89.06,101.55,NNW,34,13,,85,9.2,11.6,,,24100,2.3,,3,,,11.8,11.5,0
"2026-07-30 04:00:00 MDT",1785405600,89.04,101.52,NNW,34,16,,84,9.4,12,,,24100,2.5,,5,,,12.7,11.6,0
"2026-07-30 03:00:00 MDT",1785402000,89.02,101.5,N,0,19,,80,9.8,13.1,,,24100,2.8,,6,,,13.6,12.7,0
"2026-07-30 02:00:00 MDT",1785398400,89.01,101.49,N,0,14,,71,8.6,13.7,,,24100,2.9,,2,,,15.5,13.3,0
"2026-07-30 01:00:00 MDT",1785394800,88.98,101.45,NNE,1,10,,64,8.2,14.9,,,24100,3,,2,,,16.6,14.9,0
"2026-07-30 00:00:00 MDT",1785391200,88.92,101.38,NNE,2,9,,52,8.1,17.8,,,24100,3.1,,3,,,18.2,15.6,0
"2026-07-29 23:00:00 MDT",1785387600,88.88,101.32,NNW,33,0,,46,7.7,19.4,,,24100,3.1,,3,,,19.6,17.4,0
"2026-07-29 22:00:00 MDT",1785384000,88.82,101.26,ESE,11,17,29,43,7.7,20.7,,,24100,3.1,,4,,,21.7,19.6,0
"2026-07-29 21:00:00 MDT",1785380400,88.76,101.18,ESE,10,18,,36,7,22.7,,,64400,3.1,,4,,,24.2,21.6,0
"2026-07-29 20:00:00 MDT",1785376800,88.71,101.13,ESE,10,22,30,30,6.4,24.9,,25,64400,3.1,,5,,,25.4,24.2,0
"2026-07-29 19:00:00 MDT",1785373200,88.71,101.14,ESE,12,22,35,26,5.2,25.9,,25,24100,3.1,,3,,,26,25,0
"2026-07-29 18:00:00 MDT",1785369600,88.7,101.14,ESE,12,22,32,24,4.8,26.6,,26,24100,3.1,,2,,,26.6,25.6,0
"2026-07-29 17:00:00 MDT",1785366000,88.71,101.14,ESE,10,15,30,25,5.1,26.4,,26,24100,3.1,,2,,,26.7,25.5,0
"2026-07-29 16:00:00 MDT",1785362400,88.73,101.17,ESE,12,15,33,26,5.5,26.1,,26,24100,3,,2,,,26.2,24.4,0
"2026-07-29 15:00:00 MDT",1785358800,88.78,101.24,ESE,12,17,27,30,6.7,25.3,,25,24100,2.9,,2,,,25.5,23.4,0
"2026-07-29 14:00:00 MDT",1785355200,88.82,101.28,ESE,10,21,,33,6.5,23.7,,,24100,2.7,,2,,,24.1,22.3,0
"2026-07-29 13:00:00 MDT",1785351600,88.87,101.32,SSE,15,19,32,34,6.5,23.2,,,24100,2.6,,2,,,23,21.6,0
"2026-07-29 12:00:00 MDT",1785348000,88.9,101.36,SSE,15,18,33,32,4.9,22.1,,,24100,2.6,,2,,,22.2,20.7,0
"2026-07-29 11:00:00 MDT",1785344400,88.94,101.39,SSE,15,18,29,30,3.2,21,,,24100,2.6,,2,,,21,18.8,0
"2026-07-29 10:00:00 MDT",1785340800,88.98,101.4,SSW,19,14,,37,4.5,19.4,,,24100,2.5,,2,,,19.3,17.4,0
"2026-07-29 09:00:00 MDT",1785337200,88.99,101.4,SW,21,7,,48,6.4,17.5,,,24100,2.4,,2,,,17.5,15.6,0
"2026-07-29 08:00:00 MDT",1785333600,88.98,101.38,SW,21,7,,54,6.5,15.8,,,24100,2.2,,2,,,15.6,12.7,0
"2026-07-29 07:00:00 MDT",1785330000,88.96,101.38,W,25,0,,67,7.3,13.3,,,24100,2.3,,1,,,13,10.1,0
"2026-07-29 06:00:00 MDT",1785326400,88.96,101.39,S,17,3,,65,6.9,13.2,,,24100,2.4,,4,,,12.6,9.7,0
"2026-07-29 05:00:00 MDT",1785322800,88.97,101.41,WSW,25,5,,61,7,14.2,,,24100,2.6,,2,,,12.4,11.9,0
"2026-07-29 04:00:00 MDT",1785319200,88.94,101.37,W,26,9,,64,7.5,14.1,,,24100,2.5,,0,,,13.2,11.7,0
"2026-07-29 03:00:00 MDT",1785315600,88.85,101.27,N,35,12,,70,8.1,13.4,,,24100,2.6,,0,,,13.7,12.8,0
"2026-07-29 02:00:00 MDT",1785312000,88.82,101.23,N,0,13,,66,7.8,13.9,,,24100,2.7,,0,,,16.1,13.6,0
"2026-07-29 01:00:00 MDT",1785308400,88.75,101.15,NNE,2,28,39,53,7.1,16.7,,,24100,3,,3,,,16.9,15.7,0
"2026-07-29 00:00:00 MDT",1785304800,88.65,101.06,N,0,17,27,50,7.1,17.7,,,24100,3.2,,1,,,18.5,15.7,0
"2026-07-28 23:00:00 MDT",1785301200,88.51,100.91,N,0,12,,44,6.8,19.1,,,24100,3.3,,0,,,22.4,18.4,0
"2026-07-28 22:00:00 MDT",1785297600,88.42,100.78,N,35,18,28,23,2.1,24.3,,,24100,3.1,,2,,,25.9,21.3,0
"2026-07-28 21:00:00 MDT",1785294000,88.32,100.64,WNW,29,16,,21,2.4,26.1,,25,24100,3,,1,,,27.8,25.7,0
"2026-07-28 20:00:00 MDT",1785290400,88.28,100.6,WSW,23,13,31,19,3.3,29,,28,24100,2.7,,2,,,28.8,27.4,0
"2026-07-28 19:00:00 MDT",1785286800,88.3,100.64,SSW,19,20,,19,4,29.4,,28,32200,2.7,,2,,,29.4,28.7,0
"2026-07-28 18:00:00 MDT",1785283200,88.34,100.71,SSW,20,25,31,17,2.9,29.9,,29,48300,2.9,,3,,,29.8,28.1,0
"2026-07-28 17:00:00 MDT",1785279600,88.37,100.77,SW,23,21,33,17,2.1,29.3,,28,64400,3.3,,4,,,30,28.1,0
"2026-07-28 16:00:00 MDT",1785276000,88.44,100.82,SE,14,18,,20,4.1,29.3,,28,48300,3.4,,3,,,29.2,27.3,0
"2026-07-28 15:00:00 MDT",1785272400,88.5,100.9,NNE,1,13,,25,6.5,28.4,,28,32200,3.5,,2,,,28.1,26.2,0
"2026-07-28 14:00:00 MDT",1785268800,88.56,100.94,SSE,16,8,28,33,9.5,27.1,,28,24100,3.5,,1,,,27.1,24.4,0
"2026-07-28 13:00:00 MDT",1785265200,88.64,101.06,SSE,14,13,,39,10.8,25.3,,27,24100,3.3,,1,,,25,22.3,0
"2026-07-28 12:00:00 MDT",1785261600,88.72,101.15,SSE,16,19,,50,12.8,23.5,,26,24100,3.2,,1,,,22.8,20.2,0
"2026-07-28 11:00:00 MDT",1785258000,88.78,101.25,SSE,16,12,,65,14,20.7,,,24100,3,,1,,,20.5,18.7,0
"2026-07-28 10:00:00 MDT",1785254400,88.85,101.32,S,18,13,,69,13.1,18.7,,,24100,2.7,,1,,,19.2,17.1,0
"2026-07-28 09:00:00 MDT",1785250800,88.93,101.41,S,19,14,,78,13.4,17.1,,,24100,3,,2,,,17.3,15.4,0
"2026-07-28 08:00:00 MDT",1785247200,88.99,101.47,SSE,16,10,,87,13.5,15.6,,,24100,2.3,,2,,,15.5,13.5,0
"2026-07-28 07:00:00 MDT",1785243600,89.03,101.47,SSE,16,5,,89,12.2,14,,,24100,2.3,,6,,,13.5,9.9,0
"2026-07-28 06:00:00 MDT",1785240000,89.05,101.53,E,10,5,,88,11.2,13.1,,,24100,2.3,,1,,,11.4,9.7,0
"2026-07-28 05:00:00 MDT",1785236400,89.06,101.54,NNW,34,0,,90,11.5,13.1,,,19300,2.6,,3,,,11.9,9.9,0
"2026-07-28 04:00:00 MDT",1785232800,89.11,101.57,ENE,6,3,,88,11,13,,,24100,2.5,,1,,,12.9,11.6,0
"2026-07-28 03:00:00 MDT",1785229200,89.11,101.57,NE,3,5,,87,11.4,13.5,,,24100,2.5,,0,,,14.5,12.3,0
"2026-07-28 02:00:00 MDT",1785225600,89.13,101.58,NNW,33,8,,87,12.6,14.8,,,24100,2.6,,0,,,14.9,14.3,0
"2026-07-28 01:00:00 MDT",1785222000,89.16,101.63,NW,32,8,,83,12.7,15.6,,,24100,2.7,,1,,,15.5,14.4,0
"2026-07-28 00:00:00 MDT",1785218400,89.12,101.58,NNW,34,8,,83,13.1,16,,,24100,2.9,,1,,,16.2,15.3,0
"2026-07-27 23:00:00 MDT",1785214800,89.09,101.55,NNE,1,17,,79,13.3,16.9,,,24100,3.2,,0,,,18,16.2,0
"2026-07-27 22:00:00 MDT",1785211200,89.05,101.49,NE,4,18,,78,14.4,18.4,,,24100,3.2,,1,,,19.7,18,0
"2026-07-27 21:00:00 MDT",1785207600,88.98,101.4,NE,3,23,,72,14.8,20,,,24100,3.2,,1,,,21.8,19.7,0
"2026-07-27 20:00:00 MDT",1785204000,88.9,101.32,NNE,3,36,46,65,15.6,22.4,,27,32200,3,,1,,,27.2,21.4,0
"2026-07-27 19:00:00 MDT",1785200400,88.78,101.13,NE,4,14,,19,2.9,28.8,,27,48300,3,,3,,,28.3,26.3,0
"2026-07-27 18:00:00 MDT",1785196800,88.77,101.22,E,8,4,,21,3.5,27.2,,26,48300,3.1,,3,,,28.3,27.3,0
"2026-07-27 17:00:00 MDT",1785193200,88.79,101.22,NW,30,12,,20,3.2,27.7,,26,48300,3.3,,3,,,28.7,26.8,0
"2026-07-27 16:00:00 MDT",1785189600,88.79,101.21,WSW,24,10,,19,1.3,26.7,,25,48300,3.3,,2,,,28.7,26.8,0
"2026-07-27 15:00:00 MDT",1785186000,88.82,101.22,NNW,33,18,,19,2.6,28,,27,32200,3.4,,1,,,28,26.8,0
"2026-07-27 14:00:00 MDT",1785182400,88.84,101.24,W,26,22,35,21,3.3,26.9,,26,32200,3.4,,1,,,27.7,25.8,0
"2026-07-27 13:00:00 MDT",1785178800,88.85,101.25,W,26,17,36,23,3.3,25.7,,,32200,3.5,,2,,,26.3,25.3,0
"2026-07-27 12:00:00 MDT",1785175200,88.84,101.22,WNW,29,25,37,23,3.5,25.9,,25,24100,3.5,,6,,,25.7,23.8,0
"2026-07-27 11:00:00 MDT",1785171600,88.85,101.24,W,28,27,36,27,3.9,24,,,24100,3.3,,7,,,24,22.1,0
"2026-07-27 10:00:00 MDT",1785168000,88.84,101.21,W,27,24,34,28,3.5,23,,,24100,3.3,,7,,,23.9,21.8,0
"2026-07-27 09:00:00 MDT",1785164400,88.83,101.19,W,27,15,28,30,3.9,22.1,,,24100,3.2,,7,,,22.1,20.2,0
"2026-07-27 08:00:00 MDT",1785160800,88.81,101.15,WSW,25,13,27,32,3.5,20.5,,,32200,3,,6,,,21.1,18.8,0
"2026-07-27 07:00:00 MDT",1785157200,88.79,101.12,WSW,24,12,,38,4.2,18.8,,,32200,3,,2,,,18.8,11.5,0
"2026-07-27 06:00:00 MDT",1785153600,88.78,101.2,SW,23,10,,55,5.7,14.6,,,24100,3,,2,,,12.6,10.5,0
"2026-07-27 05:00:00 MDT",1785150000,88.76,101.17,W,28,4,,63,7.4,14.4,,,24100,3,,5,,,15,12.1,0
"2026-07-27 04:00:00 MDT",1785146400,88.76,101.15,NW,31,8,,57,8.5,17,,,24100,3,,0,,,15.7,13.4,0
"2026-07-27 03:00:00 MDT",1785142800,88.76,101.16,WNW,29,9,,58,8.1,16.2,,,24100,3,,0,,,15.4,14.4,0
"2026-07-27 02:00:00 MDT",1785139200,88.78,101.18,NW,31,14,,58,8.3,16.4,,,24100,3,,0,,,16.6,14.9,0
"2026-07-27 01:00:00 MDT",1785135600,88.75,101.16,E,8,7,,56,9.4,18.3,,,24100,3,,2,,,18.6,14.9,0
"2026-07-27 00:00:00 MDT",1785132000,88.77,101.15,NNW,34,9,,52,9.1,19,,,24100,3,,2,,,19.4,17.3,0
"2026-07-26 23:00:00 MDT",1785128400,88.75,101.14,NW,31,3,,48,9.4,20.8,,,24100,3,,1,,,21.2,18.4,0
"2026-07-26 22:00:00 MDT",1785124800,88.7,101.09,E,10,5,,34,7.4,23.9,,,24100,3.1,,1,,,23.6,20.9,0
"2026-07-26 21:00:00 MDT",1785121200,88.66,101.06,SE,12,9,,33,8,24.9,,25,32200,3.3,,2,,,25.9,23.1,0
"2026-07-26 20:00:00 MDT",1785117600,88.64,101.04,SE,12,14,,30,7.8,26.6,,27,32200,3.4,,3,,,27.3,25.7,0
"2026-07-26 19:00:00 MDT",1785114000,88.63,101.03,SE,12,4,,22,4.6,28.3,,27,24100,3.5,,2,,,28.7,27.3,0
"2026-07-26 18:00:00 MDT",1785110400,88.62,101.03,NE,4,13,,24,6.5,29,,29,19300,3.7,,2,,,29.3,28,0
"2026-07-26 17:00:00 MDT",1785106800,88.64,101.03,SW,22,13,28,23,6,29.3,,29,19300,4,,2,,,29.1,27.9,0
"2026-07-26 16:00:00 MDT",1785103200,88.67,101.04,SSE,16,4,,27,7.7,28.2,,28,16100,5,,1,,,28.8,26.6,0
"2026-07-26 15:00:00 MDT",1785099600,88.7,101.07,WNW,28,0,,25,5.5,27,,26,16100,6,,2,,,27.9,26.5,0
"2026-07-26 14:00:00 MDT",1785096000,88.71,101.07,NW,32,13,,26,5.8,26.8,,26,16100,7,,2,,,27.2,25,0
"2026-07-26 13:00:00 MDT",1785092400,88.71,101.08,SSW,20,7,,31,7,25.4,,25,16100,5,,1,,,25.7,23.6,0
"2026-07-26 12:00:00 MDT",1785088800,88.76,101.14,S,19,16,,40,9.6,23.8,,25,19300,4,,1,,,24.2,22.3,0
"2026-07-26 11:00:00 MDT",1785085200,88.82,101.22,SSW,19,16,,46,10.8,22.8,,,24100,3.1,,1,,,22.9,20.8,0
"2026-07-26 10:00:00 MDT",1785081600,88.88,101.29,SSW,21,13,,53,11.4,21.3,,,24100,3,,1,,,20.9,18.3,0
"2026-07-26 09:00:00 MDT",1785078000,88.91,101.31,WSW,25,9,,65,11.9,18.6,,,24100,3,,1,,,18.5,16.3,0
"2026-07-26 08:00:00 MDT",1785074400,88.94,101.34,W,26,7,,75,12.1,16.6,,,24100,3,,0,,,16.3,13.9,0
"2026-07-26 07:00:00 MDT",1785070800,88.93,101.33,WSW,24,8,,82,12.3,15.3,,,16100,3,,0,,,14,13.2,0
"2026-07-26 06:00:00 MDT",1785067200,88.89,101.28,WSW,24,6,,84,12.3,15,,,16100,2.6,,0,,,13.9,12,0
"2026-07-26 05:00:00 MDT",1785063600,88.83,101.19,NNE,2,4,,84,12.2,14.8,,,16100,2.9,,0,,,15.2,13.9,0
"2026-07-26 04:00:00 MDT",1785060000,88.74,101.06,NNW,33,17,,83,12.6,15.3,,,16100,3.2,,1,,,16.4,15.2,0
"2026-07-26 03:00:00 MDT",1785056400,88.65,100.95,NNW,34,15,28,78,12.8,16.6,,,16100,3.7,,1,,,17.8,16.3,0
"2026-07-26 02:00:00 MDT",1785052800,88.6,100.88,NNW,34,21,32,75,13.6,18,,,16100,4.1,,2,,,19.8,17.8,0
"2026-07-26 01:00:00 MDT",1785049200,88.52,100.77,NNW,34,28,39,43,7.8,20.6,,,16100,4.2,,1,,,20.3,18.6,0
"2026-07-26 00:00:00 MDT",1785045600,88.44,100.71,NNW,32,11,,43,7.9,20.7,,,16100,4.2,,3,,,21.5,18.5,0
"2026-07-25 23:00:00 MDT",1785042000,88.3,100.59,SSW,19,9,,36,6.5,21.9,,,16100,4.3,,4,,,21.3,19.6,0
"2026-07-25 22:00:00 MDT",1785038400,88.23,100.55,S,18,14,,34,6,22.4,,,16100,4.5,,2,,,24.3,19.8,0
"2026-07-25 21:00:00 MDT",1785034800,88.21,100.52,WNW,28,13,,30,5.9,24.4,,,14500,4.9,,2,,,27,24,0
"2026-07-25 20:00:00 MDT",1785031200,88.2,100.5,WNW,29,20,,26,6.5,27.6,,27,14500,5.6,,5,,,29.1,27,0
"2026-07-25 19:00:00 MDT",1785027600,88.14,100.4,SSE,16,25,28,30,10.4,29.8,,31,14500,6.1,,4,,,29.8,28.5,0
"2026-07-25 18:00:00 MDT",1785024000,88.21,100.46,SSE,15,31,34,28,10.1,30.3,,32,9700,8,,4,,,31.2,29,0
"2026-07-25 17:00:00 MDT",1785020400,88.29,100.51,SSE,16,23,36,24,8.7,31.4,,32,9700,8,,3,,,31.5,30.4,0
"2026-07-25 16:00:00 MDT",1785016800,88.35,100.61,SSE,15,20,39,23,8.3,31.3,,32,12900,6,,4,,,31.6,30.2,0
"2026-07-25 15:00:00 MDT",1785013200,88.39,100.61,S,17,30,43,21,7,31.4,,31,12900,6,,4,,,31.2,30.3,0
"2026-07-25 14:00:00 MDT",1785009600,88.45,100.77,S,17,20,31,23,7.2,30.4,,30,12900,7,,4,,,30.7,29.4,0
"2026-07-25 13:00:00 MDT",1785006000,88.5,100.77,SSE,15,18,30,25,7.9,30,,30,11300,8,,3,,,29.9,27.7,0
"2026-07-25 12:00:00 MDT",1785002400,88.53,100.83,S,17,19,,32,10.4,28.4,,30,9700,6,,7,,,28,25.2,0
"2026-07-25 11:00:00 MDT",1784998800,88.57,100.9,SSW,19,14,,42,11.3,25,,27,19300,4,,7,,,25.2,22,0
"2026-07-25 10:00:00 MDT",1784995200,88.63,100.98,S,17,7,,47,10.8,22.5,,,19300,4,,7,,,22,19.5,0
"2026-07-25 09:00:00 MDT",1784991600,88.66,101.01,SW,21,8,,49,8.8,19.9,,,19300,3.8,,7,,,19.5,16.4,0
"2026-07-25 08:00:00 MDT",1784988000,88.65,100.99,S,18,16,,56,9,17.7,,,19300,4,,4,,,17.6,16.2,0
"2026-07-25 07:00:00 MDT",1784984400,88.61,100.93,NW,31,0,,46,7.2,19,,,12900,3.6,,4,,,18,17.2,0
"2026-07-25 06:00:00 MDT",1784980800,88.61,100.9,WSW,25,4,,43,7.2,20,,,14500,3.6,,4,,,19.2,17.2,0
"2026-07-25 05:00:00 MDT",1784977200,88.6,100.86,W,28,16,,39,6.8,21.3,,,16100,3.8,,5,,,20.1,18.4,0
"2026-07-25 04:00:00 MDT",1784973600,88.6,100.87,WSW,24,8,,36,6.1,21.8,,,16100,4.3,,6,,,21.8,18.8,0
"2026-07-25 03:00:00 MDT",1784970000,88.67,100.93,WSW,23,22,45,36,6.5,22.2,,,16100,5,,6,,,21.9,15,0
"2026-07-25 02:00:00 MDT",1784966400,88.58,100.92,SSW,20,4,,42,5.7,18.7,,,16100,6,,4,,,19.9,15.1,0
"2026-07-25 01:00:00 MDT",1784962800,88.52,100.79,NNW,33,13,,39,5.4,19.7,,,16100,6,,1,,,20.5,18.2,0
"2026-07-25 00:00:00 MDT",1784959200,88.48,100.78,NNW,33,14,,35,5.1,21.1,,,16100,6,,0,,,20.8,19.9,0
"2026-07-24 23:00:00 MDT",1784955600,88.47,100.78,NW,32,11,,38,6.8,21.6,,,16100,5,,0,,,21.4,20.3,0
"2026-07-24 22:00:00 MDT",1784952000,88.44,100.76,NW,31,13,,36,7.7,23.3,,,9700,5,,0,,,24.4,21.1,0
"2026-07-24 21:00:00 MDT",1784948400,88.38,100.71,NW,31,16,,27,6.3,26.8,,27,14500,5,,0,,,27.7,24.4,0
"2026-07-24 20:00:00 MDT",1784944800,88.33,100.66,NW,31,19,,22,5.4,29,,28,16100,4.8,,0,,,29.2,27.7,0
"2026-07-24 19:00:00 MDT",1784941200,88.29,100.63,WNW,29,28,35,20,5,30.2,,29,16100,5.2,,0,,,30.1,29.2,0
"2026-07-24 18:00:00 MDT",1784937600,88.29,100.58,WNW,30,28,39,18,4.3,30.9,,30,16100,6,,0,,,30.3,29.9,0
"2026-07-24 17:00:00 MDT",1784934000,88.31,100.64,WNW,29,23,39,19,5,30.6,,30,14500,7,,1,,,30.5,29.9,0
"2026-07-24 16:00:00 MDT",1784930400,88.32,100.56,WSW,25,17,29,22,6.8,30.6,,31,14500,6.8,,4,,,30.5,29.1,0
"2026-07-24 15:00:00 MDT",1784926800,88.34,100.63,W,27,17,33,27,8.6,29.4,,30,14500,8.6,,7,,,30,27.9,0
"2026-07-24 14:00:00 MDT",1784923200,88.37,100.68,NW,32,3,,28,8.9,29,,30,8100,11,,5,,,29.4,28.2,0
"2026-07-24 13:00:00 MDT",1784919600,88.4,100.71,S,18,10,,29,8.9,28.5,,29,6400,11,,,,,28.7,26.6,0
"2026-07-24 12:00:00 MDT",1784916000,88.45,100.76,W,26,5,,33,9.5,27,,28,6400,11,,,,,26.9,24.4,0
"2026-07-24 11:00:00 MDT",1784912400,88.5,100.83,SW,21,9,,39,10,24.9,,26,6400,11,,5,,,25.2,23.1,0
"2026-07-24 10:00:00 MDT",1784908800,88.53,100.84,SW,22,8,,44,9.9,22.8,,,6400,11,,0,,,23.2,19.5,0
"2026-07-24 09:00:00 MDT",1784905200,88.55,100.89,S,17,6,,45,8.6,20.9,,,6400,11,,0,,,19.5,15.8,0
"2026-07-24 08:00:00 MDT",1784901600,88.55,100.92,NNE,1,15,,44,7.9,20.5,,,6400,11,,0,,,16,13.6,0
"2026-07-24 07:00:00 MDT",1784898000,88.56,100.97,ENE,7,5,,55,7.5,16.4,,,4000,11,,3,,,16.9,14.2,0
"2026-07-24 06:00:00 MDT",1784894400,88.56,100.96,SW,22,12,,53,7.2,16.7,,,6400,11,,3,,,17.2,13.4,0
"2026-07-24 05:00:00 MDT",1784890800,88.56,101,N,0,6,,53,6.4,16,,,8100,11,,1,,,20.9,13.8,0
"2026-07-24 04:00:00 MDT",1784887200,88.57,100.91,W,26,9,,49,6.6,17.2,,,8100,11,,,,,20.1,16.9,0
"2026-07-24 03:00:00 MDT",1784883600,88.6,100.98,WSW,23,0,,42,5.7,18.9,,,8100,11,,2,,,19.3,15.4,0
"2026-07-24 02:00:00 MDT",1784880000,88.59,100.95,S,18,10,,34,4.7,21,,,8100,11,,0,,,18.6,15.6,0
"2026-07-24 01:00:00 MDT",1784876400,88.61,100.96,ESE,12,7,,50,7.7,18.1,,,8100,11,,0,,,20.4,16.9,0
"2026-07-24 00:00:00 MDT",1784872800,88.63,100.97,E,8,8,,36,6.1,21.8,,,8100,11,,1,,,20.1,16.6,0
"2026-07-23 23:00:00 MDT",1784869200,88.64,101.01,SE,12,11,,38,7.2,22.1,,,8100,11,,,,,22.3,18.2,0
"2026-07-23 22:00:00 MDT",1784865600,88.62,100.98,WSW,25,12,28,35,7.3,23.6,,,4000,11,,4,,,23.6,22,0
"2026-07-23 21:00:00 MDT",1784862000,88.6,100.99,W,27,21,34,35,8,24.3,,25,6400,11,,4,,,25.1,23.4,0
"2026-07-23 20:00:00 MDT",1784858400,88.57,100.99,WNW,29,34,39,31,7.3,25.7,,26,4000,11,,4,,,25.4,24.7,0
"2026-07-23 19:00:00 MDT",1784854800,88.62,101.06,WNW,29,30,43,32,7.9,25.4,,26,4000,11,,7,,,24.9,22.1,0
"2026-07-23 18:00:00 MDT",1784851200,88.72,101.2,NE,4,0,,37,8.6,24,,25,4000,11,,8,,,23.1,22.3,0
"2026-07-23 17:00:00 MDT",1784847600,88.75,101.22,NW,32,23,34,40,9.5,23.6,,25,4000,9,,5,,,24.5,22.9,0
"2026-07-23 16:00:00 MDT",1784844000,88.8,101.26,NNW,34,15,,46,12.3,24.6,,27,8100,7,,6,,,24.4,22.4,0
"2026-07-23 15:00:00 MDT",1784840400,88.78,101.23,ESE,10,8,,40,10.8,25.3,,27,8100,7,,6,,,26.6,24.5,0
"2026-07-23 14:00:00 MDT",1784836800,88.78,101.18,WSW,24,8,,30,8.5,27.1,,28,8100,7,,6,,,27.5,26.4,0
"2026-07-23 13:00:00 MDT",1784833200,88.79,101.14,SSW,20,7,,38,11.4,26.5,,28,8100,7,,5,,,27.8,25.7,0
"2026-07-23 12:00:00 MDT",1784829600,88.82,101.19,N,35,0,,38,10.8,25.9,,28,8100,6,,5,,,26.1,23.5,0
"2026-07-23 11:00:00 MDT",1784826000,88.86,101.25,WNW,28,3,,46,11.9,23.9,,26,9700,5,,5,,,23.5,20.7,0
"2026-07-23 10:00:00 MDT",1784822400,88.9,101.32,SW,23,9,,57,12,20.7,,,9700,5,,0,,,20.7,17.5,0
"2026-07-23 09:00:00 MDT",1784818800,88.92,101.36,WNW,29,5,,67,11.6,17.7,,,8100,6,,0,,,17.5,15.1,0
"2026-07-23 08:00:00 MDT",1784815200,88.94,101.39,SW,22,7,,70,11.1,16.5,,,8100,6,,5,,,15.1,12.7,0
"2026-07-23 07:00:00 MDT",1784811600,88.95,101.41,ESE,10,3,,78,11.3,15.1,,,8100,5,,3,,,14,12.1,0
"2026-07-23 06:00:00 MDT",1784808000,88.93,101.36,WNW,28,0,,78,11.4,15.1,,,8100,5,,2,,,14.6,13.2,0
"2026-07-23 05:00:00 MDT",1784804400,88.91,101.33,SW,22,6,,78,11.5,15.4,,,14500,5,,4,,,16.4,13.9,0
"2026-07-23 04:00:00 MDT",1784800800,88.94,101.38,SSW,19,7,,73,12.8,17.5,,,14500,5,,4,,,17,13.9,0
"2026-07-23 03:00:00 MDT",1784797200,88.97,101.38,SSW,21,6,,74,13.2,17.7,,,19300,5,,3,,,16.2,15,0
"2026-07-23 02:00:00 MDT",1784793600,89.02,101.43,SSW,19,7,,68,13.4,19.5,,,14500,5,,3,,,20.2,15.7,0
"2026-07-23 01:00:00 MDT",1784790000,89.07,101.45,SSW,19,7,,62,13.6,21,,,14500,5,,3,,,20,17.5,0
"2026-07-23 00:00:00 MDT",1784786400,89.09,101.49,SE,13,8,,60,13.6,21.7,,25,12900,5,,3,,,20.1,18.2,0
"2026-07-22 23:00:00 MDT",1784782800,89.1,101.51,SSE,15,11,,54,12.6,22.1,,25,12900,5,,4,,,21.4,19.3,0
"2026-07-22 22:00:00 MDT",1784779200,89.09,101.51,ESE,10,8,,51,12,22.5,,25,6400,5,,2,,,22.5,20.7,0
"2026-07-22 21:00:00 MDT",1784775600,89.03,101.48,ESE,11,9,,41,10.9,25,,27,14500,5,,5,,,25.1,22.5,0
"2026-07-22 20:00:00 MDT",1784772000,89.04,101.47,ESE,11,13,,38,10.9,26.2,,28,14500,5,,4,,,26.6,25,0
"2026-07-22 19:00:00 MDT",1784768400,89.03,101.49,ESE,10,14,,35,10.3,26.9,,28,16100,5,,2,,,27.4,26.4,0
"2026-07-22 18:00:00 MDT",1784764800,89.05,101.51,ESE,10,14,,34,10.7,27.7,,29,16100,5,,2,,,27.6,27,0
"2026-07-22 17:00:00 MDT",1784761200,89.07,101.54,E,10,14,,36,11.6,27.6,,30,16100,5.1,,4,,,27.8,26.8,0
"2026-07-22 16:00:00 MDT",1784757600,89.09,101.54,E,9,23,,39,12.7,27.6,,30,16100,5.2,,2,,,27.9,26.9,0
"2026-07-22 15:00:00 MDT",1784754000,89.12,101.56,NNE,3,14,,30,9.2,28.1,,29,14500,5.1,,1,,,27.7,26.9,0
"2026-07-22 14:00:00 MDT",1784750400,89.17,101.63,NNW,34,12,,31,9.5,27.8,,29,14500,6,,2,,,27.2,26.6,0
"2026-07-22 13:00:00 MDT",1784746800,89.19,101.65,N,0,14,,32,9.7,27.7,,29,16100,5,,3,,,27,26.2,0
"2026-07-22 12:00:00 MDT",1784743200,89.22,101.67,NW,31,7,,34,10.3,27.1,,29,19300,4,,1,,,26.8,24.2,0
"2026-07-22 11:00:00 MDT",1784739600,89.23,101.7,SW,22,8,,49,13.5,24.7,,28,24100,3,,1,,,24.3,22.5,0
"2026-07-22 10:00:00 MDT",1784736000,89.26,101.74,SW,22,10,,60,14.5,22.5,,26,24100,3,,0,,,22.5,19.5,0
"2026-07-22 09:00:00 MDT",1784732400,89.29,101.78,SSW,20,7,,70,14.4,19.9,,,24100,3,,1,,,19.7,17.6,0
"2026-07-22 08:00:00 MDT",1784728800,89.31,101.8,WNW,29,0,,79,14,17.6,,,24100,2.2,,1,,,17.7,15.2,0
"2026-07-22 07:00:00 MDT",1784725200,89.31,101.82,NW,30,3,,82,13.4,16.4,,,24100,2.3,,2,,,15.3,14.2,0
"2026-07-22 06:00:00 MDT",1784721600,89.3,101.81,SW,22,6,,86,13.1,15.4,,,19300,2.5,,3,,,15.2,13.5,0
"2026-07-22 05:00:00 MDT",1784718000,89.32,101.85,SE,14,0,,84,13.6,16.3,,,19300,2.7,,3,,,15.5,13.5,0
"2026-07-22 04:00:00 MDT",1784714400,89.35,101.85,SSE,15,4,,82,13.8,16.8,,,19300,2.7,,3,,,16.9,14.8,0
"2026-07-22 03:00:00 MDT",1784710800,89.38,101.88,S,19,7,,78,14.1,17.9,,,19300,3,,0,,,17.1,15.7,0
"2026-07-22 02:00:00 MDT",1784707200,89.41,101.92,S,18,8,,78,14.5,18.3,,,19300,3,,0,,,17.4,15.8,0
"2026-07-22 01:00:00 MDT",1784703600,89.45,101.98,SE,13,9,,75,14.5,19,,,19300,3.1,,1,,,18,16,0
"2026-07-22 00:00:00 MDT",1784700000,89.45,101.98,SSE,14,7,,72,14.8,20,,,19300,3.2,,1,,,18.2,17.3,0
"2026-07-21 23:00:00 MDT",1784696400,89.42,101.97,SE,13,13,,67,14.6,20.8,,25,19300,3.3,,5,,,19.5,18.1,0
"2026-07-21 22:00:00 MDT",1784692800,89.41,101.97,SE,13,10,,61,14.1,21.8,,25,19300,3.3,,7,,,21.1,18.9,0
"2026-07-21 21:00:00 MDT",1784689200,89.38,101.93,SE,14,17,,54,13.2,22.8,,26,19300,3.3,,5,,,23.1,21.2,0
"2026-07-21 20:00:00 MDT",1784685600,89.37,101.91,SE,14,20,,51,13.2,23.8,,27,19300,3.3,,5,,,24.3,23.1,0
"2026-07-21 19:00:00 MDT",1784682000,89.37,101.92,SE,14,21,,50,13.6,24.6,,28,24100,3.3,,5,,,24.9,24.1,0
"2026-07-21 18:00:00 MDT",1784678400,89.4,101.94,SE,14,17,,46,13.1,25.4,,28,24100,3.2,,6,,,25.7,24.7,0
"2026-07-21 17:00:00 MDT",1784674800,89.43,101.96,SSE,14,14,29,45,13,25.6,,28,24100,3.1,,8,,,25.3,24.5,0
"2026-07-21 16:00:00 MDT",1784671200,89.46,102,SE,12,19,29,46,13,25.3,,28,24100,3.1,,7,,,25.3,24.3,0
"2026-07-21 15:00:00 MDT",1784667600,89.49,102.03,SSE,16,16,27,49,13.2,24.3,,27,24100,3.1,,6,,,24.6,23.4,0
"2026-07-21 14:00:00 MDT",1784664000,89.52,102.08,SE,12,18,32,53,13.9,24,,27,24100,3.2,,6,,,24.1,22.2,0
"2026-07-21 13:00:00 MDT",1784660400,89.54,102.1,SE,14,17,29,55,13.8,23.2,,26,24100,3.3,,7,,,23.4,21.8,0
"2026-07-21 12:00:00 MDT",1784656800,89.59,102.15,SSE,15,22,33,58,14.1,22.6,,26,19300,3.4,,7,,,22.3,19.8,0
"2026-07-21 11:00:00 MDT",1784653200,89.62,102.21,S,17,17,,67,14.4,20.7,,,19300,4,,6,,,20.4,18.2,0
"2026-07-21 10:00:00 MDT",1784649600,89.66,102.26,SSE,15,13,,74,14.1,18.8,,,14500,4,,5,,,18.6,16.6,0
"2026-07-21 09:00:00 MDT",1784646000,89.68,102.3,S,17,17,,85,14.3,16.9,,,6400,5,,7,,,16.7,15.8,0
"2026-07-21 08:00:00 MDT",1784642400,89.7,102.32,SSE,15,10,,91,14.5,16,,,4800,4,,8,,,15.8,14.3,0
"2026-07-21 07:00:00 MDT",1784638800,89.72,102.35,SSE,16,11,,94,14,14.9,,,3200,5,,4,,,14.3,13.8,0
"2026-07-21 06:00:00 MDT",1784635200,89.73,102.35,SE,14,12,,93,14.1,15.2,,,2400,6,,3,,,15.2,14,0
"2026-07-21 05:00:00 MDT",1784631600,89.77,102.39,E,9,7,,92,14.2,15.5,,,4800,7,,7,,,15.3,15.1,0
"2026-07-21 04:00:00 MDT",1784628000,89.81,102.44,NNE,3,6,,92,14.1,15.4,,,8100,3.2,,8,,,15.2,14.7,0
"2026-07-21 03:00:00 MDT",1784624400,89.82,102.47,NE,5,7,,92,14.1,15.4,,,8100,6,,8,,,15.4,14.9,0
"2026-07-21 02:00:00 MDT",1784620800,89.87,102.52,NNE,2,8,,89,13.9,15.7,,,8100,4,,8,,,15.6,15.3,0
"2026-07-21 01:00:00 MDT",1784617200,89.89,102.55,NNE,2,10,,88,13.8,15.7,,,24100,3,,8,,,16.1,15.5,0
"2026-07-21 00:00:00 MDT",1784613600,89.88,102.55,NNE,2,13,,85,14.1,16.6,,,24100,3,,7,,,16.8,16,0
"2026-07-20 23:00:00 MDT",1784610000,89.89,102.53,NE,5,12,,79,13.8,17.4,,,24100,2.8,,8,,,17.5,16.8,0
"2026-07-20 22:00:00 MDT",1784606400,89.88,102.52,NE,5,15,,78,14,17.9,,,24100,2.9,,7,,,18.3,17.6,0
"2026-07-20 21:00:00 MDT",1784602800,89.84,102.49,NE,4,16,,70,13.2,18.8,,,19300,3,,7,,,19.4,18.3,0
"2026-07-20 20:00:00 MDT",1784599200,89.81,102.47,NNE,3,27,,68,13.7,19.6,,,24100,3.1,,7,,,20.5,19.4,0
"2026-07-20 19:00:00 MDT",1784595600,89.78,102.44,NNE,2,21,,57,12.4,21,,,24100,3.1,,7,,,21.9,20.5,0
"2026-07-20 18:00:00 MDT",1784592000,89.74,102.4,N,1,12,,50,11.5,22.2,,,24100,3,,7,,,22,20.5,0
"2026-07-20 17:00:00 MDT",1784588400,89.75,102.42,N,0,16,27,55,13,22.4,,25,24100,2.8,,7,,,21.6,20,0
"2026-07-20 16:00:00 MDT",1784584800,89.79,102.43,NNE,2,20,,58,12.4,20.8,,,32200,2.6,,6,,,21.2,19.1,0
"2026-07-20 15:00:00 MDT",1784581200,89.76,102.41,N,35,22,,61,13.3,21.1,,,64400,2.4,,8,,,21,19,0
"2026-07-20 14:00:00 MDT",1784577600,89.73,102.39,N,35,21,31,63,12.9,19.9,,,64400,2.4,,7,,,19.6,18.6,0
"2026-07-20 13:00:00 MDT",1784574000,89.73,102.37,N,35,27,33,60,12.2,20,,,64400,2.4,,8,,,20.3,17.8,0
"2026-07-20 12:00:00 MDT",1784570400,89.69,102.32,N,35,22,31,62,11.9,19.2,,,48300,2.5,,7,,,19.4,17.9,0
"2026-07-20 11:00:00 MDT",1784566800,89.68,102.3,N,35,19,29,61,11.7,19.2,,,24100,2.4,,7,,,18.8,17.8,0
"2026-07-20 10:00:00 MDT",1784563200,89.62,102.21,NNW,33,11,,62,11.1,18.5,,,24100,2.2,,8,,,18.6,16.5,0
"2026-07-20 09:00:00 MDT",1784559600,89.56,102.15,W,27,9,,74,12.1,16.7,,,24100,2.1,,3,,,16.5,15.1,0
"2026-07-20 08:00:00 MDT",1784556000,89.52,102.1,WSW,25,7,,77,11.4,15.4,,,24100,2.1,,1,,,15.1,13.3,0
"2026-07-20 07:00:00 MDT",1784552400,89.51,102.09,W,26,8,,85,11.4,14,,,19300,2,,1,,,13.2,12.4,0
"2026-07-20 06:00:00 MDT",1784548800,89.46,102.02,WSW,23,9,,90,12,13.6,,,19300,2.2,,3,,,13.4,12.2,0
"2026-07-20 05:00:00 MDT",1784545200,89.43,101.98,NW,32,5,,92,12.4,13.7,,,24100,2.4,,3,,,13.9,12.4,0
"2026-07-20 04:00:00 MDT",1784541600,89.39,101.92,NNE,2,17,,85,11.7,14.2,,,9700,2.3,,7,,,14.9,13.4,3
"2026-07-20 03:00:00 MDT",1784538000,89.4,101.92,WNW,29,10,,72,10.7,15.7,,,12900,2.3,,8,,,14.9,14.4,0
"2026-07-20 02:00:00 MDT",1784534400,89.33,101.85,NNW,34,12,,73,10.2,15,,,24100,2.4,,7,,,15.7,14.8,0
"2026-07-20 01:00:00 MDT",1784530800,89.32,101.82,NNW,34,19,,70,10.4,15.8,,,19300,2.4,,7,,,16.8,15.6,0
"2026-07-20 00:00:00 MDT",1784527200,89.3,101.79,N,0,9,,68,10.8,16.7,,,19300,2.4,,7,,,16.8,15.7,0
"2026-07-19 23:00:00 MDT",1784523600,89.25,101.76,NNE,2,12,,66,10.4,16.6,,,19300,2.7,,1,,,18.3,16.7,0
"2026-07-19 22:00:00 MDT",1784520000,89.2,101.72,N,0,17,30,59,10,18.1,,,19300,3.2,,2,,,19.6,18.3,0
"2026-07-19 21:00:00 MDT",1784516400,89.11,101.63,NNE,2,30,32,53,10.5,20.2,,,19300,3.9,,3,,,21.7,19.6,0
"2026-07-19 20:00:00 MDT",1784512800,89.08,101.59,NNE,2,31,34,48,10.9,22.3,,,19300,4.4,,5,,,23.6,21.6,0
"2026-07-19 19:00:00 MDT",1784509200,89,101.5,NE,4,17,,39,9.5,24.1,,25,24100,4.5,,7,,,24.5,22.7,0
"2026-07-19 18:00:00 MDT",1784505600,88.95,101.46,E,8,6,,37,8.9,24.5,,25,24100,4.5,,6,,,25.1,24.2,0
"2026-07-19 17:00:00 MDT",1784502000,88.95,101.45,ESE,10,4,,37,9.3,24.9,,26,24100,4.5,,6,,,24.9,23.7,0
"2026-07-19 16:00:00 MDT",1784498400,88.94,101.42,NE,4,9,,36,9.1,24.9,,26,24100,4.4,,7,,,25.2,23.8,0
"2026-07-19 15:00:00 MDT",1784494800,88.96,101.45,SSE,15,12,,36,8.6,24.3,,25,24100,4.2,,6,,,24.6,23,0
"2026-07-19 14:00:00 MDT",1784491200,88.95,101.43,ESE,10,16,,38,9,23.9,,25,24100,4,,8,,,23.9,22.5,0
"2026-07-19 13:00:00 MDT",1784487600,88.92,101.39,NNE,1,6,31,31,5.7,23.6,,,24100,3.8,,7,,,24.1,23.2,0
"2026-07-19 12:00:00 MDT",1784484000,88.91,101.37,N,36,14,,28,4.2,23.6,,,24100,3.6,,4,,,23.6,21.3,0
"2026-07-19 11:00:00 MDT",1784480400,88.91,101.34,SW,23,4,,39,7.6,21.8,,,24100,3.4,,1,,,21.7,18.5,0
"2026-07-19 10:00:00 MDT",1784476800,88.93,101.34,SSW,19,9,,51,8.8,19.1,,,24100,3.3,,1,,,19.1,17,0
"2026-07-19 09:00:00 MDT",1784473200,88.95,101.35,SSW,19,9,,59,9.3,17.2,,,24100,3.1,,2,,,17.1,15.6,0
"2026-07-19 08:00:00 MDT",1784469600,88.98,101.37,SE,13,0,,64,8.7,15.4,,,14500,3,,2,,,16,13.4,0
"2026-07-19 07:00:00 MDT",1784466000,88.97,101.37,NNW,33,5,,70,8.4,13.8,,,32200,2.9,,2,,,13.5,9.9,0
"2026-07-19 06:00:00 MDT",1784462400,88.93,101.33,WNW,28,0,,67,8.1,14.1,,,24100,3,,2,,,12.8,10.7,0
"2026-07-19 05:00:00 MDT",1784458800,88.91,101.29,WNW,29,5,,70,8.1,13.3,,,24100,3.3,,3,,,13.6,12,0
"2026-07-19 04:00:00 MDT",1784455200,88.88,101.24,WNW,29,9,,66,8.2,14.3,,,24100,3.4,,4,,,13.8,12.9,0
"2026-07-19 03:00:00 MDT",1784451600,88.83,101.2,WNW,29,8,,65,8.1,14.6,,,24100,3.6,,1,,,14.3,13.2,0
"2026-07-19 02:00:00 MDT",1784448000,88.76,101.12,NNW,34,15,,67,8.6,14.5,,,16100,3.9,,0,,,15.3,14,0
"2026-07-19 01:00:00 MDT",1784444400,88.72,101.09,N,35,19,,65,9.2,15.6,,,16100,4.6,,0,,,16.5,15.3,0
"2026-07-19 00:00:00 MDT",1784440800,88.66,101.03,NNW,34,20,31,63,9.9,16.8,,,16100,5.4,,0,,,19.9,16.4,0
"2026-07-18 23:00:00 MDT",1784437200,88.54,100.88,NNW,33,39,52,47,9,20.4,,,12900,7,,1,,,24.8,19.7,0
"2026-07-18 22:00:00 MDT",1784433600,88.31,100.53,WSW,24,22,35,18,-0.2,25.8,,,14500,8,,2,,,26.5,24.6,0
"2026-07-18 21:00:00 MDT",1784430000,88.23,100.48,WSW,23,21,31,17,0.5,27.7,,26,14500,6,,1,,,28.4,26.3,0
"2026-07-18 20:00:00 MDT",1784426400,88.21,100.45,SW,22,25,36,14,-0.5,29.6,,27,14500,4.4,,0,,,30.3,28.3,0
"2026-07-18 19:00:00 MDT",1784422800,88.2,100.41,SW,21,30,46,13,0.1,31.1,,29,24100,4.4,,2,,,31.8,30.3,0
"2026-07-18 18:00:00 MDT",1784419200,88.26,100.46,SSW,19,33,47,12,-0.2,32.2,,30,24100,4.6,,3,,,32.3,31.5,0
"2026-07-18 17:00:00 MDT",1784415600,88.36,100.59,S,17,36,50,13,0.7,32.5,,31,24100,4.9,,1,,,32.5,31.8,0
"2026-07-18 16:00:00 MDT",1784412000,88.46,100.72,S,17,23,43,18,5.7,32.7,,32,24100,5.3,,1,,,32.2,30.9,0
"2026-07-18 15:00:00 MDT",1784408400,88.57,100.87,SSE,16,32,39,29,11.6,31.3,,33,16100,5.3,,2,,,31.6,30.5,0
"2026-07-18 14:00:00 MDT",1784404800,88.62,100.93,SSE,16,23,32,25,9.6,31.4,,32,14500,5.1,,1,,,30.9,28,0
"2026-07-18 13:00:00 MDT",1784401200,88.7,101.05,E,9,16,,40,14.2,29,,32,14500,6,,0,,,28.3,25.5,0
"2026-07-18 12:00:00 MDT",1784397600,88.77,101.16,NE,5,8,,52,16,26.4,,31,14500,5,,0,,,26.1,24.1,0
"2026-07-18 11:00:00 MDT",1784394000,88.81,101.22,NNW,34,18,,54,15,24.8,,29,14500,5,,0,,,26.1,24.1,0
"2026-07-18 10:00:00 MDT",1784390400,88.81,101.17,W,26,5,,34,9.4,26.1,,27,14500,5,,0,,,25.8,22.7,0
"2026-07-18 09:00:00 MDT",1784386800,88.82,101.17,SSE,15,4,,48,11.6,23.1,,25,14500,4,,1,,,22.7,19.9,0
"2026-07-18 08:00:00 MDT",1784383200,88.8,101.16,WSW,23,8,,48,11,22.4,,,14500,3.1,,5,,,21.7,20.2,0
"2026-07-18 07:00:00 MDT",1784379600,88.75,101.09,SSW,20,15,,44,10.7,23.6,,25,14500,3,,4,,,21.5,20.5,0
"2026-07-18 06:00:00 MDT",1784376000,88.72,101.04,WSW,25,13,,44,9.9,22.5,,,14500,2.4,,7,,,21.4,19.8,0
"2026-07-18 05:00:00 MDT",1784372400,88.75,101.07,WSW,24,13,,50,11.1,21.8,,,32200,2,,3,,,20.3,19.1,0
"2026-07-18 04:00:00 MDT",1784368800,88.83,101.19,SSW,19,12,,72,14.8,19.9,,,24100,2,,6,,,19.5,16.7,0
"2026-07-18 03:00:00 MDT",1784365200,88.81,101.2,SE,14,10,,80,15,18.6,,,24100,2,,2,,,18.4,16.3,0
"2026-07-18 02:00:00 MDT",1784361600,88.82,101.2,SSE,15,7,,79,15.9,19.6,,,24100,2.2,,0,,,19.3,18,0
"2026-07-18 01:00:00 MDT",1784358000,88.83,101.21,SSE,14,16,,76,16.2,20.5,,25,24100,2.3,,0,,,19.2,18.5,0
"2026-07-18 00:00:00 MDT",1784354400,88.87,101.27,SE,14,9,,76,16.5,20.8,,26,24100,2.3,,0,,,19.3,18.7,0
"2026-07-17 23:00:00 MDT",1784350800,88.89,101.33,SE,14,13,,75,16.9,21.4,,27,24100,2.3,,1,,,21.5,19.2,0
"2026-07-17 22:00:00 MDT",1784347200,88.91,101.31,SE,13,19,,70,17.6,23.2,,29,64400,2.3,,3,,,23.2,21.3,0
"2026-07-17 21:00:00 MDT",1784343600,88.92,101.32,SSE,15,19,,66,17.8,24.3,,30,64400,2.5,,4,,,24.6,22.8,0
"2026-07-17 20:00:00 MDT",1784340000,88.9,101.31,SSE,15,17,,61,17.3,25.1,,31,64400,2.8,,7,,,25,24,0
"2026-07-17 19:00:00 MDT",1784336400,88.99,101.43,SE,14,22,,67,19.3,25.6,,33,32200,3.1,,7,,,27.4,25,0
"2026-07-17 18:00:00 MDT",1784332800,88.98,101.43,SE,13,12,,58,18.2,27,,33,24100,3.7,,8,,,27.5,26.3,0
"2026-07-17 17:00:00 MDT",1784329200,89.06,101.5,ESE,12,16,,55,17.9,27.7,,34,24100,3.8,,7,,,27.4,26.1,0
"2026-07-17 16:00:00 MDT",1784325600,89.09,101.55,ESE,11,12,,62,18.7,26.5,,33,24100,3.8,,7,,,26.8,25.8,0
"2026-07-17 15:00:00 MDT",1784322000,89.16,101.61,E,9,13,,57,17.7,26.9,,33,24100,3.6,,7,,,26.8,25.8,0
"2026-07-17 14:00:00 MDT",1784318400,89.12,101.55,NNE,3,8,,53,16.3,26.3,,31,24100,3.4,,8,,,25.9,24.9,0
"2026-07-17 13:00:00 MDT",1784314800,89.12,101.55,NNE,3,8,,57,16.6,25.4,,30,24100,3.2,,8,,,25.5,24.1,0
"2026-07-17 12:00:00 MDT",1784311200,89.16,101.61,NE,3,5,,65,17.4,24.3,,30,16100,2.9,,8,,,24.2,22.3,0
"2026-07-17 11:00:00 MDT",1784307600,89.17,101.63,ENE,6,6,,71,17.1,22.5,,28,16100,2.6,,7,,,22.3,21.6,0
"2026-07-17 10:00:00 MDT",1784304000,89.18,101.61,E,8,8,,72,17,22.3,,28,14500,2.3,,8,,,22.6,21.2,0
"2026-07-17 09:00:00 MDT",1784300400,89.16,101.59,NNE,1,9,,78,17.7,21.6,,27,14500,2.1,,7,,,21.2,19.4,0
"2026-07-17 08:00:00 MDT",1784296800,89.14,101.57,NNE,3,0,,82,16.1,19.1,,,24100,2,,6,,,19.4,16.8,0
"2026-07-17 07:00:00 MDT",1784293200,89.11,101.54,NNW,33,4,,90,14.7,16.3,,,14500,2,,3,,,16.8,15,0
"2026-07-17 06:00:00 MDT",1784289600,89.11,101.55,NW,30,8,,92,14.4,15.8,,,14500,2,,2,,,15.9,15.1,0
"2026-07-17 05:00:00 MDT",1784286000,89.09,101.53,NW,32,6,,92,14.5,15.9,,,19300,2,,2,,,16.7,15.4,0
"2026-07-17 04:00:00 MDT",1784282400,89.08,101.5,NE,4,5,,90,15.1,16.8,,,19300,2,,2,,,17.4,16,0
"2026-07-17 03:00:00 MDT",1784278800,89.06,101.47,SSE,14,4,,79,15.8,19.5,,,19300,2,,1,,,18.7,17.4,0
"2026-07-17 02:00:00 MDT",1784275200,89.07,101.49,S,17,10,,79,15.7,19.4,,,19300,2.2,,2,,,18.9,17.8,0
"2026-07-17 01:00:00 MDT",1784271600,89.09,101.52,SE,12,10,,75,16.5,21.1,,26,19300,2.3,,2,,,19.2,18.6,0
"2026-07-17 00:00:00 MDT",1784268000,89.06,101.51,ESE,12,10,,84,18.3,21.1,,27,19300,2.4,,2,,,20,19,0
"2026-07-16 23:00:00 MDT",1784264400,89.04,101.51,ESE,10,10,,80,17.8,21.4,,27,12900,2.5,,3,,,21.8,19.7,0
"2026-07-16 22:00:00 MDT",1784260800,89.03,101.49,SSE,15,18,,70,17.8,23.3,,29,14500,2.6,,4,,,23.8,21.8,0
"2026-07-16 21:00:00 MDT",1784257200,89.03,101.5,SE,14,25,,64,17.5,24.5,,30,14500,2.8,,4,,,24.7,23.5,0
"2026-07-16 20:00:00 MDT",1784253600,89.02,101.47,SE,14,23,34,62,17.7,25.4,,31,14500,2.8,,4,,,25.8,24.7,0
"2026-07-16 19:00:00 MDT",1784250000,89.01,101.48,SSE,16,20,,57,17.3,26.3,,32,24100,2.8,,5,,,26.7,25.8,0
"2026-07-16 18:00:00 MDT",1784246400,89.04,101.51,S,17,22,,47,15.4,27.4,,32,24100,2.8,,7,,,27.1,25.7,0
"2026-07-16 17:00:00 MDT",1784242800,89.07,101.53,ESE,12,21,28,52,15.9,26.2,,31,24100,3.1,,8,,,27.9,25.9,0
"2026-07-16 16:00:00 MDT",1784239200,89.1,101.55,SE,14,24,,46,15.7,28.2,,33,24100,3.4,,6,,,27.5,26.4,0
"2026-07-16 15:00:00 MDT",1784235600,89.16,101.61,SE,14,16,,56,17.6,27.1,,33,24100,3.6,,8,,,26.8,25,0
"2026-07-16 14:00:00 MDT",1784232000,89.2,101.69,SE,13,17,28,58,16.6,25.4,,30,24100,3.5,,8,,,25.2,23,0
"2026-07-16 13:00:00 MDT",1784228400,89.25,101.74,ESE,11,9,,55,14.8,24.2,,28,24100,3.3,,8,,,24.2,21.9,0
"2026-07-16 12:00:00 MDT",1784224800,89.3,101.82,ENE,6,5,,59,13.8,22.2,,25,32200,3,,8,,,22.2,19.6,0
"2026-07-16 11:00:00 MDT",1784221200,89.35,101.88,NE,3,7,,69,14.6,20.4,,,32200,2.8,,6,,,19.9,18.4,0
"2026-07-16 10:00:00 MDT",1784217600,89.38,101.92,NNW,33,8,,73,14.1,19.1,,,24100,2.5,,6,,,18.7,16.5,0
"2026-07-16 09:00:00 MDT",1784214000,89.39,101.91,NNE,2,8,,77,13.3,17.2,,,48300,2.3,,8,,,16.8,16.2,0
"2026-07-16 08:00:00 MDT",1784210400,89.33,101.83,NNW,34,13,,73,11.5,16.4,,,48300,2,,7,,,16.3,14.7,0
"2026-07-16 07:00:00 MDT",1784206800,89.29,101.79,NNW,34,15,,74,10.4,15,,,32200,2,,4,,,15,12.2,0
"2026-07-16 06:00:00 MDT",1784203200,89.24,101.74,S,18,6,,82,11.8,14.9,,,24100,2,,3,,,15.3,13.1,0
"2026-07-16 05:00:00 MDT",1784199600,89.26,101.73,S,18,7,,86,13.1,15.4,,,24100,2.1,,2,,,15.5,14.5,0
"2026-07-16 04:00:00 MDT",1784196000,89.27,101.75,SSW,20,6,,82,14,17.1,,,24100,2,,1,,,16.9,15.3,0
"2026-07-16 03:00:00 MDT",1784192400,89.26,101.74,S,17,7,,94,16.5,17.5,,,24100,2.2,,1,,,17.1,16.5,0
"2026-07-16 02:00:00 MDT",1784188800,89.27,101.76,SSE,15,9,,92,16.4,17.6,,,16100,2.3,,2,,,17.7,15.9,0
"2026-07-16 01:00:00 MDT",1784185200,89.31,101.77,SSE,15,15,,89,17.1,18.9,,,24100,2.4,,2,,,18.5,17.6,0
"2026-07-16 00:00:00 MDT",1784181600,89.32,101.8,SE,14,16,,84,17,19.6,,,24100,2.5,,1,,,19.9,18,0
"2026-07-15 23:00:00 MDT",1784178000,89.32,101.81,S,17,10,,81,16.3,19.6,,,24100,2.5,,2,,,19.7,18.9,0
"2026-07-15 22:00:00 MDT",1784174400,89.3,101.81,SE,14,19,,70,16.3,21.9,,27,16100,2.6,,3,,,22.4,19.4,0
"2026-07-15 21:00:00 MDT",1784170800,89.26,101.73,SSE,16,16,,66,16.7,23.3,,28,16100,2.8,,5,,,24,22.4,0
"2026-07-15 20:00:00 MDT",1784167200,89.28,101.76,ESE,10,17,,58,15.9,24.6,,29,16100,2.9,,6,,,24.9,23.8,0
"2026-07-15 19:00:00 MDT",1784163600,89.29,101.8,NE,5,12,,50,13.9,24.8,,28,24100,2.9,,8,,,26,24.8,0
"2026-07-15 18:00:00 MDT",1784160000,89.28,101.79,ESE,11,15,,43,13.1,26.4,,29,24100,2.8,,4,,,26.2,25.6,0
"2026-07-15 17:00:00 MDT",1784156400,89.35,101.86,E,9,7,,43,12.8,26,,29,32200,2.8,,6,,,26.1,24.7,0
"2026-07-15 16:00:00 MDT",1784152800,89.32,101.83,S,17,18,28,49,14.2,25.7,,29,32200,2.8,,8,,,25.5,23.3,0
"2026-07-15 15:00:00 MDT",1784149200,89.38,101.95,SE,13,16,,49,13.3,24.5,,27,32200,2.9,,7,,,25.2,23.3,0
"2026-07-15 14:00:00 MDT",1784145600,89.43,101.99,SE,14,12,,50,13.3,24.2,,27,32200,2.8,,7,,,24.7,22.5,0
"2026-07-15 13:00:00 MDT",1784142000,89.45,101.98,SSE,16,17,,47,12.4,24.3,,27,24100,2.7,,8,,,25.2,22.7,0
"2026-07-15 12:00:00 MDT",1784138400,89.49,102.04,SSW,19,16,,51,12.5,22.9,,25,24100,2.5,,7,,,23.2,21.4,0
"2026-07-15 11:00:00 MDT",1784134800,89.51,102.07,SSW,19,21,31,54,12.4,22,,,24100,2.4,,3,,,21.8,20,0
"2026-07-15 10:00:00 MDT",1784131200,89.57,102.12,SSW,20,21,30,57,11.7,20.5,,,24100,2.3,,2,,,20.2,19.2,0
"2026-07-15 09:00:00 MDT",1784127600,89.58,102.1,S,18,20,,53,10.2,19.9,,,24100,2.1,,4,,,19.7,17.3,0
"2026-07-15 08:00:00 MDT",1784124000,89.57,102.12,SSE,14,4,,71,11.7,17,,,32200,2,,4,,,17.6,15,0
"2026-07-15 07:00:00 MDT",1784120400,89.52,102.09,NW,32,15,,76,11.1,15.2,,,32200,2,,2,,,15.1,13.4,0
"2026-07-15 06:00:00 MDT",1784116800,89.48,102.05,SSW,19,11,,74,10,14.5,,,32200,2,,2,,,14.6,12.8,0
"2026-07-15 05:00:00 MDT",1784113200,89.48,102.05,SW,21,5,,69,10.3,16,,,24100,2,,3,,,15.3,14.3,0
"2026-07-15 04:00:00 MDT",1784109600,89.48,102.05,S,19,9,,73,10.7,15.4,,,24100,2,,2,,,14.9,13,0
"2026-07-15 03:00:00 MDT",1784106000,89.48,102.07,SSE,16,11,,73,11,15.8,,,24100,2,,0,,,14.1,13.1,0
"2026-07-15 02:00:00 MDT",1784102400,89.5,102.1,SE,14,11,,75,11.8,16.1,,,24100,2.1,,0,,,16.4,14,0
"2026-07-15 01:00:00 MDT",1784098800,89.5,102.07,S,17,8,,75,13,17.5,,,24100,2.3,,0,,,16.6,14.7,0
"2026-07-15 00:00:00 MDT",1784095200,89.48,102.05,S,17,10,,80,13.9,17.4,,,24100,2.4,,0,,,17.4,16.3,0
"2026-07-14 23:00:00 MDT",1784091600,89.47,102.06,SSE,15,11,,74,14.8,19.4,,,24100,2.5,,6,,,19.1,17.1,0
"2026-07-14 22:00:00 MDT",1784088000,89.47,102.02,SSE,16,9,,68,14.5,20.5,,,32200,2.5,,5,,,21.5,19,0
"2026-07-14 21:00:00 MDT",1784084400,89.45,102.01,S,18,12,,65,14.7,21.5,,25,32200,2.4,,7,,,22,21.5,0
"2026-07-14 20:00:00 MDT",1784080800,89.48,102.03,S,17,19,,75,17.4,22,,28,32200,2.4,,7,,,22.2,21.8,0
"2026-07-14 19:00:00 MDT",1784077200,89.54,102.13,SSE,15,23,,77,18,22.2,,28,48300,2.3,,7,,,22.2,21.6,0
"2026-07-14 18:00:00 MDT",1784073600,89.59,102.2,SE,14,22,31,73,17.6,22.7,,28,24100,2.3,,8,,,22.6,22,0
"2026-07-14 17:00:00 MDT",1784070000,89.66,102.28,SE,13,17,,74,17.6,22.5,,28,24100,2.3,,8,,,22.1,21.5,0
"2026-07-14 16:00:00 MDT",1784066400,89.67,102.28,ESE,10,10,,75,17.6,22.1,,28,24100,2.2,,8,,,22,21.4,0
"2026-07-14 15:00:00 MDT",1784062800,89.68,102.3,ESE,11,12,,75,17.2,21.8,,27,24100,2.2,,8,,,21.8,20.4,0
"2026-07-14 14:00:00 MDT",1784059200,89.74,102.36,E,9,14,,77,16.8,20.9,,26,24100,2.2,,8,,,21.4,19.9,0
"2026-07-14 13:00:00 MDT",1784055600,89.74,102.35,E,7,11,,77,17,21,,26,24100,2.3,,8,,,21,20,0
"2026-07-14 12:00:00 MDT",1784052000,89.75,102.35,ENE,7,5,,83,16.9,19.9,,,24100,2.3,,8,,,20,18.2,0
"2026-07-14 11:00:00 MDT",1784048400,89.77,102.39,N,35,8,,82,15.7,18.7,,,19300,2.4,,8,,,18.5,18,0
"2026-07-14 10:00:00 MDT",1784044800,89.76,102.35,NNW,34,14,,75,14.2,18.7,,,24100,2.3,,8,,,18.3,16.1,0
"2026-07-14 09:00:00 MDT",1784041200,89.76,102.36,N,0,18,,78,12.9,16.8,,,48300,2.2,,7,,,16.4,16,0
"2026-07-14 08:00:00 MDT",1784037600,89.74,102.31,N,35,9,,71,11.5,16.6,,,48300,2.1,,4,,,16.4,14.4,0
"2026-07-14 07:00:00 MDT",1784034000,89.71,102.27,NW,32,11,,76,10.4,14.5,,,32200,2,,5,,,14.5,12.7,0
"2026-07-14 06:00:00 MDT",1784030400,89.66,102.25,NW,30,9,,82,10.1,13.2,,,32200,2.1,,3,,,13.2,12.7,0
"2026-07-14 05:00:00 MDT",1784026800,89.63,102.21,NNW,34,8,,83,10.3,13.1,,,24100,2.3,,4,,,14,13.1,0
"2026-07-14 04:00:00 MDT",1784023200,89.58,102.16,NNW,34,16,,79,10.7,14.2,,,24100,2.5,,0,,,14.3,13.9,0
"2026-07-14 03:00:00 MDT",1784019600,89.56,102.15,NNW,33,16,,77,10.7,14.7,,,24100,2.6,,0,,,15.3,14,0
"2026-07-14 02:00:00 MDT",1784016000,89.53,102.1,N,35,15,,74,10.6,15.2,,,24100,2.7,,0,,,15.8,15.1,0
"2026-07-14 01:00:00 MDT",1784012400,89.48,102.06,NNW,33,16,,72,11.2,16.2,,,24100,2.7,,0,,,17.1,15.7,0
"2026-07-14 00:00:00 MDT",1784008800,89.45,102.02,N,35,12,,70,11.9,17.4,,,24100,2.7,,0,,,17.8,17,0
"2026-07-13 23:00:00 MDT",1784005200,89.4,101.97,N,36,5,,62,11,18.4,,,24100,2.7,,1,,,19.6,17.3,0
"2026-07-13 22:00:00 MDT",1784001600,89.33,101.87,ENE,7,13,,60,11.9,19.9,,,24100,2.8,,1,,,21.5,19.6,0
"2026-07-13 21:00:00 MDT",1783998000,89.27,101.81,E,8,18,28,60,13.6,21.6,,25,32200,2.8,,2,,,22.8,21.3,0
"2026-07-13 20:00:00 MDT",1783994400,89.23,101.75,E,9,18,35,56,14,23.2,,27,32200,2.9,,2,,,24.4,22.6,0
"2026-07-13 19:00:00 MDT",1783990800,89.19,101.7,ESE,12,19,,46,12.5,24.9,,27,64400,2.9,,2,,,24.9,24.3,0
"2026-07-13 18:00:00 MDT",1783987200,89.21,101.73,SE,13,21,,43,11.8,25.2,,27,64400,2.9,,2,,,24.9,23.7,0
"2026-07-13 17:00:00 MDT",1783983600,89.22,101.74,SE,13,9,28,44,11.4,24.1,,26,64400,2.8,,2,,,24.1,23.2,0
"2026-07-13 16:00:00 MDT",1783980000,89.24,101.76,ESE,10,19,36,45,11.7,24.2,,26,64400,2.8,,2,,,23.7,21.8,0
"2026-07-13 15:00:00 MDT",1783976400,89.25,101.79,ENE,7,22,35,44,10.4,23.1,,25,64400,2.8,,2,,,22.4,21.1,0
"2026-07-13 14:00:00 MDT",1783972800,89.27,101.82,SSE,15,21,,49,10.7,21.6,,,48300,2.7,,2,,,21.8,19.9,0
"2026-07-13 13:00:00 MDT",1783969200,89.32,101.88,SE,12,22,,51,10.1,20.3,,,64400,2.6,,2,,,20.3,19,0
"2026-07-13 12:00:00 MDT",1783965600,89.37,101.94,SSE,16,27,,51,9.2,19.7,,,64400,2.5,,2,,,19.8,18.3,0
"2026-07-13 11:00:00 MDT",1783962000,89.39,101.95,SE,13,24,29,48,8.2,19.2,,,64400,2.4,,3,,,18.8,17.3,0
"2026-07-13 10:00:00 MDT",1783958400,89.43,101.99,SE,14,14,,51,7.6,17.7,,,48300,2.4,,4,,,17.8,15.6,0
"2026-07-13 09:00:00 MDT",1783954800,89.45,101.97,ESE,11,8,,54,7.3,16.5,,,48300,2.3,,7,,,15.7,15.2,0
"2026-07-13 08:00:00 MDT",1783951200,89.42,101.91,ESE,11,10,,55,6.6,15.5,,,32200,2.3,,4,,,15.4,14.4,0
"2026-07-13 07:00:00 MDT",1783947600,89.4,101.9,E,9,16,,65,8.3,14.7,,,24100,2.2,,4,,,14.4,13.1,0
"2026-07-13 06:00:00 MDT",1783944000,89.35,101.85,E,8,11,,72,8.7,13.6,,,32200,2.1,,5,,,14,13.1,0
"2026-07-13 05:00:00 MDT",1783940400,89.3,101.77,E,8,13,,70,8.5,13.8,,,24100,2,,3,,,14.8,14,0
"2026-07-13 04:00:00 MDT",1783936800,89.29,101.75,NE,3,16,,65,8.5,15.1,,,24100,2,,7,,,15.2,14.2,0
"2026-07-13 03:00:00 MDT",1783933200,89.26,101.7,NNE,3,21,29,71,10.2,15.4,,,24100,2,,6,,,15.2,14.7,0
"2026-07-13 02:00:00 MDT",1783929600,89.18,101.62,N,0,12,,91,13.6,15,,,24100,2,,1,,,16.1,15.2,0
"2026-07-13 01:00:00 MDT",1783926000,89.11,101.53,NNE,2,12,,86,14.2,16.4,,,24100,2.3,,1,,,16.9,15.8,0
"2026-07-13 00:00:00 MDT",1783922400,89.04,101.46,NNE,2,14,,84,14.6,17.4,,,24100,2.7,,1,,,17.8,16.6,0
"2026-07-12 23:00:00 MDT",1783918800,88.97,101.39,NE,4,13,,86,15.9,18.3,,,24100,3.1,,3,,,19.4,17.8,0
"2026-07-12 22:00:00 MDT",1783915200,88.88,101.31,NE,5,13,,79,16.6,20.3,,25,32200,3.3,,4,,,24.1,19.3,0
"2026-07-12 21:00:00 MDT",1783911600,88.79,101.21,W,27,11,,16,-1.4,26,,,32200,3.3,,5,,,26.1,24,0
"2026-07-12 20:00:00 MDT",1783908000,88.75,101.16,W,26,18,,12,-4.1,27.2,,,32200,3.3,,3,,,27,26.1,0
"2026-07-12 19:00:00 MDT",1783904400,88.7,101.12,SW,21,23,,14,-2.5,27.5,,25,64400,3.3,,6,,,27.1,25.7,0
"2026-07-12 18:00:00 MDT",1783900800,88.69,101.14,WSW,25,17,34,13,-3.4,27.5,,25,64400,3.4,,6,,,28.2,26.4,0
"2026-07-12 17:00:00 MDT",1783897200,88.64,101.08,SW,23,20,34,12,-3.5,28.1,,25,64400,3.5,,6,,,28.6,26.8,0
"2026-07-12 16:00:00 MDT",1783893600,88.63,101.07,W,26,23,39,10,-5.6,28.6,,25,64400,3.5,,4,,,28.5,27.7,0
"2026-07-12 15:00:00 MDT",1783890000,88.58,100.99,W,26,21,42,10,-6.1,28.1,,25,64400,3.3,,5,,,28.8,27.1,0
"2026-07-12 14:00:00 MDT",1783886400,88.53,100.93,WSW,24,27,45,10,-5.8,27.9,,25,64400,3,,4,,,28.6,27.4,0
"2026-07-12 13:00:00 MDT",1783882800,88.5,100.88,W,27,22,35,13,-2.5,28.6,,26,64400,2.7,,5,,,28.5,26.6,0
"2026-07-12 12:00:00 MDT",1783879200,88.55,100.93,WNW,29,16,,21,3.6,27.4,,26,64400,2.4,,4,,,27.1,24.4,0
"2026-07-12 11:00:00 MDT",1783875600,88.57,100.97,S,17,20,,36,9.6,25.4,,26,64400,2.2,,3,,,24.6,22.1,0
"2026-07-12 10:00:00 MDT",1783872000,88.63,101.04,S,19,19,29,49,11.1,22.2,,,64400,2,,4,,,22.1,17.8,0
"2026-07-12 09:00:00 MDT",1783868400,88.64,101.08,SSW,19,14,,71,12.3,17.6,,,64400,1.9,,4,,,18,15.2,0
"2026-07-12 08:00:00 MDT",1783864800,88.66,101.12,S,18,18,,85,12.5,14.9,,,64400,1.8,,6,,,15.2,14,0
"2026-07-12 07:00:00 MDT",1783861200,88.72,101.21,SSE,16,15,,87,12.3,14.4,,,48300,1.8,,5,,,14,10.9,0
"2026-07-12 06:00:00 MDT",1783857600,88.7,101.23,SE,13,10,,86,11.3,13.5,,,64400,1.8,,3,,,12,10.6,0
"2026-07-12 05:00:00 MDT",1783854000,88.76,101.29,SE,13,10,,87,11.5,13.7,,,24100,1.9,,3,,,12.2,10.8,0
"2026-07-12 04:00:00 MDT",1783850400,88.78,101.21,SE,14,4,,84,11.1,13.8,,,24100,2,,2,,,12.9,10.5,0
"2026-07-12 03:00:00 MDT",1783846800,88.82,101.25,ENE,6,6,,80,10.4,13.8,,,24100,2.1,,0,,,13.5,12,0
"2026-07-12 02:00:00 MDT",1783843200,88.89,101.29,E,9,0,,81,10.4,13.7,,,24100,2.1,,0,,,15.3,13,0
"2026-07-12 01:00:00 MDT",1783839600,88.89,101.31,ENE,5,5,,71,10.4,15.6,,,24100,2.1,,0,,,16.1,13.7,0
"2026-07-12 00:00:00 MDT",1783836000,88.89,101.35,ENE,6,0,,65,10.7,17.3,,,24100,2.2,,0,,,15.8,14.1,0
"2026-07-11 23:00:00 MDT",1783832400,88.88,101.35,NE,4,5,,64,11.3,18.1,,,24100,2.3,,1,,,17.7,15.7,0
"2026-07-11 22:00:00 MDT",1783828800,88.84,101.34,NNE,2,10,,63,11.1,18.2,,,64400,2.3,,3,,,19.4,17.2,0
"2026-07-11 21:00:00 MDT",1783825200,88.77,101.28,NNE,2,16,,58,11.4,19.8,,,48300,2.4,,2,,,20.4,19.3,0
"2026-07-11 20:00:00 MDT",1783821600,88.71,101.22,NNE,2,26,,55,11.6,20.8,,,64400,2.4,,2,,,20.9,20.3,0
"2026-07-11 19:00:00 MDT",1783818000,88.64,101.16,NNE,2,24,31,58,12.9,21.3,,,64400,2.6,,2,,,21.1,20.5,0
"2026-07-11 18:00:00 MDT",1783814400,88.58,101.12,N,1,30,36,58,12.9,21.4,,,64400,2.8,,2,,,21.4,20.6,0
"2026-07-11 17:00:00 MDT",1783810800,88.53,101.05,NNW,34,38,48,58,13,21.5,,,64400,3,,2,,,28.7,20.6,0
"2026-07-11 16:00:00 MDT",1783807200,88.42,100.8,N,0,19,30,29,10,29.4,,31,64400,3.2,,3,,,28.7,27.6,0
"2026-07-11 15:00:00 MDT",1783803600,88.35,100.72,N,1,20,31,41,14.1,28.3,,32,64400,3.2,,3,,,30.3,27.5,0
"2026-07-11 14:00:00 MDT",1783800000,88.27,100.62,SSW,20,23,38,17,2.8,29.8,,28,64400,3.1,,3,,,30,26.4,0
"2026-07-11 13:00:00 MDT",1783796400,88.26,100.61,ESE,10,22,,40,12.7,27.1,,30,64400,2.9,,2,,,26.6,23.6,0
"2026-07-11 12:00:00 MDT",1783792800,88.37,100.75,E,10,12,,50,13.1,23.9,,27,64400,2.7,,2,,,23.9,21.9,0
"2026-07-11 11:00:00 MDT",1783789200,88.44,100.84,ESE,11,10,,46,10.5,22.6,,,64400,2.4,,2,,,22.1,18.3,0
"2026-07-11 10:00:00 MDT",1783785600,88.48,100.9,NNE,2,9,,74,14.4,19.1,,,64400,2.2,,3,,,18.7,15.4,0
"2026-07-11 09:00:00 MDT",1783782000,88.46,100.86,N,36,9,,86,13.8,16.2,,,64400,2,,3,,,15.5,13.4,0
"2026-07-11 08:00:00 MDT",1783778400,88.5,100.9,NE,3,9,,84,12.2,14.8,,,64400,2,,3,,,14.4,13.1,0
"2026-07-11 07:00:00 MDT",1783774800,88.52,100.93,NNE,1,11,,72,7.9,12.9,,,64400,1.5,,4,,,13.1,10.8,0
"2026-07-11 06:00:00 MDT",1783771200,88.49,100.93,N,35,5,,67,7.6,13.6,,,64400,2,,4,,,11.8,10.1,0
"2026-07-11 05:00:00 MDT",1783767600,88.44,100.85,W,26,0,,65,7.3,13.8,,,32200,2,,2,,,12.6,11,0
"2026-07-11 04:00:00 MDT",1783764000,88.45,100.84,WNW,30,3,,66,8.5,14.7,,,24100,2,,0,,,13.5,12,0
"2026-07-11 03:00:00 MDT",1783760400,88.43,100.83,WSW,25,5,,59,8.7,16.5,,,16100,2.3,,0,,,13.8,12.4,0
"2026-07-11 02:00:00 MDT",1783756800,88.44,100.85,NE,5,3,,65,9,15.5,,,24100,2.3,,0,,,15.8,13.1,0
"2026-07-11 01:00:00 MDT",1783753200,88.44,100.8,NW,31,0,,65,10,16.5,,,24100,2.3,,0,,,16.9,15.5,0
"2026-07-11 00:00:00 MDT",1783749600,88.46,100.82,NW,32,5,,59,11.2,19.5,,,24100,2.2,,2,,,20.5,16,0
"2026-07-10 23:00:00 MDT",1783746000,88.48,100.85,SE,12,3,,47,9.8,21.3,,,24100,2.2,,3,,,20.6,17.1,0
"2026-07-10 22:00:00 MDT",1783742400,88.45,100.82,W,26,0,,35,6.5,22.7,,,64400,2.2,,3,,,23.5,19.7,0
"2026-07-10 21:00:00 MDT",1783738800,88.42,100.77,W,27,9,,27,5.8,25.8,,25,64400,2.3,,6,,,25.3,23.5,0
"2026-07-10 20:00:00 MDT",1783735200,88.36,100.74,ESE,10,17,,26,5.1,26,,25,64400,2.3,,5,,,26.1,23.9,0
"2026-07-10 19:00:00 MDT",1783731600,88.35,100.74,ESE,10,28,,37,10.2,25.9,,27,48300,2.4,,8,,,26.6,25,0
"2026-07-10 18:00:00 MDT",1783728000,88.36,100.8,ENE,6,19,29,38,11.2,26.3,,28,48300,2.5,,8,,,27.5,24.9,0
"2026-07-10 17:00:00 MDT",1783724400,88.35,100.76,SE,12,19,,22,4,27.3,,26,64400,2.5,,8,,,28.4,26.4,0
"2026-07-10 16:00:00 MDT",1783720800,88.38,100.77,WNW,29,5,,20,2.1,26.6,,25,64400,2.5,,8,,,27.8,24.9,0
"2026-07-10 15:00:00 MDT",1783717200,88.39,100.79,WSW,24,8,,31,7.2,25.1,,25,64400,2.4,,8,,,26.7,24.8,0
"2026-07-10 14:00:00 MDT",1783713600,88.41,100.81,SSE,15,14,,30,6.3,24.9,,25,64400,2.4,,8,,,26.4,24.7,0
"2026-07-10 13:00:00 MDT",1783710000,88.41,100.81,W,27,3,,30,6.5,25.3,,25,64400,2.4,,8,,,25.6,24.4,0
"2026-07-10 12:00:00 MDT",1783706400,88.4,100.77,S,18,6,,27,5.2,25.3,,25,64400,2.5,,8,,,25.1,23.8,0
"2026-07-10 11:00:00 MDT",1783702800,88.41,100.81,W,27,14,,31,6.2,23.9,,,64400,2.7,,2,,,24,21.9,0
"2026-07-10 10:00:00 MDT",1783699200,88.44,100.83,SSW,20,10,,56,13.1,22.2,,25,48300,2.6,,2,,,22,19,0
"2026-07-10 09:00:00 MDT",1783695600,88.45,100.85,SW,22,10,,71,13.9,19.2,,,48300,2.4,,3,,,19.2,16.7,0
"2026-07-10 08:00:00 MDT",1783692000,88.46,100.87,S,18,11,,81,13.8,17,,,32200,2.2,,3,,,16.7,14.4,0
"2026-07-10 07:00:00 MDT",1783688400,88.48,100.9,NE,5,4,,86,12,14.3,,,32200,2.1,,2,,,14.7,10.9,0
"2026-07-10 06:00:00 MDT",1783684800,88.48,100.94,NNW,34,4,,88,12,14,,,16100,2.2,,3,,,12.1,10,0
"2026-07-10 05:00:00 MDT",1783681200,88.46,100.89,SSW,20,0,,93,11.9,13,,,16100,2.3,,3,,,12.6,10.7,0
"2026-07-10 04:00:00 MDT",1783677600,88.47,100.9,NNW,34,4,,89,11.7,13.5,,,19300,2.4,,3,,,13,10.1,0
"2026-07-10 03:00:00 MDT",1783674000,88.48,100.9,NW,31,4,,86,11.8,14.1,,,19300,2.6,,2,,,14.7,12.7,0
"2026-07-10 02:00:00 MDT",1783670400,88.51,100.91,NW,31,7,,87,13.5,15.8,,,19300,2.6,,3,,,15.6,14,0
"2026-07-10 01:00:00 MDT",1783666800,88.54,100.95,NE,4,8,,83,13.6,16.4,,,19300,2.7,,4,,,17.6,15.6,0
"2026-07-10 00:00:00 MDT",1783663200,88.59,101.03,ESE,11,8,,82,14.5,17.5,,,19300,2.7,,4,,,17.2,16,0
"2026-07-09 23:00:00 MDT",1783659600,88.62,101.1,ESE,11,4,,76,14.8,19.1,,,19300,2.7,,5,,,18.6,16.1,0
"2026-07-09 22:00:00 MDT",1783656000,88.6,101.07,E,9,9,,75,14.9,19.4,,,32200,2.7,,5,,,20,18.3,0
"2026-07-09 21:00:00 MDT",1783652400,88.57,101.03,ESE,11,15,,64,14.1,21.1,,25,32200,2.8,,5,,,22.2,20.1,0
"2026-07-09 20:00:00 MDT",1783648800,88.55,100.99,ESE,11,19,31,58,13.9,22.5,,26,32200,2.8,,8,,,23.9,22.2,0
"2026-07-09 19:00:00 MDT",1783645200,88.55,100.99,ESE,10,27,,42,10.7,24.2,,26,32200,2.9,,7,,,24.2,22.9,0
"2026-07-09 18:00:00 MDT",1783641600,88.55,101.01,ESE,10,12,,46,12.1,24.3,,27,32200,3,,7,,,25.2,23.6,0
"2026-07-09 17:00:00 MDT",1783638000,88.54,100.99,SSE,15,23,,41,11.5,25.3,,27,32200,3.2,,7,,,25.2,24.1,0
"2026-07-09 16:00:00 MDT",1783634400,88.56,101.03,SSE,15,10,30,40,10.1,24.3,,26,32200,3.4,,7,,,25.2,23.1,0
"2026-07-09 15:00:00 MDT",1783630800,88.59,101.05,SSE,16,18,,29,6.3,25.4,,25,32200,3.5,,8,,,25.2,24.3,0
"2026-07-09 14:00:00 MDT",1783627200,88.64,101.09,S,18,13,,35,8,24.4,,25,32200,3.4,,7,,,24.6,22.5,0
"2026-07-09 13:00:00 MDT",1783623600,88.68,101.15,SSE,15,7,,47,10.9,22.5,,,24100,3.1,,7,,,23,20.2,0
"2026-07-09 12:00:00 MDT",1783620000,88.71,101.19,S,17,9,,64,13.5,20.3,,,24100,3,,8,,,20.6,18.7,0
"2026-07-09 11:00:00 MDT",1783616400,88.73,101.24,SSW,19,10,,72,13.7,18.8,,,14500,3,,8,,,18.9,17.2,0
"2026-07-09 10:00:00 MDT",1783612800,88.79,101.3,SE,14,10,,74,13.5,18,,,14500,3,,7,,,17.6,16.1,0
"2026-07-09 09:00:00 MDT",1783609200,88.83,101.35,SSE,15,10,,74,11.7,16.3,,,14500,3,,8,,,16.1,15.2,0
"2026-07-09 08:00:00 MDT",1783605600,88.88,101.35,SE,13,5,,81,12.1,15.2,,,14500,2.5,,7,,,15.2,14.3,0
"2026-07-09 07:00:00 MDT",1783602000,88.88,101.34,S,18,12,,87,12.3,14.5,,,14500,2.6,,8,,,14.3,13.3,0
"2026-07-09 06:00:00 MDT",1783598400,88.87,101.33,SW,21,9,,91,12.4,13.8,,,14500,2.6,,8,,,13.7,13,0
"2026-07-09 05:00:00 MDT",1783594800,88.9,101.35,SE,13,5,,86,12.1,14.4,,,19300,2.7,,7,,,13.9,12.9,0
"2026-07-09 04:00:00 MDT",1783591200,88.94,101.42,ESE,10,4,,84,11.7,14.4,,,19300,2.7,,7,,,13.1,12.1,0
"2026-07-09 03:00:00 MDT",1783587600,88.93,101.38,NE,4,8,,89,11.7,13.4,,,19300,2.7,,6,,,13.9,12.8,0
"2026-07-09 02:00:00 MDT",1783584000,88.97,101.43,NNE,1,11,,86,12,14.3,,,19300,2.7,,7,,,14.8,13.4,0
"2026-07-09 01:00:00 MDT",1783580400,88.97,101.43,SE,13,3,,88,13.4,15.3,,,16100,2.6,,6,,,16.2,14.1,0
"2026-07-09 00:00:00 MDT",1783576800,88.92,101.36,NNE,2,19,30,89,14.6,16.4,,,16100,2.7,,7,,,16.7,16.2,0
"2026-07-08 23:00:00 MDT",1783573200,88.9,101.33,NNE,1,18,,89,15.1,16.9,,,19300,2.9,,4,,,16.9,16.3,0
"2026-07-08 22:00:00 MDT",1783569600,88.85,101.3,NNE,3,17,27,86,15.2,17.5,,,14500,3.1,,4,,,18.1,16.9,0.4
"2026-07-08 21:00:00 MDT",1783566000,88.74,101.21,NNE,3,45,46,80,15.1,18.6,,,14500,3.3,,7,,,22.9,18.1,0
"2026-07-08 20:00:00 MDT",1783562400,88.62,101.02,NNE,2,23,,54,13.9,23.5,,27,14500,3.2,,5,,,24.3,22.9,0
"2026-07-08 19:00:00 MDT",1783558800,88.6,101.03,NE,3,25,,49,13.1,24.5,,27,48300,3.3,,3,,,26.2,24.2,0
"2026-07-08 18:00:00 MDT",1783555200,88.57,101,NE,5,12,,35,9.4,25.8,,27,64400,3.3,,4,,,26.3,25.2,0
"2026-07-08 17:00:00 MDT",1783551600,88.52,100.95,SE,12,5,,29,7.3,26.5,,27,64400,3.2,,6,,,26.2,23.9,0
"2026-07-08 16:00:00 MDT",1783548000,88.56,101,N,0,9,,32,7.7,25.4,,26,48300,3.2,,6,,,27.1,22.9,0
"2026-07-08 15:00:00 MDT",1783544400,88.56,100.97,WSW,24,5,,25,5.5,27.1,,27,64400,3.2,,6,,,28,26.7,0
"2026-07-08 14:00:00 MDT",1783540800,88.6,101.01,SW,22,10,,33,9.7,27.1,,28,64400,3.2,,6,,,26.6,24.9,0
"2026-07-08 13:00:00 MDT",1783537200,88.62,101.02,SW,22,5,,27,5.7,25.9,,25,64400,3.1,,7,,,25.7,25,0
"2026-07-08 12:00:00 MDT",1783533600,88.64,101.04,S,18,10,,47,12.9,24.9,,28,64400,2.9,,7,,,26.2,24.9,0
"2026-07-08 11:00:00 MDT",1783530000,88.68,101.08,WSW,23,10,,38,9.6,24.9,,26,64400,2.6,,7,,,25.2,22.7,0
"2026-07-08 10:00:00 MDT",1783526400,88.73,101.14,SSW,20,10,,44,10.4,23.1,,25,64400,2.2,,6,,,22.8,19.3,0
"2026-07-08 09:00:00 MDT",1783522800,88.77,101.2,SW,23,16,,53,9.8,19.4,,,64400,,,6,,,19.4,17.8,0
"2026-07-08 08:00:00 MDT",1783519200,88.75,101.18,SW,22,12,,62,11,18.4,,,64400,,,8,,,18.4,14.5,0
"2026-07-08 07:00:00 MDT",1783515600,88.77,101.23,WSW,25,5,,83,13,15.9,,,24100,,,6,,,14.5,13,0
"2026-07-08 06:00:00 MDT",1783512000,88.78,101.26,WSW,24,14,,97,13.4,13.9,,,14500,,,2,,,14.2,12.4,0
"2026-07-08 05:00:00 MDT",1783508400,88.8,101.28,SW,23,8,,97,13.8,14.3,,,3200,,,1,,,13.5,11.4,0
"2026-07-08 04:00:00 MDT",1783504800,88.84,101.33,SW,22,4,,94,13.4,14.4,,,24100,,,2,,,13.9,12.5,0
"2026-07-08 03:00:00 MDT",1783501200,88.87,101.34,SSE,16,9,,94,13.5,14.5,,,24100,,,0,,,14.9,13.8,0
"2026-07-08 02:00:00 MDT",1783497600,88.91,101.39,S,17,8,,91,13.7,15.2,,,24100,,,0,,,16,14.7,0
"2026-07-08 01:00:00 MDT",1783494000,88.96,101.44,SSE,15,13,,85,13.9,16.4,,,24100,,,0,,,16.9,16,0
"2026-07-08 00:00:00 MDT",1783490400,88.99,101.47,SSE,15,18,29,79,13.9,17.6,,,24100,,,1,,,18,16.9,0
"2026-07-07 23:00:00 MDT",1783486800,89.01,101.51,SSE,16,17,28,79,14.6,18.2,,,24100,,,2,,,19,17.4,0
"2026-07-07 22:00:00 MDT",1783483200,89,101.51,SSE,15,23,28,75,15.1,19.6,,,24100,2.6,,2,,,20.6,18.9,0
"2026-07-07 21:00:00 MDT",1783479600,89,101.51,SSE,15,21,32,67,15,21.2,,25,32200,2.6,,3,,,22,20.6,0
"2026-07-07 20:00:00 MDT",1783476000,88.98,101.51,SSE,16,26,33,62,15.1,22.5,,27,32200,2.7,,6,,,22.8,21.9,0
"2026-07-07 19:00:00 MDT",1783472400,89,101.54,SE,14,30,,55,14.1,23.4,,27,64400,2.8,,4,,,23.5,22.7,0
"2026-07-07 18:00:00 MDT",1783468800,89.02,101.6,SSE,15,25,32,56,14,23,,26,64400,2.7,,4,,,23.8,22.8,0
"2026-07-07 17:00:00 MDT",1783465200,89.06,101.62,SSE,15,22,31,53,14.1,24,,27,64400,2.7,,3,,,23.9,23.2,0
"2026-07-07 16:00:00 MDT",1783461600,89.1,101.65,SE,13,22,31,53,13.9,23.9,,27,64400,2.7,,3,,,23.9,23.2,0
"2026-07-07 15:00:00 MDT",1783458000,89.11,101.67,SSE,14,26,30,48,12.4,23.8,,26,64400,2.7,,2,,,23.7,22.8,0
"2026-07-07 14:00:00 MDT",1783454400,89.13,101.69,SE,13,25,36,50,12.3,23.1,,26,64400,2.7,,2,,,23.4,22,0
"2026-07-07 13:00:00 MDT",1783450800,89.18,101.73,SSE,16,26,38,54,12.9,22.5,,25,64400,2.6,,2,,,22.5,21,0
"2026-07-07 12:00:00 MDT",1783447200,89.21,101.76,SSE,16,21,32,58,13.2,21.7,,25,64400,2.5,,2,,,21.5,20.4,0
"2026-07-07 11:00:00 MDT",1783443600,89.22,101.77,SSE,16,18,28,57,11.9,20.6,,,64400,2.3,,2,,,20.7,18.3,0
"2026-07-07 10:00:00 MDT",1783440000,89.23,101.81,S,17,16,,65,11.5,18.1,,,64400,2.1,,2,,,18.5,16.2,0
"2026-07-07 09:00:00 MDT",1783436400,89.25,101.83,SSW,19,8,,73,11.8,16.6,,,64400,2,,1,,,16.5,14.4,0
"2026-07-07 08:00:00 MDT",1783432800,89.25,101.84,SW,21,11,,79,11.1,14.5,,,48300,2,,1,,,14.5,12.1,0
"2026-07-07 07:00:00 MDT",1783429200,89.26,101.87,SSE,16,9,,86,10.5,12.8,,,32200,1.7,,1,,,12.1,9.8,0
"2026-07-07 06:00:00 MDT",1783425600,89.25,101.88,SE,13,7,,88,9.9,11.9,,,24100,1.7,,1,,,10.6,9.1,0
"2026-07-07 05:00:00 MDT",1783422000,89.22,101.86,SSE,16,9,,86,9.7,11.9,,,24100,1.9,,1,,,11.3,9.8,0
"2026-07-07 04:00:00 MDT",1783418400,89.24,101.87,SE,12,6,,86,10,12.2,,,24100,1.9,,0,,,11.3,9.6,0
"2026-07-07 03:00:00 MDT",1783414800,89.28,101.89,SE,12,9,,82,9.7,12.7,,,24100,2,,0,,,12.3,11.1,0
"2026-07-07 02:00:00 MDT",1783411200,89.27,101.89,SSE,15,14,,78,9.9,13.6,,,24100,2,,0,,,13.1,11.6,0
"2026-07-07 01:00:00 MDT",1783407600,89.49,101.92,SSE,15,12,,82,9.6,12.5,,,,2.1,,,,,13.2,12.4,0
"2026-07-07 00:00:00 MDT",1783404000,89.32,101.95,SSE,15,12,,77,10.2,14.1,,,24100,2.1,,1,,,14.6,13,0
"2026-07-06 23:00:00 MDT",1783400400,89.32,101.94,SSE,14,18,,71,10.2,15.5,,,24100,2.3,,1,,,15.8,14.4,0
"2026-07-06 22:00:00 MDT",1783396800,89.33,101.96,SSE,15,17,30,65,10.3,16.8,,,24100,2.4,,2,,,17.7,15.5,0
"2026-07-06 21:00:00 MDT",1783393200,89.31,101.96,SSE,15,19,28,60,10.4,18.2,,,32200,2.6,,2,,,18.8,17.6,0
"2026-07-06 20:00:00 MDT",1783389600,89.32,101.98,SSE,16,31,36,55,10.1,19.3,,,32200,2.7,,2,,,19.7,18.8,0
"2026-07-06 19:00:00 MDT",1783386000,89.3,102,SSE,15,30,36,49,9.3,20.1,,,64400,2.7,,3,,,20.4,19.6,0
"2026-07-06 18:00:00 MDT",1783382400,89.34,102.04,SE,14,30,36,46,8.7,20.7,,,64400,2.5,,2,,,20.7,20,0
"2026-07-06 17:00:00 MDT",1783378800,89.37,102.09,SSE,16,27,42,44,8.5,20.9,,,64400,2.4,,2,,,21.1,20.3,0
"2026-07-06 16:00:00 MDT",1783375200,89.4,102.1,S,17,32,41,43,8.1,20.9,,,64400,2.3,,2,,,20.8,20.1,0
"2026-07-06 15:00:00 MDT",1783371600,89.45,102.16,SSE,15,26,38,46,8.5,20.5,,,64400,2.3,,2,,,20.4,19.6,0
"2026-07-06 14:00:00 MDT",1783368000,89.5,102.2,SSE,16,22,32,48,8.7,19.8,,,64400,2.3,,2,,,19.8,18.6,0
"2026-07-06 13:00:00 MDT",1783364400,89.55,102.27,SSE,15,20,31,50,8.6,19.1,,,64400,2.3,,2,,,19.2,17.9,0
"2026-07-06 12:00:00 MDT",1783360800,89.58,102.31,SSE,15,24,,49,7.6,18.3,,,64400,2.1,,1,,,18.8,16.8,0
"2026-07-06 11:00:00 MDT",1783357200,89.62,102.34,SSE,15,23,,49,6.8,17.5,,,64400,1.9,,1,,,17.1,15.5,0
"2026-07-06 10:00:00 MDT",1783353600,89.63,102.39,S,18,17,,54,6.5,15.5,,,64400,1.6,,1,,,15.6,13,0
"2026-07-06 09:00:00 MDT",1783350000,89.65,102.42,S,18,7,,62,6.2,13.1,,,64400,1.4,,1,,,13.1,10.4,0
"2026-07-06 08:00:00 MDT",1783346400,89.65,102.45,SW,22,7,,72,6.2,11,,,64400,1.3,,1,,,10.4,8.2,0
"2026-07-06 07:00:00 MDT",1783342800,89.64,102.48,SSW,19,9,,81,5.7,8.7,,,48300,1.3,,1,,,8.2,6,0
"2026-07-06 06:00:00 MDT",1783339200,89.63,102.48,W,26,0,,84,5.2,7.7,,,32200,1.4,,0,,,6.3,5.3,0
"2026-07-06 05:00:00 MDT",1783335600,89.61,102.45,SW,23,4,,84,5.7,8.1,,,24100,1.5,,1,,,6.9,5.3,0
"2026-07-06 04:00:00 MDT",1783332000,89.62,102.43,SW,22,8,,89,6.5,8.1,,,24100,1.5,,0,,,7.2,5.8,0
"2026-07-06 03:00:00 MDT",1783328400,89.63,102.47,W,26,6,,89,6.3,7.9,,,24100,1.7,,0,,,7.6,6.1,0
"2026-07-06 02:00:00 MDT",1783324800,89.65,102.47,SSW,20,8,,86,6.5,8.6,,,24100,1.8,,0,,,8.4,7.1,0
"2026-07-06 01:00:00 MDT",1783321200,89.63,102.42,SSW,20,9,,86,7.1,9.2,,,24100,2,,0,,,9.4,8,0
"2026-07-06 00:00:00 MDT",1783317600,89.61,102.39,SW,22,7,,81,7.1,10.1,,,24100,2.1,,1,,,10.6,8,0
"2026-07-05 23:00:00 MDT",1783314000,89.57,102.32,WSW,25,7,,76,7.7,11.8,,,24100,2.3,,1,,,10.7,9.7,0
"2026-07-05 22:00:00 MDT",1783310400,89.52,102.27,WNW,28,9,,73,7.3,11.9,,,32200,2.4,,1,,,12.7,10.6,0
"2026-07-05 21:00:00 MDT",1783306800,89.5,102.22,W,26,12,,66,7.5,13.5,,,32200,2.5,,1,,,13.4,12.7,0
"2026-07-05 20:00:00 MDT",1783303200,89.45,102.18,W,26,10,,68,7.9,13.5,,,32200,2.5,,4,,,13.3,11.5,0
"2026-07-05 19:00:00 MDT",1783299600,89.44,102.23,N,1,12,,79,8.1,11.7,,,24100,2.5,,8,,,13.6,10.7,1.2
"2026-07-05 18:00:00 MDT",1783296000,89.43,102.22,NNW,34,24,33,72,9,13.9,,,24100,2.4,,8,,,13.9,12.7,0
"2026-07-05 17:00:00 MDT",1783292400,89.32,102.08,N,35,25,35,69,8.2,13.8,,,12900,2.4,,8,,,16.1,13.6,0
"2026-07-05 16:00:00 MDT",1783288800,89.22,101.91,NE,3,19,,59,9,17,,,24100,2.4,,7,,,16.8,13.5,0
"2026-07-05 15:00:00 MDT",1783285200,89.22,101.95,NE,4,19,,71,8.8,13.8,,,24100,2.6,,8,,,14.5,13.5,0.4
"2026-07-05 14:00:00 MDT",1783281600,89.24,101.97,NNE,3,17,,71,8.8,14.1,,,9700,2.6,,7,,,15.6,13.9,0
"2026-07-05 13:00:00 MDT",1783278000,89.19,101.86,NE,4,16,,57,7.2,15.8,,,24100,2.6,,8,,,16.4,15.6,0
"2026-07-05 12:00:00 MDT",1783274400,89.2,101.86,NE,3,14,,56,7.6,16.4,,,48300,2.6,,8,,,16.8,15.9,0
"2026-07-05 11:00:00 MDT",1783270800,89.22,101.86,NNE,2,15,,56,7.8,16.5,,,48300,2.5,,8,,,16,14.5,0
"2026-07-05 10:00:00 MDT",1783267200,89.21,101.84,NNE,2,13,,59,7.5,15.4,,,64400,2.4,,8,,,15.4,14.4,0
"2026-07-05 09:00:00 MDT",1783263600,89.21,101.8,N,0,3,,59,7.3,15.1,,,64400,2.1,,8,,,15.1,13.2,0
"2026-07-05 08:00:00 MDT",1783260000,89.21,101.75,SW,22,5,,64,6.7,13.3,,,64400,1.9,,8,,,13.2,10.1,0
"2026-07-05 07:00:00 MDT",1783256400,89.19,101.76,SSW,21,4,,76,7.3,11.4,,,64400,1.8,,4,,,10.2,8.7,0
"2026-07-05 06:00:00 MDT",1783252800,89.16,101.72,SSW,20,7,,85,7.1,9.5,,,64400,1.9,,3,,,9.6,7.9,0
"2026-07-05 05:00:00 MDT",1783249200,89.13,101.7,SW,22,5,,78,7.3,11,,,24100,2.2,,3,,,10,8.6,0
"2026-07-05 04:00:00 MDT",1783245600,89.13,101.7,W,26,7,,77,7.7,11.6,,,24100,2.2,,4,,,10.7,9.6,0
"2026-07-05 03:00:00 MDT",1783242000,89.15,101.72,W,26,8,,78,8,11.7,,,24100,2.3,,5,,,10.6,9.5,0
"2026-07-05 02:00:00 MDT",1783238400,89.14,101.72,W,26,10,,73,7.5,12.2,,,24100,2.4,,2,,,12.2,9.4,0
"2026-07-05 01:00:00 MDT",1783234800,89.17,101.74,WNW,29,11,,69,7.4,13,,,24100,2.4,,5,,,12.8,11.4,0
"2026-07-05 00:00:00 MDT",1783231200,89.1,101.64,N,35,23,,67,7.1,12.9,,,16100,2.5,,4,,,13.8,12.8,0
"2026-07-04 23:00:00 MDT",1783227600,89.03,101.56,N,36,26,40,73,9.1,13.8,,,16100,2.6,,6,,,14.8,13.5,0
"2026-07-04 22:00:00 MDT",1783224000,88.91,101.44,NNE,2,37,44,67,9.3,15.3,,,32200,2.8,,5,,,17.8,14.8,0
"2026-07-04 21:00:00 MDT",1783220400,88.71,101.19,NNE,2,35,46,58,10.4,18.8,,,32200,2.9,,4,,,23.4,17.8,0
"2026-07-04 20:00:00 MDT",1783216800,88.57,101.03,W,27,21,34,24,2.5,24,,,64400,2.9,,4,,,24.4,23.2,0
"2026-07-04 19:00:00 MDT",1783213200,88.51,100.97,WNW,29,29,33,20,1,25.4,,,32200,2.9,,7,,,25.3,24.4,0
"2026-07-04 18:00:00 MDT",1783209600,88.5,100.95,SSE,15,7,,28,6,25.8,,25,48300,2.9,,7,,,25.1,23.6,0
"2026-07-04 17:00:00 MDT",1783206000,88.54,100.99,ESE,10,17,,33,7.7,24.8,,25,64400,2.9,,7,,,24.7,23.2,0
"2026-07-04 16:00:00 MDT",1783202400,88.6,101.07,ESE,10,14,,33,6.6,23.6,,,64400,2.8,,8,,,24.3,22.7,0
"2026-07-04 15:00:00 MDT",1783198800,88.62,101.1,E,9,9,,33,7.2,24.3,,,64400,2.6,,8,,,24.4,22.8,0
"2026-07-04 14:00:00 MDT",1783195200,88.67,101.17,SE,13,4,,37,7.9,23.3,,,64400,2.5,,8,,,24.2,22.5,0
"2026-07-04 13:00:00 MDT",1783191600,88.7,101.23,N,0,0,,35,6.7,22.7,,,64400,2.4,,7,,,23.8,21.8,0
"2026-07-04 12:00:00 MDT",1783188000,88.71,101.2,N,0,11,,28,3.9,23.5,,,64400,2.2,,5,,,23.2,21.4,0
"2026-07-04 11:00:00 MDT",1783184400,88.73,101.21,WSW,25,10,,44,9.5,22.1,,,64400,2,,1,,,21.5,19.5,0
"2026-07-04 10:00:00 MDT",1783180800,88.76,101.25,SW,23,10,,52,9.9,19.8,,,64400,1.8,,3,,,19.6,17.4,0
"2026-07-04 09:00:00 MDT",1783177200,88.8,101.3,WSW,24,9,,55,8.6,17.6,,,64400,1.7,,4,,,17.4,13.9,0
"2026-07-04 08:00:00 MDT",1783173600,88.78,101.31,S,18,8,,85,11.7,14.1,,,64400,1.7,,7,,,14.1,12.9,0
"2026-07-04 07:00:00 MDT",1783170000,88.83,101.38,SW,21,8,,83,11.2,14.1,,,64400,1.7,,7,,,12.9,12,0
"2026-07-04 06:00:00 MDT",1783166400,88.82,101.41,S,18,7,,85,10.9,13.4,,,48300,1.8,,7,,,13,12.6,0
"2026-07-04 05:00:00 MDT",1783162800,88.86,101.42,S,17,8,,86,10.8,13.1,,,32200,1.8,,8,,,13.6,12.9,0
"2026-07-04 04:00:00 MDT",1783159200,88.93,101.48,SSW,19,9,,78,10.4,14.2,,,24100,1.9,,6,,,13.5,13,0
"2026-07-04 03:00:00 MDT",1783155600,88.96,101.53,SSE,16,9,,77,10.1,13.9,,,16100,1.9,,6,,,14,12.3,0
"2026-07-04 02:00:00 MDT",1783152000,89,101.57,SSW,21,8,,79,9.9,13.5,,,24100,2,,6,,,13.7,11.6,0
"2026-07-04 01:00:00 MDT",1783148400,89.03,101.61,WNW,29,3,,72,9.8,14.7,,,24100,2.1,,6,,,14.1,11.8,0
"2026-07-04 00:00:00 MDT",1783144800,89.03,101.57,NE,4,8,,72,10.2,15.2,,,24100,2.2,,2,,,15.7,13.4,0
"2026-07-03 23:00:00 MDT",1783141200,89,101.53,E,8,4,,65,9.7,16.3,,,24100,2.4,,4,,,16.8,15.6,0
"2026-07-03 22:00:00 MDT",1783137600,88.95,101.47,NE,5,20,,61,9.5,17.1,,,64400,2.5,,5,,,18.5,16.6,0
"2026-07-03 21:00:00 MDT",1783134000,88.87,101.36,SSE,15,12,,53,9.6,19.4,,,64400,2.5,,5,,,19.8,18.3,0
"2026-07-03 20:00:00 MDT",1783130400,88.83,101.33,ESE,10,18,,54,10.8,20.3,,,48300,2.4,,5,,,20,19.3,0
"2026-07-03 19:00:00 MDT",1783126800,88.81,101.29,SE,13,19,,54,11,20.4,,,48300,2.4,,6,,,19.9,16.6,0
"2026-07-03 18:00:00 MDT",1783123200,88.84,101.42,ESE,12,20,,72,12.1,17.2,,,48300,2.4,,8,,,19.2,16.5,1.5
"2026-07-03 17:00:00 MDT",1783119600,88.83,101.4,E,8,15,,54,10.1,19.4,,,64400,2.4,,8,,,19.9,18.8,0
"2026-07-03 16:00:00 MDT",1783116000,88.87,101.44,ENE,6,19,,58,11.3,19.7,,,64400,2.3,,8,,,19.1,15.8,1.9
"2026-07-03 15:00:00 MDT",1783112400,88.86,101.43,NE,5,16,,56,10.9,19.8,,,64400,2.3,,7,,,19.5,18.5,0
"2026-07-03 14:00:00 MDT",1783108800,88.85,101.4,ENE,6,18,33,54,9.7,19.1,,,64400,2.1,,7,,,20.7,19.1,0
"2026-07-03 13:00:00 MDT",1783105200,88.85,101.4,NNE,1,16,31,52,10.3,20.4,,,64400,2.1,,8,,,20.9,19.6,0
"2026-07-03 12:00:00 MDT",1783101600,88.84,101.38,NE,3,8,,41,7.2,20.6,,,64400,2.1,,8,,,20.8,18.8,0
"2026-07-03 11:00:00 MDT",1783098000,88.83,101.36,NNW,34,8,34,38,6.2,20.7,,,64400,2.1,,8,,,20.5,19.2,0
"2026-07-03 10:00:00 MDT",1783094400,88.82,101.34,NW,32,23,32,36,4.9,20.1,,,64400,2.1,,1,,,19.4,18.4,0
"2026-07-03 09:00:00 MDT",1783090800,88.77,101.25,WNW,29,26,30,42,5.7,18.8,,,64400,2,,3,,,18.5,16.7,0
"2026-07-03 08:00:00 MDT",1783087200,88.7,101.16,W,27,25,35,46,5.6,17.2,,,64400,1.9,,5,,,17,15.6,0
"2026-07-03 07:00:00 MDT",1783083600,88.62,101.07,WNW,29,36,37,45,5.4,17.5,,,32200,2,,6,,,17,13.3,0
"2026-07-03 06:00:00 MDT",1783080000,88.6,101.09,NW,32,21,35,52,6,15.9,,,24100,1.8,,5,,,14.2,11.8,0
"2026-07-03 05:00:00 MDT",1783076400,88.6,101.1,WNW,30,9,,54,5.4,14.6,,,24100,1.8,,5,,,12.5,11.7,0
"2026-07-03 04:00:00 MDT",1783072800,88.58,101.09,SW,22,14,,68,8.2,14,,,24100,1.9,,7,,,13.4,12.3,0
"2026-07-03 03:00:00 MDT",1783069200,88.59,101.09,SSW,20,9,,67,7.9,14,,,24100,1.9,,7,,,13.9,12.8,0
"2026-07-03 02:00:00 MDT",1783065600,88.59,101.08,SSW,20,10,,69,9.2,14.9,,,24100,2,,7,,,13.7,12.2,0
"2026-07-03 01:00:00 MDT",1783062000,88.61,101.13,SSW,21,8,,69,10,15.6,,,24100,2.1,,6,,,13.8,12.7,0
"2026-07-03 00:00:00 MDT",1783058400,88.62,101.15,S,18,12,,73,10,14.8,,,24100,2.2,,6,,,13.9,13,0
"2026-07-02 23:00:00 MDT",1783054800,88.64,101.18,SSE,15,7,,65,9.8,16.3,,,19300,2.3,,6,,,15.1,13.7,0
"2026-07-02 22:00:00 MDT",1783051200,88.63,101.17,SE,14,7,,56,9.1,17.9,,,32200,2.3,,6,,,18.3,14.8,0
"2026-07-02 21:00:00 MDT",1783047600,88.6,101.13,S,17,15,,53,8.8,18.5,,,32200,2.4,,4,,,20.2,18.2,0
"2026-07-02 20:00:00 MDT",1783044000,88.58,101.11,S,18,20,,43,7.4,20.4,,,32200,2.4,,4,,,20.9,20.2,0
"2026-07-02 19:00:00 MDT",1783040400,88.58,101.11,SSW,19,16,,42,7.6,20.9,,,48300,2.5,,7,,,21.2,20.6,0
"2026-07-02 18:00:00 MDT",1783036800,88.58,101.11,SSW,20,13,,43,8.3,21.4,,,48300,2.5,,6,,,21.4,20.7,0
"2026-07-02 17:00:00 MDT",1783033200,88.63,101.16,SSW,19,13,,38,6.8,21.5,,,64400,2.6,,4,,,21.4,19.6,0
"2026-07-02 16:00:00 MDT",1783029600,88.65,101.21,S,18,16,,46,8.3,20.3,,,48300,2.7,,8,,,20.8,17.7,0
"2026-07-02 15:00:00 MDT",1783026000,88.68,101.24,SE,12,16,,56,12,21,,,48300,2.7,,8,,,20.8,19,0
"2026-07-02 14:00:00 MDT",1783022400,88.68,101.24,NE,5,3,,45,8.1,20.4,,,48300,2.7,,8,,,20.6,18.7,0
"2026-07-02 13:00:00 MDT",1783018800,88.7,101.28,S,16,0,,44,7.1,19.4,,,48300,2.6,,8,,,19.8,18.4,0
"2026-07-02 12:00:00 MDT",1783015200,88.72,101.29,N,35,7,,51,8.5,18.8,,,64400,2.5,,8,,,18.8,17.3,0
"2026-07-02 11:00:00 MDT",1783011600,88.74,101.32,NNW,34,9,,61,10.1,17.8,,,64400,2.2,,7,,,17.8,15.9,0
"2026-07-02 10:00:00 MDT",1783008000,88.76,101.36,NNW,33,4,,66,10.6,16.8,,,64400,2.1,,8,,,16.3,13.7,0
"2026-07-02 09:00:00 MDT",1783004400,88.77,101.38,W,27,4,,79,10.3,13.9,,,64400,2,,8,,,13.8,12.7,0
"2026-07-02 08:00:00 MDT",1783000800,88.77,101.38,NW,30,4,,80,9.6,12.9,,,48300,2.2,,8,,,12.7,11.7,0
"2026-07-02 07:00:00 MDT",1782997200,88.72,101.34,NW,31,9,,85,9.8,12.1,,,16100,2.2,,8,,,11.8,10.7,0
"2026-07-02 06:00:00 MDT",1782993600,88.69,101.23,NNW,33,11,,89,9.3,11,,,19300,2.1,,8,,,10.9,10.6,0
"2026-07-02 05:00:00 MDT",1782990000,88.66,101.2,NW,32,12,,90,9.4,10.9,,,24100,2,,7,,,11,10.7,0
"2026-07-02 04:00:00 MDT",1782986400,88.66,101.22,NNW,34,11,,92,9.4,10.7,,,24100,2,,7,,,11,10.4,0
"2026-07-02 03:00:00 MDT",1782982800,88.64,101.23,N,35,13,,91,9.1,10.6,,,24100,2.1,,7,,,11.5,10.5,0
"2026-07-02 02:00:00 MDT",1782979200,88.59,101.14,NW,31,5,,83,10,12.9,,,24100,2.2,,7,,,11.6,9.9,0
"2026-07-02 01:00:00 MDT",1782975600,88.61,101.16,W,27,3,,87,10.4,12.5,,,24100,2.3,,5,,,12.4,11,0
"2026-07-02 00:00:00 MDT",1782972000,88.59,101.12,NW,32,7,,88,10.5,12.5,,,24100,2.4,,7,,,12.7,11.7,0
"2026-07-01 23:00:00 MDT",1782968400,88.57,101.11,NNW,34,10,,88,10.8,12.7,,,24100,2.4,,4,,,13.2,12.6,0
"2026-07-01 22:00:00 MDT",1782964800,88.53,101.09,NNW,33,8,,85,10.9,13.3,,,24100,2.3,,7,,,13.7,12.7,0
"2026-07-01 21:00:00 MDT",1782961200,88.51,101.08,NNW,33,10,,80,10.5,13.9,,,16100,2.2,,5,,,14.3,13.2,0
"2026-07-01 20:00:00 MDT",1782957600,88.49,101.06,NE,3,21,,77,10.6,14.6,,,24100,2.5,,8,,,14.5,13.4,0.6
"2026-07-01 19:00:00 MDT",1782954000,88.46,101.04,WNW,30,33,47,75,9.9,14.3,,,14500,2.9,,8,,,20.6,14.2,0
"2026-07-01 18:00:00 MDT",1782950400,88.4,100.89,SE,13,12,,48,8.9,20.2,,,32200,3.2,,7,,,21.4,20.3,0
"2026-07-01 17:00:00 MDT",1782946800,88.39,100.87,SSE,15,9,,53,10.9,20.6,,,24100,3.3,,6,,,20.6,18.6,0
"2026-07-01 16:00:00 MDT",1782943200,88.46,100.97,ESE,12,10,,66,12.9,19.4,,,24100,3.4,,6,,,18.9,15.9,0
"2026-07-01 15:00:00 MDT",1782939600,88.49,101.04,NNE,1,9,,78,13.1,16.9,,,32200,3.8,,8,,,18.3,13.9,1.4
"2026-07-01 14:00:00 MDT",1782936000,88.47,100.98,S,16,26,37,59,8.2,16.2,,,32200,4.1,,8,,,18.7,17.9,0
"2026-07-01 13:00:00 MDT",1782932400,88.47,100.98,ENE,7,10,,66,12,18.2,,,14500,4.2,,7,,,18.9,18,0
"2026-07-01 12:00:00 MDT",1782928800,88.49,101.01,ESE,12,7,,60,10.6,18.5,,,14500,4,,8,,,19.2,17.3,0
"2026-07-01 11:00:00 MDT",1782925200,88.51,101.04,NNE,2,4,,69,12,17.6,,,14500,4,,7,,,17.3,15.9,0
"2026-07-01 10:00:00 MDT",1782921600,88.52,101.05,W,27,3,,76,11.7,15.8,,,14500,4,,8,,,16,14.6,0
"2026-07-01 09:00:00 MDT",1782918000,88.52,101.06,N,35,7,,76,10.9,15,,,14500,4,,7,,,14.7,13.8,0
"2026-07-01 08:00:00 MDT",1782914400,88.49,101.04,NNW,33,7,,84,11.3,14,,,14500,4,,8,,,13.8,12.4,0
"2026-07-01 07:00:00 MDT",1782910800,88.49,101.05,NW,30,5,,89,10.9,12.7,,,16100,4,,6,,,12.6,11.9,0
"2026-07-01 06:00:00 MDT",1782907200,88.46,101.02,NW,31,5,,89,10.5,12.3,,,16100,4,,6,,,13,11.7,0
"2026-07-01 05:00:00 MDT",1782903600,88.44,100.94,NW,31,0,,82,10.8,13.8,,,12900,4,,7,,,13.5,12.8,0
"2026-07-01 04:00:00 MDT",1782900000,88.45,100.93,NW,30,5,,85,11.4,13.8,,,12900,4,,8,,,13.5,13.3,0
"2026-07-01 03:00:00 MDT",1782896400,88.47,100.97,NNW,34,3,,86,11.4,13.7,,,12900,5,,8,,,13.5,12.8,0
"2026-07-01 02:00:00 MDT",1782892800,88.47,100.97,NE,4,8,,86,11.6,13.9,,,11300,4,,8,,,13.9,13.2,0
"2026-07-01 01:00:00 MDT",1782889200,88.48,100.97,NE,4,5,,80,11.2,14.7,,,12900,4,,8,,,14.1,13.3,0
"2026-07-01 00:00:00 MDT",1782885600,88.46,100.96,E,10,6,,77,10.8,14.8,,,14500,4.2,,7,,,14.2,13.2,0
"2026-06-30 23:00:00 MDT",1782882000,88.46,100.95,NW,30,8,,78,10.9,14.6,,,12900,5,,7,,,14.6,13.5,0
"2026-06-30 22:00:00 MDT",1782878400,88.45,100.93,NNW,34,9,,76,10.9,15.1,,,16100,5,,7,,,15.3,14.6,0
"2026-06-30 21:00:00 MDT",1782874800,88.46,100.95,WSW,25,3,,74,11.1,15.7,,,16100,5,,7,,,15.3,14.8,0
"2026-06-30 20:00:00 MDT",1782871200,88.49,101.02,NNE,1,6,,76,11.8,15.9,,,12900,5,,7,,,16.6,15.2,0
"2026-06-30 19:00:00 MDT",1782867600,88.49,101.03,ENE,6,4,,66,10.6,17.1,,,16100,5,,7,,,16.4,15.4,0
"2026-06-30 18:00:00 MDT",1782864000,88.47,101,S,18,14,27,58,9.1,17.4,,,19300,5.2,,8,,,19.3,16.4,0
"2026-06-30 17:00:00 MDT",1782860400,88.43,100.93,S,16,13,,60,11.6,19.5,,,14500,6,,7,,,20.7,19.3,0
"2026-06-30 16:00:00 MDT",1782856800,88.37,100.86,E,8,9,,56,11,19.9,,,14500,6,,8,,,20,18.8,0
"2026-06-30 15:00:00 MDT",1782853200,88.39,100.89,NNE,1,12,,60,11.2,19,,,14500,6,,7,,,20.2,18.7,0
"2026-06-30 14:00:00 MDT",1782849600,88.37,100.88,NE,3,14,,64,12.5,19.3,,,12900,6,,6,,,19.5,18.6,0
"2026-06-30 13:00:00 MDT",1782846000,88.41,100.92,NE,4,15,,69,13.3,19.1,,,12900,6,,7,,,19.4,18.4,0
"2026-06-30 12:00:00 MDT",1782842400,88.42,100.93,NNE,1,23,,66,13,19.5,,,12900,6,,6,,,19.9,18.7,0
"2026-06-30 11:00:00 MDT",1782838800,88.42,100.92,NNW,34,18,28,56,10.5,19.3,,,12900,8,,8,,,19.8,18.7,0
"2026-06-30 10:00:00 MDT",1782835200,88.38,100.84,NW,32,16,,51,9.1,19.4,,,12900,7,,5,,,18.9,17.7,0
"2026-06-30 09:00:00 MDT",1782831600,88.37,100.81,NW,32,9,,48,7.5,18.5,,,16100,7,,7,,,18.2,15.3,0
"2026-06-30 08:00:00 MDT",1782828000,88.37,100.82,WNW,30,14,,58,7.9,16,,,12900,8,,7,,,15.3,13.6,0
"2026-06-30 07:00:00 MDT",1782824400,88.39,100.85,WNW,29,13,,68,8.4,14.2,,,12900,6,,7,,,15,13.3,0
"2026-06-30 06:00:00 MDT",1782820800,88.36,100.82,WNW,28,14,,68,8.4,14.2,,,16100,4.1,,7,,,13.7,12.3,0
"2026-06-30 05:00:00 MDT",1782817200,88.42,100.9,NW,32,18,27,78,9.3,13.1,,,24100,4,,7,,,12.9,12.2,0
"2026-06-30 04:00:00 MDT",1782813600,88.47,100.97,NNW,33,19,29,79,9.4,12.9,,,16100,4,,6,,,13.2,12.5,0
"2026-06-30 03:00:00 MDT",1782810000,88.51,100.99,NNE,2,17,34,85,10,12.4,,,12900,4,,7,,,13,11.7,0
"2026-06-30 02:00:00 MDT",1782806400,88.46,100.97,WNW,28,8,,77,10,13.8,,,16100,4,,6,,,13,11.7,0
"2026-06-30 01:00:00 MDT",1782802800,88.53,101.04,NNW,34,7,,76,9.4,13.4,,,14500,4,,7,,,13,12.3,0
"2026-06-30 00:00:00 MDT",1782799200,88.46,100.98,W,26,11,,74,9.5,14,,,16100,4.5,,7,,,13.6,12.7,0
"2026-06-29 23:00:00 MDT",1782795600,88.58,101.14,NNE,2,8,,77,10.1,14,,,16100,5,,7,,,16.5,13.4,0
"2026-06-29 22:00:00 MDT",1782792000,88.58,101.09,ENE,6,11,37,76,12.4,16.5,,,11300,7,,7,,,17.8,16.5,0
"2026-06-29 21:00:00 MDT",1782788400,88.48,100.98,NNW,34,14,,70,12.4,17.9,,,12900,7,,3,,,19.2,17.7,0
"2026-06-29 20:00:00 MDT",1782784800,88.46,100.95,N,0,19,29,64,12.4,19.3,,,11300,7,,3,,,20.1,19.1,0
"2026-06-29 19:00:00 MDT",1782781200,88.39,100.86,N,35,28,41,58,12.2,20.5,,,12900,7,,6,,,20.4,20,0
"2026-06-29 18:00:00 MDT",1782777600,88.39,100.85,N,35,32,37,61,12.8,20.5,,,9700,7,,6,,,20.7,19.7,0
"2026-06-29 17:00:00 MDT",1782774000,88.41,100.87,NNE,1,32,42,56,12.1,21.1,,,12900,8,,6,,,20.5,19.5,0
"2026-06-29 16:00:00 MDT",1782770400,88.42,100.91,NNE,1,37,46,56,11.1,20.1,,,9700,11,,7,,,20.6,19.6,0
"2026-06-29 15:00:00 MDT",1782766800,88.43,100.88,N,35,36,48,59,12.2,20.4,,,12900,6,,6,,,20.2,19.4,0
"2026-06-29 14:00:00 MDT",1782763200,88.43,100.89,NNE,1,34,49,61,12.4,20,,,24100,3,,6,,,19.7,18.6,0
"2026-06-29 13:00:00 MDT",1782759600,88.44,100.91,NNE,1,39,51,64,13,19.8,,,24100,2.9,,6,,,19.3,17.6,0
"2026-06-29 12:00:00 MDT",1782756000,88.42,100.93,N,35,36,44,74,13.6,18.3,,,24100,2.7,,7,,,17.9,16.1,0
"2026-06-29 11:00:00 MDT",1782752400,88.46,100.97,N,35,40,44,76,12.5,16.6,,,24100,2.6,,8,,,16.4,15.9,0
"2026-06-29 10:00:00 MDT",1782748800,88.47,100.98,N,0,34,41,80,13,16.3,,,24100,2.6,,8,,,15.9,15.2,0
"2026-06-29 09:00:00 MDT",1782745200,88.42,100.94,N,0,33,42,86,13.1,15.4,,,24100,2.5,,8,,,15.3,14.6,0
"2026-06-29 08:00:00 MDT",1782741600,88.38,100.9,N,35,34,51,89,12.8,14.6,,,24100,2.5,,8,,,14.6,13.9,0.5
"2026-06-29 07:00:00 MDT",1782738000,88.37,100.9,N,35,23,43,91,12.7,14.1,,,19300,2.5,,8,,,14.3,14,0
"2026-06-29 06:00:00 MDT",1782734400,88.34,100.88,N,35,34,45,91,12.8,14.3,,,24100,2.5,,8,,,14.4,13.8,0.2
"2026-06-29 05:00:00 MDT",1782730800,88.34,100.87,N,35,26,38,88,12.5,14.5,,,19300,2.5,,8,,,14.4,14.2,0
"2026-06-29 04:00:00 MDT",1782727200,88.28,100.8,N,0,36,46,89,12.6,14.4,,,24100,2.5,,8,,,14.5,14.2,0
"2026-06-29 03:00:00 MDT",1782723600,88.25,100.79,N,35,32,38,92,13,14.4,,,19300,2.5,,8,,,14.6,14.3,0
"2026-06-29 02:00:00 MDT",1782720000,88.27,100.81,N,0,28,37,92,13.3,14.5,,,19300,2.5,,8,,,14.6,14.2,0
"2026-06-29 01:00:00 MDT",1782716400,88.26,100.81,N,0,23,35,93,13.2,14.4,,,24100,2.4,,7,,,14.7,14,0
"2026-06-29 00:00:00 MDT",1782712800,88.21,100.75,NNE,2,31,39,91,13.4,14.8,,,19300,2.3,,7,,,14.8,14.7,0
"2026-06-28 23:00:00 MDT",1782709200,88.18,100.72,NNE,1,43,53,90,13.5,15.1,,,17700,2.3,,8,,,15,14.8,0
"2026-06-28 22:00:00 MDT",1782705600,88.1,100.64,NNE,1,42,49,89,13.4,15.2,,,19300,2.2,,8,,,15.2,15,0
"2026-06-28 21:00:00 MDT",1782702000,88.04,100.56,NNE,1,33,53,91,13.8,15.2,,,24100,2.2,,8,,,15,14.3,0
"2026-06-28 20:00:00 MDT",1782698400,87.99,100.49,NNE,1,40,51,92,13.9,15.2,,,19300,2.2,,8,,,14.4,14.2,0
"2026-06-28 19:00:00 MDT",1782694800,87.94,100.44,NNE,1,34,52,92,13.7,14.9,,,19300,2.1,,8,,,14.3,13.9,1.7
"2026-06-28 18:00:00 MDT",1782691200,87.9,100.4,NNE,1,42,49,92,13.7,14.9,,,19300,1.8,,8,,,14.3,14,2.3
"2026-06-28 17:00:00 MDT",1782687600,87.86,100.36,NNE,1,38,56,95,13.8,14.6,,,3600,1.7,,8,,,14.2,13.9,4.6
"2026-06-28 16:00:00 MDT",1782684000,87.82,100.33,N,0,37,52,96,13.5,14.1,,,3600,1.7,,8,,,14.1,12.5,5.6
"2026-06-28 15:00:00 MDT",1782680400,87.76,100.29,NNW,32,41,52,94,11.6,12.5,,,4800,1.8,,8,,,12.5,12.1,5.5
"2026-06-28 14:00:00 MDT",1782676800,87.79,100.32,NNW,33,43,57,93,11.1,12.2,,,6400,1.9,,8,,,12.1,11.7,3.7
"2026-06-28 13:00:00 MDT",1782673200,87.8,100.34,NNW,33,42,54,92,10.5,11.7,,,8100,1.9,,8,,,11.7,11.3,3
"2026-06-28 12:00:00 MDT",1782669600,87.79,100.32,NNW,33,46,67,92,10.1,11.3,,,8100,1.9,,8,,,11.3,11.2,4.4
"2026-06-28 11:00:00 MDT",1782666000,87.86,100.39,NNW,33,41,53,91,9.9,11.2,,,9700,1.9,,8,,,11.2,10.9,4.9
"2026-06-28 10:00:00 MDT",1782662400,87.96,100.47,NNW,33,31,47,91,9.6,11.1,,,8100,1.9,,8,,,11.3,10.9,3.4
"2026-06-28 09:00:00 MDT",1782658800,87.97,100.47,NNW,32,37,49,86,9.3,11.5,,,9700,1.9,,8,,,12.7,11.3,0.8
"2026-06-28 08:00:00 MDT",1782655200,87.98,100.45,NNW,33,32,55,74,8.4,12.9,,,64400,1.8,,8,,,12.7,12.2,0
"2026-06-28 07:00:00 MDT",1782651600,88.02,100.5,NNW,33,30,45,74,7.8,12.2,,,64400,1.8,,7,,,12.2,11.7,0
"2026-06-28 06:00:00 MDT",1782648000,88.03,100.53,NNW,33,24,39,76,7.7,11.7,,,64400,1.8,,8,,,11.8,11.5,0
"2026-06-28 05:00:00 MDT",1782644400,88.08,100.58,NNW,33,31,38,76,7.6,11.7,,,32200,1.8,,7,,,11.5,10.6,0
"2026-06-28 04:00:00 MDT",1782640800,88.18,100.7,NNW,33,18,,81,7.8,10.9,,,24100,1.9,,6,,,10.9,10.5,0
"2026-06-28 03:00:00 MDT",1782637200,88.25,100.75,NW,32,18,32,80,7.8,11.2,,,24100,1.9,,4,,,11.2,10.9,0
"2026-06-28 02:00:00 MDT",1782633600,88.3,100.84,NW,32,19,,78,7.7,11.4,,,24100,1.8,,2,,,11,10,0
"2026-06-28 01:00:00 MDT",1782630000,88.29,100.84,NW,30,13,,79,8,11.5,,,24100,1.8,,1,,,12.4,10.4,0
"2026-06-28 00:00:00 MDT",1782626400,88.27,100.78,N,34,13,29,77,8.4,12.2,,,24100,1.9,,4,,,13.1,12.1,0
"2026-06-27 23:00:00 MDT",1782622800,88.23,100.75,NW,31,17,,76,9.7,13.7,,,24100,2,,1,,,14.9,12.6,0
"2026-06-27 22:00:00 MDT",1782619200,88.3,100.82,N,35,8,,71,9.5,14.7,,,16100,2.1,,6,,,15.5,14.4,0
"2026-06-27 21:00:00 MDT",1782615600,88.29,100.81,N,35,17,,64,9,15.6,,,16100,2.2,,7,,,16.7,15.4,0
"2026-06-27 20:00:00 MDT",1782612000,88.22,100.72,NNW,34,23,30,59,9,17,,,16100,2.4,,7,,,17,16.1,0
"2026-06-27 19:00:00 MDT",1782608400,88.17,100.69,NNW,34,22,,63,9.9,16.9,,,24100,2.5,,6,,,16.9,16.1,0
"2026-06-27 18:00:00 MDT",1782604800,88.15,100.66,N,35,19,30,64,10.3,17,,,24100,2.6,,8,,,17.5,16.6,0
"2026-06-27 17:00:00 MDT",1782601200,88.11,100.61,NNE,3,21,30,58,9.3,17.5,,,24100,2.6,,7,,,17.5,16.7,0
"2026-06-27 16:00:00 MDT",1782597600,88.1,100.59,NNE,1,17,,62,10,17.2,,,32200,2.6,,7,,,18.3,16.7,0
"2026-06-27 15:00:00 MDT",1782594000,88.04,100.5,N,0,18,30,59,10.1,18.2,,,32200,2.6,,7,,,19.1,16.2,0
"2026-06-27 14:00:00 MDT",1782590400,88.01,100.49,NNW,33,11,,75,12,16.5,,,24100,2.5,,7,,,16.7,14.3,0
"2026-06-27 13:00:00 MDT",1782586800,87.96,100.4,N,35,21,36,59,9.9,17.8,,,24100,2.4,,7,,,18.1,16.5,0
"2026-06-27 12:00:00 MDT",1782583200,87.99,100.43,NNW,34,23,,61,9.8,17.1,,,32200,2.4,,7,,,17.2,15.1,0
"2026-06-27 11:00:00 MDT",1782579600,88,100.45,N,0,13,,74,11.2,15.8,,,48300,2.3,,8,,,15.4,14.3,0
"2026-06-27 10:00:00 MDT",1782576000,87.91,100.35,NNW,33,18,,73,10,14.8,,,64400,2.1,,7,,,14.6,13.5,0
"2026-06-27 09:00:00 MDT",1782572400,87.88,100.31,NNW,34,23,,81,10.5,13.7,,,64400,1.9,,8,,,13.5,12.5,0
"2026-06-27 08:00:00 MDT",1782568800,87.89,100.32,NW,31,19,30,89,11,12.7,,,48300,1.9,,8,,,12.6,12.1,0.1
"2026-06-27 07:00:00 MDT",1782565200,87.89,100.31,WNW,30,17,,91,10.9,12.3,,,9700,1.9,,8,,,12.1,11.7,1.1
"2026-06-27 06:00:00 MDT",1782561600,87.91,100.32,WNW,28,8,,93,10.8,11.9,,,8100,2,,8,,,11.8,11.6,1.9
"2026-06-27 05:00:00 MDT",1782558000,87.9,100.31,NW,31,13,,93,10.6,11.7,,,9700,2,,8,,,12.2,11.6,3.7
"2026-06-27 04:00:00 MDT",1782554400,87.84,100.23,NW,32,21,32,91,10.9,12.3,,,12900,2.2,,8,,,12.8,12.2,0.9
"2026-06-27 03:00:00 MDT",1782550800,87.83,100.2,NW,31,16,,84,10.6,13.2,,,11300,2.3,,8,,,13,12.6,1.5
"2026-06-27 02:00:00 MDT",1782547200,87.85,100.21,NNW,33,8,,76,9.5,13.7,,,16100,2.3,,8,,,14.9,13,0.8
"2026-06-27 01:00:00 MDT",1782543600,87.83,100.17,NNW,33,7,,58,7.8,16,,,24100,2.3,,7,,,16.1,14.9,0
"2026-06-27 00:00:00 MDT",1782540000,87.83,100.21,NW,31,6,,59,8.7,16.7,,,24100,2.2,,6,,,15.7,15.1,0
"2026-06-26 23:00:00 MDT",1782536400,87.86,100.26,S,17,6,,57,8.6,17.2,,,24100,2.3,,8,,,16.5,15.1,0
"2026-06-26 22:00:00 MDT",1782532800,87.86,100.26,SSE,15,14,,57,8.8,17.2,,,64400,2.3,,7,,,17.4,16.4,0
"2026-06-26 21:00:00 MDT",1782529200,87.85,100.24,SSE,15,16,,53,8.5,18.2,,,64400,2.4,,8,,,18.4,17.3,0
"2026-06-26 20:00:00 MDT",1782525600,87.84,100.24,SSE,14,18,,51,8.9,19.1,,,64400,2.5,,8,,,19.4,18.4,0
"2026-06-26 19:00:00 MDT",1782522000,87.84,100.27,SE,14,21,32,44,7.7,20.2,,,64400,2.6,,8,,,20.3,19.4,0
"2026-06-26 18:00:00 MDT",1782518400,87.86,100.3,S,16,19,,38,6.1,20.7,,,48300,2.7,,8,,,21,20.3,0
"2026-06-26 17:00:00 MDT",1782514800,87.85,100.3,S,17,18,31,35,5.4,21.3,,,48300,2.8,,8,,,21.5,20.6,0
"2026-06-26 16:00:00 MDT",1782511200,87.86,100.27,S,18,22,36,33,5,21.9,,,48300,2.9,,8,,,21.7,21,0
"2026-06-26 15:00:00 MDT",1782507600,87.88,100.29,SSE,16,24,32,37,6.2,21.5,,,32200,2.8,,7,,,22,20.7,0
"2026-06-26 14:00:00 MDT",1782504000,87.9,100.31,SSE,15,16,27,37,6.8,21.8,,,32200,2.9,,8,,,22,20.8,0
"2026-06-26 13:00:00 MDT",1782500400,87.95,100.35,SE,13,20,34,45,9.3,21.7,,,32200,2.7,,8,,,21.3,18,0
"2026-06-26 12:00:00 MDT",1782496800,88.01,100.45,SSE,14,16,,62,11.3,18.8,,,32200,2.7,,8,,,18.4,16.4,0
"2026-06-26 11:00:00 MDT",1782493200,88.02,100.46,SE,14,11,,64,10.7,17.6,,,24100,2.6,,8,,,16.6,15.6,0
"2026-06-26 10:00:00 MDT",1782489600,88.02,100.43,SSE,16,7,,60,8.5,16.3,,,32200,2.4,,8,,,16.1,15.1,0
"2026-06-26 09:00:00 MDT",1782486000,88.05,100.45,S,18,5,,63,8.2,15.2,,,32200,2.2,,8,,,15.5,13.7,0
"2026-06-26 08:00:00 MDT",1782482400,88.08,100.47,SE,13,0,,72,8.8,13.7,,,32200,2.1,,8,,,13.8,10.8,0
"2026-06-26 07:00:00 MDT",1782478800,88.09,100.53,SE,13,10,,79,8.3,11.8,,,32200,2,,7,,,10.8,9.1,0
"2026-06-26 06:00:00 MDT",1782475200,88.1,100.55,E,9,5,,72,7.3,12.1,,,32200,2,,7,,,11.4,9.2,0
"2026-06-26 05:00:00 MDT",1782471600,88.1,100.53,SSE,15,5,,78,8,11.7,,,24100,2,,7,,,10.8,8.6,0
"2026-06-26 04:00:00 MDT",1782468000,88.13,100.55,SSE,16,6,,80,8.8,12.2,,,24100,2.2,,6,,,10.8,9.8,0
"2026-06-26 03:00:00 MDT",1782464400,88.15,100.58,SE,13,4,,77,9.2,13.1,,,24100,2.3,,7,,,11.5,10.7,0
"2026-06-26 02:00:00 MDT",1782460800,88.19,100.62,SE,14,8,,73,9.1,13.8,,,24100,2.5,,4,,,12.8,11,0
"2026-06-26 01:00:00 MDT",1782457200,88.23,100.63,SE,13,16,,66,9,15.3,,,24100,2.7,,2,,,13.5,12,0
"2026-06-26 00:00:00 MDT",1782453600,88.25,100.68,SE,12,12,,60,8.7,16.4,,,24100,2.7,,3,,,14.6,13.4,0
"2026-06-25 23:00:00 MDT",1782450000,88.29,100.73,SE,13,13,,55,8.8,17.8,,,24100,2.8,,4,,,16.6,14.3,0
"2026-06-25 22:00:00 MDT",1782446400,88.32,100.76,SE,13,13,,49,8.3,19.3,,,32200,2.8,,5,,,19.4,16.5,0
"2026-06-25 21:00:00 MDT",1782442800,88.35,100.78,SE,14,21,,44,8,20.6,,,32200,2.8,,4,,,21.2,19,0
"2026-06-25 20:00:00 MDT",1782439200,88.36,100.81,SSE,16,26,,40,7.6,21.4,,,48300,2.8,,5,,,21.5,20.8,0
"2026-06-25 19:00:00 MDT",1782435600,88.39,100.87,SSE,16,20,,37,6.5,21.6,,,32200,2.8,,7,,,22.9,21.3,0
"2026-06-25 18:00:00 MDT",1782432000,88.43,100.93,SE,14,23,28,36,7.7,23.4,,,24100,2.8,,7,,,23.4,22.1,0
"2026-06-25 17:00:00 MDT",1782428400,88.46,100.95,SSE,16,27,29,31,6,23.8,,,32200,2.8,,8,,,23.5,22.4,0
"2026-06-25 16:00:00 MDT",1782424800,88.5,100.96,SE,14,27,34,33,6.4,23.3,,,24100,2.7,,7,,,23.2,21.7,0
"2026-06-25 15:00:00 MDT",1782421200,88.57,101.03,SSE,14,32,41,33,6.4,23.1,,,24100,2.7,,7,,,24,22.4,0
"2026-06-25 14:00:00 MDT",1782417600,88.57,101.02,S,17,32,43,32,5.8,23.1,,,24100,2.6,,7,,,23.6,22.3,0
"2026-06-25 13:00:00 MDT",1782414000,88.56,101.02,SSE,16,27,41,34,7.2,23.7,,,32200,2.5,,5,,,22.9,21.7,0
"2026-06-25 12:00:00 MDT",1782410400,88.62,101.08,SSE,14,30,40,43,9.1,22,,,32200,2.5,,8,,,21.7,19.9,0
"2026-06-25 11:00:00 MDT",1782406800,88.66,101.14,SSE,15,16,28,51,10,20.3,,,32200,2.6,,8,,,20.1,16.7,0
"2026-06-25 10:00:00 MDT",1782403200,88.71,101.21,SSE,15,16,,58,9,17.2,,,32200,2.6,,8,,,17.3,16,0
"2026-06-25 09:00:00 MDT",1782399600,88.73,101.21,SE,13,12,,59,8.2,16,,,32200,2.5,,7,,,16.2,13.5,0
"2026-06-25 08:00:00 MDT",1782396000,88.74,101.24,SSE,16,10,,68,8.3,14,,,32200,2.5,,7,,,13.5,12.3,0
"2026-06-25 07:00:00 MDT",1782392400,88.78,101.29,SSE,14,9,,73,8,12.6,,,32200,2.3,,8,,,12.4,9.8,0
"2026-06-25 06:00:00 MDT",1782388800,88.8,101.33,SSE,15,10,,76,7.1,11.2,,,48300,2.2,,5,,,11.1,9.3,0
"2026-06-25 05:00:00 MDT",1782385200,88.85,101.38,S,17,13,,74,7.2,11.7,,,24100,2.3,,5,,,11.9,9.9,0
"2026-06-25 04:00:00 MDT",1782381600,88.9,101.41,SSE,16,17,,69,7.2,12.8,,,24100,2.3,,5,,,12.3,11.6,0
"2026-06-25 03:00:00 MDT",1782378000,88.96,101.48,SSE,15,16,,68,7.2,13,,,24100,2.3,,6,,,12.5,11.7,0
"2026-06-25 02:00:00 MDT",1782374400,89,101.53,SSE,15,19,,65,7.4,13.8,,,24100,2.4,,7,,,13.4,12.3,0
"2026-06-25 01:00:00 MDT",1782370800,89.02,101.57,SSE,16,17,,62,7.2,14.3,,,24100,2.5,,7,,,14.4,13.4,0
"2026-06-25 00:00:00 MDT",1782367200,89.07,101.61,SSE,16,18,,57,7.3,15.6,,,24100,2.6,,7,,,15.4,14.3,0
"2026-06-24 23:00:00 MDT",1782363600,89.11,101.66,SSE,15,19,,60,8.8,16.4,,,24100,2.7,,8,,,17.2,15.2,0
"2026-06-24 22:00:00 MDT",1782360000,89.09,101.63,SSE,15,21,,52,8.2,18.2,,,48300,2.7,,8,,,19.1,17,0
"2026-06-24 21:00:00 MDT",1782356400,89.11,101.65,SSE,15,24,35,47,8.2,19.7,,,48300,2.8,,8,,,20.4,19,0
"2026-06-24 20:00:00 MDT",1782352800,89.12,101.7,SSE,16,24,37,42,8,21.1,,,48300,2.8,,6,,,21.9,20.3,0
