date,max_dew_point_v,max_dew_point_s,max_dew_point_c,max_dew_point_d,max_relative_humidity_v,max_relative_humidity_s,max_relative_humidity_c,max_relative_humidity_d,max_temperature_v,max_temperature_s,max_temperature_c,max_temperature_d,max_wind_speed_v,max_wind_speed_s,max_wind_speed_c,max_wind_speed_d,min_dew_point_v,min_dew_point_s,min_dew_point_c,min_dew_point_d,min_relative_humidity_v,min_relative_humidity_s,min_relative_humidity_c,min_relative_humidity_d,min_temperature_v,min_temperature_s,min_temperature_c,min_temperature_d,min_wind_speed_v,min_wind_speed_s,min_wind_speed_c,min_wind_speed_d,precipitation_v,precipitation_s,precipitation_c,precipitation_d,rain_v,rain_s,rain_c,rain_d,snow_v,snow_s,snow_c,snow_d,snow_on_ground_v,snow_on_ground_s,snow_on_ground_c,snow_on_ground_d,solar_radiation_v,solar_radiation_s,solar_radiation_c,solar_radiation_d
2026-08-05,11.83,2.71,450,"1996-07-29 2025-08-12",85.36,8.62,450,"1996-07-29 2025-08-12",24.29,4.63,450,"1996-07-29 2025-08-12",27.29,8.67,450,"1996-07-29 2025-08-12",6.57,3.23,450,"1996-07-29 2025-08-12",40.15,14.74,450,"1996-07-29 2025-08-12",10.77,2.73,450,"1996-07-29 2025-08-12",2.18,2.82,450,"1996-07-29 2025-08-12",2.21,5.78,450,"1996-07-29 2025-08-12",2.17,5.78,444,"1996-07-29 2025-08-12",0,0,445,"1996-07-29 2025-08-12",0,0,240,"1996-07-29 2011-08-12",,,,
2026-08-04,11.89,2.73,450,"1996-07-28 2025-08-11",85.23,8.65,450,"1996-07-28 2025-08-11",24.4,4.58,450,"1996-07-28 2025-08-11",27.29,8.65,450,"1996-07-28 2025-08-11",6.59,3.26,450,"1996-07-28 2025-08-11",39.98,14.6,450,"1996-07-28 2025-08-11",10.83,2.73,450,"1996-07-28 2025-08-11",2.19,2.85,450,"1996-07-28 2025-08-11",2.2,5.87,450,"1996-07-28 2025-08-11",2.16,5.87,444,"1996-07-28 2025-08-11",0,0,445,"1996-07-28 2025-08-11",0,0,240,"1996-07-28 2011-08-11",,,,
2026-08-03,11.91,2.72,450,"1996-07-27 2025-08-10",85.22,8.65,450,"1996-07-27 2025-08-10",24.52,4.57,450,"1996-07-27 2025-08-10",27.2,8.65,450,"1996-07-27 2025-08-10",6.62,3.27,450,"1996-07-27 2025-08-10",39.67,14.5,450,"1996-07-27 2025-08-10",10.83,2.71,450,"1996-07-27 2025-08-10",2.18,2.86,450,"1996-07-27 2025-08-10",2.09,5.36,450,"1996-07-27 2025-08-10",2.05,5.35,444,"1996-07-27 2025-08-10",0,0,445,"1996-07-27 2025-08-10",0,0,240,"1996-07-27 2011-08-10",,,,
2026-08-02,11.91,2.76,450,"1996-07-26 2025-08-09",85.29,8.64,450,"1996-07-26 2025-08-09",24.55,4.44,450,"1996-07-26 2025-08-09",27.24,8.63,450,"1996-07-26 2025-08-09",6.67,3.3,450,"1996-07-26 2025-08-09",39.53,13.96,450,"1996-07-26 2025-08-09",10.82,2.68,450,"1996-07-26 2025-08-09",2.16,2.87,450,"1996-07-26 2025-08-09",2.07,5.36,450,"1996-07-26 2025-08-09",2.03,5.35,444,"1996-07-26 2025-08-09",0,0,445,"1996-07-26 2025-08-09",0,0,240,"1996-07-26 2011-08-09",,,,
2026-08-01,11.98,2.72,450,"1996-07-25 2025-08-08",85.28,8.78,450,"1996-07-25 2025-08-08",24.5,4.41,450,"1996-07-25 2025-08-08",27.45,8.74,450,"1996-07-25 2025-08-08",6.67,3.31,450,"1996-07-25 2025-08-08",39.72,13.69,450,"1996-07-25 2025-08-08",10.87,2.69,450,"1996-07-25 2025-08-08",2.17,2.93,450,"1996-07-25 2025-08-08",2.07,5.25,450,"1996-07-25 2025-08-08",2.02,5.24,444,"1996-07-25 2025-08-08",0,0,445,"1996-07-25 2025-08-08",0,0,240,"1996-07-25 2011-08-08",,,,
2026-07-31,12.03,2.75,450,"1996-07-24 2025-08-07",85.23,8.67,450,"1996-07-24 2025-08-07",24.61,4.39,450,"1996-07-24 2025-08-07",27.71,8.71,450,"1996-07-24 2025-08-07",6.62,3.37,450,"1996-07-24 2025-08-07",39.36,13.62,450,"1996-07-24 2025-08-07",10.92,2.72,450,"1996-07-24 2025-08-07",2.29,3,450,"1996-07-24 2025-08-07",2.06,5.23,450,"1996-07-24 2025-08-07",2.02,5.21,444,"1996-07-24 2025-08-07",0,0,445,"1996-07-24 2025-08-07",0,0,241,"1996-07-24 2019-07-24",,,,
2026-07-30,12.07,2.76,450,"1996-07-23 2025-08-06",85.36,8.38,450,"1996-07-23 2025-08-06",24.72,4.41,450,"1996-07-23 2025-08-06",27.89,8.79,450,"1996-07-23 2025-08-06",6.57,3.42,450,"1996-07-23 2025-08-06",39.04,13.75,450,"1996-07-23 2025-08-06",10.96,2.71,450,"1996-07-23 2025-08-06",2.26,2.99,450,"1996-07-23 2025-08-06",1.99,5.24,450,"1996-07-23 2025-08-06",1.95,5.22,445,"1996-07-23 2025-08-06",0,0,446,"1996-07-23 2025-08-06",0,0,242,"1996-07-23 2019-07-24",,,,
2026-07-29,12.11,2.79,450,"1996-07-22 2025-08-05",85.29,8.46,450,"1996-07-22 2025-08-05",24.71,4.44,450,"1996-07-22 2025-08-05",27.87,8.78,450,"1996-07-22 2025-08-05",6.58,3.47,450,"1996-07-22 2025-08-05",39.14,13.74,450,"1996-07-22 2025-08-05",11,2.72,450,"1996-07-22 2025-08-05",2.36,3.14,450,"1996-07-22 2025-08-05",1.96,5.15,450,"1996-07-22 2025-08-05",1.93,5.13,446,"1996-07-22 2025-08-04",0,0,447,"1996-07-22 2025-08-04",0,0,243,"1996-07-22 2019-07-24",,,,
2026-07-28,12.14,2.76,450,"1996-07-21 2025-08-04",85.3,8.54,450,"1996-07-21 2025-08-04",24.76,4.39,450,"1996-07-21 2025-08-04",28.02,8.85,450,"1996-07-21 2025-08-04",6.55,3.48,450,"1996-07-21 2025-08-04",38.87,13.54,450,"1996-07-21 2025-08-04",11,2.7,450,"1996-07-21 2025-08-04",2.38,3.16,450,"1996-07-21 2025-08-04",1.67,4.27,450,"1996-07-21 2025-08-04",1.63,4.23,447,"1996-07-21 2025-08-04",0,0,448,"1996-07-21 2025-08-04",0,0,244,"1996-07-21 2019-07-24",,,,
2026-07-27,12.15,2.8,450,"1996-07-20 2025-08-03",85.12,8.74,450,"1996-07-20 2025-08-03",24.85,4.28,450,"1996-07-20 2025-08-03",28.21,8.89,450,"1996-07-20 2025-08-03",6.51,3.54,450,"1996-07-20 2025-08-03",38.66,13.6,450,"1996-07-20 2025-08-03",11,2.71,450,"1996-07-20 2025-08-03",2.41,3.16,450,"1996-07-20 2025-08-03",1.57,4.11,450,"1996-07-20 2025-08-03",1.54,4.07,448,"1996-07-20 2025-08-03",0,0,448,"1996-07-20 2025-08-03",0,0,245,"1996-07-20 2019-07-24",,,,
2026-07-26,12.18,2.79,450,"1996-07-19 2025-08-02",85.1,8.79,450,"1996-07-19 2025-08-02",24.88,4.17,450,"1996-07-19 2025-08-02",28.19,8.74,450,"1996-07-19 2025-08-02",6.5,3.56,450,"1996-07-19 2025-08-02",38.5,13.46,450,"1996-07-19 2025-08-02",11.02,2.7,450,"1996-07-19 2025-08-02",2.35,3.15,450,"1996-07-19 2025-08-02",1.52,4.25,450,"1996-07-19 2025-08-02",1.49,4.22,446,"1996-07-19 2025-08-02",0,0,446,"1996-07-19 2025-08-02",0,0,246,"1996-07-19 2019-07-24",,,,
2026-07-25,12.24,2.84,450,"1996-07-18 2025-08-01",85.22,8.83,450,"1996-07-18 2025-08-01",24.85,4.2,450,"1996-07-18 2025-08-01",28.22,8.64,450,"1996-07-18 2025-08-01",6.54,3.51,450,"1996-07-18 2025-08-01",38.65,13.52,450,"1996-07-18 2025-08-01",11.02,2.64,450,"1996-07-18 2025-08-01",2.37,3.17,450,"1996-07-18 2025-08-01",1.46,4.02,450,"1996-07-18 2025-08-01",1.43,3.99,445,"1996-07-18 2025-08-01",0,0,445,"1996-07-18 2025-08-01",0,0,247,"1996-07-18 2019-07-24",,,,
2026-07-24,12.31,2.82,450,"1996-07-17 2025-07-31",85.26,8.93,450,"1996-07-17 2025-07-31",24.76,4.16,450,"1996-07-17 2025-07-31",28.24,8.73,450,"1996-07-17 2025-07-31",6.56,3.53,450,"1996-07-17 2025-07-31",39.08,13.73,450,"1996-07-17 2025-07-31",11.02,2.62,450,"1996-07-17 2025-07-31",2.41,3.15,450,"1996-07-17 2025-07-31",1.57,4.23,450,"1996-07-17 2025-07-31",1.54,4.21,444,"1996-07-17 2025-07-31",0,0,444,"1996-07-17 2025-07-31",0,0,248,"1996-07-17 2019-07-24",,,,
2026-07-23,12.34,2.75,450,"1996-07-16 2025-07-30",85.46,8.99,450,"1996-07-16 2025-07-30",24.66,4.18,450,"1996-07-16 2025-07-30",28.19,8.73,450,"1996-07-16 2025-07-30",6.62,3.49,450,"1996-07-16 2025-07-30",39.47,13.89,450,"1996-07-16 2025-07-30",11.02,2.66,450,"1996-07-16 2025-07-30",2.53,3.16,450,"1996-07-16 2025-07-30",1.62,4.3,450,"1996-07-16 2025-07-30",1.6,4.29,442,"1996-07-16 2025-07-30",0,0,442,"1996-07-16 2025-07-30",0,0,249,"1996-07-16 2019-07-24",,,,
2026-07-22,12.29,2.78,450,"1996-07-15 2025-07-29",85.45,9.19,450,"1996-07-15 2025-07-29",24.48,4.28,450,"1996-07-15 2025-07-29",27.88,8.58,450,"1996-07-15 2025-07-29",6.59,3.46,450,"1996-07-15 2025-07-29",39.92,14.23,450,"1996-07-15 2025-07-29",10.97,2.67,450,"1996-07-15 2025-07-29",2.52,3.14,450,"1996-07-15 2025-07-29",1.75,4.64,450,"1996-07-15 2025-07-29",1.73,4.64,442,"1996-07-15 2025-07-29",0,0,442,"1996-07-15 2025-07-29",0,0,250,"1996-07-15 2019-07-24",,,,
2026-07-21,12.24,2.78,450,"1996-07-14 2025-07-28",85.51,9.19,450,"1996-07-14 2025-07-28",24.32,4.29,450,"1996-07-14 2025-07-28",27.95,8.44,450,"1996-07-14 2025-07-28",6.57,3.42,450,"1996-07-14 2025-07-28",40.25,14.49,450,"1996-07-14 2025-07-28",10.93,2.67,450,"1996-07-14 2025-07-28",2.55,3.19,450,"1996-07-14 2025-07-28",1.9,5.1,450,"1996-07-14 2025-07-28",1.91,5.13,443,"1996-07-14 2025-07-28",0,0,443,"1996-07-14 2025-07-28",0,0,251,"1996-07-14 2019-07-24",,,,
2026-07-20,12.28,2.77,450,"1996-07-13 2025-07-27",85.7,8.99,450,"1996-07-13 2025-07-27",24.28,4.33,450,"1996-07-13 2025-07-27",28.36,8.67,450,"1996-07-13 2025-07-27",6.55,3.42,450,"1996-07-13 2025-07-27",40.3,14.37,450,"1996-07-13 2025-07-27",10.94,2.67,450,"1996-07-13 2025-07-27",2.63,3.16,450,"1996-07-13 2025-07-27",2.01,5.13,450,"1996-07-13 2025-07-27",2.03,5.17,443,"1996-07-13 2025-07-27",0,0,443,"1996-07-13 2025-07-27",0,0,251,"1996-07-13 2019-07-24",,,,
2026-07-19,12.34,2.78,450,"1996-07-12 2025-07-26",85.59,9.09,450,"1996-07-12 2025-07-26",24.31,4.26,450,"1996-07-12 2025-07-26",28.44,8.66,450,"1996-07-12 2025-07-26",6.52,3.43,450,"1996-07-12 2025-07-26",40.28,14.28,450,"1996-07-12 2025-07-26",11,2.67,450,"1996-07-12 2025-07-26",2.66,3.17,450,"1996-07-12 2025-07-26",1.99,5.12,450,"1996-07-12 2025-07-26",2.01,5.16,443,"1996-07-12 2025-07-26",0,0,443,"1996-07-12 2025-07-26",0,0,252,"1996-07-12 2019-07-24",,,,
2026-07-18,12.39,2.79,450,"1996-07-11 2025-07-25",85.52,9.02,450,"1996-07-11 2025-07-25",24.29,4.27,450,"1996-07-11 2025-07-25",28.4,8.53,450,"1996-07-11 2025-07-25",6.46,3.45,450,"1996-07-11 2025-07-25",40.33,14.32,450,"1996-07-11 2025-07-25",11.03,2.69,450,"1996-07-11 2025-07-25",2.68,3.15,450,"1996-07-11 2025-07-25",2.1,5.5,450,"1996-07-11 2025-07-25",2.12,5.54,443,"1996-07-11 2025-07-25",0,0,443,"1996-07-11 2025-07-25",0,0,253,"1996-07-11 2019-07-24",,,,
2026-07-17,12.46,2.77,450,"1996-07-10 2025-07-24",85.56,8.84,450,"1996-07-10 2025-07-24",24.32,4.28,450,"1996-07-10 2025-07-24",28.34,8.41,450,"1996-07-10 2025-07-24",6.47,3.43,450,"1996-07-10 2025-07-24",40.3,14.3,450,"1996-07-10 2025-07-24",11,2.73,450,"1996-07-10 2025-07-24",2.62,3.02,450,"1996-07-10 2025-07-24",2.1,5.49,450,"1996-07-10 2025-07-24",2.12,5.53,443,"1996-07-10 2025-07-24",0,0,443,"1996-07-10 2025-07-24",0,0,255,"1996-07-10 2019-07-24",,,,
2026-07-16,12.47,2.78,450,"1996-07-09 2025-07-23",85.5,8.92,450,"1996-07-09 2025-07-23",24.35,4.24,450,"1996-07-09 2025-07-23",28.46,8.43,450,"1996-07-09 2025-07-23",6.52,3.39,450,"1996-07-09 2025-07-23",40.28,13.98,450,"1996-07-09 2025-07-23",11.01,2.71,450,"1996-07-09 2025-07-23",2.58,2.98,450,"1996-07-09 2025-07-23",2.08,5.57,450,"1996-07-09 2025-07-23",2.1,5.61,443,"1996-07-09 2025-07-23",0,0,443,"1996-07-09 2025-07-23",0,0,256,"1996-07-09 2019-07-23",,,,
2026-07-15,12.45,2.8,450,"1996-07-08 2025-07-22",85.28,9.16,450,"1996-07-08 2025-07-22",24.22,4.26,450,"1996-07-08 2025-07-22",28.29,8.55,450,"1996-07-08 2025-07-22",6.52,3.34,450,"1996-07-08 2025-07-22",40.67,14.08,450,"1996-07-08 2025-07-22",10.98,2.7,450,"1996-07-08 2025-07-22",2.57,3.03,450,"1996-07-08 2025-07-22",2.16,5.58,450,"1996-07-08 2025-07-22",2.18,5.62,442,"1996-07-08 2025-07-22",0,0,442,"1996-07-08 2025-07-22",0,0,257,"1996-07-08 2019-07-22",,,,
2026-07-14,12.45,2.77,450,"1996-07-07 2025-07-21",85.48,9.05,450,"1996-07-07 2025-07-21",24.13,4.18,450,"1996-07-07 2025-07-21",28.37,8.47,450,"1996-07-07 2025-07-21",6.48,3.31,450,"1996-07-07 2025-07-21",40.76,13.98,450,"1996-07-07 2025-07-21",10.91,2.71,450,"1996-07-07 2025-07-21",2.53,2.91,450,"1996-07-07 2025-07-21",2.22,5.63,450,"1996-07-07 2025-07-21",2.24,5.67,442,"1996-07-07 2025-07-21",0,0,442,"1996-07-07 2025-07-21",0,0,258,"1996-07-07 2019-07-21",,,,
2026-07-13,12.43,2.8,450,"1996-07-06 2025-07-20",85.5,9.02,450,"1996-07-06 2025-07-20",23.98,4.18,450,"1996-07-06 2025-07-20",28.38,8.52,450,"1996-07-06 2025-07-20",6.41,3.36,450,"1996-07-06 2025-07-20",41.23,14.18,450,"1996-07-06 2025-07-20",10.86,2.79,450,"1996-07-06 2025-07-20",2.5,2.89,450,"1996-07-06 2025-07-20",2.38,5.82,450,"1996-07-06 2025-07-20",2.41,5.87,441,"1996-07-06 2025-07-20",0,0,441,"1996-07-06 2025-07-20",0,0,259,"1996-07-06 2019-07-20",,,,
2026-07-12,12.35,2.87,450,"1996-07-05 2025-07-19",85.6,9,450,"1996-07-05 2025-07-19",23.8,4.22,450,"1996-07-05 2025-07-19",28.26,8.41,450,"1996-07-05 2025-07-19",6.32,3.35,450,"1996-07-05 2025-07-19",41.56,14.08,450,"1996-07-05 2025-07-19",10.76,2.82,450,"1996-07-05 2025-07-19",2.52,2.92,450,"1996-07-05 2025-07-19",2.53,6,450,"1996-07-05 2025-07-19",2.57,6.05,441,"1996-07-05 2025-07-18",0,0,441,"1996-07-05 2025-07-18",0,0,260,"1996-07-05 2019-07-19",,,,
2026-07-11,12.27,2.87,450,"1996-07-04 2025-07-18",85.46,9.14,450,"1996-07-04 2025-07-18",23.61,4.34,450,"1996-07-04 2025-07-18",28.32,8.33,450,"1996-07-04 2025-07-18",6.24,3.39,450,"1996-07-04 2025-07-18",41.97,14.49,450,"1996-07-04 2025-07-18",10.69,2.8,450,"1996-07-04 2025-07-18",2.57,2.93,450,"1996-07-04 2025-07-18",2.79,6.4,450,"1996-07-04 2025-07-18",2.83,6.44,443,"1996-07-04 2025-07-18",0,0,443,"1996-07-04 2025-07-18",0,0,261,"1996-07-04 2019-07-18",,,,
2026-07-10,12.14,2.88,450,"1996-07-03 2025-07-17",85.17,9.42,450,"1996-07-03 2025-07-17",23.49,4.38,450,"1996-07-03 2025-07-17",28.54,8.52,450,"1996-07-03 2025-07-17",6.1,3.48,450,"1996-07-03 2025-07-17",42.02,14.65,450,"1996-07-03 2025-07-17",10.61,2.8,450,"1996-07-03 2025-07-17",2.64,3.01,450,"1996-07-03 2025-07-17",2.75,6.36,450,"1996-07-03 2025-07-17",2.78,6.39,444,"1996-07-03 2025-07-17",0,0,444,"1996-07-03 2025-07-17",0,0,262,"1996-07-03 2019-07-17",,,,
2026-07-09,12.03,3,450,"1996-07-02 2025-07-16",85.16,9.51,450,"1996-07-02 2025-07-16",23.38,4.4,450,"1996-07-02 2025-07-16",28.46,8.35,450,"1996-07-02 2025-07-16",5.98,3.54,450,"1996-07-02 2025-07-16",41.8,14.58,450,"1996-07-02 2025-07-16",10.55,2.82,450,"1996-07-02 2025-07-16",2.6,3.01,450,"1996-07-02 2025-07-16",2.76,6.42,450,"1996-07-02 2025-07-16",2.79,6.45,445,"1996-07-02 2025-07-15",0,0,445,"1996-07-02 2025-07-15",0,0,263,"1996-07-02 2019-07-16",,,,
2026-07-08,11.94,3.06,450,"1996-07-01 2025-07-15",85.04,9.67,450,"1996-07-01 2025-07-15",23.35,4.35,450,"1996-07-01 2025-07-15",28.65,8.44,450,"1996-07-01 2025-07-15",5.85,3.62,450,"1996-07-01 2025-07-15",41.52,14.57,450,"1996-07-01 2025-07-15",10.5,2.8,450,"1996-07-01 2025-07-15",2.53,3.02,450,"1996-07-01 2025-07-15",2.76,6.41,450,"1996-07-01 2025-07-15",2.78,6.42,447,"1996-07-01 2025-07-15",0,0,447,"1996-07-01 2025-07-15",0,0,263,"1996-07-01 2019-07-15",,,,
2026-07-07,11.9,3.07,450,"1996-06-30 2025-07-14",84.92,9.68,450,"1996-06-30 2025-07-14",23.29,4.3,450,"1996-06-30 2025-07-14",28.66,8.44,450,"1996-06-30 2025-07-14",5.81,3.7,450,"1996-06-30 2025-07-14",41.49,14.57,450,"1996-06-30 2025-07-14",10.51,2.81,450,"1996-06-30 2025-07-14",2.61,3.09,450,"1996-06-30 2025-07-14",2.7,6.23,450,"1996-06-30 2025-07-14",2.72,6.25,447,"1996-06-30 2025-07-14",0,0,447,"1996-06-30 2025-07-14",0,0,264,"1996-06-30 2019-07-14",,,,
2026-07-06,11.87,3.1,450,"1996-06-29 2025-07-13",84.9,9.71,450,"1996-06-29 2025-07-13",23.24,4.35,450,"1996-06-29 2025-07-13",28.64,8.42,450,"1996-06-29 2025-07-13",5.78,3.7,450,"1996-06-29 2025-07-13",41.6,14.51,450,"1996-06-29 2025-07-13",10.52,2.83,450,"1996-06-29 2025-07-13",2.59,3.04,450,"1996-06-29 2025-07-13",2.62,5.89,450,"1996-06-29 2025-07-13",2.63,5.9,448,"1996-06-29 2025-07-13",0,0,448,"1996-06-29 2025-07-13",0,0,265,"1996-06-29 2019-07-12",,,,
2026-07-05,11.79,3.12,450,"1996-06-28 2025-07-12",84.72,10.01,450,"1996-06-28 2025-07-12",23.12,4.34,450,"1996-06-28 2025-07-12",28.51,8.17,450,"1996-06-28 2025-07-12",5.72,3.7,450,"1996-06-28 2025-07-12",41.74,14.74,450,"1996-06-28 2025-07-12",10.44,2.87,450,"1996-06-28 2025-07-12",2.61,3.17,450,"1996-06-28 2025-07-12",2.58,5.94,450,"1996-06-28 2025-07-12",2.6,5.95,448,"1996-06-28 2025-07-12",0,0,448,"1996-06-28 2025-07-12",0,0,266,"1996-06-28 2019-07-12",,,,
2026-07-04,11.62,3.17,450,"1996-06-27 2025-07-11",84.67,10.14,450,"1996-06-27 2025-07-11",22.91,4.38,450,"1996-06-27 2025-07-11",28.58,8.18,450,"1996-06-27 2025-07-11",5.62,3.74,450,"1996-06-27 2025-07-11",42.02,14.95,450,"1996-06-27 2025-07-11",10.29,2.9,450,"1996-06-27 2025-07-11",2.67,3.25,450,"1996-06-27 2025-07-11",2.68,6.05,450,"1996-06-27 2025-07-11",2.69,6.06,447,"1996-06-27 2025-07-11",0,0,447,"1996-06-27 2025-07-11",0,0,267,"1996-06-27 2019-07-10",,,,
2026-07-03,11.42,3.21,450,"1996-06-26 2025-07-10",84.44,10.43,450,"1996-06-26 2025-07-10",22.79,4.49,450,"1996-06-26 2025-07-10",28.77,8.35,450,"1996-06-26 2025-07-10",5.48,3.75,450,"1996-06-26 2025-07-10",41.83,15.12,450,"1996-06-26 2025-07-10",10.19,2.89,450,"1996-06-26 2025-07-10",2.74,3.33,450,"1996-06-26 2025-07-10",2.54,5.7,450,"1996-06-26 2025-07-10",2.56,5.72,447,"1996-06-26 2025-07-10",0,0,447,"1996-06-26 2025-07-10",0,0,268,"1996-06-26 2019-07-10",,,,
2026-07-02,11.26,3.21,450,"1996-06-25 2025-07-09",84.42,10.46,450,"1996-06-25 2025-07-09",22.62,4.47,450,"1996-06-25 2025-07-09",28.96,8.5,450,"1996-06-25 2025-07-09",5.33,3.77,450,"1996-06-25 2025-07-09",41.9,15.22,450,"1996-06-25 2025-07-09",10.06,2.88,450,"1996-06-25 2025-07-09",2.82,3.35,450,"1996-06-25 2025-07-09",2.61,5.9,450,"1996-06-25 2025-07-09",2.63,5.92,447,"1996-06-25 2025-07-09",0,0,447,"1996-06-25 2025-07-09",0,0,268,"1996-06-25 2019-07-09",,,,
2026-07-01,11.05,3.21,450,"1996-06-24 2025-07-08",84.56,10.48,450,"1996-06-24 2025-07-08",22.28,4.45,450,"1996-06-24 2025-07-08",28.72,8.38,450,"1996-06-24 2025-07-08",5.16,3.76,450,"1996-06-24 2025-07-08",42.38,15.39,450,"1996-06-24 2025-07-08",9.83,2.89,450,"1996-06-24 2025-07-08",2.79,3.36,450,"1996-06-24 2025-07-08",2.76,6.01,450,"1996-06-24 2025-07-08",2.78,6.03,447,"1996-06-24 2025-07-08",0,0,447,"1996-06-24 2025-07-08",0,0,268,"1996-06-24 2019-07-08",,,,
2026-06-30,10.88,3.18,450,"1996-06-23 2025-07-07",84.72,10.35,450,"1996-06-23 2025-07-07",22.05,4.42,450,"1996-06-23 2025-07-07",28.78,8.17,450,"1996-06-23 2025-07-07",5.01,3.76,450,"1996-06-23 2025-07-07",42.35,15.21,450,"1996-06-23 2025-07-07",9.68,2.89,450,"1996-06-23 2025-07-07",2.81,3.31,450,"1996-06-23 2025-07-07",2.75,6.06,450,"1996-06-23 2025-07-07",2.77,6.07,448,"1996-06-23 2025-07-07",0,0,448,"1996-06-23 2025-07-07",0,0,268,"1996-06-23 2019-07-07",,,,
2026-06-29,10.69,3.22,450,"1996-06-22 2025-07-06",84.57,10.43,450,"1996-06-22 2025-07-06",21.92,4.48,450,"1996-06-22 2025-07-06",28.72,8.18,450,"1996-06-22 2025-07-06",4.82,3.75,450,"1996-06-22 2025-07-06",42.06,15.25,450,"1996-06-22 2025-07-06",9.56,2.92,450,"1996-06-22 2025-07-06",2.75,3.32,450,"1996-06-22 2025-07-06",2.68,5.97,450,"1996-06-22 2025-07-06",2.69,5.98,448,"1996-06-22 2025-07-06",0,0,448,"1996-06-22 2025-07-06",0,0,267,"1996-06-22 2019-07-06",,,,
2026-06-28,10.53,3.19,450,"1996-06-21 2025-07-05",84.64,10.42,450,"1996-06-21 2025-07-05",21.78,4.55,450,"1996-06-21 2025-07-05",28.79,8.18,450,"1996-06-21 2025-07-05",4.71,3.71,450,"1996-06-21 2025-07-05",41.78,15.24,450,"1996-06-21 2025-07-05",9.43,2.87,450,"1996-06-21 2025-07-05",2.78,3.4,450,"1996-06-21 2025-07-05",2.97,6.86,450,"1996-06-21 2025-07-05",2.98,6.86,449,"1996-06-21 2025-07-05",0,0,449,"1996-06-21 2025-07-05",0,0,266,"1996-06-21 2019-07-05",,,,
2026-06-27,10.41,3.16,450,"1996-06-20 2025-07-04",84.68,10.42,450,"1996-06-20 2025-07-04",21.65,4.61,450,"1996-06-20 2025-07-04",28.76,8.2,450,"1996-06-20 2025-07-04",4.61,3.67,450,"1996-06-20 2025-07-04",41.7,15.4,450,"1996-06-20 2025-07-04",9.32,2.88,450,"1996-06-20 2025-07-04",2.78,3.49,450,"1996-06-20 2025-07-04",3.09,7.2,450,"1996-06-20 2025-07-04",3.1,7.21,449,"1996-06-20 2025-07-04",0,0,449,"1996-06-20 2025-07-04",0,0,265,"1996-06-20 2019-07-04",,,,
2026-06-26,10.25,3.16,450,"1996-06-19 2025-07-03",84.84,10.36,450,"1996-06-19 2025-07-03",21.51,4.52,450,"1996-06-19 2025-07-03",28.74,8.23,450,"1996-06-19 2025-07-03",4.45,3.68,450,"1996-06-19 2025-07-03",41.41,15.18,450,"1996-06-19 2025-07-03",9.16,2.91,450,"1996-06-19 2025-07-03",2.81,3.52,450,"1996-06-19 2025-07-03",2.86,6.78,450,"1996-06-19 2025-07-03",2.87,6.78,449,"1996-06-19 2025-07-03",0,0,449,"1996-06-19 2025-07-03",0,0,264,"1996-06-19 2019-07-03",,,,
2026-06-25,10.12,3.14,450,"1996-06-18 2025-07-02",85.15,10.17,450,"1996-06-18 2025-07-02",21.24,4.57,450,"1996-06-18 2025-07-02",28.54,8.19,450,"1996-06-18 2025-07-02",4.37,3.62,450,"1996-06-18 2025-07-02",41.7,15.31,450,"1996-06-18 2025-07-02",9.01,2.9,450,"1996-06-18 2025-07-02",2.79,3.55,450,"1996-06-18 2025-07-02",3.14,7.07,450,"1996-06-18 2025-07-02",3.15,7.08,449,"1996-06-18 2025-07-02",0,0,449,"1996-06-18 2025-07-02",0,0,263,"1996-06-18 2019-07-02",,,,
2026-06-24,9.96,3.07,450,"1996-06-17 2025-07-01",85.1,10.32,450,"1996-06-17 2025-07-01",21.04,4.57,450,"1996-06-17 2025-07-01",28.73,8.22,450,"1996-06-17 2025-07-01",4.24,3.57,450,"1996-06-17 2025-07-01",41.9,15.6,450,"1996-06-17 2025-07-01",8.86,2.88,450,"1996-06-17 2025-07-01",2.82,3.56,450,"1996-06-17 2025-07-01",3.2,7.06,450,"1996-06-17 2025-07-01",3.21,7.07,449,"1996-06-17 2025-07-01",0,0,449,"1996-06-17 2025-07-01",0,0,262,"1996-06-17 2019-06-30",,,,
2026-06-23,9.76,2.98,450,"1996-06-16 2025-06-30",85.11,10.34,450,"1996-06-16 2025-06-30",20.79,4.54,450,"1996-06-16 2025-06-30",28.92,8.24,450,"1996-06-16 2025-06-30",4.08,3.48,450,"1996-06-16 2025-06-30",42.13,15.78,450,"1996-06-16 2025-06-30",8.68,2.8,450,"1996-06-16 2025-06-30",2.89,3.55,450,"1996-06-16 2025-06-30",3.25,7.07,450,"1996-06-16 2025-06-30",3.23,7.06,448,"1996-06-16 2025-06-30",0,0,449,"1996-06-16 2025-06-30",0,0,262,"1996-06-16 2019-06-30",,,,
2026-06-22,9.52,2.99,450,"1996-06-15 2025-06-29",85.22,10.27,450,"1996-06-15 2025-06-29",20.52,4.5,450,"1996-06-15 2025-06-29",29.2,8.38,450,"1996-06-15 2025-06-29",3.9,3.43,450,"1996-06-15 2025-06-29",42.21,15.71,450,"1996-06-15 2025-06-29",8.46,2.73,450,"1996-06-15 2025-06-29",2.98,3.69,450,"1996-06-15 2025-06-29",3.38,7.17,450,"1996-06-15 2025-06-29",3.36,7.17,447,"1996-06-15 2025-06-29",0,0,448,"1996-06-15 2025-06-29",0,0,261,"1996-06-15 2019-06-29",,,,
2026-06-21,9.33,2.93,450,"1996-06-14 2025-06-28",85.18,10.39,450,"1996-06-14 2025-06-28",20.28,4.42,450,"1996-06-14 2025-06-28",29.32,8.52,450,"1996-06-14 2025-06-28",3.71,3.4,450,"1996-06-14 2025-06-28",42.34,15.7,450,"1996-06-14 2025-06-28",8.29,2.64,450,"1996-06-14 2025-06-28",3.07,3.79,450,"1996-06-14 2025-06-28",3.51,7.42,450,"1996-06-14 2025-06-28",3.5,7.42,447,"1996-06-14 2025-06-28",0,0,448,"1996-06-14 2025-06-28",0,0,260,"1996-06-14 2019-06-27",,,,
2026-06-20,9.18,2.9,450,"1996-06-13 2025-06-27",85.21,10.55,450,"1996-06-13 2025-06-27",20.16,4.36,450,"1996-06-13 2025-06-27",29.35,8.56,450,"1996-06-13 2025-06-27",3.54,3.37,450,"1996-06-13 2025-06-27",42.24,15.69,450,"1996-06-13 2025-06-27",8.11,2.58,450,"1996-06-13 2025-06-27",2.97,3.69,450,"1996-06-13 2025-06-27",3.63,7.74,450,"1996-06-13 2025-06-27",3.62,7.75,447,"1996-06-13 2025-06-27",0,0,448,"1996-06-13 2025-06-27",0,0,260,"1996-06-13 2019-06-27",,,,
2026-06-19,8.98,2.96,450,"1996-06-12 2025-06-26",85.16,10.86,450,"1996-06-12 2025-06-26",20.01,4.28,450,"1996-06-12 2025-06-26",29.34,8.48,450,"1996-06-12 2025-06-26",3.34,3.43,450,"1996-06-12 2025-06-26",42.08,15.8,450,"1996-06-12 2025-06-26",7.98,2.6,450,"1996-06-12 2025-06-26",2.97,3.68,450,"1996-06-12 2025-06-26",3.6,7.71,450,"1996-06-12 2025-06-26",3.58,7.7,448,"1996-06-12 2025-06-26",0,0,449,"1996-06-12 2025-06-26",0,0,259,"1996-06-12 2019-06-26",,,,
2026-06-18,8.87,2.97,450,"1996-06-11 2025-06-25",85.24,10.92,450,"1996-06-11 2025-06-25",19.83,4.2,450,"1996-06-11 2025-06-25",29.38,8.47,450,"1996-06-11 2025-06-25",3.19,3.53,450,"1996-06-11 2025-06-25",42.09,15.81,450,"1996-06-11 2025-06-25",7.85,2.59,450,"1996-06-11 2025-06-25",2.97,3.6,450,"1996-06-11 2025-06-25",3.74,7.95,450,"1996-06-11 2025-06-25",3.73,7.95,447,"1996-06-11 2025-06-25",0,0,448,"1996-06-11 2025-06-25",0,0,258,"1996-06-11 2019-06-25",,,,
2026-06-17,8.7,2.99,450,"1996-06-10 2025-06-24",85.22,11.08,450,"1996-06-10 2025-06-24",19.62,4.26,450,"1996-06-10 2025-06-24",29.37,8.39,450,"1996-06-10 2025-06-24",3.08,3.57,450,"1996-06-10 2025-06-24",42.32,16.15,450,"1996-06-10 2025-06-24",7.76,2.6,450,"1996-06-10 2025-06-24",3,3.66,450,"1996-06-10 2025-06-24",3.81,7.94,450,"1996-06-10 2025-06-24",3.8,7.95,446,"1996-06-10 2025-06-24",0,0,447,"1996-06-10 2025-06-24",0,0,257,"1996-06-10 2019-06-24",,,,
2026-06-16,8.59,2.96,450,"1996-06-09 2025-06-23",85.05,11.2,450,"1996-06-09 2025-06-23",19.54,4.31,450,"1996-06-09 2025-06-23",29.49,8.38,450,"1996-06-09 2025-06-23",2.91,3.58,450,"1996-06-09 2025-06-23",42.12,16.39,450,"1996-06-09 2025-06-23",7.7,2.66,450,"1996-06-09 2025-06-23",3.06,3.63,450,"1996-06-09 2025-06-23",3.64,7.82,450,"1996-06-09 2025-06-23",3.64,7.83,446,"1996-06-09 2025-06-23",0,0,447,"1996-06-09 2025-06-23",0,0,256,"1996-06-09 2019-06-23",,,,
2026-06-15,8.45,3,450,"1996-06-08 2025-06-22",84.92,11.41,450,"1996-06-08 2025-06-22",19.44,4.46,450,"1996-06-08 2025-06-22",29.46,8.3,450,"1996-06-08 2025-06-22",2.76,3.61,450,"1996-06-08 2025-06-22",42.03,16.73,450,"1996-06-08 2025-06-22",7.59,2.74,450,"1996-06-08 2025-06-22",3.07,3.64,450,"1996-06-08 2025-06-22",3.68,7.82,450,"1996-06-08 2025-06-22",3.67,7.83,446,"1996-06-08 2025-06-22",0,0,447,"1996-06-08 2025-06-22",0,0,255,"1996-06-08 2012-06-22",,,,
2026-06-14,8.26,3.05,450,"1996-06-07 2025-06-21",84.62,11.75,450,"1996-06-07 2025-06-21",19.27,4.53,450,"1996-06-07 2025-06-21",29.62,8.41,450,"1996-06-07 2025-06-21",2.61,3.66,450,"1996-06-07 2025-06-21",42.17,17.02,450,"1996-06-07 2025-06-21",7.49,2.81,450,"1996-06-07 2025-06-21",3.22,3.74,450,"1996-06-07 2025-06-21",3.81,8.21,450,"1996-06-07 2025-06-21",3.81,8.23,446,"1996-06-07 2025-06-21",0,0,447,"1996-06-07 2025-06-21",0,0,255,"1996-06-07 2012-06-21",,,,
2026-06-13,8.11,3.09,450,"1996-06-06 2025-06-20",84.41,12.1,450,"1996-06-06 2025-06-20",19.13,4.52,450,"1996-06-06 2025-06-20",29.71,8.46,450,"1996-06-06 2025-06-20",2.45,3.71,450,"1996-06-06 2025-06-20",42.26,17.04,450,"1996-06-06 2025-06-20",7.42,2.9,450,"1996-06-06 2025-06-20",3.29,3.7,450,"1996-06-06 2025-06-20",3.83,7.98,450,"1996-06-06 2025-06-20",3.82,7.99,446,"1996-06-06 2025-06-20",0.01,0.15,447,"1996-06-06 2025-06-20",0,0,255,"1996-06-06 2012-06-20",,,,
2026-06-12,8.03,3.18,450,"1996-06-05 2025-06-19",84.29,12.28,450,"1996-06-05 2025-06-19",19.14,4.52,450,"1996-06-05 2025-06-19",30.02,8.43,450,"1996-06-05 2025-06-19",2.36,3.8,450,"1996-06-05 2025-06-19",41.98,17.04,450,"1996-06-05 2025-06-19",7.39,2.94,450,"1996-06-05 2025-06-19",3.32,3.64,450,"1996-06-05 2025-06-19",3.94,8.51,450,"1996-06-05 2025-06-19",3.93,8.53,446,"1996-06-05 2025-06-19",0.01,0.15,447,"1996-06-05 2025-06-19",0,0,255,"1996-06-05 2012-06-19",,,,
2026-06-11,7.99,3.21,450,"1996-06-04 2025-06-18",83.95,12.55,450,"1996-06-04 2025-06-18",19.23,4.59,450,"1996-06-04 2025-06-18",30.09,8.56,450,"1996-06-04 2025-06-18",2.27,3.85,450,"1996-06-04 2025-06-18",41.63,17.14,450,"1996-06-04 2025-06-18",7.37,2.94,450,"1996-06-04 2025-06-18",3.31,3.62,450,"1996-06-04 2025-06-18",3.88,8.49,450,"1996-06-04 2025-06-18",3.87,8.5,446,"1996-06-04 2025-06-18",0.01,0.15,447,"1996-06-04 2025-06-18",0,0,255,"1996-06-04 2012-06-18",,,,
2026-06-10,7.88,3.22,450,"1996-06-03 2025-06-17",83.5,12.8,450,"1996-06-03 2025-06-17",19.33,4.6,450,"1996-06-03 2025-06-17",30.22,8.47,450,"1996-06-03 2025-06-17",2.11,3.91,450,"1996-06-03 2025-06-17",41.06,17.33,450,"1996-06-03 2025-06-17",7.34,2.93,450,"1996-06-03 2025-06-17",3.24,3.56,450,"1996-06-03 2025-06-17",3.74,8.32,450,"1996-06-03 2025-06-17",3.72,8.34,446,"1996-06-03 2025-06-17",0.01,0.15,447,"1996-06-03 2025-06-17",0,0,255,"1996-06-03 2012-06-17",,,,
2026-06-09,7.73,3.2,450,"1996-06-02 2025-06-16",83.23,12.84,450,"1996-06-02 2025-06-16",19.34,4.6,450,"1996-06-02 2025-06-16",30.08,8.53,450,"1996-06-02 2025-06-16",1.96,3.94,450,"1996-06-02 2025-06-16",40.56,17.28,450,"1996-06-02 2025-06-16",7.28,2.98,450,"1996-06-02 2025-06-16",3.26,3.56,450,"1996-06-02 2025-06-16",3.72,8.36,450,"1996-06-02 2025-06-16",3.7,8.38,446,"1996-06-02 2025-06-16",0.01,0.15,447,"1996-06-02 2025-06-16",0,0,255,"1996-06-02 2012-06-16",,,,
2026-06-08,7.6,3.25,450,"1996-06-01 2025-06-15",82.94,12.94,450,"1996-06-01 2025-06-15",19.33,4.61,450,"1996-06-01 2025-06-15",29.85,8.57,450,"1996-06-01 2025-06-15",1.84,3.97,450,"1996-06-01 2025-06-15",40.19,17.14,450,"1996-06-01 2025-06-15",7.2,3.06,450,"1996-06-01 2025-06-15",3.2,3.6,450,"1996-06-01 2025-06-15",3.6,8.3,450,"1996-06-01 2025-06-15",3.61,8.32,447,"1996-06-01 2025-06-15",0.01,0.15,447,"1996-06-01 2025-06-15",0,0,255,"1996-06-01 2012-06-15",,,,
2026-06-07,7.49,3.29,450,"1996-05-31 2025-06-14",82.51,13.28,450,"1996-05-31 2025-06-14",19.42,4.69,450,"1996-05-31 2025-06-14",29.72,8.57,450,"1996-05-31 2025-06-14",1.64,4.01,450,"1996-05-31 2025-06-14",39.61,17.15,450,"1996-05-31 2025-06-14",7.16,3.07,450,"1996-05-31 2025-06-14",3.08,3.47,450,"1996-05-31 2025-06-14",3.47,8.31,450,"1996-05-31 2025-06-14",3.48,8.33,447,"1996-05-31 2025-06-14",0.01,0.15,447,"1996-05-31 2025-06-14",0,0,256,"1996-05-31 2023-05-31",,,,
2026-06-06,7.28,3.35,450,"1996-05-30 2025-06-13",82.08,13.72,450,"1996-05-30 2025-06-13",19.43,4.71,450,"1996-05-30 2025-06-13",29.61,8.44,450,"1996-05-30 2025-06-13",1.41,4.05,450,"1996-05-30 2025-06-13",38.96,17.05,450,"1996-05-30 2025-06-13",7.03,3.1,450,"1996-05-30 2025-06-13",3.08,3.48,450,"1996-05-30 2025-06-13",3.29,8.07,450,"1996-05-30 2025-06-13",3.31,8.1,446,"1996-05-30 2025-06-13",0.01,0.15,447,"1996-05-30 2025-06-13",0,0,257,"1996-05-30 2023-05-31",,,,
2026-06-05,7.07,3.32,450,"1996-05-29 2025-06-12",81.82,13.85,450,"1996-05-29 2025-06-12",19.28,4.79,450,"1996-05-29 2025-06-12",29.62,8.59,450,"1996-05-29 2025-06-12",1.22,4.08,450,"1996-05-29 2025-06-12",38.68,17.18,450,"1996-05-29 2025-06-12",6.92,3.09,450,"1996-05-29 2025-06-12",3.27,3.57,450,"1996-05-29 2025-06-12",3.1,7.65,450,"1996-05-29 2025-06-12",3.09,7.66,446,"1996-05-29 2025-06-12",0.03,0.58,447,"1996-05-29 2025-06-12",0,0.12,257,"1996-05-29 2023-05-31",,,,
2026-06-04,6.98,3.29,450,"1996-05-28 2025-06-11",81.6,13.92,450,"1996-05-28 2025-06-11",19.2,4.88,450,"1996-05-28 2025-06-11",29.69,8.59,450,"1996-05-28 2025-06-11",1.09,4.05,450,"1996-05-28 2025-06-11",38.67,17.41,450,"1996-05-28 2025-06-11",6.85,3.07,450,"1996-05-28 2025-06-11",3.31,3.61,450,"1996-05-28 2025-06-11",3.03,7.59,450,"1996-05-28 2025-06-11",3.01,7.59,446,"1996-05-28 2025-06-11",0.04,0.6,447,"1996-05-28 2025-06-11",0,0.12,257,"1996-05-28 2023-05-31",,,,
2026-06-03,6.84,3.28,450,"1996-05-27 2025-06-10",81.48,14.09,450,"1996-05-27 2025-06-10",19.19,4.94,450,"1996-05-27 2025-06-10",29.6,8.55,450,"1996-05-27 2025-06-10",0.96,4,450,"1996-05-27 2025-06-10",38.47,17.66,450,"1996-05-27 2025-06-10",6.73,3.1,450,"1996-05-27 2025-06-10",3.27,3.62,450,"1996-05-27 2025-06-10",3.05,7.61,450,"1996-05-27 2025-06-10",3.02,7.6,447,"1996-05-27 2025-06-10",0.05,0.61,448,"1996-05-27 2025-06-10",0,0.12,257,"1996-05-27 2023-05-31",,,,
2026-06-02,6.74,3.26,450,"1996-05-26 2025-06-09",81.51,14.05,450,"1996-05-26 2025-06-09",19.17,4.93,450,"1996-05-26 2025-06-09",29.6,8.67,450,"1996-05-26 2025-06-09",0.82,3.99,450,"1996-05-26 2025-06-09",38.13,17.73,450,"1996-05-26 2025-06-09",6.6,3.11,450,"1996-05-26 2025-06-09",3.25,3.65,450,"1996-05-26 2025-06-09",2.98,7.6,450,"1996-05-26 2025-06-09",2.95,7.58,448,"1996-05-26 2025-06-09",0.05,0.6,449,"1996-05-26 2025-06-09",0,0.12,257,"1996-05-26 2023-05-31",,,,
2026-06-01,6.61,3.25,450,"1996-05-25 2025-06-08",81.38,14.02,450,"1996-05-25 2025-06-08",19.14,4.96,450,"1996-05-25 2025-06-08",29.64,8.76,450,"1996-05-25 2025-06-08",0.79,3.93,450,"1996-05-25 2025-06-08",37.97,17.62,450,"1996-05-25 2025-06-08",6.49,3.07,450,"1996-05-25 2025-06-08",3.3,3.75,450,"1996-05-25 2025-06-08",3.01,7.6,450,"1996-05-25 2025-06-08",2.97,7.58,448,"1996-05-25 2025-06-08",0.05,0.6,449,"1996-05-25 2025-06-08",0,0.12,258,"1996-05-25 2023-05-31",,,,
2026-05-31,6.46,3.24,450,"1996-05-24 2025-06-07",81.38,14.15,450,"1996-05-24 2025-06-07",18.99,5.06,450,"1996-05-24 2025-06-07",29.82,8.88,450,"1996-05-24 2025-06-07",0.74,3.91,450,"1996-05-24 2025-06-07",38.28,18,450,"1996-05-24 2025-06-07",6.33,3.09,450,"1996-05-24 2025-06-07",3.31,3.85,450,"1996-05-24 2025-06-07",3.11,7.91,450,"1996-05-24 2025-06-07",3.06,7.89,448,"1996-05-24 2025-06-07",0.07,0.72,449,"1996-05-24 2025-06-07",0,0.45,259,"1996-05-24 2023-05-31",,,,
2026-05-30,6.35,3.27,450,"1996-05-23 2025-06-06",81.36,14.33,450,"1996-05-23 2025-06-06",18.88,5.11,450,"1996-05-23 2025-06-06",29.63,8.8,450,"1996-05-23 2025-06-06",0.62,3.94,450,"1996-05-23 2025-06-06",38.24,17.96,450,"1996-05-23 2025-06-06",6.19,3.12,450,"1996-05-23 2025-06-06",3.24,3.77,450,"1996-05-23 2025-06-06",3.01,7.54,450,"1996-05-23 2025-06-06",2.96,7.52,448,"1996-05-23 2025-06-06",0.07,0.72,449,"1996-05-23 2025-06-06",0,0.45,259,"1996-05-23 2023-05-31",,,,
2026-05-29,6.15,3.33,450,"1996-05-22 2025-06-05",81.35,14.31,450,"1996-05-22 2025-06-05",18.69,5.33,450,"1996-05-22 2025-06-05",29.47,8.76,450,"1996-05-22 2025-06-05",0.46,3.99,450,"1996-05-22 2025-06-05",38.38,18.6,450,"1996-05-22 2025-06-05",6.01,3.19,450,"1996-05-22 2025-06-05",3.15,3.85,450,"1996-05-22 2025-06-05",2.81,7.11,450,"1996-05-22 2025-06-05",2.76,7.09,447,"1996-05-22 2025-06-05",0.07,0.72,448,"1996-05-22 2025-06-05",0.1,0.53,260,"1996-05-22 2023-05-31",,,,
2026-05-28,5.9,3.32,450,"1996-05-21 2025-06-04",81.18,14.35,450,"1996-05-21 2025-06-04",18.44,5.5,450,"1996-05-21 2025-06-04",29.25,8.97,450,"1996-05-21 2025-06-04",0.17,3.99,450,"1996-05-21 2025-06-04",38.46,18.97,450,"1996-05-21 2025-06-04",5.77,3.26,450,"1996-05-21 2025-06-04",3.24,4.02,450,"1996-05-21 2025-06-04",2.6,6.13,450,"1996-05-21 2025-06-04",2.54,6.08,447,"1996-05-21 2025-06-04",0.08,0.74,448,"1996-05-21 2025-06-04",0.1,1.34,260,"1996-05-21 2023-05-31",,,,
2026-05-27,5.64,3.36,450,"1996-05-20 2025-06-03",81.24,14.37,450,"1996-05-20 2025-06-03",18.1,5.63,450,"1996-05-20 2025-06-03",29.13,8.89,450,"1996-05-20 2025-06-03",-0.01,3.99,450,"1996-05-20 2025-06-03",38.85,19.15,450,"1996-05-20 2025-06-03",5.53,3.32,450,"1996-05-20 2025-06-03",3.28,4.14,450,"1996-05-20 2025-06-03",2.61,6.13,449,"1996-05-21 2025-06-03",2.51,6.01,444,"1996-05-21 2025-06-03",0.14,1.51,447,"1996-05-21 2025-06-03",0.2,1.38,260,"1996-05-20 2023-05-31",,,,
2026-05-26,5.46,3.36,450,"1996-05-19 2025-06-02",81.47,14.22,450,"1996-05-19 2025-06-02",17.87,5.63,450,"1996-05-19 2025-06-02",29.38,9.1,450,"1996-05-19 2025-06-02",-0.16,3.98,450,"1996-05-19 2025-06-02",38.92,18.73,450,"1996-05-19 2025-06-02",5.3,3.37,450,"1996-05-19 2025-06-02",3.38,4.18,450,"1996-05-19 2025-06-02",2.51,6.03,449,"1996-05-19 2025-06-02",2.4,5.9,444,"1996-05-19 2025-06-02",0.14,1.51,447,"1996-05-19 2025-06-02",0.2,1.38,260,"1996-05-19 2023-05-31",,,,
2026-05-25,5.33,3.38,450,"1996-05-18 2025-06-01",81.54,14.2,450,"1996-05-18 2025-06-01",17.67,5.64,450,"1996-05-18 2025-06-01",29.54,9.1,450,"1996-05-18 2025-06-01",-0.34,4,450,"1996-05-18 2025-06-01",38.94,18.6,450,"1996-05-18 2025-06-01",5.14,3.37,450,"1996-05-18 2025-06-01",3.4,4.19,450,"1996-05-18 2025-06-01",2.36,5.77,449,"1996-05-18 2025-06-01",2.26,5.65,442,"1996-05-18 2025-06-01",0.15,1.51,445,"1996-05-18 2025-06-01",0.2,1.38,260,"1996-05-18 2023-05-31",,,,
2026-05-24,5.22,3.36,450,"1996-05-17 2025-05-31",81.66,14.19,450,"1996-05-17 2025-05-31",17.54,5.75,450,"1996-05-17 2025-05-31",29.66,9.17,450,"1996-05-17 2025-05-31",-0.49,3.96,450,"1996-05-17 2025-05-31",38.91,18.72,450,"1996-05-17 2025-05-31",5,3.36,450,"1996-05-17 2025-05-31",3.44,4.17,450,"1996-05-17 2025-05-31",2.42,5.8,449,"1996-05-17 2025-05-31",2.31,5.68,442,"1996-05-17 2025-05-31",0.15,1.51,445,"1996-05-17 2025-05-31",0.2,1.38,260,"1996-05-17 2023-05-31",,,,
2026-05-23,5.11,3.27,450,"1996-05-16 2025-05-30",81.67,14.13,450,"1996-05-16 2025-05-30",17.45,5.77,450,"1996-05-16 2025-05-30",29.71,9.07,450,"1996-05-16 2025-05-30",-0.59,3.89,450,"1996-05-16 2025-05-30",38.82,18.8,450,"1996-05-16 2025-05-30",4.86,3.4,450,"1996-05-16 2025-05-30",3.44,4.16,450,"1996-05-16 2025-05-30",2.38,5.61,449,"1996-05-16 2025-05-30",2.26,5.47,442,"1996-05-16 2025-05-30",0.15,1.51,445,"1996-05-16 2025-05-30",0.2,1.38,260,"1996-05-16 2023-05-30",,,,
2026-05-22,4.98,3.25,450,"1996-05-15 2025-05-29",81.59,14.22,450,"1996-05-15 2025-05-29",17.41,5.83,450,"1996-05-15 2025-05-29",29.82,9.16,450,"1996-05-15 2025-05-29",-0.68,3.89,450,"1996-05-15 2025-05-29",38.66,18.84,450,"1996-05-15 2025-05-29",4.74,3.41,450,"1996-05-15 2025-05-29",3.42,4.13,450,"1996-05-15 2025-05-29",2.34,5.59,449,"1996-05-15 2025-05-29",2.22,5.45,443,"1996-05-15 2025-05-29",0.15,1.51,445,"1996-05-15 2025-05-29",0.2,1.38,259,"1996-05-15 2023-05-25",,,,
2026-05-21,4.81,3.25,450,"1996-05-14 2025-05-28",81.33,14.51,450,"1996-05-14 2025-05-28",17.37,5.77,450,"1996-05-14 2025-05-28",29.86,9.21,450,"1996-05-14 2025-05-28",-0.89,3.87,450,"1996-05-14 2025-05-28",38.19,18.65,450,"1996-05-14 2025-05-28",4.6,3.41,450,"1996-05-14 2025-05-28",3.32,4.15,450,"1996-05-14 2025-05-28",2.27,5.55,449,"1996-05-14 2025-05-28",2.17,5.43,443,"1996-05-14 2025-05-28",0.13,1.41,445,"1996-05-14 2025-05-28",0.1,1.37,259,"1996-05-14 2023-05-25",,,,
2026-05-20,4.59,3.24,450,"1996-05-13 2025-05-27",80.98,14.53,450,"1996-05-13 2025-05-27",17.27,5.71,450,"1996-05-13 2025-05-27",29.81,9.15,450,"1996-05-13 2025-05-27",-1.09,3.84,450,"1996-05-13 2025-05-27",37.68,18.23,450,"1996-05-13 2025-05-27",4.44,3.45,450,"1996-05-13 2025-05-27",3.21,4.07,450,"1996-05-13 2025-05-27",2.23,5.55,449,"1996-05-13 2025-05-27",2.15,5.43,443,"1996-05-13 2025-05-27",0.12,1.4,445,"1996-05-13 2025-05-27",0.1,1.37,259,"1996-05-13 2023-05-25",,,,
2026-05-19,4.37,3.33,450,"1996-05-12 2025-05-26",80.73,14.59,450,"1996-05-12 2025-05-26",17.18,5.74,450,"1996-05-12 2025-05-26",29.8,9.17,450,"1996-05-12 2025-05-26",-1.31,3.87,450,"1996-05-12 2025-05-26",37.24,17.99,450,"1996-05-12 2025-05-26",4.23,3.5,450,"1996-05-12 2025-05-26",3.23,4.07,450,"1996-05-12 2025-05-26",2.09,5.14,449,"1996-05-12 2025-05-26",2,5.03,443,"1996-05-12 2025-05-26",0.12,1.4,445,"1996-05-12 2025-05-26",0.2,1.42,259,"1996-05-12 2023-05-25",,,,
2026-05-18,4.03,3.41,450,"1996-05-11 2025-05-25",80.18,14.79,450,"1996-05-11 2025-05-25",17.04,5.82,450,"1996-05-11 2025-05-25",29.67,8.95,450,"1996-05-11 2025-05-25",-1.66,3.92,450,"1996-05-11 2025-05-25",36.64,17.76,450,"1996-05-11 2025-05-25",3.95,3.59,450,"1996-05-11 2025-05-25",3.19,4.05,450,"1996-05-11 2025-05-25",1.96,4.96,449,"1996-05-11 2025-05-25",1.81,4.77,442,"1996-05-11 2025-05-25",0.17,1.69,444,"1996-05-11 2025-05-25",0.2,1.45,260,"1996-05-11 2023-05-25",,,,
2026-05-17,3.71,3.43,450,"1996-05-10 2025-05-24",80.17,14.88,450,"1996-05-10 2025-05-24",16.75,5.88,450,"1996-05-10 2025-05-24",29.49,8.96,450,"1996-05-10 2025-05-24",-2.04,3.96,450,"1996-05-10 2025-05-24",36.31,17.71,450,"1996-05-10 2025-05-24",3.63,3.67,450,"1996-05-10 2025-05-24",3.17,4.02,450,"1996-05-10 2025-05-24",1.9,4.97,449,"1996-05-10 2025-05-24",1.73,4.73,441,"1996-05-10 2025-05-24",0.2,1.73,443,"1996-05-10 2025-05-24",0.2,1.5,262,"1996-05-10 2023-05-24",,,,
2026-05-16,3.49,3.44,450,"1996-05-09 2025-05-23",80.02,14.86,450,"1996-05-09 2025-05-23",16.51,5.89,450,"1996-05-09 2025-05-23",29.52,8.93,450,"1996-05-09 2025-05-23",-2.37,3.95,450,"1996-05-09 2025-05-23",35.96,17.34,450,"1996-05-09 2025-05-23",3.45,3.68,450,"1996-05-09 2025-05-23",3.21,3.99,450,"1996-05-09 2025-05-23",1.66,4.21,449,"1996-05-09 2025-05-23",1.47,3.9,441,"1996-05-09 2025-05-23",0.22,1.72,443,"1996-05-09 2025-05-23",0.3,1.54,263,"1996-05-09 2023-05-22",,,,
2026-05-15,3.28,3.45,450,"1996-05-08 2025-05-22",80.05,14.68,450,"1996-05-08 2025-05-22",16.31,5.9,450,"1996-05-08 2025-05-22",29.74,8.94,450,"1996-05-08 2025-05-22",-2.6,3.99,450,"1996-05-08 2025-05-22",35.93,17.56,450,"1996-05-08 2025-05-22",3.29,3.73,450,"1996-05-08 2025-05-22",3.28,4.06,450,"1996-05-08 2025-05-22",1.58,4.05,449,"1996-05-08 2025-05-22",1.38,3.72,441,"1996-05-08 2025-05-22",0.24,1.74,443,"1996-05-08 2025-05-22",0.3,1.82,266,"1996-05-08 2023-05-22",,,,
2026-05-14,3.1,3.43,450,"1996-05-07 2025-05-21",79.85,14.66,450,"1996-05-07 2025-05-21",16.19,5.91,450,"1996-05-07 2025-05-21",30.11,9.22,450,"1996-05-07 2025-05-21",-2.83,3.96,450,"1996-05-07 2025-05-21",35.5,16.99,450,"1996-05-07 2025-05-21",3.12,3.78,450,"1996-05-07 2025-05-21",3.4,4.22,450,"1996-05-07 2025-05-21",1.35,3.55,449,"1996-05-07 2025-05-21",1.13,3.13,442,"1996-05-07 2025-05-21",0.25,1.74,444,"1996-05-07 2025-05-21",0.4,2.25,268,"1996-05-07 2023-05-10",,,,
2026-05-13,2.94,3.43,450,"1996-05-06 2025-05-20",79.63,14.7,450,"1996-05-06 2025-05-20",16.07,5.98,450,"1996-05-06 2025-05-20",30.34,9.05,450,"1996-05-06 2025-05-20",-3.03,3.95,450,"1996-05-06 2025-05-20",35.34,16.97,450,"1996-05-06 2025-05-20",2.97,3.82,450,"1996-05-06 2025-05-20",3.37,4.19,450,"1996-05-06 2025-05-20",1.17,2.99,449,"1996-05-06 2025-05-20",0.93,2.47,442,"1996-05-06 2025-05-20",0.29,1.84,444,"1996-05-06 2025-05-20",0.4,1.98,271,"1996-05-06 2023-05-10",,,,
2026-05-12,2.73,3.39,450,"1996-05-05 2025-05-19",79.28,14.76,450,"1996-05-05 2025-05-19",15.99,6.1,450,"1996-05-05 2025-05-19",30.51,9.05,450,"1996-05-05 2025-05-19",-3.24,3.89,450,"1996-05-05 2025-05-19",35.07,17.31,450,"1996-05-05 2025-05-19",2.85,3.83,450,"1996-05-05 2025-05-19",3.36,4.13,450,"1996-05-05 2025-05-19",1.14,2.89,450,"1996-05-05 2025-05-19",0.88,2.4,445,"1996-05-05 2025-05-19",0.3,1.53,445,"1996-05-05 2025-05-19",0.4,1.97,274,"1996-05-05 2023-05-10",,,,
2026-05-11,2.47,3.34,450,"1996-05-04 2025-05-18",78.74,15.07,450,"1996-05-04 2025-05-18",15.86,6.29,450,"1996-05-04 2025-05-18",30.3,9.01,450,"1996-05-04 2025-05-18",-3.47,3.8,450,"1996-05-04 2025-05-18",34.9,17.87,450,"1996-05-04 2025-05-18",2.72,3.84,450,"1996-05-04 2025-05-18",3.38,4.14,450,"1996-05-04 2025-05-18",1.13,2.89,450,"1996-05-04 2025-05-18",0.82,2.35,445,"1996-05-04 2025-05-18",0.35,1.59,445,"1996-05-04 2025-05-18",0.4,2.01,276,"1996-05-04 2023-05-10",,,,
2026-05-10,2.23,3.24,450,"1996-05-03 2025-05-17",78.62,15.31,450,"1996-05-03 2025-05-17",15.77,6.47,450,"1996-05-03 2025-05-17",30.57,9.07,450,"1996-05-03 2025-05-17",-3.7,3.67,450,"1996-05-03 2025-05-17",34.74,18.23,450,"1996-05-03 2025-05-17",2.49,3.81,450,"1996-05-03 2025-05-17",3.38,4.16,450,"1996-05-03 2025-05-17",1.23,3.41,450,"1996-05-03 2025-05-17",0.88,2.89,446,"1996-05-03 2025-05-17",0.4,1.71,446,"1996-05-03 2025-05-17",0.5,2.01,278,"1996-05-03 2023-05-10",,,,
2026-05-09,2,3.16,450,"1996-05-02 2025-05-16",78.38,15.47,450,"1996-05-02 2025-05-16",15.64,6.42,450,"1996-05-02 2025-05-16",30.72,9.22,450,"1996-05-02 2025-05-16",-3.92,3.63,450,"1996-05-02 2025-05-16",34.46,18.21,450,"1996-05-02 2025-05-16",2.29,3.78,450,"1996-05-02 2025-05-16",3.43,4.21,450,"1996-05-02 2025-05-16",1.16,3.39,450,"1996-05-02 2025-05-16",0.8,2.84,446,"1996-05-02 2025-05-16",0.41,1.72,446,"1996-05-02 2025-05-16",0.5,2,281,"1996-05-02 2024-05-02",,,,
2026-05-08,1.72,3.14,450,"1996-05-01 2025-05-15",78.36,15.42,450,"1996-05-01 2025-05-15",15.37,6.34,450,"1996-05-01 2025-05-15",30.45,9.25,450,"1996-05-01 2025-05-15",-4.15,3.63,450,"1996-05-01 2025-05-15",34.44,18.27,450,"1996-05-01 2025-05-15",2.02,3.73,450,"1996-05-01 2025-05-15",3.39,4.24,450,"1996-05-01 2025-05-15",1.16,3.39,450,"1996-05-01 2025-05-15",0.78,2.81,447,"1996-05-01 2025-05-15",0.43,1.75,447,"1996-05-01 2025-05-15",0.5,2.03,283,"1996-05-01 2024-05-02",,,,
2026-05-07,1.5,3.14,450,"1996-04-30 2025-05-14",78.63,15.24,450,"1996-04-30 2025-05-14",14.98,6.28,450,"1996-04-30 2025-05-14",30.39,9.32,450,"1996-04-30 2025-05-14",-4.42,3.59,450,"1996-04-30 2025-05-14",34.61,18.19,450,"1996-04-30 2025-05-14",1.72,3.67,450,"1996-04-30 2025-05-14",3.38,4.21,450,"1996-04-30 2025-05-14",1.17,3.38,450,"1996-04-30 2025-05-14",0.77,2.8,446,"1996-04-30 2025-05-14",0.45,1.76,446,"1996-04-30 2025-05-14",0.5,2.1,286,"1996-04-30 2024-05-02",,,,
2026-05-06,1.29,3.19,450,"1996-04-29 2025-05-13",78.84,14.85,450,"1996-04-29 2025-05-13",14.66,6.3,450,"1996-04-29 2025-05-13",30.56,9.32,450,"1996-04-29 2025-05-13",-4.63,3.64,450,"1996-04-29 2025-05-13",34.81,18.27,450,"1996-04-29 2025-05-13",1.49,3.66,450,"1996-04-29 2025-05-13",3.39,4.3,450,"1996-04-29 2025-05-13",1.18,3.38,449,"1996-04-29 2025-05-13",0.75,2.78,445,"1996-04-29 2025-05-13",0.47,1.78,445,"1996-04-29 2025-05-13",0.6,2.21,289,"1996-04-29 2024-05-02",,,,
2026-05-05,1.09,3.2,450,"1996-04-28 2025-05-12",79.01,14.76,450,"1996-04-28 2025-05-12",14.44,6.44,450,"1996-04-28 2025-05-12",30.77,9.51,450,"1996-04-28 2025-05-12",-4.9,3.68,450,"1996-04-28 2025-05-12",34.78,18.7,450,"1996-04-28 2025-05-12",1.28,3.63,450,"1996-04-28 2025-05-12",3.54,4.45,450,"1996-04-28 2025-05-12",1.22,3.47,449,"1996-04-28 2025-05-12",0.75,2.81,445,"1996-04-28 2025-05-12",0.52,1.83,445,"1996-04-28 2025-05-12",0.7,2.42,292,"1996-04-28 2024-05-02",,,,
2026-05-04,0.96,3.11,450,"1996-04-27 2025-05-11",79.35,14.59,450,"1996-04-27 2025-05-11",14.18,6.41,450,"1996-04-27 2025-05-11",31.22,9.71,450,"1996-04-27 2025-05-11",-5.06,3.69,450,"1996-04-27 2025-05-11",34.94,18.84,450,"1996-04-27 2025-05-11",1.16,3.53,450,"1996-04-27 2025-05-11",3.61,4.47,450,"1996-04-27 2025-05-11",1.2,3.47,449,"1996-04-27 2025-05-11",0.7,2.75,444,"1996-04-27 2025-05-11",0.55,1.93,444,"1996-04-27 2025-05-11",0.7,2.54,296,"1996-04-27 2024-05-02",,,,
2026-05-03,0.86,3.13,450,"1996-04-26 2025-05-10",79.34,14.74,450,"1996-04-26 2025-05-10",14.02,6.41,450,"1996-04-26 2025-05-10",31.42,9.93,450,"1996-04-26 2025-05-10",-5.12,3.71,450,"1996-04-26 2025-05-10",35.29,19.15,450,"1996-04-26 2025-05-10",1.08,3.56,450,"1996-04-26 2025-05-10",3.7,4.47,450,"1996-04-26 2025-05-10",1.25,3.51,449,"1996-04-26 2025-05-10",0.73,2.81,441,"1996-04-26 2025-05-10",0.6,2.3,442,"1996-04-26 2025-05-10",0.7,2.51,299,"1996-04-26 2024-05-02",,,,
2026-05-02,0.78,3.19,450,"1996-04-25 2025-05-09",78.94,14.96,450,"1996-04-25 2025-05-09",13.95,6.46,450,"1996-04-25 2025-05-09",31.62,9.84,450,"1996-04-25 2025-05-09",-5.23,3.68,450,"1996-04-25 2025-05-09",35.32,19.31,450,"1996-04-25 2025-05-09",1.03,3.56,450,"1996-04-25 2025-05-09",3.66,4.44,450,"1996-04-25 2025-05-09",1.26,3.56,449,"1996-04-25 2025-05-09",0.74,2.94,441,"1996-04-25 2025-05-09",0.6,2.29,443,"1996-04-25 2025-05-09",0.7,2.54,300,"1996-04-25 2024-05-02",,,,
2026-05-01,0.62,3.28,450,"1996-04-24 2025-05-08",78.7,14.96,450,"1996-04-24 2025-05-08",13.96,6.47,450,"1996-04-24 2025-05-08",31.36,9.9,450,"1996-04-24 2025-05-08",-5.38,3.78,450,"1996-04-24 2025-05-08",34.89,19.28,450,"1996-04-24 2025-05-08",0.9,3.57,450,"1996-04-24 2025-05-08",3.65,4.45,450,"1996-04-24 2025-05-08",1.29,3.72,449,"1996-04-24 2025-05-08",0.77,3.03,441,"1996-04-24 2025-05-08",0.6,2.42,443,"1996-04-24 2025-05-08",0.7,2.55,303,"1996-04-24 2024-05-02",,,,
2026-04-30,0.47,3.29,450,"1996-04-23 2025-05-07",78.66,14.85,450,"1996-04-23 2025-05-07",13.86,6.48,450,"1996-04-23 2025-05-07",31.14,10.02,450,"1996-04-23 2025-05-07",-5.57,3.71,450,"1996-04-23 2025-05-07",34.37,18.72,450,"1996-04-23 2025-05-07",0.7,3.52,450,"1996-04-23 2025-05-07",3.56,4.38,450,"1996-04-23 2025-05-07",1.23,3.67,449,"1996-04-23 2025-05-07",0.72,2.98,441,"1996-04-23 2025-05-07",0.59,2.41,443,"1996-04-23 2025-05-07",0.8,2.46,304,"1996-04-23 2024-05-02",,,,
2026-04-29,0.33,3.26,450,"1996-04-22 2025-05-06",78.58,14.93,450,"1996-04-22 2025-05-06",13.8,6.41,450,"1996-04-22 2025-05-06",30.96,9.82,450,"1996-04-22 2025-05-06",-5.73,3.7,450,"1996-04-22 2025-05-06",34.1,18.52,450,"1996-04-22 2025-05-06",0.54,3.48,450,"1996-04-22 2025-05-06",3.45,4.16,450,"1996-04-22 2025-05-06",1.26,3.71,449,"1996-04-22 2025-05-06",0.71,2.98,441,"1996-04-22 2025-05-06",0.62,2.49,443,"1996-04-22 2025-05-06",0.7,2.23,310,"1996-04-22 2025-04-22",,,,
2026-04-28,0.18,3.25,450,"1996-04-21 2025-05-05",78.38,14.96,450,"1996-04-21 2025-05-05",13.74,6.48,450,"1996-04-21 2025-05-05",30.88,9.74,450,"1996-04-21 2025-05-05",-5.83,3.71,450,"1996-04-21 2025-05-05",33.89,18.4,450,"1996-04-21 2025-05-05",0.42,3.49,450,"1996-04-21 2025-05-05",3.45,4.05,450,"1996-04-21 2025-05-05",1.27,3.75,449,"1996-04-21 2025-05-05",0.74,3.05,440,"1996-04-21 2025-05-05",0.59,2.42,442,"1996-04-21 2025-05-05",0.8,2.33,314,"1996-04-21 2025-04-22",,,,
2026-04-27,0.03,3.28,450,"1996-04-20 2025-05-04",78.35,15,450,"1996-04-20 2025-05-04",13.59,6.52,450,"1996-04-20 2025-05-04",30.82,9.71,450,"1996-04-20 2025-05-04",-5.99,3.72,450,"1996-04-20 2025-05-04",33.76,18.01,450,"1996-04-20 2025-05-04",0.21,3.57,450,"1996-04-20 2025-05-04",3.42,4.09,450,"1996-04-20 2025-05-04",1.26,3.86,449,"1996-04-20 2025-05-04",0.79,3.32,439,"1996-04-20 2025-05-04",0.55,2.34,441,"1996-04-20 2025-05-04",0.9,2.64,319,"1996-04-20 2025-04-22",,,,
2026-04-26,-0.09,3.35,450,"1996-04-19 2025-05-03",78.82,14.85,450,"1996-04-19 2025-05-03",13.39,6.45,450,"1996-04-19 2025-05-03",30.66,9.59,450,"1996-04-19 2025-05-03",-6.14,3.75,450,"1996-04-19 2025-05-03",33.7,17.58,450,"1996-04-19 2025-05-03",-0.05,3.59,450,"1996-04-19 2025-05-03",3.35,4.15,450,"1996-04-19 2025-05-03",1.29,3.97,449,"1996-04-19 2025-05-03",0.78,3.31,438,"1996-04-19 2025-05-03",0.6,2.59,440,"1996-04-19 2025-05-03",1,2.74,325,"1996-04-19 2025-04-22",,,,
2026-04-25,-0.28,3.39,450,"1996-04-18 2025-05-02",78.76,14.73,450,"1996-04-18 2025-05-02",13.14,6.34,450,"1996-04-18 2025-05-02",30.33,9.52,450,"1996-04-18 2025-05-02",-6.38,3.9,450,"1996-04-18 2025-05-02",33.58,17.39,450,"1996-04-18 2025-05-02",-0.27,3.65,450,"1996-04-18 2025-05-02",3.32,4.25,450,"1996-04-18 2025-05-02",1.17,3.5,449,"1996-04-18 2025-05-02",0.66,2.75,439,"1996-04-18 2025-05-02",0.62,2.65,441,"1996-04-18 2025-05-02",1,2.76,330,"1996-04-18 2025-04-22",,,,
2026-04-24,-0.49,3.39,450,"1996-04-17 2025-05-01",78.71,14.74,450,"1996-04-17 2025-05-01",12.88,6.36,450,"1996-04-17 2025-05-01",30.15,9.36,450,"1996-04-17 2025-05-01",-6.64,3.94,450,"1996-04-17 2025-05-01",33.6,17.61,450,"1996-04-17 2025-05-01",-0.49,3.65,450,"1996-04-17 2025-05-01",3.31,4.27,450,"1996-04-17 2025-05-01",1.11,3.38,449,"1996-04-17 2025-05-01",0.6,2.61,439,"1996-04-17 2025-05-01",0.62,2.65,441,"1996-04-17 2025-05-01",1.1,2.83,333,"1996-04-17 2025-04-22",,,,
2026-04-23,-0.68,3.42,450,"1996-04-16 2025-04-30",78.76,14.89,450,"1996-04-16 2025-04-30",12.61,6.46,450,"1996-04-16 2025-04-30",30.23,9.37,450,"1996-04-16 2025-04-30",-6.87,3.95,450,"1996-04-16 2025-04-30",33.89,17.97,450,"1996-04-16 2025-04-30",-0.71,3.69,450,"1996-04-16 2025-04-30",3.41,4.32,450,"1996-04-16 2025-04-30",1.07,3.22,449,"1996-04-16 2025-04-30",0.51,2.33,439,"1996-04-16 2025-04-30",0.66,2.72,441,"1996-04-16 2025-04-30",1.2,2.92,337,"1996-04-16 2025-04-22",,,,
2026-04-22,-0.9,3.47,450,"1996-04-15 2025-04-29",78.91,14.83,450,"1996-04-15 2025-04-29",12.31,6.62,450,"1996-04-15 2025-04-29",30.14,9.27,450,"1996-04-15 2025-04-29",-7.06,3.98,450,"1996-04-15 2025-04-29",34.17,18.43,450,"1996-04-15 2025-04-29",-0.93,3.73,450,"1996-04-15 2025-04-29",3.41,4.31,450,"1996-04-15 2025-04-29",1.05,3.22,449,"1996-04-15 2025-04-29",0.49,2.32,440,"1996-04-15 2025-04-29",0.68,2.73,442,"1996-04-15 2025-04-29",1.2,3.08,342,"1996-04-15 2025-04-22",,,,
2026-04-21,-1.07,3.52,450,"1996-04-14 2025-04-28",79.19,14.93,450,"1996-04-14 2025-04-28",11.99,6.73,450,"1996-04-14 2025-04-28",30.1,9.34,450,"1996-04-14 2025-04-28",-7.19,4.04,450,"1996-04-14 2025-04-28",34.68,18.81,450,"1996-04-14 2025-04-28",-1.15,3.75,450,"1996-04-14 2025-04-28",3.44,4.14,450,"1996-04-14 2025-04-28",1.09,3.32,450,"1996-04-14 2025-04-28",0.47,2.3,440,"1996-04-14 2025-04-28",0.77,2.95,442,"1996-04-14 2025-04-28",1.3,3.21,349,"1996-04-14 2025-04-22",,,,
2026-04-20,-1.22,3.59,450,"1996-04-13 2025-04-27",79.42,15.03,450,"1996-04-13 2025-04-27",11.67,6.71,450,"1996-04-13 2025-04-27",29.96,9.22,450,"1996-04-13 2025-04-27",-7.27,4.15,450,"1996-04-13 2025-04-27",35.37,19.25,450,"1996-04-13 2025-04-27",-1.39,3.8,450,"1996-04-13 2025-04-27",3.37,4.01,450,"1996-04-13 2025-04-27",1.13,3.32,450,"1996-04-13 2025-04-27",0.5,2.38,440,"1996-04-13 2025-04-27",0.79,2.99,441,"1996-04-13 2025-04-27",1.3,3.11,355,"1996-04-13 2025-04-22",,,,
2026-04-19,-1.43,3.7,450,"1996-04-12 2025-04-26",79.38,15.06,450,"1996-04-12 2025-04-26",11.35,6.75,450,"1996-04-12 2025-04-26",29.56,8.85,450,"1996-04-12 2025-04-26",-7.43,4.22,450,"1996-04-12 2025-04-26",35.77,19.38,450,"1996-04-12 2025-04-26",-1.63,3.8,450,"1996-04-12 2025-04-26",3.34,4.07,450,"1996-04-12 2025-04-26",1.17,3.51,450,"1996-04-12 2025-04-26",0.51,2.41,441,"1996-04-12 2025-04-26",0.81,3.04,442,"1996-04-12 2025-04-26",1.2,3,361,"1996-04-12 2025-04-22",,,,
2026-04-18,-1.55,3.75,450,"1996-04-11 2025-04-25",79.51,14.78,450,"1996-04-11 2025-04-25",11.14,6.72,450,"1996-04-11 2025-04-25",29.52,8.71,450,"1996-04-11 2025-04-25",-7.63,4.29,450,"1996-04-11 2025-04-25",35.66,19.09,450,"1996-04-11 2025-04-25",-1.81,3.82,450,"1996-04-11 2025-04-25",3.27,3.99,450,"1996-04-11 2025-04-25",1.1,3.37,450,"1996-04-11 2025-04-25",0.47,2.34,445,"1996-04-11 2025-04-25",0.74,2.63,445,"1996-04-11 2025-04-25",1.2,3.01,365,"1996-04-11 2025-04-22",,,,
2026-04-17,-1.76,3.8,450,"1996-04-10 2025-04-24",79.5,14.65,450,"1996-04-10 2025-04-24",10.91,6.65,450,"1996-04-10 2025-04-24",29.38,8.79,450,"1996-04-10 2025-04-24",-7.82,4.36,450,"1996-04-10 2025-04-24",35.67,19.14,450,"1996-04-10 2025-04-24",-1.95,3.8,450,"1996-04-10 2025-04-24",3.28,4.04,450,"1996-04-10 2025-04-24",1.07,3.26,450,"1996-04-10 2025-04-24",0.43,2.06,446,"1996-04-10 2025-04-24",0.79,2.84,445,"1996-04-10 2025-04-24",1.2,3,367,"1996-04-10 2025-04-22",,,,
2026-04-16,-1.83,3.76,450,"1996-04-09 2025-04-23",79.61,14.61,450,"1996-04-09 2025-04-23",10.74,6.61,450,"1996-04-09 2025-04-23",29.61,9.03,450,"1996-04-09 2025-04-23",-7.93,4.29,450,"1996-04-09 2025-04-23",35.8,18.93,450,"1996-04-09 2025-04-23",-2.1,3.76,450,"1996-04-09 2025-04-23",3.36,4.11,450,"1996-04-09 2025-04-23",1.04,3.11,450,"1996-04-09 2025-04-23",0.41,1.97,445,"1996-04-09 2025-04-23",0.77,2.72,444,"1996-04-09 2025-04-23",1.2,2.98,370,"1996-04-09 2025-04-22",,,,
2026-04-15,-1.91,3.79,450,"1996-04-08 2025-04-22",79.36,14.83,450,"1996-04-08 2025-04-22",10.63,6.63,450,"1996-04-08 2025-04-22",29.79,9.29,450,"1996-04-08 2025-04-22",-8.02,4.33,450,"1996-04-08 2025-04-22",36.03,19.12,450,"1996-04-08 2025-04-22",-2.16,3.82,450,"1996-04-08 2025-04-22",3.43,4.15,450,"1996-04-08 2025-04-22",1.09,3.17,450,"1996-04-08 2025-04-22",0.42,1.98,443,"1996-04-08 2025-04-22",0.81,2.77,443,"1996-04-08 2025-04-22",1.2,2.97,374,"1996-04-08 2025-04-22",,,,
2026-04-14,-2.06,3.84,450,"1996-04-07 2025-04-21",79.16,14.94,450,"1996-04-07 2025-04-21",10.44,6.71,450,"1996-04-07 2025-04-21",29.5,9.22,450,"1996-04-07 2025-04-21",-8.14,4.33,450,"1996-04-07 2025-04-21",36.32,19.19,450,"1996-04-07 2025-04-21",-2.32,3.87,450,"1996-04-07 2025-04-21",3.47,4.13,450,"1996-04-07 2025-04-21",1.07,3.16,450,"1996-04-07 2025-04-21",0.4,2.01,443,"1996-04-07 2025-04-21",0.81,2.74,443,"1996-04-07 2025-04-21",1.2,2.96,374,"1996-04-07 2025-04-21",,,,
2026-04-13,-2.21,3.88,450,"1996-04-06 2025-04-20",79.23,15.24,450,"1996-04-06 2025-04-20",10.07,6.61,450,"1996-04-06 2025-04-20",29.38,9.35,450,"1996-04-06 2025-04-20",-8.28,4.34,450,"1996-04-06 2025-04-20",36.83,19.52,450,"1996-04-06 2025-04-20",-2.47,3.9,450,"1996-04-06 2025-04-20",3.47,4.19,450,"1996-04-06 2025-04-20",1.04,3.1,450,"1996-04-06 2025-04-20",0.37,1.9,444,"1996-04-06 2025-04-20",0.81,2.74,443,"1996-04-06 2025-04-20",1.3,2.97,377,"1996-04-06 2025-04-13",,,,
2026-04-12,-2.35,3.87,450,"1996-04-05 2025-04-19",79.57,15.24,450,"1996-04-05 2025-04-19",9.73,6.55,450,"1996-04-05 2025-04-19",29.17,9.36,450,"1996-04-05 2025-04-19",-8.4,4.38,450,"1996-04-05 2025-04-19",37.35,19.82,450,"1996-04-05 2025-04-19",-2.64,3.87,450,"1996-04-05 2025-04-19",3.51,4.09,450,"1996-04-05 2025-04-19",1,2.81,450,"1996-04-05 2025-04-19",0.32,1.37,445,"1996-04-05 2025-04-19",0.82,2.71,444,"1996-04-05 2025-04-19",1.3,2.98,379,"1996-04-05 2025-04-13",,,,
2026-04-11,-2.52,3.89,450,"1996-04-04 2025-04-18",79.68,15.32,450,"1996-04-04 2025-04-18",9.35,6.55,450,"1996-04-04 2025-04-18",29.34,9.43,450,"1996-04-04 2025-04-18",-8.57,4.39,450,"1996-04-04 2025-04-18",37.88,19.97,450,"1996-04-04 2025-04-18",-2.84,3.97,450,"1996-04-04 2025-04-18",3.55,4.02,450,"1996-04-04 2025-04-18",0.94,2.71,450,"1996-04-04 2025-04-18",0.3,1.38,446,"1996-04-04 2025-04-18",0.77,2.51,445,"1996-04-04 2025-04-18",1.5,3.22,381,"1996-04-04 2025-04-13",,,,
2026-04-10,-2.7,3.91,450,"1996-04-03 2025-04-17",79.66,15.29,450,"1996-04-03 2025-04-17",9.02,6.68,450,"1996-04-03 2025-04-17",29.27,9.5,450,"1996-04-03 2025-04-17",-8.69,4.35,450,"1996-04-03 2025-04-17",38.51,20.1,450,"1996-04-03 2025-04-17",-3.05,4.13,450,"1996-04-03 2025-04-17",3.55,3.9,450,"1996-04-03 2025-04-17",0.9,2.66,450,"1996-04-03 2025-04-17",0.29,1.38,445,"1996-04-03 2025-04-17",0.74,2.38,444,"1996-04-03 2025-04-17",1.7,3.68,384,"1996-04-03 2025-04-13",,,,
2026-04-09,-2.87,4.07,450,"1996-04-02 2025-04-16",80.12,15.07,450,"1996-04-02 2025-04-16",8.66,6.81,450,"1996-04-02 2025-04-16",29.26,9.5,450,"1996-04-02 2025-04-16",-8.82,4.47,450,"1996-04-02 2025-04-16",39.12,20.39,450,"1996-04-02 2025-04-16",-3.28,4.25,450,"1996-04-02 2025-04-16",3.59,3.91,450,"1996-04-02 2025-04-16",0.98,2.83,450,"1996-04-02 2025-04-16",0.28,1.37,445,"1996-04-02 2025-04-16",0.85,2.66,444,"1996-04-02 2025-04-16",1.8,3.87,387,"1996-04-02 2025-04-13",,,,
2026-04-08,-2.92,4.19,450,"1996-04-01 2025-04-15",80.46,14.84,450,"1996-04-01 2025-04-15",8.38,6.84,450,"1996-04-01 2025-04-15",29.51,9.84,450,"1996-04-01 2025-04-15",-8.92,4.62,450,"1996-04-01 2025-04-15",39.49,20.37,450,"1996-04-01 2025-04-15",-3.4,4.38,450,"1996-04-01 2025-04-15",3.56,3.87,450,"1996-04-01 2025-04-15",0.98,2.79,450,"1996-04-01 2025-04-15",0.3,1.38,445,"1996-04-01 2025-04-15",0.84,2.62,444,"1996-04-01 2025-04-15",1.9,3.98,389,"1996-04-01 2025-04-13",,,,
2026-04-07,-2.99,4.27,450,"1996-03-31 2025-04-14",80.34,14.97,450,"1996-03-31 2025-04-14",8.27,6.91,450,"1996-03-31 2025-04-14",29.63,9.99,450,"1996-03-31 2025-04-14",-9.02,4.7,450,"1996-03-31 2025-04-14",39.69,20.43,450,"1996-03-31 2025-04-14",-3.48,4.51,450,"1996-03-31 2025-04-14",3.62,3.92,450,"1996-03-31 2025-04-14",0.98,2.78,450,"1996-03-31 2025-04-14",0.3,1.38,443,"1996-03-31 2025-04-14",0.85,2.62,443,"1996-03-31 2025-04-14",1.9,3.99,391,"1996-03-31 2025-04-13",,,,
2026-04-06,-3.06,4.25,450,"1996-03-30 2025-04-13",80.24,14.9,450,"1996-03-30 2025-04-13",8.18,7.03,450,"1996-03-30 2025-04-13",29.52,9.76,450,"1996-03-30 2025-04-13",-9.13,4.65,450,"1996-03-30 2025-04-13",39.89,20.61,450,"1996-03-30 2025-04-13",-3.63,4.61,450,"1996-03-30 2025-04-13",3.59,3.94,450,"1996-03-30 2025-04-13",0.91,2.64,450,"1996-03-30 2025-04-13",0.28,1.37,444,"1996-03-30 2025-04-13",0.82,2.46,444,"1996-03-30 2025-04-13",2,4,392,"1996-03-30 2025-04-13",,,,
2026-04-05,-3.16,4.2,450,"1996-03-29 2025-04-12",80.4,14.6,450,"1996-03-29 2025-04-12",8.04,7.09,450,"1996-03-29 2025-04-12",29.5,9.91,450,"1996-03-29 2025-04-12",-9.24,4.55,450,"1996-03-29 2025-04-12",39.76,20.26,450,"1996-03-29 2025-04-12",-3.8,4.6,450,"1996-03-29 2025-04-12",3.6,3.98,450,"1996-03-29 2025-04-12",0.85,2.53,450,"1996-03-29 2025-04-12",0.22,1.13,443,"1996-03-29 2025-04-12",0.8,2.42,444,"1996-03-29 2025-04-12",2.1,4.1,394,"1996-03-29 2025-04-12",,,,
2026-04-04,-3.22,4.16,450,"1996-03-28 2025-04-11",80.47,14.61,450,"1996-03-28 2025-04-11",7.86,7.05,450,"1996-03-28 2025-04-11",29.6,10.08,450,"1996-03-28 2025-04-11",-9.32,4.54,450,"1996-03-28 2025-04-11",39.99,20.28,450,"1996-03-28 2025-04-11",-3.88,4.66,450,"1996-03-28 2025-04-11",3.62,3.95,450,"1996-03-28 2025-04-11",0.78,2.18,450,"1996-03-28 2025-04-11",0.2,1.03,441,"1996-03-28 2025-04-11",0.76,2.29,442,"1996-03-28 2025-04-11",2.3,4.19,396,"1996-03-28 2025-04-08",,,,
2026-04-03,-3.3,4.11,450,"1996-03-27 2025-04-10",80.62,14.59,450,"1996-03-27 2025-04-10",7.64,7.07,450,"1996-03-27 2025-04-10",29.41,10.16,450,"1996-03-27 2025-04-10",-9.38,4.47,450,"1996-03-27 2025-04-10",40.43,20.37,450,"1996-03-27 2025-04-10",-3.98,4.7,450,"1996-03-27 2025-04-10",3.62,3.98,450,"1996-03-27 2025-04-10",0.78,2.19,450,"1996-03-27 2025-04-10",0.19,1.03,440,"1996-03-27 2025-04-10",0.78,2.34,441,"1996-03-27 2025-04-10",2.5,4.29,399,"1996-03-27 2025-04-08",,,,
2026-04-02,-3.34,4.07,450,"1996-03-26 2025-04-09",81.08,14.42,450,"1996-03-26 2025-04-09",7.43,7.1,450,"1996-03-26 2025-04-09",29.42,10.11,450,"1996-03-26 2025-04-09",-9.42,4.4,450,"1996-03-26 2025-04-09",40.77,20.27,450,"1996-03-26 2025-04-09",-4.18,4.73,450,"1996-03-26 2025-04-09",3.54,3.94,450,"1996-03-26 2025-04-09",0.75,2.07,450,"1996-03-26 2025-04-09",0.18,1,439,"1996-03-26 2025-04-09",0.76,2.11,440,"1996-03-26 2025-04-09",2.6,4.36,405,"1996-03-26 2025-04-08",,,,
2026-04-01,-3.49,4.03,450,"1996-03-25 2025-04-08",81.34,14.49,450,"1996-03-25 2025-04-08",7.11,7.11,450,"1996-03-25 2025-04-08",29.18,9.91,450,"1996-03-25 2025-04-08",-9.57,4.44,450,"1996-03-25 2025-04-08",41.39,20.59,450,"1996-03-25 2025-04-08",-4.43,4.79,450,"1996-03-25 2025-04-08",3.56,3.86,450,"1996-03-25 2025-04-08",0.7,2,450,"1996-03-25 2025-04-08",0.15,0.87,440,"1996-03-25 2025-04-08",0.75,2.1,441,"1996-03-25 2025-04-08",2.8,4.53,408,"1996-03-25 2025-04-08",,,,
2026-03-31,-3.69,4.03,450,"1996-03-24 2025-04-07",82.06,14.22,450,"1996-03-24 2025-04-07",6.58,7.13,450,"1996-03-24 2025-04-07",29,9.61,450,"1996-03-24 2025-04-07",-9.72,4.51,450,"1996-03-24 2025-04-07",42.51,20.97,450,"1996-03-24 2025-04-07",-4.77,4.83,450,"1996-03-24 2025-04-07",3.55,3.89,450,"1996-03-24 2025-04-07",0.65,1.88,450,"1996-03-24 2025-04-07",0.12,0.83,442,"1996-03-24 2025-04-07",0.73,2.04,442,"1996-03-24 2025-04-07",3,4.77,413,"1996-03-24 2025-04-07",,,,
2026-03-30,-3.87,4.09,450,"1996-03-23 2025-04-06",82.6,13.87,450,"1996-03-23 2025-04-06",6.16,7.18,450,"1996-03-23 2025-04-06",29.09,9.81,450,"1996-03-23 2025-04-06",-9.89,4.57,450,"1996-03-23 2025-04-06",43.21,21.41,450,"1996-03-23 2025-04-06",-5,4.92,450,"1996-03-23 2025-04-06",3.5,3.95,450,"1996-03-23 2025-04-06",0.63,1.82,450,"1996-03-23 2025-04-06",0.09,0.62,442,"1996-03-23 2025-04-06",0.74,2.08,442,"1996-03-23 2025-04-06",3.2,5.09,415,"1996-03-23 2025-04-06",,,,
2026-03-29,-3.95,4.1,450,"1996-03-22 2025-04-05",83.09,13.31,450,"1996-03-22 2025-04-05",5.92,7.21,450,"1996-03-22 2025-04-05",28.91,9.81,450,"1996-03-22 2025-04-05",-10.02,4.59,450,"1996-03-22 2025-04-05",43.66,21.31,450,"1996-03-22 2025-04-05",-5.25,4.9,450,"1996-03-22 2025-04-05",3.48,3.92,450,"1996-03-22 2025-04-05",0.72,2.05,450,"1996-03-22 2025-04-05",0.08,0.59,442,"1996-03-22 2025-04-05",0.86,2.35,443,"1996-03-22 2025-04-05",3.3,5.16,417,"1996-03-22 2025-04-05",,,,
2026-03-28,-4.09,4.19,450,"1996-03-21 2025-04-04",82.93,13.41,450,"1996-03-21 2025-04-04",5.76,7.24,450,"1996-03-21 2025-04-04",29.1,9.91,450,"1996-03-21 2025-04-04",-10.17,4.65,450,"1996-03-21 2025-04-04",43.92,21.35,450,"1996-03-21 2025-04-04",-5.39,4.98,450,"1996-03-21 2025-04-04",3.48,3.96,450,"1996-03-21 2025-04-04",0.7,2.03,450,"1996-03-21 2025-04-04",0.06,0.43,441,"1996-03-21 2025-04-04",0.87,2.38,442,"1996-03-21 2025-04-04",3.3,5.21,420,"1996-03-21 2025-04-04",,,,
2026-03-27,-4.12,4.26,450,"1996-03-20 2025-04-03",82.72,13.23,450,"1996-03-20 2025-04-03",5.74,7.32,450,"1996-03-20 2025-04-03",28.97,9.96,450,"1996-03-20 2025-04-03",-10.33,4.69,450,"1996-03-20 2025-04-03",43.69,21.54,450,"1996-03-20 2025-04-03",-5.51,5,450,"1996-03-20 2025-04-03",3.46,3.97,450,"1996-03-20 2025-04-03",0.7,1.98,450,"1996-03-20 2025-04-03",0.04,0.24,441,"1996-03-20 2025-04-03",0.89,2.45,442,"1996-03-20 2025-04-03",3.3,5.24,421,"1996-03-20 2025-04-03",,,,
2026-03-26,-4.17,4.33,450,"1996-03-19 2025-04-02",82.72,13.05,450,"1996-03-19 2025-04-02",5.7,7.33,450,"1996-03-19 2025-04-02",28.83,9.99,450,"1996-03-19 2025-04-02",-10.44,4.74,450,"1996-03-19 2025-04-02",43.37,21.48,450,"1996-03-19 2025-04-02",-5.56,5.01,450,"1996-03-19 2025-04-02",3.44,3.98,450,"1996-03-19 2025-04-02",0.7,1.98,450,"1996-03-19 2025-04-02",0.04,0.24,442,"1996-03-19 2025-04-02",0.88,2.43,443,"1996-03-19 2025-04-02",3.2,5.19,421,"1996-03-19 2025-04-02",,,,
2026-03-25,-4.19,4.29,450,"1996-03-18 2025-04-01",82.68,13.06,450,"1996-03-18 2025-04-01",5.67,7.29,450,"1996-03-18 2025-04-01",28.69,9.85,450,"1996-03-18 2025-04-01",-10.45,4.67,450,"1996-03-18 2025-04-01",43.33,21.12,450,"1996-03-18 2025-04-01",-5.66,5.04,450,"1996-03-18 2025-04-01",3.31,3.91,450,"1996-03-18 2025-04-01",0.63,1.73,450,"1996-03-18 2025-04-01",0.05,0.26,441,"1996-03-18 2025-04-01",0.79,2.15,443,"1996-03-18 2025-04-01",3.2,5.38,424,"1996-03-18 2025-04-01",,,,
2026-03-24,-4.29,4.29,450,"1996-03-17 2025-03-31",82.69,13.09,450,"1996-03-17 2025-03-31",5.53,7.31,450,"1996-03-17 2025-03-31",28.48,9.51,450,"1996-03-17 2025-03-31",-10.52,4.61,450,"1996-03-17 2025-03-31",43.51,21.1,450,"1996-03-17 2025-03-31",-5.8,5.06,450,"1996-03-17 2025-03-31",3.23,3.86,450,"1996-03-17 2025-03-31",0.6,1.74,450,"1996-03-17 2025-03-31",0.03,0.19,441,"1996-03-17 2025-03-31",0.79,2.21,443,"1996-03-17 2025-03-31",3.3,5.52,427,"1996-03-17 2025-03-31",,,,
2026-03-23,-4.35,4.28,450,"1996-03-16 2025-03-30",82.92,12.86,450,"1996-03-16 2025-03-30",5.28,7.32,450,"1996-03-16 2025-03-30",28.19,9.37,450,"1996-03-16 2025-03-30",-10.57,4.6,450,"1996-03-16 2025-03-30",44.2,21.43,450,"1996-03-16 2025-03-30",-5.98,5.05,450,"1996-03-16 2025-03-30",3.1,3.82,450,"1996-03-16 2025-03-30",0.67,2.11,450,"1996-03-16 2025-03-30",0.04,0.27,443,"1996-03-16 2025-03-30",0.85,2.46,444,"1996-03-16 2025-03-30",3.3,5.49,430,"1996-03-16 2025-03-30",,,,
2026-03-22,-4.42,4.38,450,"1996-03-15 2025-03-29",83.15,12.72,450,"1996-03-15 2025-03-29",5.1,7.24,450,"1996-03-15 2025-03-29",27.87,9.45,450,"1996-03-15 2025-03-29",-10.66,4.7,450,"1996-03-15 2025-03-29",44.39,21.23,450,"1996-03-15 2025-03-29",-6.16,5.13,450,"1996-03-15 2025-03-29",3.03,3.8,450,"1996-03-15 2025-03-29",0.66,2.1,450,"1996-03-15 2025-03-29",0.04,0.27,443,"1996-03-15 2025-03-29",0.82,2.38,444,"1996-03-15 2025-03-29",3.3,5.48,432,"1996-03-15 2025-03-29",,,,
2026-03-21,-4.47,4.55,450,"1996-03-14 2025-03-28",83.21,12.68,450,"1996-03-14 2025-03-28",4.98,7.3,450,"1996-03-14 2025-03-28",27.87,9.36,450,"1996-03-14 2025-03-28",-10.77,4.86,450,"1996-03-14 2025-03-28",44.69,21.12,450,"1996-03-14 2025-03-28",-6.23,5.35,450,"1996-03-14 2025-03-28",3.02,3.73,450,"1996-03-14 2025-03-28",0.65,2.08,450,"1996-03-14 2025-03-28",0.04,0.27,443,"1996-03-14 2025-03-28",0.8,2.36,444,"1996-03-14 2025-03-28",3.3,5.49,433,"1996-03-14 2025-03-28",,,,
2026-03-20,-4.51,4.58,450,"1996-03-13 2025-03-27",83.14,12.61,450,"1996-03-13 2025-03-27",4.91,7.39,450,"1996-03-13 2025-03-27",27.85,9.52,450,"1996-03-13 2025-03-27",-10.92,4.92,450,"1996-03-13 2025-03-27",44.89,20.99,450,"1996-03-13 2025-03-27",-6.44,5.47,450,"1996-03-13 2025-03-27",3.01,3.8,450,"1996-03-13 2025-03-27",0.66,2.11,450,"1996-03-13 2025-03-27",0.04,0.26,444,"1996-03-13 2025-03-27",0.82,2.39,445,"1996-03-13 2025-03-27",3.4,5.52,433,"1996-03-13 2025-03-27",,,,
2026-03-19,-4.64,4.67,450,"1996-03-12 2025-03-26",82.98,12.83,450,"1996-03-12 2025-03-26",4.83,7.5,450,"1996-03-12 2025-03-26",28.13,9.77,450,"1996-03-12 2025-03-26",-11.08,4.97,450,"1996-03-12 2025-03-26",44.86,20.9,450,"1996-03-12 2025-03-26",-6.58,5.59,450,"1996-03-12 2025-03-26",3.09,3.88,450,"1996-03-12 2025-03-26",0.65,2.09,450,"1996-03-12 2025-03-26",0.03,0.25,445,"1996-03-12 2025-03-26",0.81,2.37,446,"1996-03-12 2025-03-26",3.4,5.54,434,"1996-03-12 2025-03-26",,,,
2026-03-18,-4.8,4.85,450,"1996-03-11 2025-03-25",82.73,12.82,450,"1996-03-11 2025-03-25",4.69,7.77,450,"1996-03-11 2025-03-25",28.07,9.85,450,"1996-03-11 2025-03-25",-11.37,5.14,450,"1996-03-11 2025-03-25",44.84,20.91,450,"1996-03-11 2025-03-25",-6.81,5.83,450,"1996-03-11 2025-03-25",3.17,3.93,450,"1996-03-11 2025-03-25",0.62,2.06,450,"1996-03-11 2025-03-25",0.03,0.25,446,"1996-03-11 2025-03-25",0.78,2.35,447,"1996-03-11 2025-03-25",3.4,5.57,434,"1996-03-11 2025-03-24",,,,
2026-03-17,-5.05,5.17,450,"1996-03-10 2025-03-24",82.47,12.56,450,"1996-03-10 2025-03-24",4.42,8.08,450,"1996-03-10 2025-03-24",28.14,9.85,450,"1996-03-10 2025-03-24",-11.62,5.37,450,"1996-03-10 2025-03-24",44.76,20.63,450,"1996-03-10 2025-03-24",-7.07,6.08,450,"1996-03-10 2025-03-24",3.06,3.86,450,"1996-03-10 2025-03-24",0.64,2.09,450,"1996-03-10 2025-03-24",0.03,0.25,445,"1996-03-10 2025-03-24",0.79,2.35,446,"1996-03-10 2025-03-24",3.4,5.51,435,"1996-03-10 2025-03-24",,,,
2026-03-16,-5.28,5.49,450,"1996-03-09 2025-03-23",81.99,12.56,450,"1996-03-09 2025-03-23",4.34,8.38,450,"1996-03-09 2025-03-23",28.26,9.94,450,"1996-03-09 2025-03-23",-11.95,5.6,450,"1996-03-09 2025-03-23",43.97,20.23,450,"1996-03-09 2025-03-23",-7.29,6.38,450,"1996-03-09 2025-03-23",2.93,3.79,450,"1996-03-09 2025-03-23",0.65,2.1,450,"1996-03-09 2025-03-23",0.03,0.26,444,"1996-03-09 2025-03-23",0.81,2.37,445,"1996-03-09 2025-03-23",3.5,5.4,433,"1996-03-09 2025-03-23",,,,
2026-03-15,-5.48,5.73,450,"1996-03-08 2025-03-22",81.49,12.44,450,"1996-03-08 2025-03-22",4.13,8.6,450,"1996-03-08 2025-03-22",28.32,9.9,450,"1996-03-08 2025-03-22",-12.25,5.85,450,"1996-03-08 2025-03-22",43.84,19.84,450,"1996-03-08 2025-03-22",-7.55,6.7,450,"1996-03-08 2025-03-22",2.97,3.75,450,"1996-03-08 2025-03-22",0.63,2.07,450,"1996-03-08 2025-03-22",0.03,0.25,444,"1996-03-08 2025-03-22",0.77,2.3,445,"1996-03-08 2025-03-22",3.5,5.18,434,"1996-03-08 2025-03-22",,,,
2026-03-14,-5.82,5.98,450,"1996-03-07 2025-03-21",81.15,12.28,450,"1996-03-07 2025-03-21",3.86,8.9,450,"1996-03-07 2025-03-21",28.31,9.98,450,"1996-03-07 2025-03-21",-12.63,6.1,450,"1996-03-07 2025-03-21",43.57,19.58,450,"1996-03-07 2025-03-21",-7.96,6.99,450,"1996-03-07 2025-03-21",2.93,3.72,450,"1996-03-07 2025-03-21",0.55,1.85,450,"1996-03-07 2025-03-21",0.03,0.25,444,"1996-03-07 2025-03-21",0.69,2.07,445,"1996-03-07 2025-03-21",3.6,5.22,434,"1996-03-07 2025-03-21",,,,
2026-03-13,-6.12,6.24,450,"1996-03-06 2025-03-20",81.31,11.79,450,"1996-03-06 2025-03-20",3.43,9.26,450,"1996-03-06 2025-03-20",27.86,10,450,"1996-03-06 2025-03-20",-13,6.3,450,"1996-03-06 2025-03-20",43.87,19.38,450,"1996-03-06 2025-03-20",-8.41,7.24,450,"1996-03-06 2025-03-20",2.79,3.64,450,"1996-03-06 2025-03-20",0.54,1.84,450,"1996-03-06 2025-03-20",0.03,0.25,445,"1996-03-06 2025-03-20",0.68,2.05,446,"1996-03-06 2025-03-20",3.8,5.26,434,"1996-03-06 2025-03-18",,,,
2026-03-12,-6.46,6.33,450,"1996-03-05 2025-03-19",81.38,11.66,450,"1996-03-05 2025-03-19",2.96,9.45,450,"1996-03-05 2025-03-19",27.58,10.18,450,"1996-03-05 2025-03-19",-13.31,6.53,450,"1996-03-05 2025-03-19",44.82,19.31,450,"1996-03-05 2025-03-19",-8.84,7.49,450,"1996-03-05 2025-03-19",2.72,3.54,450,"1996-03-05 2025-03-19",0.54,1.78,450,"1996-03-05 2025-03-19",0.03,0.25,445,"1996-03-05 2025-03-19",0.69,2,446,"1996-03-05 2025-03-19",3.9,5.27,436,"1996-03-05 2025-03-18",,,,
2026-03-11,-6.73,6.49,450,"1996-03-04 2025-03-18",81.71,11.5,450,"1996-03-04 2025-03-18",2.45,9.57,450,"1996-03-04 2025-03-18",27.51,10.19,450,"1996-03-04 2025-03-18",-13.58,6.69,450,"1996-03-04 2025-03-18",45.7,19.34,450,"1996-03-04 2025-03-18",-9.26,7.62,450,"1996-03-04 2025-03-18",2.68,3.48,450,"1996-03-04 2025-03-18",0.54,1.77,450,"1996-03-04 2025-03-18",0.03,0.25,445,"1996-03-04 2025-03-18",0.7,2,446,"1996-03-04 2025-03-18",4,5.23,439,"1996-03-04 2025-03-18",,,,
2026-03-10,-7.01,6.65,450,"1996-03-03 2025-03-17",81.63,11.45,450,"1996-03-03 2025-03-17",2.03,9.69,450,"1996-03-03 2025-03-17",27.53,10.43,450,"1996-03-03 2025-03-17",-13.84,6.83,450,"1996-03-03 2025-03-17",46.37,19.62,450,"1996-03-03 2025-03-17",-9.51,7.75,450,"1996-03-03 2025-03-17",2.73,3.48,450,"1996-03-03 2025-03-17",0.59,1.84,450,"1996-03-03 2025-03-17",0.03,0.3,445,"1996-03-03 2025-03-17",0.77,2.1,446,"1996-03-03 2025-03-17",4.1,5.01,440,"1996-03-03 2025-03-17",,,,
2026-03-09,-7.2,6.76,450,"1996-03-02 2025-03-16",81.66,11.4,450,"1996-03-02 2025-03-16",1.72,9.81,450,"1996-03-02 2025-03-16",27.6,10.56,450,"1996-03-02 2025-03-16",-14.05,6.96,450,"1996-03-02 2025-03-16",46.96,19.6,450,"1996-03-02 2025-03-16",-9.8,7.88,450,"1996-03-02 2025-03-16",2.85,3.53,450,"1996-03-02 2025-03-16",0.65,1.95,450,"1996-03-02 2025-03-16",0.04,0.3,444,"1996-03-02 2025-03-16",0.83,2.26,445,"1996-03-02 2025-03-16",4.1,4.8,440,"1996-03-02 2025-03-16",,,,
2026-03-08,-7.42,6.89,450,"1996-03-01 2025-03-15",81.65,11.21,450,"1996-03-01 2025-03-15",1.49,9.98,450,"1996-03-01 2025-03-15",27.57,10.51,450,"1996-03-01 2025-03-15",-14.3,7.05,450,"1996-03-01 2025-03-15",46.82,19.22,450,"1996-03-01 2025-03-15",-10.07,7.97,450,"1996-03-01 2025-03-15",2.84,3.52,450,"1996-03-01 2025-03-15",0.57,1.53,450,"1996-03-01 2025-03-15",0.02,0.23,444,"1996-03-01 2025-03-15",0.78,1.98,445,"1996-03-01 2025-03-15",4.2,4.8,440,"1996-03-01 2025-03-15",,,,
2026-03-07,-7.62,6.85,450,"1996-02-29 2025-03-14",81.32,11.17,450,"1996-02-29 2025-03-14",1.29,9.96,450,"1996-02-29 2025-03-14",27.62,10.52,450,"1996-02-29 2025-03-14",-14.57,7.04,450,"1996-02-29 2025-03-14",46.86,19.06,450,"1996-02-29 2025-03-14",-10.32,7.95,450,"1996-02-29 2025-03-14",2.84,3.57,450,"1996-02-29 2025-03-14",0.58,1.53,450,"1996-02-29 2025-03-14",0.02,0.22,444,"1996-02-29 2025-03-14",0.8,1.99,445,"1996-02-29 2025-03-14",4.2,4.76,440,"1996-02-29 2025-03-14",,,,
2026-03-06,-7.84,6.76,450,"1996-02-28 2025-03-13",81.17,11.29,450,"1996-02-28 2025-03-13",1.02,9.82,450,"1996-02-28 2025-03-13",27.37,10.56,450,"1996-02-28 2025-03-13",-14.79,7,450,"1996-02-28 2025-03-13",47.05,18.82,450,"1996-02-28 2025-03-13",-10.64,7.88,450,"1996-02-28 2025-03-13",2.74,3.54,450,"1996-02-28 2025-03-13",0.57,1.5,450,"1996-02-28 2025-03-13",0.02,0.22,445,"1996-02-28 2025-03-13",0.79,1.97,446,"1996-02-28 2025-03-13",4.3,4.74,441,"1996-02-28 2025-03-13",,,,
2026-03-05,-8.18,6.8,450,"1996-02-27 2025-03-12",81,11.16,450,"1996-02-27 2025-03-12",0.59,9.83,450,"1996-02-27 2025-03-12",26.94,10.37,450,"1996-02-27 2025-03-12",-15.09,7.03,450,"1996-02-27 2025-03-12",47.32,18.89,450,"1996-02-27 2025-03-12",-10.96,7.88,450,"1996-02-27 2025-03-12",2.73,3.46,450,"1996-02-27 2025-03-12",0.58,1.47,450,"1996-02-27 2025-03-12",0.02,0.22,446,"1996-02-27 2025-03-12",0.8,1.94,447,"1996-02-27 2025-03-12",4.4,4.69,441,"1996-02-27 2025-03-12",,,,
2026-03-04,-8.53,6.88,450,"1996-02-26 2025-03-11",80.91,10.85,450,"1996-02-26 2025-03-11",0.11,9.83,450,"1996-02-26 2025-03-11",26.56,10.19,450,"1996-02-26 2025-03-11",-15.49,7.18,450,"1996-02-26 2025-03-11",47.65,18.74,450,"1996-02-26 2025-03-11",-11.45,7.97,450,"1996-02-26 2025-03-11",2.62,3.34,450,"1996-02-26 2025-03-11",0.57,1.46,450,"1996-02-26 2025-03-11",0.02,0.22,446,"1996-02-26 2025-03-11",0.78,1.9,446,"1996-02-26 2025-03-11",4.5,4.67,441,"1996-02-26 2025-03-11",,,,
2026-03-03,-8.8,6.92,450,"1996-02-25 2025-03-10",80.99,10.8,450,"1996-02-25 2025-03-10",-0.25,9.79,450,"1996-02-25 2025-03-10",26.42,10.24,450,"1996-02-25 2025-03-10",-15.69,7.27,450,"1996-02-25 2025-03-10",47.91,18.61,450,"1996-02-25 2025-03-10",-11.72,8.02,450,"1996-02-25 2025-03-10",2.57,3.29,450,"1996-02-25 2025-03-10",0.6,1.48,450,"1996-02-25 2025-03-10",0.01,0.21,445,"1996-02-25 2025-03-10",0.85,2,445,"1996-02-25 2025-03-10",4.5,4.65,441,"1996-02-25 2025-03-10",,,,
2026-03-02,-8.89,6.88,450,"1996-02-24 2025-03-09",81.07,10.82,450,"1996-02-24 2025-03-09",-0.48,9.68,450,"1996-02-24 2025-03-09",26.28,10.32,450,"1996-02-24 2025-03-09",-15.83,7.26,450,"1996-02-24 2025-03-09",48.36,18.59,450,"1996-02-24 2025-03-09",-11.86,8.02,450,"1996-02-24 2025-03-09",2.58,3.32,450,"1996-02-24 2025-03-09",0.61,1.45,450,"1996-02-24 2025-03-09",0.01,0.21,445,"1996-02-24 2025-03-09",0.87,2,445,"1996-02-24 2025-03-09",4.5,4.66,442,"1996-02-24 2025-03-08",,,,
2026-03-01,-8.94,6.75,450,"1996-02-23 2025-03-08",81.1,11.06,450,"1996-02-23 2025-03-08",-0.62,9.46,450,"1996-02-23 2025-03-08",25.99,10.14,450,"1996-02-23 2025-03-08",-15.81,7.17,450,"1996-02-23 2025-03-08",48.87,18.5,450,"1996-02-23 2025-03-08",-11.92,7.91,450,"1996-02-23 2025-03-08",2.64,3.31,450,"1996-02-23 2025-03-08",0.65,1.53,450,"1996-02-23 2025-03-08",0.01,0.21,445,"1996-02-23 2025-03-08",0.92,2.11,446,"1996-02-23 2025-03-08",4.3,4.64,444,"1996-02-23 2025-03-08",,,,
2026-02-28,-8.87,6.61,450,"1996-02-21 2025-03-07",81.17,11.31,450,"1996-02-21 2025-03-07",-0.46,9.21,450,"1996-02-21 2025-03-07",25.75,9.97,450,"1996-02-21 2025-03-07",-15.65,7.01,450,"1996-02-21 2025-03-07",48.58,18.23,450,"1996-02-21 2025-03-07",-11.76,7.73,450,"1996-02-21 2025-03-07",2.53,3.31,450,"1996-02-21 2025-03-07",0.64,1.54,450,"1996-02-21 2025-03-07",0.01,0.21,445,"1996-02-21 2025-03-07",0.91,2.11,446,"1996-02-21 2025-03-07",4.1,4.59,445,"1996-02-21 2025-03-06",,,,
2026-02-27,-8.76,6.42,450,"1996-02-20 2025-03-06",81.33,11.52,450,"1996-02-20 2025-03-06",-0.33,8.94,450,"1996-02-20 2025-03-06",25.68,9.85,450,"1996-02-20 2025-03-06",-15.56,6.85,450,"1996-02-20 2025-03-06",48.62,18.35,450,"1996-02-20 2025-03-06",-11.71,7.59,450,"1996-02-20 2025-03-06",2.49,3.25,450,"1996-02-20 2025-03-06",0.65,1.62,450,"1996-02-20 2025-03-06",0.01,0.2,445,"1996-02-20 2025-03-06",0.9,2.15,445,"1996-02-20 2025-03-06",4,4.5,446,"1996-02-20 2025-03-06",,,,
2026-02-26,-8.59,6.29,450,"1996-02-19 2025-03-05",81.36,11.76,450,"1996-02-19 2025-03-05",-0.09,8.71,450,"1996-02-19 2025-03-05",25.82,9.84,450,"1996-02-19 2025-03-05",-15.38,6.75,450,"1996-02-19 2025-03-05",48.18,18.28,450,"1996-02-19 2025-03-05",-11.5,7.5,450,"1996-02-19 2025-03-05",2.57,3.3,450,"1996-02-19 2025-03-05",0.62,1.58,450,"1996-02-19 2025-03-05",0.01,0.2,444,"1996-02-19 2025-03-05",0.88,2.13,444,"1996-02-19 2025-03-05",3.9,4.43,446,"1996-02-19 2025-03-05",,,,
2026-02-25,-8.51,6.28,450,"1996-02-18 2025-03-04",81.16,11.79,450,"1996-02-18 2025-03-04",0.05,8.61,450,"1996-02-18 2025-03-04",25.93,9.64,450,"1996-02-18 2025-03-04",-15.25,6.68,450,"1996-02-18 2025-03-04",47.76,18.16,450,"1996-02-18 2025-03-04",-11.36,7.42,450,"1996-02-18 2025-03-04",2.51,3.26,450,"1996-02-18 2025-03-04",0.59,1.55,450,"1996-02-18 2025-03-04",0.01,0.2,442,"1996-02-18 2025-03-04",0.84,2.08,443,"1996-02-18 2025-03-04",3.8,4.43,445,"1996-02-18 2025-03-04",,,,
2026-02-24,-8.47,6.23,450,"1996-02-17 2025-03-03",80.86,11.77,450,"1996-02-17 2025-03-03",0.16,8.51,450,"1996-02-17 2025-03-03",25.91,9.63,450,"1996-02-17 2025-03-03",-15.21,6.7,450,"1996-02-17 2025-03-03",47.42,17.83,450,"1996-02-17 2025-03-03",-11.27,7.45,450,"1996-02-17 2025-03-03",2.48,3.24,450,"1996-02-17 2025-03-03",0.6,1.57,450,"1996-02-17 2025-03-03",0.01,0.2,441,"1996-02-17 2025-03-03",0.82,2.07,443,"1996-02-17 2025-03-03",3.8,4.46,445,"1996-02-17 2025-03-03",,,,
2026-02-23,-8.47,6.18,450,"1996-02-16 2025-03-02",80.84,11.53,450,"1996-02-16 2025-03-02",0.3,8.5,450,"1996-02-16 2025-03-02",25.92,9.72,450,"1996-02-16 2025-03-02",-15.31,6.68,450,"1996-02-16 2025-03-02",46.75,17.46,450,"1996-02-16 2025-03-02",-11.35,7.47,450,"1996-02-16 2025-03-02",2.38,3.28,450,"1996-02-16 2025-03-02",0.5,1.35,450,"1996-02-16 2025-03-02",0,0.02,441,"1996-02-16 2025-03-02",0.7,1.78,442,"1996-02-16 2025-03-02",3.8,4.54,445,"1996-02-16 2025-03-01",,,,
2026-02-22,-8.53,6.13,450,"1996-02-15 2025-03-01",80.65,11.54,450,"1996-02-15 2025-03-01",0.33,8.46,450,"1996-02-15 2025-03-01",25.87,9.7,450,"1996-02-15 2025-03-01",-15.35,6.62,450,"1996-02-15 2025-03-01",46.34,17.08,450,"1996-02-15 2025-03-01",-11.35,7.47,450,"1996-02-15 2025-03-01",2.28,3.19,450,"1996-02-15 2025-03-01",0.48,1.27,450,"1996-02-15 2025-03-01",0,0.02,442,"1996-02-15 2025-03-01",0.68,1.7,443,"1996-02-15 2025-03-01",3.9,4.7,446,"1996-02-15 2025-03-01",,,,
2026-02-21,-8.56,6.02,450,"1996-02-14 2025-02-28",80.67,11.57,450,"1996-02-14 2025-02-28",0.28,8.33,450,"1996-02-14 2025-02-28",25.94,9.87,450,"1996-02-14 2025-02-28",-15.36,6.6,450,"1996-02-14 2025-02-28",46.42,17.1,450,"1996-02-14 2025-02-28",-11.36,7.44,450,"1996-02-14 2025-02-28",2.34,3.2,450,"1996-02-14 2025-02-28",0.48,1.27,450,"1996-02-14 2025-02-28",0,0.02,442,"1996-02-14 2025-02-28",0.68,1.7,443,"1996-02-14 2025-02-28",4,4.8,446,"1996-02-14 2025-02-28",,,,
2026-02-20,-8.49,6.1,450,"1996-02-13 2025-02-27",80.68,11.77,450,"1996-02-13 2025-02-27",0.32,8.45,450,"1996-02-13 2025-02-27",26.37,10.19,450,"1996-02-13 2025-02-27",-15.28,6.59,450,"1996-02-13 2025-02-27",46.41,17.18,450,"1996-02-13 2025-02-27",-11.22,7.54,450,"1996-02-13 2025-02-27",2.39,3.13,450,"1996-02-13 2025-02-27",0.47,1.25,450,"1996-02-13 2025-02-27",0,0.03,441,"1996-02-13 2025-02-27",0.66,1.66,442,"1996-02-13 2025-02-27",4.1,5.02,446,"1996-02-13 2025-02-27",,,,
2026-02-19,-8.43,6.13,450,"1996-02-12 2025-02-26",80.4,11.98,450,"1996-02-12 2025-02-26",0.4,8.53,450,"1996-02-12 2025-02-26",26.47,10.07,450,"1996-02-12 2025-02-26",-15.3,6.64,450,"1996-02-12 2025-02-26",46.42,17.44,450,"1996-02-12 2025-02-26",-11.19,7.6,450,"1996-02-12 2025-02-26",2.42,3.12,450,"1996-02-12 2025-02-26",0.47,1.25,450,"1996-02-12 2025-02-26",0,0.02,440,"1996-02-12 2025-02-26",0.66,1.67,441,"1996-02-12 2025-02-26",4.2,5.21,447,"1996-02-12 2025-02-26",,,,
2026-02-18,-8.48,6.23,450,"1996-02-11 2025-02-25",80.32,12.2,450,"1996-02-11 2025-02-25",0.39,8.64,450,"1996-02-11 2025-02-25",26.71,10.22,450,"1996-02-11 2025-02-25",-15.34,6.7,450,"1996-02-11 2025-02-25",46.35,17.46,450,"1996-02-11 2025-02-25",-11.23,7.67,450,"1996-02-11 2025-02-25",2.42,3.11,450,"1996-02-11 2025-02-25",0.45,1.24,450,"1996-02-11 2025-02-25",0,0.02,437,"1996-02-11 2025-02-25",0.63,1.66,439,"1996-02-11 2025-02-25",4.4,5.42,448,"1996-02-11 2025-02-25",,,,
2026-02-17,-8.52,6.31,450,"1996-02-10 2025-02-24",80.22,12.31,450,"1996-02-10 2025-02-24",0.29,8.69,450,"1996-02-10 2025-02-24",26.83,10.05,450,"1996-02-10 2025-02-24",-15.4,6.67,450,"1996-02-10 2025-02-24",46.52,17.4,450,"1996-02-10 2025-02-24",-11.25,7.66,450,"1996-02-10 2025-02-24",2.45,3.15,450,"1996-02-10 2025-02-24",0.46,1.26,450,"1996-02-10 2025-02-24",0,0.02,437,"1996-02-10 2025-02-24",0.64,1.68,440,"1996-02-10 2025-02-24",4.5,5.69,449,"1996-02-10 2025-02-24",,,,
2026-02-16,-8.62,6.44,450,"1996-02-09 2025-02-23",80.03,12.32,450,"1996-02-09 2025-02-23",0.15,8.82,450,"1996-02-09 2025-02-23",27.04,10.17,450,"1996-02-09 2025-02-23",-15.48,6.71,450,"1996-02-09 2025-02-23",46.85,17.41,450,"1996-02-09 2025-02-23",-11.35,7.7,450,"1996-02-09 2025-02-23",2.49,3.18,450,"1996-02-09 2025-02-23",0.45,1.32,450,"1996-02-09 2025-02-23",0,0.02,437,"1996-02-09 2025-02-23",0.6,1.68,440,"1996-02-09 2025-02-23",4.7,5.9,449,"1996-02-09 2025-02-23",,,,
2026-02-15,-8.65,6.42,450,"1996-02-08 2025-02-22",80.12,12.24,450,"1996-02-08 2025-02-22",0.04,8.85,450,"1996-02-08 2025-02-22",26.98,10.19,450,"1996-02-08 2025-02-22",-15.53,6.79,450,"1996-02-08 2025-02-22",47.48,17.66,450,"1996-02-08 2025-02-22",-11.49,7.73,450,"1996-02-08 2025-02-22",2.44,3.15,450,"1996-02-08 2025-02-22",0.48,1.42,450,"1996-02-08 2025-02-22",0,0.03,438,"1996-02-08 2025-02-22",0.64,1.8,441,"1996-02-08 2025-02-22",4.8,6.02,449,"1996-02-08 2025-02-22",,,,
2026-02-14,-8.74,6.43,450,"1996-02-07 2025-02-21",80.11,12.17,450,"1996-02-07 2025-02-21",-0.07,8.96,450,"1996-02-07 2025-02-21",26.98,10.28,450,"1996-02-07 2025-02-21",-15.63,6.84,450,"1996-02-07 2025-02-21",47.82,18.01,450,"1996-02-07 2025-02-21",-11.59,7.79,450,"1996-02-07 2025-02-21",2.48,3.14,450,"1996-02-07 2025-02-21",0.47,1.42,450,"1996-02-07 2025-02-21",0,0.03,438,"1996-02-07 2025-02-21",0.63,1.77,440,"1996-02-07 2025-02-21",5,6.09,449,"1996-02-07 2025-02-21",,,,
2026-02-13,-8.89,6.48,450,"1996-02-06 2025-02-20",80.08,12.07,450,"1996-02-06 2025-02-20",-0.38,9.03,450,"1996-02-06 2025-02-20",27.12,10.55,450,"1996-02-06 2025-02-20",-15.76,6.88,450,"1996-02-06 2025-02-20",48.58,18.37,450,"1996-02-06 2025-02-20",-11.79,7.82,450,"1996-02-06 2025-02-20",2.55,3.1,450,"1996-02-06 2025-02-20",0.47,1.42,450,"1996-02-06 2025-02-20",0,0.03,438,"1996-02-06 2025-02-20",0.64,1.77,440,"1996-02-06 2025-02-20",5.1,6.14,449,"1996-02-06 2025-02-20",,,,
2026-02-12,-9,6.63,450,"1996-02-05 2025-02-19",79.9,11.88,450,"1996-02-05 2025-02-19",-0.55,9.21,450,"1996-02-05 2025-02-19",27.1,10.56,450,"1996-02-05 2025-02-19",-15.89,6.94,450,"1996-02-05 2025-02-19",48.92,18.19,450,"1996-02-05 2025-02-19",-11.9,7.92,450,"1996-02-05 2025-02-19",2.56,3.18,450,"1996-02-05 2025-02-19",0.46,1.33,450,"1996-02-05 2025-02-19",0,0.03,437,"1996-02-05 2025-02-19",0.65,1.71,440,"1996-02-05 2025-02-19",5.2,6.12,449,"1996-02-05 2025-02-19",,,,
2026-02-11,-9.17,6.72,450,"1996-02-04 2025-02-18",79.57,11.7,450,"1996-02-04 2025-02-18",-0.68,9.36,450,"1996-02-04 2025-02-18",27.21,10.67,450,"1996-02-04 2025-02-18",-16.07,6.97,450,"1996-02-04 2025-02-18",48.95,18.19,450,"1996-02-04 2025-02-18",-12.08,7.97,450,"1996-02-04 2025-02-18",2.59,3.2,450,"1996-02-04 2025-02-18",0.5,1.39,450,"1996-02-04 2025-02-18",0,0.02,435,"1996-02-04 2025-02-18",0.69,1.78,440,"1996-02-04 2025-02-18",5.3,6.07,449,"1996-02-04 2025-02-18",,,,
2026-02-10,-9.29,6.75,450,"1996-02-03 2025-02-17",79.44,11.95,450,"1996-02-03 2025-02-17",-0.84,9.44,450,"1996-02-03 2025-02-17",27.05,10.71,450,"1996-02-03 2025-02-17",-16.22,7.02,450,"1996-02-03 2025-02-17",49.25,18.19,450,"1996-02-03 2025-02-17",-12.23,8.08,450,"1996-02-03 2025-02-17",2.64,3.23,450,"1996-02-03 2025-02-17",0.54,1.46,450,"1996-02-03 2025-02-17",0,0.04,435,"1996-02-03 2025-02-17",0.73,1.84,440,"1996-02-03 2025-02-17",5.3,5.98,450,"1996-02-03 2025-02-17",,,,
2026-02-09,-9.39,6.8,450,"1996-02-02 2025-02-16",79.42,12.01,450,"1996-02-02 2025-02-16",-1.02,9.54,450,"1996-02-02 2025-02-16",26.94,10.71,450,"1996-02-02 2025-02-16",-16.33,7.1,450,"1996-02-02 2025-02-16",49.59,18.23,450,"1996-02-02 2025-02-16",-12.35,8.1,450,"1996-02-02 2025-02-16",2.67,3.29,450,"1996-02-02 2025-02-16",0.53,1.45,450,"1996-02-02 2025-02-16",0,0.04,435,"1996-02-02 2025-02-16",0.73,1.84,440,"1996-02-02 2025-02-16",5.3,5.89,450,"1996-02-02 2025-02-16",,,,
2026-02-08,-9.44,6.83,450,"1996-02-01 2025-02-15",79.16,12.06,450,"1996-02-01 2025-02-15",-1.15,9.53,450,"1996-02-01 2025-02-15",26.91,10.65,450,"1996-02-01 2025-02-15",-16.42,7.16,450,"1996-02-01 2025-02-15",49.99,18.05,450,"1996-02-01 2025-02-15",-12.48,8.08,450,"1996-02-01 2025-02-15",2.74,3.25,450,"1996-02-01 2025-02-15",0.55,1.47,450,"1996-02-01 2025-02-15",0,0.05,436,"1996-02-01 2025-02-15",0.73,1.84,441,"1996-02-01 2025-02-15",5.3,5.87,450,"1996-02-01 2025-02-15",,,,
2026-02-07,-9.42,6.81,450,"1996-01-31 2025-02-14",79.09,12.2,450,"1996-01-31 2025-02-14",-1.19,9.49,450,"1996-01-31 2025-02-14",27.17,10.89,450,"1996-01-31 2025-02-14",-16.51,7.19,450,"1996-01-31 2025-02-14",50.3,17.98,450,"1996-01-31 2025-02-14",-12.57,8.06,450,"1996-01-31 2025-02-14",2.72,3.25,450,"1996-01-31 2025-02-14",0.56,1.47,450,"1996-01-31 2025-02-14",0,0.05,435,"1996-01-31 2025-02-14",0.74,1.83,441,"1996-01-31 2025-02-14",5.2,5.84,450,"1996-01-31 2025-02-14",,,,
2026-02-06,-9.41,6.83,450,"1996-01-30 2025-02-13",78.65,12.24,450,"1996-01-30 2025-02-13",-1.07,9.58,450,"1996-01-30 2025-02-13",27.52,11.12,450,"1996-01-30 2025-02-13",-16.57,7.25,450,"1996-01-30 2025-02-13",49.61,17.93,450,"1996-01-30 2025-02-13",-12.45,8.25,450,"1996-01-30 2025-02-13",2.65,3.25,450,"1996-01-30 2025-02-13",0.56,1.48,450,"1996-01-30 2025-02-13",0,0.05,435,"1996-01-30 2025-02-13",0.73,1.84,441,"1996-01-30 2025-02-13",5.1,5.84,450,"1996-01-30 2025-02-13",,,,
2026-02-05,-9.56,6.93,450,"1996-01-29 2025-02-12",78.28,12.25,450,"1996-01-29 2025-02-12",-1.08,9.66,450,"1996-01-29 2025-02-12",27.29,11.04,450,"1996-01-29 2025-02-12",-16.79,7.37,450,"1996-01-29 2025-02-12",49.22,17.95,450,"1996-01-29 2025-02-12",-12.64,8.34,450,"1996-01-29 2025-02-12",2.62,3.27,450,"1996-01-29 2025-02-12",0.55,1.49,450,"1996-01-29 2025-02-12",0,0.04,436,"1996-01-29 2025-02-12",0.74,1.94,442,"1996-01-29 2025-02-12",5,5.77,450,"1996-01-29 2025-02-12",,,,
2026-02-04,-9.76,7.16,450,"1996-01-28 2025-02-11",78.19,12.19,450,"1996-01-28 2025-02-11",-1.29,9.83,450,"1996-01-28 2025-02-11",27.28,11.13,450,"1996-01-28 2025-02-11",-16.93,7.52,450,"1996-01-28 2025-02-11",49.08,17.9,450,"1996-01-28 2025-02-11",-12.7,8.46,450,"1996-01-28 2025-02-11",2.56,3.29,450,"1996-01-28 2025-02-11",0.56,1.49,450,"1996-01-28 2025-02-11",0,0.04,436,"1996-01-28 2025-02-11",0.75,1.96,442,"1996-01-28 2025-02-11",4.9,5.73,449,"1996-01-28 2025-02-11",,,,
2026-02-03,-9.79,7.28,450,"1996-01-27 2025-02-10",78.04,12.16,450,"1996-01-27 2025-02-10",-1.19,9.96,450,"1996-01-27 2025-02-10",27.42,11.37,450,"1996-01-27 2025-02-10",-16.98,7.71,450,"1996-01-27 2025-02-10",48.62,17.96,450,"1996-01-27 2025-02-10",-12.69,8.59,450,"1996-01-27 2025-02-10",2.47,3.27,450,"1996-01-27 2025-02-10",0.58,1.61,450,"1996-01-27 2025-02-10",0.01,0.09,439,"1996-01-27 2025-02-10",0.78,2.08,444,"1996-01-27 2025-02-10",4.7,5.6,449,"1996-01-27 2025-02-10",,,,
2026-02-02,-9.67,7.37,450,"1996-01-26 2025-02-09",77.89,12.05,450,"1996-01-26 2025-02-09",-1.03,10.04,450,"1996-01-26 2025-02-09",27.42,11.52,450,"1996-01-26 2025-02-09",-16.88,7.84,450,"1996-01-26 2025-02-09",48.45,17.97,450,"1996-01-26 2025-02-09",-12.6,8.65,450,"1996-01-26 2025-02-09",2.42,3.24,450,"1996-01-26 2025-02-09",0.57,1.6,450,"1996-01-26 2025-02-09",0.01,0.09,439,"1996-01-26 2025-02-09",0.76,2.06,444,"1996-01-26 2025-02-09",4.5,5.37,449,"1996-01-26 2025-02-09",,,,
2026-02-01,-9.59,7.37,450,"1996-01-25 2025-02-08",77.84,12,450,"1996-01-25 2025-02-08",-0.82,10.06,450,"1996-01-25 2025-02-08",27.31,11.47,450,"1996-01-25 2025-02-08",-16.75,7.93,450,"1996-01-25 2025-02-08",47.96,17.91,450,"1996-01-25 2025-02-08",-12.43,8.7,450,"1996-01-25 2025-02-08",2.33,3.19,450,"1996-01-25 2025-02-08",0.55,1.54,450,"1996-01-25 2025-02-08",0.01,0.09,440,"1996-01-25 2025-02-08",0.74,2.01,445,"1996-01-25 2025-02-08",4.3,5.16,449,"1996-01-25 2025-02-08",,,,
2026-01-31,-9.52,7.49,450,"1996-01-24 2025-02-07",77.67,11.82,450,"1996-01-24 2025-02-07",-0.66,10.12,450,"1996-01-24 2025-02-07",27.43,11.55,450,"1996-01-24 2025-02-07",-16.65,7.98,450,"1996-01-24 2025-02-07",47.56,17.5,450,"1996-01-24 2025-02-07",-12.32,8.72,450,"1996-01-24 2025-02-07",2.37,3.2,450,"1996-01-24 2025-02-07",0.5,1.47,450,"1996-01-24 2025-02-07",0.01,0.09,440,"1996-01-24 2025-02-07",0.68,1.95,445,"1996-01-24 2025-02-07",4.2,5.04,449,"1996-01-24 2025-02-07",,,,
2026-01-30,-9.45,7.52,450,"1996-01-23 2025-02-06",77.74,11.72,450,"1996-01-23 2025-02-06",-0.52,10.12,450,"1996-01-23 2025-02-06",27.7,11.7,450,"1996-01-23 2025-02-06",-16.58,8.04,450,"1996-01-23 2025-02-06",47.27,17.19,450,"1996-01-23 2025-02-06",-12.27,8.73,450,"1996-01-23 2025-02-06",2.38,3.29,450,"1996-01-23 2025-02-06",0.48,1.4,449,"1996-01-23 2025-02-06",0.01,0.09,440,"1996-01-23 2025-02-06",0.65,1.87,445,"1996-01-23 2025-02-06",4.2,4.99,449,"1996-01-23 2025-02-06",,,,
2026-01-29,-9.3,7.49,450,"1996-01-22 2025-02-05",77.76,11.97,450,"1996-01-22 2025-02-05",-0.36,10.08,450,"1996-01-22 2025-02-05",27.8,11.66,450,"1996-01-22 2025-02-05",-16.4,8.05,450,"1996-01-22 2025-02-05",47.2,17.11,450,"1996-01-22 2025-02-05",-12.09,8.77,450,"1996-01-22 2025-02-05",2.36,3.37,450,"1996-01-22 2025-02-05",0.47,1.35,449,"1996-01-22 2025-02-05",0.01,0.09,439,"1996-01-22 2025-02-05",0.64,1.84,444,"1996-01-22 2025-02-05",4.2,4.97,449,"1996-01-22 2025-02-05",,,,
2026-01-28,-9.2,7.38,450,"1996-01-21 2025-02-04",77.91,11.96,450,"1996-01-21 2025-02-04",-0.29,9.93,450,"1996-01-21 2025-02-04",27.79,11.78,450,"1996-01-21 2025-02-04",-16.3,8.01,450,"1996-01-21 2025-02-04",47.17,17.14,450,"1996-01-21 2025-02-04",-11.96,8.7,450,"1996-01-21 2025-02-04",2.35,3.29,450,"1996-01-21 2025-02-04",0.43,1.28,449,"1996-01-21 2025-02-04",0.01,0.09,439,"1996-01-21 2025-02-04",0.6,1.76,444,"1996-01-21 2025-02-04",4.1,5.01,449,"1996-01-21 2025-02-04",,,,
2026-01-27,-9.16,7.27,450,"1996-01-20 2025-02-03",78.05,12.14,450,"1996-01-20 2025-02-03",-0.3,9.78,450,"1996-01-20 2025-02-03",27.77,11.73,450,"1996-01-20 2025-02-03",-16.26,7.99,450,"1996-01-20 2025-02-03",47.34,17.21,450,"1996-01-20 2025-02-03",-11.91,8.63,450,"1996-01-20 2025-02-03",2.27,3.23,450,"1996-01-20 2025-02-03",0.39,1.21,449,"1996-01-20 2025-02-03",0.01,0.09,441,"1996-01-20 2025-02-03",0.56,1.7,444,"1996-01-20 2025-02-03",4.1,5.05,449,"1996-01-20 2025-02-03",,,,
2026-01-26,-9.09,7.27,450,"1996-01-19 2025-02-02",78.04,12.05,450,"1996-01-19 2025-02-02",-0.16,9.75,450,"1996-01-19 2025-02-02",27.84,11.86,450,"1996-01-19 2025-02-02",-16.2,7.98,450,"1996-01-19 2025-02-02",47.14,17.13,450,"1996-01-19 2025-02-02",-11.84,8.59,450,"1996-01-19 2025-02-02",2.18,3.24,450,"1996-01-19 2025-02-02",0.35,1.12,449,"1996-01-19 2025-02-02",0.01,0.08,442,"1996-01-19 2025-02-02",0.52,1.64,444,"1996-01-19 2025-02-02",4.2,5.07,449,"1996-01-19 2025-02-02",,,,
2026-01-25,-9.01,7.38,450,"1996-01-18 2025-02-01",78.32,12.06,450,"1996-01-18 2025-02-01",-0.07,9.8,450,"1996-01-18 2025-02-01",27.86,11.79,450,"1996-01-18 2025-02-01",-16.11,7.99,450,"1996-01-18 2025-02-01",47.14,17.06,450,"1996-01-18 2025-02-01",-11.79,8.64,450,"1996-01-18 2025-02-01",2.14,3.25,450,"1996-01-18 2025-02-01",0.33,1.1,449,"1996-01-18 2025-02-01",0.01,0.08,443,"1996-01-18 2025-02-01",0.5,1.63,444,"1996-01-18 2025-02-01",4.2,5.09,449,"1996-01-18 2025-02-01",,,,
2026-01-24,-8.99,7.51,450,"1996-01-17 2025-01-31",78.5,12.15,450,"1996-01-17 2025-01-31",-0.1,9.95,450,"1996-01-17 2025-01-31",27.9,12.09,450,"1996-01-17 2025-01-31",-16.06,8.01,450,"1996-01-17 2025-01-31",47.25,17.19,450,"1996-01-17 2025-01-31",-11.73,8.67,450,"1996-01-17 2025-01-31",2.18,3.33,450,"1996-01-17 2025-01-31",0.33,1.09,449,"1996-01-17 2025-01-31",0.01,0.08,443,"1996-01-17 2025-01-31",0.51,1.65,444,"1996-01-17 2025-01-31",4.2,5.12,449,"1996-01-17 2025-01-31",,,,
2026-01-23,-9.05,7.63,450,"1996-01-16 2025-01-30",78.41,12.09,450,"1996-01-16 2025-01-30",-0.16,10.08,450,"1996-01-16 2025-01-30",27.51,11.84,450,"1996-01-16 2025-01-30",-16.08,8.08,450,"1996-01-16 2025-01-30",47.15,17.28,450,"1996-01-16 2025-01-30",-11.73,8.74,450,"1996-01-16 2025-01-30",2.17,3.39,450,"1996-01-16 2025-01-30",0.31,1.06,449,"1996-01-16 2025-01-30",0.01,0.08,444,"1996-01-16 2025-01-30",0.48,1.6,444,"1996-01-16 2025-01-30",4.3,5.15,449,"1996-01-16 2025-01-30",,,,
2026-01-22,-9.12,7.73,450,"1996-01-15 2025-01-29",78.5,12.18,450,"1996-01-15 2025-01-29",-0.31,10.13,450,"1996-01-15 2025-01-29",27.39,11.75,450,"1996-01-15 2025-01-29",-16.1,8.18,450,"1996-01-15 2025-01-29",47.91,17.35,450,"1996-01-15 2025-01-29",-11.89,8.78,450,"1996-01-15 2025-01-29",2.28,3.52,450,"1996-01-15 2025-01-29",0.3,1.05,449,"1996-01-15 2025-01-29",0.01,0.08,444,"1996-01-15 2025-01-29",0.47,1.59,444,"1996-01-15 2025-01-29",4.4,5.2,448,"1996-01-15 2025-01-29",,,,
2026-01-21,-9.12,7.87,450,"1996-01-14 2025-01-28",78.88,12,450,"1996-01-14 2025-01-28",-0.47,10.22,450,"1996-01-14 2025-01-28",27.38,11.85,450,"1996-01-14 2025-01-28",-16,8.25,450,"1996-01-14 2025-01-28",48.66,17.36,450,"1996-01-14 2025-01-28",-11.91,8.77,450,"1996-01-14 2025-01-28",2.31,3.52,450,"1996-01-14 2025-01-28",0.3,1.02,449,"1996-01-14 2025-01-28",0.01,0.08,444,"1996-01-14 2025-01-28",0.45,1.46,443,"1996-01-14 2025-01-28",4.6,5.4,448,"1996-01-14 2025-01-27",,,,
2026-01-20,-9.04,7.85,450,"1996-01-13 2025-01-27",79.18,11.78,450,"1996-01-13 2025-01-27",-0.44,10.18,450,"1996-01-13 2025-01-27",27.49,12.01,450,"1996-01-13 2025-01-27",-15.94,8.25,450,"1996-01-13 2025-01-27",48.74,17.13,450,"1996-01-13 2025-01-27",-11.96,8.76,450,"1996-01-13 2025-01-27",2.38,3.53,450,"1996-01-13 2025-01-27",0.31,1.02,449,"1996-01-13 2025-01-27",0.01,0.08,445,"1996-01-13 2025-01-27",0.45,1.44,443,"1996-01-13 2025-01-27",4.7,5.61,449,"1996-01-13 2025-01-27",,,,
2026-01-19,-9.09,7.86,450,"1996-01-12 2025-01-26",79.42,11.58,450,"1996-01-12 2025-01-26",-0.59,10.14,450,"1996-01-12 2025-01-26",27.26,11.85,450,"1996-01-12 2025-01-26",-15.94,8.3,450,"1996-01-12 2025-01-26",49.16,16.64,450,"1996-01-12 2025-01-26",-12.07,8.83,450,"1996-01-12 2025-01-26",2.41,3.55,450,"1996-01-12 2025-01-26",0.26,0.79,449,"1996-01-12 2025-01-26",0,0.02,445,"1996-01-12 2025-01-26",0.41,1.23,443,"1996-01-12 2025-01-26",4.9,5.84,449,"1996-01-12 2025-01-26",,,,
2026-01-18,-9.24,7.88,450,"1996-01-11 2025-01-25",79.76,11.47,450,"1996-01-11 2025-01-25",-0.79,10.17,450,"1996-01-11 2025-01-25",27.37,12.16,450,"1996-01-11 2025-01-25",-16.08,8.39,450,"1996-01-11 2025-01-25",49.44,16.64,450,"1996-01-11 2025-01-25",-12.28,8.95,450,"1996-01-11 2025-01-25",2.47,3.61,450,"1996-01-11 2025-01-25",0.27,0.79,449,"1996-01-11 2025-01-25",0,0.02,445,"1996-01-11 2025-01-25",0.41,1.23,443,"1996-01-11 2025-01-25",5.1,6.13,449,"1996-01-11 2025-01-25",,,,
2026-01-17,-9.27,7.85,450,"1996-01-10 2025-01-24",79.91,11.29,450,"1996-01-10 2025-01-24",-0.88,10.1,450,"1996-01-10 2025-01-24",27.49,12.29,450,"1996-01-10 2025-01-24",-16.22,8.36,450,"1996-01-10 2025-01-24",49.82,16.41,450,"1996-01-10 2025-01-24",-12.49,8.85,450,"1996-01-10 2025-01-24",2.51,3.74,450,"1996-01-10 2025-01-24",0.31,0.93,449,"1996-01-10 2025-01-24",0,0.02,445,"1996-01-10 2025-01-24",0.46,1.36,443,"1996-01-10 2025-01-24",5.4,6.35,448,"1996-01-10 2025-01-24",,,,
2026-01-16,-9.38,7.76,450,"1996-01-09 2025-01-23",79.98,11.17,450,"1996-01-09 2025-01-23",-0.98,9.99,450,"1996-01-09 2025-01-23",27.55,12.31,450,"1996-01-09 2025-01-23",-16.37,8.28,450,"1996-01-09 2025-01-23",49.77,16.26,450,"1996-01-09 2025-01-23",-12.67,8.77,450,"1996-01-09 2025-01-23",2.54,3.92,450,"1996-01-09 2025-01-23",0.31,0.87,449,"1996-01-09 2025-01-23",0,0.02,443,"1996-01-09 2025-01-23",0.45,1.26,442,"1996-01-09 2025-01-23",5.6,6.54,448,"1996-01-09 2025-01-23",,,,
2026-01-15,-9.42,7.72,450,"1996-01-08 2025-01-22",79.63,11.4,450,"1996-01-08 2025-01-22",-1.1,9.95,450,"1996-01-08 2025-01-22",27.59,12.4,450,"1996-01-08 2025-01-22",-16.46,8.22,450,"1996-01-08 2025-01-22",50.01,16.17,450,"1996-01-08 2025-01-22",-12.67,8.76,450,"1996-01-08 2025-01-22",2.61,4.07,450,"1996-01-08 2025-01-22",0.32,0.91,450,"1996-01-08 2025-01-22",0,0.02,444,"1996-01-08 2025-01-22",0.48,1.38,443,"1996-01-08 2025-01-22",5.7,6.64,448,"1996-01-08 2025-01-22",,,,
2026-01-14,-9.53,7.75,450,"1996-01-07 2025-01-21",79.54,11.15,450,"1996-01-07 2025-01-21",-1.19,10.06,450,"1996-01-07 2025-01-21",27.67,12.52,450,"1996-01-07 2025-01-21",-16.56,8.2,450,"1996-01-07 2025-01-21",49.93,16.16,450,"1996-01-07 2025-01-21",-12.77,8.69,450,"1996-01-07 2025-01-21",2.55,3.98,450,"1996-01-07 2025-01-21",0.33,0.93,450,"1996-01-07 2025-01-21",0,0.02,445,"1996-01-07 2025-01-21",0.5,1.42,444,"1996-01-07 2025-01-21",5.9,6.76,448,"1996-01-07 2025-01-21",,,,
2026-01-13,-9.64,7.84,450,"1996-01-06 2025-01-20",79.13,11.3,450,"1996-01-06 2025-01-20",-1.22,10.2,450,"1996-01-06 2025-01-20",27.98,12.48,450,"1996-01-06 2025-01-20",-16.66,8.3,450,"1996-01-06 2025-01-20",49.48,16.08,450,"1996-01-06 2025-01-20",-12.85,8.8,450,"1996-01-06 2025-01-20",2.59,4.02,450,"1996-01-06 2025-01-20",0.37,1.08,450,"1996-01-06 2025-01-20",0,0.04,444,"1996-01-06 2025-01-20",0.53,1.54,444,"1996-01-06 2025-01-20",6,6.92,448,"1996-01-06 2025-01-20",,,,
2026-01-12,-9.7,7.99,450,"1996-01-05 2025-01-19",79.01,11.14,450,"1996-01-05 2025-01-19",-1.36,10.33,450,"1996-01-05 2025-01-19",28.14,12.62,450,"1996-01-05 2025-01-19",-16.77,8.37,450,"1996-01-05 2025-01-19",49.55,15.89,450,"1996-01-05 2025-01-19",-12.95,8.91,450,"1996-01-05 2025-01-19",2.62,4.01,450,"1996-01-05 2025-01-19",0.37,1.1,450,"1996-01-05 2025-01-19",0,0.04,445,"1996-01-05 2025-01-19",0.54,1.57,445,"1996-01-05 2025-01-19",6.2,7.02,448,"1996-01-05 2025-01-19",,,,
2026-01-11,-9.8,8.05,450,"1996-01-04 2025-01-18",79.06,11.05,450,"1996-01-04 2025-01-18",-1.52,10.39,450,"1996-01-04 2025-01-18",28.36,12.59,450,"1996-01-04 2025-01-18",-16.85,8.44,450,"1996-01-04 2025-01-18",49.55,15.79,450,"1996-01-04 2025-01-18",-13.01,8.97,450,"1996-01-04 2025-01-18",2.68,3.97,450,"1996-01-04 2025-01-18",0.38,1.09,450,"1996-01-04 2025-01-18",0,0.04,446,"1996-01-04 2025-01-18",0.54,1.54,446,"1996-01-04 2025-01-18",6.4,7.12,447,"1996-01-04 2025-01-18",,,,
2026-01-10,-9.85,7.99,450,"1996-01-03 2025-01-17",78.69,11.16,450,"1996-01-03 2025-01-17",-1.6,10.35,450,"1996-01-03 2025-01-17",28.58,12.77,450,"1996-01-03 2025-01-17",-16.98,8.43,450,"1996-01-03 2025-01-17",49.7,16.01,450,"1996-01-03 2025-01-17",-13.09,9.01,450,"1996-01-03 2025-01-17",2.81,4.06,450,"1996-01-03 2025-01-17",0.43,1.36,450,"1996-01-03 2025-01-17",0,0.04,445,"1996-01-03 2025-01-17",0.61,1.84,445,"1996-01-03 2025-01-17",6.5,7.17,446,"1996-01-03 2025-01-17",,,,
2026-01-09,-9.9,7.91,450,"1996-01-02 2025-01-16",78.54,11.06,450,"1996-01-02 2025-01-16",-1.59,10.3,450,"1996-01-02 2025-01-16",28.59,12.67,450,"1996-01-02 2025-01-16",-17.04,8.42,450,"1996-01-02 2025-01-16",49.46,15.84,450,"1996-01-02 2025-01-16",-13.17,9,450,"1996-01-02 2025-01-16",2.72,3.96,450,"1996-01-02 2025-01-16",0.43,1.35,450,"1996-01-02 2025-01-16",0,0.03,445,"1996-01-02 2025-01-16",0.61,1.86,445,"1996-01-02 2025-01-16",6.7,7.19,445,"1996-01-02 2025-01-16",,,,
2026-01-08,-9.84,7.79,450,"1996-01-01 2025-01-15",78.82,11.01,450,"1996-01-01 2025-01-15",-1.61,10.09,450,"1996-01-01 2025-01-15",28.67,12.75,450,"1996-01-01 2025-01-15",-17.13,8.36,450,"1996-01-01 2025-01-15",49.68,15.55,450,"1996-01-01 2025-01-15",-13.33,8.93,450,"1996-01-01 2025-01-15",2.75,4,450,"1996-01-01 2025-01-15",0.43,1.35,450,"1996-01-01 2025-01-15",0.01,0.1,445,"1996-01-01 2025-01-15",0.63,1.86,445,"1996-01-01 2025-01-15",6.8,7.23,444,"1996-01-01 2025-01-14",,,,
2026-01-07,-9.96,7.77,450,"1995-12-31 2025-01-14",79.13,10.83,450,"1995-12-31 2025-01-14",-1.81,10.06,450,"1995-12-31 2025-01-14",28.15,12.74,450,"1995-12-31 2025-01-14",-17.24,8.23,450,"1995-12-31 2025-01-14",49.92,15.61,450,"1995-12-31 2025-01-14",-13.49,8.77,450,"1995-12-31 2025-01-14",2.6,3.88,450,"1995-12-31 2025-01-14",0.45,1.37,450,"1995-12-31 2025-01-14",0.01,0.14,445,"1995-12-31 2025-01-14",0.65,1.88,445,"1995-12-31 2025-01-14",6.9,7.27,444,"1995-12-31 2025-01-14",,,,
2026-01-06,-10.06,7.51,450,"1995-12-30 2025-01-13",79.25,10.82,450,"1995-12-30 2025-01-13",-1.99,9.83,450,"1995-12-30 2025-01-13",27.83,12.7,450,"1995-12-30 2025-01-13",-17.4,7.99,450,"1995-12-30 2025-01-13",50.11,15.67,450,"1995-12-30 2025-01-13",-13.66,8.59,450,"1995-12-30 2025-01-13",2.57,3.89,450,"1995-12-30 2025-01-13",0.46,1.4,450,"1995-12-30 2025-01-13",0.01,0.14,445,"1995-12-30 2025-01-13",0.65,1.88,446,"1995-12-30 2025-01-13",7,7.19,443,"1995-12-30 2025-01-13",,,,
2026-01-05,-10.05,7.35,450,"1995-12-29 2025-01-12",79.62,10.71,450,"1995-12-29 2025-01-12",-2.16,9.67,450,"1995-12-29 2025-01-12",27.54,12.52,450,"1995-12-29 2025-01-12",-17.44,7.84,450,"1995-12-29 2025-01-12",50.78,15.82,450,"1995-12-29 2025-01-12",-13.75,8.45,450,"1995-12-29 2025-01-12",2.5,3.88,450,"1995-12-29 2025-01-12",0.48,1.44,450,"1995-12-29 2025-01-12",0.01,0.14,444,"1995-12-29 2025-01-12",0.69,1.96,447,"1995-12-29 2025-01-12",7,7.04,443,"1995-12-29 2025-01-12",,,,
2026-01-04,-9.99,7.2,450,"1995-12-28 2025-01-11",79.71,11.09,450,"1995-12-28 2025-01-11",-2.19,9.53,450,"1995-12-28 2025-01-11",27.46,12.42,450,"1995-12-28 2025-01-11",-17.36,7.65,450,"1995-12-28 2025-01-11",51.29,16.12,450,"1995-12-28 2025-01-11",-13.67,8.3,450,"1995-12-28 2025-01-11",2.49,3.87,450,"1995-12-28 2025-01-11",0.53,1.49,450,"1995-12-28 2025-01-11",0.01,0.14,444,"1995-12-28 2025-01-11",0.76,2.04,447,"1995-12-28 2025-01-11",7,6.92,443,"1995-12-28 2025-01-11",,,,
2026-01-03,-9.86,7.06,450,"1995-12-27 2025-01-10",79.66,11.22,450,"1995-12-27 2025-01-10",-2.06,9.42,450,"1995-12-27 2025-01-10",27.45,12.23,450,"1995-12-27 2025-01-10",-17.19,7.44,450,"1995-12-27 2025-01-10",51.32,16.38,450,"1995-12-27 2025-01-10",-13.4,8.17,450,"1995-12-27 2025-01-10",2.47,3.84,450,"1995-12-27 2025-01-10",0.56,1.53,450,"1995-12-27 2025-01-10",0.01,0.14,443,"1995-12-27 2025-01-10",0.81,2.12,446,"1995-12-27 2025-01-10",6.8,6.72,443,"1995-12-27 2025-01-10",,,,
2026-01-02,-9.83,7.05,450,"1995-12-26 2025-01-09",79.52,11.34,450,"1995-12-26 2025-01-09",-2.03,9.44,450,"1995-12-26 2025-01-09",27.15,12.07,450,"1995-12-26 2025-01-09",-17.07,7.42,450,"1995-12-26 2025-01-09",51.33,16.46,450,"1995-12-26 2025-01-09",-13.29,8.26,450,"1995-12-26 2025-01-09",2.37,3.67,450,"1995-12-26 2025-01-09",0.51,1.43,450,"1995-12-26 2025-01-09",0.01,0.14,442,"1995-12-26 2025-01-09",0.74,1.99,445,"1995-12-26 2025-01-09",6.7,6.56,444,"1995-12-26 2025-01-09",,,,
2026-01-01,-9.85,7.07,450,"1995-12-25 2025-01-08",79.39,11.47,450,"1995-12-25 2025-01-08",-2.01,9.5,450,"1995-12-25 2025-01-08",26.81,11.97,450,"1995-12-25 2025-01-08",-17.01,7.42,450,"1995-12-25 2025-01-08",51.37,16.65,450,"1995-12-25 2025-01-08",-13.19,8.27,450,"1995-12-25 2025-01-08",2.26,3.46,450,"1995-12-25 2025-01-08",0.49,1.42,450,"1995-12-25 2025-01-08",0.01,0.14,442,"1995-12-25 2025-01-08",0.73,1.97,445,"1995-12-25 2025-01-08",6.6,6.43,444,"1995-12-25 2025-01-08",,,,
2025-12-31,-9.88,7.06,450,"1995-12-24 2025-01-07",79.27,11.48,450,"1995-12-24 2025-01-07",-1.98,9.51,450,"1995-12-24 2025-01-07",26.43,11.82,450,"1995-12-24 2025-01-07",-17.02,7.43,450,"1995-12-24 2025-01-07",51.23,16.79,450,"1995-12-24 2025-01-07",-13.22,8.31,450,"1995-12-24 2025-01-07",2.15,3.2,450,"1995-12-24 2025-01-07",0.48,1.42,450,"1995-12-24 2025-01-07",0.01,0.14,439,"1995-12-24 2025-01-07",0.7,1.91,444,"1995-12-24 2025-01-07",6.6,6.37,444,"1995-12-24 2025-01-07",,,,
2025-12-30,-9.93,7.1,450,"1995-12-23 2025-01-06",79.13,11.61,450,"1995-12-23 2025-01-06",-2.02,9.49,450,"1995-12-23 2025-01-06",26.2,11.64,450,"1995-12-23 2025-01-06",-17.19,7.5,450,"1995-12-23 2025-01-06",50.91,16.46,450,"1995-12-23 2025-01-06",-13.38,8.4,450,"1995-12-23 2025-01-06",2.17,3.33,450,"1995-12-23 2025-01-06",0.5,1.47,450,"1995-12-23 2025-01-06",0.01,0.14,439,"1995-12-23 2025-01-06",0.7,1.93,444,"1995-12-23 2025-01-06",6.6,6.35,444,"1995-12-23 2025-01-06",,,,
2025-12-29,-10.05,7.2,450,"1995-12-22 2025-01-05",79.42,11.5,450,"1995-12-22 2025-01-05",-2.18,9.54,450,"1995-12-22 2025-01-05",26.02,11.61,450,"1995-12-22 2025-01-05",-17.27,7.52,450,"1995-12-22 2025-01-05",51.25,16.45,450,"1995-12-22 2025-01-05",-13.52,8.39,450,"1995-12-22 2025-01-05",2.15,3.28,450,"1995-12-22 2025-01-05",0.51,1.53,450,"1995-12-22 2025-01-05",0.01,0.14,441,"1995-12-22 2025-01-05",0.72,1.99,445,"1995-12-22 2025-01-05",6.5,6.31,444,"1995-12-22 2025-01-05",,,,
2025-12-28,-10.07,7.2,450,"1995-12-21 2025-01-04",79.57,11.47,450,"1995-12-21 2025-01-04",-2.2,9.51,450,"1995-12-21 2025-01-04",25.91,11.36,450,"1995-12-21 2025-01-04",-17.24,7.62,450,"1995-12-21 2025-01-04",51.45,16.53,450,"1995-12-21 2025-01-04",-13.52,8.42,450,"1995-12-21 2025-01-04",2.14,3.28,450,"1995-12-21 2025-01-04",0.54,1.61,450,"1995-12-21 2025-01-04",0.01,0.14,441,"1995-12-21 2025-01-04",0.74,2.03,445,"1995-12-21 2025-01-04",6.4,6.34,444,"1995-12-21 2025-01-04",,,,
2025-12-27,-9.98,7.21,450,"1995-12-20 2025-01-03",79.6,11.44,450,"1995-12-20 2025-01-03",-2.11,9.47,450,"1995-12-20 2025-01-03",25.88,11.26,450,"1995-12-20 2025-01-03",-17.21,7.58,450,"1995-12-20 2025-01-03",51.58,16.54,450,"1995-12-20 2025-01-03",-13.5,8.4,450,"1995-12-20 2025-01-03",2.14,3.31,450,"1995-12-20 2025-01-03",0.56,1.64,450,"1995-12-20 2025-01-03",0.01,0.16,441,"1995-12-20 2025-01-03",0.76,2.06,445,"1995-12-20 2025-01-03",6.3,6.36,445,"1995-12-20 2025-01-03",,,,
2025-12-26,-9.98,7.21,450,"1995-12-19 2025-01-02",79.74,11.35,450,"1995-12-19 2025-01-02",-2.06,9.45,450,"1995-12-19 2025-01-02",25.87,11.16,450,"1995-12-19 2025-01-02",-17.13,7.53,450,"1995-12-19 2025-01-02",51.25,16.38,450,"1995-12-19 2025-01-02",-13.41,8.32,450,"1995-12-19 2025-01-02",2.08,3.17,450,"1995-12-19 2025-01-02",0.55,1.57,450,"1995-12-19 2025-01-02",0.02,0.23,442,"1995-12-19 2025-01-02",0.73,1.89,446,"1995-12-19 2025-01-02",6.2,6.43,446,"1995-12-19 2025-01-02",,,,
2025-12-25,-9.88,7.15,450,"1995-12-18 2025-01-01",79.82,11.5,450,"1995-12-18 2025-01-01",-2.01,9.33,450,"1995-12-18 2025-01-01",26.07,11.13,450,"1995-12-18 2025-01-01",-17.08,7.39,450,"1995-12-18 2025-01-01",51.38,16.35,450,"1995-12-18 2025-01-01",-13.35,8.18,450,"1995-12-18 2025-01-01",2.15,3.27,450,"1995-12-18 2025-01-01",0.56,1.59,450,"1995-12-18 2025-01-01",0.02,0.23,442,"1995-12-18 2025-01-01",0.74,1.93,446,"1995-12-18 2025-01-01",6,6.45,447,"1995-12-18 2025-01-01",,,,
2025-12-24,-9.89,7.14,450,"1995-12-17 2024-12-31",79.42,11.61,450,"1995-12-17 2024-12-31",-1.85,9.43,450,"1995-12-17 2024-12-31",26.4,11.25,450,"1995-12-17 2024-12-31",-16.92,7.32,450,"1995-12-17 2024-12-31",50.99,16.67,450,"1995-12-17 2024-12-31",-13.13,8.18,450,"1995-12-17 2024-12-31",2.24,3.31,450,"1995-12-17 2024-12-31",0.54,1.58,450,"1995-12-17 2024-12-31",0.02,0.21,442,"1995-12-17 2024-12-31",0.74,1.95,446,"1995-12-17 2024-12-31",5.8,6.43,448,"1995-12-17 2024-12-31",,,,
2025-12-23,-9.73,6.99,450,"1995-12-16 2024-12-30",79.13,11.78,450,"1995-12-16 2024-12-30",-1.62,9.34,450,"1995-12-16 2024-12-30",26.95,11.32,450,"1995-12-16 2024-12-30",-16.74,7.28,450,"1995-12-16 2024-12-30",50.61,16.75,450,"1995-12-16 2024-12-30",-12.87,8.12,450,"1995-12-16 2024-12-30",2.38,3.35,450,"1995-12-16 2024-12-30",0.54,1.58,450,"1995-12-16 2024-12-30",0.01,0.18,442,"1995-12-16 2024-12-30",0.74,1.95,446,"1995-12-16 2024-12-30",5.7,6.39,449,"1995-12-16 2024-12-30",,,,
2025-12-22,-9.57,6.98,450,"1995-12-15 2024-12-29",79.11,11.76,450,"1995-12-15 2024-12-29",-1.35,9.31,450,"1995-12-15 2024-12-29",27.34,11.37,450,"1995-12-15 2024-12-29",-16.55,7.35,450,"1995-12-15 2024-12-29",50.02,16.56,450,"1995-12-15 2024-12-29",-12.68,8.15,450,"1995-12-15 2024-12-29",2.38,3.31,450,"1995-12-15 2024-12-29",0.52,1.55,450,"1995-12-15 2024-12-29",0.01,0.18,442,"1995-12-15 2024-12-29",0.72,1.94,446,"1995-12-15 2024-12-29",5.5,6.36,450,"1995-12-15 2024-12-29",,,,
2025-12-21,-9.53,7.06,450,"1995-12-14 2024-12-28",78.81,11.71,450,"1995-12-14 2024-12-28",-1.16,9.33,450,"1995-12-14 2024-12-28",27.67,11.47,450,"1995-12-14 2024-12-28",-16.49,7.38,450,"1995-12-14 2024-12-28",49.5,16.35,450,"1995-12-14 2024-12-28",-12.52,8.18,450,"1995-12-14 2024-12-28",2.36,3.27,450,"1995-12-14 2024-12-28",0.5,1.52,450,"1995-12-14 2024-12-28",0.01,0.18,442,"1995-12-14 2024-12-28",0.68,1.86,445,"1995-12-14 2024-12-28",5.4,6.37,450,"1995-12-14 2024-12-28",,,,
2025-12-20,-9.48,7.09,450,"1995-12-13 2024-12-27",78.54,11.52,450,"1995-12-13 2024-12-27",-1.02,9.38,450,"1995-12-13 2024-12-27",27.81,11.5,450,"1995-12-13 2024-12-27",-16.43,7.36,450,"1995-12-13 2024-12-27",49.04,16.33,450,"1995-12-13 2024-12-27",-12.42,8.15,450,"1995-12-13 2024-12-27",2.48,3.41,450,"1995-12-13 2024-12-27",0.45,1.47,450,"1995-12-13 2024-12-27",0.02,0.19,441,"1995-12-13 2024-12-27",0.6,1.77,445,"1995-12-13 2024-12-27",5.4,6.4,450,"1995-12-13 2024-12-27",,,,
2025-12-19,-9.38,7,450,"1995-12-12 2024-12-26",78.44,11.71,450,"1995-12-12 2024-12-26",-0.9,9.28,450,"1995-12-12 2024-12-26",27.96,11.37,450,"1995-12-12 2024-12-26",-16.41,7.28,450,"1995-12-12 2024-12-26",48.94,16.35,450,"1995-12-12 2024-12-26",-12.4,8.07,450,"1995-12-12 2024-12-26",2.51,3.48,450,"1995-12-12 2024-12-26",0.43,1.47,450,"1995-12-12 2024-12-26",0.01,0.19,442,"1995-12-12 2024-12-26",0.56,1.71,445,"1995-12-12 2024-12-26",5.4,6.45,450,"1995-12-12 2024-12-26",,,,
2025-12-18,-9.24,6.89,450,"1995-12-11 2024-12-25",78.63,11.86,450,"1995-12-11 2024-12-25",-0.8,9.12,450,"1995-12-11 2024-12-25",28.14,11.4,450,"1995-12-11 2024-12-25",-16.3,7.2,450,"1995-12-11 2024-12-25",48.99,16.49,450,"1995-12-11 2024-12-25",-12.27,7.96,450,"1995-12-11 2024-12-25",2.58,3.53,450,"1995-12-11 2024-12-25",0.46,1.49,450,"1995-12-11 2024-12-25",0.01,0.19,443,"1995-12-11 2024-12-25",0.58,1.73,446,"1995-12-11 2024-12-25",5.4,6.47,449,"1995-12-11 2024-12-25",,,,
2025-12-17,-9.11,6.87,450,"1995-12-10 2024-12-24",78.51,12.36,450,"1995-12-10 2024-12-24",-0.7,9.07,450,"1995-12-10 2024-12-24",28.5,11.36,450,"1995-12-10 2024-12-24",-16.16,7.18,450,"1995-12-10 2024-12-24",49.06,16.54,450,"1995-12-10 2024-12-24",-12.07,8,450,"1995-12-10 2024-12-24",2.63,3.53,450,"1995-12-10 2024-12-24",0.48,1.51,450,"1995-12-10 2024-12-24",0.01,0.19,444,"1995-12-10 2024-12-24",0.61,1.76,446,"1995-12-10 2024-12-24",5.4,6.47,448,"1995-12-10 2024-12-24",,,,
2025-12-16,-8.96,6.88,450,"1995-12-09 2024-12-23",78.86,12.67,450,"1995-12-09 2024-12-23",-0.56,8.98,450,"1995-12-09 2024-12-23",28.79,11.26,450,"1995-12-09 2024-12-23",-16.03,7.17,450,"1995-12-09 2024-12-23",49,16.44,450,"1995-12-09 2024-12-23",-11.99,7.92,450,"1995-12-09 2024-12-23",2.68,3.65,450,"1995-12-09 2024-12-23",0.51,1.55,450,"1995-12-09 2024-12-23",0.01,0.18,447,"1995-12-09 2024-12-23",0.66,1.81,447,"1995-12-09 2024-12-23",5.3,6.44,448,"1995-12-09 2024-12-23",,,,
2025-12-15,-8.83,6.84,450,"1995-12-08 2024-12-22",79.15,12.59,450,"1995-12-08 2024-12-22",-0.47,8.94,450,"1995-12-08 2024-12-22",28.68,11.14,450,"1995-12-08 2024-12-22",-15.84,7.14,450,"1995-12-08 2024-12-22",49.34,16.79,450,"1995-12-08 2024-12-22",-11.84,7.87,450,"1995-12-08 2024-12-22",2.63,3.54,450,"1995-12-08 2024-12-22",0.51,1.58,450,"1995-12-08 2024-12-22",0.02,0.18,446,"1995-12-08 2024-12-22",0.66,1.85,446,"1995-12-08 2024-12-22",5.2,6.33,448,"1995-12-08 2024-12-22",,,,
2025-12-14,-8.67,6.78,450,"1995-12-07 2024-12-21",79.26,12.64,450,"1995-12-07 2024-12-21",-0.33,8.84,450,"1995-12-07 2024-12-21",28.58,11.07,450,"1995-12-07 2024-12-21",-15.77,7.2,450,"1995-12-07 2024-12-21",49.29,16.74,450,"1995-12-07 2024-12-21",-11.76,7.91,450,"1995-12-07 2024-12-21",2.56,3.54,450,"1995-12-07 2024-12-21",0.49,1.51,450,"1995-12-07 2024-12-21",0.02,0.19,445,"1995-12-07 2024-12-21",0.63,1.76,445,"1995-12-07 2024-12-21",5.1,6.21,447,"1995-12-07 2024-12-21",,,,
2025-12-13,-8.65,6.77,450,"1995-12-06 2024-12-20",79.07,12.77,450,"1995-12-06 2024-12-20",-0.19,8.9,450,"1995-12-06 2024-12-20",28.59,11.19,450,"1995-12-06 2024-12-20",-15.7,7.09,450,"1995-12-06 2024-12-20",48.93,16.6,450,"1995-12-06 2024-12-20",-11.67,7.83,450,"1995-12-06 2024-12-20",2.62,3.62,450,"1995-12-06 2024-12-20",0.46,1.43,450,"1995-12-06 2024-12-20",0.02,0.19,444,"1995-12-06 2024-12-20",0.6,1.69,444,"1995-12-06 2024-12-20",5.1,6.08,446,"1995-12-06 2024-12-20",,,,
2025-12-12,-8.65,6.59,450,"1995-12-05 2024-12-19",79.12,12.98,450,"1995-12-05 2024-12-19",-0.17,8.8,450,"1995-12-05 2024-12-19",28.69,11.27,450,"1995-12-05 2024-12-19",-15.63,6.95,450,"1995-12-05 2024-12-19",49.03,16.87,450,"1995-12-05 2024-12-19",-11.6,7.72,450,"1995-12-05 2024-12-19",2.74,3.82,450,"1995-12-05 2024-12-19",0.45,1.4,450,"1995-12-05 2024-12-19",0.01,0.17,443,"1995-12-05 2024-12-19",0.6,1.67,443,"1995-12-05 2024-12-19",5,5.96,445,"1995-12-05 2024-12-19",,,,
2025-12-11,-8.52,6.38,450,"1995-12-04 2024-12-18",79.37,13.09,450,"1995-12-04 2024-12-18",-0.11,8.6,450,"1995-12-04 2024-12-18",28.68,11.33,450,"1995-12-04 2024-12-18",-15.52,6.78,450,"1995-12-04 2024-12-18",49.38,17.03,450,"1995-12-04 2024-12-18",-11.54,7.57,450,"1995-12-04 2024-12-18",2.66,3.8,450,"1995-12-04 2024-12-18",0.45,1.33,450,"1995-12-04 2024-12-18",0.01,0.06,442,"1995-12-04 2024-12-18",0.61,1.68,442,"1995-12-04 2024-12-18",5,5.89,444,"1995-12-04 2024-12-18",,,,
2025-12-10,-8.54,6.33,450,"1995-12-03 2024-12-17",79.36,12.97,450,"1995-12-03 2024-12-17",-0.11,8.57,450,"1995-12-03 2024-12-17",28.48,11.35,450,"1995-12-03 2024-12-17",-15.44,6.74,450,"1995-12-03 2024-12-17",49.26,17.18,450,"1995-12-03 2024-12-17",-11.44,7.55,450,"1995-12-03 2024-12-17",2.65,3.76,450,"1995-12-03 2024-12-17",0.42,1.3,450,"1995-12-03 2024-12-17",0,0.06,441,"1995-12-03 2024-12-17",0.57,1.58,441,"1995-12-03 2024-12-17",5.1,5.88,443,"1995-12-03 2024-12-17",,,,
2025-12-09,-8.52,6.34,450,"1995-12-02 2024-12-16",79.51,13.04,450,"1995-12-02 2024-12-16",-0.16,8.56,450,"1995-12-02 2024-12-16",28.32,11.4,450,"1995-12-02 2024-12-16",-15.39,6.71,450,"1995-12-02 2024-12-16",49.56,17.22,450,"1995-12-02 2024-12-16",-11.42,7.53,450,"1995-12-02 2024-12-16",2.6,3.9,450,"1995-12-02 2024-12-16",0.46,1.46,450,"1995-12-02 2024-12-16",0,0.06,440,"1995-12-02 2024-12-16",0.59,1.68,440,"1995-12-02 2024-12-16",5.1,5.85,442,"1995-12-02 2024-12-16",,,,
2025-12-08,-8.52,6.38,450,"1995-12-01 2024-12-15",79.66,13,450,"1995-12-01 2024-12-15",-0.09,8.59,450,"1995-12-01 2024-12-15",28.09,11.14,450,"1995-12-01 2024-12-15",-15.3,6.65,450,"1995-12-01 2024-12-15",49.54,17.31,450,"1995-12-01 2024-12-15",-11.4,7.48,450,"1995-12-01 2024-12-15",2.49,3.87,450,"1995-12-01 2024-12-15",0.48,1.48,450,"1995-12-01 2024-12-15",0.01,0.06,439,"1995-12-01 2024-12-15",0.61,1.71,439,"1995-12-01 2024-12-15",5.1,5.82,441,"1995-12-01 2024-12-15",,,,
2025-12-07,-8.5,6.34,450,"1995-11-30 2024-12-14",79.58,13.21,450,"1995-11-30 2024-12-14",-0.15,8.61,450,"1995-11-30 2024-12-14",27.83,10.94,450,"1995-11-30 2024-12-14",-15.23,6.54,450,"1995-11-30 2024-12-14",49.94,17.77,450,"1995-11-30 2024-12-14",-11.3,7.43,450,"1995-11-30 2024-12-14",2.52,3.94,450,"1995-11-30 2024-12-14",0.5,1.52,450,"1995-11-30 2024-12-14",0.01,0.06,438,"1995-11-30 2024-12-14",0.65,1.77,438,"1995-11-30 2024-12-14",5,5.83,439,"1995-11-30 2024-12-14",,,,
2025-12-06,-8.48,6.18,450,"1995-11-29 2024-12-13",79.61,13.46,450,"1995-11-29 2024-12-13",-0.1,8.55,450,"1995-11-29 2024-12-13",27.55,10.83,450,"1995-11-29 2024-12-13",-15.14,6.46,450,"1995-11-29 2024-12-13",49.96,17.97,450,"1995-11-29 2024-12-13",-11.25,7.4,450,"1995-11-29 2024-12-13",2.57,4.01,450,"1995-11-29 2024-12-13",0.51,1.51,450,"1995-11-29 2024-12-13",0.01,0.06,438,"1995-11-29 2024-12-13",0.67,1.79,438,"1995-11-29 2024-12-13",4.9,5.82,437,"1995-11-29 2024-12-13",,,,
2025-12-05,-8.39,6.13,450,"1995-11-28 2024-12-12",79.9,13.34,450,"1995-11-28 2024-12-12",-0.03,8.52,450,"1995-11-28 2024-12-12",27.43,10.93,450,"1995-11-28 2024-12-12",-15.08,6.41,450,"1995-11-28 2024-12-12",50.04,17.99,450,"1995-11-28 2024-12-12",-11.18,7.3,450,"1995-11-28 2024-12-12",2.53,4.05,450,"1995-11-28 2024-12-12",0.55,1.58,450,"1995-11-28 2024-12-12",0.01,0.05,438,"1995-11-28 2024-12-12",0.73,1.88,437,"1995-11-28 2024-12-12",4.8,5.68,435,"1995-11-28 2024-12-12",,,,
2025-12-04,-8.32,6.18,450,"1995-11-27 2024-12-11",80.12,13.13,450,"1995-11-27 2024-12-11",0.03,8.56,450,"1995-11-27 2024-12-11",27.4,10.94,450,"1995-11-27 2024-12-11",-14.95,6.41,450,"1995-11-27 2024-12-11",50.03,18.08,450,"1995-11-27 2024-12-11",-11.07,7.26,450,"1995-11-27 2024-12-11",2.48,4.02,450,"1995-11-27 2024-12-11",0.57,1.57,450,"1995-11-27 2024-12-11",0.01,0.05,436,"1995-11-27 2024-12-11",0.75,1.88,437,"1995-11-27 2024-12-11",4.7,5.63,434,"1995-11-27 2024-12-11",,,,
2025-12-03,-8.21,6.21,450,"1995-11-26 2024-12-10",80.36,12.96,450,"1995-11-26 2024-12-10",0.18,8.58,450,"1995-11-26 2024-12-10",27.45,10.97,450,"1995-11-26 2024-12-10",-14.81,6.35,450,"1995-11-26 2024-12-10",49.75,18.03,450,"1995-11-26 2024-12-10",-10.93,7.19,450,"1995-11-26 2024-12-10",2.43,3.98,450,"1995-11-26 2024-12-10",0.56,1.55,450,"1995-11-26 2024-12-10",0.01,0.06,435,"1995-11-26 2024-12-10",0.75,1.87,436,"1995-11-26 2024-12-10",4.7,5.64,433,"1995-11-26 2024-12-10",,,,
2025-12-02,-8.11,6.09,450,"1995-11-25 2024-12-09",80.38,12.73,450,"1995-11-25 2024-12-09",0.37,8.51,450,"1995-11-25 2024-12-09",27.43,10.99,450,"1995-11-25 2024-12-09",-14.73,6.29,450,"1995-11-25 2024-12-09",49.29,18.14,450,"1995-11-25 2024-12-09",-10.81,7.14,450,"1995-11-25 2024-12-09",2.47,4,450,"1995-11-25 2024-12-09",0.55,1.55,450,"1995-11-25 2024-12-09",0.01,0.06,435,"1995-11-25 2024-12-09",0.73,1.88,436,"1995-11-25 2024-12-09",4.5,5.64,433,"1995-11-25 2024-12-09",,,,
2025-12-01,-8.06,6.04,450,"1995-11-24 2024-12-08",80.42,12.42,450,"1995-11-24 2024-12-08",0.48,8.57,450,"1995-11-24 2024-12-08",27.34,10.82,450,"1995-11-24 2024-12-08",-14.63,6.28,450,"1995-11-24 2024-12-08",48.98,18.41,450,"1995-11-24 2024-12-08",-10.67,7.14,450,"1995-11-24 2024-12-08",2.41,3.87,450,"1995-11-24 2024-12-08",0.53,1.55,450,"1995-11-24 2024-12-08",0.01,0.06,433,"1995-11-24 2024-12-08",0.71,1.89,434,"1995-11-24 2024-12-08",4.4,5.67,433,"1995-11-24 2024-12-08",,,,
2025-11-30,-7.88,6.07,450,"1995-11-23 2024-12-07",80.56,12.37,450,"1995-11-23 2024-12-07",0.74,8.59,450,"1995-11-23 2024-12-07",27.31,10.85,450,"1995-11-23 2024-12-07",-14.46,6.27,450,"1995-11-23 2024-12-07",48.68,18.28,450,"1995-11-23 2024-12-07",-10.5,7.09,450,"1995-11-23 2024-12-07",2.44,3.87,450,"1995-11-23 2024-12-07",0.58,1.84,450,"1995-11-23 2024-12-07",0.01,0.05,434,"1995-11-23 2024-12-07",0.75,2.14,435,"1995-11-23 2024-12-07",4.3,5.74,433,"1995-11-23 2024-12-07",,,,
2025-11-29,-7.76,5.96,450,"1995-11-22 2024-12-06",80.41,12.47,450,"1995-11-22 2024-12-06",0.98,8.62,450,"1995-11-22 2024-12-06",27.33,10.94,450,"1995-11-22 2024-12-06",-14.24,6.09,450,"1995-11-22 2024-12-06",48.37,18.45,450,"1995-11-22 2024-12-06",-10.19,6.99,450,"1995-11-22 2024-12-06",2.53,3.9,450,"1995-11-22 2024-12-06",0.56,1.77,450,"1995-11-22 2024-12-06",0.01,0.05,434,"1995-11-22 2024-12-06",0.73,2.08,435,"1995-11-22 2024-12-06",4.2,5.76,431,"1995-11-22 2024-12-06",,,,
2025-11-28,-7.58,5.79,450,"1995-11-21 2024-12-05",80.33,12.48,450,"1995-11-21 2024-12-05",1.25,8.57,450,"1995-11-21 2024-12-05",27.24,10.9,450,"1995-11-21 2024-12-05",-14.06,5.96,450,"1995-11-21 2024-12-05",48.01,18.6,450,"1995-11-21 2024-12-05",-9.94,6.9,450,"1995-11-21 2024-12-05",2.47,3.86,450,"1995-11-21 2024-12-05",0.56,1.78,450,"1995-11-21 2024-12-05",0.01,0.05,435,"1995-11-21 2024-12-05",0.75,2.11,436,"1995-11-21 2024-12-05",4,5.72,431,"1995-11-21 2024-12-05",,,,
2025-11-27,-7.43,5.83,450,"1995-11-20 2024-12-04",80.4,12.22,450,"1995-11-20 2024-12-04",1.47,8.63,450,"1995-11-20 2024-12-04",27.1,10.71,450,"1995-11-20 2024-12-04",-13.9,6.03,450,"1995-11-20 2024-12-04",47.68,18.61,450,"1995-11-20 2024-12-04",-9.81,6.92,450,"1995-11-20 2024-12-04",2.35,3.64,450,"1995-11-20 2024-12-04",0.54,1.76,450,"1995-11-20 2024-12-04",0.01,0.05,435,"1995-11-20 2024-12-04",0.72,2.09,436,"1995-11-20 2024-12-04",3.9,5.69,430,"1995-11-20 2024-12-04",,,,
2025-11-26,-7.36,5.96,450,"1995-11-19 2024-12-03",80.24,12.19,450,"1995-11-19 2024-12-03",1.62,8.8,450,"1995-11-19 2024-12-03",26.95,10.53,450,"1995-11-19 2024-12-03",-13.75,6.12,450,"1995-11-19 2024-12-03",47.53,18.71,450,"1995-11-19 2024-12-03",-9.65,6.97,450,"1995-11-19 2024-12-03",2.43,3.72,450,"1995-11-19 2024-12-03",0.56,1.88,450,"1995-11-19 2024-12-03",0.01,0.07,435,"1995-11-19 2024-12-03",0.75,2.27,436,"1995-11-19 2024-12-03",3.8,5.59,427,"1995-11-19 2024-12-03",,,,
2025-11-25,-7.16,6.01,450,"1995-11-18 2024-12-02",80.34,12.25,450,"1995-11-18 2024-12-02",1.85,8.79,450,"1995-11-18 2024-12-02",27.19,10.32,450,"1995-11-18 2024-12-02",-13.58,6.17,450,"1995-11-18 2024-12-02",47.26,18.86,450,"1995-11-18 2024-12-02",-9.44,6.99,450,"1995-11-18 2024-12-02",2.42,3.71,450,"1995-11-18 2024-12-02",0.58,1.89,450,"1995-11-18 2024-12-02",0.02,0.19,436,"1995-11-18 2024-12-02",0.76,2.27,437,"1995-11-18 2024-12-02",3.6,5.46,424,"1995-11-18 2024-12-02",,,,
2025-11-24,-7.02,6.01,450,"1995-11-17 2024-12-01",80.28,12.26,450,"1995-11-17 2024-12-01",2.03,8.84,450,"1995-11-17 2024-12-01",27.14,10.31,450,"1995-11-17 2024-12-01",-13.37,6.21,450,"1995-11-17 2024-12-01",47.1,19.09,450,"1995-11-17 2024-12-01",-9.17,7.02,450,"1995-11-17 2024-12-01",2.41,3.49,450,"1995-11-17 2024-12-01",0.57,1.82,450,"1995-11-17 2024-12-01",0.02,0.19,435,"1995-11-17 2024-12-01",0.75,2.2,437,"1995-11-17 2024-12-01",3.5,5.31,423,"1995-11-17 2024-12-01",,,,
2025-11-23,-6.77,5.98,450,"1995-11-16 2024-11-30",80.51,12.19,450,"1995-11-16 2024-11-30",2.26,8.75,450,"1995-11-16 2024-11-30",27.44,10.8,450,"1995-11-16 2024-11-30",-13.19,6.22,450,"1995-11-16 2024-11-30",47.2,19.13,450,"1995-11-16 2024-11-30",-8.93,6.99,450,"1995-11-16 2024-11-30",2.53,3.55,450,"1995-11-16 2024-11-30",0.58,1.85,450,"1995-11-16 2024-11-30",0.02,0.19,435,"1995-11-16 2024-11-30",0.75,2.23,438,"1995-11-16 2024-11-30",3.3,5.16,422,"1995-11-16 2024-11-30",,,,
2025-11-22,-6.41,5.94,450,"1995-11-15 2024-11-29",80.85,12,450,"1995-11-15 2024-11-29",2.7,8.67,450,"1995-11-15 2024-11-29",27.63,10.85,450,"1995-11-15 2024-11-29",-12.85,6.23,450,"1995-11-15 2024-11-29",46.87,19.05,450,"1995-11-15 2024-11-29",-8.59,6.89,450,"1995-11-15 2024-11-29",2.48,3.48,450,"1995-11-15 2024-11-29",0.56,1.82,450,"1995-11-15 2024-11-29",0.03,0.21,435,"1995-11-15 2024-11-29",0.71,2.18,439,"1995-11-15 2024-11-29",3.1,5,420,"1995-11-15 2024-11-29",,,,
2025-11-21,-6.11,5.82,450,"1995-11-14 2024-11-28",80.95,11.9,450,"1995-11-14 2024-11-28",3,8.46,450,"1995-11-14 2024-11-28",27.79,10.77,450,"1995-11-14 2024-11-28",-12.52,6.12,450,"1995-11-14 2024-11-28",46.81,18.95,450,"1995-11-14 2024-11-28",-8.24,6.68,450,"1995-11-14 2024-11-28",2.44,3.43,450,"1995-11-14 2024-11-28",0.57,1.88,450,"1995-11-14 2024-11-28",0.03,0.21,436,"1995-11-14 2024-11-28",0.71,2.23,440,"1995-11-14 2024-11-28",3,4.82,416,"1995-11-14 2024-11-28",,,,
2025-11-20,-5.82,5.64,450,"1995-11-13 2024-11-27",80.67,12.11,450,"1995-11-13 2024-11-27",3.46,8.26,450,"1995-11-13 2024-11-27",27.94,10.56,450,"1995-11-13 2024-11-27",-12.24,5.97,450,"1995-11-13 2024-11-27",46.28,18.92,450,"1995-11-13 2024-11-27",-7.84,6.59,450,"1995-11-13 2024-11-27",2.32,3.17,450,"1995-11-13 2024-11-27",0.52,1.82,450,"1995-11-13 2024-11-27",0.03,0.2,437,"1995-11-13 2024-11-27",0.63,2.15,441,"1995-11-13 2024-11-27",2.9,4.73,412,"1995-11-13 2024-11-27",,,,
2025-11-19,-5.65,5.53,450,"1995-11-12 2024-11-26",80.45,12.17,450,"1995-11-12 2024-11-26",3.78,8.17,450,"1995-11-12 2024-11-26",27.9,10.49,450,"1995-11-12 2024-11-26",-12.04,5.87,450,"1995-11-12 2024-11-26",45.78,18.62,450,"1995-11-12 2024-11-26",-7.61,6.5,450,"1995-11-12 2024-11-26",2.34,3.17,450,"1995-11-12 2024-11-26",0.48,1.8,450,"1995-11-12 2024-11-26",0.03,0.21,439,"1995-11-12 2024-11-26",0.58,2.11,442,"1995-11-12 2024-11-26",2.9,4.61,408,"1995-11-12 2024-11-26",,,,
2025-11-18,-5.63,5.43,450,"1995-11-11 2024-11-25",80.52,12.3,450,"1995-11-11 2024-11-25",3.86,8.13,450,"1995-11-11 2024-11-25",27.73,10.33,450,"1995-11-11 2024-11-25",-12.01,5.83,450,"1995-11-11 2024-11-25",45.74,18.73,450,"1995-11-11 2024-11-25",-7.64,6.47,450,"1995-11-11 2024-11-25",2.34,3.15,450,"1995-11-11 2024-11-25",0.46,1.78,450,"1995-11-11 2024-11-25",0.03,0.2,439,"1995-11-11 2024-11-25",0.56,2.09,442,"1995-11-11 2024-11-25",2.8,4.47,405,"1995-11-11 2024-11-25",,,,
2025-11-17,-5.55,5.47,450,"1995-11-10 2024-11-24",81.04,12.18,450,"1995-11-10 2024-11-24",3.78,8.22,450,"1995-11-10 2024-11-24",27.58,10.28,450,"1995-11-10 2024-11-24",-11.9,5.89,450,"1995-11-10 2024-11-24",46.56,19.11,450,"1995-11-10 2024-11-24",-7.65,6.5,450,"1995-11-10 2024-11-24",2.31,3.15,450,"1995-11-10 2024-11-24",0.49,1.84,450,"1995-11-10 2024-11-24",0.03,0.2,438,"1995-11-10 2024-11-24",0.59,2.14,442,"1995-11-10 2024-11-24",2.8,4.37,401,"1995-11-10 2024-11-24",,,,
2025-11-16,-5.4,5.45,450,"1995-11-09 2024-11-23",81.37,12.12,450,"1995-11-09 2024-11-23",3.83,8.26,450,"1995-11-09 2024-11-23",27.51,10.33,450,"1995-11-09 2024-11-23",-11.73,5.81,450,"1995-11-09 2024-11-23",47.16,19.34,450,"1995-11-09 2024-11-23",-7.56,6.41,450,"1995-11-09 2024-11-23",2.37,3.2,450,"1995-11-09 2024-11-23",0.52,1.88,450,"1995-11-09 2024-11-23",0.03,0.21,439,"1995-11-09 2024-11-23",0.62,2.18,443,"1995-11-09 2024-11-23",2.8,4.27,396,"1995-11-09 2024-11-23",,,,
2025-11-15,-5.3,5.34,450,"1995-11-08 2024-11-22",81.42,12.19,450,"1995-11-08 2024-11-22",3.94,8.2,450,"1995-11-08 2024-11-22",27.6,10.36,450,"1995-11-08 2024-11-22",-11.56,5.71,450,"1995-11-08 2024-11-22",47.18,19.49,450,"1995-11-08 2024-11-22",-7.34,6.33,450,"1995-11-08 2024-11-22",2.37,3.25,450,"1995-11-08 2024-11-22",0.48,1.55,450,"1995-11-08 2024-11-22",0.03,0.21,438,"1995-11-08 2024-11-22",0.57,1.88,442,"1995-11-08 2024-11-22",2.8,4.13,391,"1995-11-08 2024-11-22",,,,
2025-11-14,-5.08,5.3,450,"1995-11-07 2024-11-21",81.74,12.05,450,"1995-11-07 2024-11-21",4.08,8.09,450,"1995-11-07 2024-11-21",27.81,10.36,450,"1995-11-07 2024-11-21",-11.33,5.61,450,"1995-11-07 2024-11-21",47.32,19.48,450,"1995-11-07 2024-11-21",-7.17,6.18,450,"1995-11-07 2024-11-21",2.3,3.24,450,"1995-11-07 2024-11-21",0.5,1.6,450,"1995-11-07 2024-11-21",0.04,0.23,438,"1995-11-07 2024-11-21",0.6,1.98,442,"1995-11-07 2024-11-21",2.7,4.01,388,"1995-11-07 2024-11-21",,,,
2025-11-13,-4.83,5.23,450,"1995-11-06 2024-11-20",82.24,11.89,450,"1995-11-06 2024-11-20",4.18,7.93,450,"1995-11-06 2024-11-20",27.94,10.43,450,"1995-11-06 2024-11-20",-11.09,5.52,450,"1995-11-06 2024-11-20",47.92,19.5,450,"1995-11-06 2024-11-20",-7.04,6.08,450,"1995-11-06 2024-11-20",2.35,3.24,450,"1995-11-06 2024-11-20",0.5,1.6,450,"1995-11-06 2024-11-20",0.04,0.23,437,"1995-11-06 2024-11-20",0.59,1.95,441,"1995-11-06 2024-11-20",2.6,3.92,384,"1995-11-06 2024-11-20",,,,
2025-11-12,-4.58,5.07,450,"1995-11-05 2024-11-19",82.34,12.12,450,"1995-11-05 2024-11-19",4.41,7.84,450,"1995-11-05 2024-11-19",28.04,10.57,450,"1995-11-05 2024-11-19",-10.85,5.35,450,"1995-11-05 2024-11-19",48,19.65,450,"1995-11-05 2024-11-19",-6.79,5.95,450,"1995-11-05 2024-11-19",2.36,3.22,450,"1995-11-05 2024-11-19",0.54,1.64,450,"1995-11-05 2024-11-19",0.05,0.25,438,"1995-11-05 2024-11-19",0.64,2.01,442,"1995-11-05 2024-11-19",2.5,3.78,382,"1995-11-05 2024-11-19",,,,
2025-11-11,-4.32,4.91,450,"1995-11-04 2024-11-18",82.55,12.11,450,"1995-11-04 2024-11-18",4.76,7.71,450,"1995-11-04 2024-11-18",28.2,10.75,450,"1995-11-04 2024-11-18",-10.63,5.3,450,"1995-11-04 2024-11-18",47.61,19.61,450,"1995-11-04 2024-11-18",-6.55,5.84,450,"1995-11-04 2024-11-18",2.29,3.14,450,"1995-11-04 2024-11-18",0.5,1.44,450,"1995-11-04 2024-11-18",0.05,0.26,438,"1995-11-04 2024-11-18",0.57,1.72,443,"1995-11-04 2024-11-18",2.5,3.74,380,"1995-11-04 2024-11-18",,,,
2025-11-10,-4.16,4.78,450,"1995-11-03 2024-11-17",82.62,12.33,450,"1995-11-03 2024-11-17",5,7.7,450,"1995-11-03 2024-11-17",27.91,10.72,450,"1995-11-03 2024-11-17",-10.42,5.18,450,"1995-11-03 2024-11-17",47.53,19.9,450,"1995-11-03 2024-11-17",-6.31,5.78,450,"1995-11-03 2024-11-17",2.26,3.18,450,"1995-11-03 2024-11-17",0.5,1.47,450,"1995-11-03 2024-11-17",0.04,0.19,437,"1995-11-03 2024-11-17",0.58,1.73,442,"1995-11-03 2024-11-17",2.4,3.66,379,"1995-11-03 2024-11-05",,,,
2025-11-09,-3.96,4.66,450,"1995-11-02 2024-11-16",82.66,12.61,450,"1995-11-02 2024-11-16",5.23,7.58,450,"1995-11-02 2024-11-16",27.76,10.42,450,"1995-11-02 2024-11-16",-10.25,5.16,450,"1995-11-02 2024-11-16",47.66,20.11,450,"1995-11-02 2024-11-16",-6.12,5.7,450,"1995-11-02 2024-11-16",2.19,3.2,450,"1995-11-02 2024-11-16",0.53,1.51,450,"1995-11-02 2024-11-16",0.04,0.21,438,"1995-11-02 2024-11-16",0.62,1.9,442,"1995-11-02 2024-11-16",2.4,3.64,375,"1995-11-02 2024-11-05",,,,
2025-11-08,-3.88,4.62,450,"1995-11-01 2024-11-15",82.38,12.92,450,"1995-11-01 2024-11-15",5.4,7.5,450,"1995-11-01 2024-11-15",27.32,10.05,450,"1995-11-01 2024-11-15",-10.11,5.15,450,"1995-11-01 2024-11-15",47.22,20.14,450,"1995-11-01 2024-11-15",-5.96,5.68,450,"1995-11-01 2024-11-15",2.16,3.21,450,"1995-11-01 2024-11-15",0.55,1.58,450,"1995-11-01 2024-11-15",0.06,0.35,439,"1995-11-01 2024-11-15",0.61,1.88,442,"1995-11-01 2024-11-15",2.3,3.59,372,"1995-11-01 2024-11-05",,,,
2025-11-07,-3.88,4.6,450,"1995-10-31 2024-11-14",82.04,12.98,450,"1995-10-31 2024-11-14",5.51,7.46,450,"1995-10-31 2024-11-14",27.25,10.12,450,"1995-10-31 2024-11-14",-10.13,5.11,450,"1995-10-31 2024-11-14",46.74,19.97,450,"1995-10-31 2024-11-14",-5.87,5.71,450,"1995-10-31 2024-11-14",2.18,3.21,450,"1995-10-31 2024-11-14",0.56,1.61,450,"1995-10-31 2024-11-14",0.08,0.49,440,"1995-10-31 2024-11-14",0.6,1.87,442,"1995-10-31 2024-11-14",2.2,3.52,367,"1995-10-31 2024-11-05",,,,
2025-11-06,-3.83,4.59,450,"1995-10-30 2024-11-13",81.92,13.1,450,"1995-10-30 2024-11-13",5.7,7.51,450,"1995-10-30 2024-11-13",27.24,10.14,450,"1995-10-30 2024-11-13",-10.1,5.12,450,"1995-10-30 2024-11-13",46.2,20.02,450,"1995-10-30 2024-11-13",-5.8,5.76,450,"1995-10-30 2024-11-13",2.21,3.2,450,"1995-10-30 2024-11-13",0.53,1.54,450,"1995-10-30 2024-11-13",0.08,0.49,440,"1995-10-30 2024-11-13",0.57,1.78,442,"1995-10-30 2024-11-13",2.2,3.51,366,"1995-10-30 2024-11-05",,,,
2025-11-05,-3.75,4.63,450,"1995-10-29 2024-11-12",82.45,12.8,450,"1995-10-29 2024-11-12",5.65,7.56,450,"1995-10-29 2024-11-12",27.28,10.28,450,"1995-10-29 2024-11-12",-9.96,5.15,450,"1995-10-29 2024-11-12",46.53,20.17,450,"1995-10-29 2024-11-12",-5.79,5.8,450,"1995-10-29 2024-11-12",2.33,3.37,450,"1995-10-29 2024-11-12",0.58,1.63,450,"1995-10-29 2024-11-12",0.08,0.5,439,"1995-10-29 2024-11-12",0.63,1.92,442,"1995-10-29 2024-11-12",2.2,3.49,365,"1995-10-29 2024-11-05",,,,
2025-11-04,-3.55,4.61,450,"1995-10-28 2024-11-11",82.83,12.73,450,"1995-10-28 2024-11-11",5.69,7.56,450,"1995-10-28 2024-11-11",27.19,10.37,450,"1995-10-28 2024-11-11",-9.8,5.16,450,"1995-10-28 2024-11-11",47.18,20.34,450,"1995-10-28 2024-11-11",-5.68,5.79,450,"1995-10-28 2024-11-11",2.33,3.35,450,"1995-10-28 2024-11-11",0.65,1.7,450,"1995-10-28 2024-11-11",0.1,0.54,439,"1995-10-28 2024-11-11",0.68,1.95,442,"1995-10-28 2024-11-11",2.1,3.45,365,"1995-10-28 2024-11-05",,,,
2025-11-03,-3.3,4.56,450,"1995-10-27 2024-11-10",82.55,12.95,450,"1995-10-27 2024-11-10",6.04,7.56,450,"1995-10-27 2024-11-10",27.53,10.47,450,"1995-10-27 2024-11-10",-9.53,5.07,450,"1995-10-27 2024-11-10",46.73,20.5,450,"1995-10-27 2024-11-10",-5.25,5.67,450,"1995-10-27 2024-11-10",2.47,3.53,450,"1995-10-27 2024-11-10",0.7,1.77,450,"1995-10-27 2024-11-10",0.13,0.63,440,"1995-10-27 2024-11-10",0.71,1.98,443,"1995-10-27 2024-11-10",2,3.31,363,"1995-10-27 2024-11-05",,,,
2025-11-02,-3.07,4.43,450,"1995-10-26 2024-11-09",82.24,12.89,450,"1995-10-26 2024-11-09",6.54,7.4,450,"1995-10-26 2024-11-09",27.72,10.52,450,"1995-10-26 2024-11-09",-9.28,4.87,450,"1995-10-26 2024-11-09",45.77,20.18,450,"1995-10-26 2024-11-09",-4.9,5.52,450,"1995-10-26 2024-11-09",2.48,3.54,450,"1995-10-26 2024-11-09",0.66,1.7,450,"1995-10-26 2024-11-09",0.13,0.63,442,"1995-10-26 2024-11-09",0.66,1.89,444,"1995-10-26 2024-11-09",1.9,3.13,360,"1995-10-26 2024-11-05",,,,
2025-11-01,-2.88,4.34,450,"1995-10-25 2024-11-08",82.03,12.78,450,"1995-10-25 2024-11-08",6.91,7.25,450,"1995-10-25 2024-11-08",27.85,10.75,450,"1995-10-25 2024-11-08",-9.11,4.78,450,"1995-10-25 2024-11-08",44.87,19.75,450,"1995-10-25 2024-11-08",-4.64,5.38,450,"1995-10-25 2024-11-08",2.42,3.53,450,"1995-10-25 2024-11-08",0.6,1.61,450,"1995-10-25 2024-11-08",0.13,0.63,442,"1995-10-25 2024-11-08",0.59,1.78,444,"1995-10-25 2024-11-08",1.8,3.02,357,"1995-10-25 2024-11-05",,,,
2025-10-31,-2.69,4.22,450,"1995-10-24 2024-11-07",82.02,12.85,450,"1995-10-24 2024-11-07",7.23,7.21,450,"1995-10-24 2024-11-07",27.96,10.73,450,"1995-10-24 2024-11-07",-8.94,4.71,450,"1995-10-24 2024-11-07",44.37,19.69,450,"1995-10-24 2024-11-07",-4.44,5.27,450,"1995-10-24 2024-11-07",2.43,3.55,450,"1995-10-24 2024-11-07",0.61,1.64,450,"1995-10-24 2024-11-07",0.13,0.64,443,"1995-10-24 2024-11-07",0.6,1.81,445,"1995-10-24 2024-11-07",1.9,3.06,354,"1995-10-24 2024-11-05",,,,
2025-10-30,-2.51,4.1,450,"1995-10-23 2024-11-06",81.81,13.1,450,"1995-10-23 2024-11-06",7.57,7.14,450,"1995-10-23 2024-11-06",27.94,10.65,450,"1995-10-23 2024-11-06",-8.73,4.63,450,"1995-10-23 2024-11-06",44.13,19.92,450,"1995-10-23 2024-11-06",-4.17,5.17,450,"1995-10-23 2024-11-06",2.58,3.62,450,"1995-10-23 2024-11-06",0.69,1.98,449,"1995-10-23 2024-11-06",0.18,1.22,442,"1995-10-23 2024-11-06",0.62,1.82,444,"1995-10-23 2024-11-06",1.8,3.1,352,"1995-10-23 2024-11-05",,,,
2025-10-29,-2.32,3.99,450,"1995-10-22 2024-11-05",81.55,13.16,450,"1995-10-22 2024-11-05",7.96,7.13,450,"1995-10-22 2024-11-05",27.79,10.44,450,"1995-10-22 2024-11-05",-8.49,4.55,450,"1995-10-22 2024-11-05",43.5,19.99,450,"1995-10-22 2024-11-05",-3.84,5.02,450,"1995-10-22 2024-11-05",2.57,3.62,450,"1995-10-22 2024-11-05",0.73,2.19,449,"1995-10-22 2024-11-05",0.18,1.22,442,"1995-10-22 2024-11-05",0.66,2.06,444,"1995-10-22 2024-11-05",1.8,3.07,350,"1995-10-22 2024-11-05",,,,
2025-10-28,-2.11,3.96,450,"1995-10-21 2024-11-04",81.54,13.01,450,"1995-10-21 2024-11-04",8.29,7.08,450,"1995-10-21 2024-11-04",27.53,10.24,450,"1995-10-21 2024-11-04",-8.2,4.52,450,"1995-10-21 2024-11-04",43.21,19.85,450,"1995-10-21 2024-11-04",-3.56,4.88,450,"1995-10-21 2024-11-04",2.51,3.63,450,"1995-10-21 2024-11-04",0.71,2.17,449,"1995-10-21 2024-11-04",0.19,1.23,441,"1995-10-21 2024-11-04",0.63,2.01,443,"1995-10-21 2024-11-04",1.7,3.02,347,"1995-10-21 2024-11-01",,,,
2025-10-27,-1.88,3.92,450,"1995-10-20 2024-11-03",81.42,13.07,450,"1995-10-20 2024-11-03",8.65,7,450,"1995-10-20 2024-11-03",27.49,9.98,450,"1995-10-20 2024-11-03",-7.87,4.47,450,"1995-10-20 2024-11-03",43.06,19.66,450,"1995-10-20 2024-11-03",-3.25,4.82,450,"1995-10-20 2024-11-03",2.62,3.73,450,"1995-10-20 2024-11-03",0.72,2.23,449,"1995-10-20 2024-11-03",0.21,1.25,442,"1995-10-20 2024-11-03",0.63,2.06,443,"1995-10-20 2024-11-03",1.6,2.97,343,"1995-10-20 2024-11-01",,,,
2025-10-26,-1.66,3.91,450,"1995-10-19 2024-11-02",81.15,12.99,450,"1995-10-19 2024-11-02",9.08,7.02,450,"1995-10-19 2024-11-02",27.57,10.07,450,"1995-10-19 2024-11-02",-7.61,4.44,450,"1995-10-19 2024-11-02",42.59,19.36,450,"1995-10-19 2024-11-02",-2.98,4.83,450,"1995-10-19 2024-11-02",2.66,3.75,450,"1995-10-19 2024-11-02",0.71,2.2,449,"1995-10-19 2024-11-02",0.23,1.26,442,"1995-10-19 2024-11-02",0.6,2.03,443,"1995-10-19 2024-11-02",1.6,2.96,338,"1995-10-19 2024-11-01",,,,
2025-10-25,-1.5,3.88,450,"1995-10-18 2024-11-01",80.9,12.95,450,"1995-10-18 2024-11-01",9.47,6.97,450,"1995-10-18 2024-11-01",27.69,10.31,450,"1995-10-18 2024-11-01",-7.43,4.37,450,"1995-10-18 2024-11-01",41.67,18.91,450,"1995-10-18 2024-11-01",-2.73,4.77,450,"1995-10-18 2024-11-01",2.69,3.74,450,"1995-10-18 2024-11-01",0.65,2.13,449,"1995-10-18 2024-11-01",0.23,1.26,443,"1995-10-18 2024-11-01",0.52,1.84,444,"1995-10-18 2024-11-01",1.5,2.91,334,"1995-10-18 2024-11-01",,,,
2025-10-24,-1.28,3.89,450,"1995-10-17 2024-10-31",80.87,12.8,450,"1995-10-17 2024-10-31",9.89,7.07,450,"1995-10-17 2024-10-31",28.1,10.46,450,"1995-10-17 2024-10-31",-7.24,4.28,450,"1995-10-17 2024-10-31",41.18,18.75,450,"1995-10-17 2024-10-31",-2.48,4.68,450,"1995-10-17 2024-10-31",2.63,3.69,450,"1995-10-17 2024-10-31",0.61,2.07,449,"1995-10-17 2024-10-31",0.23,1.3,443,"1995-10-17 2024-10-31",0.48,1.77,444,"1995-10-17 2024-10-31",1.5,2.92,330,"1995-10-17 2024-10-25",,,,
2025-10-23,-1.01,3.86,450,"1995-10-16 2024-10-30",80.74,13.04,450,"1995-10-16 2024-10-30",10.26,7.06,450,"1995-10-16 2024-10-30",28.02,10.35,450,"1995-10-16 2024-10-30",-6.92,4.2,450,"1995-10-16 2024-10-30",41.12,18.82,450,"1995-10-16 2024-10-30",-2.17,4.58,450,"1995-10-16 2024-10-30",2.64,3.71,450,"1995-10-16 2024-10-30",0.62,2.08,449,"1995-10-16 2024-10-30",0.22,1.28,441,"1995-10-16 2024-10-30",0.49,1.79,443,"1995-10-16 2024-10-30",1.4,2.9,329,"1995-10-16 2024-10-25",,,,
2025-10-22,-0.74,3.81,450,"1995-10-15 2024-10-29",80.81,12.96,450,"1995-10-15 2024-10-29",10.56,6.95,450,"1995-10-15 2024-10-29",27.98,10.22,450,"1995-10-15 2024-10-29",-6.59,4.12,450,"1995-10-15 2024-10-29",41.25,18.94,450,"1995-10-15 2024-10-29",-1.87,4.44,450,"1995-10-15 2024-10-29",2.61,3.7,450,"1995-10-15 2024-10-29",0.65,2.09,449,"1995-10-15 2024-10-29",0.25,1.3,441,"1995-10-15 2024-10-29",0.49,1.8,443,"1995-10-15 2024-10-29",1.3,2.87,325,"1995-10-15 2024-10-25",,,,
2025-10-21,-0.51,3.76,450,"1995-10-14 2024-10-28",80.46,13.05,450,"1995-10-14 2024-10-28",10.97,6.8,450,"1995-10-14 2024-10-28",27.85,10.04,450,"1995-10-14 2024-10-28",-6.39,4.03,450,"1995-10-14 2024-10-28",40.67,18.65,450,"1995-10-14 2024-10-28",-1.61,4.27,450,"1995-10-14 2024-10-28",2.56,3.57,450,"1995-10-14 2024-10-28",0.66,2.09,449,"1995-10-14 2024-10-28",0.28,1.38,441,"1995-10-14 2024-10-28",0.45,1.68,442,"1995-10-14 2024-10-28",1.2,2.84,322,"1995-10-14 2024-10-25",,,,
2025-10-20,-0.39,3.76,450,"1995-10-13 2024-10-27",80.3,13.02,450,"1995-10-13 2024-10-27",11.33,6.74,450,"1995-10-13 2024-10-27",27.77,9.96,450,"1995-10-13 2024-10-27",-6.18,3.99,450,"1995-10-13 2024-10-27",39.91,18.31,450,"1995-10-13 2024-10-27",-1.36,4.13,450,"1995-10-13 2024-10-27",2.58,3.57,450,"1995-10-13 2024-10-27",0.61,2.05,449,"1995-10-13 2024-10-27",0.27,1.39,439,"1995-10-13 2024-10-27",0.41,1.64,440,"1995-10-13 2024-10-27",1.1,2.75,317,"1995-10-13 2024-10-25",,,,
2025-10-19,-0.29,3.76,450,"1995-10-12 2024-10-26",80.27,13.05,450,"1995-10-12 2024-10-26",11.44,6.63,450,"1995-10-12 2024-10-26",27.48,10.04,450,"1995-10-12 2024-10-26",-6.05,4.01,450,"1995-10-12 2024-10-26",39.96,18.03,450,"1995-10-12 2024-10-26",-1.3,4.17,450,"1995-10-12 2024-10-26",2.45,3.42,450,"1995-10-12 2024-10-26",0.6,2.06,449,"1995-10-12 2024-10-26",0.3,1.47,438,"1995-10-12 2024-10-26",0.37,1.6,439,"1995-10-12 2024-10-26",1.1,2.66,313,"1995-10-12 2024-10-25",,,,
2025-10-18,-0.16,3.74,450,"1995-10-11 2024-10-25",80.36,13.1,450,"1995-10-11 2024-10-25",11.45,6.52,450,"1995-10-11 2024-10-25",27.35,9.89,450,"1995-10-11 2024-10-25",-5.93,3.98,450,"1995-10-11 2024-10-25",40.03,18.04,450,"1995-10-11 2024-10-25",-1.13,4.11,450,"1995-10-11 2024-10-25",2.46,3.37,450,"1995-10-11 2024-10-25",0.63,2.09,449,"1995-10-11 2024-10-25",0.32,1.52,437,"1995-10-11 2024-10-25",0.37,1.61,438,"1995-10-11 2024-10-25",0.9,2.51,312,"1995-10-11 2024-10-25",,,,
2025-10-17,-0.01,3.78,450,"1995-10-10 2024-10-24",80.08,13.5,450,"1995-10-10 2024-10-24",11.68,6.55,450,"1995-10-10 2024-10-24",27.46,9.76,450,"1995-10-10 2024-10-24",-5.7,3.91,450,"1995-10-10 2024-10-24",40.05,18.06,450,"1995-10-10 2024-10-24",-0.83,4.06,450,"1995-10-10 2024-10-24",2.57,3.38,450,"1995-10-10 2024-10-24",0.68,2.19,449,"1995-10-10 2024-10-24",0.36,1.66,437,"1995-10-10 2024-10-24",0.38,1.63,438,"1995-10-10 2024-10-24",0.8,2.29,309,"1995-10-10 2024-10-24",,,,
2025-10-16,0.09,3.77,450,"1995-10-09 2024-10-23",79.84,13.42,450,"1995-10-09 2024-10-23",11.89,6.51,450,"1995-10-09 2024-10-23",27.37,9.65,450,"1995-10-09 2024-10-23",-5.55,3.91,450,"1995-10-09 2024-10-23",39.84,18.01,450,"1995-10-09 2024-10-23",-0.67,4.02,450,"1995-10-09 2024-10-23",2.64,3.37,450,"1995-10-09 2024-10-23",0.67,2.16,449,"1995-10-09 2024-10-23",0.37,1.66,436,"1995-10-09 2024-10-23",0.35,1.55,437,"1995-10-09 2024-10-23",0.6,1.82,307,"1995-10-09 2024-10-23",,,,
2025-10-15,0.19,3.71,450,"1995-10-08 2024-10-22",79.61,13.42,450,"1995-10-08 2024-10-22",12.13,6.47,450,"1995-10-08 2024-10-22",27.32,9.57,450,"1995-10-08 2024-10-22",-5.41,3.93,450,"1995-10-08 2024-10-22",39.52,17.79,450,"1995-10-08 2024-10-22",-0.49,4.05,450,"1995-10-08 2024-10-22",2.6,3.32,450,"1995-10-08 2024-10-22",0.57,1.82,450,"1995-10-08 2024-10-22",0.32,1.3,437,"1995-10-08 2024-10-22",0.29,1.44,439,"1995-10-08 2024-10-22",0.6,1.51,305,"1995-10-08 2024-10-22",,,,
2025-10-14,0.36,3.69,450,"1995-10-07 2024-10-21",79.4,13.4,450,"1995-10-07 2024-10-21",12.44,6.43,450,"1995-10-07 2024-10-21",27.7,9.86,450,"1995-10-07 2024-10-21",-5.28,3.96,450,"1995-10-07 2024-10-21",38.95,17.41,450,"1995-10-07 2024-10-21",-0.25,4.12,450,"1995-10-07 2024-10-21",2.65,3.37,450,"1995-10-07 2024-10-21",0.56,1.64,450,"1995-10-07 2024-10-21",0.34,1.3,438,"1995-10-07 2024-10-21",0.27,1.2,440,"1995-10-07 2024-10-21",0.5,1.36,302,"1995-10-07 2024-10-21",,,,
2025-10-13,0.51,3.72,450,"1995-10-06 2024-10-20",79.08,13.47,450,"1995-10-06 2024-10-20",12.76,6.36,450,"1995-10-06 2024-10-20",27.9,10.17,450,"1995-10-06 2024-10-20",-5.18,3.98,450,"1995-10-06 2024-10-20",38.46,17.03,450,"1995-10-06 2024-10-20",-0.05,4.13,450,"1995-10-06 2024-10-20",2.7,3.4,450,"1995-10-06 2024-10-20",0.55,1.66,450,"1995-10-06 2024-10-20",0.34,1.34,439,"1995-10-06 2024-10-20",0.24,1.17,441,"1995-10-06 2024-10-20",0.5,1.35,297,"1995-10-06 2024-10-15",,,,
2025-10-12,0.53,3.78,450,"1995-10-05 2024-10-19",78.94,13.59,450,"1995-10-05 2024-10-19",12.86,6.39,450,"1995-10-05 2024-10-19",27.71,10.19,450,"1995-10-05 2024-10-19",-5.16,4.02,450,"1995-10-05 2024-10-19",38.12,16.91,450,"1995-10-05 2024-10-19",0.06,4.11,450,"1995-10-05 2024-10-19",2.68,3.32,450,"1995-10-05 2024-10-19",0.53,1.6,450,"1995-10-05 2024-10-19",0.33,1.35,439,"1995-10-05 2024-10-19",0.22,1.05,441,"1995-10-05 2024-10-19",0.5,1.37,295,"1995-10-05 2024-10-15",,,,
2025-10-11,0.66,3.84,450,"1995-10-04 2024-10-18",79.25,13.58,450,"1995-10-04 2024-10-18",12.87,6.42,450,"1995-10-04 2024-10-18",27.42,10.06,450,"1995-10-04 2024-10-18",-5,4.09,450,"1995-10-04 2024-10-18",38.39,16.86,450,"1995-10-04 2024-10-18",0.14,4.16,450,"1995-10-04 2024-10-18",2.62,3.26,450,"1995-10-04 2024-10-18",0.55,1.61,450,"1995-10-04 2024-10-18",0.35,1.36,438,"1995-10-04 2024-10-18",0.23,1.07,441,"1995-10-04 2024-10-18",0.5,1.61,293,"1995-10-04 2024-10-15",,,,
2025-10-10,0.82,3.82,450,"1995-10-03 2024-10-17",79.7,13.25,450,"1995-10-03 2024-10-17",12.9,6.41,450,"1995-10-03 2024-10-17",27.24,9.86,450,"1995-10-03 2024-10-17",-4.8,4.04,450,"1995-10-03 2024-10-17",38.79,16.68,450,"1995-10-03 2024-10-17",0.21,4.17,450,"1995-10-03 2024-10-17",2.6,3.24,450,"1995-10-03 2024-10-17",0.57,1.64,450,"1995-10-03 2024-10-17",0.37,1.38,438,"1995-10-03 2024-10-17",0.24,1.08,441,"1995-10-03 2024-10-17",0.6,2.36,292,"1995-10-03 2024-10-15",,,,
2025-10-09,0.97,3.8,450,"1995-10-02 2024-10-16",80.04,13.2,450,"1995-10-02 2024-10-16",12.93,6.41,450,"1995-10-02 2024-10-16",27.08,9.96,450,"1995-10-02 2024-10-16",-4.61,4.03,450,"1995-10-02 2024-10-16",39.21,16.81,450,"1995-10-02 2024-10-16",0.31,4.16,450,"1995-10-02 2024-10-16",2.64,3.45,450,"1995-10-02 2024-10-16",0.63,2,450,"1995-10-02 2024-10-16",0.36,1.32,437,"1995-10-02 2024-10-16",0.3,1.88,440,"1995-10-02 2024-10-16",0.6,2.57,291,"1995-10-02 2024-10-15",,,,
2025-10-08,1.07,3.86,450,"1995-10-01 2024-10-15",80.37,13.06,450,"1995-10-01 2024-10-15",13.01,6.49,450,"1995-10-01 2024-10-15",27.2,9.96,450,"1995-10-01 2024-10-15",-4.48,4.09,450,"1995-10-01 2024-10-15",39.37,16.96,450,"1995-10-01 2024-10-15",0.39,4.18,450,"1995-10-01 2024-10-15",2.65,3.49,450,"1995-10-01 2024-10-15",0.68,2.07,450,"1995-10-01 2024-10-15",0.39,1.36,439,"1995-10-01 2024-10-15",0.33,2,441,"1995-10-01 2024-10-15",0.7,2.61,290,"1995-10-01 2024-10-15",,,,
2025-10-07,1.24,3.85,450,"1995-09-30 2024-10-14",80.4,12.97,450,"1995-09-30 2024-10-14",13.19,6.65,450,"1995-09-30 2024-10-14",27.25,10.04,450,"1995-09-30 2024-10-14",-4.28,4.12,450,"1995-09-30 2024-10-14",39.53,17.17,450,"1995-09-30 2024-10-14",0.58,4.18,450,"1995-09-30 2024-10-14",2.73,3.54,450,"1995-09-30 2024-10-14",0.72,2.14,450,"1995-09-30 2024-10-14",0.4,1.4,439,"1995-09-30 2024-10-14",0.35,2.03,441,"1995-09-30 2024-10-14",0.7,2.96,291,"1995-09-30 2021-10-11",,,,
2025-10-06,1.44,3.86,450,"1995-09-29 2024-10-13",80.41,12.92,450,"1995-09-29 2024-10-13",13.42,6.73,450,"1995-09-29 2024-10-13",27.29,10.09,450,"1995-09-29 2024-10-13",-4.01,4.13,450,"1995-09-29 2024-10-13",39.7,17.19,450,"1995-09-29 2024-10-13",0.84,4.19,450,"1995-09-29 2024-10-13",2.75,3.62,450,"1995-09-29 2024-10-13",0.72,2.29,450,"1995-09-29 2024-10-13",0.39,1.35,440,"1995-09-29 2024-10-13",0.38,2.3,442,"1995-09-29 2024-10-13",0.7,2.96,289,"1995-09-29 2021-10-11",,,,
2025-10-05,1.64,3.91,450,"1995-09-28 2024-10-12",80.12,13.19,450,"1995-09-28 2024-10-12",13.72,6.75,450,"1995-09-28 2024-10-12",27.53,10.07,450,"1995-09-28 2024-10-12",-3.77,4.14,450,"1995-09-28 2024-10-12",39.53,17.15,450,"1995-09-28 2024-10-12",1.12,4.26,450,"1995-09-28 2024-10-12",2.83,3.7,450,"1995-09-28 2024-10-12",0.72,2.28,450,"1995-09-28 2024-10-12",0.38,1.33,442,"1995-09-28 2024-10-12",0.38,2.3,444,"1995-09-28 2024-10-12",0.7,2.96,288,"1995-09-28 2021-10-11",,,,
2025-10-04,1.9,3.85,450,"1995-09-27 2024-10-11",79.93,13.22,450,"1995-09-27 2024-10-11",14.14,6.82,450,"1995-09-27 2024-10-11",27.65,9.9,450,"1995-09-27 2024-10-11",-3.47,4.04,450,"1995-09-27 2024-10-11",39.22,17.23,450,"1995-09-27 2024-10-11",1.52,4.15,450,"1995-09-27 2024-10-11",2.87,3.72,450,"1995-09-27 2024-10-11",0.71,2.29,450,"1995-09-27 2024-10-11",0.37,1.33,443,"1995-09-27 2024-10-11",0.39,2.3,445,"1995-09-27 2024-10-11",0.7,2.96,287,"1995-09-27 2021-10-11",,,,
2025-10-03,2.24,3.81,450,"1995-09-26 2024-10-10",79.84,13.27,450,"1995-09-26 2024-10-10",14.72,6.7,450,"1995-09-26 2024-10-10",27.76,10.01,450,"1995-09-26 2024-10-10",-3.13,4,450,"1995-09-26 2024-10-10",38.73,16.98,450,"1995-09-26 2024-10-10",1.87,4.14,450,"1995-09-26 2024-10-10",2.82,3.74,450,"1995-09-26 2024-10-10",0.71,2.27,450,"1995-09-26 2024-10-10",0.37,1.29,443,"1995-09-26 2024-10-10",0.38,2.29,445,"1995-09-26 2024-10-10",0.7,2.97,283,"1995-09-26 2020-09-30",,,,
2025-10-02,2.53,3.67,450,"1995-09-25 2024-10-09",79.68,12.96,450,"1995-09-25 2024-10-09",15.22,6.67,450,"1995-09-25 2024-10-09",27.59,9.86,450,"1995-09-25 2024-10-09",-2.88,3.91,450,"1995-09-25 2024-10-09",38.2,16.93,450,"1995-09-25 2024-10-09",2.13,4.06,450,"1995-09-25 2024-10-09",2.7,3.73,450,"1995-09-25 2024-10-09",0.66,2.17,450,"1995-09-25 2024-10-09",0.34,1.12,444,"1995-09-25 2024-10-09",0.36,2.27,446,"1995-09-25 2024-10-09",0.6,2.95,281,"1995-09-25 2020-09-30",,,,
2025-10-01,2.83,3.5,450,"1995-09-24 2024-10-08",79.29,13.05,450,"1995-09-24 2024-10-08",15.67,6.61,450,"1995-09-24 2024-10-08",27.51,9.82,450,"1995-09-24 2024-10-08",-2.63,3.77,450,"1995-09-24 2024-10-08",37.69,16.61,450,"1995-09-24 2024-10-08",2.47,4.06,450,"1995-09-24 2024-10-08",2.62,3.66,450,"1995-09-24 2024-10-08",0.64,2.17,450,"1995-09-24 2024-10-08",0.35,1.15,445,"1995-09-24 2024-10-08",0.33,2.25,447,"1995-09-24 2024-10-08",0.6,2.94,279,"1995-09-24 2020-09-30",,,,
2025-09-30,3.11,3.48,450,"1995-09-23 2024-10-07",79.71,12.9,450,"1995-09-23 2024-10-07",16.01,6.59,450,"1995-09-23 2024-10-07",27.38,9.86,450,"1995-09-23 2024-10-07",-2.41,3.73,450,"1995-09-23 2024-10-07",37.29,16.2,450,"1995-09-23 2024-10-07",2.67,4.1,450,"1995-09-23 2024-10-07",2.53,3.65,450,"1995-09-23 2024-10-07",0.67,2.22,450,"1995-09-23 2024-10-07",0.4,1.27,446,"1995-09-23 2024-10-07",0.31,2.22,447,"1995-09-23 2024-10-07",0.5,2.94,276,"1995-09-23 2020-09-30",,,,
2025-09-29,3.3,3.52,450,"1995-09-22 2024-10-06",80,12.89,450,"1995-09-22 2024-10-06",16.12,6.71,450,"1995-09-22 2024-10-06",27.02,9.54,450,"1995-09-22 2024-10-06",-2.13,3.73,450,"1995-09-22 2024-10-06",37.85,16.41,450,"1995-09-22 2024-10-06",2.8,4.13,450,"1995-09-22 2024-10-06",2.45,3.55,450,"1995-09-22 2024-10-06",0.66,2.19,450,"1995-09-22 2024-10-06",0.41,1.32,446,"1995-09-22 2024-10-06",0.28,2.14,447,"1995-09-22 2024-10-06",0.5,2.94,273,"1995-09-22 2020-09-30",,,,
2025-09-28,3.42,3.52,450,"1995-09-21 2024-10-05",80.56,12.76,450,"1995-09-21 2024-10-05",16.15,6.83,450,"1995-09-21 2024-10-05",26.81,9.43,450,"1995-09-21 2024-10-05",-1.91,3.66,450,"1995-09-21 2024-10-05",38.21,16.72,450,"1995-09-21 2024-10-05",2.83,4.07,450,"1995-09-21 2024-10-05",2.48,3.57,450,"1995-09-21 2024-10-05",0.7,2.19,450,"1995-09-21 2024-10-05",0.45,1.33,446,"1995-09-21 2024-10-05",0.28,2.14,447,"1995-09-21 2024-10-05",0.5,2.92,273,"1995-09-21 2020-09-30",,,,
2025-09-27,3.68,3.42,450,"1995-09-20 2024-10-04",81,12.43,450,"1995-09-20 2024-10-04",16.24,6.79,450,"1995-09-20 2024-10-04",26.79,9.38,450,"1995-09-20 2024-10-04",-1.65,3.6,450,"1995-09-20 2024-10-04",38.72,16.84,450,"1995-09-20 2024-10-04",2.99,3.99,450,"1995-09-20 2024-10-04",2.46,3.54,450,"1995-09-20 2024-10-04",0.75,2.27,450,"1995-09-20 2024-10-04",0.5,1.46,445,"1995-09-20 2024-10-04",0.28,2.14,446,"1995-09-20 2024-10-04",0.5,2.87,273,"1995-09-20 2020-09-30",,,,
2025-09-26,3.86,3.33,450,"1995-09-19 2024-10-03",81.2,12.33,450,"1995-09-19 2024-10-03",16.39,6.67,450,"1995-09-19 2024-10-03",27.01,9.55,450,"1995-09-19 2024-10-03",-1.47,3.57,450,"1995-09-19 2024-10-03",38.79,17.04,450,"1995-09-19 2024-10-03",3.19,3.86,450,"1995-09-19 2024-10-03",2.46,3.55,450,"1995-09-19 2024-10-03",0.85,2.42,450,"1995-09-19 2024-10-03",0.58,1.64,446,"1995-09-19 2024-10-03",0.27,2.13,446,"1995-09-19 2024-10-03",0.4,2.71,273,"1995-09-19 2020-09-30",,,,
2025-09-25,4.12,3.29,450,"1995-09-18 2024-10-02",81.27,12.4,450,"1995-09-18 2024-10-02",16.67,6.55,450,"1995-09-18 2024-10-02",27.2,9.56,450,"1995-09-18 2024-10-02",-1.23,3.56,450,"1995-09-18 2024-10-02",38.92,17.35,450,"1995-09-18 2024-10-02",3.47,3.77,450,"1995-09-18 2024-10-02",2.46,3.55,450,"1995-09-18 2024-10-02",0.92,2.58,450,"1995-09-18 2024-10-02",0.65,1.88,445,"1995-09-18 2024-10-02",0.27,2.16,445,"1995-09-18 2024-10-02",0.3,2.04,271,"1995-09-18 2020-09-30",,,,
2025-09-24,4.33,3.27,450,"1995-09-17 2024-10-01",81.21,12.48,450,"1995-09-17 2024-10-01",16.94,6.43,450,"1995-09-17 2024-10-01",27.04,9.22,450,"1995-09-17 2024-10-01",-0.97,3.52,450,"1995-09-17 2024-10-01",38.76,17.17,450,"1995-09-17 2024-10-01",3.74,3.68,450,"1995-09-17 2024-10-01",2.44,3.34,450,"1995-09-17 2024-10-01",0.91,2.42,450,"1995-09-17 2024-10-01",0.73,2.05,445,"1995-09-17 2024-10-01",0.2,1.52,445,"1995-09-17 2024-10-01",0.2,1.73,268,"1995-09-17 2020-09-30",,,,
2025-09-23,4.52,3.23,450,"1995-09-16 2024-09-30",81,12.55,450,"1995-09-16 2024-09-30",17.24,6.44,450,"1995-09-16 2024-09-30",26.8,9.17,450,"1995-09-16 2024-09-30",-0.74,3.45,450,"1995-09-16 2024-09-30",38.6,17.08,450,"1995-09-16 2024-09-30",4,3.6,450,"1995-09-16 2024-09-30",2.51,3.46,450,"1995-09-16 2024-09-30",0.87,2.38,450,"1995-09-16 2024-09-30",0.71,2.04,445,"1995-09-16 2024-09-30",0.17,1.37,445,"1995-09-16 2024-09-30",0.2,1.65,267,"1995-09-16 2020-09-30",,,,
2025-09-22,4.73,3.17,450,"1995-09-15 2024-09-29",81.14,12.52,450,"1995-09-15 2024-09-29",17.52,6.36,450,"1995-09-15 2024-09-29",26.54,9.11,450,"1995-09-15 2024-09-29",-0.5,3.4,450,"1995-09-15 2024-09-29",38.53,17.07,450,"1995-09-15 2024-09-29",4.19,3.55,450,"1995-09-15 2024-09-29",2.43,3.48,450,"1995-09-15 2024-09-29",0.85,2.33,450,"1995-09-15 2024-09-29",0.72,2.03,445,"1995-09-15 2024-09-29",0.14,1.33,445,"1995-09-15 2024-09-29",0.1,0.46,264,"1995-09-15 2020-09-24",,,,
2025-09-21,4.92,3.12,450,"1995-09-14 2024-09-28",81.47,12.35,450,"1995-09-14 2024-09-28",17.68,6.36,450,"1995-09-14 2024-09-28",26.2,9.1,450,"1995-09-14 2024-09-28",-0.32,3.38,450,"1995-09-14 2024-09-28",38.69,17.37,450,"1995-09-14 2024-09-28",4.31,3.52,450,"1995-09-14 2024-09-28",2.46,3.45,450,"1995-09-14 2024-09-28",0.9,2.56,450,"1995-09-14 2024-09-28",0.81,2.48,445,"1995-09-14 2024-09-28",0.08,0.64,445,"1995-09-14 2024-09-28",0,0.35,264,"1995-09-14 2020-09-24",,,,
2025-09-20,5.08,3.08,450,"1995-09-13 2024-09-27",81.88,11.95,450,"1995-09-13 2024-09-27",17.7,6.36,450,"1995-09-13 2024-09-27",25.91,8.91,450,"1995-09-13 2024-09-27",-0.09,3.37,450,"1995-09-13 2024-09-27",39.17,17.4,450,"1995-09-13 2024-09-27",4.42,3.5,450,"1995-09-13 2024-09-27",2.37,3.3,450,"1995-09-13 2024-09-27",0.98,2.82,450,"1995-09-13 2024-09-27",0.9,2.76,445,"1995-09-13 2024-09-27",0.07,0.61,445,"1995-09-13 2024-09-27",0,0.34,263,"1995-09-13 2020-09-24",,,,
2025-09-19,5.3,3.07,450,"1995-09-12 2024-09-26",82.26,11.64,450,"1995-09-12 2024-09-26",17.79,6.36,450,"1995-09-12 2024-09-26",25.89,8.85,450,"1995-09-12 2024-09-26",0.12,3.36,450,"1995-09-12 2024-09-26",39.63,17.53,450,"1995-09-12 2024-09-26",4.52,3.54,450,"1995-09-12 2024-09-26",2.5,3.4,450,"1995-09-12 2024-09-26",1.13,3.54,450,"1995-09-12 2024-09-26",1.06,3.5,445,"1995-09-12 2024-09-26",0.06,0.6,445,"1995-09-12 2024-09-26",0,0.34,263,"1995-09-12 2020-09-24",,,,
2025-09-18,5.38,3.14,450,"1995-09-11 2024-09-25",82.42,11.5,450,"1995-09-11 2024-09-25",17.93,6.5,450,"1995-09-11 2024-09-25",25.82,8.71,450,"1995-09-11 2024-09-25",0.28,3.4,450,"1995-09-11 2024-09-25",39.83,17.76,450,"1995-09-11 2024-09-25",4.57,3.51,450,"1995-09-11 2024-09-25",2.57,3.47,450,"1995-09-11 2024-09-25",1.17,3.58,450,"1995-09-11 2024-09-25",1.11,3.55,444,"1995-09-11 2024-09-25",0.06,0.6,444,"1995-09-11 2024-09-25",0,0.36,264,"1995-09-11 2020-09-24",,,,
2025-09-17,5.52,3.12,450,"1995-09-10 2024-09-24",82.99,11.44,450,"1995-09-10 2024-09-24",17.85,6.53,450,"1995-09-10 2024-09-24",25.75,8.83,450,"1995-09-10 2024-09-24",0.47,3.42,450,"1995-09-10 2024-09-24",40.46,17.91,450,"1995-09-10 2024-09-24",4.66,3.49,450,"1995-09-10 2024-09-24",2.67,3.58,450,"1995-09-10 2024-09-24",1.4,4.76,450,"1995-09-10 2024-09-24",1.29,4.71,442,"1995-09-10 2024-09-24",0.1,0.93,442,"1995-09-10 2024-09-24",0.1,0.56,265,"1995-09-10 2020-09-24",,,,
2025-09-16,5.68,3.11,450,"1995-09-09 2024-09-23",83.66,11.05,450,"1995-09-09 2024-09-23",17.82,6.56,450,"1995-09-09 2024-09-23",25.78,9.06,450,"1995-09-09 2024-09-23",0.71,3.38,450,"1995-09-09 2024-09-23",41.25,18.33,450,"1995-09-09 2024-09-23",4.76,3.41,450,"1995-09-09 2024-09-23",2.75,3.61,450,"1995-09-09 2024-09-23",1.44,4.77,450,"1995-09-09 2024-09-23",1.33,4.73,440,"1995-09-09 2024-09-23",0.1,0.93,440,"1995-09-09 2024-09-23",0.1,0.82,265,"1995-09-09 2020-09-20",,,,
2025-09-15,5.84,3.12,450,"1995-09-08 2024-09-22",83.58,11.07,450,"1995-09-08 2024-09-22",17.92,6.47,450,"1995-09-08 2024-09-22",25.88,9.08,450,"1995-09-08 2024-09-22",0.91,3.3,450,"1995-09-08 2024-09-22",41.57,18.36,450,"1995-09-08 2024-09-22",4.92,3.31,450,"1995-09-08 2024-09-22",2.72,3.6,450,"1995-09-08 2024-09-22",1.51,4.92,450,"1995-09-08 2024-09-22",1.37,4.78,440,"1995-09-08 2024-09-22",0.12,1.09,440,"1995-09-08 2024-09-22",0.1,0.95,266,"1995-09-08 2020-09-20",,,,
2025-09-14,5.96,3.09,450,"1995-09-07 2024-09-21",83.51,11.26,450,"1995-09-07 2024-09-21",18.19,6.43,450,"1995-09-07 2024-09-21",25.8,9.27,450,"1995-09-07 2024-09-21",1,3.32,450,"1995-09-07 2024-09-21",41.14,18.56,450,"1995-09-07 2024-09-21",5.1,3.25,450,"1995-09-07 2024-09-21",2.69,3.61,450,"1995-09-07 2024-09-21",1.58,5.03,450,"1995-09-07 2024-09-21",1.45,4.9,440,"1995-09-07 2024-09-21",0.12,1.08,440,"1995-09-07 2024-09-21",0.1,0.95,266,"1995-09-07 2020-09-20",,,,
2025-09-13,6.16,3.04,450,"1995-09-06 2024-09-20",83.4,11.34,450,"1995-09-06 2024-09-20",18.43,6.35,450,"1995-09-06 2024-09-20",25.79,9.07,450,"1995-09-06 2024-09-20",1.14,3.32,450,"1995-09-06 2024-09-20",40.99,18.55,450,"1995-09-06 2024-09-20",5.34,3.17,450,"1995-09-06 2024-09-20",2.63,3.58,450,"1995-09-06 2024-09-20",1.65,5.13,450,"1995-09-06 2024-09-20",1.52,5.01,440,"1995-09-06 2024-09-20",0.12,1.08,440,"1995-09-06 2024-09-20",0.1,0.95,266,"1995-09-06 2020-09-20",,,,
2025-09-12,6.33,3.01,450,"1995-09-05 2024-09-19",83.06,11.48,450,"1995-09-05 2024-09-19",18.81,6.32,450,"1995-09-05 2024-09-19",25.88,9.04,450,"1995-09-05 2024-09-19",1.31,3.3,450,"1995-09-05 2024-09-19",40.51,18.61,450,"1995-09-05 2024-09-19",5.56,3.18,450,"1995-09-05 2024-09-19",2.61,3.6,450,"1995-09-05 2024-09-19",1.69,5.28,450,"1995-09-05 2024-09-19",1.56,5.16,441,"1995-09-05 2024-09-19",0.11,1.08,441,"1995-09-05 2024-09-19",0.1,0.95,266,"1995-09-05 2020-09-19",,,,
2025-09-11,6.49,2.96,450,"1995-09-04 2024-09-18",82.86,11.61,450,"1995-09-04 2024-09-18",19.11,6.32,450,"1995-09-04 2024-09-18",25.77,8.84,450,"1995-09-04 2024-09-18",1.48,3.2,450,"1995-09-04 2024-09-18",40.41,18.55,450,"1995-09-04 2024-09-18",5.78,3.21,450,"1995-09-04 2024-09-18",2.66,3.61,450,"1995-09-04 2024-09-18",1.62,5.24,450,"1995-09-04 2024-09-18",1.51,5.13,441,"1995-09-04 2024-09-18",0.11,1.08,441,"1995-09-04 2024-09-18",0.1,0.95,265,"1995-09-04 2020-09-16",,,,
2025-09-10,6.62,2.92,450,"1995-09-03 2024-09-17",82.67,11.63,450,"1995-09-03 2024-09-17",19.43,6.34,450,"1995-09-03 2024-09-17",25.83,9.02,450,"1995-09-03 2024-09-17",1.64,3.16,450,"1995-09-03 2024-09-17",39.93,18.24,450,"1995-09-03 2024-09-17",5.94,3.21,450,"1995-09-03 2024-09-17",2.64,3.57,450,"1995-09-03 2024-09-17",1.58,5.2,450,"1995-09-03 2024-09-17",1.48,5.09,442,"1995-09-03 2024-09-17",0.09,1.01,442,"1995-09-03 2024-09-17",0.1,0.95,265,"1995-09-03 2020-09-16",,,,
2025-09-09,6.75,2.83,450,"1995-09-02 2024-09-16",82.51,11.48,450,"1995-09-02 2024-09-16",19.77,6.35,450,"1995-09-02 2024-09-16",26.04,9.24,450,"1995-09-02 2024-09-16",1.73,3.11,450,"1995-09-02 2024-09-16",39.37,18.28,450,"1995-09-02 2024-09-16",6.11,3.18,450,"1995-09-02 2024-09-16",2.63,3.58,450,"1995-09-02 2024-09-16",1.59,5.34,450,"1995-09-02 2024-09-16",1.5,5.24,441,"1995-09-02 2024-09-16",0.08,1,441,"1995-09-02 2024-09-16",0.1,0.9,265,"1995-09-02 2020-09-16",,,,
2025-09-08,6.93,2.77,450,"1995-09-01 2024-09-15",82.54,11.29,450,"1995-09-01 2024-09-15",19.94,6.19,450,"1995-09-01 2024-09-15",26.24,9.2,450,"1995-09-01 2024-09-15",1.86,3.09,450,"1995-09-01 2024-09-15",39.18,18.02,450,"1995-09-01 2024-09-15",6.29,3.2,450,"1995-09-01 2024-09-15",2.54,3.4,450,"1995-09-01 2024-09-15",1.6,5.35,450,"1995-09-01 2024-09-15",1.52,5.26,440,"1995-09-01 2024-09-15",0.06,0.91,440,"1995-09-01 2024-09-15",0.1,0.9,264,"1995-09-01 2018-09-14",,,,
2025-09-07,7.06,2.83,450,"1995-08-31 2024-09-14",82.5,11.23,450,"1995-08-31 2024-09-14",20.12,6.11,450,"1995-08-31 2024-09-14",26.43,9.21,450,"1995-08-31 2024-09-14",1.93,3.09,450,"1995-08-31 2024-09-14",38.9,17.82,450,"1995-08-31 2024-09-14",6.47,3.23,450,"1995-08-31 2024-09-14",2.58,3.34,450,"1995-08-31 2024-09-14",1.7,5.57,450,"1995-08-31 2024-09-14",1.61,5.49,439,"1995-08-31 2024-09-14",0.06,0.91,439,"1995-08-31 2024-09-14",0.1,0.9,264,"1995-08-31 2018-09-14",,,,
2025-09-06,7.22,2.89,450,"1995-08-30 2024-09-13",82.37,11.34,450,"1995-08-30 2024-09-13",20.36,6.07,450,"1995-08-30 2024-09-13",26.74,9.21,450,"1995-08-30 2024-09-13",2.07,3.14,450,"1995-08-30 2024-09-13",38.55,17.39,450,"1995-08-30 2024-09-13",6.67,3.24,450,"1995-08-30 2024-09-13",2.49,3.3,450,"1995-08-30 2024-09-13",1.66,5.43,450,"1995-08-30 2024-09-13",1.57,5.35,438,"1995-08-30 2024-09-13",0.06,0.92,438,"1995-08-30 2024-09-13",0.1,0.9,263,"1995-08-30 2018-09-13",,,,
2025-09-05,7.44,2.9,450,"1995-08-29 2024-09-12",82.19,11.32,450,"1995-08-29 2024-09-12",20.78,6.04,450,"1995-08-29 2024-09-12",26.86,9.26,450,"1995-08-29 2024-09-12",2.21,3.17,450,"1995-08-29 2024-09-12",37.9,17.17,450,"1995-08-29 2024-09-12",6.9,3.21,450,"1995-08-29 2024-09-12",2.43,3.28,450,"1995-08-29 2024-09-12",1.61,5.31,450,"1995-08-29 2024-09-12",1.52,5.24,436,"1995-08-29 2024-09-12",0.06,0.92,436,"1995-08-29 2024-09-12",0.1,0.9,262,"1995-08-29 2015-09-06",,,,
2025-09-04,7.53,2.9,450,"1995-08-28 2024-09-11",81.91,11.29,450,"1995-08-28 2024-09-11",21.09,5.98,450,"1995-08-28 2024-09-11",26.81,9.27,450,"1995-08-28 2024-09-11",2.31,3.12,450,"1995-08-28 2024-09-11",37.34,16.86,450,"1995-08-28 2024-09-11",7.08,3.19,450,"1995-08-28 2024-09-11",2.29,3.17,450,"1995-08-28 2024-09-11",1.48,4.94,450,"1995-08-28 2024-09-11",1.39,4.85,435,"1995-08-28 2024-09-11",0.06,0.92,435,"1995-08-28 2024-09-11",0.1,0.91,261,"1995-08-28 2015-09-06",,,,
2025-09-03,7.7,2.8,450,"1995-08-27 2024-09-10",81.83,11.16,450,"1995-08-27 2024-09-10",21.31,5.92,450,"1995-08-27 2024-09-10",26.77,9.34,450,"1995-08-27 2024-09-10",2.41,3.06,450,"1995-08-27 2024-09-10",36.96,16.54,450,"1995-08-27 2024-09-10",7.25,3.15,450,"1995-08-27 2024-09-10",2.25,3.1,450,"1995-08-27 2024-09-10",1.47,4.93,450,"1995-08-27 2024-09-10",1.37,4.83,437,"1995-08-27 2024-09-10",0.06,0.92,437,"1995-08-27 2024-09-10",0.1,0.9,260,"1995-08-27 2015-09-06",,,,
2025-09-02,7.84,2.79,450,"1995-08-26 2024-09-09",81.66,11.18,450,"1995-08-26 2024-09-09",21.61,5.78,450,"1995-08-26 2024-09-09",26.68,9.2,450,"1995-08-26 2024-09-09",2.53,3.05,450,"1995-08-26 2024-09-09",36.47,16.23,450,"1995-08-26 2024-09-09",7.42,3.14,450,"1995-08-26 2024-09-09",2.12,2.93,450,"1995-08-26 2024-09-09",1.31,3.93,450,"1995-08-26 2024-09-09",1.25,3.82,439,"1995-08-26 2024-09-09",0.03,0.57,439,"1995-08-26 2024-09-09",0.1,0.79,259,"1995-08-26 2015-09-06",,,,
2025-09-01,7.98,2.75,450,"1995-08-25 2024-09-08",81.59,11.12,450,"1995-08-25 2024-09-08",21.88,5.56,450,"1995-08-25 2024-09-08",26.62,9.09,450,"1995-08-25 2024-09-08",2.65,3.05,450,"1995-08-25 2024-09-08",35.97,15.62,450,"1995-08-25 2024-09-08",7.56,3.09,450,"1995-08-25 2024-09-08",2.04,2.88,450,"1995-08-25 2024-09-08",1.28,3.91,450,"1995-08-25 2024-09-08",1.24,3.81,441,"1995-08-25 2024-09-08",0.03,0.56,441,"1995-08-25 2024-09-08",0,0.5,258,"1995-08-25 2015-09-06",,,,
2025-08-31,8.14,2.75,450,"1995-08-24 2024-09-07",81.85,11.09,450,"1995-08-24 2024-09-07",22.01,5.54,450,"1995-08-24 2024-09-07",26.71,9.08,450,"1995-08-24 2024-09-07",2.77,3.03,450,"1995-08-24 2024-09-07",35.97,15.61,450,"1995-08-24 2024-09-07",7.71,2.98,450,"1995-08-24 2024-09-07",2.05,2.98,450,"1995-08-24 2024-09-07",1.28,3.95,450,"1995-08-24 2024-09-07",1.26,3.97,441,"1995-08-24 2024-09-07",0,0,441,"1995-08-24 2024-09-07",0,0,257,"1995-08-24 2015-09-06",,,,
2025-08-30,8.37,2.73,450,"1995-08-23 2024-09-06",82.06,10.93,450,"1995-08-23 2024-09-06",22.11,5.48,450,"1995-08-23 2024-09-06",27.04,9.05,450,"1995-08-23 2024-09-06",2.94,2.95,450,"1995-08-23 2024-09-06",36.13,15.53,450,"1995-08-23 2024-09-06",7.85,2.94,450,"1995-08-23 2024-09-06",2.1,3.07,450,"1995-08-23 2024-09-06",1.23,3.8,450,"1995-08-23 2024-09-06",1.21,3.82,441,"1995-08-23 2024-09-06",0,0,441,"1995-08-23 2024-09-06",0,0,257,"1995-08-23 2015-09-06",,,,
2025-08-29,8.54,2.73,450,"1995-08-22 2024-09-05",81.94,10.95,450,"1995-08-22 2024-09-05",22.29,5.41,450,"1995-08-22 2024-09-05",27.06,9.09,450,"1995-08-22 2024-09-05",3.15,2.97,450,"1995-08-22 2024-09-05",36.17,15.48,450,"1995-08-22 2024-09-05",8.06,2.87,450,"1995-08-22 2024-09-05",2.1,3.06,450,"1995-08-22 2024-09-05",1.26,3.84,450,"1995-08-22 2024-09-05",1.24,3.86,441,"1995-08-22 2024-09-05",0,0,441,"1995-08-22 2024-09-05",0,0,256,"1995-08-22 2015-09-05",,,,
2025-08-28,8.71,2.81,450,"1995-08-21 2024-09-04",82.14,10.81,450,"1995-08-21 2024-09-04",22.5,5.33,450,"1995-08-21 2024-09-04",27.06,9.08,450,"1995-08-21 2024-09-04",3.26,2.99,450,"1995-08-21 2024-09-04",36.02,15.4,450,"1995-08-21 2024-09-04",8.18,2.82,450,"1995-08-21 2024-09-04",2.05,3.01,450,"1995-08-21 2024-09-04",1.28,3.99,450,"1995-08-21 2024-09-04",1.26,4.02,440,"1995-08-21 2024-09-04",0,0,440,"1995-08-21 2024-09-04",0,0,255,"1995-08-21 2011-09-04",,,,
2025-08-27,8.86,2.85,450,"1995-08-20 2024-09-03",82.08,10.63,450,"1995-08-20 2024-09-03",22.69,5.11,450,"1995-08-20 2024-09-03",26.99,9.03,450,"1995-08-20 2024-09-03",3.43,3.06,450,"1995-08-20 2024-09-03",35.77,14.89,450,"1995-08-20 2024-09-03",8.32,2.77,450,"1995-08-20 2024-09-03",2,2.94,450,"1995-08-20 2024-09-03",1.27,4,450,"1995-08-20 2024-09-03",1.25,4.03,441,"1995-08-20 2024-09-03",0,0,441,"1995-08-20 2024-09-03",0,0,255,"1995-08-20 2011-09-03",,,,
2025-08-26,9.03,2.9,450,"1995-08-19 2024-09-02",82.22,10.5,450,"1995-08-19 2024-09-02",22.78,4.97,450,"1995-08-19 2024-09-02",26.71,8.74,450,"1995-08-19 2024-09-02",3.54,3.07,450,"1995-08-19 2024-09-02",35.68,14.65,450,"1995-08-19 2024-09-02",8.45,2.79,450,"1995-08-19 2024-09-02",2.01,2.94,450,"1995-08-19 2024-09-02",1.22,3.97,450,"1995-08-19 2024-09-02",1.2,3.99,441,"1995-08-19 2024-09-02",0,0,441,"1995-08-19 2024-09-02",0,0,255,"1995-08-19 2011-09-02",,,,
2025-08-25,9.22,2.87,450,"1995-08-18 2024-09-01",82.36,10.47,450,"1995-08-18 2024-09-01",22.94,4.94,450,"1995-08-18 2024-09-01",26.6,8.46,450,"1995-08-18 2024-09-01",3.66,3.05,450,"1995-08-18 2024-09-01",35.63,14.4,450,"1995-08-18 2024-09-01",8.57,2.78,450,"1995-08-18 2024-09-01",2,2.91,450,"1995-08-18 2024-09-01",1.15,3.7,450,"1995-08-18 2024-09-01",1.13,3.72,443,"1995-08-18 2024-09-01",0,0,443,"1995-08-18 2024-09-01",0,0,255,"1995-08-18 2011-09-01",,,,
2025-08-24,9.37,2.85,450,"1995-08-17 2024-08-31",82.63,10.36,450,"1995-08-17 2024-08-31",23.08,4.98,450,"1995-08-17 2024-08-31",26.5,8.44,450,"1995-08-17 2024-08-31",3.86,3.05,450,"1995-08-17 2024-08-31",35.82,14.68,450,"1995-08-17 2024-08-31",8.67,2.8,450,"1995-08-17 2024-08-31",1.96,2.89,450,"1995-08-17 2024-08-31",1.26,4.04,450,"1995-08-17 2024-08-31",1.25,4.06,443,"1995-08-17 2024-08-31",0,0,443,"1995-08-17 2024-08-31",0,0,255,"1995-08-17 2011-08-31",,,,
2025-08-23,9.55,2.87,450,"1995-08-16 2024-08-30",82.95,10.28,450,"1995-08-16 2024-08-30",23.16,4.92,450,"1995-08-16 2024-08-30",26.45,8.3,450,"1995-08-16 2024-08-30",4.08,3.09,450,"1995-08-16 2024-08-30",36.08,14.63,450,"1995-08-16 2024-08-30",8.81,2.79,450,"1995-08-16 2024-08-30",1.88,2.83,450,"1995-08-16 2024-08-30",1.22,3.83,450,"1995-08-16 2024-08-30",1.22,3.85,444,"1995-08-16 2024-08-30",0,0,444,"1995-08-16 2024-08-30",0,0,255,"1995-08-16 2011-08-30",,,,
2025-08-22,9.69,2.88,450,"1995-08-15 2024-08-29",83.13,10.24,450,"1995-08-15 2024-08-29",23.2,4.95,450,"1995-08-15 2024-08-29",26.38,8.16,450,"1995-08-15 2024-08-29",4.23,3.12,450,"1995-08-15 2024-08-29",36.45,14.96,450,"1995-08-15 2024-08-29",8.94,2.81,450,"1995-08-15 2024-08-29",1.91,2.83,450,"1995-08-15 2024-08-29",1.35,4.18,450,"1995-08-15 2024-08-29",1.35,4.19,445,"1995-08-15 2024-08-29",0,0,445,"1995-08-15 2024-08-29",0,0,255,"1995-08-15 2011-08-29",,,,
2025-08-21,9.8,2.93,450,"1995-08-14 2024-08-28",83.25,10.26,450,"1995-08-14 2024-08-28",23.26,4.93,450,"1995-08-14 2024-08-28",26.4,8.32,450,"1995-08-14 2024-08-28",4.36,3.19,450,"1995-08-14 2024-08-28",36.72,15.16,450,"1995-08-14 2024-08-28",9.02,2.82,450,"1995-08-14 2024-08-28",1.9,2.83,450,"1995-08-14 2024-08-28",1.42,4.26,450,"1995-08-14 2024-08-28",1.43,4.28,447,"1995-08-14 2024-08-28",0,0,447,"1995-08-14 2024-08-28",0,0,255,"1995-08-14 2011-08-28",,,,
2025-08-20,9.97,2.9,450,"1995-08-13 2024-08-27",83.69,10.16,450,"1995-08-13 2024-08-27",23.37,4.96,450,"1995-08-13 2024-08-27",26.3,8.38,450,"1995-08-13 2024-08-27",4.53,3.23,450,"1995-08-13 2024-08-27",36.88,15.34,450,"1995-08-13 2024-08-27",9.11,2.78,450,"1995-08-13 2024-08-27",1.91,2.88,450,"1995-08-13 2024-08-27",1.44,4.2,450,"1995-08-13 2024-08-27",1.44,4.21,448,"1995-08-13 2024-08-27",0,0,448,"1995-08-13 2024-08-27",0,0,255,"1995-08-13 2011-08-27",,,,
2025-08-19,10.12,2.88,450,"1995-08-12 2024-08-26",84,10.17,450,"1995-08-12 2024-08-26",23.35,4.95,450,"1995-08-12 2024-08-26",26.21,8.23,450,"1995-08-12 2024-08-26",4.75,3.21,450,"1995-08-12 2024-08-26",37.57,15.67,450,"1995-08-12 2024-08-26",9.24,2.78,450,"1995-08-12 2024-08-26",1.85,2.84,450,"1995-08-12 2024-08-26",1.52,4.26,450,"1995-08-12 2024-08-26",1.52,4.27,448,"1995-08-12 2024-08-26",0,0,448,"1995-08-12 2024-08-26",0,0,255,"1995-08-12 2011-08-26",,,,
2025-08-18,10.31,2.88,450,"1995-08-11 2024-08-25",84.34,9.94,450,"1995-08-11 2024-08-25",23.32,4.96,450,"1995-08-11 2024-08-25",26.36,8.31,450,"1995-08-11 2024-08-25",4.93,3.22,450,"1995-08-11 2024-08-25",38.21,15.73,450,"1995-08-11 2024-08-25",9.36,2.82,450,"1995-08-11 2024-08-25",1.88,2.82,450,"1995-08-11 2024-08-25",1.64,4.87,450,"1995-08-11 2024-08-25",1.64,4.88,448,"1995-08-11 2024-08-25",0,0,448,"1995-08-11 2024-08-25",0,0,255,"1995-08-11 2011-08-25",,,,
2025-08-17,10.49,2.83,450,"1995-08-10 2024-08-24",84.5,9.94,450,"1995-08-10 2024-08-24",23.31,5.05,450,"1995-08-10 2024-08-24",26.43,8.24,450,"1995-08-10 2024-08-24",5.1,3.2,450,"1995-08-10 2024-08-24",38.88,16.14,450,"1995-08-10 2024-08-24",9.51,2.85,450,"1995-08-10 2024-08-24",1.89,2.85,450,"1995-08-10 2024-08-24",1.71,4.9,450,"1995-08-10 2024-08-24",1.71,4.91,448,"1995-08-10 2024-08-24",0,0,448,"1995-08-10 2024-08-24",0,0,255,"1995-08-10 2011-08-24",,,,
2025-08-16,10.55,2.84,450,"1995-08-09 2024-08-23",84.47,9.87,450,"1995-08-09 2024-08-23",23.45,5.06,450,"1995-08-09 2024-08-23",26.23,8.1,450,"1995-08-09 2024-08-23",5.25,3.2,450,"1995-08-09 2024-08-23",38.88,16.23,450,"1995-08-09 2024-08-23",9.62,2.84,450,"1995-08-09 2024-08-23",1.94,2.84,450,"1995-08-09 2024-08-23",1.72,4.87,450,"1995-08-09 2024-08-23",1.72,4.88,448,"1995-08-09 2024-08-23",0,0,448,"1995-08-09 2024-08-23",0,0,255,"1995-08-09 2011-08-23",,,,
2025-08-15,10.65,2.84,450,"1995-08-08 2024-08-22",84.66,9.86,450,"1995-08-08 2024-08-22",23.45,5.01,450,"1995-08-08 2024-08-22",25.98,8.12,450,"1995-08-08 2024-08-22",5.44,3.22,450,"1995-08-08 2024-08-22",39.37,16.27,450,"1995-08-08 2024-08-22",9.72,2.85,450,"1995-08-08 2024-08-22",1.87,2.71,450,"1995-08-08 2024-08-22",1.79,4.95,450,"1995-08-08 2024-08-22",1.79,4.96,448,"1995-08-08 2024-08-22",0,0,448,"1995-08-08 2024-08-22",0,0,255,"1995-08-08 2011-08-22",,,,
2025-08-14,10.81,2.83,450,"1995-08-07 2024-08-21",84.86,9.83,450,"1995-08-07 2024-08-21",23.53,4.93,450,"1995-08-07 2024-08-21",26.07,8.1,450,"1995-08-07 2024-08-21",5.6,3.21,450,"1995-08-07 2024-08-21",39.49,15.98,450,"1995-08-07 2024-08-21",9.84,2.87,450,"1995-08-07 2024-08-21",1.93,2.72,450,"1995-08-07 2024-08-21",1.76,4.85,450,"1995-08-07 2024-08-21",1.77,4.87,447,"1995-08-07 2024-08-21",0,0,447,"1995-08-07 2024-08-21",0,0,255,"1995-08-07 2011-08-21",,,,
2025-08-13,10.92,2.76,450,"1995-08-06 2024-08-20",84.95,9.79,450,"1995-08-06 2024-08-20",23.57,4.92,450,"1995-08-06 2024-08-20",26.21,8.23,450,"1995-08-06 2024-08-20",5.77,3.18,450,"1995-08-06 2024-08-20",39.82,16.04,450,"1995-08-06 2024-08-20",9.97,2.81,450,"1995-08-06 2024-08-20",1.93,2.71,450,"1995-08-06 2024-08-20",1.8,4.77,450,"1995-08-06 2024-08-20",1.79,4.78,447,"1995-08-06 2024-08-20",0,0,447,"1995-08-06 2024-08-20",0,0,255,"1995-08-06 2011-08-20",,,,
2025-08-12,11.06,2.72,450,"1995-08-05 2024-08-19",85.16,9.6,450,"1995-08-05 2024-08-19",23.65,4.98,450,"1995-08-05 2024-08-19",26.28,8.25,450,"1995-08-05 2024-08-19",5.93,3.15,450,"1995-08-05 2024-08-19",40.15,16.22,450,"1995-08-05 2024-08-19",10.06,2.8,450,"1995-08-05 2024-08-19",1.99,2.73,450,"1995-08-05 2024-08-19",2.07,5.54,450,"1995-08-05 2024-08-19",2.06,5.55,447,"1995-08-05 2024-08-19",0,0,447,"1995-08-05 2024-08-19",0,0,255,"1995-08-05 2011-08-19",,,,
2025-08-11,11.18,2.61,450,"1995-08-04 2024-08-18",85.37,9.46,450,"1995-08-04 2024-08-18",23.66,5.03,450,"1995-08-04 2024-08-18",26.41,8.38,450,"1995-08-04 2024-08-18",6.09,3.09,450,"1995-08-04 2024-08-18",40.54,16.23,450,"1995-08-04 2024-08-18",10.17,2.71,450,"1995-08-04 2024-08-18",1.98,2.72,450,"1995-08-04 2024-08-18",2.19,5.66,450,"1995-08-04 2024-08-18",2.17,5.67,446,"1995-08-04 2024-08-18",0,0,447,"1995-08-04 2024-08-18",0,0,255,"1995-08-04 2011-08-18",,,,
2025-08-10,11.28,2.63,450,"1995-08-03 2024-08-17",85.62,9.27,450,"1995-08-03 2024-08-17",23.61,5.01,450,"1995-08-03 2024-08-17",26.52,8.59,450,"1995-08-03 2024-08-17",6.26,3.03,450,"1995-08-03 2024-08-17",41.18,16.18,450,"1995-08-03 2024-08-17",10.26,2.69,450,"1995-08-03 2024-08-17",2.05,2.78,450,"1995-08-03 2024-08-17",2.35,5.82,450,"1995-08-03 2024-08-17",2.33,5.84,446,"1995-08-03 2024-08-17",0,0,447,"1995-08-03 2024-08-17",0,0,255,"1995-08-03 2011-08-17",,,,
2025-08-09,11.38,2.64,450,"1995-08-02 2024-08-16",85.6,9.17,450,"1995-08-02 2024-08-16",23.69,4.9,450,"1995-08-02 2024-08-16",26.6,8.58,450,"1995-08-02 2024-08-16",6.31,3.07,450,"1995-08-02 2024-08-16",41.16,15.92,450,"1995-08-02 2024-08-16",10.35,2.71,450,"1995-08-02 2024-08-16",2.1,2.82,450,"1995-08-02 2024-08-16",2.36,5.81,450,"1995-08-02 2024-08-16",2.34,5.83,447,"1995-08-02 2024-08-16",0,0,448,"1995-08-02 2024-08-16",0,0,255,"1995-08-02 2011-08-16",,,,
2025-08-08,11.43,2.63,450,"1995-08-01 2024-08-15",85.54,9.16,450,"1995-08-01 2024-08-15",23.84,4.9,450,"1995-08-01 2024-08-15",26.77,8.74,450,"1995-08-01 2024-08-15",6.36,3.07,450,"1995-08-01 2024-08-15",40.95,15.76,450,"1995-08-01 2024-08-15",10.41,2.72,450,"1995-08-01 2024-08-15",2.19,2.91,450,"1995-08-01 2024-08-15",2.31,5.77,450,"1995-08-01 2024-08-15",2.29,5.79,447,"1995-08-01 2024-08-15",0,0,448,"1995-08-01 2024-08-15",0,0,255,"1995-08-01 2011-08-15",,,,
2025-08-07,11.52,2.72,450,"1995-07-31 2024-08-14",85.4,9.05,450,"1995-07-31 2024-08-14",24,4.8,450,"1995-07-31 2024-08-14",26.81,8.75,450,"1995-07-31 2024-08-14",6.36,3.14,450,"1995-07-31 2024-08-14",40.56,15.42,450,"1995-07-31 2024-08-14",10.46,2.72,450,"1995-07-31 2024-08-14",2.12,2.88,450,"1995-07-31 2024-08-14",2.22,5.63,450,"1995-07-31 2024-08-14",2.2,5.64,447,"1995-07-31 2024-08-14",0,0,448,"1995-07-31 2024-08-14",0,0,255,"1995-07-31 2011-08-14",,,,
2025-08-06,11.63,2.7,450,"1995-07-30 2024-08-13",85.51,8.88,450,"1995-07-30 2024-08-13",24.1,4.78,450,"1995-07-30 2024-08-13",27.16,8.78,450,"1995-07-30 2024-08-13",6.39,3.17,450,"1995-07-30 2024-08-13",40.34,15.21,450,"1995-07-30 2024-08-13",10.54,2.73,450,"1995-07-30 2024-08-13",2.15,2.89,450,"1995-07-30 2024-08-13",2.18,5.69,450,"1995-07-30 2024-08-13",2.16,5.7,447,"1995-07-30 2024-08-13",0,0,448,"1995-07-30 2024-08-13",0,0,255,"1995-07-30 2011-08-13",,,,
2025-08-05,11.73,2.7,450,"1995-07-29 2024-08-12",85.43,8.72,450,"1995-07-29 2024-08-12",24.16,4.72,450,"1995-07-29 2024-08-12",27.4,8.83,450,"1995-07-29 2024-08-12",6.45,3.2,450,"1995-07-29 2024-08-12",40.3,14.96,450,"1995-07-29 2024-08-12",10.63,2.73,450,"1995-07-29 2024-08-12",2.14,2.82,450,"1995-07-29 2024-08-12",2.16,5.71,450,"1995-07-29 2024-08-12",2.11,5.7,445,"1995-07-29 2024-08-12",0,0,446,"1995-07-29 2024-08-12",0,0,255,"1995-07-29 2011-08-12",,,,
2025-08-04,11.79,2.73,450,"1995-07-28 2024-08-11",85.21,8.71,450,"1995-07-28 2024-08-11",24.29,4.66,450,"1995-07-28 2024-08-11",27.36,8.83,450,"1995-07-28 2024-08-11",6.46,3.25,450,"1995-07-28 2024-08-11",40,14.66,450,"1995-07-28 2024-08-11",10.68,2.75,450,"1995-07-28 2024-08-11",2.15,2.86,450,"1995-07-28 2024-08-11",2.09,5.69,450,"1995-07-28 2024-08-11",2.04,5.68,445,"1995-07-28 2024-08-11",0,0,446,"1995-07-28 2024-08-11",0,0,255,"1995-07-28 2011-08-11",,,,
2025-08-03,11.81,2.71,450,"1995-07-27 2024-08-10",85.15,8.67,450,"1995-07-27 2024-08-10",24.42,4.64,450,"1995-07-27 2024-08-10",27.34,8.84,450,"1995-07-27 2024-08-10",6.46,3.28,450,"1995-07-27 2024-08-10",39.58,14.46,450,"1995-07-27 2024-08-10",10.68,2.74,450,"1995-07-27 2024-08-10",2.16,2.86,450,"1995-07-27 2024-08-10",1.96,5.16,450,"1995-07-27 2024-08-10",1.91,5.14,445,"1995-07-27 2024-08-10",0,0,446,"1995-07-27 2024-08-10",0,0,255,"1995-07-27 2011-08-10",,,,
2025-08-02,11.82,2.76,450,"1995-07-26 2024-08-09",85.2,8.66,450,"1995-07-26 2024-08-09",24.5,4.48,450,"1995-07-26 2024-08-09",27.43,8.81,450,"1995-07-26 2024-08-09",6.51,3.31,450,"1995-07-26 2024-08-09",39.31,13.82,450,"1995-07-26 2024-08-09",10.7,2.72,450,"1995-07-26 2024-08-09",2.14,2.87,450,"1995-07-26 2024-08-09",1.93,5.15,450,"1995-07-26 2024-08-09",1.88,5.13,445,"1995-07-26 2024-08-09",0,0,446,"1995-07-26 2024-08-09",0,0,255,"1995-07-26 2011-08-09",,,,
2025-08-01,11.9,2.72,450,"1995-07-25 2024-08-08",85.17,8.8,450,"1995-07-25 2024-08-08",24.46,4.44,450,"1995-07-25 2024-08-08",27.59,8.89,450,"1995-07-25 2024-08-08",6.53,3.31,450,"1995-07-25 2024-08-08",39.47,13.54,450,"1995-07-25 2024-08-08",10.76,2.72,450,"1995-07-25 2024-08-08",2.14,2.93,450,"1995-07-25 2024-08-08",1.92,5.04,450,"1995-07-25 2024-08-08",1.87,5.02,445,"1995-07-25 2024-08-08",0,0,446,"1995-07-25 2024-08-08",0,0,255,"1995-07-25 2011-08-08",,,,
2025-07-31,11.94,2.74,450,"1995-07-24 2024-08-07",85.15,8.69,450,"1995-07-24 2024-08-07",24.57,4.4,450,"1995-07-24 2024-08-07",27.8,8.79,450,"1995-07-24 2024-08-07",6.49,3.37,450,"1995-07-24 2024-08-07",39.15,13.47,450,"1995-07-24 2024-08-07",10.82,2.74,450,"1995-07-24 2024-08-07",2.27,3.01,450,"1995-07-24 2024-08-07",1.93,5.02,450,"1995-07-24 2024-08-07",1.88,5,445,"1995-07-24 2024-08-05",0,0,446,"1995-07-24 2024-08-05",0,0,256,"1995-07-24 2019-07-24",,,,
2025-07-30,11.99,2.76,450,"1995-07-23 2024-08-06",85.25,8.38,450,"1995-07-23 2024-08-06",24.68,4.42,450,"1995-07-23 2024-08-06",28.03,8.85,450,"1995-07-23 2024-08-06",6.44,3.41,450,"1995-07-23 2024-08-06",38.82,13.53,450,"1995-07-23 2024-08-06",10.87,2.73,450,"1995-07-23 2024-08-06",2.22,3,450,"1995-07-23 2024-08-06",1.91,5.1,450,"1995-07-23 2024-08-06",1.86,5.08,446,"1995-07-23 2024-08-05",0,0,447,"1995-07-23 2024-08-05",0,0,257,"1995-07-23 2019-07-24",,,,
2025-07-29,12.03,2.78,450,"1995-07-22 2024-08-05",85.13,8.44,450,"1995-07-22 2024-08-05",24.72,4.39,450,"1995-07-22 2024-08-05",28.01,8.84,450,"1995-07-22 2024-08-05",6.44,3.46,450,"1995-07-22 2024-08-05",38.76,13.31,450,"1995-07-22 2024-08-05",10.91,2.73,450,"1995-07-22 2024-08-05",2.32,3.14,450,"1995-07-22 2024-08-05",1.81,4.93,450,"1995-07-22 2024-08-05",1.77,4.9,447,"1995-07-22 2024-08-05",0,0,448,"1995-07-22 2024-08-05",0,0,258,"1995-07-22 2019-07-24",,,,
2025-07-28,12.05,2.75,450,"1995-07-21 2024-08-04",85.14,8.51,450,"1995-07-21 2024-08-04",24.77,4.33,450,"1995-07-21 2024-08-04",28.13,8.92,450,"1995-07-21 2024-08-04",6.41,3.47,450,"1995-07-21 2024-08-04",38.45,13.04,450,"1995-07-21 2024-08-04",10.91,2.72,450,"1995-07-21 2024-08-04",2.32,3.15,450,"1995-07-21 2024-08-04",1.52,3.99,450,"1995-07-21 2024-08-04",1.48,3.94,447,"1995-07-21 2024-08-04",0,0,448,"1995-07-21 2024-08-04",0,0,259,"1995-07-21 2019-07-24",,,,
2025-07-27,12.06,2.79,450,"1995-07-20 2024-08-03",85,8.68,450,"1995-07-20 2024-08-03",24.86,4.21,450,"1995-07-20 2024-08-03",28.34,8.95,450,"1995-07-20 2024-08-03",6.38,3.53,450,"1995-07-20 2024-08-03",38.28,13.1,450,"1995-07-20 2024-08-03",10.92,2.73,450,"1995-07-20 2024-08-03",2.35,3.15,450,"1995-07-20 2024-08-03",1.44,3.83,450,"1995-07-20 2024-08-03",1.41,3.78,448,"1995-07-20 2024-08-03",0,0,448,"1995-07-20 2024-08-03",0,0,260,"1995-07-20 2019-07-24",,,,
2025-07-26,12.11,2.78,450,"1995-07-19 2024-08-02",84.96,8.72,450,"1995-07-19 2024-08-02",24.87,4.1,450,"1995-07-19 2024-08-02",28.28,8.83,450,"1995-07-19 2024-08-02",6.38,3.55,450,"1995-07-19 2024-08-02",38.16,12.99,450,"1995-07-19 2024-08-02",10.94,2.72,450,"1995-07-19 2024-08-02",2.28,3.14,450,"1995-07-19 2024-08-02",1.4,3.98,450,"1995-07-19 2024-08-02",1.37,3.94,447,"1995-07-19 2024-08-02",0,0,447,"1995-07-19 2024-08-02",0,0,261,"1995-07-19 2019-07-24",,,,
2025-07-25,12.18,2.84,450,"1995-07-18 2024-08-01",85.08,8.75,450,"1995-07-18 2024-08-01",24.86,4.13,450,"1995-07-18 2024-08-01",28.31,8.73,450,"1995-07-18 2024-08-01",6.43,3.52,450,"1995-07-18 2024-08-01",38.32,13.06,450,"1995-07-18 2024-08-01",10.97,2.67,450,"1995-07-18 2024-08-01",2.29,3.15,450,"1995-07-18 2024-08-01",1.31,3.67,450,"1995-07-18 2024-08-01",1.29,3.62,446,"1995-07-18 2024-08-01",0,0,446,"1995-07-18 2024-08-01",0,0,262,"1995-07-18 2019-07-24",,,,
2025-07-24,12.26,2.82,450,"1995-07-17 2024-07-31",85.1,8.85,450,"1995-07-17 2024-07-31",24.8,4.07,450,"1995-07-17 2024-07-31",28.31,8.81,450,"1995-07-17 2024-07-31",6.46,3.54,450,"1995-07-17 2024-07-31",38.69,13.22,450,"1995-07-17 2024-07-31",10.98,2.65,450,"1995-07-17 2024-07-31",2.33,3.13,450,"1995-07-17 2024-07-31",1.39,3.76,450,"1995-07-17 2024-07-31",1.37,3.72,445,"1995-07-17 2024-07-31",0,0,445,"1995-07-17 2024-07-31",0,0,263,"1995-07-17 2019-07-24",,,,
2025-07-23,12.31,2.75,450,"1995-07-16 2024-07-30",85.36,8.91,450,"1995-07-16 2024-07-30",24.7,4.08,450,"1995-07-16 2024-07-30",28.22,8.82,450,"1995-07-16 2024-07-30",6.54,3.5,450,"1995-07-16 2024-07-30",39.11,13.39,450,"1995-07-16 2024-07-30",10.98,2.69,450,"1995-07-16 2024-07-30",2.44,3.14,450,"1995-07-16 2024-07-30",1.45,3.84,450,"1995-07-16 2024-07-30",1.43,3.81,444,"1995-07-16 2024-07-30",0,0,444,"1995-07-16 2024-07-30",0,0,264,"1995-07-16 2019-07-24",,,,
2025-07-22,12.29,2.77,450,"1995-07-15 2024-07-29",85.36,9.11,450,"1995-07-15 2024-07-29",24.55,4.17,450,"1995-07-15 2024-07-29",27.94,8.68,450,"1995-07-15 2024-07-29",6.55,3.47,450,"1995-07-15 2024-07-29",39.62,13.78,450,"1995-07-15 2024-07-29",10.95,2.69,450,"1995-07-15 2024-07-29",2.45,3.12,450,"1995-07-15 2024-07-29",1.58,4.22,450,"1995-07-15 2024-07-29",1.56,4.2,444,"1995-07-15 2024-07-29",0,0,444,"1995-07-15 2024-07-29",0,0,265,"1995-07-15 2019-07-24",,,,
2025-07-21,12.24,2.77,450,"1995-07-14 2024-07-28",85.43,9.12,450,"1995-07-14 2024-07-28",24.41,4.16,450,"1995-07-14 2024-07-28",27.96,8.52,450,"1995-07-14 2024-07-28",6.53,3.43,450,"1995-07-14 2024-07-28",39.86,13.89,450,"1995-07-14 2024-07-28",10.91,2.69,450,"1995-07-14 2024-07-28",2.48,3.15,450,"1995-07-14 2024-07-28",1.67,4.49,450,"1995-07-14 2024-07-28",1.69,4.51,445,"1995-07-14 2024-07-28",0,0,445,"1995-07-14 2024-07-28",0,0,266,"1995-07-14 2019-07-24",,,,
2025-07-20,12.28,2.76,450,"1995-07-13 2024-07-27",85.67,8.94,450,"1995-07-13 2024-07-27",24.34,4.21,450,"1995-07-13 2024-07-27",28.34,8.72,450,"1995-07-13 2024-07-27",6.54,3.43,450,"1995-07-13 2024-07-27",40.02,13.91,450,"1995-07-13 2024-07-27",10.93,2.67,450,"1995-07-13 2024-07-27",2.54,3.12,450,"1995-07-13 2024-07-27",1.82,4.64,450,"1995-07-13 2024-07-27",1.84,4.67,445,"1995-07-13 2024-07-27",0,0,445,"1995-07-13 2024-07-27",0,0,266,"1995-07-13 2019-07-24",,,,
2025-07-19,12.35,2.77,450,"1995-07-12 2024-07-26",85.64,8.94,450,"1995-07-12 2024-07-26",24.36,4.15,450,"1995-07-12 2024-07-26",28.33,8.71,450,"1995-07-12 2024-07-26",6.54,3.43,450,"1995-07-12 2024-07-26",40.11,13.83,450,"1995-07-12 2024-07-26",10.99,2.67,450,"1995-07-12 2024-07-26",2.55,3.13,450,"1995-07-12 2024-07-26",1.81,4.64,450,"1995-07-12 2024-07-26",1.83,4.66,445,"1995-07-12 2024-07-26",0,0,445,"1995-07-12 2024-07-26",0,0,267,"1995-07-12 2019-07-24",,,,
2025-07-18,12.4,2.78,450,"1995-07-11 2024-07-25",85.59,8.88,450,"1995-07-11 2024-07-25",24.3,4.19,450,"1995-07-11 2024-07-25",28.27,8.59,450,"1995-07-11 2024-07-25",6.5,3.44,450,"1995-07-11 2024-07-25",40.32,13.98,450,"1995-07-11 2024-07-25",11.02,2.68,450,"1995-07-11 2024-07-25",2.57,3.12,450,"1995-07-11 2024-07-25",1.96,5.07,450,"1995-07-11 2024-07-25",1.97,5.09,445,"1995-07-11 2024-07-25",0,0,445,"1995-07-11 2024-07-25",0,0,268,"1995-07-11 2019-07-24",,,,
2025-07-17,12.48,2.76,450,"1995-07-10 2024-07-24",85.66,8.71,450,"1995-07-10 2024-07-24",24.34,4.19,450,"1995-07-10 2024-07-24",28.2,8.46,450,"1995-07-10 2024-07-24",6.51,3.42,450,"1995-07-10 2024-07-24",40.29,13.99,450,"1995-07-10 2024-07-24",11,2.71,450,"1995-07-10 2024-07-24",2.51,2.98,450,"1995-07-10 2024-07-24",1.96,5.06,450,"1995-07-10 2024-07-24",1.97,5.08,445,"1995-07-10 2024-07-24",0,0,445,"1995-07-10 2024-07-24",0,0,270,"1995-07-10 2019-07-24",,,,
2025-07-16,12.51,2.78,450,"1995-07-09 2024-07-23",85.58,8.8,450,"1995-07-09 2024-07-23",24.39,4.16,450,"1995-07-09 2024-07-23",28.32,8.47,450,"1995-07-09 2024-07-23",6.58,3.37,450,"1995-07-09 2024-07-23",40.31,13.67,450,"1995-07-09 2024-07-23",11.01,2.69,450,"1995-07-09 2024-07-23",2.48,2.94,450,"1995-07-09 2024-07-23",1.97,5.18,450,"1995-07-09 2024-07-23",1.99,5.21,445,"1995-07-09 2024-07-23",0,0,445,"1995-07-09 2024-07-23",0,0,271,"1995-07-09 2019-07-23",,,,
2025-07-15,12.49,2.8,450,"1995-07-08 2024-07-22",85.42,9.06,450,"1995-07-08 2024-07-22",24.26,4.14,450,"1995-07-08 2024-07-22",28.11,8.61,450,"1995-07-08 2024-07-22",6.59,3.32,450,"1995-07-08 2024-07-22",40.71,13.69,450,"1995-07-08 2024-07-22",10.96,2.68,450,"1995-07-08 2024-07-22",2.48,2.99,450,"1995-07-08 2024-07-22",2.04,5.19,450,"1995-07-08 2024-07-22",2.06,5.22,444,"1995-07-08 2024-07-22",0,0,444,"1995-07-08 2024-07-22",0,0,272,"1995-07-08 2019-07-22",,,,
2025-07-14,12.48,2.78,450,"1995-07-07 2024-07-21",85.66,8.98,450,"1995-07-07 2024-07-21",24.13,4.12,450,"1995-07-07 2024-07-21",28.19,8.53,450,"1995-07-07 2024-07-21",6.55,3.3,450,"1995-07-07 2024-07-21",40.96,13.83,450,"1995-07-07 2024-07-21",10.89,2.68,450,"1995-07-07 2024-07-21",2.44,2.87,450,"1995-07-07 2024-07-21",2.16,5.32,450,"1995-07-07 2024-07-21",2.18,5.35,444,"1995-07-07 2024-07-21",0,0,444,"1995-07-07 2024-07-21",0,0,273,"1995-07-07 2019-07-21",,,,
2025-07-13,12.48,2.8,450,"1995-07-06 2024-07-20",85.71,8.98,450,"1995-07-06 2024-07-20",23.98,4.12,450,"1995-07-06 2024-07-20",28.22,8.58,450,"1995-07-06 2024-07-20",6.49,3.34,450,"1995-07-06 2024-07-20",41.47,14.05,450,"1995-07-06 2024-07-20",10.83,2.77,450,"1995-07-06 2024-07-20",2.41,2.85,450,"1995-07-06 2024-07-20",2.32,5.52,450,"1995-07-06 2024-07-20",2.35,5.56,443,"1995-07-06 2024-07-20",0,0,443,"1995-07-06 2024-07-20",0,0,274,"1995-07-06 2019-07-20",,,,
2025-07-12,12.4,2.87,450,"1995-07-05 2024-07-19",85.85,8.97,450,"1995-07-05 2024-07-19",23.79,4.17,450,"1995-07-05 2024-07-19",28.08,8.46,450,"1995-07-05 2024-07-19",6.41,3.34,450,"1995-07-05 2024-07-19",41.83,13.98,450,"1995-07-05 2024-07-19",10.71,2.8,450,"1995-07-05 2024-07-19",2.42,2.85,450,"1995-07-05 2024-07-19",2.47,5.71,450,"1995-07-05 2024-07-19",2.5,5.75,443,"1995-07-05 2024-07-19",0,0,443,"1995-07-05 2024-07-19",0,0,275,"1995-07-05 2019-07-19",,,,
2025-07-11,12.32,2.87,450,"1995-07-04 2024-07-18",85.76,9.14,450,"1995-07-04 2024-07-18",23.61,4.28,450,"1995-07-04 2024-07-18",28.18,8.36,450,"1995-07-04 2024-07-18",6.33,3.38,450,"1995-07-04 2024-07-18",42.25,14.39,450,"1995-07-04 2024-07-18",10.66,2.77,450,"1995-07-04 2024-07-18",2.48,2.86,450,"1995-07-04 2024-07-18",2.78,6.17,450,"1995-07-04 2024-07-18",2.81,6.2,444,"1995-07-04 2024-07-18",0,0,444,"1995-07-04 2024-07-18",0,0,276,"1995-07-04 2019-07-18",,,,
2025-07-10,12.2,2.89,450,"1995-07-03 2024-07-17",85.52,9.45,450,"1995-07-03 2024-07-17",23.48,4.33,450,"1995-07-03 2024-07-17",28.37,8.55,450,"1995-07-03 2024-07-17",6.21,3.48,450,"1995-07-03 2024-07-17",42.38,14.61,450,"1995-07-03 2024-07-17",10.57,2.77,450,"1995-07-03 2024-07-17",2.54,2.94,450,"1995-07-03 2024-07-17",2.8,6.24,450,"1995-07-03 2024-07-17",2.83,6.27,445,"1995-07-03 2024-07-17",0,0,445,"1995-07-03 2024-07-17",0,0,277,"1995-07-03 2019-07-17",,,,
2025-07-09,12.08,3,450,"1995-07-02 2024-07-16",85.54,9.56,450,"1995-07-02 2024-07-16",23.34,4.34,450,"1995-07-02 2024-07-16",28.28,8.38,450,"1995-07-02 2024-07-16",6.09,3.54,450,"1995-07-02 2024-07-16",42.27,14.53,450,"1995-07-02 2024-07-16",10.5,2.78,450,"1995-07-02 2024-07-16",2.5,2.94,450,"1995-07-02 2024-07-16",2.85,6.38,450,"1995-07-02 2024-07-16",2.87,6.4,446,"1995-07-02 2024-07-16",0,0,446,"1995-07-02 2024-07-16",0,0,278,"1995-07-02 2019-07-16",,,,
2025-07-08,11.98,3.07,450,"1995-07-01 2024-07-15",85.42,9.72,450,"1995-07-01 2024-07-15",23.29,4.29,450,"1995-07-01 2024-07-15",28.48,8.48,450,"1995-07-01 2024-07-15",5.95,3.63,450,"1995-07-01 2024-07-15",42.01,14.53,450,"1995-07-01 2024-07-15",10.45,2.76,450,"1995-07-01 2024-07-15",2.45,2.97,450,"1995-07-01 2024-07-15",2.85,6.37,450,"1995-07-01 2024-07-15",2.87,6.38,447,"1995-07-01 2024-07-15",0,0,447,"1995-07-01 2024-07-15",0,0,278,"1995-07-01 2019-07-15",,,,
2025-07-07,11.94,3.08,450,"1995-06-30 2024-07-14",85.32,9.72,450,"1995-06-30 2024-07-14",23.23,4.24,450,"1995-06-30 2024-07-14",28.48,8.46,450,"1995-06-30 2024-07-14",5.9,3.71,450,"1995-06-30 2024-07-14",41.96,14.51,450,"1995-06-30 2024-07-14",10.44,2.78,450,"1995-06-30 2024-07-14",2.52,3.03,450,"1995-06-30 2024-07-14",2.79,6.19,450,"1995-06-30 2024-07-14",2.81,6.21,447,"1995-06-30 2024-07-14",0,0,447,"1995-06-30 2024-07-14",0,0,279,"1995-06-30 2019-07-14",,,,
2025-07-06,11.91,3.12,450,"1995-06-29 2024-07-13",85.35,9.73,450,"1995-06-29 2024-07-13",23.15,4.3,450,"1995-06-29 2024-07-13",28.47,8.43,450,"1995-06-29 2024-07-13",5.87,3.71,450,"1995-06-29 2024-07-13",42.19,14.57,450,"1995-06-29 2024-07-13",10.44,2.82,450,"1995-06-29 2024-07-13",2.51,2.99,450,"1995-06-29 2024-07-13",2.75,6.03,450,"1995-06-29 2024-07-13",2.76,6.04,448,"1995-06-29 2024-07-13",0,0,448,"1995-06-29 2024-07-13",0,0,280,"1995-06-29 2019-07-12",,,,
2025-07-05,11.83,3.13,450,"1995-06-28 2024-07-12",85.17,10.04,450,"1995-06-28 2024-07-12",23.04,4.29,450,"1995-06-28 2024-07-12",28.36,8.21,450,"1995-06-28 2024-07-12",5.79,3.71,450,"1995-06-28 2024-07-12",42.32,14.8,450,"1995-06-28 2024-07-12",10.37,2.86,450,"1995-06-28 2024-07-12",2.54,3.13,450,"1995-06-28 2024-07-12",2.73,6.09,450,"1995-06-28 2024-07-12",2.74,6.1,448,"1995-06-28 2024-07-12",0,0,448,"1995-06-28 2024-07-12",0,0,281,"1995-06-28 2019-07-12",,,,
2025-07-04,11.65,3.2,450,"1995-06-27 2024-07-11",85.09,10.26,450,"1995-06-27 2024-07-11",22.84,4.35,450,"1995-06-27 2024-07-11",28.46,8.2,450,"1995-06-27 2024-07-11",5.7,3.76,450,"1995-06-27 2024-07-11",42.6,15.01,450,"1995-06-27 2024-07-11",10.21,2.9,450,"1995-06-27 2024-07-11",2.63,3.21,450,"1995-06-27 2024-07-11",2.83,6.19,450,"1995-06-27 2024-07-11",2.85,6.21,447,"1995-06-27 2024-07-11",0,0,447,"1995-06-27 2024-07-11",0,0,282,"1995-06-27 2019-07-10",,,,
2025-07-03,11.44,3.24,450,"1995-06-26 2024-07-10",84.9,10.54,450,"1995-06-26 2024-07-10",22.71,4.49,450,"1995-06-26 2024-07-10",28.66,8.37,450,"1995-06-26 2024-07-10",5.54,3.77,450,"1995-06-26 2024-07-10",42.4,15.22,450,"1995-06-26 2024-07-10",10.09,2.89,450,"1995-06-26 2024-07-10",2.71,3.3,450,"1995-06-26 2024-07-10",2.68,5.85,450,"1995-06-26 2024-07-10",2.7,5.86,447,"1995-06-26 2024-07-10",0,0,447,"1995-06-26 2024-07-10",0,0,283,"1995-06-26 2019-07-10",,,,
2025-07-02,11.28,3.24,450,"1995-06-25 2024-07-09",84.87,10.56,450,"1995-06-25 2024-07-09",22.51,4.47,450,"1995-06-25 2024-07-09",28.93,8.62,450,"1995-06-25 2024-07-09",5.39,3.79,450,"1995-06-25 2024-07-09",42.52,15.29,450,"1995-06-25 2024-07-09",9.96,2.87,450,"1995-06-25 2024-07-09",2.78,3.32,450,"1995-06-25 2024-07-09",2.75,6.04,450,"1995-06-25 2024-07-09",2.77,6.06,447,"1995-06-25 2024-07-09",0,0,447,"1995-06-25 2024-07-09",0,0,283,"1995-06-25 2019-07-09",,,,
2025-07-01,11.07,3.23,450,"1995-06-24 2024-07-08",84.99,10.56,450,"1995-06-24 2024-07-08",22.18,4.45,450,"1995-06-24 2024-07-08",28.72,8.49,450,"1995-06-24 2024-07-08",5.22,3.78,450,"1995-06-24 2024-07-08",42.93,15.46,450,"1995-06-24 2024-07-08",9.74,2.88,450,"1995-06-24 2024-07-08",2.75,3.33,450,"1995-06-24 2024-07-08",2.87,6.12,450,"1995-06-24 2024-07-08",2.88,6.14,447,"1995-06-24 2024-07-08",0,0,447,"1995-06-24 2024-07-08",0,0,283,"1995-06-24 2019-07-08",,,,
2025-06-30,10.89,3.2,450,"1995-06-23 2024-07-07",85.11,10.42,450,"1995-06-23 2024-07-07",21.98,4.43,450,"1995-06-23 2024-07-07",28.74,8.28,450,"1995-06-23 2024-07-07",5.06,3.77,450,"1995-06-23 2024-07-07",42.85,15.33,450,"1995-06-23 2024-07-07",9.61,2.89,450,"1995-06-23 2024-07-07",2.77,3.29,450,"1995-06-23 2024-07-07",2.85,6.18,450,"1995-06-23 2024-07-07",2.87,6.19,448,"1995-06-23 2024-07-07",0,0,448,"1995-06-23 2024-07-07",0,0,283,"1995-06-23 2019-07-07",,,,
2025-06-29,10.71,3.21,450,"1995-06-22 2024-07-06",84.96,10.49,450,"1995-06-22 2024-07-06",21.88,4.47,450,"1995-06-22 2024-07-06",28.69,8.3,450,"1995-06-22 2024-07-06",4.88,3.75,450,"1995-06-22 2024-07-06",42.5,15.28,450,"1995-06-22 2024-07-06",9.49,2.9,450,"1995-06-22 2024-07-06",2.72,3.29,450,"1995-06-22 2024-07-06",2.77,6.09,450,"1995-06-22 2024-07-06",2.78,6.1,448,"1995-06-22 2024-07-06",0,0,448,"1995-06-22 2024-07-06",0,0,282,"1995-06-22 2019-07-06",,,,
2025-06-28,10.55,3.19,450,"1995-06-21 2024-07-05",85.01,10.46,450,"1995-06-21 2024-07-05",21.75,4.51,450,"1995-06-21 2024-07-05",28.72,8.22,450,"1995-06-21 2024-07-05",4.77,3.72,450,"1995-06-21 2024-07-05",42.16,15.25,450,"1995-06-21 2024-07-05",9.37,2.85,450,"1995-06-21 2024-07-05",2.72,3.31,450,"1995-06-21 2024-07-05",2.96,6.62,450,"1995-06-21 2024-07-05",2.96,6.63,449,"1995-06-21 2024-07-05",0,0,449,"1995-06-21 2024-07-05",0,0,281,"1995-06-21 2019-07-05",,,,
2025-06-27,10.42,3.15,450,"1995-06-20 2024-07-04",84.99,10.44,450,"1995-06-20 2024-07-04",21.63,4.56,450,"1995-06-20 2024-07-04",28.72,8.24,450,"1995-06-20 2024-07-04",4.67,3.67,450,"1995-06-20 2024-07-04",42.05,15.37,450,"1995-06-20 2024-07-04",9.28,2.87,450,"1995-06-20 2024-07-04",2.72,3.43,450,"1995-06-20 2024-07-04",3.04,6.91,450,"1995-06-20 2024-07-04",3.04,6.92,449,"1995-06-20 2024-07-04",0,0,449,"1995-06-20 2024-07-04",0,0,280,"1995-06-20 2019-07-04",,,,
2025-06-26,10.26,3.15,450,"1995-06-19 2024-07-03",85.15,10.36,450,"1995-06-19 2024-07-03",21.48,4.47,450,"1995-06-19 2024-07-03",28.69,8.28,450,"1995-06-19 2024-07-03",4.52,3.67,450,"1995-06-19 2024-07-03",41.78,15.13,450,"1995-06-19 2024-07-03",9.1,2.9,450,"1995-06-19 2024-07-03",2.73,3.46,450,"1995-06-19 2024-07-03",2.77,6.43,450,"1995-06-19 2024-07-03",2.77,6.44,449,"1995-06-19 2024-07-03",0,0,449,"1995-06-19 2024-07-03",0,0,279,"1995-06-19 2019-07-03",,,,
2025-06-25,10.12,3.13,450,"1995-06-18 2024-07-02",85.43,10.14,450,"1995-06-18 2024-07-02",21.21,4.52,450,"1995-06-18 2024-07-02",28.5,8.23,450,"1995-06-18 2024-07-02",4.43,3.6,450,"1995-06-18 2024-07-02",42.06,15.23,450,"1995-06-18 2024-07-02",8.95,2.88,450,"1995-06-18 2024-07-02",2.74,3.52,450,"1995-06-18 2024-07-02",3.01,6.67,450,"1995-06-18 2024-07-02",3.01,6.68,449,"1995-06-18 2024-07-02",0,0,449,"1995-06-18 2024-07-02",0,0,278,"1995-06-18 2019-07-02",,,,
2025-06-24,9.97,3.06,450,"1995-06-17 2024-07-01",85.36,10.28,450,"1995-06-17 2024-07-01",21.02,4.56,450,"1995-06-17 2024-07-01",28.68,8.27,450,"1995-06-17 2024-07-01",4.3,3.55,450,"1995-06-17 2024-07-01",42.21,15.54,450,"1995-06-17 2024-07-01",8.81,2.87,450,"1995-06-17 2024-07-01",2.78,3.52,450,"1995-06-17 2024-07-01",3.04,6.67,450,"1995-06-17 2024-07-01",3.04,6.67,449,"1995-06-17 2024-07-01",0,0,449,"1995-06-17 2024-07-01",0,0,277,"1995-06-17 2019-06-30",,,,
2025-06-23,9.78,2.97,450,"1995-06-16 2024-06-30",85.32,10.3,450,"1995-06-16 2024-06-30",20.79,4.54,450,"1995-06-16 2024-06-30",28.93,8.27,450,"1995-06-16 2024-06-30",4.15,3.47,450,"1995-06-16 2024-06-30",42.44,15.7,450,"1995-06-16 2024-06-30",8.65,2.8,450,"1995-06-16 2024-06-30",2.86,3.52,450,"1995-06-16 2024-06-30",3.09,6.67,450,"1995-06-16 2024-06-30",3.06,6.66,448,"1995-06-16 2024-06-30",0,0,449,"1995-06-16 2024-06-30",0,0,277,"1995-06-16 2019-06-30",,,,
2025-06-22,9.54,2.99,450,"1995-06-15 2024-06-29",85.41,10.25,450,"1995-06-15 2024-06-29",20.53,4.51,450,"1995-06-15 2024-06-29",29.15,8.44,450,"1995-06-15 2024-06-29",3.97,3.42,450,"1995-06-15 2024-06-29",42.52,15.63,450,"1995-06-15 2024-06-29",8.44,2.73,450,"1995-06-15 2024-06-29",2.95,3.66,450,"1995-06-15 2024-06-29",3.21,6.79,450,"1995-06-15 2024-06-29",3.2,6.78,447,"1995-06-15 2024-06-29",0,0,448,"1995-06-15 2024-06-29",0,0,276,"1995-06-15 2019-06-29",,,,
2025-06-21,9.35,2.93,450,"1995-06-14 2024-06-28",85.31,10.39,450,"1995-06-14 2024-06-28",20.29,4.43,450,"1995-06-14 2024-06-28",29.27,8.59,450,"1995-06-14 2024-06-28",3.79,3.39,450,"1995-06-14 2024-06-28",42.62,15.63,450,"1995-06-14 2024-06-28",8.28,2.62,450,"1995-06-14 2024-06-28",3.03,3.76,450,"1995-06-14 2024-06-28",3.35,7.05,450,"1995-06-14 2024-06-28",3.33,7.05,447,"1995-06-14 2024-06-28",0,0,448,"1995-06-14 2024-06-28",0,0,275,"1995-06-14 2019-06-27",,,,
2025-06-20,9.18,2.91,450,"1995-06-13 2024-06-27",85.27,10.59,450,"1995-06-13 2024-06-27",20.17,4.37,450,"1995-06-13 2024-06-27",29.28,8.61,450,"1995-06-13 2024-06-27",3.61,3.37,450,"1995-06-13 2024-06-27",42.52,15.61,450,"1995-06-13 2024-06-27",8.1,2.56,450,"1995-06-13 2024-06-27",2.93,3.66,450,"1995-06-13 2024-06-27",3.47,7.39,450,"1995-06-13 2024-06-27",3.46,7.39,447,"1995-06-13 2024-06-27",0,0,448,"1995-06-13 2024-06-27",0,0,275,"1995-06-13 2019-06-27",,,,
2025-06-19,8.98,2.97,450,"1995-06-12 2024-06-26",85.14,10.93,450,"1995-06-12 2024-06-26",20.04,4.29,450,"1995-06-12 2024-06-26",29.26,8.55,450,"1995-06-12 2024-06-26",3.39,3.43,450,"1995-06-12 2024-06-26",42.24,15.76,450,"1995-06-12 2024-06-26",7.97,2.57,450,"1995-06-12 2024-06-26",2.91,3.65,450,"1995-06-12 2024-06-26",3.43,7.36,450,"1995-06-12 2024-06-26",3.41,7.35,448,"1995-06-12 2024-06-26",0,0,449,"1995-06-12 2024-06-26",0,0,274,"1995-06-12 2019-06-26",,,,
2025-06-18,8.88,2.98,450,"1995-06-11 2024-06-25",85.23,10.93,450,"1995-06-11 2024-06-25",19.88,4.19,450,"1995-06-11 2024-06-25",29.29,8.54,450,"1995-06-11 2024-06-25",3.25,3.53,450,"1995-06-11 2024-06-25",42.21,15.73,450,"1995-06-11 2024-06-25",7.85,2.57,450,"1995-06-11 2024-06-25",2.9,3.57,450,"1995-06-11 2024-06-25",3.56,7.61,450,"1995-06-11 2024-06-25",3.55,7.61,447,"1995-06-11 2024-06-25",0,0,448,"1995-06-11 2024-06-25",0,0,273,"1995-06-11 2019-06-25",,,,
2025-06-17,8.71,2.98,450,"1995-06-10 2024-06-24",85.23,10.99,450,"1995-06-10 2024-06-24",19.66,4.24,450,"1995-06-10 2024-06-24",29.22,8.37,450,"1995-06-10 2024-06-24",3.15,3.56,450,"1995-06-10 2024-06-24",42.43,16.07,450,"1995-06-10 2024-06-24",7.75,2.59,450,"1995-06-10 2024-06-24",2.93,3.63,450,"1995-06-10 2024-06-24",3.63,7.6,450,"1995-06-10 2024-06-24",3.63,7.61,446,"1995-06-10 2024-06-24",0,0,447,"1995-06-10 2024-06-24",0,0,272,"1995-06-10 2019-06-24",,,,
2025-06-16,8.59,2.98,450,"1995-06-09 2024-06-23",85.1,11.06,450,"1995-06-09 2024-06-23",19.55,4.27,450,"1995-06-09 2024-06-23",29.34,8.37,450,"1995-06-09 2024-06-23",2.97,3.57,450,"1995-06-09 2024-06-23",42.27,16.29,450,"1995-06-09 2024-06-23",7.66,2.63,450,"1995-06-09 2024-06-23",3.01,3.6,450,"1995-06-09 2024-06-23",3.47,7.47,450,"1995-06-09 2024-06-23",3.46,7.48,446,"1995-06-09 2024-06-23",0,0,447,"1995-06-09 2024-06-23",0,0,271,"1995-06-09 2019-06-23",,,,
2025-06-15,8.44,3.02,450,"1995-06-08 2024-06-22",85.02,11.19,450,"1995-06-08 2024-06-22",19.41,4.42,450,"1995-06-08 2024-06-22",29.33,8.29,450,"1995-06-08 2024-06-22",2.8,3.6,450,"1995-06-08 2024-06-22",42.22,16.6,450,"1995-06-08 2024-06-22",7.54,2.74,450,"1995-06-08 2024-06-22",3.01,3.61,450,"1995-06-08 2024-06-22",3.51,7.47,450,"1995-06-08 2024-06-22",3.5,7.48,446,"1995-06-08 2024-06-22",0,0,447,"1995-06-08 2024-06-22",0,0,270,"1995-06-08 2012-06-22",,,,
2025-06-14,8.23,3.07,450,"1995-06-07 2024-06-21",84.78,11.41,450,"1995-06-07 2024-06-21",19.21,4.51,450,"1995-06-07 2024-06-21",29.45,8.41,450,"1995-06-07 2024-06-21",2.65,3.64,450,"1995-06-07 2024-06-21",42.38,16.86,450,"1995-06-07 2024-06-21",7.41,2.8,450,"1995-06-07 2024-06-21",3.14,3.71,450,"1995-06-07 2024-06-21",3.65,7.89,450,"1995-06-07 2024-06-21",3.64,7.9,446,"1995-06-07 2024-06-21",0,0,447,"1995-06-07 2024-06-21",0,0,270,"1995-06-07 2012-06-21",,,,
2025-06-13,8.09,3.12,450,"1995-06-06 2024-06-20",84.67,11.68,450,"1995-06-06 2024-06-20",19.03,4.51,450,"1995-06-06 2024-06-20",29.61,8.54,450,"1995-06-06 2024-06-20",2.49,3.69,450,"1995-06-06 2024-06-20",42.58,16.88,450,"1995-06-06 2024-06-20",7.31,2.87,450,"1995-06-06 2024-06-20",3.26,3.72,450,"1995-06-06 2024-06-20",3.83,7.98,450,"1995-06-06 2024-06-20",3.81,7.99,446,"1995-06-06 2024-06-20",0.01,0.15,447,"1995-06-06 2024-06-20",0,0,270,"1995-06-06 2012-06-20",,,,
2025-06-12,8.03,3.21,450,"1995-06-05 2024-06-19",84.58,11.87,450,"1995-06-05 2024-06-19",19.04,4.51,450,"1995-06-05 2024-06-19",29.92,8.52,450,"1995-06-05 2024-06-19",2.43,3.79,450,"1995-06-05 2024-06-19",42.35,16.89,450,"1995-06-05 2024-06-19",7.29,2.92,450,"1995-06-05 2024-06-19",3.29,3.66,450,"1995-06-05 2024-06-19",3.97,8.57,450,"1995-06-05 2024-06-19",3.96,8.59,446,"1995-06-05 2024-06-19",0.01,0.15,447,"1995-06-05 2024-06-19",0,0,270,"1995-06-05 2012-06-19",,,,
2025-06-11,7.99,3.24,450,"1995-06-04 2024-06-18",84.24,12.16,450,"1995-06-04 2024-06-18",19.13,4.59,450,"1995-06-04 2024-06-18",29.97,8.66,450,"1995-06-04 2024-06-18",2.35,3.84,450,"1995-06-04 2024-06-18",42.02,16.98,450,"1995-06-04 2024-06-18",7.28,2.92,450,"1995-06-04 2024-06-18",3.29,3.65,450,"1995-06-04 2024-06-18",3.9,8.55,450,"1995-06-04 2024-06-18",3.89,8.56,446,"1995-06-04 2024-06-18",0.01,0.15,447,"1995-06-04 2024-06-18",0,0,270,"1995-06-04 2012-06-18",,,,
2025-06-10,7.9,3.24,450,"1995-06-03 2024-06-17",83.81,12.38,450,"1995-06-03 2024-06-17",19.26,4.6,450,"1995-06-03 2024-06-17",30.13,8.58,450,"1995-06-03 2024-06-17",2.2,3.89,450,"1995-06-03 2024-06-17",41.43,17.15,450,"1995-06-03 2024-06-17",7.26,2.92,450,"1995-06-03 2024-06-17",3.19,3.57,450,"1995-06-03 2024-06-17",3.76,8.38,450,"1995-06-03 2024-06-17",3.74,8.4,446,"1995-06-03 2024-06-17",0.01,0.15,447,"1995-06-03 2024-06-17",0,0,270,"1995-06-03 2012-06-17",,,,
2025-06-09,7.77,3.2,450,"1995-06-02 2024-06-16",83.58,12.37,450,"1995-06-02 2024-06-16",19.29,4.62,450,"1995-06-02 2024-06-16",30,8.64,450,"1995-06-02 2024-06-16",2.07,3.91,450,"1995-06-02 2024-06-16",40.91,17.11,450,"1995-06-02 2024-06-16",7.2,2.97,450,"1995-06-02 2024-06-16",3.2,3.58,450,"1995-06-02 2024-06-16",3.75,8.42,450,"1995-06-02 2024-06-16",3.74,8.44,446,"1995-06-02 2024-06-16",0.01,0.15,447,"1995-06-02 2024-06-16",0,0,270,"1995-06-02 2012-06-16",,,,
2025-06-08,7.65,3.25,450,"1995-06-01 2024-06-15",83.31,12.48,450,"1995-06-01 2024-06-15",19.29,4.62,450,"1995-06-01 2024-06-15",29.71,8.66,450,"1995-06-01 2024-06-15",1.96,3.94,450,"1995-06-01 2024-06-15",40.52,16.98,450,"1995-06-01 2024-06-15",7.13,3.04,450,"1995-06-01 2024-06-15",3.13,3.62,450,"1995-06-01 2024-06-15",3.63,8.36,450,"1995-06-01 2024-06-15",3.65,8.39,447,"1995-06-01 2024-06-15",0.01,0.15,447,"1995-06-01 2024-06-15",0,0,270,"1995-06-01 2012-06-15",,,,
2025-06-07,7.54,3.29,450,"1995-05-31 2024-06-14",82.9,12.82,450,"1995-05-31 2024-06-14",19.36,4.66,450,"1995-05-31 2024-06-14",29.53,8.5,450,"1995-05-31 2024-06-14",1.76,3.98,450,"1995-05-31 2024-06-14",40,16.96,450,"1995-05-31 2024-06-14",7.08,3.05,450,"1995-05-31 2024-06-14",3.01,3.48,450,"1995-05-31 2024-06-14",3.5,8.37,450,"1995-05-31 2024-06-14",3.51,8.39,447,"1995-05-31 2024-06-14",0.01,0.15,447,"1995-05-31 2024-06-14",0,0,271,"1995-05-31 2023-05-31",,,,
2025-06-06,7.33,3.35,450,"1995-05-30 2024-06-13",82.45,13.32,450,"1995-05-30 2024-06-13",19.38,4.69,450,"1995-05-30 2024-06-13",29.42,8.35,450,"1995-05-30 2024-06-13",1.54,4.03,450,"1995-05-30 2024-06-13",39.32,16.89,450,"1995-05-30 2024-06-13",6.95,3.08,450,"1995-05-30 2024-06-13",3.01,3.5,450,"1995-05-30 2024-06-13",3.33,8.14,450,"1995-05-30 2024-06-13",3.35,8.17,446,"1995-05-30 2024-06-13",0.01,0.15,447,"1995-05-30 2024-06-13",0,0,272,"1995-05-30 2023-05-31",,,,
2025-06-05,7.13,3.33,450,"1995-05-29 2024-06-12",82.25,13.46,450,"1995-05-29 2024-06-12",19.22,4.76,450,"1995-05-29 2024-06-12",29.41,8.53,450,"1995-05-29 2024-06-12",1.34,4.06,450,"1995-05-29 2024-06-12",39.03,17.03,450,"1995-05-29 2024-06-12",6.85,3.07,450,"1995-05-29 2024-06-12",3.19,3.59,450,"1995-05-29 2024-06-12",3.14,7.72,450,"1995-05-29 2024-06-12",3.13,7.73,446,"1995-05-29 2024-06-12",0.03,0.58,447,"1995-05-29 2024-06-12",0,0.12,272,"1995-05-29 2023-05-31",,,,
2025-06-04,7.06,3.3,450,"1995-05-28 2024-06-11",82.09,13.54,450,"1995-05-28 2024-06-11",19.13,4.85,450,"1995-05-28 2024-06-11",29.46,8.55,450,"1995-05-28 2024-06-11",1.23,4.04,450,"1995-05-28 2024-06-11",39.1,17.26,450,"1995-05-28 2024-06-11",6.78,3.05,450,"1995-05-28 2024-06-11",3.24,3.63,450,"1995-05-28 2024-06-11",3.08,7.66,450,"1995-05-28 2024-06-11",3.06,7.67,446,"1995-05-28 2024-06-11",0.04,0.6,447,"1995-05-28 2024-06-11",0,0.12,272,"1995-05-28 2023-05-31",,,,
2025-06-03,6.91,3.29,450,"1995-05-27 2024-06-10",82.01,13.65,450,"1995-05-27 2024-06-10",19.13,4.91,450,"1995-05-27 2024-06-10",29.35,8.51,450,"1995-05-27 2024-06-10",1.08,4,450,"1995-05-27 2024-06-10",38.87,17.52,450,"1995-05-27 2024-06-10",6.64,3.08,450,"1995-05-27 2024-06-10",3.18,3.64,450,"1995-05-27 2024-06-10",3.09,7.68,450,"1995-05-27 2024-06-10",3.06,7.67,447,"1995-05-27 2024-06-10",0.05,0.61,448,"1995-05-27 2024-06-10",0,0.12,272,"1995-05-27 2023-05-31",,,,
2025-06-02,6.78,3.28,450,"1995-05-26 2024-06-09",82,13.68,450,"1995-05-26 2024-06-09",19.08,4.89,450,"1995-05-26 2024-06-09",29.29,8.61,450,"1995-05-26 2024-06-09",0.93,4.01,450,"1995-05-26 2024-06-09",38.54,17.6,450,"1995-05-26 2024-06-09",6.51,3.1,450,"1995-05-26 2024-06-09",3.16,3.67,450,"1995-05-26 2024-06-09",3.03,7.67,450,"1995-05-26 2024-06-09",3,7.65,448,"1995-05-26 2024-06-09",0.05,0.6,449,"1995-05-26 2024-06-09",0,0.12,272,"1995-05-26 2023-05-31",,,,
2025-06-01,6.65,3.27,450,"1995-05-25 2024-06-08",81.85,13.7,450,"1995-05-25 2024-06-08",19.04,4.95,450,"1995-05-25 2024-06-08",29.33,8.69,450,"1995-05-25 2024-06-08",0.87,3.95,450,"1995-05-25 2024-06-08",38.38,17.5,450,"1995-05-25 2024-06-08",6.41,3.08,450,"1995-05-25 2024-06-08",3.22,3.77,450,"1995-05-25 2024-06-08",3.06,7.67,450,"1995-05-25 2024-06-08",3.03,7.65,448,"1995-05-25 2024-06-08",0.05,0.6,449,"1995-05-25 2024-06-08",0,0.12,273,"1995-05-25 2023-05-31",,,,
2025-05-31,6.5,3.26,450,"1995-05-24 2024-06-07",81.78,13.87,450,"1995-05-24 2024-06-07",18.9,5.05,450,"1995-05-24 2024-06-07",29.55,8.8,450,"1995-05-24 2024-06-07",0.81,3.93,450,"1995-05-24 2024-06-07",38.7,17.91,450,"1995-05-24 2024-06-07",6.25,3.09,450,"1995-05-24 2024-06-07",3.22,3.87,450,"1995-05-24 2024-06-07",3.18,7.98,450,"1995-05-24 2024-06-07",3.13,7.96,448,"1995-05-24 2024-06-07",0.07,0.72,449,"1995-05-24 2024-06-07",0,0.44,274,"1995-05-24 2023-05-31",,,,
2025-05-30,6.39,3.3,450,"1995-05-23 2024-06-06",81.66,14.14,450,"1995-05-23 2024-06-06",18.81,5.09,450,"1995-05-23 2024-06-06",29.42,8.69,450,"1995-05-23 2024-06-06",0.67,3.97,450,"1995-05-23 2024-06-06",38.58,17.88,450,"1995-05-23 2024-06-06",6.12,3.14,450,"1995-05-23 2024-06-06",3.16,3.8,450,"1995-05-23 2024-06-06",3.08,7.62,450,"1995-05-23 2024-06-06",3.03,7.59,448,"1995-05-23 2024-06-06",0.07,0.72,449,"1995-05-23 2024-06-06",0,0.44,274,"1995-05-23 2023-05-31",,,,
2025-05-29,6.17,3.36,450,"1995-05-22 2024-06-05",81.54,14.16,450,"1995-05-22 2024-06-05",18.65,5.31,450,"1995-05-22 2024-06-05",29.26,8.6,450,"1995-05-22 2024-06-05",0.5,4.02,450,"1995-05-22 2024-06-05",38.63,18.53,450,"1995-05-22 2024-06-05",5.96,3.23,450,"1995-05-22 2024-06-05",3.07,3.86,450,"1995-05-22 2024-06-05",2.82,7.11,450,"1995-05-22 2024-06-05",2.77,7.1,447,"1995-05-22 2024-06-05",0.07,0.72,448,"1995-05-22 2024-06-05",0.1,0.51,275,"1995-05-22 2023-05-31",,,,
2025-05-28,5.9,3.34,450,"1995-05-21 2024-06-04",81.34,14.21,450,"1995-05-21 2024-06-04",18.39,5.47,450,"1995-05-21 2024-06-04",29.06,8.84,450,"1995-05-21 2024-06-04",0.18,4.01,450,"1995-05-21 2024-06-04",38.64,18.87,450,"1995-05-21 2024-06-04",5.69,3.29,450,"1995-05-21 2024-06-04",3.15,4.03,450,"1995-05-21 2024-06-04",2.62,6.14,450,"1995-05-21 2024-06-04",2.54,6.09,447,"1995-05-21 2024-06-04",0.1,0.85,448,"1995-05-21 2024-06-04",0.1,1.35,275,"1995-05-21 2023-05-31",,,,
2025-05-27,5.64,3.37,450,"1995-05-20 2024-06-03",81.4,14.24,450,"1995-05-20 2024-06-03",18.05,5.6,450,"1995-05-20 2024-06-03",29,8.75,450,"1995-05-20 2024-06-03",-0.02,4,450,"1995-05-20 2024-06-03",38.95,19.08,450,"1995-05-20 2024-06-03",5.44,3.35,450,"1995-05-20 2024-06-03",3.2,4.15,450,"1995-05-20 2024-06-03",2.65,6.14,449,"1995-05-20 2024-06-03",2.52,6.01,444,"1995-05-20 2024-06-03",0.17,1.57,447,"1995-05-20 2024-06-03",0.2,1.38,275,"1995-05-20 2023-05-31",,,,
2025-05-26,5.42,3.36,450,"1995-05-19 2024-06-02",81.55,14.08,450,"1995-05-19 2024-06-02",17.81,5.6,450,"1995-05-19 2024-06-02",29.22,8.96,450,"1995-05-19 2024-06-02",-0.2,3.98,450,"1995-05-19 2024-06-02",38.94,18.65,450,"1995-05-19 2024-06-02",5.2,3.39,450,"1995-05-19 2024-06-02",3.31,4.2,450,"1995-05-19 2024-06-02",2.53,6.04,449,"1995-05-19 2024-06-02",2.4,5.91,444,"1995-05-19 2024-06-02",0.17,1.57,447,"1995-05-19 2024-06-02",0.2,1.38,275,"1995-05-19 2023-05-31",,,,
2025-05-25,5.27,3.39,450,"1995-05-18 2024-06-01",81.55,14.08,450,"1995-05-18 2024-06-01",17.58,5.6,450,"1995-05-18 2024-06-01",29.41,8.97,450,"1995-05-18 2024-06-01",-0.41,4,450,"1995-05-18 2024-06-01",38.95,18.49,450,"1995-05-18 2024-06-01",5.04,3.38,450,"1995-05-18 2024-06-01",3.34,4.2,450,"1995-05-18 2024-06-01",2.37,5.76,449,"1995-05-18 2024-06-01",2.24,5.62,442,"1995-05-18 2024-06-01",0.17,1.57,445,"1995-05-18 2024-06-01",0.2,1.38,275,"1995-05-18 2023-05-31",,,,
2025-05-24,5.13,3.36,450,"1995-05-17 2024-05-31",81.62,14.06,450,"1995-05-17 2024-05-31",17.45,5.7,450,"1995-05-17 2024-05-31",29.59,9.06,450,"1995-05-17 2024-05-31",-0.58,3.94,450,"1995-05-17 2024-05-31",38.87,18.61,450,"1995-05-17 2024-05-31",4.88,3.36,450,"1995-05-17 2024-05-31",3.37,4.18,450,"1995-05-17 2024-05-31",2.41,5.79,449,"1995-05-17 2024-05-31",2.28,5.65,442,"1995-05-17 2024-05-31",0.17,1.57,445,"1995-05-17 2024-05-31",0.2,1.38,275,"1995-05-17 2023-05-31",,,,
2025-05-23,5.02,3.27,450,"1995-05-16 2024-05-30",81.62,14,450,"1995-05-16 2024-05-30",17.39,5.74,450,"1995-05-16 2024-05-30",29.72,9.1,450,"1995-05-16 2024-05-30",-0.69,3.87,450,"1995-05-16 2024-05-30",38.68,18.71,450,"1995-05-16 2024-05-30",4.75,3.4,450,"1995-05-16 2024-05-30",3.37,4.17,450,"1995-05-16 2024-05-30",2.36,5.59,449,"1995-05-16 2024-05-30",2.22,5.44,442,"1995-05-16 2024-05-30",0.18,1.57,445,"1995-05-16 2024-05-30",0.2,1.38,275,"1995-05-16 2023-05-30",,,,
2025-05-22,4.9,3.25,450,"1995-05-15 2024-05-29",81.55,14.06,450,"1995-05-15 2024-05-29",17.35,5.79,450,"1995-05-15 2024-05-29",29.83,9.18,450,"1995-05-15 2024-05-29",-0.78,3.87,450,"1995-05-15 2024-05-29",38.53,18.75,450,"1995-05-15 2024-05-29",4.64,3.41,450,"1995-05-15 2024-05-29",3.34,4.14,450,"1995-05-15 2024-05-29",2.33,5.58,449,"1995-05-15 2024-05-29",2.18,5.42,443,"1995-05-15 2024-05-29",0.18,1.57,445,"1995-05-15 2024-05-29",0.2,1.39,274,"1995-05-15 2023-05-25",,,,
2025-05-21,4.74,3.25,450,"1995-05-14 2024-05-28",81.27,14.34,450,"1995-05-14 2024-05-28",17.34,5.75,450,"1995-05-14 2024-05-28",29.93,9.23,450,"1995-05-14 2024-05-28",-0.98,3.85,450,"1995-05-14 2024-05-28",38.04,18.56,450,"1995-05-14 2024-05-28",4.5,3.41,450,"1995-05-14 2024-05-28",3.25,4.16,450,"1995-05-14 2024-05-28",2.24,5.53,449,"1995-05-14 2024-05-28",2.12,5.4,443,"1995-05-14 2024-05-28",0.15,1.47,445,"1995-05-14 2024-05-28",0.2,1.38,274,"1995-05-14 2023-05-25",,,,
2025-05-20,4.51,3.24,450,"1995-05-13 2024-05-27",80.93,14.36,450,"1995-05-13 2024-05-27",17.24,5.69,450,"1995-05-13 2024-05-27",29.9,9.16,450,"1995-05-13 2024-05-27",-1.19,3.82,450,"1995-05-13 2024-05-27",37.52,18.14,450,"1995-05-13 2024-05-27",4.33,3.47,450,"1995-05-13 2024-05-27",3.13,4.08,450,"1995-05-13 2024-05-27",2.2,5.53,449,"1995-05-13 2024-05-27",2.09,5.4,443,"1995-05-13 2024-05-27",0.14,1.46,445,"1995-05-13 2024-05-27",0.2,1.38,274,"1995-05-13 2023-05-25",,,,
2025-05-19,4.29,3.32,450,"1995-05-12 2024-05-26",80.6,14.52,450,"1995-05-12 2024-05-26",17.15,5.72,450,"1995-05-12 2024-05-26",29.91,9.16,450,"1995-05-12 2024-05-26",-1.42,3.84,450,"1995-05-12 2024-05-26",37.01,17.86,450,"1995-05-12 2024-05-26",4.13,3.54,450,"1995-05-12 2024-05-26",3.18,4.08,450,"1995-05-12 2024-05-26",2.06,5.12,449,"1995-05-12 2024-05-26",1.94,4.98,443,"1995-05-12 2024-05-26",0.14,1.46,445,"1995-05-12 2024-05-26",0.2,1.43,274,"1995-05-12 2023-05-25",,,,
2025-05-18,3.97,3.4,450,"1995-05-11 2024-05-25",80.08,14.68,450,"1995-05-11 2024-05-25",17.05,5.82,450,"1995-05-11 2024-05-25",29.86,8.99,450,"1995-05-11 2024-05-25",-1.76,3.89,450,"1995-05-11 2024-05-25",36.39,17.63,450,"1995-05-11 2024-05-25",3.87,3.62,450,"1995-05-11 2024-05-25",3.13,4.06,450,"1995-05-11 2024-05-25",1.92,4.93,449,"1995-05-11 2024-05-25",1.75,4.72,442,"1995-05-11 2024-05-25",0.2,1.74,444,"1995-05-11 2024-05-25",0.2,1.45,275,"1995-05-11 2023-05-25",,,,
2025-05-17,3.69,3.42,450,"1995-05-10 2024-05-24",80.14,14.66,450,"1995-05-10 2024-05-24",16.79,5.89,450,"1995-05-10 2024-05-24",29.67,9.01,450,"1995-05-10 2024-05-24",-2.09,3.91,450,"1995-05-10 2024-05-24",36.06,17.55,450,"1995-05-10 2024-05-24",3.56,3.7,450,"1995-05-10 2024-05-24",3.11,4.03,450,"1995-05-10 2024-05-24",1.85,4.94,449,"1995-05-10 2024-05-24",1.66,4.68,441,"1995-05-10 2024-05-24",0.23,1.78,443,"1995-05-10 2024-05-24",0.2,1.5,277,"1995-05-10 2023-05-24",,,,
2025-05-16,3.47,3.41,450,"1995-05-09 2024-05-23",80.09,14.57,450,"1995-05-09 2024-05-23",16.56,5.89,450,"1995-05-09 2024-05-23",29.67,8.98,450,"1995-05-09 2024-05-23",-2.39,3.88,450,"1995-05-09 2024-05-23",35.73,17.12,450,"1995-05-09 2024-05-23",3.38,3.71,450,"1995-05-09 2024-05-23",3.16,4,450,"1995-05-09 2024-05-23",1.59,4.16,449,"1995-05-09 2024-05-23",1.38,3.82,441,"1995-05-09 2024-05-23",0.25,1.77,443,"1995-05-09 2024-05-23",0.3,1.53,278,"1995-05-09 2023-05-22",,,,
2025-05-15,3.28,3.43,450,"1995-05-08 2024-05-22",80.18,14.37,450,"1995-05-08 2024-05-22",16.34,5.9,450,"1995-05-08 2024-05-22",29.84,9.02,450,"1995-05-08 2024-05-22",-2.6,3.92,450,"1995-05-08 2024-05-22",35.76,17.35,450,"1995-05-08 2024-05-22",3.21,3.75,450,"1995-05-08 2024-05-22",3.23,4.07,450,"1995-05-08 2024-05-22",1.53,4,449,"1995-05-08 2024-05-22",1.29,3.63,441,"1995-05-08 2024-05-22",0.27,1.79,443,"1995-05-08 2024-05-22",0.3,1.8,281,"1995-05-08 2023-05-22",,,,
2025-05-14,3.12,3.41,450,"1995-05-07 2024-05-21",80.04,14.38,450,"1995-05-07 2024-05-21",16.2,5.91,450,"1995-05-07 2024-05-21",30.18,9.31,450,"1995-05-07 2024-05-21",-2.8,3.89,450,"1995-05-07 2024-05-21",35.42,16.74,450,"1995-05-07 2024-05-21",3.05,3.8,450,"1995-05-07 2024-05-21",3.34,4.24,450,"1995-05-07 2024-05-21",1.31,3.49,449,"1995-05-07 2024-05-21",1.06,3.03,442,"1995-05-07 2024-05-21",0.28,1.79,444,"1995-05-07 2024-05-21",0.4,2.21,283,"1995-05-07 2023-05-10",,,,
2025-05-13,2.97,3.41,450,"1995-05-06 2024-05-20",79.9,14.39,450,"1995-05-06 2024-05-20",16.05,6.01,450,"1995-05-06 2024-05-20",30.36,9.11,450,"1995-05-06 2024-05-20",-2.96,3.89,450,"1995-05-06 2024-05-20",35.45,16.88,450,"1995-05-06 2024-05-20",2.91,3.82,450,"1995-05-06 2024-05-20",3.31,4.2,450,"1995-05-06 2024-05-20",1.17,3.1,449,"1995-05-06 2024-05-20",0.92,2.6,442,"1995-05-06 2024-05-20",0.29,1.84,444,"1995-05-06 2024-05-20",0.4,1.93,286,"1995-05-06 2023-05-10",,,,
2025-05-12,2.78,3.35,450,"1995-05-05 2024-05-19",79.61,14.39,450,"1995-05-05 2024-05-19",15.95,6.13,450,"1995-05-05 2024-05-19",30.5,9.12,450,"1995-05-05 2024-05-19",-3.15,3.81,450,"1995-05-05 2024-05-19",35.28,17.21,450,"1995-05-05 2024-05-19",2.8,3.83,450,"1995-05-05 2024-05-19",3.31,4.14,450,"1995-05-05 2024-05-19",1.14,3.01,450,"1995-05-05 2024-05-19",0.88,2.54,445,"1995-05-05 2024-05-19",0.3,1.53,445,"1995-05-05 2024-05-19",0.4,1.92,289,"1995-05-05 2023-05-10",,,,
2025-05-11,2.54,3.3,450,"1995-05-04 2024-05-18",79.15,14.76,450,"1995-05-04 2024-05-18",15.82,6.32,450,"1995-05-04 2024-05-18",30.27,9.06,450,"1995-05-04 2024-05-18",-3.37,3.73,450,"1995-05-04 2024-05-18",35.16,17.82,450,"1995-05-04 2024-05-18",2.68,3.84,450,"1995-05-04 2024-05-18",3.31,4.15,450,"1995-05-04 2024-05-18",1.13,3,450,"1995-05-04 2024-05-18",0.83,2.49,445,"1995-05-04 2024-05-18",0.35,1.59,445,"1995-05-04 2024-05-18",0.4,1.96,291,"1995-05-04 2023-05-10",,,,
2025-05-10,2.3,3.21,450,"1995-05-03 2024-05-17",79.16,14.96,450,"1995-05-03 2024-05-17",15.69,6.49,450,"1995-05-03 2024-05-17",30.46,9.16,450,"1995-05-03 2024-05-17",-3.58,3.63,450,"1995-05-03 2024-05-17",35.13,18.25,450,"1995-05-03 2024-05-17",2.44,3.81,450,"1995-05-03 2024-05-17",3.31,4.17,450,"1995-05-03 2024-05-17",1.26,3.56,450,"1995-05-03 2024-05-17",0.91,3.07,446,"1995-05-03 2024-05-17",0.4,1.71,446,"1995-05-03 2024-05-17",0.4,1.96,293,"1995-05-03 2023-05-10",,,,
2025-05-09,2.08,3.14,450,"1995-05-02 2024-05-16",79.05,15.07,450,"1995-05-02 2024-05-16",15.51,6.43,450,"1995-05-02 2024-05-16",30.58,9.32,450,"1995-05-02 2024-05-16",-3.79,3.6,450,"1995-05-02 2024-05-16",34.97,18.24,450,"1995-05-02 2024-05-16",2.22,3.79,450,"1995-05-02 2024-05-16",3.37,4.22,450,"1995-05-02 2024-05-16",1.21,3.55,450,"1995-05-02 2024-05-16",0.84,3.03,446,"1995-05-02 2024-05-16",0.41,1.72,446,"1995-05-02 2024-05-16",0.4,1.95,296,"1995-05-02 2024-05-02",,,,
2025-05-08,1.8,3.12,450,"1995-05-01 2024-05-15",79.12,15.02,450,"1995-05-01 2024-05-15",15.19,6.36,450,"1995-05-01 2024-05-15",30.31,9.34,450,"1995-05-01 2024-05-15",-4.01,3.6,450,"1995-05-01 2024-05-15",35.1,18.35,450,"1995-05-01 2024-05-15",1.93,3.73,450,"1995-05-01 2024-05-15",3.35,4.25,450,"1995-05-01 2024-05-15",1.22,3.55,450,"1995-05-01 2024-05-15",0.83,3.01,447,"1995-05-01 2024-05-15",0.43,1.75,447,"1995-05-01 2024-05-15",0.5,1.98,298,"1995-05-01 2024-05-02",,,,
2025-05-07,1.57,3.12,450,"1995-04-30 2024-05-14",79.46,14.82,450,"1995-04-30 2024-05-14",14.77,6.3,450,"1995-04-30 2024-05-14",30.27,9.39,450,"1995-04-30 2024-05-14",-4.28,3.57,450,"1995-04-30 2024-05-14",35.31,18.27,450,"1995-04-30 2024-05-14",1.62,3.67,450,"1995-04-30 2024-05-14",3.36,4.21,450,"1995-04-30 2024-05-14",1.22,3.54,450,"1995-04-30 2024-05-14",0.82,2.99,446,"1995-04-30 2024-05-14",0.45,1.76,446,"1995-04-30 2024-05-14",0.5,2.05,301,"1995-04-30 2024-05-02",,,,
2025-05-06,1.35,3.18,450,"1995-04-29 2024-05-13",79.71,14.42,450,"1995-04-29 2024-05-13",14.42,6.32,450,"1995-04-29 2024-05-13",30.39,9.39,450,"1995-04-29 2024-05-13",-4.5,3.63,450,"1995-04-29 2024-05-13",35.57,18.35,450,"1995-04-29 2024-05-13",1.38,3.65,450,"1995-04-29 2024-05-13",3.38,4.32,450,"1995-04-29 2024-05-13",1.25,3.55,449,"1995-04-29 2024-05-13",0.82,3,445,"1995-04-29 2024-05-13",0.47,1.78,445,"1995-04-29 2024-05-13",0.6,2.16,304,"1995-04-29 2024-05-02",,,,
2025-05-05,1.15,3.21,450,"1995-04-28 2024-05-12",79.88,14.33,450,"1995-04-28 2024-05-12",14.16,6.47,450,"1995-04-28 2024-05-12",30.6,9.57,450,"1995-04-28 2024-05-12",-4.76,3.68,450,"1995-04-28 2024-05-12",35.66,18.83,450,"1995-04-28 2024-05-12",1.18,3.61,450,"1995-04-28 2024-05-12",3.54,4.47,450,"1995-04-28 2024-05-12",1.31,3.65,449,"1995-04-28 2024-05-12",0.82,3.03,445,"1995-04-28 2024-05-12",0.53,1.84,445,"1995-04-28 2024-05-12",0.7,2.36,307,"1995-04-28 2024-05-02",,,,
2025-05-04,1.02,3.12,450,"1995-04-27 2024-05-11",80.17,14.12,450,"1995-04-27 2024-05-11",13.9,6.42,450,"1995-04-27 2024-05-11",31.04,9.77,450,"1995-04-27 2024-05-11",-4.92,3.72,450,"1995-04-27 2024-05-11",35.86,19.01,450,"1995-04-27 2024-05-11",1.06,3.51,450,"1995-04-27 2024-05-11",3.58,4.48,450,"1995-04-27 2024-05-11",1.29,3.66,449,"1995-04-27 2024-05-11",0.77,2.98,444,"1995-04-27 2024-05-11",0.57,1.94,444,"1995-04-27 2024-05-11",0.7,2.48,311,"1995-04-27 2024-05-02",,,,
2025-05-03,0.91,3.13,450,"1995-04-26 2024-05-10",80.2,14.29,450,"1995-04-26 2024-05-10",13.71,6.41,450,"1995-04-26 2024-05-10",31.21,9.99,450,"1995-04-26 2024-05-10",-4.98,3.74,450,"1995-04-26 2024-05-10",36.25,19.27,450,"1995-04-26 2024-05-10",0.96,3.55,450,"1995-04-26 2024-05-10",3.66,4.5,450,"1995-04-26 2024-05-10",1.34,3.69,449,"1995-04-26 2024-05-10",0.81,3.04,441,"1995-04-26 2024-05-10",0.61,2.31,442,"1995-04-26 2024-05-10",0.7,2.46,314,"1995-04-26 2024-05-02",,,,
2025-05-02,0.82,3.18,450,"1995-04-25 2024-05-09",79.78,14.61,450,"1995-04-25 2024-05-09",13.63,6.47,450,"1995-04-25 2024-05-09",31.4,9.88,450,"1995-04-25 2024-05-09",-5.11,3.72,450,"1995-04-25 2024-05-09",36.32,19.45,450,"1995-04-25 2024-05-09",0.9,3.54,450,"1995-04-25 2024-05-09",3.6,4.45,450,"1995-04-25 2024-05-09",1.36,3.74,449,"1995-04-25 2024-05-09",0.82,3.16,441,"1995-04-25 2024-05-09",0.62,2.3,443,"1995-04-25 2024-05-09",0.7,2.48,315,"1995-04-25 2024-05-02",,,,
2025-05-01,0.67,3.27,450,"1995-04-24 2024-05-08",79.5,14.72,450,"1995-04-24 2024-05-08",13.63,6.48,450,"1995-04-24 2024-05-08",31.2,9.96,450,"1995-04-24 2024-05-08",-5.28,3.81,450,"1995-04-24 2024-05-08",35.85,19.47,450,"1995-04-24 2024-05-08",0.79,3.56,450,"1995-04-24 2024-05-08",3.62,4.48,450,"1995-04-24 2024-05-08",1.41,3.89,449,"1995-04-24 2024-05-08",0.86,3.25,441,"1995-04-24 2024-05-08",0.63,2.44,443,"1995-04-24 2024-05-08",0.7,2.49,318,"1995-04-24 2024-05-02",,,,
2025-04-30,0.52,3.27,450,"1995-04-23 2024-05-07",79.41,14.62,450,"1995-04-23 2024-05-07",13.55,6.49,450,"1995-04-23 2024-05-07",31.06,10.02,450,"1995-04-23 2024-05-07",-5.48,3.75,450,"1995-04-23 2024-05-07",35.28,18.95,450,"1995-04-23 2024-05-07",0.62,3.52,450,"1995-04-23 2024-05-07",3.53,4.4,450,"1995-04-23 2024-05-07",1.35,3.85,449,"1995-04-23 2024-05-07",0.81,3.21,441,"1995-04-23 2024-05-07",0.61,2.43,443,"1995-04-23 2024-05-07",0.7,2.4,319,"1995-04-23 2024-05-02",,,,
2025-04-29,0.37,3.24,450,"1995-04-22 2024-05-06",79.27,14.69,450,"1995-04-22 2024-05-06",13.53,6.43,450,"1995-04-22 2024-05-06",30.91,9.84,450,"1995-04-22 2024-05-06",-5.65,3.73,450,"1995-04-22 2024-05-06",34.93,18.78,450,"1995-04-22 2024-05-06",0.47,3.47,450,"1995-04-22 2024-05-06",3.44,4.18,450,"1995-04-22 2024-05-06",1.37,3.89,449,"1995-04-22 2024-05-06",0.8,3.21,441,"1995-04-22 2024-05-06",0.65,2.5,443,"1995-04-22 2024-05-06",0.7,2.18,324,"1995-04-22 2024-05-02",,,,
2025-04-28,0.21,3.23,450,"1995-04-21 2024-05-05",78.98,14.74,450,"1995-04-21 2024-05-05",13.51,6.48,450,"1995-04-21 2024-05-05",30.86,9.78,450,"1995-04-21 2024-05-05",-5.79,3.73,450,"1995-04-21 2024-05-05",34.5,18.43,450,"1995-04-21 2024-05-05",0.34,3.48,450,"1995-04-21 2024-05-05",3.46,4.08,450,"1995-04-21 2024-05-05",1.32,3.76,449,"1995-04-21 2024-05-05",0.77,3.07,440,"1995-04-21 2024-05-05",0.62,2.44,442,"1995-04-21 2024-05-05",0.8,2.29,327,"1995-04-21 2024-05-02",,,,
2025-04-27,0.04,3.26,450,"1995-04-20 2024-05-04",78.85,14.8,450,"1995-04-20 2024-05-04",13.38,6.49,450,"1995-04-20 2024-05-04",30.82,9.74,450,"1995-04-20 2024-05-04",-5.96,3.73,450,"1995-04-20 2024-05-04",34.28,18.04,450,"1995-04-20 2024-05-04",0.12,3.55,450,"1995-04-20 2024-05-04",3.42,4.12,450,"1995-04-20 2024-05-04",1.3,3.87,449,"1995-04-20 2024-05-04",0.81,3.33,439,"1995-04-20 2024-05-04",0.58,2.36,441,"1995-04-20 2024-05-04",0.9,2.6,332,"1995-04-20 2024-05-02",,,,
2025-04-26,-0.08,3.33,450,"1995-04-19 2024-05-03",79.27,14.61,450,"1995-04-19 2024-05-03",13.19,6.42,450,"1995-04-19 2024-05-03",30.67,9.64,450,"1995-04-19 2024-05-03",-6.13,3.75,450,"1995-04-19 2024-05-03",34.2,17.57,450,"1995-04-19 2024-05-03",-0.15,3.58,450,"1995-04-19 2024-05-03",3.34,4.19,450,"1995-04-19 2024-05-03",1.33,3.98,449,"1995-04-19 2024-05-03",0.8,3.32,438,"1995-04-19 2024-05-03",0.62,2.6,440,"1995-04-19 2024-05-03",0.9,2.69,338,"1995-04-19 2024-05-02",,,,
2025-04-25,-0.26,3.36,450,"1995-04-18 2024-05-02",79.13,14.56,450,"1995-04-18 2024-05-02",12.97,6.32,450,"1995-04-18 2024-05-02",30.39,9.52,450,"1995-04-18 2024-05-02",-6.37,3.9,450,"1995-04-18 2024-05-02",34,17.32,450,"1995-04-18 2024-05-02",-0.35,3.63,450,"1995-04-18 2024-05-02",3.31,4.28,450,"1995-04-18 2024-05-02",1.21,3.52,449,"1995-04-18 2024-05-02",0.67,2.77,439,"1995-04-18 2024-05-02",0.64,2.67,441,"1995-04-18 2024-05-02",1,2.71,343,"1995-04-18 2024-05-02",,,,
2025-04-24,-0.47,3.35,450,"1995-04-17 2024-05-01",79.02,14.61,450,"1995-04-17 2024-05-01",12.76,6.35,450,"1995-04-17 2024-05-01",30.17,9.39,450,"1995-04-17 2024-05-01",-6.64,3.94,450,"1995-04-17 2024-05-01",33.94,17.57,450,"1995-04-17 2024-05-01",-0.56,3.65,450,"1995-04-17 2024-05-01",3.3,4.3,450,"1995-04-17 2024-05-01",1.14,3.4,449,"1995-04-17 2024-05-01",0.61,2.62,439,"1995-04-17 2024-05-01",0.64,2.67,441,"1995-04-17 2024-05-01",1,2.78,346,"1995-04-17 2024-05-01",,,,
2025-04-23,-0.67,3.38,450,"1995-04-16 2024-04-30",79.02,14.77,450,"1995-04-16 2024-04-30",12.52,6.45,450,"1995-04-16 2024-04-30",30.22,9.39,450,"1995-04-16 2024-04-30",-6.86,3.93,450,"1995-04-16 2024-04-30",34.14,17.9,450,"1995-04-16 2024-04-30",-0.79,3.69,450,"1995-04-16 2024-04-30",3.36,4.33,450,"1995-04-16 2024-04-30",1.1,3.24,449,"1995-04-16 2024-04-30",0.53,2.35,439,"1995-04-16 2024-04-30",0.68,2.73,441,"1995-04-16 2024-04-30",1.1,2.87,350,"1995-04-16 2024-04-30",,,,
2025-04-22,-0.9,3.44,450,"1995-04-15 2024-04-29",79.14,14.71,450,"1995-04-15 2024-04-29",12.21,6.6,450,"1995-04-15 2024-04-29",30.07,9.27,450,"1995-04-15 2024-04-29",-7.05,3.96,450,"1995-04-15 2024-04-29",34.42,18.31,450,"1995-04-15 2024-04-29",-1.01,3.74,450,"1995-04-15 2024-04-29",3.35,4.31,450,"1995-04-15 2024-04-29",1.09,3.24,449,"1995-04-15 2024-04-29",0.5,2.34,440,"1995-04-15 2024-04-29",0.7,2.74,442,"1995-04-15 2024-04-29",1.2,3.04,355,"1995-04-15 2024-04-29",,,,
2025-04-21,-1.04,3.49,450,"1995-04-14 2024-04-28",79.48,14.8,450,"1995-04-14 2024-04-28",11.91,6.7,450,"1995-04-14 2024-04-28",30.12,9.37,450,"1995-04-14 2024-04-28",-7.17,4.03,450,"1995-04-14 2024-04-28",34.92,18.66,450,"1995-04-14 2024-04-28",-1.2,3.76,450,"1995-04-14 2024-04-28",3.38,4.13,450,"1995-04-14 2024-04-28",1.13,3.33,450,"1995-04-14 2024-04-28",0.48,2.32,440,"1995-04-14 2024-04-28",0.79,2.96,442,"1995-04-14 2024-04-28",1.2,3.16,362,"1995-04-14 2024-04-19",,,,
2025-04-20,-1.17,3.57,450,"1995-04-13 2024-04-27",79.75,14.89,450,"1995-04-13 2024-04-27",11.63,6.66,450,"1995-04-13 2024-04-27",30.02,9.26,450,"1995-04-13 2024-04-27",-7.24,4.13,450,"1995-04-13 2024-04-27",35.52,19.03,450,"1995-04-13 2024-04-27",-1.42,3.81,450,"1995-04-13 2024-04-27",3.34,4.02,450,"1995-04-13 2024-04-27",1.16,3.33,450,"1995-04-13 2024-04-27",0.51,2.39,440,"1995-04-13 2024-04-27",0.8,2.99,441,"1995-04-13 2024-04-27",1.2,3.06,367,"1995-04-13 2024-04-19",,,,
2025-04-19,-1.39,3.69,450,"1995-04-12 2024-04-26",79.63,15.03,450,"1995-04-12 2024-04-26",11.31,6.7,450,"1995-04-12 2024-04-26",29.61,8.89,450,"1995-04-12 2024-04-26",-7.4,4.23,450,"1995-04-12 2024-04-26",35.92,19.17,450,"1995-04-12 2024-04-26",-1.67,3.81,450,"1995-04-12 2024-04-26",3.32,4.07,450,"1995-04-12 2024-04-26",1.2,3.52,450,"1995-04-12 2024-04-26",0.52,2.43,441,"1995-04-12 2024-04-26",0.83,3.04,442,"1995-04-12 2024-04-26",1.2,2.96,372,"1995-04-12 2024-04-19",,,,
2025-04-18,-1.52,3.74,450,"1995-04-11 2024-04-25",79.75,14.74,450,"1995-04-11 2024-04-25",11.11,6.68,450,"1995-04-11 2024-04-25",29.59,8.8,450,"1995-04-11 2024-04-25",-7.59,4.3,450,"1995-04-11 2024-04-25",35.78,18.89,450,"1995-04-11 2024-04-25",-1.84,3.81,450,"1995-04-11 2024-04-25",3.26,3.99,450,"1995-04-11 2024-04-25",1.13,3.38,450,"1995-04-11 2024-04-25",0.49,2.35,445,"1995-04-11 2024-04-25",0.75,2.63,445,"1995-04-11 2024-04-25",1.2,2.97,376,"1995-04-11 2024-04-19",,,,
2025-04-17,-1.72,3.79,450,"1995-04-10 2024-04-24",79.76,14.56,450,"1995-04-10 2024-04-24",10.89,6.6,450,"1995-04-10 2024-04-24",29.47,8.88,450,"1995-04-10 2024-04-24",-7.78,4.35,450,"1995-04-10 2024-04-24",35.8,18.94,450,"1995-04-10 2024-04-24",-2,3.8,450,"1995-04-10 2024-04-24",3.3,4.05,450,"1995-04-10 2024-04-24",1.09,3.26,450,"1995-04-10 2024-04-24",0.44,2.07,446,"1995-04-10 2024-04-24",0.79,2.84,445,"1995-04-10 2024-04-24",1.2,2.96,378,"1995-04-10 2024-04-19",,,,
2025-04-16,-1.82,3.75,450,"1995-04-09 2024-04-23",79.85,14.51,450,"1995-04-09 2024-04-23",10.7,6.58,450,"1995-04-09 2024-04-23",29.66,9.08,450,"1995-04-09 2024-04-23",-7.89,4.29,450,"1995-04-09 2024-04-23",36.04,18.83,450,"1995-04-09 2024-04-23",-2.17,3.76,450,"1995-04-09 2024-04-23",3.36,4.11,450,"1995-04-09 2024-04-23",1.06,3.11,450,"1995-04-09 2024-04-23",0.41,1.97,445,"1995-04-09 2024-04-23",0.78,2.72,444,"1995-04-09 2024-04-23",1.2,2.95,381,"1995-04-09 2024-04-19",,,,
2025-04-15,-1.9,3.78,450,"1995-04-08 2024-04-22",79.61,14.75,450,"1995-04-08 2024-04-22",10.55,6.61,450,"1995-04-08 2024-04-22",29.82,9.35,450,"1995-04-08 2024-04-22",-7.98,4.32,450,"1995-04-08 2024-04-22",36.44,19.13,450,"1995-04-08 2024-04-22",-2.25,3.82,450,"1995-04-08 2024-04-22",3.45,4.15,450,"1995-04-08 2024-04-22",1.11,3.17,450,"1995-04-08 2024-04-22",0.42,1.98,443,"1995-04-08 2024-04-22",0.83,2.77,443,"1995-04-08 2024-04-22",1.2,2.94,384,"1995-04-08 2024-04-19",,,,
2025-04-14,-2.04,3.84,450,"1995-04-07 2024-04-21",79.49,14.86,450,"1995-04-07 2024-04-21",10.33,6.68,450,"1995-04-07 2024-04-21",29.52,9.26,450,"1995-04-07 2024-04-21",-8.12,4.32,450,"1995-04-07 2024-04-21",36.77,19.2,450,"1995-04-07 2024-04-21",-2.44,3.86,450,"1995-04-07 2024-04-21",3.47,4.14,450,"1995-04-07 2024-04-21",1.08,3.16,450,"1995-04-07 2024-04-21",0.4,2,443,"1995-04-07 2024-04-21",0.83,2.75,443,"1995-04-07 2024-04-21",1.2,2.93,384,"1995-04-07 2024-04-19",,,,
2025-04-13,-2.21,3.89,450,"1995-04-06 2024-04-20",79.63,15.09,450,"1995-04-06 2024-04-20",9.93,6.56,450,"1995-04-06 2024-04-20",29.38,9.38,450,"1995-04-06 2024-04-20",-8.26,4.34,450,"1995-04-06 2024-04-20",37.37,19.63,450,"1995-04-06 2024-04-20",-2.61,3.88,450,"1995-04-06 2024-04-20",3.47,4.19,450,"1995-04-06 2024-04-20",1.05,3.1,450,"1995-04-06 2024-04-20",0.37,1.9,444,"1995-04-06 2024-04-20",0.83,2.75,443,"1995-04-06 2024-04-20",1.2,2.94,387,"1995-04-06 2024-04-19",,,,
2025-04-12,-2.34,3.88,450,"1995-04-05 2024-04-19",80.03,15.06,450,"1995-04-05 2024-04-19",9.56,6.48,450,"1995-04-05 2024-04-19",29.21,9.38,450,"1995-04-05 2024-04-19",-8.39,4.38,450,"1995-04-05 2024-04-19",37.91,19.92,450,"1995-04-05 2024-04-19",-2.77,3.84,450,"1995-04-05 2024-04-19",3.52,4.1,450,"1995-04-05 2024-04-19",1.02,2.81,450,"1995-04-05 2024-04-19",0.32,1.37,445,"1995-04-05 2024-04-19",0.84,2.72,444,"1995-04-05 2024-04-19",1.3,2.95,388,"1995-04-05 2024-04-19",,,,
2025-04-11,-2.5,3.9,450,"1995-04-04 2024-04-18",80.14,15.14,450,"1995-04-04 2024-04-18",9.2,6.49,450,"1995-04-04 2024-04-18",29.45,9.47,450,"1995-04-04 2024-04-18",-8.55,4.39,450,"1995-04-04 2024-04-18",38.44,20.04,450,"1995-04-04 2024-04-18",-2.96,3.95,450,"1995-04-04 2024-04-18",3.58,4.02,450,"1995-04-04 2024-04-18",0.96,2.71,450,"1995-04-04 2024-04-18",0.3,1.38,446,"1995-04-04 2024-04-18",0.79,2.51,445,"1995-04-04 2024-04-18",1.4,3.2,389,"1995-04-04 2024-04-18",,,,
2025-04-10,-2.69,3.94,450,"1995-04-03 2024-04-17",80.09,15.12,450,"1995-04-03 2024-04-17",8.89,6.62,450,"1995-04-03 2024-04-17",29.4,9.54,450,"1995-04-03 2024-04-17",-8.67,4.34,450,"1995-04-03 2024-04-17",39.12,20.24,450,"1995-04-03 2024-04-17",-3.18,4.11,450,"1995-04-03 2024-04-17",3.61,3.92,450,"1995-04-03 2024-04-17",0.92,2.66,450,"1995-04-03 2024-04-17",0.29,1.38,445,"1995-04-03 2024-04-17",0.75,2.39,444,"1995-04-03 2024-04-17",1.6,3.65,391,"1995-04-03 2024-04-17",,,,
2025-04-09,-2.86,4.09,450,"1995-04-02 2024-04-16",80.45,14.92,450,"1995-04-02 2024-04-16",8.54,6.74,450,"1995-04-02 2024-04-16",29.49,9.57,450,"1995-04-02 2024-04-16",-8.81,4.46,450,"1995-04-02 2024-04-16",39.65,20.49,450,"1995-04-02 2024-04-16",-3.39,4.22,450,"1995-04-02 2024-04-16",3.69,3.96,450,"1995-04-02 2024-04-16",0.99,2.83,450,"1995-04-02 2024-04-16",0.29,1.37,445,"1995-04-02 2024-04-16",0.86,2.66,444,"1995-04-02 2024-04-16",1.7,3.84,393,"1995-04-02 2024-04-16",,,,
2025-04-08,-2.91,4.21,450,"1995-04-01 2024-04-15",80.76,14.67,450,"1995-04-01 2024-04-15",8.28,6.77,450,"1995-04-01 2024-04-15",29.78,9.93,450,"1995-04-01 2024-04-15",-8.93,4.61,450,"1995-04-01 2024-04-15",39.95,20.48,450,"1995-04-01 2024-04-15",-3.5,4.35,450,"1995-04-01 2024-04-15",3.67,3.95,450,"1995-04-01 2024-04-15",0.98,2.78,450,"1995-04-01 2024-04-15",0.29,1.37,445,"1995-04-01 2024-04-15",0.84,2.61,444,"1995-04-01 2024-04-15",1.8,3.95,394,"1995-04-01 2024-04-14",,,,
2025-04-07,-2.98,4.29,450,"1995-03-31 2024-04-14",80.55,14.8,450,"1995-03-31 2024-04-14",8.23,6.86,450,"1995-03-31 2024-04-14",29.94,10.12,450,"1995-03-31 2024-04-14",-9.05,4.69,450,"1995-03-31 2024-04-14",39.96,20.54,450,"1995-03-31 2024-04-14",-3.56,4.49,450,"1995-03-31 2024-04-14",3.73,4,450,"1995-03-31 2024-04-14",0.97,2.77,450,"1995-03-31 2024-04-14",0.29,1.38,443,"1995-03-31 2024-04-14",0.84,2.61,443,"1995-03-31 2024-04-14",1.8,3.96,395,"1995-03-31 2024-04-14",,,,
2025-04-06,-3.05,4.28,450,"1995-03-30 2024-04-13",80.32,14.77,450,"1995-03-30 2024-04-13",8.19,6.99,450,"1995-03-30 2024-04-13",29.77,9.88,450,"1995-03-30 2024-04-13",-9.16,4.64,450,"1995-03-30 2024-04-13",40.02,20.66,450,"1995-03-30 2024-04-13",-3.71,4.59,450,"1995-03-30 2024-04-13",3.69,4.03,450,"1995-03-30 2024-04-13",0.9,2.63,450,"1995-03-30 2024-04-13",0.28,1.36,444,"1995-03-30 2024-04-13",0.81,2.46,444,"1995-03-30 2024-04-13",1.9,3.96,395,"1995-03-30 2024-04-12",,,,
2025-04-05,-3.17,4.22,450,"1995-03-29 2024-04-12",80.4,14.47,450,"1995-03-29 2024-04-12",8.07,7.02,450,"1995-03-29 2024-04-12",29.74,9.99,450,"1995-03-29 2024-04-12",-9.28,4.54,450,"1995-03-29 2024-04-12",39.79,20.26,450,"1995-03-29 2024-04-12",-3.89,4.57,450,"1995-03-29 2024-04-12",3.66,4.05,450,"1995-03-29 2024-04-12",0.82,2.49,450,"1995-03-29 2024-04-12",0.22,1.12,443,"1995-03-29 2024-04-12",0.77,2.39,444,"1995-03-29 2024-04-12",2,4.06,397,"1995-03-29 2024-04-12",,,,
2025-04-04,-3.22,4.18,450,"1995-03-28 2024-04-11",80.59,14.37,450,"1995-03-28 2024-04-11",7.91,6.96,450,"1995-03-28 2024-04-11",29.86,10.17,450,"1995-03-28 2024-04-11",-9.34,4.51,450,"1995-03-28 2024-04-11",39.96,20.18,450,"1995-03-28 2024-04-11",-3.97,4.63,450,"1995-03-28 2024-04-11",3.67,4.02,450,"1995-03-28 2024-04-11",0.75,2.14,450,"1995-03-28 2024-04-11",0.2,1.02,441,"1995-03-28 2024-04-11",0.74,2.26,442,"1995-03-28 2024-04-11",2.2,4.16,399,"1995-03-28 2024-04-11",,,,
2025-04-03,-3.3,4.13,450,"1995-03-27 2024-04-10",80.63,14.37,450,"1995-03-27 2024-04-10",7.7,6.98,450,"1995-03-27 2024-04-10",29.62,10.23,450,"1995-03-27 2024-04-10",-9.43,4.46,450,"1995-03-27 2024-04-10",40.26,20.24,450,"1995-03-27 2024-04-10",-4.07,4.69,450,"1995-03-27 2024-04-10",3.67,4.05,450,"1995-03-27 2024-04-10",0.74,2.15,450,"1995-03-27 2024-04-10",0.19,1.02,440,"1995-03-27 2024-04-10",0.75,2.31,441,"1995-03-27 2024-04-10",2.4,4.26,401,"1995-03-27 2024-04-09",,,,
2025-04-02,-3.38,4.1,450,"1995-03-26 2024-04-09",80.97,14.25,450,"1995-03-26 2024-04-09",7.49,7.04,450,"1995-03-26 2024-04-09",29.65,10.18,450,"1995-03-26 2024-04-09",-9.52,4.4,450,"1995-03-26 2024-04-09",40.45,20.17,450,"1995-03-26 2024-04-09",-4.28,4.73,450,"1995-03-26 2024-04-09",3.57,4.01,450,"1995-03-26 2024-04-09",0.71,2.03,450,"1995-03-26 2024-04-09",0.17,0.99,439,"1995-03-26 2024-04-09",0.73,2.08,440,"1995-03-26 2024-04-09",2.5,4.34,406,"1995-03-26 2024-04-09",,,,
2025-04-01,-3.55,4.07,450,"1995-03-25 2024-04-08",81.2,14.32,450,"1995-03-25 2024-04-08",7.18,7.05,450,"1995-03-25 2024-04-08",29.45,9.99,450,"1995-03-25 2024-04-08",-9.69,4.44,450,"1995-03-25 2024-04-08",40.95,20.46,450,"1995-03-25 2024-04-08",-4.53,4.79,450,"1995-03-25 2024-04-08",3.61,3.94,450,"1995-03-25 2024-04-08",0.66,1.95,450,"1995-03-25 2024-04-08",0.14,0.86,440,"1995-03-25 2024-04-08",0.72,2.07,441,"1995-03-25 2024-04-08",2.7,4.51,409,"1995-03-25 2024-04-08",,,,
2025-03-31,-3.74,4.07,450,"1995-03-24 2024-04-07",81.93,14.04,450,"1995-03-24 2024-04-07",6.67,7.08,450,"1995-03-24 2024-04-07",29.33,9.74,450,"1995-03-24 2024-04-07",-9.85,4.51,450,"1995-03-24 2024-04-07",41.98,20.77,450,"1995-03-24 2024-04-07",-4.85,4.84,450,"1995-03-24 2024-04-07",3.6,3.97,450,"1995-03-24 2024-04-07",0.6,1.82,450,"1995-03-24 2024-04-07",0.11,0.82,442,"1995-03-24 2024-04-07",0.68,2,442,"1995-03-24 2024-04-07",2.9,4.76,414,"1995-03-24 2024-04-07",,,,
2025-03-30,-3.92,4.11,450,"1995-03-23 2024-04-06",82.47,13.67,450,"1995-03-23 2024-04-06",6.24,7.15,450,"1995-03-23 2024-04-06",29.37,9.94,450,"1995-03-23 2024-04-06",-9.99,4.57,450,"1995-03-23 2024-04-06",42.72,21.26,450,"1995-03-23 2024-04-06",-5.07,4.94,450,"1995-03-23 2024-04-06",3.55,4.02,450,"1995-03-23 2024-04-06",0.58,1.76,450,"1995-03-23 2024-04-06",0.08,0.6,442,"1995-03-23 2024-04-06",0.7,2.04,442,"1995-03-23 2024-04-06",3.1,5.08,416,"1995-03-23 2024-04-06",,,,
2025-03-29,-3.98,4.11,450,"1995-03-22 2024-04-05",82.96,13.17,450,"1995-03-22 2024-04-05",6.02,7.21,450,"1995-03-22 2024-04-05",29.19,9.95,450,"1995-03-22 2024-04-05",-10.11,4.59,450,"1995-03-22 2024-04-05",43.17,21.17,450,"1995-03-22 2024-04-05",-5.3,4.92,450,"1995-03-22 2024-04-05",3.53,3.99,450,"1995-03-22 2024-04-05",0.67,2,450,"1995-03-22 2024-04-05",0.07,0.57,442,"1995-03-22 2024-04-05",0.82,2.32,443,"1995-03-22 2024-04-05",3.2,5.16,418,"1995-03-22 2024-04-05",,,,
2025-03-28,-4.1,4.2,450,"1995-03-21 2024-04-04",82.76,13.31,450,"1995-03-21 2024-04-04",5.88,7.26,450,"1995-03-21 2024-04-04",29.36,10.07,450,"1995-03-21 2024-04-04",-10.26,4.63,450,"1995-03-21 2024-04-04",43.44,21.21,450,"1995-03-21 2024-04-04",-5.44,5.01,450,"1995-03-21 2024-04-04",3.52,4.04,450,"1995-03-21 2024-04-04",0.65,1.98,450,"1995-03-21 2024-04-04",0.05,0.4,441,"1995-03-21 2024-04-04",0.83,2.35,442,"1995-03-21 2024-04-04",3.2,5.2,421,"1995-03-21 2024-04-04",,,,
2025-03-27,-4.14,4.27,450,"1995-03-20 2024-04-03",82.58,13.11,450,"1995-03-20 2024-04-03",5.85,7.33,450,"1995-03-20 2024-04-03",29.2,10.14,450,"1995-03-20 2024-04-03",-10.41,4.67,450,"1995-03-20 2024-04-03",43.2,21.39,450,"1995-03-20 2024-04-03",-5.56,5.02,450,"1995-03-20 2024-04-03",3.49,4.05,450,"1995-03-20 2024-04-03",0.65,1.93,450,"1995-03-20 2024-04-03",0.03,0.18,441,"1995-03-20 2024-04-03",0.85,2.42,442,"1995-03-20 2024-04-03",3.2,5.22,423,"1995-03-20 2024-04-03",,,,
2025-03-26,-4.18,4.33,450,"1995-03-19 2024-04-02",82.57,12.98,450,"1995-03-19 2024-04-02",5.82,7.34,450,"1995-03-19 2024-04-02",29.06,10.18,450,"1995-03-19 2024-04-02",-10.51,4.71,450,"1995-03-19 2024-04-02",42.81,21.28,450,"1995-03-19 2024-04-02",-5.59,5.04,450,"1995-03-19 2024-04-02",3.44,4.04,450,"1995-03-19 2024-04-02",0.66,1.93,450,"1995-03-19 2024-04-02",0.03,0.18,442,"1995-03-19 2024-04-02",0.85,2.4,443,"1995-03-19 2024-04-02",3.1,5.17,424,"1995-03-19 2024-04-01",,,,
2025-03-25,-4.19,4.29,450,"1995-03-18 2024-04-01",82.54,12.99,450,"1995-03-18 2024-04-01",5.78,7.31,450,"1995-03-18 2024-04-01",28.84,9.99,450,"1995-03-18 2024-04-01",-10.52,4.64,450,"1995-03-18 2024-04-01",42.82,20.92,450,"1995-03-18 2024-04-01",-5.7,5.06,450,"1995-03-18 2024-04-01",3.26,3.93,450,"1995-03-18 2024-04-01",0.59,1.68,450,"1995-03-18 2024-04-01",0.04,0.2,441,"1995-03-18 2024-04-01",0.76,2.12,443,"1995-03-18 2024-04-01",3.2,5.36,427,"1995-03-18 2024-04-01",,,,
2025-03-24,-4.28,4.28,450,"1995-03-17 2024-03-31",82.53,13.03,450,"1995-03-17 2024-03-31",5.64,7.32,450,"1995-03-17 2024-03-31",28.59,9.65,450,"1995-03-17 2024-03-31",-10.56,4.59,450,"1995-03-17 2024-03-31",43.06,20.88,450,"1995-03-17 2024-03-31",-5.83,5.07,450,"1995-03-17 2024-03-31",3.2,3.88,450,"1995-03-17 2024-03-31",0.58,1.7,450,"1995-03-17 2024-03-31",0.03,0.17,441,"1995-03-17 2024-03-31",0.77,2.18,443,"1995-03-17 2024-03-31",3.2,5.5,430,"1995-03-17 2024-03-31",,,,
2025-03-23,-4.33,4.28,450,"1995-03-16 2024-03-30",82.76,12.78,450,"1995-03-16 2024-03-30",5.39,7.29,450,"1995-03-16 2024-03-30",28.31,9.51,450,"1995-03-16 2024-03-30",-10.59,4.6,450,"1995-03-16 2024-03-30",43.77,21.15,450,"1995-03-16 2024-03-30",-5.99,5.06,450,"1995-03-16 2024-03-30",3.08,3.84,450,"1995-03-16 2024-03-30",0.64,2.08,450,"1995-03-16 2024-03-30",0.03,0.25,443,"1995-03-16 2024-03-30",0.83,2.43,444,"1995-03-16 2024-03-30",3.3,5.48,433,"1995-03-16 2024-03-30",,,,
2025-03-22,-4.38,4.38,450,"1995-03-15 2024-03-29",83.05,12.6,450,"1995-03-15 2024-03-29",5.21,7.19,450,"1995-03-15 2024-03-29",28.05,9.63,450,"1995-03-15 2024-03-29",-10.65,4.7,450,"1995-03-15 2024-03-29",43.99,20.94,450,"1995-03-15 2024-03-29",-6.15,5.13,450,"1995-03-15 2024-03-29",3,3.8,450,"1995-03-15 2024-03-29",0.63,2.07,450,"1995-03-15 2024-03-29",0.03,0.25,443,"1995-03-15 2024-03-29",0.79,2.35,444,"1995-03-15 2024-03-29",3.3,5.47,435,"1995-03-15 2024-03-29",,,,
2025-03-21,-4.4,4.54,450,"1995-03-14 2024-03-28",83.15,12.55,450,"1995-03-14 2024-03-28",5.11,7.25,450,"1995-03-14 2024-03-28",28.05,9.54,450,"1995-03-14 2024-03-28",-10.75,4.87,450,"1995-03-14 2024-03-28",44.3,20.87,450,"1995-03-14 2024-03-28",-6.22,5.35,450,"1995-03-14 2024-03-28",2.99,3.74,450,"1995-03-14 2024-03-28",0.63,2.08,450,"1995-03-14 2024-03-28",0.03,0.25,443,"1995-03-14 2024-03-28",0.79,2.36,444,"1995-03-14 2024-03-28",3.3,5.48,436,"1995-03-14 2024-03-28",,,,
2025-03-20,-4.45,4.58,450,"1995-03-13 2024-03-27",83.06,12.47,450,"1995-03-13 2024-03-27",5.04,7.35,450,"1995-03-13 2024-03-27",28.04,9.7,450,"1995-03-13 2024-03-27",-10.88,4.92,450,"1995-03-13 2024-03-27",44.52,20.73,450,"1995-03-13 2024-03-27",-6.41,5.47,450,"1995-03-13 2024-03-27",2.98,3.81,450,"1995-03-13 2024-03-27",0.64,2.11,450,"1995-03-13 2024-03-27",0.03,0.24,444,"1995-03-13 2024-03-27",0.81,2.38,445,"1995-03-13 2024-03-27",3.3,5.52,436,"1995-03-13 2024-03-27",,,,
2025-03-19,-4.56,4.67,450,"1995-03-12 2024-03-26",82.91,12.7,450,"1995-03-12 2024-03-26",4.97,7.48,450,"1995-03-12 2024-03-26",28.37,9.92,450,"1995-03-12 2024-03-26",-11.01,4.98,450,"1995-03-12 2024-03-26",44.56,20.68,450,"1995-03-12 2024-03-26",-6.55,5.58,450,"1995-03-12 2024-03-26",3.05,3.88,450,"1995-03-12 2024-03-26",0.64,2.09,450,"1995-03-12 2024-03-26",0.03,0.25,445,"1995-03-12 2024-03-26",0.8,2.36,446,"1995-03-12 2024-03-26",3.3,5.53,437,"1995-03-12 2024-03-26",,,,
2025-03-18,-4.67,4.86,450,"1995-03-11 2024-03-25",82.68,12.68,450,"1995-03-11 2024-03-25",4.87,7.76,450,"1995-03-11 2024-03-25",28.34,10.04,450,"1995-03-11 2024-03-25",-11.25,5.16,450,"1995-03-11 2024-03-25",44.61,20.65,450,"1995-03-11 2024-03-25",-6.74,5.83,450,"1995-03-11 2024-03-25",3.12,3.94,450,"1995-03-11 2024-03-25",0.62,2.06,450,"1995-03-11 2024-03-25",0.03,0.25,446,"1995-03-11 2024-03-25",0.77,2.35,447,"1995-03-11 2024-03-25",3.4,5.57,437,"1995-03-11 2024-03-25",,,,
2025-03-17,-4.9,5.18,450,"1995-03-10 2024-03-24",82.38,12.41,450,"1995-03-10 2024-03-24",4.64,8.09,450,"1995-03-10 2024-03-24",28.4,10.08,450,"1995-03-10 2024-03-24",-11.49,5.39,450,"1995-03-10 2024-03-24",44.46,20.39,450,"1995-03-10 2024-03-24",-6.99,6.09,450,"1995-03-10 2024-03-24",3,3.86,450,"1995-03-10 2024-03-24",0.63,2.09,450,"1995-03-10 2024-03-24",0.03,0.25,445,"1995-03-10 2024-03-24",0.77,2.35,446,"1995-03-10 2024-03-24",3.4,5.52,437,"1995-03-10 2024-03-24",,,,
2025-03-16,-5.14,5.5,450,"1995-03-09 2024-03-23",81.87,12.39,450,"1995-03-09 2024-03-23",4.54,8.41,450,"1995-03-09 2024-03-23",28.43,10.12,450,"1995-03-09 2024-03-23",-11.84,5.64,450,"1995-03-09 2024-03-23",43.69,20,450,"1995-03-09 2024-03-23",-7.24,6.41,450,"1995-03-09 2024-03-23",2.85,3.79,450,"1995-03-09 2024-03-23",0.64,2.1,450,"1995-03-09 2024-03-23",0.03,0.26,444,"1995-03-09 2024-03-23",0.79,2.36,445,"1995-03-09 2024-03-23",3.5,5.4,436,"1995-03-09 2024-03-23",,,,
2025-03-15,-5.37,5.76,450,"1995-03-08 2024-03-22",81.32,12.33,450,"1995-03-08 2024-03-22",4.29,8.66,450,"1995-03-08 2024-03-22",28.45,10.09,450,"1995-03-08 2024-03-22",-12.18,5.91,450,"1995-03-08 2024-03-22",43.56,19.6,450,"1995-03-08 2024-03-22",-7.54,6.74,450,"1995-03-08 2024-03-22",2.89,3.75,450,"1995-03-08 2024-03-22",0.62,2.07,450,"1995-03-08 2024-03-22",0.03,0.25,444,"1995-03-08 2024-03-22",0.76,2.3,445,"1995-03-08 2024-03-22",3.5,5.19,437,"1995-03-08 2024-03-22",,,,
2025-03-14,-5.75,6.06,450,"1995-03-07 2024-03-21",80.98,12.12,450,"1995-03-07 2024-03-21",3.96,8.99,450,"1995-03-07 2024-03-21",28.43,10.17,450,"1995-03-07 2024-03-21",-12.61,6.23,450,"1995-03-07 2024-03-21",43.36,19.32,450,"1995-03-07 2024-03-21",-8,7.09,450,"1995-03-07 2024-03-21",2.85,3.72,450,"1995-03-07 2024-03-21",0.54,1.85,450,"1995-03-07 2024-03-21",0.03,0.25,444,"1995-03-07 2024-03-21",0.67,2.06,445,"1995-03-07 2024-03-21",3.6,5.22,438,"1995-03-07 2024-03-21",,,,
2025-03-13,-6.1,6.36,450,"1995-03-06 2024-03-20",81.08,11.63,450,"1995-03-06 2024-03-20",3.48,9.39,450,"1995-03-06 2024-03-20",27.98,10.17,450,"1995-03-06 2024-03-20",-13.04,6.51,450,"1995-03-06 2024-03-20",43.72,19.12,450,"1995-03-06 2024-03-20",-8.52,7.41,450,"1995-03-06 2024-03-20",2.72,3.62,450,"1995-03-06 2024-03-20",0.53,1.84,450,"1995-03-06 2024-03-20",0.03,0.25,445,"1995-03-06 2024-03-20",0.67,2.05,446,"1995-03-06 2024-03-20",3.8,5.27,438,"1995-03-06 2024-03-20",,,,
2025-03-12,-6.5,6.5,450,"1995-03-05 2024-03-19",81.09,11.52,450,"1995-03-05 2024-03-19",2.95,9.64,450,"1995-03-05 2024-03-19",27.65,10.3,450,"1995-03-05 2024-03-19",-13.42,6.8,450,"1995-03-05 2024-03-19",44.69,19.1,450,"1995-03-05 2024-03-19",-9.01,7.71,450,"1995-03-05 2024-03-19",2.65,3.52,450,"1995-03-05 2024-03-19",0.53,1.77,450,"1995-03-05 2024-03-19",0.03,0.25,445,"1995-03-05 2024-03-19",0.67,1.99,446,"1995-03-05 2024-03-19",4,5.27,439,"1995-03-05 2024-03-19",,,,
2025-03-11,-6.83,6.7,450,"1995-03-04 2024-03-18",81.39,11.32,450,"1995-03-04 2024-03-18",2.39,9.79,450,"1995-03-04 2024-03-18",27.56,10.31,450,"1995-03-04 2024-03-18",-13.75,6.99,450,"1995-03-04 2024-03-18",45.58,19.15,450,"1995-03-04 2024-03-18",-9.48,7.85,450,"1995-03-04 2024-03-18",2.63,3.46,450,"1995-03-04 2024-03-18",0.54,1.77,450,"1995-03-04 2024-03-18",0.03,0.25,445,"1995-03-04 2024-03-18",0.68,1.99,446,"1995-03-04 2024-03-18",4.1,5.24,441,"1995-03-04 2024-03-18",,,,
2025-03-10,-7.13,6.84,450,"1995-03-03 2024-03-17",81.33,11.27,450,"1995-03-03 2024-03-17",1.92,9.89,450,"1995-03-03 2024-03-17",27.61,10.54,450,"1995-03-03 2024-03-17",-14.04,7.12,450,"1995-03-03 2024-03-17",46.3,19.43,450,"1995-03-03 2024-03-17",-9.75,7.98,450,"1995-03-03 2024-03-17",2.7,3.48,450,"1995-03-03 2024-03-17",0.6,1.85,450,"1995-03-03 2024-03-17",0.03,0.3,445,"1995-03-03 2024-03-17",0.77,2.12,446,"1995-03-03 2024-03-17",4.2,5.02,442,"1995-03-03 2024-03-17",,,,
2025-03-09,-7.34,6.94,450,"1995-03-02 2024-03-16",81.42,11.23,450,"1995-03-02 2024-03-16",1.59,9.99,450,"1995-03-02 2024-03-16",27.69,10.65,450,"1995-03-02 2024-03-16",-14.29,7.23,450,"1995-03-02 2024-03-16",46.89,19.43,450,"1995-03-02 2024-03-16",-10.08,8.08,450,"1995-03-02 2024-03-16",2.82,3.53,450,"1995-03-02 2024-03-16",0.65,1.96,450,"1995-03-02 2024-03-16",0.04,0.3,444,"1995-03-02 2024-03-16",0.84,2.28,445,"1995-03-02 2024-03-16",4.2,4.8,443,"1995-03-02 2024-03-16",,,,
2025-03-08,-7.61,7.06,450,"1995-03-01 2024-03-15",81.44,11.05,450,"1995-03-01 2024-03-15",1.29,10.13,450,"1995-03-01 2024-03-15",27.65,10.62,450,"1995-03-01 2024-03-15",-14.58,7.31,450,"1995-03-01 2024-03-15",46.87,19.12,450,"1995-03-01 2024-03-15",-10.4,8.17,450,"1995-03-01 2024-03-15",2.82,3.53,450,"1995-03-01 2024-03-15",0.58,1.55,450,"1995-03-01 2024-03-15",0.02,0.23,444,"1995-03-01 2024-03-15",0.78,2,445,"1995-03-01 2024-03-15",4.3,4.79,443,"1995-03-01 2024-03-15",,,,
2025-03-07,-7.87,7.01,450,"1995-02-28 2024-03-14",81.1,11.01,450,"1995-02-28 2024-03-14",1,10.11,450,"1995-02-28 2024-03-14",27.64,10.61,450,"1995-02-28 2024-03-14",-14.92,7.28,450,"1995-02-28 2024-03-14",47.02,19,450,"1995-02-28 2024-03-14",-10.73,8.12,450,"1995-02-28 2024-03-14",2.84,3.59,450,"1995-02-28 2024-03-14",0.59,1.55,450,"1995-02-28 2024-03-14",0.02,0.22,444,"1995-02-28 2024-03-14",0.81,2.02,445,"1995-02-28 2024-03-14",4.3,4.75,443,"1995-02-28 2024-03-14",,,,
2025-03-06,-8.14,6.93,450,"1995-02-27 2024-03-13",80.98,11.09,450,"1995-02-27 2024-03-13",0.64,9.94,450,"1995-02-27 2024-03-13",27.32,10.62,450,"1995-02-27 2024-03-13",-15.18,7.23,450,"1995-02-27 2024-03-13",47.36,18.72,450,"1995-02-27 2024-03-13",-11.09,8.03,450,"1995-02-27 2024-03-13",2.75,3.56,450,"1995-02-27 2024-03-13",0.58,1.52,450,"1995-02-27 2024-03-13",0.02,0.22,445,"1995-02-27 2024-03-13",0.8,1.99,446,"1995-02-27 2024-03-13",4.4,4.72,444,"1995-02-27 2024-03-13",,,,
2025-03-05,-8.5,6.95,450,"1995-02-26 2024-03-12",80.9,10.92,450,"1995-02-26 2024-03-12",0.14,9.92,450,"1995-02-26 2024-03-12",26.91,10.43,450,"1995-02-26 2024-03-12",-15.53,7.23,450,"1995-02-26 2024-03-12",47.77,18.82,450,"1995-02-26 2024-03-12",-11.47,8,450,"1995-02-26 2024-03-12",2.73,3.46,450,"1995-02-26 2024-03-12",0.59,1.49,450,"1995-02-26 2024-03-12",0.02,0.22,446,"1995-02-26 2024-03-12",0.81,1.97,447,"1995-02-26 2024-03-12",4.5,4.68,444,"1995-02-26 2024-03-12",,,,
2025-03-04,-8.84,7.02,450,"1995-02-25 2024-03-11",80.86,10.6,450,"1995-02-25 2024-03-11",-0.37,9.86,450,"1995-02-25 2024-03-11",26.54,10.27,450,"1995-02-25 2024-03-11",-15.94,7.34,450,"1995-02-25 2024-03-11",48.2,18.6,450,"1995-02-25 2024-03-11",-11.97,8.04,450,"1995-02-25 2024-03-11",2.67,3.4,450,"1995-02-25 2024-03-11",0.58,1.48,450,"1995-02-25 2024-03-11",0.02,0.22,446,"1995-02-25 2024-03-11",0.79,1.93,446,"1995-02-25 2024-03-11",4.6,4.65,444,"1995-02-25 2024-03-11",,,,
2025-03-03,-9.12,7.03,450,"1995-02-24 2024-03-10",80.93,10.56,450,"1995-02-24 2024-03-10",-0.74,9.8,450,"1995-02-24 2024-03-10",26.35,10.28,450,"1995-02-24 2024-03-10",-16.16,7.41,450,"1995-02-24 2024-03-10",48.47,18.45,450,"1995-02-24 2024-03-10",-12.26,8.06,450,"1995-02-24 2024-03-10",2.62,3.35,450,"1995-02-24 2024-03-10",0.61,1.5,450,"1995-02-24 2024-03-10",0.01,0.21,445,"1995-02-24 2024-03-10",0.86,2.02,445,"1995-02-24 2024-03-10",4.6,4.63,444,"1995-02-24 2024-03-10",,,,
2025-03-02,-9.22,6.98,450,"1995-02-23 2024-03-09",81.09,10.55,450,"1995-02-23 2024-03-09",-1,9.65,450,"1995-02-23 2024-03-09",26.15,10.29,450,"1995-02-23 2024-03-09",-16.3,7.39,450,"1995-02-23 2024-03-09",49.02,18.35,450,"1995-02-23 2024-03-09",-12.42,8.03,450,"1995-02-23 2024-03-09",2.61,3.37,450,"1995-02-23 2024-03-09",0.62,1.47,450,"1995-02-23 2024-03-09",0.01,0.21,445,"1995-02-23 2024-03-09",0.89,2.02,445,"1995-02-23 2024-03-09",4.6,4.65,445,"1995-02-23 2024-03-09",,,,
2025-03-01,-9.28,6.85,450,"1995-02-22 2024-03-08",81.16,10.78,450,"1995-02-22 2024-03-08",-1.13,9.42,450,"1995-02-22 2024-03-08",25.92,10.12,450,"1995-02-22 2024-03-08",-16.27,7.29,450,"1995-02-22 2024-03-08",49.43,18.25,450,"1995-02-22 2024-03-08",-12.46,7.9,450,"1995-02-22 2024-03-08",2.66,3.36,450,"1995-02-22 2024-03-08",0.67,1.54,450,"1995-02-22 2024-03-08",0.01,0.21,445,"1995-02-22 2024-03-08",0.94,2.13,446,"1995-02-22 2024-03-08",4.4,4.64,446,"1995-02-22 2024-03-08",,,,
2025-02-28,-9.17,6.72,450,"1995-02-21 2024-03-06",81.26,11.02,450,"1995-02-21 2024-03-06",-0.91,9.2,450,"1995-02-21 2024-03-06",25.78,10.11,450,"1995-02-21 2024-03-06",-16.09,7.14,450,"1995-02-21 2024-03-06",49.02,18.06,450,"1995-02-21 2024-03-06",-12.27,7.74,450,"1995-02-21 2024-03-06",2.55,3.37,450,"1995-02-21 2024-03-06",0.65,1.55,450,"1995-02-21 2024-03-06",0.01,0.21,445,"1995-02-21 2024-03-06",0.93,2.13,446,"1995-02-21 2024-03-06",4.2,4.59,447,"1995-02-21 2024-03-06",,,,
2025-02-27,-9.04,6.52,450,"1995-02-20 2024-03-05",81.35,11.33,450,"1995-02-20 2024-03-05",-0.69,8.96,450,"1995-02-20 2024-03-05",25.76,9.99,450,"1995-02-20 2024-03-05",-15.93,6.96,450,"1995-02-20 2024-03-05",48.96,18.23,450,"1995-02-20 2024-03-05",-12.12,7.6,450,"1995-02-20 2024-03-05",2.51,3.31,450,"1995-02-20 2024-03-05",0.66,1.63,450,"1995-02-20 2024-03-05",0.01,0.2,445,"1995-02-20 2024-03-05",0.92,2.17,445,"1995-02-20 2024-03-05",4,4.51,447,"1995-02-20 2024-03-05",,,,
2025-02-26,-8.78,6.37,450,"1995-02-19 2024-03-04",81.4,11.6,450,"1995-02-19 2024-03-04",-0.34,8.71,450,"1995-02-19 2024-03-04",25.94,10.03,450,"1995-02-19 2024-03-04",-15.65,6.79,450,"1995-02-19 2024-03-04",48.37,18.22,450,"1995-02-19 2024-03-04",-11.79,7.45,450,"1995-02-19 2024-03-04",2.57,3.34,450,"1995-02-19 2024-03-04",0.63,1.59,450,"1995-02-19 2024-03-04",0.01,0.2,444,"1995-02-19 2024-03-04",0.9,2.15,444,"1995-02-19 2024-03-04",3.9,4.44,447,"1995-02-19 2024-03-04",,,,
2025-02-25,-8.61,6.27,450,"1995-02-18 2024-03-03",81.26,11.62,450,"1995-02-18 2024-03-03",-0.09,8.52,450,"1995-02-18 2024-03-03",26.04,9.82,450,"1995-02-18 2024-03-03",-15.42,6.63,450,"1995-02-18 2024-03-03",47.84,18.08,450,"1995-02-18 2024-03-03",-11.55,7.31,450,"1995-02-18 2024-03-03",2.5,3.31,450,"1995-02-18 2024-03-03",0.6,1.57,450,"1995-02-18 2024-03-03",0.01,0.2,442,"1995-02-18 2024-03-03",0.85,2.1,443,"1995-02-18 2024-03-03",3.8,4.44,446,"1995-02-18 2024-03-03",,,,
2025-02-24,-8.49,6.15,450,"1995-02-17 2024-03-02",81,11.61,450,"1995-02-17 2024-03-02",0.13,8.35,450,"1995-02-17 2024-03-02",26.01,9.82,450,"1995-02-17 2024-03-02",-15.32,6.59,450,"1995-02-17 2024-03-02",47.4,17.72,450,"1995-02-17 2024-03-02",-11.4,7.27,450,"1995-02-17 2024-03-02",2.44,3.27,450,"1995-02-17 2024-03-02",0.61,1.58,450,"1995-02-17 2024-03-02",0.01,0.2,441,"1995-02-17 2024-03-02",0.83,2.09,443,"1995-02-17 2024-03-02",3.7,4.47,446,"1995-02-17 2024-03-02",,,,
2025-02-23,-8.47,6.1,450,"1995-02-16 2024-03-01",80.99,11.37,450,"1995-02-16 2024-03-01",0.3,8.32,450,"1995-02-16 2024-03-01",26.03,9.91,450,"1995-02-16 2024-03-01",-15.37,6.55,450,"1995-02-16 2024-03-01",46.68,17.3,450,"1995-02-16 2024-03-01",-11.43,7.28,450,"1995-02-16 2024-03-01",2.33,3.29,450,"1995-02-16 2024-03-01",0.5,1.35,450,"1995-02-16 2024-03-01",0,0.02,441,"1995-02-16 2024-03-01",0.7,1.78,442,"1995-02-16 2024-03-01",3.8,4.56,446,"1995-02-16 2024-03-01",,,,
2025-02-22,-8.5,6.04,450,"1995-02-15 2024-02-29",80.77,11.39,450,"1995-02-15 2024-02-29",0.37,8.27,450,"1995-02-15 2024-02-29",26,9.87,450,"1995-02-15 2024-02-29",-15.37,6.47,450,"1995-02-15 2024-02-29",46.24,16.91,450,"1995-02-15 2024-02-29",-11.39,7.25,450,"1995-02-15 2024-02-29",2.22,3.2,450,"1995-02-15 2024-02-29",0.48,1.27,450,"1995-02-15 2024-02-29",0,0.02,442,"1995-02-15 2024-02-29",0.68,1.7,443,"1995-02-15 2024-02-29",3.8,4.72,446,"1995-02-15 2024-02-29",,,,
2025-02-21,-8.5,5.93,450,"1995-02-14 2024-02-28",80.76,11.45,450,"1995-02-14 2024-02-28",0.37,8.14,450,"1995-02-14 2024-02-28",26.09,10.03,450,"1995-02-14 2024-02-28",-15.36,6.48,450,"1995-02-14 2024-02-28",46.25,16.9,450,"1995-02-14 2024-02-28",-11.37,7.24,450,"1995-02-14 2024-02-28",2.28,3.21,450,"1995-02-14 2024-02-28",0.47,1.27,450,"1995-02-14 2024-02-28",0,0.02,442,"1995-02-14 2024-02-28",0.67,1.7,443,"1995-02-14 2024-02-28",3.9,4.82,446,"1995-02-14 2024-02-28",,,,
2025-02-20,-8.41,6.03,450,"1995-02-13 2024-02-27",80.76,11.64,450,"1995-02-13 2024-02-27",0.45,8.27,450,"1995-02-13 2024-02-27",26.52,10.35,450,"1995-02-13 2024-02-27",-15.25,6.47,450,"1995-02-13 2024-02-27",46.14,16.94,450,"1995-02-13 2024-02-27",-11.21,7.34,450,"1995-02-13 2024-02-27",2.32,3.14,450,"1995-02-13 2024-02-27",0.47,1.25,450,"1995-02-13 2024-02-27",0,0.03,441,"1995-02-13 2024-02-27",0.66,1.66,442,"1995-02-13 2024-02-27",4,5.05,446,"1995-02-13 2024-02-27",,,,
2025-02-19,-8.34,6.07,450,"1995-02-12 2024-02-26",80.43,11.91,450,"1995-02-12 2024-02-26",0.57,8.38,450,"1995-02-12 2024-02-26",26.71,10.28,450,"1995-02-12 2024-02-26",-15.24,6.54,450,"1995-02-12 2024-02-26",46.12,17.24,450,"1995-02-12 2024-02-26",-11.14,7.43,450,"1995-02-12 2024-02-26",2.36,3.14,450,"1995-02-12 2024-02-26",0.46,1.25,450,"1995-02-12 2024-02-26",0,0.02,440,"1995-02-12 2024-02-26",0.65,1.67,441,"1995-02-12 2024-02-26",4.1,5.24,447,"1995-02-12 2024-02-26",,,,
2025-02-18,-8.39,6.2,450,"1995-02-11 2024-02-25",80.26,12.21,450,"1995-02-11 2024-02-25",0.6,8.5,450,"1995-02-11 2024-02-25",26.95,10.42,450,"1995-02-11 2024-02-25",-15.25,6.6,450,"1995-02-11 2024-02-25",45.94,17.27,450,"1995-02-11 2024-02-25",-11.14,7.51,450,"1995-02-11 2024-02-25",2.36,3.14,450,"1995-02-11 2024-02-25",0.44,1.24,450,"1995-02-11 2024-02-25",0,0.02,437,"1995-02-11 2024-02-25",0.62,1.66,439,"1995-02-11 2024-02-25",4.2,5.46,448,"1995-02-11 2024-02-25",,,,
2025-02-17,-8.42,6.25,450,"1995-02-10 2024-02-24",80.1,12.35,450,"1995-02-10 2024-02-24",0.53,8.56,450,"1995-02-10 2024-02-24",27.11,10.26,450,"1995-02-10 2024-02-24",-15.29,6.55,450,"1995-02-10 2024-02-24",46.06,17.25,450,"1995-02-10 2024-02-24",-11.13,7.49,450,"1995-02-10 2024-02-24",2.38,3.13,450,"1995-02-10 2024-02-24",0.45,1.26,450,"1995-02-10 2024-02-24",0,0.02,437,"1995-02-10 2024-02-24",0.63,1.68,440,"1995-02-10 2024-02-24",4.4,5.74,449,"1995-02-10 2024-02-24",,,,
2025-02-16,-8.49,6.37,450,"1995-02-09 2024-02-23",79.96,12.36,450,"1995-02-09 2024-02-23",0.42,8.67,450,"1995-02-09 2024-02-23",27.43,10.69,450,"1995-02-09 2024-02-23",-15.36,6.57,450,"1995-02-09 2024-02-23",46.31,17.31,450,"1995-02-09 2024-02-23",-11.19,7.53,450,"1995-02-09 2024-02-23",2.44,3.17,450,"1995-02-09 2024-02-23",0.44,1.32,450,"1995-02-09 2024-02-23",0,0.02,437,"1995-02-09 2024-02-23",0.6,1.69,440,"1995-02-09 2024-02-23",4.5,5.95,449,"1995-02-09 2024-02-23",,,,
2025-02-15,-8.49,6.36,450,"1995-02-08 2024-02-22",80,12.32,450,"1995-02-08 2024-02-22",0.34,8.71,450,"1995-02-08 2024-02-22",27.4,10.72,450,"1995-02-08 2024-02-22",-15.38,6.66,450,"1995-02-08 2024-02-22",46.85,17.61,450,"1995-02-08 2024-02-22",-11.28,7.58,450,"1995-02-08 2024-02-22",2.41,3.15,450,"1995-02-08 2024-02-22",0.47,1.42,450,"1995-02-08 2024-02-22",0,0.03,438,"1995-02-08 2024-02-22",0.64,1.8,441,"1995-02-08 2024-02-22",4.7,6.07,449,"1995-02-08 2024-02-22",,,,
2025-02-14,-8.54,6.39,450,"1995-02-07 2024-02-21",79.98,12.28,450,"1995-02-07 2024-02-21",0.29,8.81,450,"1995-02-07 2024-02-21",27.39,10.81,450,"1995-02-07 2024-02-21",-15.42,6.72,450,"1995-02-07 2024-02-21",47.21,17.99,450,"1995-02-07 2024-02-21",-11.33,7.63,450,"1995-02-07 2024-02-21",2.46,3.14,450,"1995-02-07 2024-02-21",0.46,1.42,450,"1995-02-07 2024-02-21",0,0.03,438,"1995-02-07 2024-02-21",0.63,1.77,440,"1995-02-07 2024-02-21",4.8,6.15,449,"1995-02-07 2024-02-21",,,,
2025-02-13,-8.68,6.43,450,"1995-02-06 2024-02-20",79.9,12.19,450,"1995-02-06 2024-02-20",0,8.88,450,"1995-02-06 2024-02-20",27.44,10.94,450,"1995-02-06 2024-02-20",-15.5,6.75,450,"1995-02-06 2024-02-20",47.99,18.32,450,"1995-02-06 2024-02-20",-11.48,7.66,450,"1995-02-06 2024-02-20",2.52,3.1,450,"1995-02-06 2024-02-20",0.47,1.42,450,"1995-02-06 2024-02-20",0,0.03,438,"1995-02-06 2024-02-20",0.64,1.77,440,"1995-02-06 2024-02-20",4.9,6.2,449,"1995-02-06 2024-02-20",,,,
2025-02-12,-8.75,6.54,450,"1995-02-05 2024-02-19",79.76,11.98,450,"1995-02-05 2024-02-19",-0.14,9,450,"1995-02-05 2024-02-19",27.39,10.96,450,"1995-02-05 2024-02-19",-15.62,6.79,450,"1995-02-05 2024-02-19",48.33,18.13,450,"1995-02-05 2024-02-19",-11.6,7.72,450,"1995-02-05 2024-02-19",2.53,3.18,450,"1995-02-05 2024-02-19",0.45,1.32,450,"1995-02-05 2024-02-19",0,0.03,437,"1995-02-05 2024-02-19",0.64,1.71,440,"1995-02-05 2024-02-19",5,6.18,449,"1995-02-05 2024-02-19",,,,
2025-02-11,-8.91,6.6,450,"1995-02-04 2024-02-18",79.49,11.79,450,"1995-02-04 2024-02-18",-0.27,9.13,450,"1995-02-04 2024-02-18",27.48,11.02,450,"1995-02-04 2024-02-18",-15.8,6.81,450,"1995-02-04 2024-02-18",48.39,18.14,450,"1995-02-04 2024-02-18",-11.8,7.77,450,"1995-02-04 2024-02-18",2.56,3.21,450,"1995-02-04 2024-02-18",0.48,1.38,450,"1995-02-04 2024-02-18",0,0.02,435,"1995-02-04 2024-02-18",0.67,1.77,440,"1995-02-04 2024-02-18",5.1,6.13,449,"1995-02-04 2024-02-18",,,,
2025-02-10,-9.03,6.64,450,"1995-02-03 2024-02-17",79.38,12.04,450,"1995-02-03 2024-02-17",-0.42,9.24,450,"1995-02-03 2024-02-17",27.38,11.06,450,"1995-02-03 2024-02-17",-15.95,6.87,450,"1995-02-03 2024-02-17",48.69,18.16,450,"1995-02-03 2024-02-17",-11.94,7.89,450,"1995-02-03 2024-02-17",2.64,3.26,450,"1995-02-03 2024-02-17",0.52,1.45,450,"1995-02-03 2024-02-17",0,0.04,435,"1995-02-03 2024-02-17",0.71,1.84,440,"1995-02-03 2024-02-17",5.1,6.05,450,"1995-02-03 2024-02-17",,,,
2025-02-09,-9.12,6.69,450,"1995-02-02 2024-02-16",79.38,12.1,450,"1995-02-02 2024-02-16",-0.6,9.33,450,"1995-02-02 2024-02-16",27.29,11.06,450,"1995-02-02 2024-02-16",-16.01,6.94,450,"1995-02-02 2024-02-16",49.14,18.22,450,"1995-02-02 2024-02-16",-12.04,7.93,450,"1995-02-02 2024-02-16",2.66,3.3,450,"1995-02-02 2024-02-16",0.52,1.44,450,"1995-02-02 2024-02-16",0,0.04,435,"1995-02-02 2024-02-16",0.71,1.83,440,"1995-02-02 2024-02-16",5.1,5.95,450,"1995-02-02 2024-02-16",,,,
2025-02-08,-9.15,6.74,450,"1995-02-01 2024-02-15",79.05,12.18,450,"1995-02-01 2024-02-15",-0.69,9.35,450,"1995-02-01 2024-02-15",27.29,11.1,450,"1995-02-01 2024-02-15",-16.08,7.02,450,"1995-02-01 2024-02-15",49.46,18.04,450,"1995-02-01 2024-02-15",-12.12,7.94,450,"1995-02-01 2024-02-15",2.72,3.26,450,"1995-02-01 2024-02-15",0.52,1.45,450,"1995-02-01 2024-02-15",0,0.05,436,"1995-02-01 2024-02-15",0.7,1.82,441,"1995-02-01 2024-02-15",5.1,5.93,450,"1995-02-01 2024-02-15",,,,
2025-02-07,-9.13,6.73,450,"1995-01-31 2024-02-14",78.96,12.29,450,"1995-01-31 2024-02-14",-0.72,9.33,450,"1995-01-31 2024-02-14",27.57,11.32,450,"1995-01-31 2024-02-14",-16.18,7.09,450,"1995-01-31 2024-02-14",49.69,17.88,450,"1995-01-31 2024-02-14",-12.22,7.97,450,"1995-01-31 2024-02-14",2.69,3.25,450,"1995-01-31 2024-02-14",0.53,1.45,450,"1995-01-31 2024-02-14",0,0.05,435,"1995-01-31 2024-02-14",0.71,1.82,441,"1995-01-31 2024-02-14",5,5.9,450,"1995-01-31 2024-02-14",,,,
2025-02-06,-9.11,6.76,450,"1995-01-30 2024-02-13",78.47,12.31,450,"1995-01-30 2024-02-13",-0.61,9.44,450,"1995-01-30 2024-02-13",27.92,11.53,450,"1995-01-30 2024-02-13",-16.2,7.14,450,"1995-01-30 2024-02-13",49.1,17.78,450,"1995-01-30 2024-02-13",-12.07,8.17,450,"1995-01-30 2024-02-13",2.62,3.24,450,"1995-01-30 2024-02-13",0.53,1.45,450,"1995-01-30 2024-02-13",0,0.05,435,"1995-01-30 2024-02-13",0.7,1.82,441,"1995-01-30 2024-02-13",5,5.89,450,"1995-01-30 2024-02-13",,,,
2025-02-05,-9.24,6.85,450,"1995-01-29 2024-02-12",78.13,12.33,450,"1995-01-29 2024-02-12",-0.62,9.51,450,"1995-01-29 2024-02-12",27.69,11.46,450,"1995-01-29 2024-02-12",-16.41,7.26,450,"1995-01-29 2024-02-12",48.85,17.74,450,"1995-01-29 2024-02-12",-12.27,8.25,450,"1995-01-29 2024-02-12",2.6,3.26,450,"1995-01-29 2024-02-12",0.53,1.46,450,"1995-01-29 2024-02-12",0,0.04,436,"1995-01-29 2024-02-12",0.72,1.93,442,"1995-01-29 2024-02-12",4.9,5.82,450,"1995-01-29 2024-02-12",,,,
2025-02-04,-9.43,7.06,450,"1995-01-28 2024-02-11",78.1,12.26,450,"1995-01-28 2024-02-11",-0.84,9.66,450,"1995-01-28 2024-02-11",27.62,11.54,450,"1995-01-28 2024-02-11",-16.54,7.41,450,"1995-01-28 2024-02-11",48.79,17.63,450,"1995-01-28 2024-02-11",-12.33,8.35,450,"1995-01-28 2024-02-11",2.52,3.28,450,"1995-01-28 2024-02-11",0.53,1.46,450,"1995-01-28 2024-02-11",0,0.04,436,"1995-01-28 2024-02-11",0.73,1.94,442,"1995-01-28 2024-02-11",4.8,5.76,450,"1995-01-28 2024-02-11",,,,
2025-02-03,-9.44,7.18,450,"1995-01-27 2024-02-10",78.05,12.19,450,"1995-01-27 2024-02-10",-0.75,9.77,450,"1995-01-27 2024-02-10",27.72,11.79,450,"1995-01-27 2024-02-10",-16.57,7.6,450,"1995-01-27 2024-02-10",48.42,17.62,450,"1995-01-27 2024-02-10",-12.34,8.47,450,"1995-01-27 2024-02-10",2.44,3.26,450,"1995-01-27 2024-02-10",0.56,1.58,450,"1995-01-27 2024-02-10",0.01,0.09,439,"1995-01-27 2024-02-10",0.76,2.06,444,"1995-01-27 2024-02-10",4.6,5.63,450,"1995-01-27 2024-02-10",,,,
2025-02-02,-9.33,7.29,450,"1995-01-26 2024-02-09",77.98,12.03,450,"1995-01-26 2024-02-09",-0.61,9.85,450,"1995-01-26 2024-02-09",27.64,11.91,450,"1995-01-26 2024-02-09",-16.48,7.75,450,"1995-01-26 2024-02-09",48.32,17.6,450,"1995-01-26 2024-02-09",-12.27,8.55,450,"1995-01-26 2024-02-09",2.38,3.22,450,"1995-01-26 2024-02-09",0.54,1.57,450,"1995-01-26 2024-02-09",0.01,0.09,439,"1995-01-26 2024-02-09",0.74,2.05,444,"1995-01-26 2024-02-09",4.4,5.4,450,"1995-01-26 2024-02-09",,,,
2025-02-01,-9.25,7.29,450,"1995-01-25 2024-02-08",77.96,11.95,450,"1995-01-25 2024-02-08",-0.43,9.88,450,"1995-01-25 2024-02-08",27.41,11.61,450,"1995-01-25 2024-02-08",-16.39,7.85,450,"1995-01-25 2024-02-08",47.92,17.49,450,"1995-01-25 2024-02-08",-12.15,8.6,450,"1995-01-25 2024-02-08",2.27,3.15,450,"1995-01-25 2024-02-08",0.52,1.52,450,"1995-01-25 2024-02-08",0.01,0.09,440,"1995-01-25 2024-02-08",0.71,1.99,445,"1995-01-25 2024-02-08",4.2,5.18,450,"1995-01-25 2024-02-08",,,,
2025-01-31,-9.2,7.4,450,"1995-01-24 2024-02-07",77.83,11.73,450,"1995-01-24 2024-02-07",-0.31,9.93,450,"1995-01-24 2024-02-07",27.41,11.62,450,"1995-01-24 2024-02-07",-16.32,7.89,450,"1995-01-24 2024-02-07",47.56,17.08,450,"1995-01-24 2024-02-07",-12.08,8.61,450,"1995-01-24 2024-02-07",2.29,3.16,450,"1995-01-24 2024-02-07",0.48,1.45,450,"1995-01-24 2024-02-07",0.01,0.09,440,"1995-01-24 2024-02-07",0.66,1.94,445,"1995-01-24 2024-02-07",4.2,5.06,450,"1995-01-24 2024-02-07",,,,
2025-01-30,-9.17,7.42,450,"1995-01-23 2024-02-06",77.84,11.63,450,"1995-01-23 2024-02-06",-0.2,9.95,450,"1995-01-23 2024-02-06",27.67,11.76,450,"1995-01-23 2024-02-06",-16.3,7.94,450,"1995-01-23 2024-02-06",47.27,16.73,450,"1995-01-23 2024-02-06",-12.08,8.64,450,"1995-01-23 2024-02-06",2.31,3.25,450,"1995-01-23 2024-02-06",0.45,1.37,449,"1995-01-23 2024-02-06",0.01,0.09,440,"1995-01-23 2024-02-06",0.62,1.85,445,"1995-01-23 2024-02-06",4.1,5,450,"1995-01-23 2024-02-06",,,,
2025-01-29,-9.06,7.39,450,"1995-01-22 2024-02-05",77.84,11.88,450,"1995-01-22 2024-02-05",-0.06,9.91,450,"1995-01-22 2024-02-05",27.75,11.73,450,"1995-01-22 2024-02-05",-16.18,7.96,450,"1995-01-22 2024-02-05",47.2,16.68,450,"1995-01-22 2024-02-05",-11.96,8.69,450,"1995-01-22 2024-02-05",2.28,3.32,450,"1995-01-22 2024-02-05",0.44,1.33,449,"1995-01-22 2024-02-05",0.01,0.09,439,"1995-01-22 2024-02-05",0.62,1.82,444,"1995-01-22 2024-02-05",4.1,4.98,450,"1995-01-22 2024-02-05",,,,
2025-01-28,-9.01,7.3,450,"1995-01-21 2024-02-04",77.98,11.87,450,"1995-01-21 2024-02-04",-0.05,9.8,450,"1995-01-21 2024-02-04",27.66,11.84,450,"1995-01-21 2024-02-04",-16.12,7.93,450,"1995-01-21 2024-02-04",47.23,16.69,450,"1995-01-21 2024-02-04",-11.89,8.63,450,"1995-01-21 2024-02-04",2.26,3.24,450,"1995-01-21 2024-02-04",0.41,1.26,449,"1995-01-21 2024-02-04",0.01,0.09,439,"1995-01-21 2024-02-04",0.58,1.75,444,"1995-01-21 2024-02-04",4.1,5.02,450,"1995-01-21 2024-02-04",,,,
2025-01-27,-9,7.23,450,"1995-01-20 2024-02-03",78.07,12.04,450,"1995-01-20 2024-02-03",-0.11,9.68,450,"1995-01-20 2024-02-03",27.58,11.81,450,"1995-01-20 2024-02-03",-16.1,7.94,450,"1995-01-20 2024-02-03",47.5,16.69,450,"1995-01-20 2024-02-03",-11.86,8.58,450,"1995-01-20 2024-02-03",2.18,3.19,450,"1995-01-20 2024-02-03",0.38,1.19,449,"1995-01-20 2024-02-03",0.01,0.09,441,"1995-01-20 2024-02-03",0.54,1.68,444,"1995-01-20 2024-02-03",4.1,5.06,450,"1995-01-20 2024-02-03",,,,
2025-01-26,-8.95,7.25,450,"1995-01-19 2024-02-02",78.03,11.93,450,"1995-01-19 2024-02-02",-0.01,9.67,450,"1995-01-19 2024-02-02",27.59,11.95,450,"1995-01-19 2024-02-02",-16.08,7.94,450,"1995-01-19 2024-02-02",47.32,16.6,450,"1995-01-19 2024-02-02",-11.82,8.56,450,"1995-01-19 2024-02-02",2.08,3.18,450,"1995-01-19 2024-02-02",0.34,1.1,449,"1995-01-19 2024-02-02",0.01,0.08,442,"1995-01-19 2024-02-02",0.5,1.62,444,"1995-01-19 2024-02-02",4.2,5.07,450,"1995-01-19 2024-02-02",,,,
2025-01-25,-8.9,7.39,450,"1995-01-18 2024-02-01",78.28,11.93,450,"1995-01-18 2024-02-01",0.05,9.76,450,"1995-01-18 2024-02-01",27.61,11.88,450,"1995-01-18 2024-02-01",-16.03,8,450,"1995-01-18 2024-02-01",47.23,16.5,450,"1995-01-18 2024-02-01",-11.8,8.62,450,"1995-01-18 2024-02-01",2.06,3.2,450,"1995-01-18 2024-02-01",0.32,1.08,449,"1995-01-18 2024-02-01",0.01,0.08,443,"1995-01-18 2024-02-01",0.48,1.61,444,"1995-01-18 2024-02-01",4.2,5.09,450,"1995-01-18 2024-02-01",,,,
2025-01-24,-8.88,7.52,450,"1995-01-17 2024-01-31",78.54,12.01,450,"1995-01-17 2024-01-31",-0.01,9.9,450,"1995-01-17 2024-01-31",27.48,12.01,450,"1995-01-17 2024-01-31",-16.01,8.02,450,"1995-01-17 2024-01-31",47.42,16.65,450,"1995-01-17 2024-01-31",-11.8,8.65,450,"1995-01-17 2024-01-31",2.11,3.3,450,"1995-01-17 2024-01-31",0.32,1.09,449,"1995-01-17 2024-01-31",0.01,0.08,443,"1995-01-17 2024-01-31",0.5,1.65,444,"1995-01-17 2024-01-31",4.3,5.11,450,"1995-01-17 2024-01-31",,,,
2025-01-23,-8.97,7.62,450,"1995-01-16 2024-01-30",78.49,11.99,450,"1995-01-16 2024-01-30",-0.14,10.03,450,"1995-01-16 2024-01-30",26.95,11.71,450,"1995-01-16 2024-01-30",-16.04,8.08,450,"1995-01-16 2024-01-30",47.56,16.95,450,"1995-01-16 2024-01-30",-11.83,8.69,450,"1995-01-16 2024-01-30",2.11,3.37,450,"1995-01-16 2024-01-30",0.3,1.06,449,"1995-01-16 2024-01-30",0.01,0.08,444,"1995-01-16 2024-01-30",0.47,1.6,444,"1995-01-16 2024-01-30",4.3,5.14,450,"1995-01-16 2024-01-30",,,,
2025-01-22,-9.06,7.71,450,"1995-01-15 2024-01-29",78.7,12.09,450,"1995-01-15 2024-01-29",-0.34,10.07,450,"1995-01-15 2024-01-29",26.78,11.66,450,"1995-01-15 2024-01-29",-16.09,8.16,450,"1995-01-15 2024-01-29",48.4,17.14,450,"1995-01-15 2024-01-29",-12.03,8.7,450,"1995-01-15 2024-01-29",2.22,3.5,450,"1995-01-15 2024-01-29",0.3,1.05,449,"1995-01-15 2024-01-29",0.01,0.08,444,"1995-01-15 2024-01-29",0.46,1.59,444,"1995-01-15 2024-01-29",4.4,5.18,450,"1995-01-15 2024-01-29",,,,
2025-01-21,-9.09,7.84,450,"1995-01-14 2024-01-28",79.12,11.91,450,"1995-01-14 2024-01-28",-0.53,10.16,450,"1995-01-14 2024-01-28",26.7,11.76,450,"1995-01-14 2024-01-28",-16,8.23,450,"1995-01-14 2024-01-28",49.17,17.28,450,"1995-01-14 2024-01-28",-12.04,8.7,450,"1995-01-14 2024-01-28",2.26,3.51,450,"1995-01-14 2024-01-28",0.3,1.02,449,"1995-01-14 2024-01-28",0.01,0.08,444,"1995-01-14 2024-01-28",0.45,1.46,443,"1995-01-14 2024-01-28",4.6,5.38,450,"1995-01-14 2024-01-28",,,,
2025-01-20,-9.01,7.82,450,"1995-01-13 2024-01-27",79.44,11.69,450,"1995-01-13 2024-01-27",-0.51,10.13,450,"1995-01-13 2024-01-27",26.81,11.93,450,"1995-01-13 2024-01-27",-15.94,8.23,450,"1995-01-13 2024-01-27",49.3,17.2,450,"1995-01-13 2024-01-27",-12.08,8.69,450,"1995-01-13 2024-01-27",2.34,3.51,450,"1995-01-13 2024-01-27",0.3,1.02,449,"1995-01-13 2024-01-27",0.01,0.08,445,"1995-01-13 2024-01-27",0.45,1.45,443,"1995-01-13 2024-01-27",4.7,5.59,450,"1995-01-13 2024-01-27",,,,
2025-01-19,-9.07,7.82,450,"1995-01-12 2024-01-26",79.65,11.55,450,"1995-01-12 2024-01-26",-0.65,10.1,450,"1995-01-12 2024-01-26",26.59,11.75,450,"1995-01-12 2024-01-26",-15.95,8.27,450,"1995-01-12 2024-01-26",49.67,16.78,450,"1995-01-12 2024-01-26",-12.19,8.76,450,"1995-01-12 2024-01-26",2.37,3.54,450,"1995-01-12 2024-01-26",0.26,0.79,449,"1995-01-12 2024-01-26",0,0.02,445,"1995-01-12 2024-01-26",0.41,1.23,443,"1995-01-12 2024-01-26",4.9,5.82,450,"1995-01-12 2024-01-26",,,,
2025-01-18,-9.22,7.84,450,"1995-01-11 2024-01-25",79.95,11.51,450,"1995-01-11 2024-01-25",-0.83,10.13,450,"1995-01-11 2024-01-25",26.68,12.06,450,"1995-01-11 2024-01-25",-16.09,8.36,450,"1995-01-11 2024-01-25",49.98,16.88,450,"1995-01-11 2024-01-25",-12.41,8.86,450,"1995-01-11 2024-01-25",2.4,3.56,450,"1995-01-11 2024-01-25",0.27,0.79,449,"1995-01-11 2024-01-25",0,0.02,445,"1995-01-11 2024-01-25",0.41,1.24,443,"1995-01-11 2024-01-25",5.2,6.11,450,"1995-01-11 2024-01-25",,,,
2025-01-17,-9.28,7.8,450,"1995-01-10 2024-01-24",80.06,11.37,450,"1995-01-10 2024-01-24",-0.96,10.04,450,"1995-01-10 2024-01-24",26.77,12.17,450,"1995-01-10 2024-01-24",-16.23,8.33,450,"1995-01-10 2024-01-24",50.4,16.69,450,"1995-01-10 2024-01-24",-12.63,8.75,450,"1995-01-10 2024-01-24",2.44,3.7,450,"1995-01-10 2024-01-24",0.31,0.93,449,"1995-01-10 2024-01-24",0,0.02,445,"1995-01-10 2024-01-24",0.46,1.36,443,"1995-01-10 2024-01-24",5.4,6.32,449,"1995-01-10 2024-01-24",,,,
2025-01-16,-9.39,7.7,450,"1995-01-09 2024-01-23",80.09,11.3,450,"1995-01-09 2024-01-23",-1.08,9.94,450,"1995-01-09 2024-01-23",26.91,12.26,450,"1995-01-09 2024-01-23",-16.39,8.25,450,"1995-01-09 2024-01-23",50.41,16.56,450,"1995-01-09 2024-01-23",-12.82,8.67,450,"1995-01-09 2024-01-23",2.49,3.88,450,"1995-01-09 2024-01-23",0.3,0.87,449,"1995-01-09 2024-01-23",0,0.02,443,"1995-01-09 2024-01-23",0.45,1.26,442,"1995-01-09 2024-01-23",5.6,6.5,449,"1995-01-09 2024-01-23",,,,
2025-01-15,-9.46,7.67,450,"1995-01-08 2024-01-22",79.82,11.49,450,"1995-01-08 2024-01-22",-1.25,9.89,450,"1995-01-08 2024-01-22",26.93,12.35,450,"1995-01-08 2024-01-22",-16.52,8.19,450,"1995-01-08 2024-01-22",50.66,16.46,450,"1995-01-08 2024-01-22",-12.86,8.65,450,"1995-01-08 2024-01-22",2.55,4.03,450,"1995-01-08 2024-01-22",0.32,0.91,450,"1995-01-08 2024-01-22",0,0.02,444,"1995-01-08 2024-01-22",0.48,1.38,443,"1995-01-08 2024-01-22",5.8,6.61,449,"1995-01-08 2024-01-22",,,,
2025-01-14,-9.58,7.71,450,"1995-01-07 2024-01-21",79.72,11.25,450,"1995-01-07 2024-01-21",-1.38,9.99,450,"1995-01-07 2024-01-21",27.01,12.44,450,"1995-01-07 2024-01-21",-16.64,8.18,450,"1995-01-07 2024-01-21",50.65,16.4,450,"1995-01-07 2024-01-21",-12.96,8.6,450,"1995-01-07 2024-01-21",2.5,3.95,450,"1995-01-07 2024-01-21",0.33,0.93,450,"1995-01-07 2024-01-21",0,0.02,445,"1995-01-07 2024-01-21",0.5,1.43,444,"1995-01-07 2024-01-21",5.9,6.73,449,"1995-01-07 2024-01-21",,,,
2025-01-13,-9.7,7.8,450,"1995-01-06 2024-01-20",79.32,11.39,450,"1995-01-06 2024-01-20",-1.44,10.14,450,"1995-01-06 2024-01-20",27.41,12.42,450,"1995-01-06 2024-01-20",-16.76,8.28,450,"1995-01-06 2024-01-20",50.15,16.38,450,"1995-01-06 2024-01-20",-13.03,8.72,450,"1995-01-06 2024-01-20",2.56,3.99,450,"1995-01-06 2024-01-20",0.37,1.08,450,"1995-01-06 2024-01-20",0,0.04,444,"1995-01-06 2024-01-20",0.54,1.54,444,"1995-01-06 2024-01-20",6.1,6.88,449,"1995-01-06 2024-01-20",,,,
2025-01-12,-9.78,7.96,450,"1995-01-05 2024-01-19",79.2,11.25,450,"1995-01-05 2024-01-19",-1.58,10.26,450,"1995-01-05 2024-01-19",27.64,12.54,450,"1995-01-05 2024-01-19",-16.88,8.36,450,"1995-01-05 2024-01-19",50.14,16.2,450,"1995-01-05 2024-01-19",-13.14,8.85,450,"1995-01-05 2024-01-19",2.6,3.99,450,"1995-01-05 2024-01-19",0.37,1.1,450,"1995-01-05 2024-01-19",0,0.04,445,"1995-01-05 2024-01-19",0.55,1.57,445,"1995-01-05 2024-01-19",6.2,6.99,449,"1995-01-05 2024-01-19",,,,
2025-01-11,-9.9,8.02,450,"1995-01-04 2024-01-18",79.22,11.16,450,"1995-01-04 2024-01-18",-1.74,10.31,450,"1995-01-04 2024-01-18",27.84,12.52,450,"1995-01-04 2024-01-18",-16.99,8.43,450,"1995-01-04 2024-01-18",50.09,16.07,450,"1995-01-04 2024-01-18",-13.23,8.9,450,"1995-01-04 2024-01-18",2.64,3.94,450,"1995-01-04 2024-01-18",0.38,1.09,450,"1995-01-04 2024-01-18",0,0.04,446,"1995-01-04 2024-01-18",0.55,1.55,446,"1995-01-04 2024-01-18",6.4,7.1,448,"1995-01-04 2024-01-18",,,,
2025-01-10,-9.98,7.96,450,"1995-01-03 2024-01-17",78.84,11.27,450,"1995-01-03 2024-01-17",-1.85,10.25,450,"1995-01-03 2024-01-17",28.04,12.72,450,"1995-01-03 2024-01-17",-17.16,8.43,450,"1995-01-03 2024-01-17",50.22,16.23,450,"1995-01-03 2024-01-17",-13.34,8.95,450,"1995-01-03 2024-01-17",2.74,4,450,"1995-01-03 2024-01-17",0.43,1.36,450,"1995-01-03 2024-01-17",0,0.04,445,"1995-01-03 2024-01-17",0.62,1.84,445,"1995-01-03 2024-01-17",6.5,7.15,447,"1995-01-03 2024-01-17",,,,
2025-01-09,-10.04,7.87,450,"1995-01-02 2024-01-16",78.69,11.17,450,"1995-01-02 2024-01-16",-1.84,10.21,450,"1995-01-02 2024-01-16",28.16,12.69,450,"1995-01-02 2024-01-16",-17.22,8.42,450,"1995-01-02 2024-01-16",49.96,16.02,450,"1995-01-02 2024-01-16",-13.41,8.94,450,"1995-01-02 2024-01-16",2.64,3.91,450,"1995-01-02 2024-01-16",0.43,1.35,450,"1995-01-02 2024-01-16",0,0.03,445,"1995-01-02 2024-01-16",0.62,1.86,445,"1995-01-02 2024-01-16",6.7,7.17,446,"1995-01-02 2024-01-16",,,,
2025-01-08,-9.96,7.76,450,"1995-01-01 2024-01-15",78.95,11.1,450,"1995-01-01 2024-01-15",-1.81,10,450,"1995-01-01 2024-01-15",28.37,12.78,450,"1995-01-01 2024-01-15",-17.33,8.36,450,"1995-01-01 2024-01-15",50.02,15.65,450,"1995-01-01 2024-01-15",-13.56,8.87,450,"1995-01-01 2024-01-15",2.67,3.95,450,"1995-01-01 2024-01-15",0.43,1.35,450,"1995-01-01 2024-01-15",0.01,0.1,445,"1995-01-01 2024-01-15",0.63,1.86,445,"1995-01-01 2024-01-15",6.8,7.22,445,"1995-01-01 2024-01-15",,,,
2025-01-07,-10.06,7.75,450,"1994-12-31 2024-01-14",79.2,10.89,450,"1994-12-31 2024-01-14",-1.96,9.97,450,"1994-12-31 2024-01-14",27.9,12.7,450,"1994-12-31 2024-01-14",-17.45,8.26,450,"1994-12-31 2024-01-14",50.06,15.52,450,"1994-12-31 2024-01-14",-13.72,8.74,450,"1994-12-31 2024-01-14",2.52,3.82,450,"1994-12-31 2024-01-14",0.44,1.36,450,"1994-12-31 2024-01-14",0.01,0.14,445,"1994-12-31 2024-01-14",0.64,1.87,445,"1994-12-31 2024-01-14",6.9,7.26,444,"1994-12-31 2024-01-14",,,,
2025-01-06,-10.16,7.49,450,"1994-12-30 2024-01-13",79.28,10.87,450,"1994-12-30 2024-01-13",-2.11,9.76,450,"1994-12-30 2024-01-13",27.71,12.68,450,"1994-12-30 2024-01-13",-17.63,8.01,450,"1994-12-30 2024-01-13",50.13,15.49,450,"1994-12-30 2024-01-13",-13.91,8.56,450,"1994-12-30 2024-01-13",2.49,3.83,450,"1994-12-30 2024-01-13",0.45,1.39,450,"1994-12-30 2024-01-13",0.01,0.14,445,"1994-12-30 2024-01-13",0.64,1.88,446,"1994-12-30 2024-01-13",7,7.18,443,"1994-12-30 2024-01-13",,,,
2025-01-05,-10.15,7.33,450,"1994-12-29 2024-01-12",79.6,10.75,450,"1994-12-29 2024-01-12",-2.26,9.61,450,"1994-12-29 2024-01-12",27.48,12.46,450,"1994-12-29 2024-01-12",-17.67,7.86,450,"1994-12-29 2024-01-12",50.72,15.58,450,"1994-12-29 2024-01-12",-13.99,8.42,450,"1994-12-29 2024-01-12",2.41,3.81,450,"1994-12-29 2024-01-12",0.47,1.44,450,"1994-12-29 2024-01-12",0.01,0.14,444,"1994-12-29 2024-01-12",0.68,1.96,447,"1994-12-29 2024-01-12",7,7.03,443,"1994-12-29 2024-01-12",,,,
2025-01-04,-10.1,7.18,450,"1994-12-28 2024-01-11",79.7,11.14,450,"1994-12-28 2024-01-11",-2.3,9.46,450,"1994-12-28 2024-01-11",27.44,12.32,450,"1994-12-28 2024-01-11",-17.58,7.68,450,"1994-12-28 2024-01-11",51.28,15.99,450,"1994-12-28 2024-01-11",-13.91,8.28,450,"1994-12-28 2024-01-11",2.39,3.81,450,"1994-12-28 2024-01-11",0.52,1.49,450,"1994-12-28 2024-01-11",0.01,0.14,444,"1994-12-28 2024-01-11",0.75,2.04,447,"1994-12-28 2024-01-11",7,6.91,443,"1994-12-28 2024-01-11",,,,
2025-01-03,-9.95,7.05,450,"1994-12-27 2024-01-10",79.69,11.29,450,"1994-12-27 2024-01-10",-2.19,9.35,450,"1994-12-27 2024-01-10",27.45,12.13,450,"1994-12-27 2024-01-10",-17.41,7.47,450,"1994-12-27 2024-01-10",51.34,16.22,450,"1994-12-27 2024-01-10",-13.63,8.17,450,"1994-12-27 2024-01-10",2.4,3.81,450,"1994-12-27 2024-01-10",0.56,1.53,450,"1994-12-27 2024-01-10",0.01,0.14,443,"1994-12-27 2024-01-10",0.81,2.12,446,"1994-12-27 2024-01-10",6.8,6.71,443,"1994-12-27 2024-01-10",,,,
2025-01-02,-9.91,7.05,450,"1994-12-26 2024-01-09",79.59,11.39,450,"1994-12-26 2024-01-09",-2.12,9.39,450,"1994-12-26 2024-01-09",27.21,11.99,450,"1994-12-26 2024-01-09",-17.29,7.46,450,"1994-12-26 2024-01-09",51.25,16.31,450,"1994-12-26 2024-01-09",-13.49,8.27,450,"1994-12-26 2024-01-09",2.31,3.64,450,"1994-12-26 2024-01-09",0.51,1.43,450,"1994-12-26 2024-01-09",0.01,0.14,442,"1994-12-26 2024-01-09",0.74,1.98,445,"1994-12-26 2024-01-09",6.7,6.56,444,"1994-12-26 2024-01-09",,,,
2025-01-01,-9.91,7.08,450,"1994-12-25 2024-01-08",79.52,11.49,450,"1994-12-25 2024-01-08",-2.09,9.46,450,"1994-12-25 2024-01-08",26.88,11.88,450,"1994-12-25 2024-01-08",-17.18,7.48,450,"1994-12-25 2024-01-08",51.3,16.45,450,"1994-12-25 2024-01-08",-13.39,8.27,450,"1994-12-25 2024-01-08",2.18,3.43,450,"1994-12-25 2024-01-08",0.49,1.42,450,"1994-12-25 2024-01-08",0.01,0.14,442,"1994-12-25 2024-01-08",0.72,1.97,445,"1994-12-25 2024-01-08",6.6,6.44,444,"1994-12-25 2024-01-08",,,,
2024-12-31,-9.92,7.06,450,"1994-12-24 2024-01-07",79.39,11.51,450,"1994-12-24 2024-01-07",-2.01,9.48,450,"1994-12-24 2024-01-07",26.56,11.76,450,"1994-12-24 2024-01-07",-17.14,7.49,450,"1994-12-24 2024-01-07",51.13,16.59,450,"1994-12-24 2024-01-07",-13.38,8.31,450,"1994-12-24 2024-01-07",2.08,3.16,450,"1994-12-24 2024-01-07",0.48,1.41,450,"1994-12-24 2024-01-07",0.01,0.14,439,"1994-12-24 2024-01-07",0.69,1.91,444,"1994-12-24 2024-01-07",6.6,6.38,444,"1994-12-24 2024-01-07",,,,
2024-12-30,-9.95,7.1,450,"1994-12-23 2024-01-06",79.25,11.66,450,"1994-12-23 2024-01-06",-2,9.46,450,"1994-12-23 2024-01-06",26.37,11.59,450,"1994-12-23 2024-01-06",-17.28,7.54,450,"1994-12-23 2024-01-06",50.74,16.31,450,"1994-12-23 2024-01-06",-13.5,8.39,450,"1994-12-23 2024-01-06",2.12,3.29,450,"1994-12-23 2024-01-06",0.5,1.47,450,"1994-12-23 2024-01-06",0.01,0.14,439,"1994-12-23 2024-01-06",0.7,1.93,444,"1994-12-23 2024-01-06",6.5,6.37,444,"1994-12-23 2024-01-06",,,,
2024-12-29,-10.05,7.18,450,"1994-12-22 2024-01-05",79.52,11.54,450,"1994-12-22 2024-01-05",-2.14,9.5,450,"1994-12-22 2024-01-05",26.15,11.58,450,"1994-12-22 2024-01-05",-17.36,7.56,450,"1994-12-22 2024-01-05",51.06,16.33,450,"1994-12-22 2024-01-05",-13.65,8.37,450,"1994-12-22 2024-01-05",2.08,3.24,450,"1994-12-22 2024-01-05",0.51,1.53,450,"1994-12-22 2024-01-05",0.01,0.14,441,"1994-12-22 2024-01-05",0.71,1.99,445,"1994-12-22 2024-01-05",6.5,6.32,444,"1994-12-22 2024-01-05",,,,
2024-12-28,-10.08,7.17,450,"1994-12-21 2024-01-04",79.68,11.51,450,"1994-12-21 2024-01-04",-2.17,9.48,450,"1994-12-21 2024-01-04",26.04,11.32,450,"1994-12-21 2024-01-04",-17.33,7.64,450,"1994-12-21 2024-01-04",51.26,16.46,450,"1994-12-21 2024-01-04",-13.65,8.39,450,"1994-12-21 2024-01-04",2.07,3.25,450,"1994-12-21 2024-01-04",0.53,1.61,450,"1994-12-21 2024-01-04",0.01,0.14,441,"1994-12-21 2024-01-04",0.74,2.03,445,"1994-12-21 2024-01-04",6.4,6.36,444,"1994-12-21 2023-12-29",,,,
2024-12-27,-9.99,7.2,450,"1994-12-20 2024-01-03",79.76,11.48,450,"1994-12-20 2024-01-03",-2.11,9.45,450,"1994-12-20 2024-01-03",26.02,11.22,450,"1994-12-20 2024-01-03",-17.27,7.61,450,"1994-12-20 2024-01-03",51.49,16.5,450,"1994-12-20 2024-01-03",-13.61,8.38,450,"1994-12-20 2024-01-03",2.09,3.28,450,"1994-12-20 2024-01-03",0.56,1.64,450,"1994-12-20 2024-01-03",0.02,0.16,441,"1994-12-20 2024-01-03",0.76,2.06,445,"1994-12-20 2024-01-03",6.3,6.38,445,"1994-12-20 2023-12-29",,,,
2024-12-26,-9.97,7.21,450,"1994-12-19 2024-01-02",79.94,11.41,450,"1994-12-19 2024-01-02",-2.04,9.46,450,"1994-12-19 2024-01-02",26.02,11.12,450,"1994-12-19 2024-01-02",-17.15,7.56,450,"1994-12-19 2024-01-02",51.18,16.37,450,"1994-12-19 2024-01-02",-13.48,8.3,450,"1994-12-19 2024-01-02",2.06,3.18,450,"1994-12-19 2024-01-02",0.55,1.57,450,"1994-12-19 2024-01-02",0.02,0.23,442,"1994-12-19 2024-01-02",0.72,1.89,446,"1994-12-19 2024-01-02",6.1,6.45,446,"1994-12-19 2023-12-29",,,,
2024-12-25,-9.83,7.16,450,"1994-12-18 2024-01-01",80.02,11.56,450,"1994-12-18 2024-01-01",-1.94,9.34,450,"1994-12-18 2024-01-01",26.22,11.09,450,"1994-12-18 2024-01-01",-17.07,7.43,450,"1994-12-18 2024-01-01",51.3,16.37,450,"1994-12-18 2024-01-01",-13.39,8.17,450,"1994-12-18 2024-01-01",2.14,3.28,450,"1994-12-18 2024-01-01",0.56,1.59,450,"1994-12-18 2024-01-01",0.02,0.23,442,"1994-12-18 2024-01-01",0.74,1.93,446,"1994-12-18 2024-01-01",6,6.47,447,"1994-12-18 2023-12-29",,,,
2024-12-24,-9.83,7.16,450,"1994-12-17 2023-12-31",79.63,11.68,450,"1994-12-17 2023-12-31",-1.77,9.44,450,"1994-12-17 2023-12-31",26.5,11.25,450,"1994-12-17 2023-12-31",-16.89,7.37,450,"1994-12-17 2023-12-31",50.88,16.65,450,"1994-12-17 2023-12-31",-13.16,8.16,450,"1994-12-17 2023-12-31",2.23,3.31,450,"1994-12-17 2023-12-31",0.54,1.58,450,"1994-12-17 2023-12-31",0.02,0.21,442,"1994-12-17 2023-12-31",0.73,1.95,446,"1994-12-17 2023-12-31",5.8,6.45,448,"1994-12-17 2023-12-29",,,,
2024-12-23,-9.66,7.01,450,"1994-12-16 2023-12-30",79.36,11.86,450,"1994-12-16 2023-12-30",-1.53,9.35,450,"1994-12-16 2023-12-30",27.05,11.31,450,"1994-12-16 2023-12-30",-16.69,7.31,450,"1994-12-16 2023-12-30",50.5,16.72,450,"1994-12-16 2023-12-30",-12.89,8.1,450,"1994-12-16 2023-12-30",2.37,3.36,450,"1994-12-16 2023-12-30",0.54,1.58,450,"1994-12-16 2023-12-30",0.01,0.18,442,"1994-12-16 2023-12-30",0.74,1.95,446,"1994-12-16 2023-12-30",5.6,6.42,449,"1994-12-16 2023-12-29",,,,
2024-12-22,-9.5,6.99,450,"1994-12-15 2023-12-29",79.28,11.83,450,"1994-12-15 2023-12-29",-1.25,9.31,450,"1994-12-15 2023-12-29",27.4,11.33,450,"1994-12-15 2023-12-29",-16.48,7.38,450,"1994-12-15 2023-12-29",49.94,16.55,450,"1994-12-15 2023-12-29",-12.66,8.12,450,"1994-12-15 2023-12-29",2.36,3.32,450,"1994-12-15 2023-12-29",0.52,1.55,450,"1994-12-15 2023-12-29",0.01,0.18,442,"1994-12-15 2023-12-29",0.73,1.94,446,"1994-12-15 2023-12-29",5.5,6.39,450,"1994-12-15 2023-12-29",,,,
2024-12-21,-9.47,7.07,450,"1994-12-14 2023-12-28",78.99,11.78,450,"1994-12-14 2023-12-28",-1.07,9.32,450,"1994-12-14 2023-12-28",27.67,11.46,450,"1994-12-14 2023-12-28",-16.43,7.4,450,"1994-12-14 2023-12-28",49.41,16.3,450,"1994-12-14 2023-12-28",-12.53,8.14,450,"1994-12-14 2023-12-28",2.35,3.28,450,"1994-12-14 2023-12-28",0.5,1.52,450,"1994-12-14 2023-12-28",0.01,0.18,442,"1994-12-14 2023-12-28",0.68,1.86,445,"1994-12-14 2023-12-28",5.4,6.41,450,"1994-12-14 2023-12-28",,,,
2024-12-20,-9.44,7.1,450,"1994-12-13 2023-12-27",78.71,11.56,450,"1994-12-13 2023-12-27",-0.94,9.36,450,"1994-12-13 2023-12-27",27.78,11.53,450,"1994-12-13 2023-12-27",-16.41,7.36,450,"1994-12-13 2023-12-27",48.9,16.14,450,"1994-12-13 2023-12-27",-12.45,8.11,450,"1994-12-13 2023-12-27",2.46,3.42,450,"1994-12-13 2023-12-27",0.45,1.47,450,"1994-12-13 2023-12-27",0.02,0.19,441,"1994-12-13 2023-12-27",0.61,1.77,445,"1994-12-13 2023-12-27",5.3,6.45,450,"1994-12-13 2023-12-27",,,,
2024-12-19,-9.35,7,450,"1994-12-12 2023-12-26",78.56,11.7,450,"1994-12-12 2023-12-26",-0.78,9.26,450,"1994-12-12 2023-12-26",27.94,11.39,450,"1994-12-12 2023-12-26",-16.39,7.27,450,"1994-12-12 2023-12-26",48.58,16,450,"1994-12-12 2023-12-26",-12.43,8.04,450,"1994-12-12 2023-12-26",2.48,3.49,450,"1994-12-12 2023-12-26",0.43,1.46,450,"1994-12-12 2023-12-26",0.01,0.19,442,"1994-12-12 2023-12-26",0.56,1.71,445,"1994-12-12 2023-12-26",5.3,6.5,450,"1994-12-12 2023-12-26",,,,
2024-12-18,-9.22,6.89,450,"1994-12-11 2023-12-25",78.7,11.88,450,"1994-12-11 2023-12-25",-0.69,9.1,450,"1994-12-11 2023-12-25",28.15,11.39,450,"1994-12-11 2023-12-25",-16.28,7.19,450,"1994-12-11 2023-12-25",48.63,16.14,450,"1994-12-11 2023-12-25",-12.3,7.93,450,"1994-12-11 2023-12-25",2.56,3.54,450,"1994-12-11 2023-12-25",0.45,1.49,450,"1994-12-11 2023-12-25",0.01,0.19,443,"1994-12-11 2023-12-25",0.58,1.73,446,"1994-12-11 2023-12-25",5.3,6.52,449,"1994-12-11 2023-12-25",,,,
2024-12-17,-9.1,6.85,450,"1994-12-10 2023-12-24",78.55,12.42,450,"1994-12-10 2023-12-24",-0.59,9.04,450,"1994-12-10 2023-12-24",28.55,11.32,450,"1994-12-10 2023-12-24",-16.19,7.15,450,"1994-12-10 2023-12-24",48.64,16.22,450,"1994-12-10 2023-12-24",-12.12,7.97,450,"1994-12-10 2023-12-24",2.61,3.54,450,"1994-12-10 2023-12-24",0.47,1.51,450,"1994-12-10 2023-12-24",0.01,0.19,444,"1994-12-10 2023-12-24",0.61,1.76,446,"1994-12-10 2023-12-24",5.3,6.52,448,"1994-12-10 2023-12-24",,,,
2024-12-16,-8.95,6.87,450,"1994-12-09 2023-12-23",78.91,12.75,450,"1994-12-09 2023-12-23",-0.45,8.95,450,"1994-12-09 2023-12-23",28.88,11.2,450,"1994-12-09 2023-12-23",-16.08,7.12,450,"1994-12-09 2023-12-23",48.57,16.12,450,"1994-12-09 2023-12-23",-12.05,7.9,450,"1994-12-09 2023-12-23",2.66,3.66,450,"1994-12-09 2023-12-23",0.51,1.54,450,"1994-12-09 2023-12-23",0.01,0.18,447,"1994-12-09 2023-12-23",0.66,1.81,447,"1994-12-09 2023-12-23",5.2,6.49,448,"1994-12-09 2023-12-23",,,,
2024-12-15,-8.84,6.82,450,"1994-12-08 2023-12-22",79.15,12.67,450,"1994-12-08 2023-12-22",-0.38,8.89,450,"1994-12-08 2023-12-22",28.78,11.09,450,"1994-12-08 2023-12-22",-15.91,7.08,450,"1994-12-08 2023-12-22",48.9,16.48,450,"1994-12-08 2023-12-22",-11.92,7.83,450,"1994-12-08 2023-12-22",2.59,3.53,450,"1994-12-08 2023-12-22",0.5,1.58,450,"1994-12-08 2023-12-22",0.01,0.18,446,"1994-12-08 2023-12-22",0.66,1.85,446,"1994-12-08 2023-12-22",5.1,6.38,448,"1994-12-08 2023-12-22",,,,
2024-12-14,-8.7,6.76,450,"1994-12-07 2023-12-21",79.3,12.73,450,"1994-12-07 2023-12-21",-0.27,8.79,450,"1994-12-07 2023-12-21",28.68,11.02,450,"1994-12-07 2023-12-21",-15.86,7.13,450,"1994-12-07 2023-12-21",48.87,16.42,450,"1994-12-07 2023-12-21",-11.87,7.84,450,"1994-12-07 2023-12-21",2.53,3.53,450,"1994-12-07 2023-12-21",0.48,1.51,450,"1994-12-07 2023-12-21",0.01,0.18,445,"1994-12-07 2023-12-21",0.63,1.76,445,"1994-12-07 2023-12-21",5,6.26,447,"1994-12-07 2023-12-21",,,,
2024-12-13,-8.7,6.74,450,"1994-12-06 2023-12-20",79.19,12.85,450,"1994-12-06 2023-12-20",-0.16,8.83,450,"1994-12-06 2023-12-20",28.63,11.17,450,"1994-12-06 2023-12-20",-15.82,7.01,450,"1994-12-06 2023-12-20",48.58,16.25,450,"1994-12-06 2023-12-20",-11.82,7.75,450,"1994-12-06 2023-12-20",2.57,3.61,450,"1994-12-06 2023-12-20",0.46,1.42,450,"1994-12-06 2023-12-20",0.01,0.19,444,"1994-12-06 2023-12-20",0.6,1.69,444,"1994-12-06 2023-12-20",5,6.13,446,"1994-12-06 2023-12-20",,,,
2024-12-12,-8.74,6.54,450,"1994-12-05 2023-12-19",79.22,13.04,450,"1994-12-05 2023-12-19",-0.19,8.71,450,"1994-12-05 2023-12-19",28.73,11.25,450,"1994-12-05 2023-12-19",-15.81,6.85,450,"1994-12-05 2023-12-19",48.7,16.53,450,"1994-12-05 2023-12-19",-11.79,7.63,450,"1994-12-05 2023-12-19",2.7,3.82,450,"1994-12-05 2023-12-19",0.44,1.4,450,"1994-12-05 2023-12-19",0.01,0.17,443,"1994-12-05 2023-12-19",0.59,1.67,443,"1994-12-05 2023-12-19",4.9,6.01,445,"1994-12-05 2023-12-19",,,,
2024-12-11,-8.66,6.33,450,"1994-12-04 2023-12-18",79.42,13.11,450,"1994-12-04 2023-12-18",-0.18,8.52,450,"1994-12-04 2023-12-18",28.72,11.31,450,"1994-12-04 2023-12-18",-15.77,6.67,450,"1994-12-04 2023-12-18",49.03,16.66,450,"1994-12-04 2023-12-18",-11.8,7.48,450,"1994-12-04 2023-12-18",2.61,3.79,450,"1994-12-04 2023-12-18",0.44,1.33,450,"1994-12-04 2023-12-18",0,0.06,442,"1994-12-04 2023-12-18",0.61,1.68,442,"1994-12-04 2023-12-18",4.9,5.94,444,"1994-12-04 2023-12-18",,,,
2024-12-10,-8.76,6.31,450,"1994-12-03 2023-12-17",79.37,12.97,450,"1994-12-03 2023-12-17",-0.29,8.53,450,"1994-12-03 2023-12-17",28.48,11.33,450,"1994-12-03 2023-12-17",-15.76,6.64,450,"1994-12-03 2023-12-17",49.02,16.83,450,"1994-12-03 2023-12-17",-11.77,7.48,450,"1994-12-03 2023-12-17",2.59,3.76,450,"1994-12-03 2023-12-17",0.42,1.3,450,"1994-12-03 2023-12-17",0,0.06,441,"1994-12-03 2023-12-17",0.56,1.57,441,"1994-12-03 2023-12-17",4.9,5.92,443,"1994-12-03 2023-12-17",,,,
2024-12-09,-8.78,6.31,450,"1994-12-02 2023-12-16",79.55,13.06,450,"1994-12-02 2023-12-16",-0.4,8.52,450,"1994-12-02 2023-12-16",28.36,11.38,450,"1994-12-02 2023-12-16",-15.73,6.63,450,"1994-12-02 2023-12-16",49.44,16.9,450,"1994-12-02 2023-12-16",-11.77,7.47,450,"1994-12-02 2023-12-16",2.58,3.92,450,"1994-12-02 2023-12-16",0.46,1.46,450,"1994-12-02 2023-12-16",0,0.06,440,"1994-12-02 2023-12-16",0.59,1.68,440,"1994-12-02 2023-12-16",4.9,5.87,442,"1994-12-02 2023-12-16",,,,
2024-12-08,-8.74,6.35,450,"1994-12-01 2023-12-15",79.72,13.04,450,"1994-12-01 2023-12-15",-0.31,8.53,450,"1994-12-01 2023-12-15",28.16,11.14,450,"1994-12-01 2023-12-15",-15.61,6.58,450,"1994-12-01 2023-12-15",49.46,17.04,450,"1994-12-01 2023-12-15",-11.73,7.42,450,"1994-12-01 2023-12-15",2.48,3.88,450,"1994-12-01 2023-12-15",0.48,1.48,450,"1994-12-01 2023-12-15",0.01,0.06,439,"1994-12-01 2023-12-15",0.61,1.71,439,"1994-12-01 2023-12-15",4.9,5.81,441,"1994-12-01 2023-12-15",,,,
2024-12-07,-8.68,6.31,450,"1994-11-30 2023-12-14",79.69,13.25,450,"1994-11-30 2023-12-14",-0.31,8.54,450,"1994-11-30 2023-12-14",27.95,10.99,450,"1994-11-30 2023-12-14",-15.5,6.48,450,"1994-11-30 2023-12-14",49.78,17.43,450,"1994-11-30 2023-12-14",-11.6,7.37,450,"1994-11-30 2023-12-14",2.5,3.96,450,"1994-11-30 2023-12-14",0.51,1.52,450,"1994-11-30 2023-12-14",0.01,0.06,438,"1994-11-30 2023-12-14",0.65,1.77,438,"1994-11-30 2023-12-14",4.8,5.78,439,"1994-11-30 2023-12-14",,,,
2024-12-06,-8.61,6.14,450,"1994-11-29 2023-12-13",79.66,13.5,450,"1994-11-29 2023-12-13",-0.2,8.46,450,"1994-11-29 2023-12-13",27.73,10.9,450,"1994-11-29 2023-12-13",-15.39,6.4,450,"1994-11-29 2023-12-13",49.68,17.58,450,"1994-11-29 2023-12-13",-11.5,7.34,450,"1994-11-29 2023-12-13",2.53,4.01,450,"1994-11-29 2023-12-13",0.51,1.51,450,"1994-11-29 2023-12-13",0.01,0.06,438,"1994-11-29 2023-12-13",0.67,1.78,438,"1994-11-29 2023-12-13",4.7,5.72,437,"1994-11-29 2023-12-13",,,,
2024-12-05,-8.5,6.09,450,"1994-11-28 2023-12-12",79.89,13.37,450,"1994-11-28 2023-12-12",-0.09,8.43,450,"1994-11-28 2023-12-12",27.66,10.99,450,"1994-11-28 2023-12-12",-15.29,6.36,450,"1994-11-28 2023-12-12",49.65,17.54,450,"1994-11-28 2023-12-12",-11.39,7.24,450,"1994-11-28 2023-12-12",2.48,4.05,450,"1994-11-28 2023-12-12",0.55,1.57,450,"1994-11-28 2023-12-12",0,0.05,438,"1994-11-28 2023-12-12",0.72,1.88,437,"1994-11-28 2023-12-12",4.5,5.54,435,"1994-11-28 2023-12-12",,,,
2024-12-04,-8.42,6.15,450,"1994-11-27 2023-12-11",80.13,13.18,450,"1994-11-27 2023-12-11",-0.02,8.45,450,"1994-11-27 2023-12-11",27.63,11,450,"1994-11-27 2023-12-11",-15.15,6.37,450,"1994-11-27 2023-12-11",49.64,17.66,450,"1994-11-27 2023-12-11",-11.28,7.2,450,"1994-11-27 2023-12-11",2.44,4.01,450,"1994-11-27 2023-12-11",0.56,1.56,450,"1994-11-27 2023-12-11",0,0.05,436,"1994-11-27 2023-12-11",0.75,1.87,437,"1994-11-27 2023-12-11",4.4,5.44,434,"1994-11-27 2023-12-11",,,,
2024-12-03,-8.3,6.18,450,"1994-11-26 2023-12-10",80.36,13,450,"1994-11-26 2023-12-10",0.11,8.48,450,"1994-11-26 2023-12-10",27.63,11.06,450,"1994-11-26 2023-12-10",-14.99,6.32,450,"1994-11-26 2023-12-10",49.42,17.63,450,"1994-11-26 2023-12-10",-11.12,7.14,450,"1994-11-26 2023-12-10",2.38,3.98,450,"1994-11-26 2023-12-10",0.56,1.55,450,"1994-11-26 2023-12-10",0.01,0.05,435,"1994-11-26 2023-12-10",0.75,1.87,436,"1994-11-26 2023-12-10",4.3,5.4,433,"1994-11-26 2023-12-10",,,,
2024-12-02,-8.19,6.06,450,"1994-11-25 2023-12-09",80.39,12.77,450,"1994-11-25 2023-12-09",0.31,8.39,450,"1994-11-25 2023-12-09",27.57,11.09,450,"1994-11-25 2023-12-09",-14.87,6.27,450,"1994-11-25 2023-12-09",48.96,17.71,450,"1994-11-25 2023-12-09",-10.96,7.08,450,"1994-11-25 2023-12-09",2.44,4.01,450,"1994-11-25 2023-12-09",0.55,1.55,450,"1994-11-25 2023-12-09",0.01,0.05,435,"1994-11-25 2023-12-09",0.74,1.89,436,"1994-11-25 2023-12-09",4.2,5.33,433,"1994-11-25 2023-12-09",,,,
2024-12-01,-8.11,6,450,"1994-11-24 2023-12-08",80.39,12.45,450,"1994-11-24 2023-12-08",0.45,8.44,450,"1994-11-24 2023-12-08",27.43,10.95,450,"1994-11-24 2023-12-08",-14.73,6.26,450,"1994-11-24 2023-12-08",48.64,17.98,450,"1994-11-24 2023-12-08",-10.77,7.07,450,"1994-11-24 2023-12-08",2.38,3.88,450,"1994-11-24 2023-12-08",0.53,1.56,450,"1994-11-24 2023-12-08",0.01,0.05,433,"1994-11-24 2023-12-08",0.72,1.9,434,"1994-11-24 2023-12-08",4,5.3,433,"1994-11-24 2023-12-08",,,,
2024-11-30,-7.9,6.04,450,"1994-11-23 2023-12-07",80.57,12.39,450,"1994-11-23 2023-12-07",0.76,8.45,450,"1994-11-23 2023-12-07",27.46,11.11,450,"1994-11-23 2023-12-07",-14.53,6.27,450,"1994-11-23 2023-12-07",48.27,17.77,450,"1994-11-23 2023-12-07",-10.57,7.04,450,"1994-11-23 2023-12-07",2.41,3.89,450,"1994-11-23 2023-12-07",0.54,1.58,450,"1994-11-23 2023-12-07",0.01,0.05,434,"1994-11-23 2023-12-07",0.71,1.92,435,"1994-11-23 2023-12-07",3.8,5.28,433,"1994-11-23 2023-12-07",,,,
2024-11-29,-7.74,5.93,450,"1994-11-22 2023-12-06",80.34,12.48,450,"1994-11-22 2023-12-06",1.06,8.47,450,"1994-11-22 2023-12-06",27.62,11.35,450,"1994-11-22 2023-12-06",-14.28,6.11,450,"1994-11-22 2023-12-06",47.86,17.86,450,"1994-11-22 2023-12-06",-10.21,6.96,450,"1994-11-22 2023-12-06",2.49,3.91,450,"1994-11-22 2023-12-06",0.51,1.5,450,"1994-11-22 2023-12-06",0.01,0.05,434,"1994-11-22 2023-12-06",0.68,1.85,435,"1994-11-22 2023-12-06",3.7,5.27,431,"1994-11-22 2023-12-06",,,,
2024-11-28,-7.54,5.77,450,"1994-11-21 2023-12-05",80.2,12.53,450,"1994-11-21 2023-12-05",1.39,8.41,450,"1994-11-21 2023-12-05",27.63,11.36,450,"1994-11-21 2023-12-05",-14.08,6,450,"1994-11-21 2023-12-05",47.39,17.97,450,"1994-11-21 2023-12-05",-9.93,6.9,450,"1994-11-21 2023-12-05",2.43,3.88,450,"1994-11-21 2023-12-05",0.51,1.5,450,"1994-11-21 2023-12-05",0.01,0.05,435,"1994-11-21 2023-12-05",0.69,1.88,436,"1994-11-21 2023-12-05",3.6,5.2,431,"1994-11-21 2023-11-25",,,,
2024-11-27,-7.35,5.8,450,"1994-11-20 2023-12-04",80.29,12.3,450,"1994-11-20 2023-12-04",1.67,8.45,450,"1994-11-20 2023-12-04",27.58,11.23,450,"1994-11-20 2023-12-04",-13.87,6.07,450,"1994-11-20 2023-12-04",46.92,17.86,450,"1994-11-20 2023-12-04",-9.76,6.9,450,"1994-11-20 2023-12-04",2.3,3.65,450,"1994-11-20 2023-12-04",0.49,1.48,450,"1994-11-20 2023-12-04",0.01,0.05,435,"1994-11-20 2023-12-04",0.66,1.85,436,"1994-11-20 2023-12-04",3.5,5.16,430,"1994-11-20 2023-11-25",,,,
2024-11-26,-7.24,5.93,450,"1994-11-19 2023-12-03",80.11,12.27,450,"1994-11-19 2023-12-03",1.85,8.61,450,"1994-11-19 2023-12-03",27.52,11.07,450,"1994-11-19 2023-12-03",-13.67,6.15,450,"1994-11-19 2023-12-03",46.8,18,450,"1994-11-19 2023-12-03",-9.55,6.94,450,"1994-11-19 2023-12-03",2.39,3.74,450,"1994-11-19 2023-12-03",0.51,1.61,450,"1994-11-19 2023-12-03",0.01,0.07,435,"1994-11-19 2023-12-03",0.69,2.05,436,"1994-11-19 2023-12-03",3.4,5.04,427,"1994-11-19 2023-11-25",,,,
2024-11-25,-7.01,5.93,450,"1994-11-18 2023-12-02",80.23,12.32,450,"1994-11-18 2023-12-02",2.15,8.55,450,"1994-11-18 2023-12-02",27.84,10.89,450,"1994-11-18 2023-12-02",-13.49,6.15,450,"1994-11-18 2023-12-02",46.44,18.13,450,"1994-11-18 2023-12-02",-9.3,6.93,450,"1994-11-18 2023-12-02",2.38,3.72,450,"1994-11-18 2023-12-02",0.52,1.61,450,"1994-11-18 2023-12-02",0.02,0.19,436,"1994-11-18 2023-12-02",0.69,2.04,437,"1994-11-18 2023-12-02",3.3,4.9,424,"1994-11-18 2023-11-25",,,,
2024-11-24,-6.85,5.92,450,"1994-11-17 2023-12-01",80.19,12.32,450,"1994-11-17 2023-12-01",2.33,8.59,450,"1994-11-17 2023-12-01",27.75,10.84,450,"1994-11-17 2023-12-01",-13.27,6.16,450,"1994-11-17 2023-12-01",46.33,18.42,450,"1994-11-17 2023-12-01",-9.05,6.94,450,"1994-11-17 2023-12-01",2.35,3.48,450,"1994-11-17 2023-12-01",0.51,1.53,450,"1994-11-17 2023-12-01",0.02,0.19,435,"1994-11-17 2023-12-01",0.68,1.96,437,"1994-11-17 2023-12-01",3.1,4.75,424,"1994-11-17 2023-11-25",,,,
2024-11-23,-6.66,5.89,450,"1994-11-16 2023-11-30",80.4,12.24,450,"1994-11-16 2023-11-30",2.5,8.53,450,"1994-11-16 2023-11-30",28.02,11.29,450,"1994-11-16 2023-11-30",-13.12,6.17,450,"1994-11-16 2023-11-30",46.61,18.6,450,"1994-11-16 2023-11-30",-8.84,6.92,450,"1994-11-16 2023-11-30",2.45,3.55,450,"1994-11-16 2023-11-30",0.52,1.57,450,"1994-11-16 2023-11-30",0.02,0.19,435,"1994-11-16 2023-11-30",0.69,1.99,438,"1994-11-16 2023-11-30",3,4.61,424,"1994-11-16 2023-11-25",,,,
2024-11-22,-6.35,5.85,450,"1994-11-15 2023-11-29",80.74,12.05,450,"1994-11-15 2023-11-29",2.89,8.47,450,"1994-11-15 2023-11-29",28.18,11.27,450,"1994-11-15 2023-11-29",-12.82,6.19,450,"1994-11-15 2023-11-29",46.25,18.5,450,"1994-11-15 2023-11-29",-8.54,6.84,450,"1994-11-15 2023-11-29",2.42,3.47,450,"1994-11-15 2023-11-29",0.5,1.53,450,"1994-11-15 2023-11-29",0.03,0.21,435,"1994-11-15 2023-11-29",0.65,1.94,439,"1994-11-15 2023-11-29",2.9,4.48,423,"1994-11-15 2023-11-25",,,,
2024-11-21,-6.08,5.75,450,"1994-11-14 2023-11-28",80.82,11.91,450,"1994-11-14 2023-11-28",3.15,8.3,450,"1994-11-14 2023-11-28",28.29,11.18,450,"1994-11-14 2023-11-28",-12.51,6.07,450,"1994-11-14 2023-11-28",46.27,18.49,450,"1994-11-14 2023-11-28",-8.21,6.63,450,"1994-11-14 2023-11-28",2.4,3.43,450,"1994-11-14 2023-11-28",0.51,1.6,450,"1994-11-14 2023-11-28",0.03,0.21,436,"1994-11-14 2023-11-28",0.64,2,440,"1994-11-14 2023-11-28",2.8,4.33,420,"1994-11-14 2023-11-25",,,,
2024-11-20,-5.79,5.58,450,"1994-11-13 2023-11-27",80.65,12.13,450,"1994-11-13 2023-11-27",3.57,8.11,450,"1994-11-13 2023-11-27",28.41,10.97,450,"1994-11-13 2023-11-27",-12.26,5.93,450,"1994-11-13 2023-11-27",45.84,18.52,450,"1994-11-13 2023-11-27",-7.84,6.55,450,"1994-11-13 2023-11-27",2.29,3.17,450,"1994-11-13 2023-11-27",0.47,1.54,450,"1994-11-13 2023-11-27",0.03,0.2,437,"1994-11-13 2023-11-27",0.6,1.94,441,"1994-11-13 2023-11-27",2.7,4.32,417,"1994-11-13 2023-11-25",,,,
2024-11-19,-5.62,5.48,450,"1994-11-12 2023-11-26",80.51,12.17,450,"1994-11-12 2023-11-26",3.86,8.03,450,"1994-11-12 2023-11-26",28.36,10.91,450,"1994-11-12 2023-11-26",-12.05,5.84,450,"1994-11-12 2023-11-26",45.45,18.24,450,"1994-11-12 2023-11-26",-7.61,6.47,450,"1994-11-12 2023-11-26",2.31,3.17,450,"1994-11-12 2023-11-26",0.44,1.52,450,"1994-11-12 2023-11-26",0.03,0.21,439,"1994-11-12 2023-11-26",0.56,1.93,442,"1994-11-12 2023-11-26",2.7,4.24,414,"1994-11-12 2023-11-25",,,,
2024-11-18,-5.61,5.37,450,"1994-11-11 2023-11-25",80.53,12.26,450,"1994-11-11 2023-11-25",3.95,7.96,450,"1994-11-11 2023-11-25",28.2,10.77,450,"1994-11-11 2023-11-25",-12.04,5.79,450,"1994-11-11 2023-11-25",45.39,18.32,450,"1994-11-11 2023-11-25",-7.65,6.43,450,"1994-11-11 2023-11-25",2.3,3.15,450,"1994-11-11 2023-11-25",0.41,1.5,450,"1994-11-11 2023-11-25",0.03,0.2,439,"1994-11-11 2023-11-25",0.53,1.91,442,"1994-11-11 2023-11-25",2.7,4.16,412,"1994-11-11 2023-11-25",,,,
2024-11-17,-5.55,5.41,450,"1994-11-10 2023-11-24",81.01,12.1,450,"1994-11-10 2023-11-24",3.86,8.08,450,"1994-11-10 2023-11-24",28.03,10.73,450,"1994-11-10 2023-11-24",-11.96,5.85,450,"1994-11-10 2023-11-24",46.18,18.73,450,"1994-11-10 2023-11-24",-7.69,6.47,450,"1994-11-10 2023-11-24",2.26,3.14,450,"1994-11-10 2023-11-24",0.44,1.57,450,"1994-11-10 2023-11-24",0.03,0.2,438,"1994-11-10 2023-11-24",0.55,1.95,442,"1994-11-10 2023-11-24",2.7,4.14,409,"1994-11-10 2023-11-24",,,,
2024-11-16,-5.44,5.39,450,"1994-11-09 2023-11-23",81.26,12.05,450,"1994-11-09 2023-11-23",3.86,8.14,450,"1994-11-09 2023-11-23",27.98,10.78,450,"1994-11-09 2023-11-23",-11.83,5.77,450,"1994-11-09 2023-11-23",46.78,19,450,"1994-11-09 2023-11-23",-7.63,6.4,450,"1994-11-09 2023-11-23",2.32,3.19,450,"1994-11-09 2023-11-23",0.47,1.61,450,"1994-11-09 2023-11-23",0.03,0.21,439,"1994-11-09 2023-11-23",0.59,1.99,443,"1994-11-09 2023-11-23",2.8,4.12,405,"1994-11-09 2023-11-23",,,,
2024-11-15,-5.37,5.3,450,"1994-11-08 2023-11-22",81.34,12.12,450,"1994-11-08 2023-11-22",3.92,8.09,450,"1994-11-08 2023-11-22",28.02,10.66,450,"1994-11-08 2023-11-22",-11.68,5.67,450,"1994-11-08 2023-11-22",46.9,19.21,450,"1994-11-08 2023-11-22",-7.43,6.31,450,"1994-11-08 2023-11-22",2.33,3.24,450,"1994-11-08 2023-11-22",0.47,1.54,450,"1994-11-08 2023-11-22",0.03,0.21,438,"1994-11-08 2023-11-22",0.58,1.92,442,"1994-11-08 2023-11-22",2.7,4.11,401,"1994-11-08 2023-11-22",,,,
2024-11-14,-5.18,5.26,450,"1994-11-07 2023-11-21",81.74,11.94,450,"1994-11-07 2023-11-21",4,7.98,450,"1994-11-07 2023-11-21",28.12,10.52,450,"1994-11-07 2023-11-21",-11.48,5.55,450,"1994-11-07 2023-11-21",47.14,19.28,450,"1994-11-07 2023-11-21",-7.31,6.13,450,"1994-11-07 2023-11-21",2.27,3.23,450,"1994-11-07 2023-11-21",0.5,1.6,450,"1994-11-07 2023-11-21",0.04,0.23,438,"1994-11-07 2023-11-21",0.62,2.02,442,"1994-11-07 2023-11-21",2.7,4.01,399,"1994-11-07 2023-11-17",,,,
2024-11-13,-4.95,5.2,450,"1994-11-06 2023-11-20",82.17,11.79,450,"1994-11-06 2023-11-20",4.07,7.83,450,"1994-11-06 2023-11-20",28.19,10.55,450,"1994-11-06 2023-11-20",-11.26,5.47,450,"1994-11-06 2023-11-20",47.78,19.4,450,"1994-11-06 2023-11-20",-7.19,6.03,450,"1994-11-06 2023-11-20",2.33,3.23,450,"1994-11-06 2023-11-20",0.51,1.6,450,"1994-11-06 2023-11-20",0.04,0.23,437,"1994-11-06 2023-11-20",0.62,1.99,441,"1994-11-06 2023-11-20",2.7,3.94,396,"1994-11-06 2023-11-17",,,,
2024-11-12,-4.73,5.05,450,"1994-11-05 2023-11-19",82.26,12.02,450,"1994-11-05 2023-11-19",4.29,7.77,450,"1994-11-05 2023-11-19",28.17,10.64,450,"1994-11-05 2023-11-19",-11.04,5.32,450,"1994-11-05 2023-11-19",47.83,19.66,450,"1994-11-05 2023-11-19",-6.96,5.91,450,"1994-11-05 2023-11-19",2.33,3.2,450,"1994-11-05 2023-11-19",0.54,1.64,450,"1994-11-05 2023-11-19",0.05,0.25,438,"1994-11-05 2023-11-19",0.66,2.05,442,"1994-11-05 2023-11-19",2.6,3.8,394,"1994-11-05 2023-11-17",,,,
2024-11-11,-4.47,4.88,450,"1994-11-04 2023-11-18",82.54,12.04,450,"1994-11-04 2023-11-18",4.62,7.65,450,"1994-11-04 2023-11-18",28.32,10.88,450,"1994-11-04 2023-11-18",-10.83,5.27,450,"1994-11-04 2023-11-18",47.49,19.67,450,"1994-11-04 2023-11-18",-6.73,5.81,450,"1994-11-04 2023-11-18",2.26,3.12,450,"1994-11-04 2023-11-18",0.5,1.44,450,"1994-11-04 2023-11-18",0.05,0.26,438,"1994-11-04 2023-11-18",0.6,1.77,443,"1994-11-04 2023-11-18",2.5,3.76,393,"1994-11-04 2023-11-17",,,,
2024-11-10,-4.32,4.77,450,"1994-11-03 2023-11-17",82.58,12.25,450,"1994-11-03 2023-11-17",4.84,7.64,450,"1994-11-03 2023-11-17",27.97,10.83,450,"1994-11-03 2023-11-17",-10.6,5.16,450,"1994-11-03 2023-11-17",47.45,19.97,450,"1994-11-03 2023-11-17",-6.49,5.75,450,"1994-11-03 2023-11-17",2.22,3.16,450,"1994-11-03 2023-11-17",0.51,1.48,450,"1994-11-03 2023-11-17",0.04,0.19,437,"1994-11-03 2023-11-17",0.61,1.8,442,"1994-11-03 2023-11-17",2.4,3.68,393,"1994-11-03 2023-11-17",,,,
2024-11-09,-4.13,4.66,450,"1994-11-02 2023-11-16",82.58,12.52,450,"1994-11-02 2023-11-16",5.09,7.52,450,"1994-11-02 2023-11-16",27.84,10.53,450,"1994-11-02 2023-11-16",-10.43,5.14,450,"1994-11-02 2023-11-16",47.45,20.14,450,"1994-11-02 2023-11-16",-6.28,5.67,450,"1994-11-02 2023-11-16",2.16,3.18,450,"1994-11-02 2023-11-16",0.54,1.53,450,"1994-11-02 2023-11-16",0.04,0.21,438,"1994-11-02 2023-11-16",0.65,1.96,442,"1994-11-02 2023-11-16",2.4,3.67,389,"1994-11-02 2023-11-16",,,,
2024-11-08,-4.05,4.62,450,"1994-11-01 2023-11-15",82.3,12.82,450,"1994-11-01 2023-11-15",5.27,7.43,450,"1994-11-01 2023-11-15",27.45,10.16,450,"1994-11-01 2023-11-15",-10.31,5.13,450,"1994-11-01 2023-11-15",46.91,20.1,450,"1994-11-01 2023-11-15",-6.13,5.65,450,"1994-11-01 2023-11-15",2.16,3.23,450,"1994-11-01 2023-11-15",0.56,1.6,450,"1994-11-01 2023-11-15",0.06,0.35,439,"1994-11-01 2023-11-15",0.64,1.95,442,"1994-11-01 2023-11-15",2.3,3.63,385,"1994-11-01 2023-11-15",,,,
2024-11-07,-4.03,4.61,450,"1994-10-31 2023-11-14",81.96,12.9,450,"1994-10-31 2023-11-14",5.37,7.4,450,"1994-10-31 2023-11-14",27.39,10.27,450,"1994-10-31 2023-11-14",-10.33,5.09,450,"1994-10-31 2023-11-14",46.55,20.02,450,"1994-10-31 2023-11-14",-6.04,5.68,450,"1994-10-31 2023-11-14",2.18,3.24,450,"1994-10-31 2023-11-14",0.57,1.63,450,"1994-10-31 2023-11-14",0.08,0.49,440,"1994-10-31 2023-11-14",0.63,1.94,442,"1994-10-31 2023-11-14",2.2,3.55,380,"1994-10-31 2023-11-06",,,,
2024-11-06,-3.98,4.6,450,"1994-10-30 2023-11-13",81.86,13.02,450,"1994-10-30 2023-11-13",5.55,7.45,450,"1994-10-30 2023-11-13",27.43,10.28,450,"1994-10-30 2023-11-13",-10.29,5.1,450,"1994-10-30 2023-11-13",46.02,20.05,450,"1994-10-30 2023-11-13",-5.96,5.74,450,"1994-10-30 2023-11-13",2.21,3.23,450,"1994-10-30 2023-11-13",0.55,1.56,450,"1994-10-30 2023-11-13",0.08,0.49,440,"1994-10-30 2023-11-13",0.6,1.85,442,"1994-10-30 2023-11-13",2.2,3.52,379,"1994-10-30 2023-11-06",,,,
2024-11-05,-3.92,4.64,450,"1994-10-29 2023-11-12",82.21,12.8,450,"1994-10-29 2023-11-12",5.52,7.5,450,"1994-10-29 2023-11-12",27.51,10.45,450,"1994-10-29 2023-11-12",-10.17,5.13,450,"1994-10-29 2023-11-12",46.27,20.22,450,"1994-10-29 2023-11-12",-5.94,5.77,450,"1994-10-29 2023-11-12",2.32,3.4,450,"1994-10-29 2023-11-12",0.59,1.64,450,"1994-10-29 2023-11-12",0.08,0.5,439,"1994-10-29 2023-11-12",0.64,1.94,442,"1994-10-29 2023-11-12",2.1,3.45,378,"1994-10-29 2023-11-06",,,,
2024-11-04,-3.75,4.62,450,"1994-10-28 2023-11-11",82.46,12.75,450,"1994-10-28 2023-11-11",5.58,7.5,450,"1994-10-28 2023-11-11",27.46,10.55,450,"1994-10-28 2023-11-11",-10.02,5.14,450,"1994-10-28 2023-11-11",46.84,20.45,450,"1994-10-28 2023-11-11",-5.84,5.77,450,"1994-10-28 2023-11-11",2.32,3.38,450,"1994-10-28 2023-11-11",0.64,1.69,450,"1994-10-28 2023-11-11",0.1,0.54,439,"1994-10-28 2023-11-11",0.68,1.95,442,"1994-10-28 2023-11-11",2,3.41,378,"1994-10-28 2023-11-06",,,,
2024-11-03,-3.49,4.58,450,"1994-10-27 2023-11-10",82.19,13.02,450,"1994-10-27 2023-11-10",5.92,7.5,450,"1994-10-27 2023-11-10",27.82,10.68,450,"1994-10-27 2023-11-10",-9.74,5.07,450,"1994-10-27 2023-11-10",46.41,20.59,450,"1994-10-27 2023-11-10",-5.4,5.65,450,"1994-10-27 2023-11-10",2.5,3.61,450,"1994-10-27 2023-11-10",0.69,1.77,450,"1994-10-27 2023-11-10",0.13,0.63,440,"1994-10-27 2023-11-10",0.7,1.98,443,"1994-10-27 2023-11-10",1.9,3.27,376,"1994-10-27 2023-11-06",,,,
2024-11-02,-3.24,4.46,450,"1994-10-26 2023-11-09",81.93,12.95,450,"1994-10-26 2023-11-09",6.41,7.35,450,"1994-10-26 2023-11-09",28.09,10.76,450,"1994-10-26 2023-11-09",-9.48,4.89,450,"1994-10-26 2023-11-09",45.5,20.29,450,"1994-10-26 2023-11-09",-5.03,5.52,450,"1994-10-26 2023-11-09",2.53,3.62,450,"1994-10-26 2023-11-09",0.66,1.7,450,"1994-10-26 2023-11-09",0.13,0.63,442,"1994-10-26 2023-11-09",0.65,1.89,444,"1994-10-26 2023-11-09",1.8,3.1,373,"1994-10-26 2023-11-06",,,,
2024-11-01,-3.04,4.39,450,"1994-10-25 2023-11-08",81.79,12.83,450,"1994-10-25 2023-11-08",6.82,7.23,450,"1994-10-25 2023-11-08",28.21,10.97,450,"1994-10-25 2023-11-08",-9.28,4.83,450,"1994-10-25 2023-11-08",44.59,19.87,450,"1994-10-25 2023-11-08",-4.76,5.39,450,"1994-10-25 2023-11-08",2.46,3.62,450,"1994-10-25 2023-11-08",0.6,1.6,450,"1994-10-25 2023-11-08",0.13,0.63,442,"1994-10-25 2023-11-08",0.58,1.77,444,"1994-10-25 2023-11-08",1.8,2.99,369,"1994-10-25 2023-11-06",,,,
2024-10-31,-2.82,4.27,450,"1994-10-24 2023-11-07",81.81,12.89,450,"1994-10-24 2023-11-07",7.17,7.22,450,"1994-10-24 2023-11-07",28.29,10.95,450,"1994-10-24 2023-11-07",-9.09,4.76,450,"1994-10-24 2023-11-07",44.1,19.8,450,"1994-10-24 2023-11-07",-4.56,5.3,450,"1994-10-24 2023-11-07",2.46,3.65,450,"1994-10-24 2023-11-07",0.6,1.64,450,"1994-10-24 2023-11-07",0.13,0.64,443,"1994-10-24 2023-11-07",0.59,1.81,445,"1994-10-24 2023-11-07",1.8,3.03,365,"1994-10-24 2023-11-06",,,,
2024-10-30,-2.61,4.15,450,"1994-10-23 2023-11-06",81.65,13.12,450,"1994-10-23 2023-11-06",7.54,7.17,450,"1994-10-23 2023-11-06",28.23,10.87,450,"1994-10-23 2023-11-06",-8.85,4.7,450,"1994-10-23 2023-11-06",43.87,20.01,450,"1994-10-23 2023-11-06",-4.27,5.23,450,"1994-10-23 2023-11-06",2.61,3.71,450,"1994-10-23 2023-11-06",0.69,1.98,449,"1994-10-23 2023-11-06",0.18,1.22,442,"1994-10-23 2023-11-06",0.62,1.82,444,"1994-10-23 2023-11-06",1.8,3.08,362,"1994-10-23 2023-11-06",,,,
2024-10-29,-2.39,4.02,450,"1994-10-22 2023-11-05",81.44,13.14,450,"1994-10-22 2023-11-05",7.94,7.16,450,"1994-10-22 2023-11-05",28.09,10.67,450,"1994-10-22 2023-11-05",-8.58,4.58,450,"1994-10-22 2023-11-05",43.33,20.03,450,"1994-10-22 2023-11-05",-3.92,5.06,450,"1994-10-22 2023-11-05",2.6,3.71,450,"1994-10-22 2023-11-05",0.72,2.19,449,"1994-10-22 2023-11-05",0.18,1.22,442,"1994-10-22 2023-11-05",0.66,2.06,444,"1994-10-22 2023-11-05",1.7,3.04,359,"1994-10-22 2023-11-05",,,,
2024-10-28,-2.17,4,450,"1994-10-21 2023-11-04",81.39,12.98,450,"1994-10-21 2023-11-04",8.26,7.12,450,"1994-10-21 2023-11-04",27.89,10.5,450,"1994-10-21 2023-11-04",-8.28,4.53,450,"1994-10-21 2023-11-04",43.05,19.86,450,"1994-10-21 2023-11-04",-3.62,4.91,450,"1994-10-21 2023-11-04",2.57,3.72,450,"1994-10-21 2023-11-04",0.71,2.17,449,"1994-10-21 2023-11-04",0.19,1.23,441,"1994-10-21 2023-11-04",0.63,2.01,443,"1994-10-21 2023-11-04",1.6,2.99,356,"1994-10-21 2023-11-04",,,,
2024-10-27,-1.95,3.95,450,"1994-10-20 2023-11-03",81.27,13.02,450,"1994-10-20 2023-11-03",8.61,7.03,450,"1994-10-20 2023-11-03",27.82,10.18,450,"1994-10-20 2023-11-03",-7.95,4.48,450,"1994-10-20 2023-11-03",42.89,19.68,450,"1994-10-20 2023-11-03",-3.31,4.85,450,"1994-10-20 2023-11-03",2.69,3.82,450,"1994-10-20 2023-11-03",0.72,2.23,449,"1994-10-20 2023-11-03",0.21,1.25,442,"1994-10-20 2023-11-03",0.62,2.06,443,"1994-10-20 2023-11-03",1.6,2.95,352,"1994-10-20 2023-11-03",,,,
2024-10-26,-1.72,3.92,450,"1994-10-19 2023-11-02",81.09,12.94,450,"1994-10-19 2023-11-02",9.05,7.03,450,"1994-10-19 2023-11-02",27.87,10.25,450,"1994-10-19 2023-11-02",-7.68,4.45,450,"1994-10-19 2023-11-02",42.42,19.37,450,"1994-10-19 2023-11-02",-3.06,4.82,450,"1994-10-19 2023-11-02",2.73,3.84,450,"1994-10-19 2023-11-02",0.7,2.2,449,"1994-10-19 2023-11-02",0.23,1.26,442,"1994-10-19 2023-11-02",0.6,2.03,443,"1994-10-19 2023-11-02",1.5,2.94,347,"1994-10-19 2023-11-02",,,,
2024-10-25,-1.53,3.88,450,"1994-10-18 2023-11-01",80.91,12.92,450,"1994-10-18 2023-11-01",9.45,6.97,450,"1994-10-18 2023-11-01",27.99,10.49,450,"1994-10-18 2023-11-01",-7.48,4.38,450,"1994-10-18 2023-11-01",41.56,18.92,450,"1994-10-18 2023-11-01",-2.79,4.76,450,"1994-10-18 2023-11-01",2.76,3.84,450,"1994-10-18 2023-11-01",0.65,2.13,449,"1994-10-18 2023-11-01",0.23,1.26,443,"1994-10-18 2023-11-01",0.52,1.84,444,"1994-10-18 2023-11-01",1.4,2.88,343,"1994-10-18 2023-11-01",,,,
2024-10-24,-1.3,3.9,450,"1994-10-17 2023-10-31",80.89,12.78,450,"1994-10-17 2023-10-31",9.89,7.06,450,"1994-10-17 2023-10-31",28.39,10.68,450,"1994-10-17 2023-10-31",-7.26,4.29,450,"1994-10-17 2023-10-31",41.09,18.73,450,"1994-10-17 2023-10-31",-2.54,4.67,450,"1994-10-17 2023-10-31",2.66,3.76,450,"1994-10-17 2023-10-31",0.61,2.07,449,"1994-10-17 2023-10-31",0.23,1.3,443,"1994-10-17 2023-10-31",0.48,1.77,444,"1994-10-17 2023-10-31",1.4,2.89,340,"1994-10-17 2023-10-31",,,,
2024-10-23,-1.04,3.86,450,"1994-10-16 2023-10-30",80.79,13.05,450,"1994-10-16 2023-10-30",10.24,7.04,450,"1994-10-16 2023-10-30",28.26,10.55,450,"1994-10-16 2023-10-30",-6.94,4.21,450,"1994-10-16 2023-10-30",41.07,18.77,450,"1994-10-16 2023-10-30",-2.24,4.55,450,"1994-10-16 2023-10-30",2.66,3.77,450,"1994-10-16 2023-10-30",0.62,2.08,449,"1994-10-16 2023-10-30",0.22,1.28,441,"1994-10-16 2023-10-30",0.49,1.79,443,"1994-10-16 2023-10-30",1.4,2.86,339,"1994-10-16 2023-10-30",,,,
2024-10-22,-0.77,3.79,450,"1994-10-15 2023-10-29",80.93,13.02,450,"1994-10-15 2023-10-29",10.52,6.93,450,"1994-10-15 2023-10-29",28.25,10.51,450,"1994-10-15 2023-10-29",-6.6,4.11,450,"1994-10-15 2023-10-29",41.26,19,450,"1994-10-15 2023-10-29",-1.95,4.4,450,"1994-10-15 2023-10-29",2.67,3.85,450,"1994-10-15 2023-10-29",0.66,2.1,449,"1994-10-15 2023-10-29",0.25,1.3,441,"1994-10-15 2023-10-29",0.5,1.81,443,"1994-10-15 2023-10-29",1.3,2.84,334,"1994-10-15 2023-10-29",,,,
2024-10-21,-0.54,3.72,450,"1994-10-14 2023-10-28",80.76,13.04,450,"1994-10-14 2023-10-28",10.89,6.77,450,"1994-10-14 2023-10-28",28.08,10.31,450,"1994-10-14 2023-10-28",-6.39,4,450,"1994-10-14 2023-10-28",40.88,18.77,450,"1994-10-14 2023-10-28",-1.71,4.22,450,"1994-10-14 2023-10-28",2.62,3.72,450,"1994-10-14 2023-10-28",0.7,2.17,449,"1994-10-14 2023-10-28",0.31,1.48,441,"1994-10-14 2023-10-28",0.47,1.7,442,"1994-10-14 2023-10-28",1.2,2.81,331,"1994-10-14 2023-10-28",,,,
2024-10-20,-0.41,3.72,450,"1994-10-13 2023-10-27",80.63,13.01,450,"1994-10-13 2023-10-27",11.22,6.7,450,"1994-10-13 2023-10-27",28,10.21,450,"1994-10-13 2023-10-27",-6.18,3.95,450,"1994-10-13 2023-10-27",40.2,18.43,450,"1994-10-13 2023-10-27",-1.47,4.08,450,"1994-10-13 2023-10-27",2.63,3.72,450,"1994-10-13 2023-10-27",0.65,2.14,449,"1994-10-13 2023-10-27",0.3,1.49,439,"1994-10-13 2023-10-27",0.43,1.66,440,"1994-10-13 2023-10-27",1.1,2.72,326,"1994-10-13 2023-10-27",,,,
2024-10-19,-0.3,3.71,450,"1994-10-12 2023-10-26",80.63,13.01,450,"1994-10-12 2023-10-26",11.33,6.6,450,"1994-10-12 2023-10-26",27.72,10.25,450,"1994-10-12 2023-10-26",-6.04,3.97,450,"1994-10-12 2023-10-26",40.26,18.17,450,"1994-10-12 2023-10-26",-1.39,4.13,450,"1994-10-12 2023-10-26",2.48,3.51,450,"1994-10-12 2023-10-26",0.64,2.15,449,"1994-10-12 2023-10-26",0.33,1.57,438,"1994-10-12 2023-10-26",0.39,1.63,439,"1994-10-12 2023-10-26",1,2.63,322,"1994-10-12 2023-10-26",,,,
2024-10-18,-0.17,3.69,450,"1994-10-11 2023-10-25",80.7,13.09,450,"1994-10-11 2023-10-25",11.34,6.49,450,"1994-10-11 2023-10-25",27.5,10.09,450,"1994-10-11 2023-10-25",-5.93,3.94,450,"1994-10-11 2023-10-25",40.39,18.19,450,"1994-10-11 2023-10-25",-1.23,4.08,450,"1994-10-11 2023-10-25",2.49,3.47,450,"1994-10-11 2023-10-25",0.68,2.18,449,"1994-10-11 2023-10-25",0.35,1.62,437,"1994-10-11 2023-10-25",0.39,1.64,438,"1994-10-11 2023-10-25",0.9,2.48,321,"1994-10-11 2023-10-25",,,,
2024-10-17,-0.03,3.74,450,"1994-10-10 2023-10-24",80.42,13.49,450,"1994-10-10 2023-10-24",11.52,6.52,450,"1994-10-10 2023-10-24",27.65,9.98,450,"1994-10-10 2023-10-24",-5.7,3.88,450,"1994-10-10 2023-10-24",40.46,18.19,450,"1994-10-10 2023-10-24",-0.94,4.03,450,"1994-10-10 2023-10-24",2.6,3.47,450,"1994-10-10 2023-10-24",0.73,2.28,449,"1994-10-10 2023-10-24",0.4,1.74,437,"1994-10-10 2023-10-24",0.4,1.65,438,"1994-10-10 2023-10-24",0.8,2.26,319,"1994-10-10 2023-10-24",,,,
2024-10-16,0.06,3.73,450,"1994-10-09 2023-10-23",80.08,13.47,450,"1994-10-09 2023-10-23",11.74,6.49,450,"1994-10-09 2023-10-23",27.59,9.86,450,"1994-10-09 2023-10-23",-5.57,3.87,450,"1994-10-09 2023-10-23",40.19,18.17,450,"1994-10-09 2023-10-23",-0.75,4.01,450,"1994-10-09 2023-10-23",2.68,3.46,450,"1994-10-09 2023-10-23",0.71,2.24,449,"1994-10-09 2023-10-23",0.4,1.75,436,"1994-10-09 2023-10-23",0.37,1.58,437,"1994-10-09 2023-10-23",0.6,1.79,318,"1994-10-09 2023-10-23",,,,
2024-10-15,0.15,3.67,450,"1994-10-08 2023-10-22",79.79,13.52,450,"1994-10-08 2023-10-22",11.97,6.44,450,"1994-10-08 2023-10-22",27.52,9.78,450,"1994-10-08 2023-10-22",-5.45,3.89,450,"1994-10-08 2023-10-22",39.86,17.97,450,"1994-10-08 2023-10-22",-0.57,4.02,450,"1994-10-08 2023-10-22",2.65,3.41,450,"1994-10-08 2023-10-22",0.61,1.93,450,"1994-10-08 2023-10-22",0.35,1.41,437,"1994-10-08 2023-10-22",0.31,1.46,439,"1994-10-08 2023-10-22",0.5,1.49,317,"1994-10-08 2022-10-22",,,,
2024-10-14,0.32,3.66,450,"1994-10-07 2023-10-21",79.62,13.47,450,"1994-10-07 2023-10-21",12.26,6.38,450,"1994-10-07 2023-10-21",27.88,10.04,450,"1994-10-07 2023-10-21",-5.32,3.92,450,"1994-10-07 2023-10-21",39.28,17.58,450,"1994-10-07 2023-10-21",-0.34,4.08,450,"1994-10-07 2023-10-21",2.69,3.46,450,"1994-10-07 2023-10-21",0.61,1.75,450,"1994-10-07 2023-10-21",0.37,1.41,438,"1994-10-07 2023-10-21",0.29,1.23,440,"1994-10-07 2023-10-21",0.5,1.34,315,"1994-10-07 2022-10-21",,,,
2024-10-13,0.46,3.69,450,"1994-10-06 2023-10-20",79.32,13.57,450,"1994-10-06 2023-10-20",12.57,6.32,450,"1994-10-06 2023-10-20",28.08,10.31,450,"1994-10-06 2023-10-20",-5.21,3.94,450,"1994-10-06 2023-10-20",38.89,17.27,450,"1994-10-06 2023-10-20",-0.15,4.1,450,"1994-10-06 2023-10-20",2.74,3.49,450,"1994-10-06 2023-10-20",0.6,1.77,450,"1994-10-06 2023-10-20",0.37,1.45,439,"1994-10-06 2023-10-20",0.27,1.21,441,"1994-10-06 2023-10-20",0.5,1.32,311,"1994-10-06 2021-10-11",,,,
2024-10-12,0.51,3.75,450,"1994-10-05 2023-10-19",79.19,13.69,450,"1994-10-05 2023-10-19",12.69,6.36,450,"1994-10-05 2023-10-19",27.91,10.34,450,"1994-10-05 2023-10-19",-5.18,3.98,450,"1994-10-05 2023-10-19",38.6,17.15,450,"1994-10-05 2023-10-19",-0.03,4.09,450,"1994-10-05 2023-10-19",2.7,3.41,450,"1994-10-05 2023-10-19",0.58,1.72,450,"1994-10-05 2023-10-19",0.36,1.45,439,"1994-10-05 2023-10-19",0.24,1.09,441,"1994-10-05 2023-10-19",0.4,1.35,309,"1994-10-05 2021-10-11",,,,
2024-10-11,0.65,3.83,450,"1994-10-04 2023-10-18",79.46,13.69,450,"1994-10-04 2023-10-18",12.69,6.39,450,"1994-10-04 2023-10-18",27.64,10.22,450,"1994-10-04 2023-10-18",-5.01,4.06,450,"1994-10-04 2023-10-18",38.94,17.09,450,"1994-10-04 2023-10-18",0.08,4.14,450,"1994-10-04 2023-10-18",2.66,3.35,450,"1994-10-04 2023-10-18",0.6,1.73,450,"1994-10-04 2023-10-18",0.38,1.47,438,"1994-10-04 2023-10-18",0.25,1.11,441,"1994-10-04 2023-10-18",0.5,1.58,307,"1994-10-04 2021-10-11",,,,
2024-10-10,0.79,3.81,450,"1994-10-03 2023-10-17",79.85,13.35,450,"1994-10-03 2023-10-17",12.7,6.4,450,"1994-10-03 2023-10-17",27.51,10.05,450,"1994-10-03 2023-10-17",-4.83,4.01,450,"1994-10-03 2023-10-17",39.4,17,450,"1994-10-03 2023-10-17",0.14,4.16,450,"1994-10-03 2023-10-17",2.64,3.33,450,"1994-10-03 2023-10-17",0.63,1.75,450,"1994-10-03 2023-10-17",0.4,1.48,438,"1994-10-03 2023-10-17",0.26,1.11,441,"1994-10-03 2023-10-17",0.6,2.31,306,"1994-10-03 2021-10-11",,,,
2024-10-09,0.92,3.78,450,"1994-10-02 2023-10-16",80.18,13.29,450,"1994-10-02 2023-10-16",12.7,6.42,450,"1994-10-02 2023-10-16",27.39,10.24,450,"1994-10-02 2023-10-16",-4.65,4.01,450,"1994-10-02 2023-10-16",39.83,17.18,450,"1994-10-02 2023-10-16",0.23,4.14,450,"1994-10-02 2023-10-16",2.75,3.73,450,"1994-10-02 2023-10-16",0.69,2.09,450,"1994-10-02 2023-10-16",0.39,1.43,437,"1994-10-02 2023-10-16",0.32,1.9,440,"1994-10-02 2023-10-16",0.6,2.52,305,"1994-10-02 2021-10-11",,,,
2024-10-08,1.03,3.85,450,"1994-10-01 2023-10-15",80.55,13.1,450,"1994-10-01 2023-10-15",12.79,6.5,450,"1994-10-01 2023-10-15",27.52,10.22,450,"1994-10-01 2023-10-15",-4.5,4.07,450,"1994-10-01 2023-10-15",39.99,17.33,450,"1994-10-01 2023-10-15",0.32,4.15,450,"1994-10-01 2023-10-15",2.77,3.77,450,"1994-10-01 2023-10-15",0.75,2.18,450,"1994-10-01 2023-10-15",0.43,1.49,439,"1994-10-01 2023-10-15",0.36,2.02,441,"1994-10-01 2023-10-15",0.6,2.55,304,"1994-10-01 2021-10-11",,,,
2024-10-07,1.23,3.86,450,"1994-09-30 2023-10-14",80.6,12.94,450,"1994-09-30 2023-10-14",12.98,6.66,450,"1994-09-30 2023-10-14",27.47,10.22,450,"1994-09-30 2023-10-14",-4.28,4.11,450,"1994-09-30 2023-10-14",40.19,17.46,450,"1994-09-30 2023-10-14",0.52,4.17,450,"1994-09-30 2023-10-14",2.81,3.74,450,"1994-09-30 2023-10-14",0.77,2.24,450,"1994-09-30 2023-10-14",0.45,1.52,439,"1994-09-30 2023-10-14",0.37,2.03,441,"1994-09-30 2023-10-14",0.7,2.9,306,"1994-09-30 2021-10-11",,,,
2024-10-06,1.42,3.86,450,"1994-09-29 2023-10-13",80.58,12.91,450,"1994-09-29 2023-10-13",13.25,6.75,450,"1994-09-29 2023-10-13",27.49,10.25,450,"1994-09-29 2023-10-13",-3.99,4.13,450,"1994-09-29 2023-10-13",40.23,17.39,450,"1994-09-29 2023-10-13",0.8,4.18,450,"1994-09-29 2023-10-13",2.84,3.81,450,"1994-09-29 2023-10-13",0.75,2.31,450,"1994-09-29 2023-10-13",0.4,1.38,440,"1994-09-29 2023-10-13",0.39,2.3,442,"1994-09-29 2023-10-13",0.7,2.89,304,"1994-09-29 2021-10-11",,,,
2024-10-05,1.63,3.91,450,"1994-09-28 2023-10-12",80.32,13.18,450,"1994-09-28 2023-10-12",13.58,6.77,450,"1994-09-28 2023-10-12",27.69,10.24,450,"1994-09-28 2023-10-12",-3.74,4.14,450,"1994-09-28 2023-10-12",40.01,17.34,450,"1994-09-28 2023-10-12",1.08,4.25,450,"1994-09-28 2023-10-12",2.92,3.89,450,"1994-09-28 2023-10-12",0.75,2.3,450,"1994-09-28 2023-10-12",0.4,1.36,442,"1994-09-28 2023-10-12",0.39,2.3,444,"1994-09-28 2023-10-12",0.7,2.89,303,"1994-09-28 2021-10-11",,,,
2024-10-04,1.89,3.86,450,"1994-09-27 2023-10-11",80.11,13.21,450,"1994-09-27 2023-10-11",14.02,6.86,450,"1994-09-27 2023-10-11",27.75,10.05,450,"1994-09-27 2023-10-11",-3.44,4.04,450,"1994-09-27 2023-10-11",39.68,17.41,450,"1994-09-27 2023-10-11",1.48,4.14,450,"1994-09-27 2023-10-11",2.94,3.9,450,"1994-09-27 2023-10-11",0.74,2.31,450,"1994-09-27 2023-10-11",0.38,1.36,443,"1994-09-27 2023-10-11",0.4,2.3,445,"1994-09-27 2023-10-11",0.6,2.89,302,"1994-09-27 2021-10-11",,,,
2024-10-03,2.22,3.8,450,"1994-09-26 2023-10-10",79.98,13.26,450,"1994-09-26 2023-10-10",14.61,6.74,450,"1994-09-26 2023-10-10",27.84,10.12,450,"1994-09-26 2023-10-10",-3.1,3.99,450,"1994-09-26 2023-10-10",39.12,17.16,450,"1994-09-26 2023-10-10",1.81,4.13,450,"1994-09-26 2023-10-10",2.9,3.92,450,"1994-09-26 2023-10-10",0.72,2.29,450,"1994-09-26 2023-10-10",0.38,1.32,443,"1994-09-26 2023-10-10",0.38,2.29,445,"1994-09-26 2023-10-10",0.6,2.9,298,"1994-09-26 2020-09-30",,,,
2024-10-02,2.49,3.64,450,"1994-09-25 2023-10-09",79.8,12.97,450,"1994-09-25 2023-10-09",15.12,6.72,450,"1994-09-25 2023-10-09",27.6,9.91,450,"1994-09-25 2023-10-09",-2.86,3.89,450,"1994-09-25 2023-10-09",38.56,17.13,450,"1994-09-25 2023-10-09",2.06,4.03,450,"1994-09-25 2023-10-09",2.78,3.92,450,"1994-09-25 2023-10-09",0.67,2.19,450,"1994-09-25 2023-10-09",0.35,1.15,444,"1994-09-25 2023-10-09",0.36,2.27,446,"1994-09-25 2023-10-09",0.6,2.88,296,"1994-09-25 2020-09-30",,,,
2024-10-01,2.78,3.45,450,"1994-09-24 2023-10-08",79.54,12.96,450,"1994-09-24 2023-10-08",15.56,6.66,450,"1994-09-24 2023-10-08",27.51,9.89,450,"1994-09-24 2023-10-08",-2.61,3.74,450,"1994-09-24 2023-10-08",38.08,16.82,450,"1994-09-24 2023-10-08",2.37,3.99,450,"1994-09-24 2023-10-08",2.68,3.85,450,"1994-09-24 2023-10-08",0.66,2.19,450,"1994-09-24 2023-10-08",0.36,1.18,445,"1994-09-24 2023-10-08",0.34,2.25,447,"1994-09-24 2023-10-08",0.5,2.87,294,"1994-09-24 2020-09-30",,,,
2024-09-30,3.07,3.42,450,"1994-09-23 2023-10-07",79.88,12.85,450,"1994-09-23 2023-10-07",15.92,6.67,450,"1994-09-23 2023-10-07",27.42,9.92,450,"1994-09-23 2023-10-07",-2.39,3.68,450,"1994-09-23 2023-10-07",37.66,16.45,450,"1994-09-23 2023-10-07",2.58,4.04,450,"1994-09-23 2023-10-07",2.6,3.84,450,"1994-09-23 2023-10-07",0.69,2.23,450,"1994-09-23 2023-10-07",0.4,1.3,446,"1994-09-23 2023-10-07",0.31,2.22,447,"1994-09-23 2023-10-07",0.5,2.86,291,"1994-09-23 2020-09-30",,,,
2024-09-29,3.24,3.45,450,"1994-09-22 2023-10-06",80.06,12.94,450,"1994-09-22 2023-10-06",16.07,6.82,450,"1994-09-22 2023-10-06",27.07,9.61,450,"1994-09-22 2023-10-06",-2.13,3.67,450,"1994-09-22 2023-10-06",38.14,16.7,450,"1994-09-22 2023-10-06",2.73,4.08,450,"1994-09-22 2023-10-06",2.53,3.75,450,"1994-09-22 2023-10-06",0.68,2.21,450,"1994-09-22 2023-10-06",0.42,1.34,446,"1994-09-22 2023-10-06",0.28,2.14,447,"1994-09-22 2023-10-06",0.5,2.86,288,"1994-09-22 2020-09-30",,,,
2024-09-28,3.36,3.45,450,"1994-09-21 2023-10-05",80.59,12.79,450,"1994-09-21 2023-10-05",16.12,6.94,450,"1994-09-21 2023-10-05",26.84,9.51,450,"1994-09-21 2023-10-05",-1.91,3.6,450,"1994-09-21 2023-10-05",38.47,17.01,450,"1994-09-21 2023-10-05",2.77,4.03,450,"1994-09-21 2023-10-05",2.54,3.77,450,"1994-09-21 2023-10-05",0.71,2.21,450,"1994-09-21 2023-10-05",0.45,1.36,446,"1994-09-21 2023-10-05",0.29,2.14,447,"1994-09-21 2023-10-05",0.5,2.85,288,"1994-09-21 2020-09-30",,,,
2024-09-27,3.61,3.36,450,"1994-09-20 2023-10-04",80.99,12.45,450,"1994-09-20 2023-10-04",16.2,6.9,450,"1994-09-20 2023-10-04",26.77,9.44,450,"1994-09-20 2023-10-04",-1.67,3.54,450,"1994-09-20 2023-10-04",38.93,17.11,450,"1994-09-20 2023-10-04",2.91,3.94,450,"1994-09-20 2023-10-04",2.52,3.73,450,"1994-09-20 2023-10-04",0.74,2.21,450,"1994-09-20 2023-10-04",0.48,1.36,445,"1994-09-20 2023-10-04",0.29,2.14,446,"1994-09-20 2023-10-04",0.4,2.8,288,"1994-09-20 2020-09-30",,,,
2024-09-26,3.77,3.27,450,"1994-09-19 2023-10-03",81.14,12.32,450,"1994-09-19 2023-10-03",16.38,6.8,450,"1994-09-19 2023-10-03",27.01,9.6,450,"1994-09-19 2023-10-03",-1.49,3.51,450,"1994-09-19 2023-10-03",38.88,17.32,450,"1994-09-19 2023-10-03",3.1,3.82,450,"1994-09-19 2023-10-03",2.51,3.74,450,"1994-09-19 2023-10-03",0.83,2.37,450,"1994-09-19 2023-10-03",0.56,1.56,446,"1994-09-19 2023-10-03",0.27,2.13,446,"1994-09-19 2023-10-03",0.4,2.64,288,"1994-09-19 2020-09-30",,,,
2024-09-25,4.04,3.22,450,"1994-09-18 2023-10-02",81.16,12.4,450,"1994-09-18 2023-10-02",16.68,6.65,450,"1994-09-18 2023-10-02",27.14,9.58,450,"1994-09-18 2023-10-02",-1.26,3.49,450,"1994-09-18 2023-10-02",38.9,17.53,450,"1994-09-18 2023-10-02",3.4,3.74,450,"1994-09-18 2023-10-02",2.51,3.74,450,"1994-09-18 2023-10-02",0.9,2.53,450,"1994-09-18 2023-10-02",0.63,1.81,445,"1994-09-18 2023-10-02",0.28,2.16,445,"1994-09-18 2023-10-02",0.3,1.99,286,"1994-09-18 2020-09-30",,,,
2024-09-24,4.25,3.2,450,"1994-09-17 2023-10-01",81.07,12.47,450,"1994-09-17 2023-10-01",17,6.52,450,"1994-09-17 2023-10-01",26.88,9.11,450,"1994-09-17 2023-10-01",-1.01,3.45,450,"1994-09-17 2023-10-01",38.64,17.32,450,"1994-09-17 2023-10-01",3.68,3.65,450,"1994-09-17 2023-10-01",2.43,3.33,450,"1994-09-17 2023-10-01",0.89,2.37,450,"1994-09-17 2023-10-01",0.7,1.99,445,"1994-09-17 2023-10-01",0.2,1.52,445,"1994-09-17 2023-10-01",0.2,1.69,283,"1994-09-17 2020-09-30",,,,
2024-09-23,4.43,3.16,450,"1994-09-16 2023-09-30",80.76,12.56,450,"1994-09-16 2023-09-30",17.31,6.53,450,"1994-09-16 2023-09-30",26.65,9.08,450,"1994-09-16 2023-09-30",-0.79,3.38,450,"1994-09-16 2023-09-30",38.42,17.21,450,"1994-09-16 2023-09-30",3.95,3.58,450,"1994-09-16 2023-09-30",2.5,3.45,450,"1994-09-16 2023-09-30",0.83,2.31,450,"1994-09-16 2023-09-30",0.67,1.96,445,"1994-09-16 2023-09-30",0.17,1.37,445,"1994-09-16 2023-09-30",0.1,1.61,282,"1994-09-16 2020-09-30",,,,
2024-09-22,4.63,3.11,450,"1994-09-15 2023-09-29",80.8,12.56,450,"1994-09-15 2023-09-29",17.61,6.45,450,"1994-09-15 2023-09-29",26.42,9,450,"1994-09-15 2023-09-29",-0.58,3.37,450,"1994-09-15 2023-09-29",38.21,17.16,450,"1994-09-15 2023-09-29",4.15,3.53,450,"1994-09-15 2023-09-29",2.42,3.47,450,"1994-09-15 2023-09-29",0.81,2.26,450,"1994-09-15 2023-09-29",0.68,1.95,445,"1994-09-15 2023-09-29",0.14,1.33,445,"1994-09-15 2023-09-29",0.1,0.45,279,"1994-09-15 2020-09-24",,,,
2024-09-21,4.82,3.06,450,"1994-09-14 2023-09-28",81.08,12.37,450,"1994-09-14 2023-09-28",17.79,6.44,450,"1994-09-14 2023-09-28",26.14,9.01,450,"1994-09-14 2023-09-28",-0.41,3.33,450,"1994-09-14 2023-09-28",38.33,17.45,450,"1994-09-14 2023-09-28",4.28,3.5,450,"1994-09-14 2023-09-28",2.46,3.44,450,"1994-09-14 2023-09-28",0.87,2.5,450,"1994-09-14 2023-09-28",0.78,2.42,445,"1994-09-14 2023-09-28",0.08,0.64,445,"1994-09-14 2023-09-28",0,0.34,279,"1994-09-14 2020-09-24",,,,
2024-09-20,4.97,3.02,450,"1994-09-13 2023-09-27",81.42,12.02,450,"1994-09-13 2023-09-27",17.81,6.43,450,"1994-09-13 2023-09-27",25.83,8.81,450,"1994-09-13 2023-09-27",-0.19,3.33,450,"1994-09-13 2023-09-27",38.79,17.49,450,"1994-09-13 2023-09-27",4.38,3.47,450,"1994-09-13 2023-09-27",2.36,3.29,450,"1994-09-13 2023-09-27",0.95,2.77,450,"1994-09-13 2023-09-27",0.87,2.7,445,"1994-09-13 2023-09-27",0.07,0.61,445,"1994-09-13 2023-09-27",0,0.33,278,"1994-09-13 2020-09-24",,,,
2024-09-19,5.18,3.01,450,"1994-09-12 2023-09-26",81.78,11.7,450,"1994-09-12 2023-09-26",17.91,6.43,450,"1994-09-12 2023-09-26",25.79,8.78,450,"1994-09-12 2023-09-26",-0.01,3.3,450,"1994-09-12 2023-09-26",39.12,17.48,450,"1994-09-12 2023-09-26",4.47,3.51,450,"1994-09-12 2023-09-26",2.46,3.37,450,"1994-09-12 2023-09-26",1,2.88,450,"1994-09-12 2023-09-26",0.93,2.83,445,"1994-09-12 2023-09-26",0.06,0.6,445,"1994-09-12 2023-09-26",0,0.33,278,"1994-09-12 2020-09-24",,,,
2024-09-18,5.27,3.09,450,"1994-09-11 2023-09-25",81.97,11.57,450,"1994-09-11 2023-09-25",18.04,6.56,450,"1994-09-11 2023-09-25",25.74,8.66,450,"1994-09-11 2023-09-25",0.14,3.33,450,"1994-09-11 2023-09-25",39.32,17.69,450,"1994-09-11 2023-09-25",4.51,3.47,450,"1994-09-11 2023-09-25",2.53,3.43,450,"1994-09-11 2023-09-25",1.05,2.95,450,"1994-09-11 2023-09-25",0.99,2.9,444,"1994-09-11 2023-09-25",0.06,0.6,444,"1994-09-11 2023-09-25",0,0.35,279,"1994-09-11 2020-09-24",,,,
2024-09-17,5.41,3.07,450,"1994-09-10 2023-09-24",82.55,11.47,450,"1994-09-10 2023-09-24",17.96,6.59,450,"1994-09-10 2023-09-24",25.72,8.86,450,"1994-09-10 2023-09-24",0.33,3.35,450,"1994-09-10 2023-09-24",39.94,17.85,450,"1994-09-10 2023-09-24",4.61,3.48,450,"1994-09-10 2023-09-24",2.64,3.54,450,"1994-09-10 2023-09-24",1.25,4.27,450,"1994-09-10 2023-09-24",1.14,4.2,442,"1994-09-10 2023-09-24",0.1,0.93,442,"1994-09-10 2023-09-24",0.1,0.54,280,"1994-09-10 2020-09-24",,,,
2024-09-16,5.58,3.07,450,"1994-09-09 2023-09-23",83.2,11.15,450,"1994-09-09 2023-09-23",17.91,6.6,450,"1994-09-09 2023-09-23",25.77,9.15,450,"1994-09-09 2023-09-23",0.57,3.33,450,"1994-09-09 2023-09-23",40.78,18.26,450,"1994-09-09 2023-09-23",4.72,3.41,450,"1994-09-09 2023-09-23",2.72,3.58,450,"1994-09-09 2023-09-23",1.3,4.29,450,"1994-09-09 2023-09-23",1.18,4.22,440,"1994-09-09 2023-09-23",0.1,0.93,440,"1994-09-09 2023-09-23",0.1,0.8,280,"1994-09-09 2020-09-20",,,,
2024-09-15,5.74,3.09,450,"1994-09-08 2023-09-22",83.19,11.11,450,"1994-09-08 2023-09-22",18,6.49,450,"1994-09-08 2023-09-22",25.9,9.15,450,"1994-09-08 2023-09-22",0.79,3.25,450,"1994-09-08 2023-09-22",41.14,18.25,450,"1994-09-08 2023-09-22",4.87,3.3,450,"1994-09-08 2023-09-22",2.68,3.57,450,"1994-09-08 2023-09-22",1.36,4.45,450,"1994-09-08 2023-09-22",1.22,4.28,440,"1994-09-08 2023-09-22",0.12,1.09,440,"1994-09-08 2023-09-22",0.1,0.93,281,"1994-09-08 2020-09-20",,,,
2024-09-14,5.88,3.06,450,"1994-09-07 2023-09-21",83.22,11.15,450,"1994-09-07 2023-09-21",18.23,6.41,450,"1994-09-07 2023-09-21",25.84,9.32,450,"1994-09-07 2023-09-21",0.9,3.27,450,"1994-09-07 2023-09-21",40.79,18.37,450,"1994-09-07 2023-09-21",5.04,3.25,450,"1994-09-07 2023-09-21",2.64,3.58,450,"1994-09-07 2023-09-21",1.44,4.58,450,"1994-09-07 2023-09-21",1.3,4.42,440,"1994-09-07 2023-09-21",0.12,1.08,440,"1994-09-07 2023-09-21",0.1,0.93,281,"1994-09-07 2020-09-20",,,,
2024-09-13,6.08,3,450,"1994-09-06 2023-09-20",83.13,11.24,450,"1994-09-06 2023-09-20",18.45,6.3,450,"1994-09-06 2023-09-20",25.82,9.12,450,"1994-09-06 2023-09-20",1.06,3.25,450,"1994-09-06 2023-09-20",40.7,18.31,450,"1994-09-06 2023-09-20",5.28,3.15,450,"1994-09-06 2023-09-20",2.59,3.55,450,"1994-09-06 2023-09-20",1.51,4.69,450,"1994-09-06 2023-09-20",1.37,4.54,440,"1994-09-06 2023-09-20",0.12,1.08,440,"1994-09-06 2023-09-20",0.1,0.92,281,"1994-09-06 2020-09-20",,,,
2024-09-12,6.24,2.98,450,"1994-09-05 2023-09-19",82.82,11.39,450,"1994-09-05 2023-09-19",18.82,6.26,450,"1994-09-05 2023-09-19",25.91,9.1,450,"1994-09-05 2023-09-19",1.23,3.23,450,"1994-09-05 2023-09-19",40.26,18.36,450,"1994-09-05 2023-09-19",5.49,3.16,450,"1994-09-05 2023-09-19",2.58,3.58,450,"1994-09-05 2023-09-19",1.58,4.88,450,"1994-09-05 2023-09-19",1.44,4.74,441,"1994-09-05 2023-09-19",0.11,1.08,441,"1994-09-05 2023-09-19",0.1,0.92,281,"1994-09-05 2020-09-19",,,,
2024-09-11,6.4,2.93,450,"1994-09-04 2023-09-18",82.66,11.53,450,"1994-09-04 2023-09-18",19.1,6.26,450,"1994-09-04 2023-09-18",25.87,9.02,450,"1994-09-04 2023-09-18",1.4,3.14,450,"1994-09-04 2023-09-18",40.2,18.28,450,"1994-09-04 2023-09-18",5.7,3.18,450,"1994-09-04 2023-09-18",2.63,3.59,450,"1994-09-04 2023-09-18",1.51,4.84,450,"1994-09-04 2023-09-18",1.4,4.71,441,"1994-09-04 2023-09-18",0.11,1.08,441,"1994-09-04 2023-09-18",0.1,0.92,280,"1994-09-04 2020-09-16",,,,
2024-09-10,6.53,2.89,450,"1994-09-03 2023-09-17",82.58,11.52,450,"1994-09-03 2023-09-17",19.41,6.27,450,"1994-09-03 2023-09-17",25.94,9.19,450,"1994-09-03 2023-09-17",1.55,3.09,450,"1994-09-03 2023-09-17",39.73,17.97,450,"1994-09-03 2023-09-17",5.84,3.15,450,"1994-09-03 2023-09-17",2.61,3.54,450,"1994-09-03 2023-09-17",1.48,4.8,450,"1994-09-03 2023-09-17",1.38,4.67,442,"1994-09-03 2023-09-17",0.09,1.01,442,"1994-09-03 2023-09-17",0.1,0.92,280,"1994-09-03 2020-09-16",,,,
2024-09-09,6.66,2.8,450,"1994-09-02 2023-09-16",82.49,11.34,450,"1994-09-02 2023-09-16",19.71,6.25,450,"1994-09-02 2023-09-16",26.17,9.4,450,"1994-09-02 2023-09-16",1.65,3.04,450,"1994-09-02 2023-09-16",39.26,17.96,450,"1994-09-02 2023-09-16",5.99,3.1,450,"1994-09-02 2023-09-16",2.6,3.55,450,"1994-09-02 2023-09-16",1.49,4.95,450,"1994-09-02 2023-09-16",1.39,4.83,441,"1994-09-02 2023-09-16",0.08,1,441,"1994-09-02 2023-09-16",0.1,0.88,280,"1994-09-02 2020-09-16",,,,
2024-09-08,6.82,2.74,450,"1994-09-01 2023-09-15",82.55,11.15,450,"1994-09-01 2023-09-15",19.84,6.06,450,"1994-09-01 2023-09-15",26.41,9.36,450,"1994-09-01 2023-09-15",1.76,3.03,450,"1994-09-01 2023-09-15",39.12,17.67,450,"1994-09-01 2023-09-15",6.16,3.13,450,"1994-09-01 2023-09-15",2.53,3.39,450,"1994-09-01 2023-09-15",1.49,4.95,450,"1994-09-01 2023-09-15",1.41,4.85,440,"1994-09-01 2023-09-15",0.06,0.91,440,"1994-09-01 2023-09-15",0.1,0.88,279,"1994-09-01 2018-09-14",,,,
2024-09-07,6.95,2.81,450,"1994-08-31 2023-09-14",82.51,11.12,450,"1994-08-31 2023-09-14",20,5.98,450,"1994-08-31 2023-09-14",26.59,9.37,450,"1994-08-31 2023-09-14",1.82,3.03,450,"1994-08-31 2023-09-14",38.87,17.47,450,"1994-08-31 2023-09-14",6.31,3.18,450,"1994-08-31 2023-09-14",2.58,3.34,450,"1994-08-31 2023-09-14",1.6,5.2,450,"1994-08-31 2023-09-14",1.51,5.1,439,"1994-08-31 2023-09-14",0.06,0.91,439,"1994-08-31 2023-09-14",0.1,0.88,279,"1994-08-31 2018-09-14",,,,
2024-09-06,7.11,2.88,450,"1994-08-30 2023-09-13",82.45,11.25,450,"1994-08-30 2023-09-13",20.21,5.95,450,"1994-08-30 2023-09-13",26.87,9.37,450,"1994-08-30 2023-09-13",1.97,3.08,450,"1994-08-30 2023-09-13",38.62,17.05,450,"1994-08-30 2023-09-13",6.51,3.19,450,"1994-08-30 2023-09-13",2.5,3.3,450,"1994-08-30 2023-09-13",1.56,5.04,450,"1994-08-30 2023-09-13",1.46,4.95,438,"1994-08-30 2023-09-13",0.06,0.92,438,"1994-08-30 2023-09-13",0.1,0.88,278,"1994-08-30 2018-09-13",,,,
2024-09-05,7.34,2.9,450,"1994-08-29 2023-09-12",82.33,11.19,450,"1994-08-29 2023-09-12",20.6,5.93,450,"1994-08-29 2023-09-12",27,9.42,450,"1994-08-29 2023-09-12",2.11,3.11,450,"1994-08-29 2023-09-12",38.04,16.86,450,"1994-08-29 2023-09-12",6.75,3.17,450,"1994-08-29 2023-09-12",2.43,3.29,450,"1994-08-29 2023-09-12",1.51,4.92,450,"1994-08-29 2023-09-12",1.41,4.82,436,"1994-08-29 2023-09-12",0.06,0.92,436,"1994-08-29 2023-09-12",0.1,0.88,277,"1994-08-29 2015-09-06",,,,
2024-09-04,7.44,2.9,450,"1994-08-28 2023-09-11",82.03,11.17,450,"1994-08-28 2023-09-11",20.92,5.89,450,"1994-08-28 2023-09-11",26.9,9.37,450,"1994-08-28 2023-09-11",2.23,3.08,450,"1994-08-28 2023-09-11",37.52,16.67,450,"1994-08-28 2023-09-11",6.94,3.15,450,"1994-08-28 2023-09-11",2.3,3.19,450,"1994-08-28 2023-09-11",1.43,4.84,450,"1994-08-28 2023-09-11",1.33,4.74,435,"1994-08-28 2023-09-11",0.06,0.92,435,"1994-08-28 2023-09-11",0.1,0.88,276,"1994-08-28 2015-09-06",,,,
2024-09-03,7.62,2.8,450,"1994-08-27 2023-09-10",81.98,11.04,450,"1994-08-27 2023-09-10",21.13,5.82,450,"1994-08-27 2023-09-10",26.81,9.43,450,"1994-08-27 2023-09-10",2.35,3.02,450,"1994-08-27 2023-09-10",37.2,16.36,450,"1994-08-27 2023-09-10",7.12,3.12,450,"1994-08-27 2023-09-10",2.26,3.13,450,"1994-08-27 2023-09-10",1.41,4.83,450,"1994-08-27 2023-09-10",1.31,4.72,437,"1994-08-27 2023-09-10",0.06,0.92,437,"1994-08-27 2023-09-10",0.1,0.88,275,"1994-08-27 2015-09-06",,,,
2024-09-02,7.77,2.8,450,"1994-08-26 2023-09-09",81.89,11.09,450,"1994-08-26 2023-09-09",21.41,5.71,450,"1994-08-26 2023-09-09",26.76,9.28,450,"1994-08-26 2023-09-09",2.48,3.01,450,"1994-08-26 2023-09-09",36.84,16.19,450,"1994-08-26 2023-09-09",7.3,3.11,450,"1994-08-26 2023-09-09",2.12,2.97,450,"1994-08-26 2023-09-09",1.34,4,450,"1994-08-26 2023-09-09",1.28,3.9,439,"1994-08-26 2023-09-09",0.03,0.57,439,"1994-08-26 2023-09-09",0.1,0.77,274,"1994-08-26 2015-09-06",,,,
2024-09-01,7.92,2.76,450,"1994-08-25 2023-09-08",81.85,11.02,450,"1994-08-25 2023-09-08",21.68,5.51,450,"1994-08-25 2023-09-08",26.73,9.14,450,"1994-08-25 2023-09-08",2.61,3.01,450,"1994-08-25 2023-09-08",36.34,15.61,450,"1994-08-25 2023-09-08",7.44,3.07,450,"1994-08-25 2023-09-08",2.04,2.92,450,"1994-08-25 2023-09-08",1.33,4.01,450,"1994-08-25 2023-09-08",1.29,3.91,441,"1994-08-25 2023-09-08",0.03,0.56,441,"1994-08-25 2023-09-08",0,0.48,273,"1994-08-25 2015-09-06",,,,
2024-08-31,8.07,2.76,450,"1994-08-24 2023-09-07",82.09,10.98,450,"1994-08-24 2023-09-07",21.82,5.5,450,"1994-08-24 2023-09-07",26.78,9.14,450,"1994-08-24 2023-09-07",2.74,2.99,450,"1994-08-24 2023-09-07",36.34,15.62,450,"1994-08-24 2023-09-07",7.59,2.97,450,"1994-08-24 2023-09-07",2.04,3.01,450,"1994-08-24 2023-09-07",1.33,4.04,450,"1994-08-24 2023-09-07",1.31,4.07,441,"1994-08-24 2023-09-07",0,0,441,"1994-08-24 2023-09-07",0,0,272,"1994-08-24 2015-09-06",,,,
2024-08-30,8.29,2.73,450,"1994-08-23 2023-09-06",82.24,10.87,450,"1994-08-23 2023-09-06",21.93,5.46,450,"1994-08-23 2023-09-06",27.12,9.15,450,"1994-08-23 2023-09-06",2.88,2.92,450,"1994-08-23 2023-09-06",36.44,15.57,450,"1994-08-23 2023-09-06",7.73,2.94,450,"1994-08-23 2023-09-06",2.08,3.1,450,"1994-08-23 2023-09-06",1.28,3.9,450,"1994-08-23 2023-09-06",1.26,3.92,441,"1994-08-23 2023-09-06",0,0,441,"1994-08-23 2023-09-06",0,0,272,"1994-08-23 2015-09-06",,,,
2024-08-29,8.45,2.73,450,"1994-08-22 2023-09-05",82.11,10.88,450,"1994-08-22 2023-09-05",22.13,5.41,450,"1994-08-22 2023-09-05",27.17,9.18,450,"1994-08-22 2023-09-05",3.06,2.95,450,"1994-08-22 2023-09-05",36.42,15.57,450,"1994-08-22 2023-09-05",7.93,2.87,450,"1994-08-22 2023-09-05",2.07,3.09,450,"1994-08-22 2023-09-05",1.3,3.93,450,"1994-08-22 2023-09-05",1.29,3.96,441,"1994-08-22 2023-09-05",0,0,441,"1994-08-22 2023-09-05",0,0,271,"1994-08-22 2015-09-05",,,,
2024-08-28,8.63,2.8,450,"1994-08-21 2023-09-04",82.29,10.74,450,"1994-08-21 2023-09-04",22.37,5.35,450,"1994-08-21 2023-09-04",27.13,9.18,450,"1994-08-21 2023-09-04",3.18,2.97,450,"1994-08-21 2023-09-04",36.19,15.52,450,"1994-08-21 2023-09-04",8.06,2.81,450,"1994-08-21 2023-09-04",2.02,3.03,450,"1994-08-21 2023-09-04",1.32,4.09,450,"1994-08-21 2023-09-04",1.31,4.12,440,"1994-08-21 2023-09-04",0,0,440,"1994-08-21 2023-09-04",0,0,270,"1994-08-21 2011-09-04",,,,
2024-08-27,8.79,2.85,450,"1994-08-20 2023-09-03",82.26,10.51,450,"1994-08-20 2023-09-03",22.57,5.14,450,"1994-08-20 2023-09-03",27.02,9.02,450,"1994-08-20 2023-09-03",3.35,3.05,450,"1994-08-20 2023-09-03",35.94,15.02,450,"1994-08-20 2023-09-03",8.21,2.76,450,"1994-08-20 2023-09-03",1.97,2.96,450,"1994-08-20 2023-09-03",1.3,4.09,450,"1994-08-20 2023-09-03",1.28,4.12,441,"1994-08-20 2023-09-03",0,0,441,"1994-08-20 2023-09-03",0,0,270,"1994-08-20 2011-09-03",,,,
2024-08-26,8.96,2.91,450,"1994-08-19 2023-09-02",82.35,10.39,450,"1994-08-19 2023-09-02",22.66,4.98,450,"1994-08-19 2023-09-02",26.71,8.74,450,"1994-08-19 2023-09-02",3.48,3.07,450,"1994-08-19 2023-09-02",35.88,14.77,450,"1994-08-19 2023-09-02",8.35,2.8,450,"1994-08-19 2023-09-02",1.98,2.97,450,"1994-08-19 2023-09-02",1.25,4.06,450,"1994-08-19 2023-09-02",1.23,4.08,441,"1994-08-19 2023-09-02",0,0,441,"1994-08-19 2023-09-02",0,0,270,"1994-08-19 2011-09-02",,,,
2024-08-25,9.15,2.88,450,"1994-08-18 2023-09-01",82.42,10.37,450,"1994-08-18 2023-09-01",22.83,4.97,450,"1994-08-18 2023-09-01",26.6,8.46,450,"1994-08-18 2023-09-01",3.6,3.04,450,"1994-08-18 2023-09-01",35.78,14.54,450,"1994-08-18 2023-09-01",8.49,2.8,450,"1994-08-18 2023-09-01",1.96,2.93,450,"1994-08-18 2023-09-01",1.18,3.8,450,"1994-08-18 2023-09-01",1.16,3.81,443,"1994-08-18 2023-09-01",0,0,443,"1994-08-18 2023-09-01",0,0,270,"1994-08-18 2011-09-01",,,,
2024-08-24,9.31,2.84,450,"1994-08-17 2023-08-31",82.69,10.25,450,"1994-08-17 2023-08-31",22.98,5.03,450,"1994-08-17 2023-08-31",26.51,8.43,450,"1994-08-17 2023-08-31",3.8,3.02,450,"1994-08-17 2023-08-31",35.93,14.85,450,"1994-08-17 2023-08-31",8.6,2.8,450,"1994-08-17 2023-08-31",1.92,2.89,450,"1994-08-17 2023-08-31",1.33,4.21,450,"1994-08-17 2023-08-31",1.32,4.23,443,"1994-08-17 2023-08-31",0,0,443,"1994-08-17 2023-08-31",0,0,270,"1994-08-17 2011-08-31",,,,
2024-08-23,9.5,2.84,450,"1994-08-16 2023-08-30",83.02,10.14,450,"1994-08-16 2023-08-30",23.09,4.96,450,"1994-08-16 2023-08-30",26.45,8.29,450,"1994-08-16 2023-08-30",4.04,3.07,450,"1994-08-16 2023-08-30",36.18,14.78,450,"1994-08-16 2023-08-30",8.75,2.78,450,"1994-08-16 2023-08-30",1.84,2.83,450,"1994-08-16 2023-08-30",1.3,4.02,450,"1994-08-16 2023-08-30",1.3,4.04,444,"1994-08-16 2023-08-30",0,0,444,"1994-08-16 2023-08-30",0,0,270,"1994-08-16 2011-08-30",,,,
2024-08-22,9.64,2.85,450,"1994-08-15 2023-08-29",83.15,10.09,450,"1994-08-15 2023-08-29",23.16,4.98,450,"1994-08-15 2023-08-29",26.41,8.19,450,"1994-08-15 2023-08-29",4.19,3.09,450,"1994-08-15 2023-08-29",36.48,15.09,450,"1994-08-15 2023-08-29",8.88,2.82,450,"1994-08-15 2023-08-29",1.85,2.83,450,"1994-08-15 2023-08-29",1.43,4.34,450,"1994-08-15 2023-08-29",1.43,4.36,445,"1994-08-15 2023-08-29",0,0,445,"1994-08-15 2023-08-29",0,0,270,"1994-08-15 2011-08-29",,,,
2024-08-21,9.74,2.91,450,"1994-08-14 2023-08-28",83.28,10.11,450,"1994-08-14 2023-08-28",23.25,4.97,450,"1994-08-14 2023-08-28",26.45,8.34,450,"1994-08-14 2023-08-28",4.31,3.15,450,"1994-08-14 2023-08-28",36.64,15.29,450,"1994-08-14 2023-08-28",8.96,2.82,450,"1994-08-14 2023-08-28",1.84,2.83,450,"1994-08-14 2023-08-28",1.5,4.43,450,"1994-08-14 2023-08-28",1.51,4.44,447,"1994-08-14 2023-08-28",0,0,447,"1994-08-14 2023-08-28",0,0,270,"1994-08-14 2011-08-28",,,,
2024-08-20,9.91,2.88,450,"1994-08-13 2023-08-27",83.77,10.01,450,"1994-08-13 2023-08-27",23.34,5.03,450,"1994-08-13 2023-08-27",26.45,8.46,450,"1994-08-13 2023-08-27",4.48,3.2,450,"1994-08-13 2023-08-27",36.88,15.53,450,"1994-08-13 2023-08-27",9.06,2.79,450,"1994-08-13 2023-08-27",1.88,2.89,450,"1994-08-13 2023-08-27",1.56,4.45,450,"1994-08-13 2023-08-27",1.57,4.46,448,"1994-08-13 2023-08-27",0,0,448,"1994-08-13 2023-08-27",0,0,270,"1994-08-13 2011-08-27",,,,
2024-08-19,10.07,2.86,450,"1994-08-12 2023-08-26",84.09,10.02,450,"1994-08-12 2023-08-26",23.33,5.02,450,"1994-08-12 2023-08-26",26.44,8.32,450,"1994-08-12 2023-08-26",4.69,3.21,450,"1994-08-12 2023-08-26",37.53,15.88,450,"1994-08-12 2023-08-26",9.19,2.78,450,"1994-08-12 2023-08-26",1.83,2.85,450,"1994-08-12 2023-08-26",1.64,4.51,450,"1994-08-12 2023-08-26",1.64,4.52,448,"1994-08-12 2023-08-26",0,0,448,"1994-08-12 2023-08-26",0,0,270,"1994-08-12 2011-08-26",,,,
2024-08-18,10.26,2.86,450,"1994-08-11 2023-08-25",84.39,9.82,450,"1994-08-11 2023-08-25",23.32,4.99,450,"1994-08-11 2023-08-25",26.56,8.39,450,"1994-08-11 2023-08-25",4.88,3.22,450,"1994-08-11 2023-08-25",38.08,15.81,450,"1994-08-11 2023-08-25",9.32,2.82,450,"1994-08-11 2023-08-25",1.86,2.83,450,"1994-08-11 2023-08-25",1.7,4.96,450,"1994-08-11 2023-08-25",1.71,4.97,448,"1994-08-11 2023-08-25",0,0,448,"1994-08-11 2023-08-25",0,0,270,"1994-08-11 2011-08-25",,,,
2024-08-17,10.45,2.83,450,"1994-08-10 2023-08-24",84.52,9.87,450,"1994-08-10 2023-08-24",23.33,5.07,450,"1994-08-10 2023-08-24",26.54,8.3,450,"1994-08-10 2023-08-24",5.04,3.21,450,"1994-08-10 2023-08-24",38.74,16.22,450,"1994-08-10 2023-08-24",9.46,2.85,450,"1994-08-10 2023-08-24",1.86,2.86,450,"1994-08-10 2023-08-24",1.75,4.96,450,"1994-08-10 2023-08-24",1.75,4.98,448,"1994-08-10 2023-08-24",0,0,448,"1994-08-10 2023-08-24",0,0,270,"1994-08-10 2011-08-24",,,,
2024-08-16,10.52,2.83,450,"1994-08-09 2023-08-23",84.54,9.82,450,"1994-08-09 2023-08-23",23.45,5.09,450,"1994-08-09 2023-08-23",26.37,8.18,450,"1994-08-09 2023-08-23",5.19,3.22,450,"1994-08-09 2023-08-23",38.8,16.35,450,"1994-08-09 2023-08-23",9.57,2.84,450,"1994-08-09 2023-08-23",1.92,2.85,450,"1994-08-09 2023-08-23",1.77,4.94,450,"1994-08-09 2023-08-23",1.78,4.95,448,"1994-08-09 2023-08-23",0,0,448,"1994-08-09 2023-08-23",0,0,270,"1994-08-09 2011-08-23",,,,
2024-08-15,10.64,2.83,450,"1994-08-08 2023-08-22",84.78,9.78,450,"1994-08-08 2023-08-22",23.43,5.06,450,"1994-08-08 2023-08-22",26.1,8.21,450,"1994-08-08 2023-08-22",5.4,3.23,450,"1994-08-08 2023-08-22",39.39,16.46,450,"1994-08-08 2023-08-22",9.68,2.85,450,"1994-08-08 2023-08-22",1.86,2.73,450,"1994-08-08 2023-08-22",1.86,5.02,450,"1994-08-08 2023-08-22",1.87,5.03,448,"1994-08-08 2023-08-22",0,0,448,"1994-08-08 2023-08-22",0,0,270,"1994-08-08 2011-08-22",,,,
2024-08-14,10.81,2.81,450,"1994-08-07 2023-08-21",84.98,9.73,450,"1994-08-07 2023-08-21",23.51,5.01,450,"1994-08-07 2023-08-21",26.18,8.17,450,"1994-08-07 2023-08-21",5.58,3.22,450,"1994-08-07 2023-08-21",39.59,16.22,450,"1994-08-07 2023-08-21",9.8,2.86,450,"1994-08-07 2023-08-21",1.94,2.75,450,"1994-08-07 2023-08-21",1.85,4.94,450,"1994-08-07 2023-08-21",1.86,4.95,448,"1994-08-07 2023-08-21",0,0,448,"1994-08-07 2023-08-21",0,0,270,"1994-08-07 2011-08-21",,,,
2024-08-13,10.91,2.74,450,"1994-08-06 2023-08-20",85.06,9.67,450,"1994-08-06 2023-08-20",23.54,4.98,450,"1994-08-06 2023-08-20",26.37,8.3,450,"1994-08-06 2023-08-20",5.76,3.16,450,"1994-08-06 2023-08-20",39.93,16.17,450,"1994-08-06 2023-08-20",9.94,2.81,450,"1994-08-06 2023-08-20",1.95,2.73,450,"1994-08-06 2023-08-20",1.88,4.85,450,"1994-08-06 2023-08-20",1.88,4.85,449,"1994-08-06 2023-08-20",0,0,449,"1994-08-06 2023-08-20",0,0,270,"1994-08-06 2011-08-20",,,,
2024-08-12,11.05,2.7,450,"1994-08-05 2023-08-19",85.18,9.55,450,"1994-08-05 2023-08-19",23.62,5.06,450,"1994-08-05 2023-08-19",26.42,8.32,450,"1994-08-05 2023-08-19",5.91,3.13,450,"1994-08-05 2023-08-19",40.21,16.37,450,"1994-08-05 2023-08-19",10.03,2.8,450,"1994-08-05 2023-08-19",2,2.76,450,"1994-08-05 2023-08-19",2.04,5.07,450,"1994-08-05 2023-08-19",2.04,5.08,449,"1994-08-05 2023-08-19",0,0,449,"1994-08-05 2023-08-19",0,0,270,"1994-08-05 2011-08-19",,,,
2024-08-11,11.17,2.6,450,"1994-08-04 2023-08-18",85.35,9.44,450,"1994-08-04 2023-08-18",23.65,5.12,450,"1994-08-04 2023-08-18",26.58,8.45,450,"1994-08-04 2023-08-18",6.06,3.07,450,"1994-08-04 2023-08-18",40.58,16.4,450,"1994-08-04 2023-08-18",10.16,2.73,450,"1994-08-04 2023-08-18",2,2.75,450,"1994-08-04 2023-08-18",2.15,5.2,450,"1994-08-04 2023-08-18",2.15,5.21,448,"1994-08-04 2023-08-18",0,0,449,"1994-08-04 2023-08-18",0,0,270,"1994-08-04 2011-08-18",,,,
2024-08-10,11.29,2.62,450,"1994-08-03 2023-08-17",85.65,9.24,450,"1994-08-03 2023-08-17",23.61,5.1,450,"1994-08-03 2023-08-17",26.66,8.64,450,"1994-08-03 2023-08-17",6.24,3.02,450,"1994-08-03 2023-08-17",41.22,16.35,450,"1994-08-03 2023-08-17",10.25,2.71,450,"1994-08-03 2023-08-17",2.07,2.8,450,"1994-08-03 2023-08-17",2.31,5.38,450,"1994-08-03 2023-08-17",2.3,5.38,448,"1994-08-03 2023-08-17",0,0,449,"1994-08-03 2023-08-17",0,0,270,"1994-08-03 2011-08-17",,,,
2024-08-09,11.39,2.63,450,"1994-08-02 2023-08-16",85.66,9.1,450,"1994-08-02 2023-08-16",23.7,4.99,450,"1994-08-02 2023-08-16",26.66,8.62,450,"1994-08-02 2023-08-16",6.3,3.07,450,"1994-08-02 2023-08-16",41.18,16.09,450,"1994-08-02 2023-08-16",10.35,2.73,450,"1994-08-02 2023-08-16",2.11,2.83,450,"1994-08-02 2023-08-16",2.28,5.32,450,"1994-08-02 2023-08-16",2.27,5.32,449,"1994-08-02 2023-08-16",0,0,450,"1994-08-02 2023-08-16",0,0,270,"1994-08-02 2011-08-16",,,,
2024-08-08,11.46,2.63,450,"1994-08-01 2023-08-15",85.64,9.1,450,"1994-08-01 2023-08-15",23.84,4.99,450,"1994-08-01 2023-08-15",26.85,8.79,450,"1994-08-01 2023-08-15",6.34,3.07,450,"1994-08-01 2023-08-15",40.96,15.95,450,"1994-08-01 2023-08-15",10.4,2.74,450,"1994-08-01 2023-08-15",2.18,2.92,450,"1994-08-01 2023-08-15",2.23,5.27,450,"1994-08-01 2023-08-15",2.22,5.27,449,"1994-08-01 2023-08-15",0,0,450,"1994-08-01 2023-08-15",0,0,270,"1994-08-01 2011-08-15",,,,
2024-08-07,11.54,2.72,450,"1994-07-31 2023-08-14",85.53,8.96,450,"1994-07-31 2023-08-14",23.99,4.89,450,"1994-07-31 2023-08-14",26.88,8.78,450,"1994-07-31 2023-08-14",6.37,3.14,450,"1994-07-31 2023-08-14",40.64,15.58,450,"1994-07-31 2023-08-14",10.45,2.73,450,"1994-07-31 2023-08-14",2.13,2.9,450,"1994-07-31 2023-08-14",2.14,5.11,450,"1994-07-31 2023-08-14",2.13,5.11,449,"1994-07-31 2023-08-14",0,0,450,"1994-07-31 2023-08-14",0,0,270,"1994-07-31 2011-08-14",,,,
2024-08-06,11.65,2.7,450,"1994-07-30 2023-08-13",85.61,8.79,450,"1994-07-30 2023-08-13",24.09,4.86,450,"1994-07-30 2023-08-13",27.25,8.86,450,"1994-07-30 2023-08-13",6.41,3.17,450,"1994-07-30 2023-08-13",40.46,15.35,450,"1994-07-30 2023-08-13",10.53,2.75,450,"1994-07-30 2023-08-13",2.16,2.91,450,"1994-07-30 2023-08-13",2.1,5.18,450,"1994-07-30 2023-08-13",2.09,5.18,449,"1994-07-30 2023-08-13",0,0,450,"1994-07-30 2023-08-13",0,0,270,"1994-07-30 2011-08-13",,,,
2024-08-05,11.76,2.7,450,"1994-07-29 2023-08-12",85.55,8.63,450,"1994-07-29 2023-08-12",24.14,4.8,450,"1994-07-29 2023-08-12",27.45,8.92,450,"1994-07-29 2023-08-12",6.48,3.2,450,"1994-07-29 2023-08-12",40.45,15.08,450,"1994-07-29 2023-08-12",10.63,2.75,450,"1994-07-29 2023-08-12",2.13,2.84,450,"1994-07-29 2023-08-12",2.08,5.19,450,"1994-07-29 2023-08-12",2.04,5.17,447,"1994-07-29 2023-08-12",0,0,448,"1994-07-29 2023-08-12",0,0,270,"1994-07-29 2011-08-12",,,,
2024-08-04,11.84,2.72,450,"1994-07-28 2023-08-11",85.36,8.57,450,"1994-07-28 2023-08-11",24.29,4.75,450,"1994-07-28 2023-08-11",27.41,8.92,450,"1994-07-28 2023-08-11",6.5,3.25,450,"1994-07-28 2023-08-11",40.18,14.78,450,"1994-07-28 2023-08-11",10.68,2.77,450,"1994-07-28 2023-08-11",2.15,2.88,450,"1994-07-28 2023-08-11",2.01,5.18,450,"1994-07-28 2023-08-11",1.97,5.15,447,"1994-07-28 2023-08-11",0,0,448,"1994-07-28 2023-08-11",0,0,270,"1994-07-28 2011-08-11",,,,
2024-08-03,11.87,2.71,450,"1994-07-27 2023-08-10",85.29,8.51,450,"1994-07-27 2023-08-10",24.43,4.73,450,"1994-07-27 2023-08-10",27.42,8.95,450,"1994-07-27 2023-08-10",6.51,3.27,450,"1994-07-27 2023-08-10",39.74,14.58,450,"1994-07-27 2023-08-10",10.69,2.76,450,"1994-07-27 2023-08-10",2.16,2.88,450,"1994-07-27 2023-08-10",1.87,4.58,450,"1994-07-27 2023-08-10",1.84,4.55,447,"1994-07-27 2023-08-10",0,0,448,"1994-07-27 2023-08-10",0,0,270,"1994-07-27 2011-08-10",,,,
2024-08-02,11.9,2.72,450,"1994-07-26 2023-08-09",85.38,8.26,450,"1994-07-26 2023-08-09",24.54,4.58,450,"1994-07-26 2023-08-09",27.49,8.9,450,"1994-07-26 2023-08-09",6.58,3.28,450,"1994-07-26 2023-08-09",39.45,13.94,450,"1994-07-26 2023-08-09",10.72,2.72,450,"1994-07-26 2023-08-09",2.13,2.87,450,"1994-07-26 2023-08-09",1.84,4.57,450,"1994-07-26 2023-08-09",1.8,4.54,447,"1994-07-26 2023-08-09",0,0,448,"1994-07-26 2023-08-09",0,0,270,"1994-07-26 2011-08-09",,,,
2024-08-01,11.96,2.67,450,"1994-07-25 2023-08-08",85.29,8.4,450,"1994-07-25 2023-08-08",24.53,4.54,450,"1994-07-25 2023-08-08",27.6,8.95,450,"1994-07-25 2023-08-08",6.61,3.27,450,"1994-07-25 2023-08-08",39.55,13.6,450,"1994-07-25 2023-08-08",10.77,2.73,450,"1994-07-25 2023-08-08",2.12,2.9,450,"1994-07-25 2023-08-08",1.82,4.45,450,"1994-07-25 2023-08-08",1.78,4.41,447,"1994-07-25 2023-08-08",0,0,448,"1994-07-25 2023-08-08",0,0,270,"1994-07-25 2011-08-08",,,,
2024-07-31,11.99,2.68,450,"1994-07-24 2023-08-07",85.24,8.28,450,"1994-07-24 2023-08-07",24.65,4.44,450,"1994-07-24 2023-08-07",27.8,8.85,450,"1994-07-24 2023-08-07",6.59,3.33,450,"1994-07-24 2023-08-07",39.21,13.38,450,"1994-07-24 2023-08-07",10.81,2.72,450,"1994-07-24 2023-08-07",2.23,2.98,450,"1994-07-24 2023-08-07",1.82,4.42,450,"1994-07-24 2023-08-07",1.78,4.38,447,"1994-07-24 2023-08-07",0,0,448,"1994-07-24 2023-08-07",0,0,271,"1994-07-24 2019-07-24",,,,
2024-07-30,12.03,2.69,450,"1994-07-23 2023-08-06",85.34,7.96,450,"1994-07-23 2023-08-06",24.75,4.41,450,"1994-07-23 2023-08-06",28.02,8.93,450,"1994-07-23 2023-08-06",6.55,3.37,450,"1994-07-23 2023-08-06",38.89,13.32,450,"1994-07-23 2023-08-06",10.85,2.69,450,"1994-07-23 2023-08-06",2.16,2.95,450,"1994-07-23 2023-08-06",1.78,4.5,450,"1994-07-23 2023-08-06",1.74,4.46,447,"1994-07-23 2023-08-06",0,0,448,"1994-07-23 2023-08-06",0,0,272,"1994-07-23 2019-07-24",,,,
2024-07-29,12.08,2.71,450,"1994-07-22 2023-08-05",85.26,8.02,450,"1994-07-22 2023-08-05",24.77,4.38,450,"1994-07-22 2023-08-05",27.95,8.91,450,"1994-07-22 2023-08-05",6.55,3.42,450,"1994-07-22 2023-08-05",38.92,13.17,450,"1994-07-22 2023-08-05",10.89,2.68,450,"1994-07-22 2023-08-05",2.23,3.09,450,"1994-07-22 2023-08-05",1.7,4.31,450,"1994-07-22 2023-08-05",1.66,4.27,447,"1994-07-22 2023-08-05",0,0,448,"1994-07-22 2023-08-05",0,0,273,"1994-07-22 2019-07-24",,,,
2024-07-28,12.11,2.68,450,"1994-07-21 2023-08-04",85.32,8.09,450,"1994-07-21 2023-08-04",24.81,4.31,450,"1994-07-21 2023-08-04",28.09,9.01,450,"1994-07-21 2023-08-04",6.52,3.43,450,"1994-07-21 2023-08-04",38.64,12.89,450,"1994-07-21 2023-08-04",10.88,2.65,450,"1994-07-21 2023-08-04",2.25,3.1,450,"1994-07-21 2023-08-04",1.53,3.99,450,"1994-07-21 2023-08-04",1.49,3.94,447,"1994-07-21 2023-08-04",0,0,448,"1994-07-21 2023-08-04",0,0,274,"1994-07-21 2019-07-24",,,,
2024-07-27,12.1,2.72,450,"1994-07-20 2023-08-03",85.25,8.21,450,"1994-07-20 2023-08-03",24.88,4.19,450,"1994-07-20 2023-08-03",28.29,9.04,450,"1994-07-20 2023-08-03",6.49,3.49,450,"1994-07-20 2023-08-03",38.46,12.97,450,"1994-07-20 2023-08-03",10.85,2.64,450,"1994-07-20 2023-08-03",2.27,3.1,450,"1994-07-20 2023-08-03",1.45,3.83,450,"1994-07-20 2023-08-03",1.42,3.78,448,"1994-07-20 2023-08-03",0,0,448,"1994-07-20 2023-08-03",0,0,275,"1994-07-20 2019-07-24",,,,
2024-07-26,12.14,2.71,450,"1994-07-19 2023-08-02",85.19,8.26,450,"1994-07-19 2023-08-02",24.88,4.06,450,"1994-07-19 2023-08-02",28.27,8.93,450,"1994-07-19 2023-08-02",6.47,3.51,450,"1994-07-19 2023-08-02",38.38,12.83,450,"1994-07-19 2023-08-02",10.87,2.63,450,"1994-07-19 2023-08-02",2.2,3.08,450,"1994-07-19 2023-08-02",1.4,3.98,450,"1994-07-19 2023-08-02",1.38,3.94,447,"1994-07-19 2023-08-02",0,0,447,"1994-07-19 2023-08-02",0,0,276,"1994-07-19 2019-07-24",,,,
2024-07-25,12.2,2.77,450,"1994-07-18 2023-08-01",85.31,8.35,450,"1994-07-18 2023-08-01",24.83,4.08,450,"1994-07-18 2023-08-01",28.37,8.86,450,"1994-07-18 2023-08-01",6.52,3.47,450,"1994-07-18 2023-08-01",38.62,12.89,450,"1994-07-18 2023-08-01",10.9,2.57,450,"1994-07-18 2023-08-01",2.21,3.1,450,"1994-07-18 2023-08-01",1.32,3.66,450,"1994-07-18 2023-08-01",1.3,3.62,446,"1994-07-18 2023-08-01",0,0,446,"1994-07-18 2023-08-01",0,0,277,"1994-07-18 2019-07-24",,,,
2024-07-24,12.28,2.74,450,"1994-07-17 2023-07-31",85.3,8.45,450,"1994-07-17 2023-07-31",24.75,4,450,"1994-07-17 2023-07-31",28.35,8.94,450,"1994-07-17 2023-07-31",6.56,3.49,450,"1994-07-17 2023-07-31",39.06,13.03,450,"1994-07-17 2023-07-31",10.89,2.53,450,"1994-07-17 2023-07-31",2.24,3.08,450,"1994-07-17 2023-07-31",1.4,3.76,450,"1994-07-17 2023-07-31",1.37,3.72,445,"1994-07-17 2023-07-31",0,0,445,"1994-07-17 2023-07-31",0,0,278,"1994-07-17 2019-07-24",,,,
2024-07-23,12.31,2.66,450,"1994-07-16 2023-07-30",85.56,8.53,450,"1994-07-16 2023-07-30",24.66,4.02,450,"1994-07-16 2023-07-30",28.24,8.92,450,"1994-07-16 2023-07-30",6.62,3.44,450,"1994-07-16 2023-07-30",39.42,13.21,450,"1994-07-16 2023-07-30",10.87,2.56,450,"1994-07-16 2023-07-30",2.34,3.08,450,"1994-07-16 2023-07-30",1.46,3.84,450,"1994-07-16 2023-07-30",1.44,3.81,444,"1994-07-16 2023-07-30",0,0,444,"1994-07-16 2023-07-30",0,0,279,"1994-07-16 2019-07-24",,,,
2024-07-22,12.28,2.68,450,"1994-07-15 2023-07-29",85.57,8.74,450,"1994-07-15 2023-07-29",24.48,4.09,450,"1994-07-15 2023-07-29",27.91,8.76,450,"1994-07-15 2023-07-29",6.62,3.4,450,"1994-07-15 2023-07-29",39.97,13.57,450,"1994-07-15 2023-07-29",10.83,2.57,450,"1994-07-15 2023-07-29",2.36,3.06,450,"1994-07-15 2023-07-29",1.62,4.28,450,"1994-07-15 2023-07-29",1.6,4.26,444,"1994-07-15 2023-07-29",0,0,444,"1994-07-15 2023-07-29",0,0,280,"1994-07-15 2019-07-24",,,,
2024-07-21,12.22,2.68,450,"1994-07-14 2023-07-28",85.62,8.76,450,"1994-07-14 2023-07-28",24.33,4.08,450,"1994-07-14 2023-07-28",27.93,8.6,450,"1994-07-14 2023-07-28",6.58,3.36,450,"1994-07-14 2023-07-28",40.18,13.7,450,"1994-07-14 2023-07-28",10.77,2.57,450,"1994-07-14 2023-07-28",2.38,3.1,450,"1994-07-14 2023-07-28",1.72,4.55,450,"1994-07-14 2023-07-28",1.73,4.57,445,"1994-07-14 2023-07-28",0,0,445,"1994-07-14 2023-07-28",0,0,281,"1994-07-14 2019-07-24",,,,
2024-07-20,12.24,2.68,450,"1994-07-13 2023-07-27",85.84,8.61,450,"1994-07-13 2023-07-27",24.25,4.12,450,"1994-07-13 2023-07-27",28.26,8.83,450,"1994-07-13 2023-07-27",6.57,3.36,450,"1994-07-13 2023-07-27",40.33,13.72,450,"1994-07-13 2023-07-27",10.78,2.55,450,"1994-07-13 2023-07-27",2.44,3.06,450,"1994-07-13 2023-07-27",1.87,4.7,450,"1994-07-13 2023-07-27",1.88,4.72,445,"1994-07-13 2023-07-27",0,0,445,"1994-07-13 2023-07-27",0,0,281,"1994-07-13 2019-07-24",,,,
2024-07-19,12.28,2.7,450,"1994-07-12 2023-07-26",85.83,8.61,450,"1994-07-12 2023-07-26",24.24,4.06,450,"1994-07-12 2023-07-26",28.26,8.84,450,"1994-07-12 2023-07-26",6.55,3.36,450,"1994-07-12 2023-07-26",40.46,13.68,450,"1994-07-12 2023-07-26",10.82,2.54,450,"1994-07-12 2023-07-26",2.46,3.09,450,"1994-07-12 2023-07-26",1.87,4.7,450,"1994-07-12 2023-07-26",1.89,4.72,445,"1994-07-12 2023-07-26",0,0,445,"1994-07-12 2023-07-26",0,0,282,"1994-07-12 2019-07-24",,,,
2024-07-18,12.29,2.74,450,"1994-07-11 2023-07-25",85.72,8.77,450,"1994-07-11 2023-07-25",24.14,4.08,450,"1994-07-11 2023-07-25",28.29,8.78,450,"1994-07-11 2023-07-25",6.5,3.38,450,"1994-07-11 2023-07-25",40.71,13.82,450,"1994-07-11 2023-07-25",10.83,2.56,450,"1994-07-11 2023-07-25",2.5,3.09,450,"1994-07-11 2023-07-25",2.02,5.12,450,"1994-07-11 2023-07-25",2.04,5.14,445,"1994-07-11 2023-07-25",0,0,445,"1994-07-11 2023-07-25",0,0,283,"1994-07-11 2019-07-24",,,,
2024-07-17,12.37,2.73,450,"1994-07-10 2023-07-24",85.83,8.6,450,"1994-07-10 2023-07-24",24.14,4.06,450,"1994-07-10 2023-07-24",28.23,8.66,450,"1994-07-10 2023-07-24",6.5,3.36,450,"1994-07-10 2023-07-24",40.72,13.78,450,"1994-07-10 2023-07-24",10.81,2.58,450,"1994-07-10 2023-07-24",2.47,2.98,450,"1994-07-10 2023-07-24",2.02,5.11,450,"1994-07-10 2023-07-24",2.04,5.13,445,"1994-07-10 2023-07-24",0,0,445,"1994-07-10 2023-07-24",0,0,285,"1994-07-10 2019-07-24",,,,
2024-07-16,12.4,2.75,450,"1994-07-09 2023-07-23",85.78,8.69,450,"1994-07-09 2023-07-23",24.18,4.04,450,"1994-07-09 2023-07-23",28.39,8.66,450,"1994-07-09 2023-07-23",6.53,3.3,450,"1994-07-09 2023-07-23",40.67,13.51,450,"1994-07-09 2023-07-23",10.83,2.58,450,"1994-07-09 2023-07-23",2.45,2.94,450,"1994-07-09 2023-07-23",2.04,5.23,450,"1994-07-09 2023-07-23",2.06,5.26,445,"1994-07-09 2023-07-23",0,0,445,"1994-07-09 2023-07-23",0,0,286,"1994-07-09 2019-07-23",,,,
2024-07-15,12.37,2.77,450,"1994-07-08 2023-07-22",85.62,8.98,450,"1994-07-08 2023-07-22",24.06,4.04,450,"1994-07-08 2023-07-22",28.16,8.8,450,"1994-07-08 2023-07-22",6.52,3.27,450,"1994-07-08 2023-07-22",41,13.6,450,"1994-07-08 2023-07-22",10.78,2.57,450,"1994-07-08 2023-07-22",2.47,3,450,"1994-07-08 2023-07-22",2.1,5.24,450,"1994-07-08 2023-07-22",2.13,5.27,444,"1994-07-08 2023-07-22",0,0,444,"1994-07-08 2023-07-22",0,0,287,"1994-07-08 2019-07-22",,,,
2024-07-14,12.36,2.76,450,"1994-07-07 2023-07-21",85.85,8.91,450,"1994-07-07 2023-07-21",23.94,4.02,450,"1994-07-07 2023-07-21",28.27,8.73,450,"1994-07-07 2023-07-21",6.49,3.25,450,"1994-07-07 2023-07-21",41.23,13.75,450,"1994-07-07 2023-07-21",10.72,2.6,450,"1994-07-07 2023-07-21",2.45,2.89,450,"1994-07-07 2023-07-21",2.22,5.36,450,"1994-07-07 2023-07-21",2.25,5.39,444,"1994-07-07 2023-07-21",0,0,444,"1994-07-07 2023-07-21",0,0,288,"1994-07-07 2019-07-21",,,,
2024-07-13,12.35,2.78,450,"1994-07-06 2023-07-20",85.93,8.88,450,"1994-07-06 2023-07-20",23.79,4.02,450,"1994-07-06 2023-07-20",28.26,8.75,450,"1994-07-06 2023-07-20",6.42,3.3,450,"1994-07-06 2023-07-20",41.75,13.95,450,"1994-07-06 2023-07-20",10.65,2.7,450,"1994-07-06 2023-07-20",2.41,2.87,450,"1994-07-06 2023-07-20",2.38,5.56,450,"1994-07-06 2023-07-20",2.41,5.6,443,"1994-07-06 2023-07-20",0,0,443,"1994-07-06 2023-07-20",0,0,289,"1994-07-06 2019-07-20",,,,
2024-07-12,12.27,2.86,450,"1994-07-05 2023-07-19",86.04,8.9,450,"1994-07-05 2023-07-19",23.59,4.08,450,"1994-07-05 2023-07-19",28.15,8.63,450,"1994-07-05 2023-07-19",6.34,3.3,450,"1994-07-05 2023-07-19",42.15,13.85,450,"1994-07-05 2023-07-19",10.55,2.74,450,"1994-07-05 2023-07-19",2.41,2.87,450,"1994-07-05 2023-07-19",2.53,5.75,450,"1994-07-05 2023-07-19",2.57,5.79,443,"1994-07-05 2023-07-19",0,0,443,"1994-07-05 2023-07-19",0,0,290,"1994-07-05 2019-07-19",,,,
2024-07-11,12.2,2.86,450,"1994-07-04 2023-07-18",85.95,9.08,450,"1994-07-04 2023-07-18",23.42,4.22,450,"1994-07-04 2023-07-18",28.26,8.54,450,"1994-07-04 2023-07-18",6.27,3.34,450,"1994-07-04 2023-07-18",42.57,14.3,450,"1994-07-04 2023-07-18",10.5,2.72,450,"1994-07-04 2023-07-18",2.47,2.88,450,"1994-07-04 2023-07-18",2.8,6.16,450,"1994-07-04 2023-07-18",2.84,6.19,444,"1994-07-04 2023-07-18",0,0,444,"1994-07-04 2023-07-18",0,0,291,"1994-07-04 2019-07-18",,,,
2024-07-10,12.07,2.88,450,"1994-07-03 2023-07-17",85.64,9.42,450,"1994-07-03 2023-07-17",23.32,4.28,450,"1994-07-03 2023-07-17",28.42,8.71,450,"1994-07-03 2023-07-17",6.13,3.45,450,"1994-07-03 2023-07-17",42.56,14.53,450,"1994-07-03 2023-07-17",10.4,2.73,450,"1994-07-03 2023-07-17",2.53,2.94,450,"1994-07-03 2023-07-17",2.82,6.23,450,"1994-07-03 2023-07-17",2.84,6.26,445,"1994-07-03 2023-07-17",0,0,445,"1994-07-03 2023-07-17",0,0,292,"1994-07-03 2019-07-17",,,,
2024-07-09,11.95,3.01,450,"1994-07-02 2023-07-16",85.66,9.53,450,"1994-07-02 2023-07-16",23.19,4.31,450,"1994-07-02 2023-07-16",28.35,8.55,450,"1994-07-02 2023-07-16",6,3.52,450,"1994-07-02 2023-07-16",42.39,14.46,450,"1994-07-02 2023-07-16",10.34,2.76,450,"1994-07-02 2023-07-16",2.47,2.93,450,"1994-07-02 2023-07-16",2.83,6.32,450,"1994-07-02 2023-07-16",2.85,6.34,446,"1994-07-02 2023-07-16",0,0,446,"1994-07-02 2023-07-16",0,0,293,"1994-07-02 2019-07-16",,,,
2024-07-08,11.86,3.08,450,"1994-07-01 2023-07-15",85.51,9.69,450,"1994-07-01 2023-07-15",23.17,4.26,450,"1994-07-01 2023-07-15",28.53,8.64,450,"1994-07-01 2023-07-15",5.87,3.62,450,"1994-07-01 2023-07-15",42.09,14.48,450,"1994-07-01 2023-07-15",10.3,2.75,450,"1994-07-01 2023-07-15",2.41,2.96,450,"1994-07-01 2023-07-15",2.83,6.31,450,"1994-07-01 2023-07-15",2.84,6.32,447,"1994-07-01 2023-07-15",0,0,447,"1994-07-01 2023-07-15",0,0,293,"1994-07-01 2019-07-15",,,,
2024-07-07,11.81,3.09,450,"1994-06-30 2023-07-14",85.4,9.7,450,"1994-06-30 2023-07-14",23.12,4.22,450,"1994-06-30 2023-07-14",28.57,8.6,450,"1994-06-30 2023-07-14",5.81,3.7,450,"1994-06-30 2023-07-14",41.96,14.44,450,"1994-06-30 2023-07-14",10.29,2.77,450,"1994-06-30 2023-07-14",2.49,3.02,450,"1994-06-30 2023-07-14",2.7,6.09,450,"1994-06-30 2023-07-14",2.72,6.1,447,"1994-06-30 2023-07-14",0,0,447,"1994-06-30 2023-07-14",0,0,294,"1994-06-30 2019-07-14",,,,
2024-07-06,11.79,3.13,450,"1994-06-29 2023-07-13",85.41,9.71,450,"1994-06-29 2023-07-13",23.04,4.28,450,"1994-06-29 2023-07-13",28.59,8.6,450,"1994-06-29 2023-07-13",5.79,3.7,450,"1994-06-29 2023-07-13",42.22,14.52,450,"1994-06-29 2023-07-13",10.3,2.81,450,"1994-06-29 2023-07-13",2.48,2.99,450,"1994-06-29 2023-07-13",2.68,5.92,450,"1994-06-29 2023-07-13",2.69,5.93,448,"1994-06-29 2023-07-13",0,0,448,"1994-06-29 2023-07-13",0,0,295,"1994-06-29 2019-07-12",,,,
2024-07-05,11.72,3.13,450,"1994-06-28 2023-07-12",85.18,10,450,"1994-06-28 2023-07-12",22.95,4.27,450,"1994-06-28 2023-07-12",28.5,8.35,450,"1994-06-28 2023-07-12",5.72,3.7,450,"1994-06-28 2023-07-12",42.31,14.77,450,"1994-06-28 2023-07-12",10.24,2.85,450,"1994-06-28 2023-07-12",2.51,3.12,450,"1994-06-28 2023-07-12",2.62,5.95,450,"1994-06-28 2023-07-12",2.63,5.96,448,"1994-06-28 2023-07-12",0,0,448,"1994-06-28 2023-07-12",0,0,296,"1994-06-28 2019-07-12",,,,
2024-07-04,11.54,3.2,450,"1994-06-27 2023-07-11",84.99,10.27,450,"1994-06-27 2023-07-11",22.79,4.3,450,"1994-06-27 2023-07-11",28.56,8.3,450,"1994-06-27 2023-07-11",5.62,3.75,450,"1994-06-27 2023-07-11",42.47,14.95,450,"1994-06-27 2023-07-11",10.11,2.89,450,"1994-06-27 2023-07-11",2.59,3.19,450,"1994-06-27 2023-07-11",2.66,6,450,"1994-06-27 2023-07-11",2.68,6.02,447,"1994-06-27 2023-07-11",0,0,447,"1994-06-27 2023-07-11",0,0,297,"1994-06-27 2019-07-10",,,,
2024-07-03,11.35,3.25,450,"1994-06-26 2023-07-10",84.78,10.56,450,"1994-06-26 2023-07-10",22.67,4.45,450,"1994-06-26 2023-07-10",28.72,8.43,450,"1994-06-26 2023-07-10",5.46,3.77,450,"1994-06-26 2023-07-10",42.24,15.18,450,"1994-06-26 2023-07-10",10,2.89,450,"1994-06-26 2023-07-10",2.66,3.28,450,"1994-06-26 2023-07-10",2.51,5.65,450,"1994-06-26 2023-07-10",2.52,5.66,447,"1994-06-26 2023-07-10",0,0,447,"1994-06-26 2023-07-10",0,0,298,"1994-06-26 2019-07-10",,,,
2024-07-02,11.19,3.24,450,"1994-06-25 2023-07-09",84.78,10.55,450,"1994-06-25 2023-07-09",22.51,4.46,450,"1994-06-25 2023-07-09",29.04,8.68,450,"1994-06-25 2023-07-09",5.32,3.77,450,"1994-06-25 2023-07-09",42.33,15.31,450,"1994-06-25 2023-07-09",9.88,2.89,450,"1994-06-25 2023-07-09",2.72,3.31,450,"1994-06-25 2023-07-09",2.58,5.85,450,"1994-06-25 2023-07-09",2.59,5.87,447,"1994-06-25 2023-07-09",0,0,447,"1994-06-25 2023-07-09",0,0,298,"1994-06-25 2019-07-09",,,,
2024-07-01,11.02,3.21,450,"1994-06-24 2023-07-08",84.95,10.46,450,"1994-06-24 2023-07-08",22.19,4.46,450,"1994-06-24 2023-07-08",28.88,8.73,450,"1994-06-24 2023-07-08",5.18,3.76,450,"1994-06-24 2023-07-08",42.77,15.45,450,"1994-06-24 2023-07-08",9.67,2.9,450,"1994-06-24 2023-07-08",2.68,3.32,450,"1994-06-24 2023-07-08",2.69,5.94,450,"1994-06-24 2023-07-08",2.71,5.96,447,"1994-06-24 2023-07-08",0,0,447,"1994-06-24 2023-07-08",0,0,298,"1994-06-24 2019-07-08",,,,
2024-06-30,10.86,3.19,450,"1994-06-23 2023-07-07",85.07,10.34,450,"1994-06-23 2023-07-07",21.99,4.44,450,"1994-06-23 2023-07-07",28.87,8.5,450,"1994-06-23 2023-07-07",5.02,3.75,450,"1994-06-23 2023-07-07",42.72,15.29,450,"1994-06-23 2023-07-07",9.54,2.91,450,"1994-06-23 2023-07-07",2.69,3.28,450,"1994-06-23 2023-07-07",2.68,5.99,450,"1994-06-23 2023-07-07",2.69,6,448,"1994-06-23 2023-07-07",0,0,448,"1994-06-23 2023-07-07",0,0,298,"1994-06-23 2019-07-07",,,,
2024-06-29,10.69,3.2,450,"1994-06-22 2023-07-06",84.92,10.4,450,"1994-06-22 2023-07-06",21.89,4.48,450,"1994-06-22 2023-07-06",28.82,8.52,450,"1994-06-22 2023-07-06",4.86,3.72,450,"1994-06-22 2023-07-06",42.39,15.22,450,"1994-06-22 2023-07-06",9.43,2.92,450,"1994-06-22 2023-07-06",2.65,3.28,450,"1994-06-22 2023-07-06",2.59,5.9,450,"1994-06-22 2023-07-06",2.61,5.91,448,"1994-06-22 2023-07-06",0,0,448,"1994-06-22 2023-07-06",0,0,297,"1994-06-22 2019-07-06",,,,
2024-06-28,10.52,3.17,450,"1994-06-21 2023-07-05",84.93,10.39,450,"1994-06-21 2023-07-05",21.78,4.53,450,"1994-06-21 2023-07-05",28.85,8.45,450,"1994-06-21 2023-07-05",4.76,3.68,450,"1994-06-21 2023-07-05",42.04,15.19,450,"1994-06-21 2023-07-05",9.33,2.86,450,"1994-06-21 2023-07-05",2.65,3.3,450,"1994-06-21 2023-07-05",2.79,6.45,450,"1994-06-21 2023-07-05",2.79,6.46,449,"1994-06-21 2023-07-05",0,0,449,"1994-06-21 2023-07-05",0,0,296,"1994-06-21 2019-07-05",,,,
2024-06-27,10.41,3.13,450,"1994-06-20 2023-07-04",84.88,10.4,450,"1994-06-20 2023-07-04",21.67,4.57,450,"1994-06-20 2023-07-04",28.82,8.48,450,"1994-06-20 2023-07-04",4.66,3.64,450,"1994-06-20 2023-07-04",41.89,15.31,450,"1994-06-20 2023-07-04",9.24,2.88,450,"1994-06-20 2023-07-04",2.66,3.42,450,"1994-06-20 2023-07-04",2.87,6.75,450,"1994-06-20 2023-07-04",2.87,6.76,449,"1994-06-20 2023-07-04",0,0,449,"1994-06-20 2023-07-04",0,0,295,"1994-06-20 2019-07-04",,,,
2024-06-26,10.25,3.13,450,"1994-06-19 2023-07-03",84.97,10.38,450,"1994-06-19 2023-07-03",21.54,4.47,450,"1994-06-19 2023-07-03",28.79,8.49,450,"1994-06-19 2023-07-03",4.51,3.64,450,"1994-06-19 2023-07-03",41.58,15.06,450,"1994-06-19 2023-07-03",9.08,2.89,450,"1994-06-19 2023-07-03",2.68,3.45,450,"1994-06-19 2023-07-03",2.63,6.29,450,"1994-06-19 2023-07-03",2.64,6.3,449,"1994-06-19 2023-07-03",0,0,449,"1994-06-19 2023-07-03",0,0,294,"1994-06-19 2019-07-03",,,,
2024-06-25,10.13,3.1,450,"1994-06-18 2023-07-02",85.31,10.15,450,"1994-06-18 2023-07-02",21.29,4.51,450,"1994-06-18 2023-07-02",28.64,8.43,450,"1994-06-18 2023-07-02",4.44,3.57,450,"1994-06-18 2023-07-02",41.88,15.19,450,"1994-06-18 2023-07-02",8.94,2.88,450,"1994-06-18 2023-07-02",2.7,3.52,450,"1994-06-18 2023-07-02",2.87,6.55,450,"1994-06-18 2023-07-02",2.88,6.55,449,"1994-06-18 2023-07-02",0,0,449,"1994-06-18 2023-07-02",0,0,293,"1994-06-18 2019-07-02",,,,
2024-06-24,9.99,3.02,450,"1994-06-17 2023-07-01",85.23,10.28,450,"1994-06-17 2023-07-01",21.12,4.53,450,"1994-06-17 2023-07-01",28.79,8.47,450,"1994-06-17 2023-07-01",4.33,3.5,450,"1994-06-17 2023-07-01",42.03,15.5,450,"1994-06-17 2023-07-01",8.8,2.85,450,"1994-06-17 2023-07-01",2.74,3.53,450,"1994-06-17 2023-07-01",2.93,6.59,450,"1994-06-17 2023-07-01",2.94,6.6,449,"1994-06-17 2023-07-01",0,0,449,"1994-06-17 2023-07-01",0,0,292,"1994-06-17 2019-06-30",,,,
2024-06-23,9.8,2.93,450,"1994-06-16 2023-06-30",85.21,10.31,450,"1994-06-16 2023-06-30",20.87,4.51,450,"1994-06-16 2023-06-30",29.01,8.43,450,"1994-06-16 2023-06-30",4.18,3.43,450,"1994-06-16 2023-06-30",42.32,15.64,450,"1994-06-16 2023-06-30",8.64,2.82,450,"1994-06-16 2023-06-30",2.81,3.53,450,"1994-06-16 2023-06-30",2.98,6.6,450,"1994-06-16 2023-06-30",2.96,6.58,448,"1994-06-16 2023-06-30",0,0,449,"1994-06-16 2023-06-30",0,0,292,"1994-06-16 2019-06-30",,,,
2024-06-22,9.56,2.96,450,"1994-06-15 2023-06-29",85.3,10.25,450,"1994-06-15 2023-06-29",20.59,4.51,450,"1994-06-15 2023-06-29",29.24,8.63,450,"1994-06-15 2023-06-29",4.01,3.39,450,"1994-06-15 2023-06-29",42.5,15.63,450,"1994-06-15 2023-06-29",8.43,2.77,450,"1994-06-15 2023-06-29",2.89,3.67,450,"1994-06-15 2023-06-29",3.09,6.67,450,"1994-06-15 2023-06-29",3.07,6.67,447,"1994-06-15 2023-06-29",0,0,448,"1994-06-15 2023-06-29",0,0,291,"1994-06-15 2019-06-29",,,,
2024-06-21,9.37,2.91,450,"1994-06-14 2023-06-28",85.26,10.36,450,"1994-06-14 2023-06-28",20.32,4.46,450,"1994-06-14 2023-06-28",29.35,8.79,450,"1994-06-14 2023-06-28",3.84,3.35,450,"1994-06-14 2023-06-28",42.67,15.58,450,"1994-06-14 2023-06-28",8.25,2.67,450,"1994-06-14 2023-06-28",3,3.81,450,"1994-06-14 2023-06-28",3.24,6.95,450,"1994-06-14 2023-06-28",3.22,6.95,447,"1994-06-14 2023-06-28",0,0,448,"1994-06-14 2023-06-28",0,0,290,"1994-06-14 2019-06-27",,,,
2024-06-20,9.19,2.88,450,"1994-06-13 2023-06-27",85.25,10.56,450,"1994-06-13 2023-06-27",20.18,4.39,450,"1994-06-13 2023-06-27",29.39,8.83,450,"1994-06-13 2023-06-27",3.65,3.34,450,"1994-06-13 2023-06-27",42.63,15.53,450,"1994-06-13 2023-06-27",8.08,2.6,450,"1994-06-13 2023-06-27",2.92,3.72,450,"1994-06-13 2023-06-27",3.4,7.32,450,"1994-06-13 2023-06-27",3.38,7.32,447,"1994-06-13 2023-06-27",0,0,448,"1994-06-13 2023-06-27",0,0,290,"1994-06-13 2019-06-27",,,,
2024-06-19,9.01,2.95,450,"1994-06-12 2023-06-26",85.24,10.83,450,"1994-06-12 2023-06-26",20.03,4.32,450,"1994-06-12 2023-06-26",29.33,8.74,450,"1994-06-12 2023-06-26",3.47,3.39,450,"1994-06-12 2023-06-26",42.47,15.65,450,"1994-06-12 2023-06-26",7.95,2.6,450,"1994-06-12 2023-06-26",2.88,3.72,450,"1994-06-12 2023-06-26",3.4,7.32,450,"1994-06-12 2023-06-26",3.37,7.32,448,"1994-06-12 2023-06-26",0,0,449,"1994-06-12 2023-06-26",0,0,289,"1994-06-12 2019-06-26",,,,
2024-06-18,8.92,2.95,450,"1994-06-11 2023-06-25",85.33,10.79,450,"1994-06-11 2023-06-25",19.86,4.21,450,"1994-06-11 2023-06-25",29.32,8.69,450,"1994-06-11 2023-06-25",3.33,3.48,450,"1994-06-11 2023-06-25",42.46,15.57,450,"1994-06-11 2023-06-25",7.83,2.59,450,"1994-06-11 2023-06-25",2.88,3.64,450,"1994-06-11 2023-06-25",3.53,7.58,450,"1994-06-11 2023-06-25",3.51,7.58,447,"1994-06-11 2023-06-25",0,0,448,"1994-06-11 2023-06-25",0,0,288,"1994-06-11 2019-06-25",,,,
2024-06-17,8.73,2.97,450,"1994-06-10 2023-06-24",85.26,10.88,450,"1994-06-10 2023-06-24",19.64,4.26,450,"1994-06-10 2023-06-24",29.2,8.54,450,"1994-06-10 2023-06-24",3.21,3.51,450,"1994-06-10 2023-06-24",42.69,15.9,450,"1994-06-10 2023-06-24",7.72,2.62,450,"1994-06-10 2023-06-24",2.91,3.69,450,"1994-06-10 2023-06-24",3.6,7.57,450,"1994-06-10 2023-06-24",3.59,7.58,446,"1994-06-10 2023-06-24",0,0,447,"1994-06-10 2023-06-24",0,0,287,"1994-06-10 2019-06-24",,,,
2024-06-16,8.6,2.97,450,"1994-06-09 2023-06-23",85.1,11.03,450,"1994-06-09 2023-06-23",19.52,4.29,450,"1994-06-09 2023-06-23",29.22,8.35,450,"1994-06-09 2023-06-23",3.02,3.54,450,"1994-06-09 2023-06-23",42.5,16.15,450,"1994-06-09 2023-06-23",7.62,2.66,450,"1994-06-09 2023-06-23",2.98,3.65,450,"1994-06-09 2023-06-23",3.44,7.44,450,"1994-06-09 2023-06-23",3.43,7.45,446,"1994-06-09 2023-06-23",0,0,447,"1994-06-09 2023-06-23",0,0,286,"1994-06-09 2019-06-23",,,,
2024-06-15,8.45,3.01,450,"1994-06-08 2023-06-22",85.08,11.12,450,"1994-06-08 2023-06-22",19.4,4.42,450,"1994-06-08 2023-06-22",29.23,8.28,450,"1994-06-08 2023-06-22",2.86,3.56,450,"1994-06-08 2023-06-22",42.45,16.47,450,"1994-06-08 2023-06-22",7.5,2.76,450,"1994-06-08 2023-06-22",2.97,3.66,450,"1994-06-08 2023-06-22",3.47,7.44,450,"1994-06-08 2023-06-22",3.47,7.45,446,"1994-06-08 2023-06-22",0,0,447,"1994-06-08 2023-06-22",0,0,285,"1994-06-08 2012-06-22",,,,
2024-06-14,8.27,3.03,450,"1994-06-07 2023-06-21",84.9,11.3,450,"1994-06-07 2023-06-21",19.18,4.52,450,"1994-06-07 2023-06-21",29.36,8.39,450,"1994-06-07 2023-06-21",2.71,3.6,450,"1994-06-07 2023-06-21",42.67,16.74,450,"1994-06-07 2023-06-21",7.37,2.83,450,"1994-06-07 2023-06-21",3.09,3.76,450,"1994-06-07 2023-06-21",3.62,7.86,450,"1994-06-07 2023-06-21",3.61,7.87,446,"1994-06-07 2023-06-21",0,0,447,"1994-06-07 2023-06-21",0,0,285,"1994-06-07 2012-06-21",,,,
2024-06-13,8.15,3.07,450,"1994-06-06 2023-06-20",84.87,11.51,450,"1994-06-06 2023-06-20",18.99,4.51,450,"1994-06-06 2023-06-20",29.53,8.53,450,"1994-06-06 2023-06-20",2.58,3.63,450,"1994-06-06 2023-06-20",42.97,16.74,450,"1994-06-06 2023-06-20",7.28,2.88,450,"1994-06-06 2023-06-20",3.21,3.78,450,"1994-06-06 2023-06-20",3.85,8.01,450,"1994-06-06 2023-06-20",3.84,8.02,446,"1994-06-06 2023-06-20",0.01,0.15,447,"1994-06-06 2023-06-20",0,0,285,"1994-06-06 2012-06-20",,,,
2024-06-12,8.12,3.11,450,"1994-06-05 2023-06-19",84.92,11.49,450,"1994-06-05 2023-06-19",18.99,4.51,450,"1994-06-05 2023-06-19",29.87,8.5,450,"1994-06-05 2023-06-19",2.55,3.7,450,"1994-06-05 2023-06-19",42.81,16.72,450,"1994-06-05 2023-06-19",7.27,2.93,450,"1994-06-05 2023-06-19",3.24,3.72,450,"1994-06-05 2023-06-19",3.99,8.6,450,"1994-06-05 2023-06-19",3.98,8.61,446,"1994-06-05 2023-06-19",0.01,0.15,447,"1994-06-05 2023-06-19",0,0,285,"1994-06-05 2012-06-19",,,,
2024-06-11,8.1,3.13,450,"1994-06-04 2023-06-18",84.69,11.72,450,"1994-06-04 2023-06-18",19.06,4.6,450,"1994-06-04 2023-06-18",29.85,8.65,450,"1994-06-04 2023-06-18",2.49,3.74,450,"1994-06-04 2023-06-18",42.58,16.79,450,"1994-06-04 2023-06-18",7.26,2.94,450,"1994-06-04 2023-06-18",3.23,3.71,450,"1994-06-04 2023-06-18",3.94,8.57,450,"1994-06-04 2023-06-18",3.93,8.59,446,"1994-06-04 2023-06-18",0.01,0.15,447,"1994-06-04 2023-06-18",0,0,285,"1994-06-04 2012-06-18",,,,
2024-06-10,8.01,3.14,450,"1994-06-03 2023-06-17",84.27,11.97,450,"1994-06-03 2023-06-17",19.17,4.63,450,"1994-06-03 2023-06-17",29.96,8.58,450,"1994-06-03 2023-06-17",2.35,3.81,450,"1994-06-03 2023-06-17",42.01,16.99,450,"1994-06-03 2023-06-17",7.22,2.94,450,"1994-06-03 2023-06-17",3.12,3.64,450,"1994-06-03 2023-06-17",3.8,8.41,450,"1994-06-03 2023-06-17",3.79,8.42,446,"1994-06-03 2023-06-17",0.01,0.15,447,"1994-06-03 2023-06-17",0,0,285,"1994-06-03 2012-06-17",,,,
2024-06-09,7.87,3.11,450,"1994-06-02 2023-06-16",84.05,11.97,450,"1994-06-02 2023-06-16",19.2,4.65,450,"1994-06-02 2023-06-16",29.89,8.64,450,"1994-06-02 2023-06-16",2.2,3.83,450,"1994-06-02 2023-06-16",41.52,16.96,450,"1994-06-02 2023-06-16",7.17,2.99,450,"1994-06-02 2023-06-16",3.13,3.65,450,"1994-06-02 2023-06-16",3.81,8.45,450,"1994-06-02 2023-06-16",3.79,8.46,446,"1994-06-02 2023-06-16",0.01,0.15,447,"1994-06-02 2023-06-16",0,0,285,"1994-06-02 2012-06-16",,,,
2024-06-08,7.77,3.15,450,"1994-06-01 2023-06-15",83.84,12.05,450,"1994-06-01 2023-06-15",19.19,4.65,450,"1994-06-01 2023-06-15",29.65,8.68,450,"1994-06-01 2023-06-15",2.13,3.84,450,"1994-06-01 2023-06-15",41.19,16.85,450,"1994-06-01 2023-06-15",7.12,3.04,450,"1994-06-01 2023-06-15",3.07,3.69,450,"1994-06-01 2023-06-15",3.71,8.39,450,"1994-06-01 2023-06-15",3.72,8.41,447,"1994-06-01 2023-06-15",0.01,0.15,447,"1994-06-01 2023-06-15",0,0,285,"1994-06-01 2012-06-15",,,,
2024-06-07,7.68,3.16,450,"1994-05-31 2023-06-14",83.51,12.32,450,"1994-05-31 2023-06-14",19.28,4.67,450,"1994-05-31 2023-06-14",29.46,8.52,450,"1994-05-31 2023-06-14",1.94,3.86,450,"1994-05-31 2023-06-14",40.63,16.81,450,"1994-05-31 2023-06-14",7.08,3.05,450,"1994-05-31 2023-06-14",2.96,3.55,450,"1994-05-31 2023-06-14",3.62,8.43,450,"1994-05-31 2023-06-14",3.63,8.45,447,"1994-05-31 2023-06-14",0.01,0.15,447,"1994-05-31 2023-06-14",0,0,286,"1994-05-31 2023-05-31",,,,
2024-06-06,7.47,3.24,450,"1994-05-30 2023-06-13",82.94,12.93,450,"1994-05-30 2023-06-13",19.35,4.68,450,"1994-05-30 2023-06-13",29.34,8.33,450,"1994-05-30 2023-06-13",1.71,3.93,450,"1994-05-30 2023-06-13",39.84,16.79,450,"1994-05-30 2023-06-13",6.97,3.09,450,"1994-05-30 2023-06-13",2.94,3.51,450,"1994-05-30 2023-06-13",3.41,8.2,450,"1994-05-30 2023-06-13",3.43,8.23,446,"1994-05-30 2023-06-13",0.01,0.15,447,"1994-05-30 2023-06-13",0,0,287,"1994-05-30 2023-05-31",,,,
2024-06-05,7.26,3.23,450,"1994-05-29 2023-06-12",82.71,13.12,450,"1994-05-29 2023-06-12",19.2,4.75,450,"1994-05-29 2023-06-12",29.27,8.46,450,"1994-05-29 2023-06-12",1.53,3.94,450,"1994-05-29 2023-06-12",39.56,16.92,450,"1994-05-29 2023-06-12",6.86,3.08,450,"1994-05-29 2023-06-12",3.11,3.6,450,"1994-05-29 2023-06-12",3.22,7.78,450,"1994-05-29 2023-06-12",3.21,7.79,446,"1994-05-29 2023-06-12",0.03,0.58,447,"1994-05-29 2023-06-12",0,0.12,287,"1994-05-29 2023-05-31",,,,
2024-06-04,7.17,3.21,450,"1994-05-28 2023-06-11",82.56,13.19,450,"1994-05-28 2023-06-11",19.1,4.83,450,"1994-05-28 2023-06-11",29.35,8.5,450,"1994-05-28 2023-06-11",1.4,3.94,450,"1994-05-28 2023-06-11",39.58,17.18,450,"1994-05-28 2023-06-11",6.77,3.06,450,"1994-05-28 2023-06-11",3.16,3.64,450,"1994-05-28 2023-06-11",3.16,7.72,450,"1994-05-28 2023-06-11",3.14,7.73,446,"1994-05-28 2023-06-11",0.04,0.6,447,"1994-05-28 2023-06-11",0,0.12,287,"1994-05-28 2023-05-31",,,,
2024-06-03,7.03,3.21,450,"1994-05-27 2023-06-10",82.48,13.33,450,"1994-05-27 2023-06-10",19.09,4.91,450,"1994-05-27 2023-06-10",29.32,8.5,450,"1994-05-27 2023-06-10",1.26,3.9,450,"1994-05-27 2023-06-10",39.37,17.48,450,"1994-05-27 2023-06-10",6.64,3.09,450,"1994-05-27 2023-06-10",3.11,3.65,450,"1994-05-27 2023-06-10",3.19,7.75,450,"1994-05-27 2023-06-10",3.16,7.74,447,"1994-05-27 2023-06-10",0.05,0.61,448,"1994-05-27 2023-06-10",0,0.12,287,"1994-05-27 2023-05-31",,,,
2024-06-02,6.93,3.21,450,"1994-05-26 2023-06-09",82.49,13.37,450,"1994-05-26 2023-06-09",19.07,4.89,450,"1994-05-26 2023-06-09",29.26,8.58,450,"1994-05-26 2023-06-09",1.12,3.92,450,"1994-05-26 2023-06-09",39.04,17.57,450,"1994-05-26 2023-06-09",6.53,3.11,450,"1994-05-26 2023-06-09",3.08,3.68,450,"1994-05-26 2023-06-09",3.13,7.74,450,"1994-05-26 2023-06-09",3.09,7.72,448,"1994-05-26 2023-06-09",0.05,0.6,449,"1994-05-26 2023-06-09",0,0.12,287,"1994-05-26 2023-05-31",,,,
2024-06-01,6.8,3.2,450,"1994-05-25 2023-06-08",82.29,13.39,450,"1994-05-25 2023-06-08",19.04,4.95,450,"1994-05-25 2023-06-08",29.35,8.68,450,"1994-05-25 2023-06-08",1.07,3.86,450,"1994-05-25 2023-06-08",38.85,17.47,450,"1994-05-25 2023-06-08",6.44,3.09,450,"1994-05-25 2023-06-08",3.16,3.79,450,"1994-05-25 2023-06-08",3.15,7.74,450,"1994-05-25 2023-06-08",3.11,7.72,448,"1994-05-25 2023-06-08",0.05,0.6,449,"1994-05-25 2023-06-08",0,0.12,288,"1994-05-25 2023-05-31",,,,
2024-05-31,6.64,3.21,450,"1994-05-24 2023-06-07",82.13,13.56,450,"1994-05-24 2023-06-07",18.92,5.06,450,"1994-05-24 2023-06-07",29.6,8.8,450,"1994-05-24 2023-06-07",0.99,3.86,450,"1994-05-24 2023-06-07",39.1,17.89,450,"1994-05-24 2023-06-07",6.3,3.09,450,"1994-05-24 2023-06-07",3.18,3.89,450,"1994-05-24 2023-06-07",3.26,8.04,450,"1994-05-24 2023-06-07",3.21,8.02,448,"1994-05-24 2023-06-07",0.07,0.72,449,"1994-05-24 2023-06-07",0,0.43,289,"1994-05-24 2023-05-31",,,,
2024-05-30,6.51,3.26,450,"1994-05-23 2023-06-06",81.94,13.87,450,"1994-05-23 2023-06-06",18.87,5.09,450,"1994-05-23 2023-06-06",29.46,8.69,450,"1994-05-23 2023-06-06",0.83,3.91,450,"1994-05-23 2023-06-06",38.84,17.85,450,"1994-05-23 2023-06-06",6.15,3.15,450,"1994-05-23 2023-06-06",3.12,3.82,450,"1994-05-23 2023-06-06",3.14,7.69,450,"1994-05-23 2023-06-06",3.09,7.67,448,"1994-05-23 2023-06-06",0.07,0.72,449,"1994-05-23 2023-06-06",0,0.43,289,"1994-05-23 2023-05-31",,,,
2024-05-29,6.27,3.33,450,"1994-05-22 2023-06-05",81.72,13.92,450,"1994-05-22 2023-06-05",18.73,5.3,450,"1994-05-22 2023-06-05",29.28,8.6,450,"1994-05-22 2023-06-05",0.63,3.96,450,"1994-05-22 2023-06-05",38.75,18.46,450,"1994-05-22 2023-06-05",5.98,3.25,450,"1994-05-22 2023-06-05",3.01,3.88,450,"1994-05-22 2023-06-05",2.82,7.12,450,"1994-05-22 2023-06-05",2.77,7.11,447,"1994-05-22 2023-06-05",0.07,0.72,448,"1994-05-22 2023-06-05",0.1,0.5,290,"1994-05-22 2023-05-31",,,,
2024-05-28,5.96,3.34,450,"1994-05-21 2023-06-04",81.42,14.09,450,"1994-05-21 2023-06-04",18.46,5.48,450,"1994-05-21 2023-06-04",29.04,8.86,450,"1994-05-21 2023-06-04",0.29,3.97,450,"1994-05-21 2023-06-04",38.78,18.9,450,"1994-05-21 2023-06-04",5.71,3.31,450,"1994-05-21 2023-06-04",3.1,4.05,450,"1994-05-21 2023-06-04",2.62,6.15,450,"1994-05-21 2023-06-04",2.53,6.1,447,"1994-05-21 2023-06-04",0.1,0.85,448,"1994-05-21 2023-06-04",0.1,1.32,290,"1994-05-21 2023-05-31",,,,
2024-05-27,5.68,3.38,450,"1994-05-20 2023-06-03",81.44,14.13,450,"1994-05-20 2023-06-03",18.12,5.62,450,"1994-05-20 2023-06-03",28.98,8.79,450,"1994-05-20 2023-06-03",0.07,3.97,450,"1994-05-20 2023-06-03",39.08,19.22,450,"1994-05-20 2023-06-03",5.45,3.37,450,"1994-05-20 2023-06-03",3.14,4.17,450,"1994-05-20 2023-06-03",2.66,6.17,449,"1994-05-20 2023-06-03",2.52,6.04,444,"1994-05-20 2023-06-03",0.17,1.57,447,"1994-05-20 2023-06-03",0.2,1.35,290,"1994-05-20 2023-05-31",,,,
2024-05-26,5.47,3.37,450,"1994-05-19 2023-06-02",81.6,14,450,"1994-05-19 2023-06-02",17.86,5.63,450,"1994-05-19 2023-06-02",29.2,9,450,"1994-05-19 2023-06-02",-0.1,3.95,450,"1994-05-19 2023-06-02",39.2,18.92,450,"1994-05-19 2023-06-02",5.23,3.41,450,"1994-05-19 2023-06-02",3.25,4.21,450,"1994-05-19 2023-06-02",2.58,6.11,449,"1994-05-19 2023-06-02",2.44,5.98,444,"1994-05-19 2023-06-02",0.17,1.57,447,"1994-05-19 2023-06-02",0.2,1.35,290,"1994-05-19 2023-05-31",,,,
2024-05-25,5.32,3.39,450,"1994-05-18 2023-06-01",81.67,14,450,"1994-05-18 2023-06-01",17.64,5.64,450,"1994-05-18 2023-06-01",29.35,9,450,"1994-05-18 2023-06-01",-0.29,3.96,450,"1994-05-18 2023-06-01",39.24,18.78,450,"1994-05-18 2023-06-01",5.06,3.4,450,"1994-05-18 2023-06-01",3.29,4.21,450,"1994-05-18 2023-06-01",2.41,5.84,449,"1994-05-18 2023-06-01",2.28,5.71,442,"1994-05-18 2023-06-01",0.17,1.57,445,"1994-05-18 2023-06-01",0.2,1.35,290,"1994-05-18 2023-05-31",,,,
2024-05-24,5.18,3.36,450,"1994-05-17 2023-05-31",81.65,14,450,"1994-05-17 2023-05-31",17.5,5.75,450,"1994-05-17 2023-05-31",29.54,9.11,450,"1994-05-17 2023-05-31",-0.48,3.91,450,"1994-05-17 2023-05-31",39.15,18.92,450,"1994-05-17 2023-05-31",4.89,3.37,450,"1994-05-17 2023-05-31",3.35,4.25,450,"1994-05-17 2023-05-31",2.43,5.86,449,"1994-05-17 2023-05-31",2.29,5.73,442,"1994-05-17 2023-05-31",0.17,1.57,445,"1994-05-17 2023-05-31",0.2,1.35,290,"1994-05-17 2023-05-31",,,,
2024-05-23,5.05,3.29,450,"1994-05-16 2023-05-30",81.59,14.04,450,"1994-05-16 2023-05-30",17.43,5.79,450,"1994-05-16 2023-05-30",29.62,9.14,450,"1994-05-16 2023-05-30",-0.62,3.85,450,"1994-05-16 2023-05-30",38.91,19.04,450,"1994-05-16 2023-05-30",4.76,3.4,450,"1994-05-16 2023-05-30",3.34,4.24,450,"1994-05-16 2023-05-30",2.37,5.67,449,"1994-05-16 2023-05-30",2.23,5.52,442,"1994-05-16 2023-05-30",0.18,1.57,445,"1994-05-16 2023-05-30",0.2,1.35,290,"1994-05-16 2023-05-30",,,,
2024-05-22,4.94,3.26,450,"1994-05-15 2023-05-29",81.61,14.07,450,"1994-05-15 2023-05-29",17.37,5.84,450,"1994-05-15 2023-05-29",29.72,9.22,450,"1994-05-15 2023-05-29",-0.71,3.86,450,"1994-05-15 2023-05-29",38.83,19.06,450,"1994-05-15 2023-05-29",4.66,3.41,450,"1994-05-15 2023-05-29",3.33,4.22,450,"1994-05-15 2023-05-29",2.36,5.67,449,"1994-05-15 2023-05-29",2.22,5.52,443,"1994-05-15 2023-05-29",0.18,1.57,445,"1994-05-15 2023-05-29",0.2,1.35,289,"1994-05-15 2023-05-25",,,,
2024-05-21,4.77,3.26,450,"1994-05-14 2023-05-28",81.33,14.33,450,"1994-05-14 2023-05-28",17.35,5.8,450,"1994-05-14 2023-05-28",29.86,9.29,450,"1994-05-14 2023-05-28",-0.93,3.86,450,"1994-05-14 2023-05-28",38.3,18.92,450,"1994-05-14 2023-05-28",4.5,3.42,450,"1994-05-14 2023-05-28",3.23,4.24,450,"1994-05-14 2023-05-28",2.28,5.62,449,"1994-05-14 2023-05-28",2.15,5.49,443,"1994-05-14 2023-05-28",0.15,1.47,445,"1994-05-14 2023-05-28",0.2,1.35,289,"1994-05-14 2023-05-25",,,,
2024-05-20,4.54,3.26,450,"1994-05-13 2023-05-27",80.92,14.37,450,"1994-05-13 2023-05-27",17.25,5.75,450,"1994-05-13 2023-05-27",29.83,9.22,450,"1994-05-13 2023-05-27",-1.14,3.83,450,"1994-05-13 2023-05-27",37.8,18.52,450,"1994-05-13 2023-05-27",4.33,3.48,450,"1994-05-13 2023-05-27",3.13,4.15,450,"1994-05-13 2023-05-27",2.25,5.62,449,"1994-05-13 2023-05-27",2.14,5.5,443,"1994-05-13 2023-05-27",0.14,1.46,445,"1994-05-13 2023-05-27",0.2,1.35,289,"1994-05-13 2023-05-25",,,,
2024-05-19,4.31,3.33,450,"1994-05-12 2023-05-26",80.58,14.52,450,"1994-05-12 2023-05-26",17.17,5.78,450,"1994-05-12 2023-05-26",29.83,9.25,450,"1994-05-12 2023-05-26",-1.4,3.85,450,"1994-05-12 2023-05-26",37.22,18.25,450,"1994-05-12 2023-05-26",4.13,3.55,450,"1994-05-12 2023-05-26",3.17,4.16,450,"1994-05-12 2023-05-26",2.09,5.22,449,"1994-05-12 2023-05-26",1.97,5.09,443,"1994-05-12 2023-05-26",0.14,1.46,445,"1994-05-12 2023-05-26",0.2,1.39,289,"1994-05-12 2023-05-25",,,,
2024-05-18,3.98,3.4,450,"1994-05-11 2023-05-25",80.09,14.63,450,"1994-05-11 2023-05-25",17.06,5.89,450,"1994-05-11 2023-05-25",29.76,9.09,450,"1994-05-11 2023-05-25",-1.74,3.88,450,"1994-05-11 2023-05-25",36.57,18.04,450,"1994-05-11 2023-05-25",3.84,3.62,450,"1994-05-11 2023-05-25",3.13,4.13,450,"1994-05-11 2023-05-25",1.95,5.04,449,"1994-05-11 2023-05-25",1.79,4.83,442,"1994-05-11 2023-05-25",0.2,1.74,444,"1994-05-11 2023-05-25",0.2,1.41,290,"1994-05-11 2023-05-25",,,,
2024-05-17,3.69,3.41,450,"1994-05-10 2023-05-24",80.21,14.61,450,"1994-05-10 2023-05-24",16.77,5.92,450,"1994-05-10 2023-05-24",29.54,9.1,450,"1994-05-10 2023-05-24",-2.07,3.9,450,"1994-05-10 2023-05-24",36.34,17.93,450,"1994-05-10 2023-05-24",3.53,3.69,450,"1994-05-10 2023-05-24",3.12,4.11,450,"1994-05-10 2023-05-24",1.9,5.05,449,"1994-05-10 2023-05-24",1.7,4.8,441,"1994-05-10 2023-05-24",0.23,1.78,443,"1994-05-10 2023-05-24",0.2,1.46,292,"1994-05-10 2023-05-24",,,,
2024-05-16,3.49,3.41,450,"1994-05-09 2023-05-23",80.21,14.53,450,"1994-05-09 2023-05-23",16.52,5.92,450,"1994-05-09 2023-05-23",29.57,9.05,450,"1994-05-09 2023-05-23",-2.37,3.87,450,"1994-05-09 2023-05-23",36.05,17.52,450,"1994-05-09 2023-05-23",3.34,3.7,450,"1994-05-09 2023-05-23",3.18,4.08,450,"1994-05-09 2023-05-23",1.65,4.29,449,"1994-05-09 2023-05-23",1.43,3.97,441,"1994-05-09 2023-05-23",0.25,1.77,443,"1994-05-09 2023-05-23",0.2,1.49,293,"1994-05-09 2023-05-22",,,,
2024-05-15,3.29,3.42,450,"1994-05-08 2023-05-22",80.29,14.34,450,"1994-05-08 2023-05-22",16.3,5.93,450,"1994-05-08 2023-05-22",29.73,9.09,450,"1994-05-08 2023-05-22",-2.57,3.92,450,"1994-05-08 2023-05-22",36.12,17.78,450,"1994-05-08 2023-05-22",3.17,3.74,450,"1994-05-08 2023-05-22",3.25,4.14,450,"1994-05-08 2023-05-22",1.59,4.14,449,"1994-05-08 2023-05-22",1.36,3.79,441,"1994-05-08 2023-05-22",0.27,1.79,443,"1994-05-08 2023-05-22",0.3,1.76,296,"1994-05-08 2023-05-22",,,,
2024-05-14,3.14,3.4,450,"1994-05-07 2023-05-21",80.11,14.39,450,"1994-05-07 2023-05-21",16.18,5.94,450,"1994-05-07 2023-05-21",30.04,9.3,450,"1994-05-07 2023-05-21",-2.79,3.9,450,"1994-05-07 2023-05-21",35.76,17.2,450,"1994-05-07 2023-05-21",3.02,3.79,450,"1994-05-07 2023-05-21",3.33,4.25,450,"1994-05-07 2023-05-21",1.37,3.65,449,"1994-05-07 2023-05-21",1.13,3.22,442,"1994-05-07 2023-05-21",0.28,1.79,444,"1994-05-07 2023-05-21",0.4,2.16,298,"1994-05-07 2023-05-10",,,,
2024-05-13,2.98,3.4,450,"1994-05-06 2023-05-20",79.93,14.37,450,"1994-05-06 2023-05-20",16.05,6.03,450,"1994-05-06 2023-05-20",30.22,9.1,450,"1994-05-06 2023-05-20",-2.96,3.89,450,"1994-05-06 2023-05-20",35.66,17.24,450,"1994-05-06 2023-05-20",2.89,3.82,450,"1994-05-06 2023-05-20",3.3,4.21,450,"1994-05-06 2023-05-20",1.23,3.28,449,"1994-05-06 2023-05-20",0.99,2.82,442,"1994-05-06 2023-05-20",0.29,1.84,444,"1994-05-06 2023-05-20",0.4,1.88,301,"1994-05-06 2023-05-10",,,,
2024-05-12,2.79,3.34,450,"1994-05-05 2023-05-19",79.66,14.39,450,"1994-05-05 2023-05-19",15.96,6.14,450,"1994-05-05 2023-05-19",30.36,9.09,450,"1994-05-05 2023-05-19",-3.14,3.82,450,"1994-05-05 2023-05-19",35.46,17.44,450,"1994-05-05 2023-05-19",2.78,3.83,450,"1994-05-05 2023-05-19",3.3,4.16,450,"1994-05-05 2023-05-19",1.17,3.14,450,"1994-05-05 2023-05-19",0.91,2.7,445,"1994-05-05 2023-05-19",0.3,1.53,445,"1994-05-05 2023-05-19",0.4,1.88,304,"1994-05-05 2023-05-10",,,,
2024-05-11,2.55,3.29,450,"1994-05-04 2023-05-18",79.2,14.75,450,"1994-05-04 2023-05-18",15.84,6.32,450,"1994-05-04 2023-05-18",30.14,9.02,450,"1994-05-04 2023-05-18",-3.36,3.73,450,"1994-05-04 2023-05-18",35.26,17.89,450,"1994-05-04 2023-05-18",2.66,3.83,450,"1994-05-04 2023-05-18",3.32,4.16,450,"1994-05-04 2023-05-18",1.14,3.04,450,"1994-05-04 2023-05-18",0.84,2.55,445,"1994-05-04 2023-05-18",0.35,1.59,445,"1994-05-04 2023-05-18",0.4,1.91,306,"1994-05-04 2023-05-10",,,,
2024-05-10,2.31,3.2,450,"1994-05-03 2023-05-17",79.11,14.91,450,"1994-05-03 2023-05-17",15.71,6.49,450,"1994-05-03 2023-05-17",30.33,9.13,450,"1994-05-03 2023-05-17",-3.59,3.62,450,"1994-05-03 2023-05-17",35.16,18.29,450,"1994-05-03 2023-05-17",2.43,3.79,450,"1994-05-03 2023-05-17",3.32,4.18,450,"1994-05-03 2023-05-17",1.27,3.59,450,"1994-05-03 2023-05-17",0.92,3.11,446,"1994-05-03 2023-05-17",0.4,1.71,446,"1994-05-03 2023-05-17",0.4,1.91,308,"1994-05-03 2023-05-10",,,,
2024-05-09,2.08,3.12,450,"1994-05-02 2023-05-16",78.95,15.02,450,"1994-05-02 2023-05-16",15.56,6.42,450,"1994-05-02 2023-05-16",30.41,9.25,450,"1994-05-02 2023-05-16",-3.81,3.57,450,"1994-05-02 2023-05-16",34.9,18.22,450,"1994-05-02 2023-05-16",2.2,3.76,450,"1994-05-02 2023-05-16",3.35,4.17,450,"1994-05-02 2023-05-16",1.22,3.59,450,"1994-05-02 2023-05-16",0.86,3.09,446,"1994-05-02 2023-05-16",0.41,1.71,446,"1994-05-02 2023-05-16",0.4,1.91,310,"1994-05-02 2023-05-10",,,,
2024-05-08,1.8,3.11,450,"1994-05-01 2023-05-15",78.92,14.94,450,"1994-05-01 2023-05-15",15.25,6.32,450,"1994-05-01 2023-05-15",30.19,9.28,450,"1994-05-01 2023-05-15",-4.03,3.59,450,"1994-05-01 2023-05-15",34.98,18.22,450,"1994-05-01 2023-05-15",1.93,3.71,450,"1994-05-01 2023-05-15",3.3,4.18,450,"1994-05-01 2023-05-15",1.21,3.57,450,"1994-05-01 2023-05-15",0.84,3.06,447,"1994-05-01 2023-05-15",0.41,1.72,447,"1994-05-01 2023-05-15",0.4,1.94,311,"1994-05-01 2023-05-10",,,,
2024-05-07,1.57,3.11,450,"1994-04-30 2023-05-14",79.18,14.71,450,"1994-04-30 2023-05-14",14.89,6.25,450,"1994-04-30 2023-05-14",30.12,9.34,450,"1994-04-30 2023-05-14",-4.31,3.56,450,"1994-04-30 2023-05-14",35.09,18.13,450,"1994-04-30 2023-05-14",1.61,3.64,450,"1994-04-30 2023-05-14",3.26,4.12,450,"1994-04-30 2023-05-14",1.18,3.51,450,"1994-04-30 2023-05-14",0.81,3,446,"1994-04-30 2023-05-14",0.42,1.72,446,"1994-04-30 2023-05-14",0.5,2,313,"1994-04-30 2023-05-10",,,,
2024-05-06,1.34,3.19,450,"1994-04-29 2023-05-13",79.38,14.32,450,"1994-04-29 2023-05-13",14.55,6.28,450,"1994-04-29 2023-05-13",30.23,9.35,450,"1994-04-29 2023-05-13",-4.52,3.63,450,"1994-04-29 2023-05-13",35.33,18.22,450,"1994-04-29 2023-05-13",1.38,3.64,450,"1994-04-29 2023-05-13",3.3,4.23,450,"1994-04-29 2023-05-13",1.2,3.53,449,"1994-04-29 2023-05-13",0.8,3,445,"1994-04-29 2023-05-13",0.44,1.74,445,"1994-04-29 2023-05-13",0.5,2.11,315,"1994-04-29 2023-05-10",,,,
2024-05-05,1.15,3.22,450,"1994-04-28 2023-05-12",79.61,14.22,450,"1994-04-28 2023-05-12",14.29,6.44,450,"1994-04-28 2023-05-12",30.44,9.53,450,"1994-04-28 2023-05-12",-4.77,3.7,450,"1994-04-28 2023-05-12",35.41,18.68,450,"1994-04-28 2023-05-12",1.17,3.62,450,"1994-04-28 2023-05-12",3.44,4.38,450,"1994-04-28 2023-05-12",1.24,3.61,449,"1994-04-28 2023-05-12",0.79,3.02,445,"1994-04-28 2023-05-12",0.5,1.81,445,"1994-04-28 2023-05-12",0.6,2.31,318,"1994-04-28 2023-05-10",,,,
2024-05-04,1,3.15,450,"1994-04-27 2023-05-11",79.87,14.03,450,"1994-04-27 2023-05-11",14.02,6.41,450,"1994-04-27 2023-05-11",30.8,9.73,450,"1994-04-27 2023-05-11",-4.94,3.75,450,"1994-04-27 2023-05-11",35.61,18.86,450,"1994-04-27 2023-05-11",1.04,3.52,450,"1994-04-27 2023-05-11",3.49,4.39,450,"1994-04-27 2023-05-11",1.23,3.62,449,"1994-04-27 2023-05-11",0.74,2.97,444,"1994-04-27 2023-05-11",0.53,1.91,444,"1994-04-27 2023-05-11",0.7,2.43,322,"1994-04-27 2023-05-10",,,,
2024-05-03,0.88,3.17,450,"1994-04-26 2023-05-10",79.84,14.24,450,"1994-04-26 2023-05-10",13.82,6.39,450,"1994-04-26 2023-05-10",31,9.93,450,"1994-04-26 2023-05-10",-5.02,3.76,450,"1994-04-26 2023-05-10",35.99,19.12,450,"1994-04-26 2023-05-10",0.95,3.58,450,"1994-04-26 2023-05-10",3.57,4.41,450,"1994-04-26 2023-05-10",1.27,3.65,449,"1994-04-26 2023-05-10",0.78,3.03,441,"1994-04-26 2023-05-10",0.58,2.28,442,"1994-04-26 2023-05-10",0.7,2.41,325,"1994-04-26 2023-05-10",,,,
2024-05-02,0.78,3.22,450,"1994-04-25 2023-05-09",79.44,14.58,450,"1994-04-25 2023-05-09",13.72,6.49,450,"1994-04-25 2023-05-09",31.14,9.84,450,"1994-04-25 2023-05-09",-5.15,3.74,450,"1994-04-25 2023-05-09",36.09,19.36,450,"1994-04-25 2023-05-09",0.87,3.57,450,"1994-04-25 2023-05-09",3.5,4.36,450,"1994-04-25 2023-05-09",1.3,3.7,449,"1994-04-25 2023-05-09",0.79,3.15,441,"1994-04-25 2023-05-09",0.59,2.28,443,"1994-04-25 2023-05-09",0.7,2.43,326,"1994-04-25 2023-05-08",,,,
2024-05-01,0.63,3.3,450,"1994-04-24 2023-05-08",79.23,14.67,450,"1994-04-24 2023-05-08",13.69,6.49,450,"1994-04-24 2023-05-08",30.9,9.93,450,"1994-04-24 2023-05-08",-5.32,3.83,450,"1994-04-24 2023-05-08",35.76,19.44,450,"1994-04-24 2023-05-08",0.76,3.58,450,"1994-04-24 2023-05-08",3.54,4.4,450,"1994-04-24 2023-05-08",1.36,3.86,449,"1994-04-24 2023-05-08",0.83,3.24,441,"1994-04-24 2023-05-08",0.61,2.42,443,"1994-04-24 2023-05-08",0.7,2.44,329,"1994-04-24 2023-05-08",,,,
2024-04-30,0.5,3.29,450,"1994-04-23 2023-05-07",79.18,14.54,450,"1994-04-23 2023-05-07",13.58,6.49,450,"1994-04-23 2023-05-07",30.78,9.99,450,"1994-04-23 2023-05-07",-5.5,3.76,450,"1994-04-23 2023-05-07",35.25,18.88,450,"1994-04-23 2023-05-07",0.61,3.55,450,"1994-04-23 2023-05-07",3.45,4.32,450,"1994-04-23 2023-05-07",1.3,3.82,449,"1994-04-23 2023-05-07",0.78,3.2,441,"1994-04-23 2023-05-07",0.59,2.41,443,"1994-04-23 2023-05-07",0.7,2.36,330,"1994-04-23 2023-05-06",,,,
2024-04-29,0.38,3.24,450,"1994-04-22 2023-05-06",79.17,14.49,450,"1994-04-22 2023-05-06",13.53,6.43,450,"1994-04-22 2023-05-06",30.64,9.87,450,"1994-04-22 2023-05-06",-5.64,3.74,450,"1994-04-22 2023-05-06",35,18.72,450,"1994-04-22 2023-05-06",0.45,3.5,450,"1994-04-22 2023-05-06",3.39,4.15,450,"1994-04-22 2023-05-06",1.33,3.86,449,"1994-04-22 2023-05-06",0.78,3.2,441,"1994-04-22 2023-05-06",0.63,2.49,443,"1994-04-22 2023-05-06",0.7,2.14,335,"1994-04-22 2023-05-06",,,,
2024-04-28,0.24,3.24,450,"1994-04-21 2023-05-05",78.92,14.56,450,"1994-04-21 2023-05-05",13.53,6.48,450,"1994-04-21 2023-05-05",30.63,9.81,450,"1994-04-21 2023-05-05",-5.74,3.75,450,"1994-04-21 2023-05-05",34.62,18.36,450,"1994-04-21 2023-05-05",0.33,3.5,450,"1994-04-21 2023-05-05",3.4,4.04,450,"1994-04-21 2023-05-05",1.28,3.73,449,"1994-04-21 2023-05-05",0.75,3.06,440,"1994-04-21 2023-05-05",0.6,2.42,442,"1994-04-21 2023-05-05",0.7,2.25,338,"1994-04-21 2023-04-22",,,,
2024-04-27,0.09,3.26,450,"1994-04-20 2023-05-04",78.79,14.6,450,"1994-04-20 2023-05-04",13.41,6.51,450,"1994-04-20 2023-05-04",30.6,9.77,450,"1994-04-20 2023-05-04",-5.91,3.74,450,"1994-04-20 2023-05-04",34.4,17.95,450,"1994-04-20 2023-05-04",0.13,3.57,450,"1994-04-20 2023-05-04",3.35,4.09,450,"1994-04-20 2023-05-04",1.27,3.84,449,"1994-04-20 2023-05-04",0.79,3.32,439,"1994-04-20 2023-05-04",0.56,2.34,441,"1994-04-20 2023-05-04",0.8,2.55,343,"1994-04-20 2023-04-22",,,,
2024-04-26,-0.01,3.29,450,"1994-04-19 2023-05-03",79.2,14.38,450,"1994-04-19 2023-05-03",13.25,6.42,450,"1994-04-19 2023-05-03",30.5,9.65,450,"1994-04-19 2023-05-03",-6.06,3.72,450,"1994-04-19 2023-05-03",34.31,17.48,450,"1994-04-19 2023-05-03",-0.13,3.58,450,"1994-04-19 2023-05-03",3.28,4.15,450,"1994-04-19 2023-05-03",1.29,3.95,449,"1994-04-19 2023-05-03",0.78,3.31,438,"1994-04-19 2023-05-03",0.61,2.59,440,"1994-04-19 2023-05-03",0.9,2.65,348,"1994-04-19 2023-04-22",,,,
2024-04-25,-0.17,3.3,450,"1994-04-18 2023-05-02",79.13,14.33,450,"1994-04-18 2023-05-02",13.06,6.31,450,"1994-04-18 2023-05-02",30.17,9.53,450,"1994-04-18 2023-05-02",-6.28,3.84,450,"1994-04-18 2023-05-02",34.14,17.23,450,"1994-04-18 2023-05-02",-0.33,3.64,450,"1994-04-18 2023-05-02",3.21,4.24,450,"1994-04-18 2023-05-02",1.16,3.48,449,"1994-04-18 2023-05-02",0.65,2.75,439,"1994-04-18 2023-05-02",0.63,2.65,441,"1994-04-18 2023-05-02",0.9,2.68,352,"1994-04-18 2023-04-22",,,,
2024-04-24,-0.37,3.3,450,"1994-04-17 2023-05-01",79.09,14.39,450,"1994-04-17 2023-05-01",12.86,6.34,450,"1994-04-17 2023-05-01",29.98,9.42,450,"1994-04-17 2023-05-01",-6.53,3.89,450,"1994-04-17 2023-05-01",34.08,17.49,450,"1994-04-17 2023-05-01",-0.52,3.67,450,"1994-04-17 2023-05-01",3.18,4.21,450,"1994-04-17 2023-05-01",1.11,3.37,449,"1994-04-17 2023-05-01",0.59,2.61,439,"1994-04-17 2023-05-01",0.63,2.65,441,"1994-04-17 2023-05-01",1,2.75,355,"1994-04-17 2023-04-22",,,,
2024-04-23,-0.57,3.33,450,"1994-04-16 2023-04-30",79.09,14.54,450,"1994-04-16 2023-04-30",12.64,6.45,450,"1994-04-16 2023-04-30",29.97,9.42,450,"1994-04-16 2023-04-30",-6.73,3.9,450,"1994-04-16 2023-04-30",34.26,17.89,450,"1994-04-16 2023-04-30",-0.74,3.7,450,"1994-04-16 2023-04-30",3.25,4.26,450,"1994-04-16 2023-04-30",1.06,3.19,449,"1994-04-16 2023-04-30",0.52,2.34,439,"1994-04-16 2023-04-30",0.66,2.68,441,"1994-04-16 2023-04-30",1.1,2.83,359,"1994-04-16 2023-04-22",,,,
2024-04-22,-0.8,3.4,450,"1994-04-15 2023-04-29",79.18,14.56,450,"1994-04-15 2023-04-29",12.31,6.62,450,"1994-04-15 2023-04-29",29.86,9.29,450,"1994-04-15 2023-04-29",-6.93,3.93,450,"1994-04-15 2023-04-29",34.59,18.32,450,"1994-04-15 2023-04-29",-0.96,3.76,450,"1994-04-15 2023-04-29",3.27,4.26,450,"1994-04-15 2023-04-29",1.06,3.2,449,"1994-04-15 2023-04-29",0.49,2.33,440,"1994-04-15 2023-04-29",0.69,2.69,442,"1994-04-15 2023-04-29",1.1,2.99,365,"1994-04-15 2023-04-22",,,,
2024-04-21,-0.93,3.46,450,"1994-04-14 2023-04-28",79.59,14.65,450,"1994-04-14 2023-04-28",11.98,6.71,450,"1994-04-14 2023-04-28",29.94,9.38,450,"1994-04-14 2023-04-28",-7.06,4.03,450,"1994-04-14 2023-04-28",35.1,18.66,450,"1994-04-14 2023-04-28",-1.15,3.79,450,"1994-04-14 2023-04-28",3.3,4.08,450,"1994-04-14 2023-04-28",1.12,3.3,450,"1994-04-14 2023-04-28",0.48,2.32,440,"1994-04-14 2023-04-28",0.78,2.92,442,"1994-04-14 2023-04-28",1.2,3.12,372,"1994-04-14 2023-04-22",,,,
2024-04-20,-1.05,3.54,450,"1994-04-13 2023-04-27",79.85,14.74,450,"1994-04-13 2023-04-27",11.69,6.68,450,"1994-04-13 2023-04-27",29.9,9.32,450,"1994-04-13 2023-04-27",-7.14,4.14,450,"1994-04-13 2023-04-27",35.7,19.04,450,"1994-04-13 2023-04-27",-1.35,3.85,450,"1994-04-13 2023-04-27",3.27,3.97,450,"1994-04-13 2023-04-27",1.15,3.3,450,"1994-04-13 2023-04-27",0.51,2.39,440,"1994-04-13 2023-04-27",0.79,2.95,441,"1994-04-13 2023-04-27",1.2,3.02,377,"1994-04-13 2023-04-22",,,,
2024-04-19,-1.24,3.66,450,"1994-04-12 2023-04-26",79.79,14.85,450,"1994-04-12 2023-04-26",11.4,6.73,450,"1994-04-12 2023-04-26",29.57,8.98,450,"1994-04-12 2023-04-26",-7.28,4.25,450,"1994-04-12 2023-04-26",36.1,19.18,450,"1994-04-12 2023-04-26",-1.59,3.85,450,"1994-04-12 2023-04-26",3.26,4.03,450,"1994-04-12 2023-04-26",1.18,3.49,450,"1994-04-12 2023-04-26",0.52,2.43,441,"1994-04-12 2023-04-26",0.82,3,442,"1994-04-12 2023-04-26",1.1,2.93,381,"1994-04-12 2023-04-22",,,,
2024-04-18,-1.37,3.72,450,"1994-04-11 2023-04-25",79.87,14.66,450,"1994-04-11 2023-04-25",11.22,6.72,450,"1994-04-11 2023-04-25",29.56,8.88,450,"1994-04-11 2023-04-25",-7.47,4.33,450,"1994-04-11 2023-04-25",35.97,18.91,450,"1994-04-11 2023-04-25",-1.74,3.88,450,"1994-04-11 2023-04-25",3.2,3.95,450,"1994-04-11 2023-04-25",1.11,3.35,450,"1994-04-11 2023-04-25",0.49,2.35,445,"1994-04-11 2023-04-25",0.74,2.58,445,"1994-04-11 2023-04-25",1.1,2.94,384,"1994-04-11 2023-04-22",,,,
2024-04-17,-1.55,3.78,450,"1994-04-10 2023-04-24",79.86,14.47,450,"1994-04-10 2023-04-24",11.04,6.65,450,"1994-04-10 2023-04-24",29.51,8.96,450,"1994-04-10 2023-04-24",-7.65,4.38,450,"1994-04-10 2023-04-24",35.9,18.94,450,"1994-04-10 2023-04-24",-1.88,3.87,450,"1994-04-10 2023-04-24",3.24,4.01,450,"1994-04-10 2023-04-24",1.08,3.23,450,"1994-04-10 2023-04-24",0.44,2.07,446,"1994-04-10 2023-04-24",0.78,2.79,445,"1994-04-10 2023-04-24",1.1,2.93,386,"1994-04-10 2023-04-22",,,,
2024-04-16,-1.66,3.74,450,"1994-04-09 2023-04-23",79.9,14.44,450,"1994-04-09 2023-04-23",10.87,6.64,450,"1994-04-09 2023-04-23",29.65,9.09,450,"1994-04-09 2023-04-23",-7.77,4.32,450,"1994-04-09 2023-04-23",36.04,18.75,450,"1994-04-09 2023-04-23",-2.07,3.84,450,"1994-04-09 2023-04-23",3.26,4.06,450,"1994-04-09 2023-04-23",1.03,3.06,450,"1994-04-09 2023-04-23",0.41,1.97,445,"1994-04-09 2023-04-23",0.76,2.67,444,"1994-04-09 2023-04-23",1.2,2.92,388,"1994-04-09 2023-04-22",,,,
2024-04-15,-1.75,3.77,450,"1994-04-08 2023-04-22",79.72,14.7,450,"1994-04-08 2023-04-22",10.73,6.67,450,"1994-04-08 2023-04-22",29.79,9.36,450,"1994-04-08 2023-04-22",-7.86,4.35,450,"1994-04-08 2023-04-22",36.42,19.05,450,"1994-04-08 2023-04-22",-2.17,3.89,450,"1994-04-08 2023-04-22",3.36,4.11,450,"1994-04-08 2023-04-22",1.08,3.13,450,"1994-04-08 2023-04-22",0.42,1.98,443,"1994-04-08 2023-04-22",0.8,2.72,443,"1994-04-08 2023-04-22",1.2,2.92,390,"1994-04-08 2023-04-22",,,,
2024-04-14,-1.91,3.83,450,"1994-04-07 2023-04-21",79.56,14.91,450,"1994-04-07 2023-04-21",10.49,6.74,450,"1994-04-07 2023-04-21",29.58,9.28,450,"1994-04-07 2023-04-21",-8.02,4.34,450,"1994-04-07 2023-04-21",36.76,19.15,450,"1994-04-07 2023-04-21",-2.38,3.94,450,"1994-04-07 2023-04-21",3.37,4.09,450,"1994-04-07 2023-04-21",1.05,3.12,450,"1994-04-07 2023-04-21",0.4,2,443,"1994-04-07 2023-04-21",0.81,2.7,443,"1994-04-07 2023-04-21",1.2,2.9,389,"1994-04-07 2023-04-21",,,,
2024-04-13,-2.1,3.87,450,"1994-04-06 2023-04-20",79.68,15.15,450,"1994-04-06 2023-04-20",10.07,6.61,450,"1994-04-06 2023-04-20",29.42,9.38,450,"1994-04-06 2023-04-20",-8.2,4.34,450,"1994-04-06 2023-04-20",37.28,19.54,450,"1994-04-06 2023-04-20",-2.57,3.96,450,"1994-04-06 2023-04-20",3.36,4.14,450,"1994-04-06 2023-04-20",1.03,3.06,450,"1994-04-06 2023-04-20",0.37,1.9,444,"1994-04-06 2023-04-20",0.8,2.69,443,"1994-04-06 2023-04-20",1.2,2.89,391,"1994-04-06 2023-04-20",,,,
2024-04-12,-2.27,3.86,450,"1994-04-05 2023-04-19",80.06,15.12,450,"1994-04-05 2023-04-19",9.68,6.53,450,"1994-04-05 2023-04-19",29.26,9.39,450,"1994-04-05 2023-04-19",-8.37,4.37,450,"1994-04-05 2023-04-19",37.75,19.78,450,"1994-04-05 2023-04-19",-2.77,3.91,450,"1994-04-05 2023-04-19",3.4,4.03,450,"1994-04-05 2023-04-19",0.98,2.75,450,"1994-04-05 2023-04-19",0.32,1.37,445,"1994-04-05 2023-04-19",0.81,2.66,444,"1994-04-05 2023-04-19",1.2,2.86,391,"1994-04-05 2023-04-16",,,,
2024-04-11,-2.46,3.89,450,"1994-04-04 2023-04-18",80.12,15.19,450,"1994-04-04 2023-04-18",9.31,6.53,450,"1994-04-04 2023-04-18",29.43,9.5,450,"1994-04-04 2023-04-18",-8.56,4.39,450,"1994-04-04 2023-04-18",38.19,19.86,450,"1994-04-04 2023-04-18",-2.97,4.02,450,"1994-04-04 2023-04-18",3.44,3.93,450,"1994-04-04 2023-04-18",0.89,2.53,450,"1994-04-04 2023-04-18",0.29,1.34,446,"1994-04-04 2023-04-18",0.74,2.41,445,"1994-04-04 2023-04-18",1.3,3.12,392,"1994-04-04 2023-04-16",,,,
2024-04-10,-2.68,3.93,450,"1994-04-03 2023-04-17",80.04,15.2,450,"1994-04-03 2023-04-17",8.96,6.66,450,"1994-04-03 2023-04-17",29.38,9.55,450,"1994-04-03 2023-04-17",-8.7,4.36,450,"1994-04-03 2023-04-17",38.91,20.11,450,"1994-04-03 2023-04-17",-3.22,4.15,450,"1994-04-03 2023-04-17",3.49,3.84,450,"1994-04-03 2023-04-17",0.85,2.48,450,"1994-04-03 2023-04-17",0.27,1.33,445,"1994-04-03 2023-04-17",0.71,2.28,444,"1994-04-03 2023-04-17",1.5,3.59,394,"1994-04-03 2023-04-16",,,,
2024-04-09,-2.87,4.07,450,"1994-04-02 2023-04-16",80.43,15.01,450,"1994-04-02 2023-04-16",8.56,6.76,450,"1994-04-02 2023-04-16",29.46,9.56,450,"1994-04-02 2023-04-16",-8.86,4.47,450,"1994-04-02 2023-04-16",39.49,20.35,450,"1994-04-02 2023-04-16",-3.46,4.25,450,"1994-04-02 2023-04-16",3.59,3.94,450,"1994-04-02 2023-04-16",0.92,2.65,450,"1994-04-02 2023-04-16",0.27,1.33,445,"1994-04-02 2023-04-16",0.81,2.57,444,"1994-04-02 2023-04-16",1.6,3.77,397,"1994-04-02 2023-04-16",,,,
2024-04-08,-2.92,4.2,450,"1994-04-01 2023-04-15",80.81,14.78,450,"1994-04-01 2023-04-15",8.25,6.77,450,"1994-04-01 2023-04-15",29.82,9.94,450,"1994-04-01 2023-04-15",-8.99,4.61,450,"1994-04-01 2023-04-15",39.9,20.35,450,"1994-04-01 2023-04-15",-3.57,4.37,450,"1994-04-01 2023-04-15",3.59,3.93,450,"1994-04-01 2023-04-15",0.93,2.66,450,"1994-04-01 2023-04-15",0.28,1.33,445,"1994-04-01 2023-04-15",0.82,2.57,444,"1994-04-01 2023-04-15",1.7,3.88,398,"1994-04-01 2023-04-15",,,,
2024-04-07,-2.97,4.28,450,"1994-03-31 2023-04-14",80.65,14.9,450,"1994-03-31 2023-04-14",8.24,6.87,450,"1994-03-31 2023-04-14",29.99,10.12,450,"1994-03-31 2023-04-14",-9.09,4.69,450,"1994-03-31 2023-04-14",39.88,20.42,450,"1994-03-31 2023-04-14",-3.63,4.5,450,"1994-03-31 2023-04-14",3.64,3.98,450,"1994-03-31 2023-04-14",0.93,2.65,450,"1994-03-31 2023-04-14",0.28,1.34,443,"1994-03-31 2023-04-14",0.82,2.57,443,"1994-03-31 2023-04-14",1.7,3.89,398,"1994-03-31 2023-04-14",,,,
2024-04-06,-3.05,4.26,450,"1994-03-30 2023-04-13",80.34,14.87,450,"1994-03-30 2023-04-13",8.26,7.01,450,"1994-03-30 2023-04-13",29.77,9.92,450,"1994-03-30 2023-04-13",-9.17,4.62,450,"1994-03-30 2023-04-13",39.84,20.54,450,"1994-03-30 2023-04-13",-3.76,4.58,450,"1994-03-30 2023-04-13",3.58,4.01,450,"1994-03-30 2023-04-13",0.86,2.5,450,"1994-03-30 2023-04-13",0.26,1.32,444,"1994-03-30 2023-04-13",0.79,2.41,444,"1994-03-30 2023-04-13",1.8,3.86,398,"1994-03-30 2023-04-13",,,,
2024-04-05,-3.17,4.2,450,"1994-03-29 2023-04-12",80.34,14.58,450,"1994-03-29 2023-04-12",8.2,7.04,450,"1994-03-29 2023-04-12",29.7,10,450,"1994-03-29 2023-04-12",-9.29,4.52,450,"1994-03-29 2023-04-12",39.48,20.12,450,"1994-03-29 2023-04-12",-3.92,4.55,450,"1994-03-29 2023-04-12",3.54,4.03,450,"1994-03-29 2023-04-12",0.76,2.35,450,"1994-03-29 2023-04-12",0.2,1.07,443,"1994-03-29 2023-04-12",0.74,2.34,444,"1994-03-29 2023-04-12",1.9,3.94,399,"1994-03-29 2023-04-12",,,,
2024-04-04,-3.22,4.16,450,"1994-03-28 2023-04-11",80.5,14.5,450,"1994-03-28 2023-04-11",8.05,6.98,450,"1994-03-28 2023-04-11",29.8,10.17,450,"1994-03-28 2023-04-11",-9.36,4.48,450,"1994-03-28 2023-04-11",39.57,20.01,450,"1994-03-28 2023-04-11",-3.99,4.61,450,"1994-03-28 2023-04-11",3.55,4,450,"1994-03-28 2023-04-11",0.69,1.96,450,"1994-03-28 2023-04-11",0.18,0.96,441,"1994-03-28 2023-04-11",0.7,2.21,442,"1994-03-28 2023-04-11",2,4.04,401,"1994-03-28 2023-04-11",,,,
2024-04-03,-3.3,4.12,450,"1994-03-27 2023-04-10",80.61,14.39,450,"1994-03-27 2023-04-10",7.84,6.99,450,"1994-03-27 2023-04-10",29.58,10.23,450,"1994-03-27 2023-04-10",-9.44,4.43,450,"1994-03-27 2023-04-10",39.84,20.09,450,"1994-03-27 2023-04-10",-4.1,4.65,450,"1994-03-27 2023-04-10",3.54,4.03,450,"1994-03-27 2023-04-10",0.69,1.97,450,"1994-03-27 2023-04-10",0.17,0.96,440,"1994-03-27 2023-04-10",0.72,2.25,441,"1994-03-27 2023-04-10",2.1,4.13,403,"1994-03-27 2023-04-10",,,,
2024-04-02,-3.38,4.08,450,"1994-03-26 2023-04-09",80.91,14.27,450,"1994-03-26 2023-04-09",7.64,7.02,450,"1994-03-26 2023-04-09",29.65,10.22,450,"1994-03-26 2023-04-09",-9.53,4.37,450,"1994-03-26 2023-04-09",39.94,19.97,450,"1994-03-26 2023-04-09",-4.31,4.68,450,"1994-03-26 2023-04-09",3.42,3.97,450,"1994-03-26 2023-04-09",0.66,1.84,450,"1994-03-26 2023-04-09",0.15,0.93,439,"1994-03-26 2023-04-09",0.7,2.01,440,"1994-03-26 2023-04-09",2.3,4.2,407,"1994-03-26 2023-04-09",,,,
2024-04-01,-3.54,4.05,450,"1994-03-25 2023-04-08",81.08,14.36,450,"1994-03-25 2023-04-08",7.36,7.01,450,"1994-03-25 2023-04-08",29.52,10.1,450,"1994-03-25 2023-04-08",-9.7,4.41,450,"1994-03-25 2023-04-08",40.33,20.23,450,"1994-03-25 2023-04-08",-4.52,4.73,450,"1994-03-25 2023-04-08",3.44,3.88,450,"1994-03-25 2023-04-08",0.6,1.75,450,"1994-03-25 2023-04-08",0.12,0.79,440,"1994-03-25 2023-04-08",0.68,2,441,"1994-03-25 2023-04-08",2.4,4.3,410,"1994-03-25 2023-04-08",,,,
2024-03-31,-3.74,4.04,450,"1994-03-24 2023-04-07",81.71,14.1,450,"1994-03-24 2023-04-07",6.88,7.03,450,"1994-03-24 2023-04-07",29.36,9.85,450,"1994-03-24 2023-04-07",-9.87,4.47,450,"1994-03-24 2023-04-07",41.24,20.55,450,"1994-03-24 2023-04-07",-4.84,4.78,450,"1994-03-24 2023-04-07",3.4,3.89,450,"1994-03-24 2023-04-07",0.54,1.61,450,"1994-03-24 2023-04-07",0.09,0.74,442,"1994-03-24 2023-04-07",0.65,1.94,442,"1994-03-24 2023-04-07",2.5,4.47,415,"1994-03-24 2023-04-07",,,,
2024-03-30,-3.91,4.07,450,"1994-03-23 2023-04-06",82.24,13.73,450,"1994-03-23 2023-04-06",6.48,7.1,450,"1994-03-23 2023-04-06",29.34,10.06,450,"1994-03-23 2023-04-06",-10.02,4.54,450,"1994-03-23 2023-04-06",41.94,21.04,450,"1994-03-23 2023-04-06",-5.05,4.9,450,"1994-03-23 2023-04-06",3.33,3.92,450,"1994-03-23 2023-04-06",0.51,1.52,450,"1994-03-23 2023-04-06",0.06,0.48,442,"1994-03-23 2023-04-06",0.66,1.96,442,"1994-03-23 2023-04-06",2.7,4.75,417,"1994-03-23 2023-04-06",,,,
2024-03-29,-3.95,4.08,450,"1994-03-22 2023-04-05",82.74,13.26,450,"1994-03-22 2023-04-05",6.25,7.16,450,"1994-03-22 2023-04-05",29.14,10.07,450,"1994-03-22 2023-04-05",-10.13,4.57,450,"1994-03-22 2023-04-05",42.46,21.04,450,"1994-03-22 2023-04-05",-5.26,4.88,450,"1994-03-22 2023-04-05",3.31,3.89,450,"1994-03-22 2023-04-05",0.6,1.78,450,"1994-03-22 2023-04-05",0.06,0.45,442,"1994-03-22 2023-04-05",0.77,2.24,443,"1994-03-22 2023-04-05",2.8,4.81,419,"1994-03-22 2023-04-05",,,,
2024-03-28,-4.05,4.16,450,"1994-03-21 2023-04-04",82.57,13.42,450,"1994-03-21 2023-04-04",6.14,7.2,450,"1994-03-21 2023-04-04",29.34,10.19,450,"1994-03-21 2023-04-04",-10.26,4.62,450,"1994-03-21 2023-04-04",42.68,21.12,450,"1994-03-21 2023-04-04",-5.38,4.97,450,"1994-03-21 2023-04-04",3.31,3.94,450,"1994-03-21 2023-04-04",0.57,1.75,450,"1994-03-21 2023-04-04",0.04,0.19,441,"1994-03-21 2023-04-04",0.76,2.26,442,"1994-03-21 2023-04-04",2.8,4.83,422,"1994-03-21 2023-04-04",,,,
2024-03-27,-4.09,4.24,450,"1994-03-20 2023-04-03",82.33,13.28,450,"1994-03-20 2023-04-03",6.12,7.26,450,"1994-03-20 2023-04-03",29.22,10.25,450,"1994-03-20 2023-04-03",-10.41,4.67,450,"1994-03-20 2023-04-03",42.39,21.28,450,"1994-03-20 2023-04-03",-5.49,4.99,450,"1994-03-20 2023-04-03",3.27,3.93,450,"1994-03-20 2023-04-03",0.58,1.76,450,"1994-03-20 2023-04-03",0.03,0.18,441,"1994-03-20 2023-04-03",0.77,2.26,442,"1994-03-20 2023-04-03",2.8,4.86,424,"1994-03-20 2023-04-03",,,,
2024-03-26,-4.12,4.31,450,"1994-03-19 2023-04-02",82.31,13.15,450,"1994-03-19 2023-04-02",6.1,7.28,450,"1994-03-19 2023-04-02",29.13,10.3,450,"1994-03-19 2023-04-02",-10.52,4.71,450,"1994-03-19 2023-04-02",41.94,21.12,450,"1994-03-19 2023-04-02",-5.52,5.01,450,"1994-03-19 2023-04-02",3.21,3.91,450,"1994-03-19 2023-04-02",0.58,1.76,450,"1994-03-19 2023-04-02",0.03,0.18,442,"1994-03-19 2023-04-02",0.77,2.24,443,"1994-03-19 2023-04-02",2.7,4.8,425,"1994-03-19 2023-04-02",,,,
2024-03-25,-4.13,4.28,450,"1994-03-18 2023-04-01",82.33,13.14,450,"1994-03-18 2023-04-01",6.06,7.25,450,"1994-03-18 2023-04-01",28.94,10.13,450,"1994-03-18 2023-04-01",-10.54,4.64,450,"1994-03-18 2023-04-01",41.93,20.77,450,"1994-03-18 2023-04-01",-5.63,5.02,450,"1994-03-18 2023-04-01",3.02,3.79,450,"1994-03-18 2023-04-01",0.52,1.48,450,"1994-03-18 2023-04-01",0.04,0.2,441,"1994-03-18 2023-04-01",0.68,1.92,443,"1994-03-18 2023-04-01",2.8,5.01,427,"1994-03-18 2023-04-01",,,,
2024-03-24,-4.24,4.26,450,"1994-03-17 2023-03-31",82.28,13.18,450,"1994-03-17 2023-03-31",5.91,7.26,450,"1994-03-17 2023-03-31",28.7,9.8,450,"1994-03-17 2023-03-31",-10.6,4.58,450,"1994-03-17 2023-03-31",42.16,20.75,450,"1994-03-17 2023-03-31",-5.77,5.03,450,"1994-03-17 2023-03-31",2.94,3.73,450,"1994-03-17 2023-03-31",0.5,1.5,450,"1994-03-17 2023-03-31",0.03,0.17,441,"1994-03-17 2023-03-31",0.69,1.99,443,"1994-03-17 2023-03-31",2.9,5.17,430,"1994-03-17 2023-03-31",,,,
2024-03-23,-4.3,4.25,450,"1994-03-16 2023-03-30",82.54,12.87,450,"1994-03-16 2023-03-30",5.63,7.21,450,"1994-03-16 2023-03-30",28.44,9.69,450,"1994-03-16 2023-03-30",-10.64,4.57,450,"1994-03-16 2023-03-30",42.89,21.05,450,"1994-03-16 2023-03-30",-5.95,5.01,450,"1994-03-16 2023-03-30",2.83,3.69,450,"1994-03-16 2023-03-30",0.57,1.92,450,"1994-03-16 2023-03-30",0.03,0.25,443,"1994-03-16 2023-03-30",0.75,2.27,444,"1994-03-16 2023-03-30",2.9,5.15,433,"1994-03-16 2023-03-30",,,,
2024-03-22,-4.35,4.34,450,"1994-03-15 2023-03-29",82.91,12.68,450,"1994-03-15 2023-03-29",5.41,7.1,450,"1994-03-15 2023-03-29",28.22,9.77,450,"1994-03-15 2023-03-29",-10.71,4.68,450,"1994-03-15 2023-03-29",43.21,20.83,450,"1994-03-15 2023-03-29",-6.15,5.08,450,"1994-03-15 2023-03-29",2.76,3.64,450,"1994-03-15 2023-03-29",0.55,1.91,450,"1994-03-15 2023-03-29",0.03,0.25,443,"1994-03-15 2023-03-29",0.71,2.18,444,"1994-03-15 2023-03-29",2.9,5.16,435,"1994-03-15 2023-03-29",,,,
2024-03-21,-4.37,4.52,450,"1994-03-14 2023-03-28",83.06,12.65,450,"1994-03-14 2023-03-28",5.25,7.15,450,"1994-03-14 2023-03-28",28.21,9.69,450,"1994-03-14 2023-03-28",-10.81,4.84,450,"1994-03-14 2023-03-28",43.67,20.74,450,"1994-03-14 2023-03-28",-6.22,5.31,450,"1994-03-14 2023-03-28",2.74,3.57,450,"1994-03-14 2023-03-28",0.57,1.93,450,"1994-03-14 2023-03-28",0.04,0.25,443,"1994-03-14 2023-03-28",0.72,2.2,444,"1994-03-14 2023-03-28",3,5.19,436,"1994-03-14 2023-03-28",,,,
2024-03-20,-4.41,4.55,450,"1994-03-13 2023-03-27",82.99,12.57,450,"1994-03-13 2023-03-27",5.19,7.27,450,"1994-03-13 2023-03-27",28.23,9.91,450,"1994-03-13 2023-03-27",-10.93,4.91,450,"1994-03-13 2023-03-27",43.92,20.63,450,"1994-03-13 2023-03-27",-6.41,5.43,450,"1994-03-13 2023-03-27",2.73,3.63,450,"1994-03-13 2023-03-27",0.58,1.96,450,"1994-03-13 2023-03-27",0.03,0.25,444,"1994-03-13 2023-03-27",0.74,2.23,445,"1994-03-13 2023-03-27",3.1,5.23,436,"1994-03-13 2023-03-27",,,,
2024-03-19,-4.53,4.65,450,"1994-03-12 2023-03-26",82.8,12.86,450,"1994-03-12 2023-03-26",5.12,7.41,450,"1994-03-12 2023-03-26",28.56,10.11,450,"1994-03-12 2023-03-26",-11.06,4.96,450,"1994-03-12 2023-03-26",43.99,20.57,450,"1994-03-12 2023-03-26",-6.54,5.56,450,"1994-03-12 2023-03-26",2.82,3.73,450,"1994-03-12 2023-03-26",0.58,1.94,450,"1994-03-12 2023-03-26",0.03,0.25,445,"1994-03-12 2023-03-26",0.74,2.21,446,"1994-03-12 2023-03-26",3.1,5.26,437,"1994-03-12 2023-03-26",,,,
2024-03-18,-4.64,4.83,450,"1994-03-11 2023-03-25",82.6,12.86,450,"1994-03-11 2023-03-25",5,7.7,450,"1994-03-11 2023-03-25",28.51,10.17,450,"1994-03-11 2023-03-25",-11.3,5.14,450,"1994-03-11 2023-03-25",44.14,20.57,450,"1994-03-11 2023-03-25",-6.74,5.81,450,"1994-03-11 2023-03-25",2.91,3.8,450,"1994-03-11 2023-03-25",0.55,1.91,450,"1994-03-11 2023-03-25",0.03,0.26,446,"1994-03-11 2023-03-25",0.7,2.18,447,"1994-03-11 2023-03-25",3.1,5.31,437,"1994-03-11 2023-03-25",,,,
2024-03-17,-4.87,5.17,450,"1994-03-10 2023-03-24",82.42,12.57,450,"1994-03-10 2023-03-24",4.74,8.06,450,"1994-03-10 2023-03-24",28.53,10.21,450,"1994-03-10 2023-03-24",-11.55,5.37,450,"1994-03-10 2023-03-24",44.11,20.33,450,"1994-03-10 2023-03-24",-7.02,6.08,450,"1994-03-10 2023-03-24",2.8,3.74,450,"1994-03-10 2023-03-24",0.57,1.94,450,"1994-03-10 2023-03-24",0.03,0.26,445,"1994-03-10 2023-03-24",0.71,2.19,446,"1994-03-10 2023-03-24",3.2,5.32,437,"1994-03-10 2023-03-24",,,,
2024-03-16,-5.12,5.49,450,"1994-03-09 2023-03-23",81.92,12.55,450,"1994-03-09 2023-03-23",4.62,8.39,450,"1994-03-09 2023-03-23",28.62,10.25,450,"1994-03-09 2023-03-23",-11.9,5.62,450,"1994-03-09 2023-03-23",43.42,19.98,450,"1994-03-09 2023-03-23",-7.28,6.39,450,"1994-03-09 2023-03-23",2.68,3.68,450,"1994-03-09 2023-03-23",0.58,1.95,450,"1994-03-09 2023-03-23",0.03,0.26,444,"1994-03-09 2023-03-23",0.73,2.2,445,"1994-03-09 2023-03-23",3.3,5.27,436,"1994-03-09 2023-03-23",,,,
2024-03-15,-5.37,5.76,450,"1994-03-08 2023-03-22",81.39,12.46,450,"1994-03-08 2023-03-22",4.36,8.66,450,"1994-03-08 2023-03-22",28.62,10.23,450,"1994-03-08 2023-03-22",-12.23,5.88,450,"1994-03-08 2023-03-22",43.28,19.62,450,"1994-03-08 2023-03-22",-7.57,6.71,450,"1994-03-08 2023-03-22",2.74,3.68,450,"1994-03-08 2023-03-22",0.57,1.93,450,"1994-03-08 2023-03-22",0.03,0.26,444,"1994-03-08 2023-03-22",0.71,2.15,445,"1994-03-08 2023-03-22",3.4,5.11,437,"1994-03-08 2023-03-22",,,,
2024-03-14,-5.74,6.06,450,"1994-03-07 2023-03-21",81.05,12.27,450,"1994-03-07 2023-03-21",4.03,9,450,"1994-03-07 2023-03-21",28.62,10.3,450,"1994-03-07 2023-03-21",-12.65,6.2,450,"1994-03-07 2023-03-21",43.08,19.28,450,"1994-03-07 2023-03-21",-8.02,7.05,450,"1994-03-07 2023-03-21",2.72,3.66,450,"1994-03-07 2023-03-21",0.5,1.71,450,"1994-03-07 2023-03-21",0.03,0.25,444,"1994-03-07 2023-03-21",0.63,1.9,445,"1994-03-07 2023-03-21",3.5,5.14,438,"1994-03-07 2023-03-21",,,,
2024-03-13,-6.1,6.35,450,"1994-03-06 2023-03-20",81.16,11.78,450,"1994-03-06 2023-03-20",3.53,9.39,450,"1994-03-06 2023-03-20",28.2,10.29,450,"1994-03-06 2023-03-20",-13.07,6.48,450,"1994-03-06 2023-03-20",43.48,19.09,450,"1994-03-06 2023-03-20",-8.53,7.35,450,"1994-03-06 2023-03-20",2.61,3.57,450,"1994-03-06 2023-03-20",0.51,1.72,450,"1994-03-06 2023-03-20",0.03,0.25,445,"1994-03-06 2023-03-20",0.64,1.91,446,"1994-03-06 2023-03-20",3.6,5.2,438,"1994-03-06 2023-03-20",,,,
2024-03-12,-6.47,6.47,450,"1994-03-05 2023-03-19",81.27,11.63,450,"1994-03-05 2023-03-19",3.01,9.62,450,"1994-03-05 2023-03-19",27.91,10.41,450,"1994-03-05 2023-03-19",-13.42,6.73,450,"1994-03-05 2023-03-19",44.52,19.13,450,"1994-03-05 2023-03-19",-8.98,7.63,450,"1994-03-05 2023-03-19",2.59,3.5,450,"1994-03-05 2023-03-19",0.53,1.77,450,"1994-03-05 2023-03-19",0.03,0.25,445,"1994-03-05 2023-03-19",0.68,1.99,446,"1994-03-05 2023-03-19",3.8,5.18,439,"1994-03-05 2023-03-19",,,,
2024-03-11,-6.75,6.64,450,"1994-03-04 2023-03-18",81.59,11.43,450,"1994-03-04 2023-03-18",2.52,9.75,450,"1994-03-04 2023-03-18",27.88,10.47,450,"1994-03-04 2023-03-18",-13.71,6.92,450,"1994-03-04 2023-03-18",45.37,19.2,450,"1994-03-04 2023-03-18",-9.41,7.76,450,"1994-03-04 2023-03-18",2.57,3.46,450,"1994-03-04 2023-03-18",0.54,1.77,450,"1994-03-04 2023-03-18",0.03,0.25,445,"1994-03-04 2023-03-18",0.69,1.99,446,"1994-03-04 2023-03-18",3.9,5.12,441,"1994-03-04 2023-03-18",,,,
2024-03-10,-7,6.76,450,"1994-03-03 2023-03-17",81.46,11.4,450,"1994-03-03 2023-03-17",2.12,9.84,450,"1994-03-03 2023-03-17",27.95,10.73,450,"1994-03-03 2023-03-17",-13.95,7.03,450,"1994-03-03 2023-03-17",46.02,19.49,450,"1994-03-03 2023-03-17",-9.61,7.89,450,"1994-03-03 2023-03-17",2.65,3.49,450,"1994-03-03 2023-03-17",0.6,1.85,450,"1994-03-03 2023-03-17",0.03,0.3,445,"1994-03-03 2023-03-17",0.77,2.11,446,"1994-03-03 2023-03-17",3.9,4.87,442,"1994-03-03 2023-03-17",,,,
2024-03-09,-7.14,6.89,450,"1994-03-02 2023-03-16",81.59,11.36,450,"1994-03-02 2023-03-16",1.87,9.96,450,"1994-03-02 2023-03-16",28.03,10.85,450,"1994-03-02 2023-03-16",-14.13,7.17,450,"1994-03-02 2023-03-16",46.52,19.45,450,"1994-03-02 2023-03-16",-9.88,8.02,450,"1994-03-02 2023-03-16",2.78,3.54,450,"1994-03-02 2023-03-16",0.62,1.87,450,"1994-03-02 2023-03-16",0.04,0.3,444,"1994-03-02 2023-03-16",0.8,2.13,445,"1994-03-02 2023-03-16",4,4.65,443,"1994-03-02 2023-03-16",,,,
2024-03-08,-7.37,7.03,450,"1994-03-01 2023-03-15",81.57,11.21,450,"1994-03-01 2023-03-15",1.63,10.12,450,"1994-03-01 2023-03-15",27.96,10.8,450,"1994-03-01 2023-03-15",-14.38,7.28,450,"1994-03-01 2023-03-15",46.4,19.09,450,"1994-03-01 2023-03-15",-10.16,8.14,450,"1994-03-01 2023-03-15",2.77,3.51,450,"1994-03-01 2023-03-15",0.54,1.44,450,"1994-03-01 2023-03-15",0.02,0.23,444,"1994-03-01 2023-03-15",0.74,1.82,445,"1994-03-01 2023-03-15",4,4.64,443,"1994-03-01 2023-03-15",,,,
2024-03-07,-7.63,6.99,450,"1994-02-28 2023-03-14",81.19,11.18,450,"1994-02-28 2023-03-14",1.35,10.11,450,"1994-02-28 2023-03-14",27.94,10.76,450,"1994-02-28 2023-03-14",-14.71,7.27,450,"1994-02-28 2023-03-14",46.55,18.97,450,"1994-02-28 2023-03-14",-10.47,8.12,450,"1994-02-28 2023-03-14",2.77,3.57,450,"1994-02-28 2023-03-14",0.55,1.44,450,"1994-02-28 2023-03-14",0.02,0.23,444,"1994-02-28 2023-03-14",0.76,1.84,445,"1994-02-28 2023-03-14",4.1,4.6,443,"1994-02-28 2023-03-14",,,,
2024-03-06,-7.93,6.91,450,"1994-02-27 2023-03-13",81.04,11.25,450,"1994-02-27 2023-03-13",0.96,9.97,450,"1994-02-27 2023-03-13",27.59,10.8,450,"1994-02-27 2023-03-13",-14.99,7.22,450,"1994-02-27 2023-03-13",46.87,18.72,450,"1994-02-27 2023-03-13",-10.83,8.03,450,"1994-02-27 2023-03-13",2.68,3.53,450,"1994-02-27 2023-03-13",0.54,1.4,450,"1994-02-27 2023-03-13",0.02,0.22,445,"1994-02-27 2023-03-13",0.75,1.81,446,"1994-02-27 2023-03-13",4.2,4.58,444,"1994-02-27 2023-03-13",,,,
2024-03-05,-8.28,6.92,450,"1994-02-26 2023-03-12",80.94,11.07,450,"1994-02-26 2023-03-12",0.45,9.9,450,"1994-02-26 2023-03-12",27.13,10.55,450,"1994-02-26 2023-03-12",-15.33,7.21,450,"1994-02-26 2023-03-12",47.34,18.79,450,"1994-02-26 2023-03-12",-11.22,8.01,450,"1994-02-26 2023-03-12",2.64,3.43,450,"1994-02-26 2023-03-12",0.55,1.37,450,"1994-02-26 2023-03-12",0.02,0.22,446,"1994-02-26 2023-03-12",0.76,1.78,447,"1994-02-26 2023-03-12",4.2,4.53,444,"1994-02-26 2023-03-12",,,,
2024-03-04,-8.67,7.04,450,"1994-02-25 2023-03-11",80.89,10.69,450,"1994-02-25 2023-03-11",-0.1,9.89,450,"1994-02-25 2023-03-11",26.66,10.33,450,"1994-02-25 2023-03-11",-15.76,7.36,450,"1994-02-25 2023-03-11",47.74,18.57,450,"1994-02-25 2023-03-11",-11.74,8.07,450,"1994-02-25 2023-03-11",2.57,3.36,450,"1994-02-25 2023-03-11",0.53,1.36,450,"1994-02-25 2023-03-11",0.02,0.22,446,"1994-02-25 2023-03-11",0.73,1.74,446,"1994-02-25 2023-03-11",4.3,4.5,444,"1994-02-25 2023-03-11",,,,
2024-03-03,-9.03,7.1,450,"1994-02-24 2023-03-10",80.87,10.62,450,"1994-02-24 2023-03-10",-0.54,9.88,450,"1994-02-24 2023-03-10",26.45,10.36,450,"1994-02-24 2023-03-10",-16.03,7.46,450,"1994-02-24 2023-03-10",47.99,18.43,450,"1994-02-24 2023-03-10",-12.07,8.12,450,"1994-02-24 2023-03-10",2.5,3.3,450,"1994-02-24 2023-03-10",0.56,1.39,450,"1994-02-24 2023-03-10",0.01,0.21,445,"1994-02-24 2023-03-10",0.8,1.84,445,"1994-02-24 2023-03-10",4.4,4.48,444,"1994-02-24 2023-03-10",,,,
2024-03-02,-9.18,7.09,450,"1994-02-23 2023-03-09",80.93,10.6,450,"1994-02-23 2023-03-09",-0.85,9.79,450,"1994-02-23 2023-03-09",26.29,10.38,450,"1994-02-23 2023-03-09",-16.22,7.46,450,"1994-02-23 2023-03-09",48.54,18.37,450,"1994-02-23 2023-03-09",-12.27,8.11,450,"1994-02-23 2023-03-09",2.5,3.31,450,"1994-02-23 2023-03-09",0.58,1.35,450,"1994-02-23 2023-03-09",0.01,0.21,445,"1994-02-23 2023-03-09",0.83,1.85,445,"1994-02-23 2023-03-09",4.4,4.49,445,"1994-02-23 2023-03-09",,,,
2024-03-01,-9.27,7,450,"1994-02-22 2023-03-08",81.09,10.65,450,"1994-02-22 2023-03-08",-1.06,9.58,450,"1994-02-22 2023-03-08",25.96,10.18,450,"1994-02-22 2023-03-08",-16.22,7.38,450,"1994-02-22 2023-03-08",49.07,18.21,450,"1994-02-22 2023-03-08",-12.36,7.98,450,"1994-02-22 2023-03-08",2.55,3.3,450,"1994-02-22 2023-03-08",0.62,1.44,450,"1994-02-22 2023-03-08",0.01,0.21,445,"1994-02-22 2023-03-08",0.88,1.96,446,"1994-02-22 2023-03-08",4.2,4.47,446,"1994-02-22 2023-03-08",,,,
2024-02-29,-9.26,6.98,450,"1994-02-22 2023-03-08",81.13,10.66,450,"1994-02-22 2023-03-08",-1.04,9.53,450,"1994-02-22 2023-03-08",25.9,10.14,450,"1994-02-22 2023-03-08",-16.21,7.34,450,"1994-02-22 2023-03-08",48.93,18.16,450,"1994-02-22 2023-03-08",-12.34,7.93,450,"1994-02-22 2023-03-08",2.49,3.29,450,"1994-02-22 2023-03-08",0.62,1.44,450,"1994-02-22 2023-03-08",0.01,0.21,445,"1994-02-22 2023-03-08",0.87,1.96,446,"1994-02-22 2023-03-08",4.2,4.48,446,"1994-02-22 2023-03-08",,,,
2024-02-28,-9.22,6.92,450,"1994-02-21 2023-03-07",81.19,10.91,450,"1994-02-21 2023-03-07",-0.91,9.38,450,"1994-02-21 2023-03-07",25.86,10.16,450,"1994-02-21 2023-03-07",-16.11,7.24,450,"1994-02-21 2023-03-07",48.71,18.01,450,"1994-02-21 2023-03-07",-12.24,7.83,450,"1994-02-21 2023-03-07",2.46,3.3,450,"1994-02-21 2023-03-07",0.61,1.44,450,"1994-02-21 2023-03-07",0.01,0.21,445,"1994-02-21 2023-03-07",0.87,1.97,446,"1994-02-21 2023-03-07",4,4.45,447,"1994-02-21 2023-03-07",,,,
2024-02-27,-9.15,6.77,450,"1994-02-20 2023-03-06",81.22,11.21,450,"1994-02-20 2023-03-06",-0.78,9.19,450,"1994-02-20 2023-03-06",25.84,10.04,450,"1994-02-20 2023-03-06",-16.01,7.09,450,"1994-02-20 2023-03-06",48.76,18.18,450,"1994-02-20 2023-03-06",-12.14,7.71,450,"1994-02-20 2023-03-06",2.42,3.24,450,"1994-02-20 2023-03-06",0.62,1.53,450,"1994-02-20 2023-03-06",0.01,0.2,445,"1994-02-20 2023-03-06",0.86,2.01,445,"1994-02-20 2023-03-06",3.9,4.41,447,"1994-02-20 2023-03-06",,,,
2024-02-26,-8.94,6.66,450,"1994-02-19 2023-03-05",81.23,11.48,450,"1994-02-19 2023-03-05",-0.5,8.99,450,"1994-02-19 2023-03-05",25.97,10.09,450,"1994-02-19 2023-03-05",-15.77,6.96,450,"1994-02-19 2023-03-05",48.27,18.14,450,"1994-02-19 2023-03-05",-11.88,7.6,450,"1994-02-19 2023-03-05",2.48,3.28,450,"1994-02-19 2023-03-05",0.6,1.49,450,"1994-02-19 2023-03-05",0.01,0.2,444,"1994-02-19 2023-03-05",0.84,1.98,444,"1994-02-19 2023-03-05",3.8,4.37,447,"1994-02-19 2023-03-05",,,,
2024-02-25,-8.82,6.61,450,"1994-02-18 2023-03-04",81.08,11.49,450,"1994-02-18 2023-03-04",-0.33,8.87,450,"1994-02-18 2023-03-04",26.08,9.88,450,"1994-02-18 2023-03-04",-15.58,6.84,450,"1994-02-18 2023-03-04",47.86,17.97,450,"1994-02-18 2023-03-04",-11.69,7.48,450,"1994-02-18 2023-03-04",2.4,3.24,450,"1994-02-18 2023-03-04",0.57,1.46,450,"1994-02-18 2023-03-04",0.01,0.2,442,"1994-02-18 2023-03-04",0.8,1.93,443,"1994-02-18 2023-03-04",3.7,4.4,446,"1994-02-18 2023-03-04",,,,
2024-02-24,-8.76,6.54,450,"1994-02-17 2023-03-03",80.86,11.47,450,"1994-02-17 2023-03-03",-0.22,8.75,450,"1994-02-17 2023-03-03",26,9.78,450,"1994-02-17 2023-03-03",-15.52,6.82,450,"1994-02-17 2023-03-03",47.59,17.67,450,"1994-02-17 2023-03-03",-11.59,7.47,450,"1994-02-17 2023-03-03",2.34,3.2,450,"1994-02-17 2023-03-03",0.57,1.48,450,"1994-02-17 2023-03-03",0.01,0.2,441,"1994-02-17 2023-03-03",0.78,1.92,443,"1994-02-17 2023-03-03",3.7,4.47,446,"1994-02-17 2023-03-03",,,,
2024-02-23,-8.77,6.48,450,"1994-02-16 2023-03-02",80.89,11.24,450,"1994-02-16 2023-03-02",-0.13,8.73,450,"1994-02-16 2023-03-02",26.02,9.81,450,"1994-02-16 2023-03-02",-15.61,6.78,450,"1994-02-16 2023-03-02",47.1,17.26,450,"1994-02-16 2023-03-02",-11.67,7.46,450,"1994-02-16 2023-03-02",2.26,3.23,450,"1994-02-16 2023-03-02",0.49,1.35,450,"1994-02-16 2023-03-02",0,0.02,441,"1994-02-16 2023-03-02",0.69,1.77,442,"1994-02-16 2023-03-02",3.7,4.57,446,"1994-02-16 2023-03-02",,,,
2024-02-22,-8.83,6.4,450,"1994-02-15 2023-03-01",80.68,11.25,450,"1994-02-15 2023-03-01",-0.08,8.66,450,"1994-02-15 2023-03-01",26.04,9.84,450,"1994-02-15 2023-03-01",-15.62,6.67,450,"1994-02-15 2023-03-01",46.72,16.94,450,"1994-02-15 2023-03-01",-11.65,7.4,450,"1994-02-15 2023-03-01",2.14,3.13,450,"1994-02-15 2023-03-01",0.48,1.27,450,"1994-02-15 2023-03-01",0,0.02,442,"1994-02-15 2023-03-01",0.68,1.7,443,"1994-02-15 2023-03-01",3.8,4.72,446,"1994-02-15 2023-03-01",,,,
2024-02-21,-8.83,6.28,450,"1994-02-14 2023-02-28",80.74,11.3,450,"1994-02-14 2023-02-28",-0.08,8.51,450,"1994-02-14 2023-02-28",26.19,10.06,450,"1994-02-14 2023-02-28",-15.62,6.66,450,"1994-02-14 2023-02-28",46.72,16.93,450,"1994-02-14 2023-02-28",-11.65,7.35,450,"1994-02-14 2023-02-28",2.2,3.16,450,"1994-02-14 2023-02-28",0.48,1.26,450,"1994-02-14 2023-02-28",0,0.02,442,"1994-02-14 2023-02-28",0.67,1.69,443,"1994-02-14 2023-02-28",3.9,4.82,446,"1994-02-14 2023-02-28",,,,
2024-02-20,-8.75,6.38,450,"1994-02-13 2023-02-27",80.75,11.5,450,"1994-02-13 2023-02-27",0,8.63,450,"1994-02-13 2023-02-27",26.64,10.46,450,"1994-02-13 2023-02-27",-15.52,6.67,450,"1994-02-13 2023-02-27",46.57,16.96,450,"1994-02-13 2023-02-27",-11.49,7.46,450,"1994-02-13 2023-02-27",2.27,3.11,450,"1994-02-13 2023-02-27",0.47,1.25,450,"1994-02-13 2023-02-27",0,0.03,441,"1994-02-13 2023-02-27",0.65,1.66,442,"1994-02-13 2023-02-27",4,5.05,446,"1994-02-13 2023-02-27",,,,
2024-02-19,-8.71,6.44,450,"1994-02-12 2023-02-26",80.36,11.79,450,"1994-02-12 2023-02-26",0.11,8.77,450,"1994-02-12 2023-02-26",26.9,10.47,450,"1994-02-12 2023-02-26",-15.52,6.74,450,"1994-02-12 2023-02-26",46.54,17.27,450,"1994-02-12 2023-02-26",-11.43,7.58,450,"1994-02-12 2023-02-26",2.35,3.15,450,"1994-02-12 2023-02-26",0.47,1.25,450,"1994-02-12 2023-02-26",0,0.02,440,"1994-02-12 2023-02-26",0.66,1.67,441,"1994-02-12 2023-02-26",4.1,5.25,447,"1994-02-12 2023-02-26",,,,
2024-02-18,-8.75,6.55,450,"1994-02-11 2023-02-25",80.21,12.1,450,"1994-02-11 2023-02-25",0.14,8.89,450,"1994-02-11 2023-02-25",27.25,10.69,450,"1994-02-11 2023-02-25",-15.56,6.8,450,"1994-02-11 2023-02-25",46.34,17.33,450,"1994-02-11 2023-02-25",-11.46,7.65,450,"1994-02-11 2023-02-25",2.38,3.18,450,"1994-02-11 2023-02-25",0.45,1.24,450,"1994-02-11 2023-02-25",0,0.02,437,"1994-02-11 2023-02-25",0.63,1.66,439,"1994-02-11 2023-02-25",4.2,5.47,448,"1994-02-11 2023-02-25",,,,
2024-02-17,-8.75,6.56,450,"1994-02-10 2023-02-24",80.04,12.31,450,"1994-02-10 2023-02-24",0.11,8.88,450,"1994-02-10 2023-02-24",27.52,10.56,450,"1994-02-10 2023-02-24",-15.56,6.73,450,"1994-02-10 2023-02-24",46.45,17.33,450,"1994-02-10 2023-02-24",-11.41,7.61,450,"1994-02-10 2023-02-24",2.4,3.2,450,"1994-02-10 2023-02-24",0.46,1.26,450,"1994-02-10 2023-02-24",0,0.02,437,"1994-02-10 2023-02-24",0.64,1.68,440,"1994-02-10 2023-02-24",4.3,5.74,449,"1994-02-10 2023-02-24",,,,
2024-02-16,-8.77,6.61,450,"1994-02-09 2023-02-23",79.89,12.3,450,"1994-02-09 2023-02-23",0.06,8.93,450,"1994-02-09 2023-02-23",27.86,10.97,450,"1994-02-09 2023-02-23",-15.6,6.72,450,"1994-02-09 2023-02-23",46.64,17.37,450,"1994-02-09 2023-02-23",-11.45,7.63,450,"1994-02-09 2023-02-23",2.48,3.22,450,"1994-02-09 2023-02-23",0.45,1.32,450,"1994-02-09 2023-02-23",0,0.02,437,"1994-02-09 2023-02-23",0.6,1.68,440,"1994-02-09 2023-02-23",4.5,5.96,449,"1994-02-09 2023-02-23",,,,
2024-02-15,-8.77,6.58,450,"1994-02-08 2023-02-22",79.79,12.39,450,"1994-02-08 2023-02-22",0.05,8.93,450,"1994-02-08 2023-02-22",27.85,11.01,450,"1994-02-08 2023-02-22",-15.64,6.83,450,"1994-02-08 2023-02-22",46.98,17.6,450,"1994-02-08 2023-02-22",-11.52,7.74,450,"1994-02-08 2023-02-22",2.43,3.2,450,"1994-02-08 2023-02-22",0.47,1.42,450,"1994-02-08 2023-02-22",0,0.03,438,"1994-02-08 2023-02-22",0.64,1.8,441,"1994-02-08 2023-02-22",4.6,6.08,449,"1994-02-08 2023-02-22",,,,
2024-02-14,-8.82,6.63,450,"1994-02-07 2023-02-21",79.71,12.35,450,"1994-02-07 2023-02-21",0.02,9.05,450,"1994-02-07 2023-02-21",27.88,11.07,450,"1994-02-07 2023-02-21",-15.7,6.93,450,"1994-02-07 2023-02-21",47.18,17.87,450,"1994-02-07 2023-02-21",-11.57,7.83,450,"1994-02-07 2023-02-21",2.47,3.2,450,"1994-02-07 2023-02-21",0.46,1.41,450,"1994-02-07 2023-02-21",0,0.03,438,"1994-02-07 2023-02-21",0.63,1.76,440,"1994-02-07 2023-02-21",4.8,6.16,449,"1994-02-07 2023-02-21",,,,
2024-02-13,-8.95,6.66,450,"1994-02-06 2023-02-20",79.59,12.24,450,"1994-02-06 2023-02-20",-0.23,9.1,450,"1994-02-06 2023-02-20",27.94,11.2,450,"1994-02-06 2023-02-20",-15.79,6.98,450,"1994-02-06 2023-02-20",47.85,18.08,450,"1994-02-06 2023-02-20",-11.72,7.87,450,"1994-02-06 2023-02-20",2.53,3.16,450,"1994-02-06 2023-02-20",0.47,1.42,450,"1994-02-06 2023-02-20",0,0.03,438,"1994-02-06 2023-02-20",0.64,1.76,440,"1994-02-06 2023-02-20",4.9,6.21,449,"1994-02-06 2023-02-20",,,,
2024-02-12,-8.97,6.72,450,"1994-02-05 2023-02-19",79.47,12,450,"1994-02-05 2023-02-19",-0.31,9.17,450,"1994-02-05 2023-02-19",27.93,11.24,450,"1994-02-05 2023-02-19",-15.88,6.99,450,"1994-02-05 2023-02-19",48.08,17.86,450,"1994-02-05 2023-02-19",-11.81,7.91,450,"1994-02-05 2023-02-19",2.56,3.31,450,"1994-02-05 2023-02-19",0.45,1.32,450,"1994-02-05 2023-02-19",0,0.03,437,"1994-02-05 2023-02-19",0.64,1.71,440,"1994-02-05 2023-02-19",5,6.19,449,"1994-02-05 2023-02-19",,,,
2024-02-11,-9.12,6.75,450,"1994-02-04 2023-02-18",79.19,11.79,450,"1994-02-04 2023-02-18",-0.38,9.27,450,"1994-02-04 2023-02-18",28.03,11.29,450,"1994-02-04 2023-02-18",-16.07,6.99,450,"1994-02-04 2023-02-18",48.03,17.87,450,"1994-02-04 2023-02-18",-12.01,7.94,450,"1994-02-04 2023-02-18",2.59,3.33,450,"1994-02-04 2023-02-18",0.47,1.34,450,"1994-02-04 2023-02-18",0,0.02,435,"1994-02-04 2023-02-18",0.66,1.72,440,"1994-02-04 2023-02-18",5.1,6.14,449,"1994-02-04 2023-02-18",,,,
2024-02-10,-9.24,6.76,450,"1994-02-03 2023-02-17",79.07,12.05,450,"1994-02-03 2023-02-17",-0.51,9.35,450,"1994-02-03 2023-02-17",27.88,11.35,450,"1994-02-03 2023-02-17",-16.22,7.02,450,"1994-02-03 2023-02-17",48.27,17.92,450,"1994-02-03 2023-02-17",-12.18,8.04,450,"1994-02-03 2023-02-17",2.66,3.36,450,"1994-02-03 2023-02-17",0.51,1.41,450,"1994-02-03 2023-02-17",0,0.02,435,"1994-02-03 2023-02-17",0.7,1.79,440,"1994-02-03 2023-02-17",5.1,6.05,450,"1994-02-03 2023-02-17",,,,
2024-02-09,-9.33,6.78,450,"1994-02-02 2023-02-16",79.02,12.1,450,"1994-02-02 2023-02-16",-0.68,9.4,450,"1994-02-02 2023-02-16",27.81,11.34,450,"1994-02-02 2023-02-16",-16.31,7.06,450,"1994-02-02 2023-02-16",48.69,17.98,450,"1994-02-02 2023-02-16",-12.28,8.06,450,"1994-02-02 2023-02-16",2.68,3.4,450,"1994-02-02 2023-02-16",0.5,1.39,450,"1994-02-02 2023-02-16",0,0.02,435,"1994-02-02 2023-02-16",0.7,1.79,440,"1994-02-02 2023-02-16",5.1,5.94,450,"1994-02-02 2023-02-16",,,,
2024-02-08,-9.39,6.81,450,"1994-02-01 2023-02-15",78.72,12.17,450,"1994-02-01 2023-02-15",-0.77,9.4,450,"1994-02-01 2023-02-15",27.84,11.41,450,"1994-02-01 2023-02-15",-16.4,7.12,450,"1994-02-01 2023-02-15",48.87,17.85,450,"1994-02-01 2023-02-15",-12.39,8.05,450,"1994-02-01 2023-02-15",2.72,3.37,450,"1994-02-01 2023-02-15",0.5,1.4,450,"1994-02-01 2023-02-15",0,0.03,436,"1994-02-01 2023-02-15",0.68,1.78,441,"1994-02-01 2023-02-15",5.1,5.91,450,"1994-02-01 2023-02-15",,,,
2024-02-07,-9.39,6.79,450,"1994-01-31 2023-02-14",78.64,12.28,450,"1994-01-31 2023-02-14",-0.85,9.37,450,"1994-01-31 2023-02-14",28.1,11.58,450,"1994-01-31 2023-02-14",-16.53,7.16,450,"1994-01-31 2023-02-14",49.16,17.68,450,"1994-01-31 2023-02-14",-12.52,8.07,450,"1994-01-31 2023-02-14",2.73,3.39,450,"1994-01-31 2023-02-14",0.51,1.41,450,"1994-01-31 2023-02-14",0,0.03,435,"1994-01-31 2023-02-14",0.7,1.77,441,"1994-01-31 2023-02-14",5.1,5.87,450,"1994-01-31 2023-02-14",,,,
2024-02-06,-9.38,6.81,450,"1994-01-30 2023-02-13",78.18,12.3,450,"1994-01-30 2023-02-13",-0.81,9.45,450,"1994-01-30 2023-02-13",28.43,11.74,450,"1994-01-30 2023-02-13",-16.57,7.2,450,"1994-01-30 2023-02-13",48.7,17.53,450,"1994-01-30 2023-02-13",-12.39,8.26,450,"1994-01-30 2023-02-13",2.66,3.38,450,"1994-01-30 2023-02-13",0.52,1.41,450,"1994-01-30 2023-02-13",0,0.03,435,"1994-01-30 2023-02-13",0.69,1.77,441,"1994-01-30 2023-02-13",5,5.86,450,"1994-01-30 2023-02-13",,,,
2024-02-05,-9.52,6.88,450,"1994-01-29 2023-02-12",77.87,12.33,450,"1994-01-29 2023-02-12",-0.86,9.51,450,"1994-01-29 2023-02-12",28.2,11.6,450,"1994-01-29 2023-02-12",-16.8,7.28,450,"1994-01-29 2023-02-12",48.51,17.5,450,"1994-01-29 2023-02-12",-12.61,8.31,450,"1994-01-29 2023-02-12",2.64,3.39,450,"1994-01-29 2023-02-12",0.52,1.42,450,"1994-01-29 2023-02-12",0,0.02,436,"1994-01-29 2023-02-12",0.71,1.89,442,"1994-01-29 2023-02-12",4.9,5.79,450,"1994-01-29 2023-02-12",,,,
2024-02-04,-9.71,7.08,450,"1994-01-28 2023-02-11",77.9,12.25,450,"1994-01-28 2023-02-11",-1.1,9.63,450,"1994-01-28 2023-02-11",28.13,11.62,450,"1994-01-28 2023-02-11",-16.95,7.39,450,"1994-01-28 2023-02-11",48.48,17.37,450,"1994-01-28 2023-02-11",-12.71,8.38,450,"1994-01-28 2023-02-11",2.56,3.39,450,"1994-01-28 2023-02-11",0.52,1.42,450,"1994-01-28 2023-02-11",0,0.02,436,"1994-01-28 2023-02-11",0.72,1.9,442,"1994-01-28 2023-02-11",4.8,5.74,450,"1994-01-28 2023-02-11",,,,
2024-02-03,-9.71,7.19,450,"1994-01-27 2023-02-10",77.88,12.18,450,"1994-01-27 2023-02-10",-1.02,9.73,450,"1994-01-27 2023-02-10",28.17,11.84,450,"1994-01-27 2023-02-10",-16.96,7.58,450,"1994-01-27 2023-02-10",48.18,17.34,450,"1994-01-27 2023-02-10",-12.69,8.49,450,"1994-01-27 2023-02-10",2.48,3.38,450,"1994-01-27 2023-02-10",0.55,1.54,450,"1994-01-27 2023-02-10",0.01,0.08,439,"1994-01-27 2023-02-10",0.75,2.03,444,"1994-01-27 2023-02-10",4.6,5.6,450,"1994-01-27 2023-02-10",,,,
2024-02-02,-9.58,7.31,450,"1994-01-26 2023-02-09",77.96,12.02,450,"1994-01-26 2023-02-09",-0.89,9.81,450,"1994-01-26 2023-02-09",28,11.94,450,"1994-01-26 2023-02-09",-16.86,7.73,450,"1994-01-26 2023-02-09",48.2,17.32,450,"1994-01-26 2023-02-09",-12.64,8.56,450,"1994-01-26 2023-02-09",2.4,3.31,450,"1994-01-26 2023-02-09",0.53,1.53,450,"1994-01-26 2023-02-09",0.01,0.08,439,"1994-01-26 2023-02-09",0.73,2.01,444,"1994-01-26 2023-02-09",4.4,5.36,450,"1994-01-26 2023-02-09",,,,
2024-02-01,-9.49,7.31,450,"1994-01-25 2023-02-08",78.03,12,450,"1994-01-25 2023-02-08",-0.74,9.83,450,"1994-01-25 2023-02-08",27.74,11.65,450,"1994-01-25 2023-02-08",-16.75,7.83,450,"1994-01-25 2023-02-08",47.95,17.28,450,"1994-01-25 2023-02-08",-12.51,8.6,450,"1994-01-25 2023-02-08",2.29,3.26,450,"1994-01-25 2023-02-08",0.51,1.48,450,"1994-01-25 2023-02-08",0.01,0.08,440,"1994-01-25 2023-02-08",0.71,1.95,445,"1994-01-25 2023-02-08",4.2,5.14,450,"1994-01-25 2023-02-08",,,,
2024-01-31,-9.4,7.4,450,"1994-01-24 2023-02-07",77.99,11.84,450,"1994-01-24 2023-02-07",-0.61,9.87,450,"1994-01-24 2023-02-07",27.74,11.66,450,"1994-01-24 2023-02-07",-16.62,7.84,450,"1994-01-24 2023-02-07",47.81,17.09,450,"1994-01-24 2023-02-07",-12.39,8.57,450,"1994-01-24 2023-02-07",2.32,3.26,450,"1994-01-24 2023-02-07",0.47,1.4,450,"1994-01-24 2023-02-07",0.01,0.08,440,"1994-01-24 2023-02-07",0.66,1.9,445,"1994-01-24 2023-02-07",4.1,5.01,450,"1994-01-24 2023-02-07",,,,
2024-01-30,-9.32,7.36,450,"1994-01-23 2023-02-06",78.08,11.78,450,"1994-01-23 2023-02-06",-0.48,9.84,450,"1994-01-23 2023-02-06",28,11.79,450,"1994-01-23 2023-02-06",-16.52,7.85,450,"1994-01-23 2023-02-06",47.66,16.92,450,"1994-01-23 2023-02-06",-12.32,8.55,450,"1994-01-23 2023-02-06",2.34,3.35,450,"1994-01-23 2023-02-06",0.45,1.32,449,"1994-01-23 2023-02-06",0.01,0.08,440,"1994-01-23 2023-02-06",0.63,1.81,445,"1994-01-23 2023-02-06",4,4.94,450,"1994-01-23 2023-02-06",,,,
2024-01-29,-9.15,7.31,450,"1994-01-22 2023-02-05",78.12,12.05,450,"1994-01-22 2023-02-05",-0.27,9.77,450,"1994-01-22 2023-02-05",28.09,11.77,450,"1994-01-22 2023-02-05",-16.33,7.86,450,"1994-01-22 2023-02-05",47.58,16.9,450,"1994-01-22 2023-02-05",-12.14,8.58,450,"1994-01-22 2023-02-05",2.3,3.42,450,"1994-01-22 2023-02-05",0.43,1.28,449,"1994-01-22 2023-02-05",0.01,0.08,439,"1994-01-22 2023-02-05",0.61,1.77,444,"1994-01-22 2023-02-05",4,4.91,450,"1994-01-22 2023-02-05",,,,
2024-01-28,-9.08,7.22,450,"1994-01-21 2023-02-04",78.27,12.04,450,"1994-01-21 2023-02-04",-0.22,9.65,450,"1994-01-21 2023-02-04",27.97,11.86,450,"1994-01-21 2023-02-04",-16.23,7.83,450,"1994-01-21 2023-02-04",47.6,16.89,450,"1994-01-21 2023-02-04",-12.06,8.52,450,"1994-01-21 2023-02-04",2.24,3.26,450,"1994-01-21 2023-02-04",0.4,1.21,449,"1994-01-21 2023-02-04",0.01,0.08,439,"1994-01-21 2023-02-04",0.57,1.7,444,"1994-01-21 2023-02-04",4,4.94,450,"1994-01-21 2023-02-04",,,,
2024-01-27,-9.04,7.15,450,"1994-01-20 2023-02-03",78.37,12.22,450,"1994-01-20 2023-02-03",-0.26,9.54,450,"1994-01-20 2023-02-03",27.89,11.84,450,"1994-01-20 2023-02-03",-16.2,7.85,450,"1994-01-20 2023-02-03",47.88,16.87,450,"1994-01-20 2023-02-03",-12.01,8.47,450,"1994-01-20 2023-02-03",2.17,3.22,450,"1994-01-20 2023-02-03",0.38,1.18,449,"1994-01-20 2023-02-03",0.01,0.08,441,"1994-01-20 2023-02-03",0.55,1.68,444,"1994-01-20 2023-02-03",4,4.98,450,"1994-01-20 2023-02-03",,,,
2024-01-26,-8.93,7.18,450,"1994-01-19 2023-02-02",78.35,12.13,450,"1994-01-19 2023-02-02",-0.1,9.5,450,"1994-01-19 2023-02-02",27.9,12,450,"1994-01-19 2023-02-02",-16.13,7.84,450,"1994-01-19 2023-02-02",47.69,16.79,450,"1994-01-19 2023-02-02",-11.92,8.44,450,"1994-01-19 2023-02-02",2.08,3.22,450,"1994-01-19 2023-02-02",0.34,1.09,449,"1994-01-19 2023-02-02",0.01,0.08,442,"1994-01-19 2023-02-02",0.51,1.62,444,"1994-01-19 2023-02-02",4,4.99,450,"1994-01-19 2023-02-02",,,,
2024-01-25,-8.83,7.3,450,"1994-01-18 2023-02-01",78.6,12.12,450,"1994-01-18 2023-02-01",0.01,9.58,450,"1994-01-18 2023-02-01",27.94,11.96,450,"1994-01-18 2023-02-01",-16.05,7.91,450,"1994-01-18 2023-02-01",47.55,16.67,450,"1994-01-18 2023-02-01",-11.88,8.51,450,"1994-01-18 2023-02-01",2.05,3.24,450,"1994-01-18 2023-02-01",0.32,1.07,449,"1994-01-18 2023-02-01",0.01,0.08,443,"1994-01-18 2023-02-01",0.49,1.61,444,"1994-01-18 2023-02-01",4,4.99,450,"1994-01-18 2023-02-01",,,,
2024-01-24,-8.81,7.47,450,"1994-01-17 2023-01-31",78.8,12.18,450,"1994-01-17 2023-01-31",-0.04,9.76,450,"1994-01-17 2023-01-31",27.76,12.07,450,"1994-01-17 2023-01-31",-16.03,7.97,450,"1994-01-17 2023-01-31",47.75,16.78,450,"1994-01-17 2023-01-31",-11.86,8.56,450,"1994-01-17 2023-01-31",2.09,3.31,450,"1994-01-17 2023-01-31",0.32,1.06,449,"1994-01-17 2023-01-31",0.01,0.08,443,"1994-01-17 2023-01-31",0.51,1.64,444,"1994-01-17 2023-01-31",4.1,5.01,450,"1994-01-17 2023-01-31",,,,
2024-01-23,-8.93,7.61,450,"1994-01-16 2023-01-30",78.71,12.15,450,"1994-01-16 2023-01-30",-0.18,9.94,450,"1994-01-16 2023-01-30",27.16,11.75,450,"1994-01-16 2023-01-30",-16.07,8.06,450,"1994-01-16 2023-01-30",47.89,17.07,450,"1994-01-16 2023-01-30",-11.9,8.63,450,"1994-01-16 2023-01-30",2.06,3.35,450,"1994-01-16 2023-01-30",0.29,1.03,449,"1994-01-16 2023-01-30",0.01,0.08,444,"1994-01-16 2023-01-30",0.47,1.6,444,"1994-01-16 2023-01-30",4.1,5.05,450,"1994-01-16 2023-01-30",,,,
2024-01-22,-9.01,7.73,450,"1994-01-15 2023-01-29",78.89,12.23,450,"1994-01-15 2023-01-29",-0.36,10.03,450,"1994-01-15 2023-01-29",27.04,11.74,450,"1994-01-15 2023-01-29",-16.09,8.12,450,"1994-01-15 2023-01-29",48.68,17.27,450,"1994-01-15 2023-01-29",-12.06,8.62,450,"1994-01-15 2023-01-29",2.18,3.49,450,"1994-01-15 2023-01-29",0.29,1.02,449,"1994-01-15 2023-01-29",0.01,0.08,444,"1994-01-15 2023-01-29",0.46,1.59,444,"1994-01-15 2023-01-29",4.2,5.09,450,"1994-01-15 2023-01-29",,,,
2024-01-21,-8.99,7.79,450,"1994-01-14 2023-01-28",79.3,12.03,450,"1994-01-14 2023-01-28",-0.5,10.07,450,"1994-01-14 2023-01-28",26.94,11.82,450,"1994-01-14 2023-01-28",-15.94,8.13,450,"1994-01-14 2023-01-28",49.48,17.42,450,"1994-01-14 2023-01-28",-12.02,8.55,450,"1994-01-14 2023-01-28",2.21,3.51,450,"1994-01-14 2023-01-28",0.29,0.99,449,"1994-01-14 2023-01-28",0.01,0.08,444,"1994-01-14 2023-01-28",0.45,1.46,443,"1994-01-14 2023-01-28",4.3,5.3,450,"1994-01-14 2023-01-28",,,,
2024-01-20,-8.84,7.7,450,"1994-01-13 2023-01-27",79.66,11.81,450,"1994-01-13 2023-01-27",-0.41,9.98,450,"1994-01-13 2023-01-27",26.99,11.97,450,"1994-01-13 2023-01-27",-15.82,8.08,450,"1994-01-13 2023-01-27",49.65,17.39,450,"1994-01-13 2023-01-27",-11.99,8.5,450,"1994-01-13 2023-01-27",2.3,3.52,450,"1994-01-13 2023-01-27",0.29,0.99,449,"1994-01-13 2023-01-27",0.01,0.08,445,"1994-01-13 2023-01-27",0.45,1.44,443,"1994-01-13 2023-01-27",4.5,5.51,450,"1994-01-13 2023-01-27",,,,
2024-01-19,-8.82,7.62,450,"1994-01-12 2023-01-26",79.89,11.68,450,"1994-01-12 2023-01-26",-0.44,9.87,450,"1994-01-12 2023-01-26",26.83,11.79,450,"1994-01-12 2023-01-26",-15.77,8.05,450,"1994-01-12 2023-01-26",49.95,16.99,450,"1994-01-12 2023-01-26",-12.04,8.5,450,"1994-01-12 2023-01-26",2.32,3.54,450,"1994-01-12 2023-01-26",0.25,0.75,449,"1994-01-12 2023-01-26",0,0.03,445,"1994-01-12 2023-01-26",0.41,1.23,443,"1994-01-12 2023-01-26",4.7,5.76,450,"1994-01-12 2023-01-26",,,,
2024-01-18,-8.94,7.57,450,"1994-01-11 2023-01-25",80.18,11.63,450,"1994-01-11 2023-01-25",-0.55,9.86,450,"1994-01-11 2023-01-25",26.89,12.09,450,"1994-01-11 2023-01-25",-15.86,8.09,450,"1994-01-11 2023-01-25",50.18,17.06,450,"1994-01-11 2023-01-25",-12.21,8.57,450,"1994-01-11 2023-01-25",2.33,3.54,450,"1994-01-11 2023-01-25",0.26,0.75,449,"1994-01-11 2023-01-25",0,0.03,445,"1994-01-11 2023-01-25",0.41,1.23,443,"1994-01-11 2023-01-25",4.9,6.05,450,"1994-01-11 2023-01-25",,,,
2024-01-17,-9,7.53,450,"1994-01-10 2023-01-24",80.24,11.46,450,"1994-01-10 2023-01-24",-0.66,9.78,450,"1994-01-10 2023-01-24",26.98,12.19,450,"1994-01-10 2023-01-24",-15.99,8.04,450,"1994-01-10 2023-01-24",50.49,16.82,450,"1994-01-10 2023-01-24",-12.4,8.46,450,"1994-01-10 2023-01-24",2.36,3.62,450,"1994-01-10 2023-01-24",0.27,0.76,449,"1994-01-10 2023-01-24",0,0.03,445,"1994-01-10 2023-01-24",0.44,1.28,443,"1994-01-10 2023-01-24",5.2,6.27,449,"1994-01-10 2023-01-24",,,,
2024-01-16,-9.1,7.43,450,"1994-01-09 2023-01-23",80.24,11.36,450,"1994-01-09 2023-01-23",-0.76,9.68,450,"1994-01-09 2023-01-23",27.12,12.3,450,"1994-01-09 2023-01-23",-16.17,7.97,450,"1994-01-09 2023-01-23",50.42,16.57,450,"1994-01-09 2023-01-23",-12.6,8.4,450,"1994-01-09 2023-01-23",2.4,3.81,450,"1994-01-09 2023-01-23",0.27,0.69,449,"1994-01-09 2023-01-23",0,0.02,443,"1994-01-09 2023-01-23",0.42,1.18,442,"1994-01-09 2023-01-23",5.4,6.47,449,"1994-01-09 2023-01-23",,,,
2024-01-15,-9.16,7.4,450,"1994-01-08 2023-01-22",79.96,11.55,450,"1994-01-08 2023-01-22",-0.92,9.64,450,"1994-01-08 2023-01-22",27.15,12.39,450,"1994-01-08 2023-01-22",-16.31,7.9,450,"1994-01-08 2023-01-22",50.64,16.43,450,"1994-01-08 2023-01-22",-12.65,8.37,450,"1994-01-08 2023-01-22",2.47,3.97,450,"1994-01-08 2023-01-22",0.29,0.74,450,"1994-01-08 2023-01-22",0,0.02,444,"1994-01-08 2023-01-22",0.46,1.3,443,"1994-01-08 2023-01-22",5.6,6.58,449,"1994-01-08 2023-01-22",,,,
2024-01-14,-9.3,7.43,450,"1994-01-07 2023-01-21",79.89,11.31,450,"1994-01-07 2023-01-21",-1.08,9.74,450,"1994-01-07 2023-01-21",27.24,12.52,450,"1994-01-07 2023-01-21",-16.44,7.89,450,"1994-01-07 2023-01-21",50.64,16.41,450,"1994-01-07 2023-01-21",-12.77,8.31,450,"1994-01-07 2023-01-21",2.42,3.88,450,"1994-01-07 2023-01-21",0.29,0.77,450,"1994-01-07 2023-01-21",0,0.02,445,"1994-01-07 2023-01-21",0.47,1.35,444,"1994-01-07 2023-01-21",5.7,6.71,449,"1994-01-07 2023-01-21",,,,
2024-01-13,-9.47,7.54,450,"1994-01-06 2023-01-20",79.46,11.46,450,"1994-01-06 2023-01-20",-1.21,9.92,450,"1994-01-06 2023-01-20",27.59,12.49,450,"1994-01-06 2023-01-20",-16.6,8.01,450,"1994-01-06 2023-01-20",50.24,16.42,450,"1994-01-06 2023-01-20",-12.88,8.46,450,"1994-01-06 2023-01-20",2.5,3.92,450,"1994-01-06 2023-01-20",0.33,0.94,450,"1994-01-06 2023-01-20",0,0.04,444,"1994-01-06 2023-01-20",0.51,1.47,444,"1994-01-06 2023-01-20",5.9,6.86,449,"1994-01-06 2023-01-20",,,,
2024-01-12,-9.62,7.73,450,"1994-01-05 2023-01-19",79.34,11.33,450,"1994-01-05 2023-01-19",-1.45,10.08,450,"1994-01-05 2023-01-19",27.79,12.61,450,"1994-01-05 2023-01-19",-16.75,8.11,450,"1994-01-05 2023-01-19",50.36,16.25,450,"1994-01-05 2023-01-19",-13.03,8.59,450,"1994-01-05 2023-01-19",2.53,3.92,450,"1994-01-05 2023-01-19",0.34,0.96,450,"1994-01-05 2023-01-19",0,0.04,445,"1994-01-05 2023-01-19",0.52,1.5,445,"1994-01-05 2023-01-19",6,6.97,449,"1994-01-05 2023-01-19",,,,
2024-01-11,-9.78,7.8,450,"1994-01-04 2023-01-18",79.32,11.21,450,"1994-01-04 2023-01-18",-1.67,10.17,450,"1994-01-04 2023-01-18",28.02,12.56,450,"1994-01-04 2023-01-18",-16.92,8.21,450,"1994-01-04 2023-01-18",50.36,16.12,450,"1994-01-04 2023-01-18",-13.16,8.67,450,"1994-01-04 2023-01-18",2.59,3.89,450,"1994-01-04 2023-01-18",0.34,0.96,450,"1994-01-04 2023-01-18",0,0.04,446,"1994-01-04 2023-01-18",0.53,1.48,446,"1994-01-04 2023-01-18",6.2,7.08,449,"1994-01-04 2023-01-18",,,,
2024-01-10,-9.9,7.77,450,"1994-01-03 2023-01-17",78.92,11.31,450,"1994-01-03 2023-01-17",-1.78,10.13,450,"1994-01-03 2023-01-17",28.19,12.75,450,"1994-01-03 2023-01-17",-17.11,8.2,450,"1994-01-03 2023-01-17",50.34,16.12,450,"1994-01-03 2023-01-17",-13.29,8.72,450,"1994-01-03 2023-01-17",2.69,3.95,450,"1994-01-03 2023-01-17",0.4,1.26,450,"1994-01-03 2023-01-17",0,0.04,445,"1994-01-03 2023-01-17",0.6,1.78,445,"1994-01-03 2023-01-17",6.4,7.15,449,"1994-01-03 2023-01-17",,,,
2024-01-09,-9.94,7.67,450,"1994-01-02 2023-01-16",78.78,11.21,450,"1994-01-02 2023-01-16",-1.76,10.07,450,"1994-01-02 2023-01-16",28.35,12.7,450,"1994-01-02 2023-01-16",-17.18,8.18,450,"1994-01-02 2023-01-16",50.14,15.95,450,"1994-01-02 2023-01-16",-13.37,8.71,450,"1994-01-02 2023-01-16",2.62,3.87,450,"1994-01-02 2023-01-16",0.4,1.27,450,"1994-01-02 2023-01-16",0,0.03,445,"1994-01-02 2023-01-16",0.6,1.8,445,"1994-01-02 2023-01-16",6.5,7.17,449,"1994-01-02 2023-01-16",,,,
2024-01-08,-9.84,7.49,450,"1994-01-01 2023-01-15",79.1,11.16,450,"1994-01-01 2023-01-15",-1.72,9.83,450,"1994-01-01 2023-01-15",28.55,12.8,450,"1994-01-01 2023-01-15",-17.28,8.08,450,"1994-01-01 2023-01-15",50.28,15.68,450,"1994-01-01 2023-01-15",-13.53,8.61,450,"1994-01-01 2023-01-15",2.65,3.91,450,"1994-01-01 2023-01-15",0.4,1.27,450,"1994-01-01 2023-01-15",0,0.03,445,"1994-01-01 2023-01-15",0.61,1.81,445,"1994-01-01 2023-01-15",6.7,7.22,449,"1994-01-01 2023-01-15",,,,
2024-01-07,-9.95,7.46,450,"1993-12-31 2023-01-14",79.35,10.96,450,"1993-12-31 2023-01-14",-1.89,9.76,450,"1993-12-31 2023-01-14",28.02,12.7,450,"1993-12-31 2023-01-14",-17.43,7.99,450,"1993-12-31 2023-01-14",50.34,15.57,450,"1993-12-31 2023-01-14",-13.72,8.49,450,"1993-12-31 2023-01-14",2.5,3.78,450,"1993-12-31 2023-01-14",0.41,1.28,449,"1994-01-01 2023-01-14",0,0.03,444,"1994-01-01 2023-01-14",0.62,1.82,444,"1994-01-01 2023-01-14",6.8,7.25,449,"1993-12-31 2023-01-14",,,,
2024-01-06,-10.09,7.27,450,"1993-12-30 2023-01-13",79.4,10.94,450,"1993-12-30 2023-01-13",-2.06,9.6,450,"1993-12-30 2023-01-13",27.83,12.68,450,"1993-12-30 2023-01-13",-17.67,7.79,450,"1993-12-30 2023-01-13",50.36,15.5,450,"1993-12-30 2023-01-13",-13.95,8.37,450,"1993-12-30 2023-01-13",2.44,3.77,450,"1993-12-30 2023-01-13",0.41,1.31,449,"1993-12-30 2023-01-13",0,0.03,444,"1993-12-30 2023-01-13",0.63,1.83,445,"1993-12-30 2023-01-13",6.8,7.17,449,"1993-12-30 2023-01-13",,,,
2024-01-05,-10.13,7.19,450,"1993-12-29 2023-01-12",79.68,10.82,450,"1993-12-29 2023-01-12",-2.26,9.52,450,"1993-12-29 2023-01-12",27.63,12.45,450,"1993-12-29 2023-01-12",-17.76,7.68,450,"1993-12-29 2023-01-12",50.9,15.53,450,"1993-12-29 2023-01-12",-14.09,8.28,450,"1993-12-29 2023-01-12",2.36,3.76,450,"1993-12-29 2023-01-12",0.43,1.36,449,"1993-12-29 2023-01-12",0,0.03,443,"1993-12-29 2023-01-12",0.66,1.91,446,"1993-12-29 2023-01-12",6.9,7.01,449,"1993-12-29 2023-01-12",,,,
2024-01-04,-10.16,7.12,450,"1993-12-28 2023-01-11",79.78,11.14,450,"1993-12-28 2023-01-11",-2.41,9.44,450,"1993-12-28 2023-01-11",27.53,12.32,450,"1993-12-28 2023-01-11",-17.73,7.56,450,"1993-12-28 2023-01-11",51.54,15.89,450,"1993-12-28 2023-01-11",-14.07,8.18,450,"1993-12-28 2023-01-11",2.34,3.75,450,"1993-12-28 2023-01-11",0.48,1.41,449,"1993-12-28 2023-01-11",0,0.04,443,"1993-12-28 2023-01-11",0.73,1.99,446,"1993-12-28 2023-01-11",6.9,6.89,449,"1993-12-28 2023-01-11",,,,
2024-01-03,-10.06,7.05,450,"1993-12-27 2023-01-10",79.75,11.27,450,"1993-12-27 2023-01-10",-2.35,9.37,450,"1993-12-27 2023-01-10",27.59,12.13,450,"1993-12-27 2023-01-10",-17.62,7.41,450,"1993-12-27 2023-01-10",51.62,16.11,450,"1993-12-27 2023-01-10",-13.86,8.11,450,"1993-12-27 2023-01-10",2.38,3.78,450,"1993-12-27 2023-01-10",0.52,1.46,449,"1993-12-27 2023-01-10",0,0.04,442,"1993-12-27 2023-01-10",0.79,2.08,445,"1993-12-27 2023-01-10",6.7,6.69,449,"1993-12-27 2023-01-10",,,,
2024-01-02,-10.02,7.06,450,"1993-12-26 2023-01-09",79.69,11.38,450,"1993-12-26 2023-01-09",-2.3,9.41,450,"1993-12-26 2023-01-09",27.34,11.98,450,"1993-12-26 2023-01-09",-17.52,7.41,450,"1993-12-26 2023-01-09",51.6,16.18,450,"1993-12-26 2023-01-09",-13.75,8.21,450,"1993-12-26 2023-01-09",2.32,3.66,450,"1993-12-26 2023-01-09",0.5,1.43,449,"1993-12-26 2023-01-09",0,0.04,441,"1993-12-26 2023-01-09",0.75,1.99,444,"1993-12-26 2023-01-09",6.6,6.55,450,"1993-12-26 2023-01-09",,,,
2024-01-01,-10.01,7.09,450,"1993-12-25 2023-01-08",79.6,11.51,450,"1993-12-25 2023-01-08",-2.24,9.49,450,"1993-12-25 2023-01-08",27.06,11.86,450,"1993-12-25 2023-01-08",-17.38,7.43,450,"1993-12-25 2023-01-08",51.58,16.34,450,"1993-12-25 2023-01-08",-13.59,8.25,450,"1993-12-25 2023-01-08",2.23,3.49,450,"1993-12-25 2023-01-08",0.49,1.41,449,"1993-12-25 2023-01-08",0,0.04,441,"1993-12-25 2023-01-08",0.74,1.98,444,"1993-12-25 2023-01-08",6.5,6.43,450,"1993-12-25 2023-01-08",,,,
2023-12-31,-10.02,7.08,450,"1993-12-24 2023-01-07",79.47,11.52,450,"1993-12-24 2023-01-07",-2.15,9.52,450,"1993-12-24 2023-01-07",26.79,11.74,450,"1993-12-24 2023-01-07",-17.34,7.45,450,"1993-12-24 2023-01-07",51.33,16.54,450,"1993-12-24 2023-01-07",-13.56,8.32,450,"1993-12-24 2023-01-07",2.11,3.22,450,"1993-12-24 2023-01-07",0.47,1.41,449,"1993-12-24 2023-01-07",0.01,0.04,438,"1993-12-24 2023-01-07",0.71,1.92,443,"1993-12-24 2023-01-07",6.5,6.38,450,"1993-12-24 2023-01-07",,,,
2023-12-30,-10.07,7.11,450,"1993-12-23 2023-01-06",79.32,11.66,450,"1993-12-23 2023-01-06",-2.15,9.53,450,"1993-12-23 2023-01-06",26.57,11.56,450,"1993-12-23 2023-01-06",-17.47,7.5,450,"1993-12-23 2023-01-06",50.98,16.32,450,"1993-12-23 2023-01-06",-13.7,8.39,450,"1993-12-23 2023-01-06",2.15,3.35,450,"1993-12-23 2023-01-06",0.49,1.47,449,"1993-12-23 2023-01-06",0.01,0.04,438,"1993-12-23 2023-01-06",0.71,1.93,443,"1993-12-23 2023-01-06",6.4,6.37,450,"1993-12-23 2023-01-06",,,,
2023-12-29,-10.15,7.19,450,"1993-12-22 2023-01-05",79.66,11.56,450,"1993-12-22 2023-01-05",-2.28,9.53,450,"1993-12-22 2023-01-05",26.39,11.57,450,"1993-12-22 2023-01-05",-17.52,7.48,450,"1993-12-22 2023-01-05",51.3,16.32,450,"1993-12-22 2023-01-05",-13.81,8.34,450,"1993-12-22 2023-01-05",2.1,3.3,450,"1993-12-22 2023-01-05",0.51,1.53,449,"1993-12-22 2023-01-05",0,0.03,440,"1993-12-22 2023-01-05",0.73,1.99,444,"1993-12-22 2023-01-05",6.4,6.33,450,"1993-12-22 2023-01-05",,,,
2023-12-28,-10.14,7.14,450,"1993-12-21 2023-01-04",79.82,11.53,450,"1993-12-21 2023-01-04",-2.27,9.45,450,"1993-12-21 2023-01-04",26.32,11.34,450,"1993-12-21 2023-01-04",-17.48,7.53,450,"1993-12-21 2023-01-04",51.44,16.46,450,"1993-12-21 2023-01-04",-13.79,8.34,450,"1993-12-21 2023-01-04",2.11,3.32,450,"1993-12-21 2023-01-04",0.53,1.61,449,"1993-12-21 2023-01-04",0,0.03,440,"1993-12-21 2023-01-04",0.75,2.04,444,"1993-12-21 2023-01-04",6.3,6.38,450,"1993-12-21 2023-01-04",,,,
2023-12-27,-10.03,7.17,450,"1993-12-20 2023-01-03",79.92,11.52,450,"1993-12-20 2023-01-03",-2.18,9.4,450,"1993-12-20 2023-01-03",26.34,11.27,450,"1993-12-20 2023-01-03",-17.4,7.48,450,"1993-12-20 2023-01-03",51.59,16.5,450,"1993-12-20 2023-01-03",-13.72,8.32,450,"1993-12-20 2023-01-03",2.1,3.34,450,"1993-12-20 2023-01-03",0.55,1.64,449,"1993-12-20 2023-01-03",0.01,0.08,440,"1993-12-20 2023-01-03",0.77,2.07,444,"1993-12-20 2023-01-03",6.1,6.41,450,"1993-12-20 2023-01-03",,,,
2023-12-26,-10.02,7.16,450,"1993-12-19 2023-01-02",80.06,11.42,450,"1993-12-19 2023-01-02",-2.12,9.41,450,"1993-12-19 2023-01-02",26.33,11.17,450,"1993-12-19 2023-01-02",-17.28,7.42,450,"1993-12-19 2023-01-02",51.33,16.44,450,"1993-12-19 2023-01-02",-13.6,8.23,450,"1993-12-19 2023-01-02",2.07,3.23,450,"1993-12-19 2023-01-02",0.54,1.57,449,"1993-12-19 2023-01-02",0.01,0.18,441,"1993-12-19 2023-01-02",0.74,1.89,445,"1993-12-19 2023-01-02",6,6.47,450,"1993-12-19 2023-01-02",,,,
2023-12-25,-9.89,7.1,450,"1993-12-18 2023-01-01",80.17,11.58,450,"1993-12-18 2023-01-01",-2.03,9.28,450,"1993-12-18 2023-01-01",26.52,11.14,450,"1993-12-18 2023-01-01",-17.2,7.28,450,"1993-12-18 2023-01-01",51.41,16.44,450,"1993-12-18 2023-01-01",-13.51,8.09,450,"1993-12-18 2023-01-01",2.17,3.34,450,"1993-12-18 2023-01-01",0.55,1.58,449,"1993-12-18 2023-01-01",0.01,0.18,441,"1993-12-18 2023-01-01",0.75,1.94,445,"1993-12-18 2023-01-01",5.8,6.5,450,"1993-12-18 2023-01-01",,,,
2023-12-24,-9.87,7.12,450,"1993-12-17 2022-12-31",79.79,11.71,450,"1993-12-17 2022-12-31",-1.85,9.38,450,"1993-12-17 2022-12-31",26.77,11.3,450,"1993-12-17 2022-12-31",-17.01,7.23,450,"1993-12-17 2022-12-31",50.92,16.62,450,"1993-12-17 2022-12-31",-13.27,8.08,450,"1993-12-17 2022-12-31",2.23,3.36,450,"1993-12-17 2022-12-31",0.54,1.58,449,"1993-12-17 2022-12-31",0.02,0.18,441,"1993-12-17 2022-12-31",0.74,1.95,445,"1993-12-17 2022-12-31",5.7,6.49,450,"1993-12-17 2022-12-31",,,,
2023-12-23,-9.69,6.98,450,"1993-12-16 2022-12-30",79.53,11.9,450,"1993-12-16 2022-12-30",-1.6,9.29,450,"1993-12-16 2022-12-30",27.3,11.35,450,"1993-12-16 2022-12-30",-16.82,7.16,450,"1993-12-16 2022-12-30",50.52,16.65,450,"1993-12-16 2022-12-30",-13.01,8.03,450,"1993-12-16 2022-12-30",2.37,3.41,450,"1993-12-16 2022-12-30",0.54,1.58,450,"1993-12-16 2022-12-30",0.01,0.18,442,"1993-12-16 2022-12-30",0.75,1.95,446,"1993-12-16 2022-12-30",5.5,6.46,450,"1993-12-16 2022-12-30",,,,
2023-12-22,-9.54,6.96,450,"1993-12-15 2022-12-29",79.45,11.86,450,"1993-12-15 2022-12-29",-1.33,9.25,450,"1993-12-15 2022-12-29",27.63,11.39,450,"1993-12-15 2022-12-29",-16.62,7.23,450,"1993-12-15 2022-12-29",50.01,16.52,450,"1993-12-15 2022-12-29",-12.79,8.05,450,"1993-12-15 2022-12-29",2.36,3.38,450,"1993-12-15 2022-12-29",0.53,1.55,450,"1993-12-15 2022-12-29",0.01,0.18,442,"1993-12-15 2022-12-29",0.73,1.94,446,"1993-12-15 2022-12-29",5.4,6.43,450,"1993-12-15 2022-12-29",,,,
2023-12-21,-9.53,7.02,450,"1993-12-14 2022-12-28",79.13,11.78,450,"1993-12-14 2022-12-28",-1.16,9.25,450,"1993-12-14 2022-12-28",27.87,11.52,450,"1993-12-14 2022-12-28",-16.55,7.27,450,"1993-12-14 2022-12-28",49.53,16.22,450,"1993-12-14 2022-12-28",-12.67,8.06,450,"1993-12-14 2022-12-28",2.34,3.34,450,"1993-12-14 2022-12-28",0.5,1.52,450,"1993-12-14 2022-12-28",0.01,0.18,442,"1993-12-14 2022-12-28",0.69,1.86,445,"1993-12-14 2022-12-28",5.3,6.46,450,"1993-12-14 2022-12-28",,,,
2023-12-20,-9.49,7.05,450,"1993-12-13 2022-12-27",78.83,11.59,450,"1993-12-13 2022-12-27",-1.02,9.3,450,"1993-12-13 2022-12-27",28,11.58,450,"1993-12-13 2022-12-27",-16.5,7.25,450,"1993-12-13 2022-12-27",49.02,16.01,450,"1993-12-13 2022-12-27",-12.57,8.05,450,"1993-12-13 2022-12-27",2.47,3.47,450,"1993-12-13 2022-12-27",0.45,1.47,450,"1993-12-13 2022-12-27",0.02,0.19,441,"1993-12-13 2022-12-27",0.61,1.77,445,"1993-12-13 2022-12-27",5.2,6.5,450,"1993-12-13 2022-12-27",,,,
2023-12-19,-9.38,6.96,450,"1993-12-12 2022-12-26",78.68,11.77,450,"1993-12-12 2022-12-26",-0.86,9.2,450,"1993-12-12 2022-12-26",28.22,11.46,450,"1993-12-12 2022-12-26",-16.47,7.17,450,"1993-12-12 2022-12-26",48.72,15.88,450,"1993-12-12 2022-12-26",-12.53,7.98,450,"1993-12-12 2022-12-26",2.5,3.53,450,"1993-12-12 2022-12-26",0.43,1.46,450,"1993-12-12 2022-12-26",0.01,0.19,442,"1993-12-12 2022-12-26",0.57,1.71,445,"1993-12-12 2022-12-26",5.2,6.56,450,"1993-12-12 2022-12-26",,,,
2023-12-18,-9.25,6.86,450,"1993-12-11 2022-12-25",78.81,11.95,450,"1993-12-11 2022-12-25",-0.74,9.05,450,"1993-12-11 2022-12-25",28.44,11.46,450,"1993-12-11 2022-12-25",-16.35,7.1,450,"1993-12-11 2022-12-25",48.7,16.03,450,"1993-12-11 2022-12-25",-12.38,7.88,450,"1993-12-11 2022-12-25",2.56,3.59,450,"1993-12-11 2022-12-25",0.45,1.49,450,"1993-12-11 2022-12-25",0.01,0.19,443,"1993-12-11 2022-12-25",0.58,1.73,446,"1993-12-11 2022-12-25",5.1,6.57,449,"1993-12-11 2022-12-25",,,,
2023-12-17,-9.13,6.83,450,"1993-12-10 2022-12-24",78.7,12.47,450,"1993-12-10 2022-12-24",-0.64,9.01,450,"1993-12-10 2022-12-24",28.82,11.46,450,"1993-12-10 2022-12-24",-16.26,7.05,450,"1993-12-10 2022-12-24",48.71,16.12,450,"1993-12-10 2022-12-24",-12.23,7.88,450,"1993-12-10 2022-12-24",2.58,3.56,450,"1993-12-10 2022-12-24",0.47,1.51,450,"1993-12-10 2022-12-24",0.01,0.19,444,"1993-12-10 2022-12-24",0.61,1.76,446,"1993-12-10 2022-12-24",5.1,6.57,448,"1993-12-10 2022-12-24",,,,
2023-12-16,-8.99,6.84,450,"1993-12-09 2022-12-23",79.07,12.82,450,"1993-12-09 2022-12-23",-0.51,8.9,450,"1993-12-09 2022-12-23",29.06,11.35,450,"1993-12-09 2022-12-23",-16.15,7.03,450,"1993-12-09 2022-12-23",48.65,16,450,"1993-12-09 2022-12-23",-12.17,7.8,450,"1993-12-09 2022-12-23",2.62,3.68,450,"1993-12-09 2022-12-23",0.51,1.54,450,"1993-12-09 2022-12-23",0.01,0.18,447,"1993-12-09 2022-12-23",0.66,1.81,447,"1993-12-09 2022-12-23",5,6.53,448,"1993-12-09 2022-12-23",,,,
2023-12-15,-8.88,6.79,450,"1993-12-08 2022-12-22",79.3,12.73,450,"1993-12-08 2022-12-22",-0.44,8.85,450,"1993-12-08 2022-12-22",28.99,11.2,450,"1993-12-08 2022-12-22",-15.99,6.98,450,"1993-12-08 2022-12-22",48.93,16.31,450,"1993-12-08 2022-12-22",-12.04,7.73,450,"1993-12-08 2022-12-22",2.55,3.55,450,"1993-12-08 2022-12-22",0.48,1.48,450,"1993-12-08 2022-12-22",0.01,0.18,446,"1993-12-08 2022-12-22",0.64,1.76,446,"1993-12-08 2022-12-22",4.9,6.41,448,"1993-12-08 2022-12-22",,,,
2023-12-14,-8.75,6.72,450,"1993-12-07 2022-12-21",79.37,12.74,450,"1993-12-07 2022-12-21",-0.31,8.75,450,"1993-12-07 2022-12-21",28.9,11.11,450,"1993-12-07 2022-12-21",-15.96,7.02,450,"1993-12-07 2022-12-21",48.79,16.16,450,"1993-12-07 2022-12-21",-12,7.75,450,"1993-12-07 2022-12-21",2.49,3.54,450,"1993-12-07 2022-12-21",0.44,1.4,450,"1993-12-07 2022-12-21",0.01,0.18,445,"1993-12-07 2022-12-21",0.59,1.66,445,"1993-12-07 2022-12-21",4.8,6.28,447,"1993-12-07 2022-12-21",,,,
2023-12-13,-8.76,6.69,450,"1993-12-06 2022-12-20",79.26,12.83,450,"1993-12-06 2022-12-20",-0.21,8.8,450,"1993-12-06 2022-12-20",28.8,11.29,450,"1993-12-06 2022-12-20",-15.93,6.9,450,"1993-12-06 2022-12-20",48.5,15.99,450,"1993-12-06 2022-12-20",-11.97,7.66,450,"1993-12-06 2022-12-20",2.52,3.62,450,"1993-12-06 2022-12-20",0.42,1.3,450,"1993-12-06 2022-12-20",0.01,0.19,444,"1993-12-06 2022-12-20",0.56,1.57,444,"1993-12-06 2022-12-20",4.8,6.16,446,"1993-12-06 2022-12-20",,,,
2023-12-12,-8.83,6.47,450,"1993-12-05 2022-12-19",79.26,13.02,450,"1993-12-05 2022-12-19",-0.26,8.66,450,"1993-12-05 2022-12-19",28.84,11.35,450,"1993-12-05 2022-12-19",-15.92,6.74,450,"1993-12-05 2022-12-19",48.66,16.25,450,"1993-12-05 2022-12-19",-11.96,7.52,450,"1993-12-05 2022-12-19",2.65,3.83,450,"1993-12-05 2022-12-19",0.41,1.27,450,"1993-12-05 2022-12-19",0.01,0.17,443,"1993-12-05 2022-12-19",0.55,1.56,443,"1993-12-05 2022-12-19",4.8,6.03,446,"1993-12-05 2022-12-19",,,,
2023-12-11,-8.72,6.28,450,"1993-12-04 2022-12-18",79.63,13.02,450,"1993-12-04 2022-12-18",-0.27,8.45,450,"1993-12-04 2022-12-18",28.87,11.49,450,"1993-12-04 2022-12-18",-15.85,6.59,450,"1993-12-04 2022-12-18",49.16,16.44,450,"1993-12-04 2022-12-18",-11.97,7.36,450,"1993-12-04 2022-12-18",2.57,3.8,450,"1993-12-04 2022-12-18",0.41,1.19,450,"1993-12-04 2022-12-18",0,0.06,442,"1993-12-04 2022-12-18",0.57,1.57,442,"1993-12-04 2022-12-18",4.7,5.95,446,"1993-12-04 2022-12-18",,,,
2023-12-10,-8.81,6.26,450,"1993-12-03 2022-12-17",79.59,12.83,450,"1993-12-03 2022-12-17",-0.36,8.48,450,"1993-12-03 2022-12-17",28.62,11.54,450,"1993-12-03 2022-12-17",-15.81,6.58,450,"1993-12-03 2022-12-17",49.17,16.59,450,"1993-12-03 2022-12-17",-11.91,7.39,450,"1993-12-03 2022-12-17",2.52,3.76,450,"1993-12-03 2022-12-17",0.38,1.16,450,"1993-12-03 2022-12-17",0,0.06,441,"1993-12-03 2022-12-17",0.52,1.45,441,"1993-12-03 2022-12-17",4.7,5.92,446,"1993-12-03 2022-12-17",,,,
2023-12-09,-8.81,6.27,450,"1993-12-02 2022-12-16",79.77,12.87,450,"1993-12-02 2022-12-16",-0.46,8.48,450,"1993-12-02 2022-12-16",28.55,11.57,450,"1993-12-02 2022-12-16",-15.77,6.58,450,"1993-12-02 2022-12-16",49.57,16.68,450,"1993-12-02 2022-12-16",-11.89,7.39,450,"1993-12-02 2022-12-16",2.52,3.92,450,"1993-12-02 2022-12-16",0.43,1.33,450,"1993-12-02 2022-12-16",0,0.06,440,"1993-12-02 2022-12-16",0.55,1.56,440,"1993-12-02 2022-12-16",4.7,5.87,446,"1993-12-02 2022-12-16",,,,
2023-12-08,-8.75,6.32,450,"1993-12-01 2022-12-15",79.96,12.86,450,"1993-12-01 2022-12-15",-0.33,8.51,450,"1993-12-01 2022-12-15",28.38,11.32,450,"1993-12-01 2022-12-15",-15.62,6.56,450,"1993-12-01 2022-12-15",49.53,16.83,450,"1993-12-01 2022-12-15",-11.8,7.36,450,"1993-12-01 2022-12-15",2.42,3.88,450,"1993-12-01 2022-12-15",0.44,1.36,450,"1993-12-01 2022-12-15",0.01,0.06,439,"1993-12-01 2022-12-15",0.57,1.6,439,"1993-12-01 2022-12-15",4.7,5.8,446,"1993-12-01 2022-12-15",,,,
2023-12-07,-8.66,6.3,450,"1993-11-30 2022-12-14",79.97,13.12,450,"1993-11-30 2022-12-14",-0.3,8.53,450,"1993-11-30 2022-12-14",28.23,11.18,450,"1993-11-30 2022-12-14",-15.48,6.48,450,"1993-11-30 2022-12-14",49.78,17.2,450,"1993-11-30 2022-12-14",-11.65,7.32,450,"1993-11-30 2022-12-14",2.44,3.96,450,"1993-11-30 2022-12-14",0.47,1.4,450,"1993-11-30 2022-12-14",0.01,0.06,438,"1993-11-30 2022-12-14",0.61,1.66,438,"1993-11-30 2022-12-14",4.6,5.77,445,"1993-11-30 2022-12-14",,,,
2023-12-06,-8.57,6.15,450,"1993-11-29 2022-12-13",80.03,13.36,450,"1993-11-29 2022-12-13",-0.17,8.47,450,"1993-11-29 2022-12-13",28.03,11.1,450,"1993-11-29 2022-12-13",-15.36,6.42,450,"1993-11-29 2022-12-13",49.65,17.39,450,"1993-11-29 2022-12-13",-11.53,7.31,450,"1993-11-29 2022-12-13",2.48,4.01,450,"1993-11-29 2022-12-13",0.47,1.39,450,"1993-11-29 2022-12-13",0.01,0.06,438,"1993-11-29 2022-12-13",0.63,1.68,438,"1993-11-29 2022-12-13",4.5,5.7,444,"1993-11-29 2022-12-13",,,,
2023-12-05,-8.43,6.1,450,"1993-11-28 2022-12-12",80.33,13.15,450,"1993-11-28 2022-12-12",-0.06,8.44,450,"1993-11-28 2022-12-12",27.91,11.22,450,"1993-11-28 2022-12-12",-15.26,6.39,450,"1993-11-28 2022-12-12",49.66,17.35,450,"1993-11-28 2022-12-12",-11.43,7.21,450,"1993-11-28 2022-12-12",2.42,4.05,450,"1993-11-28 2022-12-12",0.51,1.46,450,"1993-11-28 2022-12-12",0,0.05,438,"1993-11-28 2022-12-12",0.68,1.78,437,"1993-11-28 2022-12-12",4.4,5.5,443,"1993-11-28 2022-12-12",,,,
2023-12-04,-8.35,6.16,450,"1993-11-27 2022-12-11",80.53,12.92,450,"1993-11-27 2022-12-11",0.01,8.47,450,"1993-11-27 2022-12-11",27.83,11.24,450,"1993-11-27 2022-12-11",-15.1,6.4,450,"1993-11-27 2022-12-11",49.66,17.42,450,"1993-11-27 2022-12-11",-11.32,7.17,450,"1993-11-27 2022-12-11",2.38,4.02,450,"1993-11-27 2022-12-11",0.53,1.45,450,"1993-11-27 2022-12-11",0,0.05,436,"1993-11-27 2022-12-11",0.71,1.77,437,"1993-11-27 2022-12-11",4.3,5.39,443,"1993-11-27 2022-12-11",,,,
2023-12-03,-8.25,6.18,450,"1993-11-26 2022-12-10",80.73,12.72,450,"1993-11-26 2022-12-10",0.15,8.5,450,"1993-11-26 2022-12-10",27.84,11.29,450,"1993-11-26 2022-12-10",-14.97,6.34,450,"1993-11-26 2022-12-10",49.4,17.43,450,"1993-11-26 2022-12-10",-11.18,7.11,450,"1993-11-26 2022-12-10",2.33,3.98,450,"1993-11-26 2022-12-10",0.52,1.44,450,"1993-11-26 2022-12-10",0.01,0.05,435,"1993-11-26 2022-12-10",0.71,1.77,436,"1993-11-26 2022-12-10",4.2,5.34,443,"1993-11-26 2022-12-10",,,,
2023-12-02,-8.17,6.04,450,"1993-11-25 2022-12-09",80.72,12.49,450,"1993-11-25 2022-12-09",0.32,8.39,450,"1993-11-25 2022-12-09",27.7,11.26,450,"1993-11-25 2022-12-09",-14.87,6.28,450,"1993-11-25 2022-12-09",48.97,17.49,450,"1993-11-25 2022-12-09",-11.04,7.06,450,"1993-11-25 2022-12-09",2.38,4.01,450,"1993-11-25 2022-12-09",0.51,1.44,450,"1993-11-25 2022-12-09",0.01,0.05,435,"1993-11-25 2022-12-09",0.7,1.79,436,"1993-11-25 2022-12-09",4.1,5.28,443,"1993-11-25 2022-12-09",,,,
2023-12-01,-8.1,5.98,450,"1993-11-24 2022-12-08",80.68,12.12,450,"1993-11-24 2022-12-08",0.42,8.43,450,"1993-11-24 2022-12-08",27.61,11.11,450,"1993-11-24 2022-12-08",-14.76,6.27,450,"1993-11-24 2022-12-08",48.74,17.72,450,"1993-11-24 2022-12-08",-10.88,7.06,450,"1993-11-24 2022-12-08",2.33,3.88,450,"1993-11-24 2022-12-08",0.5,1.45,450,"1993-11-24 2022-12-08",0.01,0.05,433,"1993-11-24 2022-12-08",0.68,1.8,434,"1993-11-24 2022-12-08",4,5.27,443,"1993-11-24 2022-12-08",,,,
2023-11-30,-7.93,6.05,450,"1993-11-23 2022-12-07",80.8,12.05,450,"1993-11-23 2022-12-07",0.68,8.48,450,"1993-11-23 2022-12-07",27.62,11.27,450,"1993-11-23 2022-12-07",-14.61,6.32,450,"1993-11-23 2022-12-07",48.42,17.53,450,"1993-11-23 2022-12-07",-10.74,7.08,450,"1993-11-23 2022-12-07",2.36,3.89,450,"1993-11-23 2022-12-07",0.53,1.57,450,"1993-11-23 2022-12-07",0.01,0.05,434,"1993-11-23 2022-12-07",0.71,1.91,435,"1993-11-23 2022-12-07",3.8,5.24,443,"1993-11-23 2022-12-07",,,,
2023-11-29,-7.81,6.02,450,"1993-11-22 2022-12-06",80.56,12.17,450,"1993-11-22 2022-12-06",0.92,8.58,450,"1993-11-22 2022-12-06",27.76,11.5,450,"1993-11-22 2022-12-06",-14.39,6.25,450,"1993-11-22 2022-12-06",48.12,17.73,450,"1993-11-22 2022-12-06",-10.41,7.08,450,"1993-11-22 2022-12-06",2.45,3.92,450,"1993-11-22 2022-12-06",0.51,1.5,450,"1993-11-22 2022-12-06",0.01,0.05,434,"1993-11-22 2022-12-06",0.69,1.85,435,"1993-11-22 2022-12-06",3.7,5.23,441,"1993-11-22 2022-12-06",,,,
2023-11-28,-7.6,5.89,450,"1993-11-21 2022-12-05",80.49,12.21,450,"1993-11-21 2022-12-05",1.22,8.51,450,"1993-11-21 2022-12-05",27.84,11.5,450,"1993-11-21 2022-12-05",-14.19,6.19,450,"1993-11-21 2022-12-05",47.74,17.79,450,"1993-11-21 2022-12-05",-10.14,7.04,450,"1993-11-21 2022-12-05",2.42,3.91,450,"1993-11-21 2022-12-05",0.52,1.5,450,"1993-11-21 2022-12-05",0.01,0.05,435,"1993-11-21 2022-12-05",0.71,1.89,436,"1993-11-21 2022-12-05",3.6,5.16,442,"1993-11-21 2022-12-05",,,,
2023-11-27,-7.38,5.94,450,"1993-11-20 2022-12-04",80.63,11.93,450,"1993-11-20 2022-12-04",1.55,8.59,450,"1993-11-20 2022-12-04",27.84,11.44,450,"1993-11-20 2022-12-04",-13.97,6.26,450,"1993-11-20 2022-12-04",47.26,17.69,450,"1993-11-20 2022-12-04",-9.95,7.05,450,"1993-11-20 2022-12-04",2.28,3.69,450,"1993-11-20 2022-12-04",0.5,1.48,450,"1993-11-20 2022-12-04",0.01,0.05,435,"1993-11-20 2022-12-04",0.68,1.87,436,"1993-11-20 2022-12-04",3.5,5.12,441,"1993-11-20 2022-12-04",,,,
2023-11-26,-7.29,6.06,450,"1993-11-19 2022-12-03",80.29,12.15,450,"1993-11-19 2022-12-03",1.74,8.74,450,"1993-11-19 2022-12-03",27.77,11.3,450,"1993-11-19 2022-12-03",-13.78,6.34,450,"1993-11-19 2022-12-03",47.04,17.84,450,"1993-11-19 2022-12-03",-9.72,7.13,450,"1993-11-19 2022-12-03",2.42,3.86,450,"1993-11-19 2022-12-03",0.52,1.62,449,"1993-11-20 2022-12-03",0.01,0.07,434,"1993-11-20 2022-12-03",0.72,2.07,435,"1993-11-20 2022-12-03",3.4,5.01,437,"1993-11-20 2022-12-03",,,,
2023-11-25,-7.09,6.05,450,"1993-11-18 2022-12-02",80.38,12.24,450,"1993-11-18 2022-12-02",2,8.67,450,"1993-11-18 2022-12-02",28.07,11.11,450,"1993-11-18 2022-12-02",-13.62,6.34,450,"1993-11-18 2022-12-02",46.67,17.98,450,"1993-11-18 2022-12-02",-9.51,7.11,450,"1993-11-18 2022-12-02",2.43,3.85,450,"1993-11-18 2022-12-02",0.53,1.62,449,"1993-11-18 2022-12-02",0.02,0.19,435,"1993-11-18 2022-12-02",0.71,2.06,436,"1993-11-18 2022-12-02",3.3,4.87,434,"1993-11-18 2022-12-02",,,,
2023-11-24,-6.96,6.04,450,"1993-11-17 2022-12-01",80.37,12.22,450,"1993-11-17 2022-12-01",2.14,8.68,450,"1993-11-17 2022-12-01",27.97,11.06,450,"1993-11-17 2022-12-01",-13.43,6.34,450,"1993-11-17 2022-12-01",46.6,18.25,450,"1993-11-17 2022-12-01",-9.3,7.1,450,"1993-11-17 2022-12-01",2.4,3.62,450,"1993-11-17 2022-12-01",0.52,1.54,449,"1993-11-17 2022-12-01",0.02,0.19,434,"1993-11-17 2022-12-01",0.7,1.98,436,"1993-11-17 2022-12-01",3.2,4.73,433,"1993-11-17 2022-12-01",,,,
2023-11-23,-6.78,6.02,450,"1993-11-16 2022-11-30",80.54,12.1,450,"1993-11-16 2022-11-30",2.29,8.62,450,"1993-11-16 2022-11-30",28.21,11.51,450,"1993-11-16 2022-11-30",-13.31,6.35,450,"1993-11-16 2022-11-30",46.88,18.43,450,"1993-11-16 2022-11-30",-9.1,7.09,450,"1993-11-16 2022-11-30",2.49,3.68,450,"1993-11-16 2022-11-30",0.53,1.58,449,"1993-11-16 2022-11-30",0.02,0.19,434,"1993-11-16 2022-11-30",0.71,2.01,437,"1993-11-16 2022-11-30",3,4.59,432,"1993-11-16 2022-11-30",,,,
2023-11-22,-6.49,5.98,450,"1993-11-15 2022-11-29",80.84,11.87,450,"1993-11-15 2022-11-29",2.67,8.57,450,"1993-11-15 2022-11-29",28.33,11.5,450,"1993-11-15 2022-11-29",-13,6.37,450,"1993-11-15 2022-11-29",46.57,18.31,450,"1993-11-15 2022-11-29",-8.8,7.01,450,"1993-11-15 2022-11-29",2.46,3.61,450,"1993-11-15 2022-11-29",0.51,1.54,449,"1993-11-15 2022-11-29",0.03,0.21,434,"1993-11-15 2022-11-29",0.66,1.94,438,"1993-11-15 2022-11-29",2.9,4.47,430,"1993-11-15 2022-11-29",,,,
2023-11-21,-6.22,5.88,450,"1993-11-14 2022-11-28",80.92,11.67,450,"1993-11-14 2022-11-28",2.92,8.41,450,"1993-11-14 2022-11-28",28.5,11.56,450,"1993-11-14 2022-11-28",-12.7,6.25,450,"1993-11-14 2022-11-28",46.58,18.28,450,"1993-11-14 2022-11-28",-8.49,6.81,450,"1993-11-14 2022-11-28",2.45,3.58,450,"1993-11-14 2022-11-28",0.52,1.61,449,"1993-11-14 2022-11-28",0.03,0.21,435,"1993-11-14 2022-11-28",0.66,2.01,439,"1993-11-14 2022-11-28",2.8,4.33,427,"1993-11-14 2022-11-28",,,,
2023-11-20,-5.96,5.72,450,"1993-11-13 2022-11-27",80.68,11.99,450,"1993-11-13 2022-11-27",3.31,8.22,450,"1993-11-13 2022-11-27",28.69,11.35,450,"1993-11-13 2022-11-27",-12.47,6.12,450,"1993-11-13 2022-11-27",46.12,18.35,450,"1993-11-13 2022-11-27",-8.12,6.75,450,"1993-11-13 2022-11-27",2.35,3.34,450,"1993-11-13 2022-11-27",0.48,1.55,449,"1993-11-13 2022-11-27",0.03,0.2,436,"1993-11-13 2022-11-27",0.61,1.95,440,"1993-11-13 2022-11-27",2.8,4.32,424,"1993-11-13 2022-11-27",,,,
2023-11-19,-5.79,5.63,450,"1993-11-12 2022-11-26",80.56,12.04,450,"1993-11-12 2022-11-26",3.6,8.14,450,"1993-11-12 2022-11-26",28.6,11.28,450,"1993-11-12 2022-11-26",-12.25,6.05,450,"1993-11-12 2022-11-26",45.8,18.1,450,"1993-11-12 2022-11-26",-7.88,6.69,450,"1993-11-12 2022-11-26",2.37,3.34,450,"1993-11-12 2022-11-26",0.44,1.53,449,"1993-11-12 2022-11-26",0.03,0.21,438,"1993-11-12 2022-11-26",0.57,1.94,441,"1993-11-12 2022-11-26",2.7,4.24,421,"1993-11-12 2022-11-26",,,,
2023-11-18,-5.77,5.52,450,"1993-11-11 2022-11-25",80.61,12.11,450,"1993-11-11 2022-11-25",3.68,8.07,450,"1993-11-11 2022-11-25",28.36,11.15,450,"1993-11-11 2022-11-25",-12.22,6.01,450,"1993-11-11 2022-11-25",45.8,18.14,450,"1993-11-11 2022-11-25",-7.91,6.65,450,"1993-11-11 2022-11-25",2.36,3.32,450,"1993-11-11 2022-11-25",0.42,1.51,449,"1993-11-11 2022-11-25",0.03,0.2,438,"1993-11-11 2022-11-25",0.54,1.92,441,"1993-11-11 2022-11-25",2.7,4.16,419,"1993-11-11 2022-11-25",,,,
2023-11-17,-5.69,5.57,450,"1993-11-10 2022-11-24",81.1,11.95,450,"1993-11-10 2022-11-24",3.58,8.18,450,"1993-11-10 2022-11-24",28.21,11.11,450,"1993-11-10 2022-11-24",-12.12,6.06,450,"1993-11-10 2022-11-24",46.64,18.51,450,"1993-11-10 2022-11-24",-7.94,6.68,450,"1993-11-10 2022-11-24",2.31,3.31,450,"1993-11-10 2022-11-24",0.45,1.57,449,"1993-11-10 2022-11-24",0.03,0.2,437,"1993-11-10 2022-11-24",0.56,1.96,441,"1993-11-10 2022-11-24",2.7,4.12,417,"1993-11-10 2022-11-24",,,,
2023-11-16,-5.56,5.55,450,"1993-11-09 2022-11-23",81.42,11.93,450,"1993-11-09 2022-11-23",3.61,8.23,450,"1993-11-09 2022-11-23",28.13,11.19,450,"1993-11-09 2022-11-23",-11.96,5.97,450,"1993-11-09 2022-11-23",47.24,18.77,450,"1993-11-09 2022-11-23",-7.86,6.59,450,"1993-11-09 2022-11-23",2.38,3.36,450,"1993-11-09 2022-11-23",0.48,1.62,449,"1993-11-09 2022-11-23",0.03,0.21,438,"1993-11-09 2022-11-23",0.6,2,442,"1993-11-09 2022-11-23",2.7,4.1,414,"1993-11-09 2022-11-23",,,,
2023-11-15,-5.45,5.4,450,"1993-11-08 2022-11-22",81.57,12.01,450,"1993-11-08 2022-11-22",3.7,8.12,450,"1993-11-08 2022-11-22",28.14,11.1,450,"1993-11-08 2022-11-22",-11.75,5.81,450,"1993-11-08 2022-11-22",47.45,18.96,450,"1993-11-08 2022-11-22",-7.61,6.42,450,"1993-11-08 2022-11-22",2.39,3.4,450,"1993-11-08 2022-11-22",0.48,1.55,449,"1993-11-08 2022-11-22",0.03,0.21,437,"1993-11-08 2022-11-22",0.59,1.93,441,"1993-11-08 2022-11-22",2.7,4.08,411,"1993-11-08 2022-11-22",,,,
2023-11-14,-5.2,5.27,450,"1993-11-07 2022-11-21",82.03,11.83,450,"1993-11-07 2022-11-21",3.81,7.92,450,"1993-11-07 2022-11-21",28.24,10.96,450,"1993-11-07 2022-11-21",-11.49,5.6,450,"1993-11-07 2022-11-21",47.76,19.05,450,"1993-11-07 2022-11-21",-7.43,6.16,450,"1993-11-07 2022-11-21",2.33,3.39,450,"1993-11-07 2022-11-21",0.51,1.61,449,"1993-11-07 2022-11-21",0.04,0.23,437,"1993-11-07 2022-11-21",0.63,2.02,441,"1993-11-07 2022-11-21",2.6,3.98,410,"1993-11-07 2022-11-21",,,,
2023-11-13,-4.96,5.19,450,"1993-11-06 2022-11-20",82.42,11.71,450,"1993-11-06 2022-11-20",3.94,7.77,450,"1993-11-06 2022-11-20",28.32,10.97,450,"1993-11-06 2022-11-20",-11.24,5.47,450,"1993-11-06 2022-11-20",48.28,19.2,450,"1993-11-06 2022-11-20",-7.26,6.03,450,"1993-11-06 2022-11-20",2.39,3.37,450,"1993-11-06 2022-11-20",0.51,1.6,449,"1993-11-06 2022-11-20",0.04,0.23,436,"1993-11-06 2022-11-20",0.62,1.99,440,"1993-11-06 2022-11-20",2.6,3.91,406,"1993-11-06 2022-11-20",,,,
2023-11-12,-4.76,5.04,450,"1993-11-05 2022-11-19",82.5,11.97,450,"1993-11-05 2022-11-19",4.13,7.7,450,"1993-11-05 2022-11-19",28.26,10.99,450,"1993-11-05 2022-11-19",-11.04,5.32,450,"1993-11-05 2022-11-19",48.32,19.47,450,"1993-11-05 2022-11-19",-7.05,5.91,450,"1993-11-05 2022-11-19",2.39,3.34,450,"1993-11-05 2022-11-19",0.54,1.64,449,"1993-11-05 2022-11-19",0.05,0.25,437,"1993-11-05 2022-11-19",0.65,2.04,441,"1993-11-05 2022-11-19",2.5,3.77,403,"1993-11-05 2022-11-19",,,,
2023-11-11,-4.52,4.88,450,"1993-11-04 2022-11-18",82.85,11.85,450,"1993-11-04 2022-11-18",4.43,7.6,450,"1993-11-04 2022-11-18",28.41,11.17,450,"1993-11-04 2022-11-18",-10.86,5.27,450,"1993-11-04 2022-11-18",48.04,19.51,450,"1993-11-04 2022-11-18",-6.87,5.81,450,"1993-11-04 2022-11-18",2.28,3.16,450,"1993-11-04 2022-11-18",0.5,1.44,450,"1993-11-04 2022-11-18",0.05,0.26,438,"1993-11-04 2022-11-18",0.59,1.76,443,"1993-11-04 2022-11-18",2.4,3.74,402,"1993-11-04 2022-11-18",,,,
2023-11-10,-4.35,4.77,450,"1993-11-03 2022-11-17",82.86,12.05,450,"1993-11-03 2022-11-17",4.66,7.6,450,"1993-11-03 2022-11-17",28.14,11.18,450,"1993-11-03 2022-11-17",-10.63,5.16,450,"1993-11-03 2022-11-17",47.98,19.82,450,"1993-11-03 2022-11-17",-6.61,5.75,450,"1993-11-03 2022-11-17",2.24,3.2,450,"1993-11-03 2022-11-17",0.52,1.48,450,"1993-11-03 2022-11-17",0.04,0.21,437,"1993-11-03 2022-11-17",0.61,1.79,442,"1993-11-03 2022-11-17",2.3,3.66,401,"1993-11-03 2022-11-17",,,,
