date,max_dew_point_v,max_dew_point_s,max_dew_point_c,max_dew_point_d,max_relative_humidity_v,max_relative_humidity_s,max_relative_humidity_c,max_relative_humidity_d,max_temperature_v,max_temperature_s,max_temperature_c,max_temperature_d,max_wind_speed_v,max_wind_speed_s,max_wind_speed_c,max_wind_speed_d,min_dew_point_v,min_dew_point_s,min_dew_point_c,min_dew_point_d,min_relative_humidity_v,min_relative_humidity_s,min_relative_humidity_c,min_relative_humidity_d,min_temperature_v,min_temperature_s,min_temperature_c,min_temperature_d,min_wind_speed_v,min_wind_speed_s,min_wind_speed_c,min_wind_speed_d,precipitation_v,precipitation_s,precipitation_c,precipitation_d,rain_v,rain_s,rain_c,rain_d,snow_v,snow_s,snow_c,snow_d,snow_on_ground_v,snow_on_ground_s,snow_on_ground_c,snow_on_ground_d,solar_radiation_v,solar_radiation_s,solar_radiation_c,solar_radiation_d
2026-08-01,10.5,1.25,30,"1996-08-01 2025-08-01",83.94,4.67,30,"1996-08-01 2025-08-01",23.56,1.83,30,"1996-08-01 2025-08-01",26.49,1.61,30,"1996-08-01 2025-08-01",5.23,1.4,30,"1996-08-01 2025-08-01",38.36,6.84,30,"1996-08-01 2025-08-01",9.7,1.25,30,"1996-08-01 2025-08-01",2.06,0.86,30,"1996-08-01 2025-08-01",55.77,26.85,30,"1996-08-01 2025-08-01",54.81,26.69,30,"1996-08-01 2025-08-01",0,0,30,"1996-08-01 2025-08-01",0,0,16,"1996-08-01 2011-08-01",,,,
2026-07-01,12.15,1.31,30,"1996-07-01 2025-07-01",85.18,4.08,30,"1996-07-01 2025-07-01",24.04,1.71,30,"1996-07-01 2025-07-01",28.38,1.75,30,"1996-07-01 2025-07-01",6.23,1.29,30,"1996-07-01 2025-07-01",40.4,5.54,30,"1996-07-01 2025-07-01",10.77,1.34,30,"1996-07-01 2025-07-01",2.5,0.83,30,"1996-07-01 2025-07-01",67.5,41.67,30,"1996-07-01 2025-07-01",66.73,39.66,30,"1996-07-01 2025-07-01",0,0,30,"1996-07-01 2025-07-01",0,0,18,"1996-07-01 2019-07-01",,,,
2026-06-01,8.68,1.28,30,"1996-06-01 2025-06-01",84.02,5.69,30,"1996-06-01 2025-06-01",20.06,1.64,30,"1996-06-01 2025-06-01",29.39,1.47,30,"1996-06-01 2025-06-01",2.96,1.51,30,"1996-06-01 2025-06-01",41.16,7.22,30,"1996-06-01 2025-06-01",7.94,1.17,30,"1996-06-01 2025-06-01",3.05,0.82,30,"1996-06-01 2025-06-01",102.78,45.89,30,"1996-06-01 2025-06-01",102.06,46.17,30,"1996-06-01 2025-06-01",0.13,0.68,30,"1996-06-01 2025-06-01",0,0,18,"1996-06-01 2019-06-01",,,,
2026-05-01,3.5,1.38,30,"1996-05-01 2025-05-01",79.95,5.93,30,"1996-05-01 2025-05-01",16.52,2.33,30,"1996-05-01 2025-05-01",30.08,1.97,30,"1996-05-01 2025-05-01",-2.3,1.64,30,"1996-05-01 2025-05-01",36.56,6.14,30,"1996-05-01 2025-05-01",3.54,1.61,30,"1996-05-01 2025-05-01",3.4,0.76,30,"1996-05-01 2025-05-01",55.25,28.34,30,"1996-05-01 2025-05-01",47.1,28.4,30,"1996-05-01 2025-05-01",8.71,10.36,30,"1996-05-01 2025-05-01",0.6,1.36,26,"1996-05-01 2024-05-01",,,,
2026-04-01,-1.8,1.56,30,"1996-04-01 2025-04-01",79.61,5.01,30,"1996-04-01 2025-04-01",10.49,2.33,30,"1996-04-01 2025-04-01",29.87,2.48,30,"1996-04-01 2025-04-01",-7.9,1.81,30,"1996-04-01 2025-04-01",36.69,6.58,30,"1996-04-01 2025-04-01",-2.06,1.56,30,"1996-04-01 2025-04-01",3.48,1.03,30,"1996-04-01 2025-04-01",30.65,20.76,30,"1996-04-01 2025-04-01",11.91,14.76,30,"1996-04-01 2025-04-01",22.24,17.21,30,"1996-04-01 2025-04-01",1.6,1.48,29,"1996-04-01 2025-04-01",,,,
2026-03-01,-5.82,2.24,30,"1996-03-01 2025-03-01",82.24,4.13,30,"1996-03-01 2025-03-01",3.5,4.11,30,"1996-03-01 2025-03-01",27.96,3.48,30,"1996-03-01 2025-03-01",-12.36,2.46,30,"1996-03-01 2025-03-01",45.38,8.92,30,"1996-03-01 2025-03-01",-7.9,3.16,30,"1996-03-01 2025-03-01",3.01,1.12,30,"1996-03-01 2025-03-01",19.07,13.91,30,"1996-03-01 2025-03-01",1,1.32,30,"1996-03-01 2025-03-01",24.6,16.94,30,"1996-03-01 2025-03-01",3.6,3.26,30,"1996-03-01 2025-03-01",,,,
2026-02-01,-9.02,3.4,30,"1996-02-01 2025-02-01",79.72,4.78,30,"1996-02-01 2025-02-01",-0.44,4.39,30,"1996-02-01 2025-02-01",26.42,2.89,30,"1996-02-01 2025-02-01",-15.95,3.79,30,"1996-02-01 2025-02-01",48.2,6.76,30,"1996-02-01 2025-02-01",-11.95,3.9,30,"1996-02-01 2025-02-01",2.53,0.92,30,"1996-02-01 2025-02-01",14.78,10.11,30,"1996-02-01 2025-02-01",0.09,0.19,30,"1996-02-01 2025-02-01",19.64,12.69,30,"1996-02-01 2025-02-01",4.5,3.29,30,"1996-02-01 2025-02-01",,,,
2026-01-01,-9.41,2.82,30,"1996-01-01 2025-01-01",78.7,3.26,30,"1996-01-01 2025-01-01",-0.86,3.51,30,"1996-01-01 2025-01-01",28.19,4.42,30,"1996-01-01 2025-01-01",-16.59,3.25,30,"1996-01-01 2025-01-01",48.49,4.73,30,"1996-01-01 2025-01-01",-12.52,3.33,30,"1996-01-01 2025-01-01",2.45,0.99,30,"1996-01-01 2025-01-01",11.75,7.4,30,"1996-01-01 2025-01-01",0.21,0.47,30,"1996-01-01 2025-01-01",17.27,9.19,30,"1996-01-01 2025-01-01",5.5,4.52,30,"1996-01-01 2025-01-01",,,,
2025-12-01,-9.17,3,30,"1995-12-01 2024-12-01",79.51,4.63,30,"1995-12-01 2024-12-01",-0.96,4.23,30,"1995-12-01 2024-12-01",27.34,4.19,30,"1995-12-01 2024-12-01",-16.08,3.66,30,"1995-12-01 2024-12-01",50.24,6.37,30,"1995-12-01 2024-12-01",-12.22,3.93,30,"1995-12-01 2024-12-01",2.4,0.88,30,"1995-12-01 2024-12-01",15.72,10.46,30,"1995-12-01 2024-12-01",0.35,0.76,30,"1995-12-01 2024-12-01",20.41,12.07,30,"1995-12-01 2024-12-01",5.4,4.59,30,"1995-12-01 2024-12-01",,,,
2025-11-01,-5.33,2.04,30,"1995-11-01 2024-11-01",81.45,3.94,30,"1995-11-01 2024-11-01",3.83,3.53,30,"1995-11-01 2024-11-01",27.38,2.63,30,"1995-11-01 2024-11-01",-11.65,2.44,30,"1995-11-01 2024-11-01",47.21,8.27,30,"1995-11-01 2024-11-01",-7.44,2.8,30,"1995-11-01 2024-11-01",2.34,1.04,30,"1995-11-01 2024-11-01",17,11.61,30,"1995-11-01 2024-11-01",1.23,1.55,30,"1995-11-01 2024-11-01",19.93,12.74,30,"1995-11-01 2024-11-01",2.8,2.9,30,"1995-11-01 2024-11-01",,,,
2025-10-01,-0.07,1.26,30,"1995-10-01 2024-10-01",80.56,5.35,30,"1995-10-01 2024-10-01",11.5,2.52,30,"1995-10-01 2024-10-01",27.62,2.85,30,"1995-10-01 2024-10-01",-5.83,1.46,30,"1995-10-01 2024-10-01",40.24,6.63,30,"1995-10-01 2024-10-01",-1.01,1.53,30,"1995-10-01 2024-10-01",2.63,1.1,30,"1995-10-01 2024-10-01",19.91,12.58,30,"1995-10-01 2024-10-01",9.22,6.34,30,"1995-10-01 2024-10-01",12.25,11.26,30,"1995-10-01 2024-10-01",1.6,2.17,28,"1995-10-01 2024-10-01",,,,
2025-09-01,5.72,1.15,30,"1995-09-01 2024-09-01",81.77,6.17,30,"1995-09-01 2024-09-01",18.59,2.64,30,"1995-09-01 2024-09-01",26.52,1.9,30,"1995-09-01 2024-09-01",0.56,1.21,30,"1995-09-01 2024-09-01",38.89,6.96,30,"1995-09-01 2024-09-01",5.15,1.5,30,"1995-09-01 2024-09-01",2.52,1.12,30,"1995-09-01 2024-09-01",37.03,22.49,30,"1995-09-01 2024-09-01",32.75,21.97,30,"1995-09-01 2024-09-01",3.45,8.02,30,"1995-09-01 2024-09-01",0.6,1.96,22,"1995-09-01 2020-09-01",,,,
2025-08-01,10.42,1.25,30,"1995-08-01 2024-08-01",84.18,4.75,30,"1995-08-01 2024-08-01",23.43,1.92,30,"1995-08-01 2024-08-01",26.6,1.59,30,"1995-08-01 2024-08-01",5.14,1.37,30,"1995-08-01 2024-08-01",38.51,6.92,30,"1995-08-01 2024-08-01",9.55,1.3,30,"1995-08-01 2024-08-01",2.05,0.87,30,"1995-08-01 2024-08-01",55.29,27.1,30,"1995-08-01 2024-08-01",54.33,26.93,30,"1995-08-01 2024-08-01",0,0,30,"1995-08-01 2024-08-01",0,0,17,"1995-08-01 2011-08-01",,,,
2025-07-01,12.15,1.31,30,"1995-07-01 2024-07-01",85.31,4.22,30,"1995-07-01 2024-07-01",24.03,1.73,30,"1995-07-01 2024-07-01",28.31,1.81,30,"1995-07-01 2024-07-01",6.24,1.29,30,"1995-07-01 2024-07-01",40.45,5.61,30,"1995-07-01 2024-07-01",10.72,1.35,30,"1995-07-01 2024-07-01",2.41,0.83,30,"1995-07-01 2024-07-01",66.2,38.89,30,"1995-07-01 2024-07-01",65.59,37.17,30,"1995-07-01 2024-07-01",0,0,30,"1995-07-01 2024-07-01",0,0,19,"1995-07-01 2019-07-01",,,,
2025-06-01,8.71,1.26,30,"1995-06-01 2024-06-01",84.31,5.48,30,"1995-06-01 2024-06-01",20.04,1.63,30,"1995-06-01 2024-06-01",29.32,1.5,30,"1995-06-01 2024-06-01",3.05,1.48,30,"1995-06-01 2024-06-01",41.48,6.97,30,"1995-06-01 2024-06-01",7.89,1.15,30,"1995-06-01 2024-06-01",2.99,0.88,30,"1995-06-01 2024-06-01",100.8,47.11,30,"1995-06-01 2024-06-01",100.08,47.36,30,"1995-06-01 2024-06-01",0.13,0.68,30,"1995-06-01 2024-06-01",0,0,19,"1995-06-01 2019-06-01",,,,
2025-05-01,3.5,1.38,30,"1995-05-01 2024-05-01",80.3,5.85,30,"1995-05-01 2024-05-01",16.4,2.27,30,"1995-05-01 2024-05-01",29.98,2.02,30,"1995-05-01 2024-05-01",-2.28,1.65,30,"1995-05-01 2024-05-01",36.84,6.09,30,"1995-05-01 2024-05-01",3.45,1.57,30,"1995-05-01 2024-05-01",3.34,0.85,30,"1995-05-01 2024-05-01",55.87,28.49,30,"1995-05-01 2024-05-01",47.32,28.47,30,"1995-05-01 2024-05-01",9.11,10.25,30,"1995-05-01 2024-05-01",0.5,1.34,27,"1995-05-01 2024-05-01",,,,
2025-04-01,-1.79,1.56,30,"1995-04-01 2024-04-01",79.89,5.05,30,"1995-04-01 2024-04-01",10.4,2.31,30,"1995-04-01 2024-04-01",30,2.54,30,"1995-04-01 2024-04-01",-7.89,1.81,30,"1995-04-01 2024-04-01",37.05,6.39,30,"1995-04-01 2024-04-01",-2.14,1.54,30,"1995-04-01 2024-04-01",3.52,1.01,30,"1995-04-01 2024-04-01",31.07,20.64,30,"1995-04-01 2024-04-01",12.05,14.75,30,"1995-04-01 2024-04-01",22.55,17.09,30,"1995-04-01 2024-04-01",1.5,1.5,29,"1995-04-01 2024-04-01",,,,
2025-03-01,-5.91,2.24,30,"1995-03-01 2024-03-01",82.04,4.21,30,"1995-03-01 2024-03-01",3.47,4.1,30,"1995-03-01 2024-03-01",28.05,3.44,30,"1995-03-01 2024-03-01",-12.52,2.46,30,"1995-03-01 2024-03-01",45.12,9.03,30,"1995-03-01 2024-03-01",-8.07,3.15,30,"1995-03-01 2024-03-01",2.98,1.15,30,"1995-03-01 2024-03-01",18.75,14.06,30,"1995-03-01 2024-03-01",0.91,1.29,30,"1995-03-01 2024-03-01",24.32,17.11,30,"1995-03-01 2024-03-01",3.7,3.25,30,"1995-03-01 2024-03-01",,,,
2025-02-01,-8.84,3.25,30,"1995-02-01 2024-02-01",79.74,4.77,30,"1995-02-01 2024-02-01",-0.16,4.24,30,"1995-02-01 2024-02-01",26.7,3.24,30,"1995-02-01 2024-02-01",-15.76,3.63,30,"1995-02-01 2024-02-01",47.88,6.91,30,"1995-02-01 2024-02-01",-11.78,3.78,30,"1995-02-01 2024-02-01",2.49,0.92,30,"1995-02-01 2024-02-01",14.35,10.36,30,"1995-02-01 2024-02-01",0.09,0.19,30,"1995-02-01 2024-02-01",19.22,13.04,30,"1995-02-01 2024-02-01",4.4,3.39,30,"1995-02-01 2024-02-01",,,,
2025-01-01,-9.42,2.82,30,"1995-01-01 2024-01-01",78.79,3.33,30,"1995-01-01 2024-01-01",-0.93,3.49,30,"1995-01-01 2024-01-01",27.79,4.74,30,"1995-01-01 2024-01-01",-16.66,3.23,30,"1995-01-01 2024-01-01",48.8,4.83,30,"1995-01-01 2024-01-01",-12.67,3.28,30,"1995-01-01 2024-01-01",2.38,1.03,30,"1995-01-01 2024-01-01",11.67,7.48,30,"1995-01-01 2024-01-01",0.21,0.47,30,"1995-01-01 2024-01-01",17.23,9.24,30,"1995-01-01 2024-01-01",5.5,4.52,30,"1995-01-01 2024-01-01",,,,
2024-12-01,-9.25,2.93,30,"1994-12-01 2023-12-01",79.64,4.8,30,"1994-12-01 2023-12-01",-1.02,4.2,30,"1994-12-01 2023-12-01",27.42,4.16,30,"1994-12-01 2023-12-01",-16.22,3.52,30,"1994-12-01 2023-12-01",50.1,6.37,30,"1994-12-01 2023-12-01",-12.39,3.82,30,"1994-12-01 2023-12-01",2.39,0.9,30,"1994-12-01 2023-12-01",15.71,10.47,30,"1994-12-01 2023-12-01",0.37,0.76,30,"1994-12-01 2023-12-01",20.4,12.08,30,"1994-12-01 2023-12-01",5.3,4.68,30,"1994-12-01 2023-12-01",,,,
2024-11-01,-5.35,2.05,30,"1994-11-01 2023-11-01",81.35,3.81,30,"1994-11-01 2023-11-01",3.89,3.5,30,"1994-11-01 2023-11-01",27.74,2.99,30,"1994-11-01 2023-11-01",-11.72,2.44,30,"1994-11-01 2023-11-01",46.76,8.05,30,"1994-11-01 2023-11-01",-7.48,2.82,30,"1994-11-01 2023-11-01",2.3,1.05,30,"1994-11-01 2023-11-01",16.19,10.93,30,"1994-11-01 2023-11-01",1.23,1.55,30,"1994-11-01 2023-11-01",19.43,12.23,30,"1994-11-01 2023-11-01",2.5,2.24,30,"1994-11-01 2023-11-01",,,,
2024-10-01,-0.1,1.24,30,"1994-10-01 2023-10-01",80.67,5.35,30,"1994-10-01 2023-10-01",11.39,2.48,30,"1994-10-01 2023-10-01",27.9,3.11,30,"1994-10-01 2023-10-01",-5.85,1.45,30,"1994-10-01 2023-10-01",40.52,6.56,30,"1994-10-01 2023-10-01",-1.08,1.49,30,"1994-10-01 2023-10-01",2.7,1.08,30,"1994-10-01 2023-10-01",20.93,12.23,30,"1994-10-01 2023-10-01",9.92,6.48,30,"1994-10-01 2023-10-01",12.64,11.06,30,"1994-10-01 2023-10-01",1.6,2.18,28,"1994-10-01 2023-10-01",,,,
2024-09-01,5.63,1.04,30,"1994-09-01 2023-09-01",81.65,6.21,30,"1994-09-01 2023-09-01",18.58,2.62,30,"1994-09-01 2023-09-01",26.53,1.9,30,"1994-09-01 2023-09-01",0.48,1.15,30,"1994-09-01 2023-09-01",38.77,7.03,30,"1994-09-01 2023-09-01",5.06,1.41,30,"1994-09-01 2023-09-01",2.51,1.13,30,"1994-09-01 2023-09-01",34.91,21.89,30,"1994-09-01 2023-09-01",30.63,20.93,30,"1994-09-01 2023-09-01",3.45,8.02,30,"1994-09-01 2023-09-01",0.6,1.92,23,"1994-09-01 2020-09-01",,,,
2024-08-01,10.4,1.24,30,"1994-08-01 2023-08-01",84.25,4.75,30,"1994-08-01 2023-08-01",23.39,1.92,30,"1994-08-01 2023-08-01",26.64,1.63,30,"1994-08-01 2023-08-01",5.1,1.35,30,"1994-08-01 2023-08-01",38.57,6.92,30,"1994-08-01 2023-08-01",9.51,1.28,30,"1994-08-01 2023-08-01",2.03,0.87,30,"1994-08-01 2023-08-01",55.23,27.02,30,"1994-08-01 2023-08-01",54.54,27.13,30,"1994-08-01 2023-08-01",0,0,30,"1994-08-01 2023-08-01",0,0,18,"1994-08-01 2011-08-01",,,,
2024-07-01,12.09,1.31,30,"1994-07-01 2023-07-01",85.45,4.06,30,"1994-07-01 2023-07-01",23.95,1.62,30,"1994-07-01 2023-07-01",28.35,1.82,30,"1994-07-01 2023-07-01",6.24,1.29,30,"1994-07-01 2023-07-01",40.66,5.37,30,"1994-07-01 2023-07-01",10.6,1.22,30,"1994-07-01 2023-07-01",2.35,0.85,30,"1994-07-01 2023-07-01",65.93,39.05,30,"1994-07-01 2023-07-01",65.32,37.34,30,"1994-07-01 2023-07-01",0,0,30,"1994-07-01 2023-07-01",0,0,20,"1994-07-01 2019-07-01",,,,
2024-06-01,8.78,1.16,30,"1994-06-01 2023-06-01",84.52,5.29,30,"1994-06-01 2023-06-01",20.03,1.63,30,"1994-06-01 2023-06-01",29.33,1.52,30,"1994-06-01 2023-06-01",3.15,1.36,30,"1994-06-01 2023-06-01",41.75,6.74,30,"1994-06-01 2023-06-01",7.88,1.16,30,"1994-06-01 2023-06-01",2.94,0.93,30,"1994-06-01 2023-06-01",100.3,47.37,30,"1994-06-01 2023-06-01",99.59,47.61,30,"1994-06-01 2023-06-01",0.13,0.68,30,"1994-06-01 2023-06-01",0,0,20,"1994-06-01 2019-06-01",,,,
2024-05-01,3.52,1.39,30,"1994-05-01 2023-05-01",80.23,5.83,30,"1994-05-01 2023-05-01",16.46,2.26,30,"1994-05-01 2023-05-01",29.88,2.01,30,"1994-05-01 2023-05-01",-2.25,1.66,30,"1994-05-01 2023-05-01",36.9,6.1,30,"1994-05-01 2023-05-01",3.45,1.57,30,"1994-05-01 2023-05-01",3.31,0.89,30,"1994-05-01 2023-05-01",55.89,28.5,30,"1994-05-01 2023-05-01",47.64,28.59,30,"1994-05-01 2023-05-01",8.81,10.38,30,"1994-05-01 2023-05-01",0.5,1.34,27,"1994-05-01 2023-05-01",,,,
2024-04-01,-1.74,1.57,30,"1994-04-01 2023-04-01",79.95,5.02,30,"1994-04-01 2023-04-01",10.45,2.34,30,"1994-04-01 2023-04-01",29.89,2.49,30,"1994-04-01 2023-04-01",-7.86,1.82,30,"1994-04-01 2023-04-01",37.08,6.37,30,"1994-04-01 2023-04-01",-2.16,1.52,30,"1994-04-01 2023-04-01",3.42,0.99,30,"1994-04-01 2023-04-01",29.88,20.64,30,"1994-04-01 2023-04-01",11.62,14.86,30,"1994-04-01 2023-04-01",21.91,17.08,30,"1994-04-01 2023-04-01",1.5,1.51,29,"1994-04-01 2023-04-01",,,,
2024-03-01,-5.78,2.29,30,"1994-03-01 2023-03-01",81.97,4.19,30,"1994-03-01 2023-03-01",3.76,4.22,30,"1994-03-01 2023-03-01",28.27,3.51,30,"1994-03-01 2023-03-01",-12.44,2.49,30,"1994-03-01 2023-03-01",44.46,9.27,30,"1994-03-01 2023-03-01",-7.93,3.19,30,"1994-03-01 2023-03-01",2.83,1.02,30,"1994-03-01 2023-03-01",17.11,12.24,30,"1994-03-01 2023-03-01",0.93,1.29,30,"1994-03-01 2023-03-01",22.46,15.14,30,"1994-03-01 2023-03-01",3.4,3.14,30,"1994-03-01 2023-03-01",,,,
2024-02-01,-9.15,3.44,30,"1994-02-01 2023-02-01",79.54,4.73,30,"1994-02-01 2023-02-01",-0.48,4.45,30,"1994-02-01 2023-02-01",26.95,3.4,30,"1994-02-01 2023-02-01",-16.09,3.8,30,"1994-02-01 2023-02-01",47.87,6.91,30,"1994-02-01 2023-02-01",-12.09,3.98,30,"1994-02-01 2023-02-01",2.46,0.86,30,"1994-02-01 2023-02-01",14.06,10.37,30,"1994-02-01 2023-02-01",0.06,0.14,30,"1994-02-01 2023-02-01",18.96,13.07,30,"1994-02-01 2023-02-01",4.4,3.38,30,"1994-02-01 2023-02-01",,,,
2024-01-01,-9.35,2.81,30,"1994-01-01 2023-01-01",78.97,3.65,30,"1994-01-01 2023-01-01",-0.92,3.48,30,"1994-01-01 2023-01-01",28.01,4.65,30,"1994-01-01 2023-01-01",-16.66,3.22,30,"1994-01-01 2023-01-01",49.08,5.3,30,"1994-01-01 2023-01-01",-12.7,3.29,30,"1994-01-01 2023-01-01",2.36,1.03,30,"1994-01-01 2023-01-01",11.1,6.84,30,"1994-01-01 2023-01-01",0.15,0.33,30,"1994-01-01 2023-01-01",17.01,9.06,30,"1994-01-01 2023-01-01",5.3,4.53,30,"1994-01-01 2023-01-01",,,,
2023-12-01,-9.28,2.88,30,"1993-12-01 2022-12-01",79.84,4.98,30,"1993-12-01 2022-12-01",-1.07,4.11,30,"1993-12-01 2022-12-01",27.65,4.18,30,"1993-12-01 2022-12-01",-16.29,3.4,30,"1993-12-01 2022-12-01",50.18,6.29,30,"1993-12-01 2022-12-01",-12.5,3.65,30,"1993-12-01 2022-12-01",2.36,0.9,30,"1993-12-01 2022-12-01",15.12,10.64,30,"1993-12-01 2022-12-01",0.3,0.69,30,"1993-12-01 2022-12-01",19.98,12.27,30,"1993-12-01 2022-12-01",5.2,4.76,30,"1993-12-01 2022-12-01",,,,
2023-11-01,-5.42,2.04,30,"1993-11-01 2022-11-01",81.47,3.79,30,"1993-11-01 2022-11-01",3.73,3.41,30,"1993-11-01 2022-11-01",27.97,3.14,30,"1993-11-01 2022-11-01",-11.81,2.43,30,"1993-11-01 2022-11-01",47.1,7.71,30,"1993-11-01 2022-11-01",-7.65,2.76,30,"1993-11-01 2022-11-01",2.35,1.04,30,"1993-11-01 2022-11-01",16.42,10.72,30,"1993-11-01 2022-11-01",1.28,1.56,30,"1993-11-01 2022-11-01",19.66,12.02,30,"1993-11-01 2022-11-01",2.6,2.23,30,"1993-11-01 2022-11-01",,,,
2023-10-01,-0.09,1.24,30,"1993-10-01 2022-10-01",80.65,5.33,30,"1993-10-01 2022-10-01",11.47,2.5,30,"1993-10-01 2022-10-01",28.12,3.04,30,"1993-10-01 2022-10-01",-5.87,1.44,30,"1993-10-01 2022-10-01",40.21,6.45,30,"1993-10-01 2022-10-01",-1.09,1.49,30,"1993-10-01 2022-10-01",2.68,1.08,30,"1993-10-01 2022-10-01",20,12.04,30,"1993-10-01 2022-10-01",9.32,6.04,30,"1993-10-01 2022-10-01",12.25,11.14,30,"1993-10-01 2022-10-01",1.4,1.82,28,"1993-10-01 2022-10-01",,,,
2023-09-01,5.6,1.04,30,"1993-09-01 2022-09-01",81.97,6.22,30,"1993-09-01 2022-09-01",18.49,2.63,30,"1993-09-01 2022-09-01",26.58,1.94,30,"1993-09-01 2022-09-01",0.46,1.14,30,"1993-09-01 2022-09-01",38.94,7.01,30,"1993-09-01 2022-09-01",4.95,1.37,30,"1993-09-01 2022-09-01",2.45,1.15,30,"1993-09-01 2022-09-01",35.07,21.79,30,"1993-09-01 2022-09-01",30.79,20.86,30,"1993-09-01 2022-09-01",3.45,8.02,30,"1993-09-01 2022-09-01",0.6,1.89,24,"1993-09-01 2020-09-01",,,,
2023-08-01,10.39,1.24,30,"1993-08-01 2022-08-01",84.59,4.96,30,"1993-08-01 2022-08-01",23.19,2.02,30,"1993-08-01 2022-08-01",26.61,1.62,30,"1993-08-01 2022-08-01",5.13,1.36,30,"1993-08-01 2022-08-01",39.12,7.12,30,"1993-08-01 2022-08-01",9.41,1.26,30,"1993-08-01 2022-08-01",2.02,0.88,30,"1993-08-01 2022-08-01",56.4,27.56,30,"1993-08-01 2022-08-01",55.72,27.7,30,"1993-08-01 2022-08-01",0,0,30,"1993-08-01 2022-08-01",0,0,19,"1993-08-01 2011-08-01",,,,
2023-07-01,12.03,1.36,30,"1993-07-01 2022-07-01",85.7,4.17,30,"1993-07-01 2022-07-01",23.73,1.88,30,"1993-07-01 2022-07-01",28.33,1.82,30,"1993-07-01 2022-07-01",6.22,1.3,30,"1993-07-01 2022-07-01",41.17,5.54,30,"1993-07-01 2022-07-01",10.48,1.29,30,"1993-07-01 2022-07-01",2.38,0.85,30,"1993-07-01 2022-07-01",67.27,38.93,30,"1993-07-01 2022-07-01",66.66,37.23,30,"1993-07-01 2022-07-01",0,0,30,"1993-07-01 2022-07-01",0,0,21,"1993-07-01 2019-07-01",,,,
2023-06-01,8.73,1.17,30,"1993-06-01 2022-06-01",84.68,5.24,30,"1993-06-01 2022-06-01",19.88,1.56,30,"1993-06-01 2022-06-01",29.27,1.41,30,"1993-06-01 2022-06-01",3.1,1.36,30,"1993-06-01 2022-06-01",41.94,6.65,30,"1993-06-01 2022-06-01",7.8,1.13,30,"1993-06-01 2022-06-01",2.95,0.94,30,"1993-06-01 2022-06-01",100.63,47.19,30,"1993-06-01 2022-06-01",99.92,47.44,30,"1993-06-01 2022-06-01",0.13,0.68,30,"1993-06-01 2022-06-01",0,0,21,"1993-06-01 2019-06-01",,,,
2023-05-01,3.49,1.34,30,"1993-05-01 2022-05-01",80.33,5.8,30,"1993-05-01 2022-05-01",16.32,2.01,30,"1993-05-01 2022-05-01",29.9,1.99,30,"1993-05-01 2022-05-01",-2.27,1.62,30,"1993-05-01 2022-05-01",37.28,5.94,30,"1993-05-01 2022-05-01",3.37,1.43,30,"1993-05-01 2022-05-01",3.26,0.96,30,"1993-05-01 2022-05-01",56.22,28.26,30,"1993-05-01 2022-05-01",47.97,28.44,30,"1993-05-01 2022-05-01",8.81,10.38,30,"1993-05-01 2022-05-01",0.5,1.34,27,"1993-05-01 2022-05-01",,,,
2023-04-01,-1.7,1.6,30,"1993-04-01 2022-04-01",80.1,5.08,30,"1993-04-01 2022-04-01",10.43,2.34,30,"1993-04-01 2022-04-01",29.81,2.59,30,"1993-04-01 2022-04-01",-7.76,1.86,30,"1993-04-01 2022-04-01",37.35,6.29,30,"1993-04-01 2022-04-01",-2.13,1.53,30,"1993-04-01 2022-04-01",3.39,1.03,30,"1993-04-01 2022-04-01",29.84,20.68,30,"1993-04-01 2022-04-01",11.68,14.83,30,"1993-04-01 2022-04-01",21.82,17.18,30,"1993-04-01 2022-04-01",1.4,1.52,29,"1993-04-01 2022-04-01",,,,
2023-03-01,-5.62,2.26,30,"1993-03-01 2022-03-01",81.82,4.11,30,"1993-03-01 2022-03-01",3.96,4.11,30,"1993-03-01 2022-03-01",28.39,3.41,30,"1993-03-01 2022-03-01",-12.27,2.49,30,"1993-03-01 2022-03-01",44.42,9.25,30,"1993-03-01 2022-03-01",-7.72,3.15,30,"1993-03-01 2022-03-01",2.79,1.04,30,"1993-03-01 2022-03-01",17.04,12.23,30,"1993-03-01 2022-03-01",0.93,1.29,30,"1993-03-01 2022-03-01",22.73,15.13,30,"1993-03-01 2022-03-01",3.1,2.98,30,"1993-03-01 2022-03-01",,,,
2023-02-01,-9.17,3.44,30,"1993-02-01 2022-02-01",79.62,4.71,30,"1993-02-01 2022-02-01",-0.55,4.44,30,"1993-02-01 2022-02-01",26.83,3.41,30,"1993-02-01 2022-02-01",-16.11,3.8,30,"1993-02-01 2022-02-01",48.13,6.81,30,"1993-02-01 2022-02-01",-12.16,3.98,30,"1993-02-01 2022-02-01",2.39,0.88,30,"1993-02-01 2022-02-01",13.45,9.96,30,"1993-02-01 2022-02-01",0.06,0.14,30,"1993-02-01 2022-02-01",18.54,12.84,30,"1993-02-01 2022-02-01",4.4,3.37,30,"1993-02-01 2022-02-01",,,,
2023-01-01,-9.55,2.78,30,"1993-01-01 2022-01-01",78.81,3.57,30,"1993-01-01 2022-01-01",-1.17,3.5,30,"1993-01-01 2022-01-01",28.07,4.6,30,"1993-01-01 2022-01-01",-16.95,3.24,30,"1993-01-01 2022-01-01",49.17,5.33,30,"1993-01-01 2022-01-01",-12.96,3.34,30,"1993-01-01 2022-01-01",2.32,1.08,30,"1993-01-01 2022-01-01",10.59,6.86,30,"1993-01-01 2022-01-01",0.15,0.33,30,"1993-01-01 2022-01-01",16.42,9.27,30,"1993-01-01 2022-01-01",5.4,4.53,30,"1993-01-01 2022-01-01",,,,
2022-12-01,-9.31,2.92,30,"1992-12-01 2021-12-01",79.79,4.96,30,"1992-12-01 2021-12-01",-1.07,4.11,30,"1992-12-01 2021-12-01",27.65,4.18,30,"1992-12-01 2021-12-01",-16.33,3.46,30,"1992-12-01 2021-12-01",50.01,6.24,30,"1992-12-01 2021-12-01",-12.5,3.66,30,"1992-12-01 2021-12-01",2.29,0.88,30,"1992-12-01 2021-12-01",14.91,10.63,30,"1992-12-01 2021-12-01",0.29,0.7,30,"1992-12-01 2021-12-01",19.77,12.22,30,"1992-12-01 2021-12-01",5,4.79,30,"1992-12-01 2021-12-01",,,,
2022-11-01,-5.24,2,30,"1992-11-01 2021-11-01",81.61,3.88,30,"1992-11-01 2021-11-01",3.87,3.32,30,"1992-11-01 2021-11-01",27.85,3.16,30,"1992-11-01 2021-11-01",-11.62,2.39,30,"1992-11-01 2021-11-01",47.36,7.89,30,"1992-11-01 2021-11-01",-7.5,2.71,30,"1992-11-01 2021-11-01",2.26,0.93,30,"1992-11-01 2021-11-01",16.63,11.09,30,"1992-11-01 2021-11-01",1.69,2.49,30,"1992-11-01 2021-11-01",19.93,12.33,30,"1992-11-01 2021-11-01",2.4,2.11,30,"1992-11-01 2021-11-01",,,,
2022-10-01,-0.12,1.21,30,"1992-10-01 2021-10-01",80.79,5.37,30,"1992-10-01 2021-10-01",11.3,2.35,30,"1992-10-01 2021-10-01",28.25,2.97,30,"1992-10-01 2021-10-01",-5.92,1.36,30,"1992-10-01 2021-10-01",40.53,6.4,30,"1992-10-01 2021-10-01",-1.17,1.38,30,"1992-10-01 2021-10-01",2.65,1.11,30,"1992-10-01 2021-10-01",19.51,11.95,30,"1992-10-01 2021-10-01",9.51,6.01,30,"1992-10-01 2021-10-01",11.59,11,30,"1992-10-01 2021-10-01",1.2,1.71,28,"1992-10-01 2021-10-01",,,,
2022-09-01,5.53,1.07,30,"1992-09-01 2021-09-01",82.34,6,30,"1992-09-01 2021-09-01",18.27,2.57,30,"1992-09-01 2021-09-01",26.73,2.01,30,"1992-09-01 2021-09-01",0.39,1.18,30,"1992-09-01 2021-09-01",39.32,6.76,30,"1992-09-01 2021-09-01",4.79,1.3,30,"1992-09-01 2021-09-01",2.44,1.16,30,"1992-09-01 2021-09-01",36.31,21.43,30,"1992-09-01 2021-09-01",31.65,20.55,30,"1992-09-01 2021-09-01",3.87,8.15,30,"1992-09-01 2021-09-01",0.5,1.85,25,"1992-09-01 2020-09-01",,,,
2022-08-01,10.29,1.24,30,"1992-08-01 2021-08-01",84.77,4.82,30,"1992-08-01 2021-08-01",22.98,1.92,30,"1992-08-01 2021-08-01",26.52,1.63,30,"1992-08-01 2021-08-01",5.03,1.38,30,"1992-08-01 2021-08-01",39.45,6.99,30,"1992-08-01 2021-08-01",9.23,1.15,30,"1992-08-01 2021-08-01",1.99,0.87,30,"1992-08-01 2021-08-01",56.78,27.27,30,"1992-08-01 2021-08-01",56.06,27.44,30,"1992-08-01 2021-08-01",0.03,0.18,30,"1992-08-01 2021-08-01",0,0,20,"1992-08-01 2011-08-01",,,,
2022-07-01,11.95,1.37,30,"1992-07-01 2021-07-01",85.95,4.25,30,"1992-07-01 2021-07-01",23.55,2.01,30,"1992-07-01 2021-07-01",28.3,1.84,30,"1992-07-01 2021-07-01",6.2,1.29,30,"1992-07-01 2021-07-01",41.55,5.79,30,"1992-07-01 2021-07-01",10.37,1.28,30,"1992-07-01 2021-07-01",2.33,0.86,30,"1992-07-01 2021-07-01",67.67,38.96,30,"1992-07-01 2021-07-01",67.06,37.26,30,"1992-07-01 2021-07-01",0,0,30,"1992-07-01 2021-07-01",0,0,22,"1992-07-01 2019-07-01",,,,
2022-06-01,8.79,1.2,30,"1992-06-01 2021-06-01",84.84,5.24,30,"1992-06-01 2021-06-01",19.9,1.56,30,"1992-06-01 2021-06-01",29.21,1.38,30,"1992-06-01 2021-06-01",3.16,1.4,30,"1992-06-01 2021-06-01",42.17,6.72,30,"1992-06-01 2021-06-01",7.81,1.14,30,"1992-06-01 2021-06-01",2.93,0.94,30,"1992-06-01 2021-06-01",101.94,48.73,30,"1992-06-01 2021-06-01",101.23,48.98,30,"1992-06-01 2021-06-01",0.13,0.68,30,"1992-06-01 2021-06-01",0,0,22,"1992-06-01 2019-06-01",,,,
2022-05-01,3.54,1.28,30,"1992-05-01 2021-05-01",80.65,5.47,30,"1992-05-01 2021-05-01",16.32,2.01,30,"1992-05-01 2021-05-01",30,2.04,30,"1992-05-01 2021-05-01",-2.19,1.53,30,"1992-05-01 2021-05-01",37.58,5.68,30,"1992-05-01 2021-05-01",3.36,1.43,30,"1992-05-01 2021-05-01",3.35,1.07,30,"1992-05-01 2021-05-01",57.34,27.15,30,"1992-05-01 2021-05-01",48.73,27.75,30,"1992-05-01 2021-05-01",9.25,10.31,30,"1992-05-01 2021-05-01",0.5,1.34,27,"1992-05-01 2021-05-01",,,,
2022-04-01,-1.57,1.52,30,"1992-04-01 2021-04-01",80.12,5.06,30,"1992-04-01 2021-04-01",10.62,2.34,30,"1992-04-01 2021-04-01",29.88,2.6,30,"1992-04-01 2021-04-01",-7.6,1.75,30,"1992-04-01 2021-04-01",37.35,6.28,30,"1992-04-01 2021-04-01",-2.03,1.53,30,"1992-04-01 2021-04-01",3.38,1.01,30,"1992-04-01 2021-04-01",29.31,20.6,30,"1992-04-01 2021-04-01",12.08,14.67,30,"1992-04-01 2021-04-01",20.95,16.74,30,"1992-04-01 2021-04-01",1.3,1.44,29,"1992-04-01 2021-04-01",,,,
2022-03-01,-5.58,2.27,30,"1992-03-01 2021-03-01",81.57,4.37,30,"1992-03-01 2021-03-01",4.1,4.26,30,"1992-03-01 2021-03-01",28.2,3.44,30,"1992-03-01 2021-03-01",-12.21,2.53,30,"1992-03-01 2021-03-01",44.29,9.37,30,"1992-03-01 2021-03-01",-7.68,3.18,30,"1992-03-01 2021-03-01",2.75,1.02,30,"1992-03-01 2021-03-01",16.98,12.27,30,"1992-03-01 2021-03-01",0.93,1.29,30,"1992-03-01 2021-03-01",22.72,15.13,30,"1992-03-01 2021-03-01",3.1,3.02,30,"1992-03-01 2021-03-01",,,,
2022-02-01,-9.13,3.46,30,"1992-02-01 2021-02-01",79.65,4.69,30,"1992-02-01 2021-02-01",-0.45,4.51,30,"1992-02-01 2021-02-01",26.63,3.36,30,"1992-02-01 2021-02-01",-16.04,3.82,30,"1992-02-01 2021-02-01",48.24,6.75,30,"1992-02-01 2021-02-01",-12.14,3.99,30,"1992-02-01 2021-02-01",2.37,0.85,30,"1992-02-01 2021-02-01",12.77,9.9,30,"1992-02-01 2021-02-01",0.06,0.14,30,"1992-02-01 2021-02-01",17.72,12.71,30,"1992-02-01 2021-02-01",4.3,3.43,30,"1992-02-01 2021-02-01",,,,
2022-01-01,-9.4,2.87,30,"1992-01-01 2021-01-01",78.86,3.52,30,"1992-01-01 2021-01-01",-1.04,3.66,30,"1992-01-01 2021-01-01",28.01,4.53,30,"1992-01-01 2021-01-01",-16.8,3.34,30,"1992-01-01 2021-01-01",49.16,5.34,30,"1992-01-01 2021-01-01",-12.82,3.48,30,"1992-01-01 2021-01-01",2.29,1.05,30,"1992-01-01 2021-01-01",10.55,6.9,30,"1992-01-01 2021-01-01",0.14,0.33,30,"1992-01-01 2021-01-01",16.43,9.24,30,"1992-01-01 2021-01-01",5.3,4.62,30,"1992-01-01 2021-01-01",,,,
2021-12-01,-9.09,2.82,30,"1991-12-01 2020-12-01",79.64,4.99,30,"1991-12-01 2020-12-01",-0.67,4.03,30,"1991-12-01 2020-12-01",27.77,4.19,30,"1991-12-01 2020-12-01",-16.06,3.38,30,"1991-12-01 2020-12-01",49.46,6.54,30,"1991-12-01 2020-12-01",-12.2,3.62,30,"1991-12-01 2020-12-01",2.29,0.88,30,"1991-12-01 2020-12-01",14.21,10.78,30,"1991-12-01 2020-12-01",0.28,0.7,30,"1991-12-01 2020-12-01",19.01,12.55,30,"1991-12-01 2020-12-01",4.9,4.87,30,"1991-12-01 2020-12-01",,,,
2021-11-01,-5.27,1.99,30,"1991-11-01 2020-11-01",81.89,3.77,30,"1991-11-01 2020-11-01",3.7,3.21,30,"1991-11-01 2020-11-01",27.72,3.13,30,"1991-11-01 2020-11-01",-11.67,2.38,30,"1991-11-01 2020-11-01",47.78,7.5,30,"1991-11-01 2020-11-01",-7.64,2.67,30,"1991-11-01 2020-11-01",2.24,0.94,30,"1991-11-01 2020-11-01",16.82,10.92,30,"1991-11-01 2020-11-01",1.67,2.5,30,"1991-11-01 2020-11-01",20.26,12.02,30,"1991-11-01 2020-11-01",2.5,2.07,30,"1991-11-01 2020-11-01",,,,
2021-10-01,-0.2,1.3,30,"1991-10-01 2020-10-01",80.73,5.42,30,"1991-10-01 2020-10-01",11.17,2.39,30,"1991-10-01 2020-10-01",28.37,3,30,"1991-10-01 2020-10-01",-6.03,1.52,30,"1991-10-01 2020-10-01",40.82,6.34,30,"1991-10-01 2020-10-01",-1.29,1.49,30,"1991-10-01 2020-10-01",2.63,1.11,30,"1991-10-01 2020-10-01",19.17,11.91,30,"1991-10-01 2020-10-01",8.76,5.69,30,"1991-10-01 2020-10-01",12.25,11.13,30,"1991-10-01 2020-10-01",1.2,1.73,28,"1991-10-01 2020-10-01",,,,
2021-09-01,5.56,1.07,30,"1991-09-01 2020-09-01",82.7,5.81,30,"1991-09-01 2020-09-01",18.23,2.54,30,"1991-09-01 2020-09-01",26.6,2.13,30,"1991-09-01 2020-09-01",0.41,1.17,30,"1991-09-01 2020-09-01",39.49,6.59,30,"1991-09-01 2020-09-01",4.71,1.27,30,"1991-09-01 2020-09-01",2.44,1.16,30,"1991-09-01 2020-09-01",36.63,21.2,30,"1991-09-01 2020-09-01",31.97,20.38,30,"1991-09-01 2020-09-01",3.87,8.15,30,"1991-09-01 2020-09-01",0.5,1.82,26,"1991-09-01 2020-09-01",,,,
2021-08-01,10.34,1.25,30,"1991-08-01 2020-08-01",84.87,4.76,30,"1991-08-01 2020-08-01",23.03,1.96,30,"1991-08-01 2020-08-01",26.29,1.69,30,"1991-08-01 2020-08-01",5.09,1.4,30,"1991-08-01 2020-08-01",39.49,6.97,30,"1991-08-01 2020-08-01",9.24,1.16,30,"1991-08-01 2020-08-01",1.92,0.91,30,"1991-08-01 2020-08-01",56.37,27.06,30,"1991-08-01 2020-08-01",55.67,27.24,30,"1991-08-01 2020-08-01",0.03,0.18,30,"1991-08-01 2020-08-01",0,0,21,"1991-08-01 2011-08-01",,,,
2021-07-01,11.85,1.37,30,"1991-07-01 2020-07-01",85.98,4.23,30,"1991-07-01 2020-07-01",23.45,1.94,30,"1991-07-01 2020-07-01",28.34,1.78,30,"1991-07-01 2020-07-01",6.11,1.26,30,"1991-07-01 2020-07-01",41.5,5.83,30,"1991-07-01 2020-07-01",10.24,1.18,30,"1991-07-01 2020-07-01",2.32,0.86,30,"1991-07-01 2020-07-01",66.6,39.54,30,"1991-07-01 2020-07-01",65.99,37.86,30,"1991-07-01 2020-07-01",0,0,30,"1991-07-01 2020-07-01",0,0,23,"1991-07-01 2019-07-01",,,,
2021-06-01,8.75,1.2,30,"1991-06-01 2020-06-01",85.18,5.04,30,"1991-06-01 2020-06-01",19.7,1.28,30,"1991-06-01 2020-06-01",29.24,1.39,30,"1991-06-01 2020-06-01",3.17,1.4,30,"1991-06-01 2020-06-01",42.63,6.34,30,"1991-06-01 2020-06-01",7.71,1.03,30,"1991-06-01 2020-06-01",2.91,0.94,30,"1991-06-01 2020-06-01",104.71,46.9,30,"1991-06-01 2020-06-01",103.99,47.21,30,"1991-06-01 2020-06-01",0.13,0.68,30,"1991-06-01 2020-06-01",0,0,23,"1991-06-01 2019-06-01",,,,
2021-05-01,3.62,1.32,30,"1991-05-01 2020-05-01",80.92,5.66,30,"1991-05-01 2020-05-01",16.31,2.02,30,"1991-05-01 2020-05-01",29.89,2.05,30,"1991-05-01 2020-05-01",-2.09,1.55,30,"1991-05-01 2020-05-01",37.85,5.8,30,"1991-05-01 2020-05-01",3.37,1.43,30,"1991-05-01 2020-05-01",3.31,1.07,30,"1991-05-01 2020-05-01",59.37,27.69,30,"1991-05-01 2020-05-01",51.01,28.69,30,"1991-05-01 2020-05-01",9.01,10.43,30,"1991-05-01 2020-05-01",0.5,1.34,27,"1991-05-01 2020-05-01",,,,
2021-04-01,-1.51,1.48,30,"1991-04-01 2020-04-01",80.33,4.86,30,"1991-04-01 2020-04-01",10.65,2.36,30,"1991-04-01 2020-04-01",29.94,2.63,30,"1991-04-01 2020-04-01",-7.51,1.68,30,"1991-04-01 2020-04-01",37.43,6.17,30,"1991-04-01 2020-04-01",-2.02,1.53,30,"1991-04-01 2020-04-01",3.41,1.03,30,"1991-04-01 2020-04-01",29.19,20.72,30,"1991-04-01 2020-04-01",12.18,14.6,30,"1991-04-01 2020-04-01",20.72,16.93,30,"1991-04-01 2020-04-01",1.2,1.45,29,"1991-04-01 2020-04-01",,,,
2021-03-01,-5.66,2.27,30,"1991-03-01 2020-03-01",81.68,4.34,30,"1991-03-01 2020-03-01",3.88,4.18,30,"1991-03-01 2020-03-01",28.05,3.46,30,"1991-03-01 2020-03-01",-12.28,2.53,30,"1991-03-01 2020-03-01",44.84,8.96,30,"1991-03-01 2020-03-01",-7.84,3.13,30,"1991-03-01 2020-03-01",2.71,1.02,30,"1991-03-01 2020-03-01",17.43,12.16,30,"1991-03-01 2020-03-01",1.14,1.59,30,"1991-03-01 2020-03-01",23.15,14.97,30,"1991-03-01 2020-03-01",3.1,3.01,30,"1991-03-01 2020-03-01",,,,
2021-02-01,-8.71,3.54,30,"1991-02-01 2020-02-01",79.96,4.83,30,"1991-02-01 2020-02-01",0.02,4.47,30,"1991-02-01 2020-02-01",26.75,3.46,30,"1991-02-01 2020-02-01",-15.59,3.93,30,"1991-02-01 2020-02-01",48.14,6.73,30,"1991-02-01 2020-02-01",-11.72,4.1,30,"1991-02-01 2020-02-01",2.31,0.75,30,"1991-02-01 2020-02-01",12.33,9.51,30,"1991-02-01 2020-02-01",0.1,0.25,30,"1991-02-01 2020-02-01",17.11,12.36,30,"1991-02-01 2020-02-01",3.8,2.71,30,"1991-02-01 2020-02-01",,,,
2021-01-01,-9.55,2.87,30,"1991-01-01 2020-01-01",78.69,3.63,30,"1991-01-01 2020-01-01",-1.18,3.65,30,"1991-01-01 2020-01-01",28.05,4.53,30,"1991-01-01 2020-01-01",-16.96,3.34,30,"1991-01-01 2020-01-01",49.09,5.38,30,"1991-01-01 2020-01-01",-12.98,3.43,30,"1991-01-01 2020-01-01",2.28,1.04,30,"1991-01-01 2020-01-01",10.65,6.84,30,"1991-01-01 2020-01-01",0.13,0.33,30,"1991-01-01 2020-01-01",16.55,9.16,30,"1991-01-01 2020-01-01",5.2,4.67,30,"1991-01-01 2020-01-01",,,,
2020-12-01,-9.29,2.82,30,"1990-12-01 2019-12-01",79.62,4.99,30,"1990-12-01 2019-12-01",-0.94,4.01,30,"1990-12-01 2019-12-01",28.06,4.4,30,"1990-12-01 2019-12-01",-16.32,3.42,30,"1990-12-01 2019-12-01",49.62,6.5,30,"1990-12-01 2019-12-01",-12.47,3.63,30,"1990-12-01 2019-12-01",2.38,0.99,30,"1990-12-01 2019-12-01",13.35,9.88,30,"1990-12-01 2019-12-01",0.3,0.7,30,"1990-12-01 2019-12-01",18.26,11.95,30,"1990-12-01 2019-12-01",4.7,4.89,30,"1990-12-01 2019-12-01",,,,
2020-11-01,-5.32,1.99,30,"1990-11-01 2019-11-01",82.01,3.79,30,"1990-11-01 2019-11-01",3.54,3.21,30,"1990-11-01 2019-11-01",27.86,3.31,30,"1990-11-01 2019-11-01",-11.69,2.38,30,"1990-11-01 2019-11-01",48.13,7.38,30,"1990-11-01 2019-11-01",-7.73,2.67,30,"1990-11-01 2019-11-01",2.19,0.94,30,"1990-11-01 2019-11-01",16.92,10.94,30,"1990-11-01 2019-11-01",1.59,2.5,30,"1990-11-01 2019-11-01",20.68,12.17,30,"1990-11-01 2019-11-01",2.5,2.05,30,"1990-11-01 2019-11-01",,,,
2020-10-01,-0.25,1.34,30,"1990-10-01 2019-10-01",80.4,5.4,30,"1990-10-01 2019-10-01",11.26,2.32,30,"1990-10-01 2019-10-01",28.55,3.11,30,"1990-10-01 2019-10-01",-6.1,1.58,30,"1990-10-01 2019-10-01",40.31,6.31,30,"1990-10-01 2019-10-01",-1.31,1.5,30,"1990-10-01 2019-10-01",2.56,1.14,30,"1990-10-01 2019-10-01",18.81,11.93,30,"1990-10-01 2019-10-01",8.82,5.64,30,"1990-10-01 2019-10-01",11.68,10.74,30,"1990-10-01 2019-10-01",1.1,1.59,28,"1990-10-01 2019-10-01",,,,
2020-09-01,5.54,1.06,30,"1990-09-01 2019-09-01",82.65,5.84,30,"1990-09-01 2019-09-01",18.31,2.64,30,"1990-09-01 2019-09-01",26.53,2.13,30,"1990-09-01 2019-09-01",0.37,1.15,30,"1990-09-01 2019-09-01",39.24,6.83,30,"1990-09-01 2019-09-01",4.68,1.23,30,"1990-09-01 2019-09-01",2.42,1.17,30,"1990-09-01 2019-09-01",36.2,21.65,30,"1990-09-01 2019-09-01",31.54,20.75,30,"1990-09-01 2019-09-01",3.87,8.15,30,"1990-09-01 2019-09-01",0.5,1.82,26,"1990-09-01 2019-09-01",,,,
2020-08-01,10.37,1.26,30,"1990-08-01 2019-08-01",85.2,4.69,30,"1990-08-01 2019-08-01",22.97,1.92,30,"1990-08-01 2019-08-01",26.12,1.66,30,"1990-08-01 2019-08-01",5.2,1.38,30,"1990-08-01 2019-08-01",39.94,6.61,30,"1990-08-01 2019-08-01",9.22,1.14,30,"1990-08-01 2019-08-01",1.88,0.91,30,"1990-08-01 2019-08-01",57.81,25.95,30,"1990-08-01 2019-08-01",57.11,26.17,30,"1990-08-01 2019-08-01",0.03,0.18,30,"1990-08-01 2019-08-01",0,0,22,"1990-08-01 2011-08-01",,,,
2020-07-01,11.81,1.38,30,"1990-07-01 2019-07-01",85.96,4.24,30,"1990-07-01 2019-07-01",23.42,1.96,30,"1990-07-01 2019-07-01",28.36,1.78,30,"1990-07-01 2019-07-01",6.11,1.26,30,"1990-07-01 2019-07-01",41.56,5.85,30,"1990-07-01 2019-07-01",10.22,1.17,30,"1990-07-01 2019-07-01",2.28,0.89,30,"1990-07-01 2019-07-01",66.67,39.57,30,"1990-07-01 2019-07-01",66.06,37.89,30,"1990-07-01 2019-07-01",0,0,30,"1990-07-01 2019-07-01",0,0,24,"1990-07-01 2019-07-01",,,,
2020-06-01,8.69,1.21,30,"1990-06-01 2019-06-01",85.01,5.19,30,"1990-06-01 2019-06-01",19.7,1.28,30,"1990-06-01 2019-06-01",29.41,1.66,30,"1990-06-01 2019-06-01",3.15,1.41,30,"1990-06-01 2019-06-01",42.62,6.34,30,"1990-06-01 2019-06-01",7.68,1.02,30,"1990-06-01 2019-06-01",2.88,0.94,30,"1990-06-01 2019-06-01",101.02,45.82,30,"1990-06-01 2019-06-01",100.31,46.07,30,"1990-06-01 2019-06-01",0.13,0.68,30,"1990-06-01 2019-06-01",0,0,24,"1990-06-01 2019-06-01",,,,
2020-05-01,3.65,1.33,30,"1990-05-01 2019-05-01",81.05,5.7,30,"1990-05-01 2019-05-01",16.3,2.02,30,"1990-05-01 2019-05-01",29.92,2.03,30,"1990-05-01 2019-05-01",-2.08,1.55,30,"1990-05-01 2019-05-01",37.94,5.83,30,"1990-05-01 2019-05-01",3.33,1.43,30,"1990-05-01 2019-05-01",3.28,1.13,30,"1990-05-01 2019-05-01",59.03,27.1,30,"1990-05-01 2019-05-01",50.35,27.53,30,"1990-05-01 2019-05-01",9.47,10.33,30,"1990-05-01 2019-05-01",0.5,1.33,27,"1990-05-01 2019-05-01",,,,
2020-04-01,-1.43,1.45,30,"1990-04-01 2019-04-01",80.39,4.83,30,"1990-04-01 2019-04-01",10.74,2.31,30,"1990-04-01 2019-04-01",30.02,2.65,30,"1990-04-01 2019-04-01",-7.39,1.63,30,"1990-04-01 2019-04-01",37.46,6.17,30,"1990-04-01 2019-04-01",-1.98,1.52,30,"1990-04-01 2019-04-01",3.4,1.03,30,"1990-04-01 2019-04-01",29.03,20.76,30,"1990-04-01 2019-04-01",12.08,14.65,30,"1990-04-01 2019-04-01",20.8,16.94,30,"1990-04-01 2019-04-01",1.2,1.45,29,"1990-04-01 2019-04-01",,,,
2020-03-01,-5.58,2.26,30,"1990-03-01 2019-03-01",81.41,4.54,30,"1990-03-01 2019-03-01",4.1,4.22,30,"1990-03-01 2019-03-01",27.92,3.43,30,"1990-03-01 2019-03-01",-12.21,2.51,30,"1990-03-01 2019-03-01",44.51,9.16,30,"1990-03-01 2019-03-01",-7.72,3.13,30,"1990-03-01 2019-03-01",2.63,1.01,30,"1990-03-01 2019-03-01",16.84,12.14,30,"1990-03-01 2019-03-01",1.15,1.59,30,"1990-03-01 2019-03-01",22.67,15.02,30,"1990-03-01 2019-03-01",3.1,3.04,30,"1990-03-01 2019-03-01",,,,
2020-02-01,-8.86,3.53,30,"1990-02-01 2019-02-01",79.71,5.02,30,"1990-02-01 2019-02-01",-0.05,4.45,30,"1990-02-01 2019-02-01",26.88,3.68,30,"1990-02-01 2019-02-01",-15.77,3.96,30,"1990-02-01 2019-02-01",48.03,6.85,30,"1990-02-01 2019-02-01",-11.87,4.08,30,"1990-02-01 2019-02-01",2.28,0.76,30,"1990-02-01 2019-02-01",11.88,9.46,30,"1990-02-01 2019-02-01",0.09,0.25,30,"1990-02-01 2019-02-01",16.73,12.4,30,"1990-02-01 2019-02-01",3.7,2.72,30,"1990-02-01 2019-02-01",,,,
2020-01-01,-9.45,2.86,30,"1990-01-01 2019-01-01",78.74,3.61,30,"1990-01-01 2019-01-01",-1.03,3.67,30,"1990-01-01 2019-01-01",28.38,4.6,30,"1990-01-01 2019-01-01",-16.87,3.34,30,"1990-01-01 2019-01-01",48.92,5.53,30,"1990-01-01 2019-01-01",-12.88,3.46,30,"1990-01-01 2019-01-01",2.24,1.06,30,"1990-01-01 2019-01-01",10.73,6.75,30,"1990-01-01 2019-01-01",0.13,0.33,30,"1990-01-01 2019-01-01",16.82,8.89,30,"1990-01-01 2019-01-01",5,4.74,30,"1990-01-01 2019-01-01",,,,
2019-12-01,-9.29,2.82,30,"1989-12-01 2018-12-01",79.45,4.95,30,"1989-12-01 2018-12-01",-0.92,4.02,30,"1989-12-01 2018-12-01",28.21,4.42,30,"1989-12-01 2018-12-01",-16.4,3.36,30,"1989-12-01 2018-12-01",49.39,6.33,30,"1989-12-01 2018-12-01",-12.48,3.62,30,"1989-12-01 2018-12-01",2.35,1,30,"1989-12-01 2018-12-01",13.56,9.99,30,"1989-12-01 2018-12-01",0.33,0.78,30,"1989-12-01 2018-12-01",18.37,11.99,30,"1989-12-01 2018-12-01",4.6,4.92,30,"1989-12-01 2018-12-01",,,,
2019-11-01,-5.28,2.01,30,"1989-11-01 2018-11-01",82.13,3.85,30,"1989-11-01 2018-11-01",3.59,3.22,30,"1989-11-01 2018-11-01",28.07,3.35,30,"1989-11-01 2018-11-01",-11.65,2.4,30,"1989-11-01 2018-11-01",48.03,7.36,30,"1989-11-01 2018-11-01",-7.71,2.68,30,"1989-11-01 2018-11-01",2.14,0.97,30,"1989-11-01 2018-11-01",16.07,9.84,30,"1989-11-01 2018-11-01",1.73,2.56,30,"1989-11-01 2018-11-01",19.71,11.46,30,"1989-11-01 2018-11-01",2.4,2.05,30,"1989-11-01 2018-11-01",,,,
2019-10-01,-0.17,1.29,30,"1989-10-01 2018-10-01",80.37,5.41,30,"1989-10-01 2018-10-01",11.39,2.28,30,"1989-10-01 2018-10-01",28.52,3.1,30,"1989-10-01 2018-10-01",-5.99,1.49,30,"1989-10-01 2018-10-01",40.2,6.37,30,"1989-10-01 2018-10-01",-1.24,1.45,30,"1989-10-01 2018-10-01",2.45,1.15,30,"1989-10-01 2018-10-01",18.54,12.12,30,"1989-10-01 2018-10-01",8.89,5.54,30,"1989-10-01 2018-10-01",11.28,10.81,30,"1989-10-01 2018-10-01",1,1.6,28,"1989-10-01 2018-10-01",,,,
2019-09-01,5.53,1.06,30,"1989-09-01 2018-09-01",82.72,5.9,30,"1989-09-01 2018-09-01",18.38,2.6,30,"1989-09-01 2018-09-01",26.57,2.12,30,"1989-09-01 2018-09-01",0.33,1.09,30,"1989-09-01 2018-09-01",38.98,6.6,30,"1989-09-01 2018-09-01",4.63,1.19,30,"1989-09-01 2018-09-01",2.34,1.15,30,"1989-09-01 2018-09-01",35.32,20.88,30,"1989-09-01 2018-09-01",32.86,20.07,30,"1989-09-01 2018-09-01",2.72,5.88,30,"1989-09-01 2018-09-01",0.2,1.04,26,"1989-09-01 2018-09-01",,,,
2019-08-01,10.41,1.28,30,"1989-08-01 2018-08-01",85.41,4.9,30,"1989-08-01 2018-08-01",22.93,1.94,30,"1989-08-01 2018-08-01",26.04,1.72,30,"1989-08-01 2018-08-01",5.22,1.4,30,"1989-08-01 2018-08-01",40.07,6.71,30,"1989-08-01 2018-08-01",9.2,1.13,30,"1989-08-01 2018-08-01",1.82,0.89,30,"1989-08-01 2018-08-01",57.88,25.96,30,"1989-08-01 2018-08-01",57.42,26.17,30,"1989-08-01 2018-08-01",0.03,0.18,30,"1989-08-01 2018-08-01",0,0,23,"1989-08-01 2011-08-01",,,,
2019-07-01,11.85,1.38,30,"1989-07-01 2018-07-01",86.15,4.29,30,"1989-07-01 2018-07-01",23.5,1.96,30,"1989-07-01 2018-07-01",28.35,1.77,30,"1989-07-01 2018-07-01",6.15,1.26,30,"1989-07-01 2018-07-01",41.44,5.88,30,"1989-07-01 2018-07-01",10.23,1.18,30,"1989-07-01 2018-07-01",2.19,0.89,30,"1989-07-01 2018-07-01",65.57,39.55,30,"1989-07-01 2018-07-01",64.96,37.85,30,"1989-07-01 2018-07-01",0,0,30,"1989-07-01 2018-07-01",0,0,24,"1989-07-01 2012-07-01",,,,
2019-06-01,8.73,1.22,30,"1989-06-01 2018-06-01",85.21,5.21,30,"1989-06-01 2018-06-01",19.72,1.3,30,"1989-06-01 2018-06-01",29.39,1.63,30,"1989-06-01 2018-06-01",3.17,1.41,30,"1989-06-01 2018-06-01",42.65,6.33,30,"1989-06-01 2018-06-01",7.67,1.01,30,"1989-06-01 2018-06-01",2.85,0.93,30,"1989-06-01 2018-06-01",99.24,45.53,30,"1989-06-01 2018-06-01",98.52,45.76,30,"1989-06-01 2018-06-01",0.13,0.68,30,"1989-06-01 2018-06-01",0,0,24,"1989-06-01 2012-06-01",,,,
2019-05-01,3.65,1.33,30,"1989-05-01 2018-05-01",81.08,5.71,30,"1989-05-01 2018-05-01",16.33,2,30,"1989-05-01 2018-05-01",30.17,1.98,30,"1989-05-01 2018-05-01",-2.13,1.54,30,"1989-05-01 2018-05-01",37.77,5.76,30,"1989-05-01 2018-05-01",3.3,1.44,30,"1989-05-01 2018-05-01",3.32,1.11,30,"1989-05-01 2018-05-01",58.88,27.19,30,"1989-05-01 2018-05-01",50.28,27.56,30,"1989-05-01 2018-05-01",9.44,10.33,30,"1989-05-01 2018-05-01",0.5,1.34,27,"1989-05-01 2015-05-01",,,,
2019-04-01,-1.41,1.45,30,"1989-04-01 2018-04-01",80.5,4.77,30,"1989-04-01 2018-04-01",10.73,2.31,30,"1989-04-01 2018-04-01",29.9,2.7,30,"1989-04-01 2018-04-01",-7.37,1.63,30,"1989-04-01 2018-04-01",37.62,6.07,30,"1989-04-01 2018-04-01",-2.03,1.51,30,"1989-04-01 2018-04-01",3.36,1.08,30,"1989-04-01 2018-04-01",29.18,20.7,30,"1989-04-01 2018-04-01",12.4,14.53,30,"1989-04-01 2018-04-01",20.65,17,30,"1989-04-01 2018-04-01",1.2,1.47,29,"1989-04-01 2018-04-01",,,,
2019-03-01,-5.66,2.3,30,"1989-03-01 2018-03-01",81.49,4.55,30,"1989-03-01 2018-03-01",3.93,4.33,30,"1989-03-01 2018-03-01",27.85,3.54,30,"1989-03-01 2018-03-01",-12.32,2.61,30,"1989-03-01 2018-03-01",44.81,9.25,30,"1989-03-01 2018-03-01",-7.85,3.24,30,"1989-03-01 2018-03-01",2.59,1.06,30,"1989-03-01 2018-03-01",16.88,12.11,30,"1989-03-01 2018-03-01",1.16,1.58,30,"1989-03-01 2018-03-01",22.85,14.88,30,"1989-03-01 2018-03-01",3.1,3.04,30,"1989-03-01 2018-03-01",,,,
2019-02-01,-8.68,3.15,30,"1989-02-01 2018-02-01",79.61,5.05,30,"1989-02-01 2018-02-01",0.18,3.91,30,"1989-02-01 2018-02-01",26.97,3.64,30,"1989-02-01 2018-02-01",-15.66,3.71,30,"1989-02-01 2018-02-01",47.6,6.45,30,"1989-02-01 2018-02-01",-11.7,3.7,30,"1989-02-01 2018-02-01",2.25,0.73,30,"1989-02-01 2018-02-01",11.34,8.93,30,"1989-02-01 2018-02-01",0.09,0.25,30,"1989-02-01 2018-02-01",16.34,12.03,30,"1989-02-01 2018-02-01",3.6,2.69,30,"1989-02-01 2018-02-01",,,,
2019-01-01,-9.55,2.8,30,"1989-01-01 2018-01-01",78.62,3.63,30,"1989-01-01 2018-01-01",-1.15,3.59,30,"1989-01-01 2018-01-01",28.65,4.71,30,"1989-01-01 2018-01-01",-17.06,3.29,30,"1989-01-01 2018-01-01",48.97,5.5,30,"1989-01-01 2018-01-01",-13.02,3.4,30,"1989-01-01 2018-01-01",2.25,1.06,30,"1989-01-01 2018-01-01",11.22,7.11,30,"1989-01-01 2018-01-01",0.08,0.17,30,"1989-01-01 2018-01-01",17.62,9.33,30,"1989-01-01 2018-01-01",5.3,4.77,30,"1989-01-01 2018-01-01",,,,
2018-12-01,-9.35,2.78,30,"1988-12-01 2017-12-01",79.5,4.94,30,"1988-12-01 2017-12-01",-0.95,4,30,"1988-12-01 2017-12-01",28.32,4.37,30,"1988-12-01 2017-12-01",-16.51,3.29,30,"1988-12-01 2017-12-01",49.31,6.38,30,"1988-12-01 2017-12-01",-12.58,3.54,30,"1988-12-01 2017-12-01",2.31,1.01,30,"1988-12-01 2017-12-01",13.28,10.11,30,"1988-12-01 2017-12-01",0.33,0.78,30,"1988-12-01 2017-12-01",18.29,12.01,30,"1988-12-01 2017-12-01",4.4,4.93,30,"1988-12-01 2017-12-01",,,,
2018-11-01,-5.34,1.98,30,"1988-11-01 2017-11-01",81.83,4.02,30,"1988-11-01 2017-11-01",3.59,3.22,30,"1988-11-01 2017-11-01",28.18,3.31,30,"1988-11-01 2017-11-01",-11.72,2.37,30,"1988-11-01 2017-11-01",47.8,7.5,30,"1988-11-01 2017-11-01",-7.71,2.67,30,"1988-11-01 2017-11-01",2.14,0.98,30,"1988-11-01 2017-11-01",15.3,9.61,30,"1988-11-01 2017-11-01",1.68,2.5,30,"1988-11-01 2017-11-01",18.91,11.7,30,"1988-11-01 2017-11-01",2.3,2.07,30,"1988-11-01 2017-11-01",,,,
2018-10-01,-0.07,1.32,30,"1988-10-01 2017-10-01",80.31,5.42,30,"1988-10-01 2017-10-01",11.52,2.32,30,"1988-10-01 2017-10-01",28.57,3.04,30,"1988-10-01 2017-10-01",-5.92,1.51,30,"1988-10-01 2017-10-01",40.13,6.37,30,"1988-10-01 2017-10-01",-1.19,1.45,30,"1988-10-01 2017-10-01",2.45,1.15,30,"1988-10-01 2017-10-01",17.2,10.94,30,"1988-10-01 2017-10-01",8.63,5.67,30,"1988-10-01 2017-10-01",9.86,8.35,30,"1988-10-01 2017-10-01",0.8,1.41,28,"1988-10-01 2017-10-01",,,,
2018-09-01,5.59,1.01,30,"1988-09-01 2017-09-01",82.52,5.77,30,"1988-09-01 2017-09-01",18.56,2.32,30,"1988-09-01 2017-09-01",26.66,2.03,30,"1988-09-01 2017-09-01",0.36,1.09,30,"1988-09-01 2017-09-01",38.58,5.98,30,"1988-09-01 2017-09-01",4.68,1.14,30,"1988-09-01 2017-09-01",2.29,1.15,30,"1988-09-01 2017-09-01",35.53,20.93,30,"1988-09-01 2017-09-01",32.85,20.07,30,"1988-09-01 2017-09-01",2.94,5.96,30,"1988-09-01 2017-09-01",0.2,1.04,26,"1988-09-01 2015-09-01",,,,
2018-08-01,10.45,1.28,30,"1988-08-01 2017-08-01",85.68,4.79,30,"1988-08-01 2017-08-01",22.83,1.95,30,"1988-08-01 2017-08-01",26.09,1.74,30,"1988-08-01 2017-08-01",5.29,1.38,30,"1988-08-01 2017-08-01",40.58,6.64,30,"1988-08-01 2017-08-01",9.16,1.12,30,"1988-08-01 2017-08-01",1.84,0.89,30,"1988-08-01 2017-08-01",61.69,32.12,30,"1988-08-01 2017-08-01",61.23,32.34,30,"1988-08-01 2017-08-01",0.03,0.18,30,"1988-08-01 2017-08-01",0,0,24,"1988-08-01 2011-08-01",,,,
2018-07-01,11.81,1.43,30,"1988-07-01 2017-07-01",86.05,4.42,30,"1988-07-01 2017-07-01",23.45,1.94,30,"1988-07-01 2017-07-01",28.34,1.77,30,"1988-07-01 2017-07-01",6.11,1.32,30,"1988-07-01 2017-07-01",41.5,5.8,30,"1988-07-01 2017-07-01",10.2,1.18,30,"1988-07-01 2017-07-01",2.15,0.92,30,"1988-07-01 2017-07-01",65.97,39.3,30,"1988-07-01 2017-07-01",65.37,37.58,30,"1988-07-01 2017-07-01",0,0,30,"1988-07-01 2017-07-01",0,0,25,"1988-07-01 2012-07-01",,,,
2018-06-01,8.81,1.2,30,"1988-06-01 2017-06-01",85.3,5.07,30,"1988-06-01 2017-06-01",19.76,1.36,30,"1988-06-01 2017-06-01",29.43,1.66,30,"1988-06-01 2017-06-01",3.24,1.36,30,"1988-06-01 2017-06-01",42.82,6.11,30,"1988-06-01 2017-06-01",7.71,1.08,30,"1988-06-01 2017-06-01",2.87,0.94,30,"1988-06-01 2017-06-01",99.8,45.24,30,"1988-06-01 2017-06-01",99.11,45.46,30,"1988-06-01 2017-06-01",0.13,0.68,30,"1988-06-01 2017-06-01",0,0,25,"1988-06-01 2012-06-01",,,,
2018-05-01,3.54,1.38,30,"1988-05-01 2017-05-01",80.63,6.79,30,"1988-05-01 2017-05-01",16.27,1.88,30,"1988-05-01 2017-05-01",30.35,2.05,30,"1988-05-01 2017-05-01",-2.25,1.58,30,"1988-05-01 2017-05-01",37.65,5.96,30,"1988-05-01 2017-05-01",3.24,1.3,30,"1988-05-01 2017-05-01",3.39,1.16,30,"1988-05-01 2017-05-01",58.33,27.87,30,"1988-05-01 2017-05-01",49.72,28.08,30,"1988-05-01 2017-05-01",9.45,10.32,30,"1988-05-01 2017-05-01",0.5,1.32,28,"1988-05-01 2015-05-01",,,,
2018-04-01,-1.39,1.42,30,"1988-04-01 2017-04-01",79.95,5.69,30,"1988-04-01 2017-04-01",10.96,2.3,30,"1988-04-01 2017-04-01",30.08,2.61,30,"1988-04-01 2017-04-01",-7.4,1.67,30,"1988-04-01 2017-04-01",37.03,6.42,30,"1988-04-01 2017-04-01",-1.94,1.46,30,"1988-04-01 2017-04-01",3.35,1.09,30,"1988-04-01 2017-04-01",28.24,21.29,30,"1988-04-01 2017-04-01",12.16,14.65,30,"1988-04-01 2017-04-01",19.85,17.35,30,"1988-04-01 2017-04-01",1.1,1.47,29,"1988-04-01 2017-04-01",,,,
2018-03-01,-5.56,2.32,30,"1988-03-01 2017-03-01",81.37,4.47,30,"1988-03-01 2017-03-01",4.16,4.3,30,"1988-03-01 2017-03-01",28.19,3.5,30,"1988-03-01 2017-03-01",-12.2,2.64,30,"1988-03-01 2017-03-01",44.3,9.12,30,"1988-03-01 2017-03-01",-7.67,3.24,30,"1988-03-01 2017-03-01",2.67,1.05,30,"1988-03-01 2017-03-01",16.37,11.63,30,"1988-03-01 2017-03-01",1.11,1.6,30,"1988-03-01 2017-03-01",22.26,14.46,30,"1988-03-01 2017-03-01",2.8,2.76,30,"1988-03-01 2017-03-01",,,,
2018-02-01,-8.48,2.95,30,"1988-02-01 2017-02-01",79.5,5.15,30,"1988-02-01 2017-02-01",0.48,3.77,30,"1988-02-01 2017-02-01",27.23,3.91,30,"1988-02-01 2017-02-01",-15.46,3.49,30,"1988-02-01 2017-02-01",47.38,6.61,30,"1988-02-01 2017-02-01",-11.45,3.51,30,"1988-02-01 2017-02-01",2.28,0.77,30,"1988-02-01 2017-02-01",10.22,7.54,30,"1988-02-01 2017-02-01",0.09,0.25,30,"1988-02-01 2017-02-01",15.18,11.01,30,"1988-02-01 2017-02-01",3.3,2.08,30,"1988-02-01 2017-02-01",,,,
2018-01-01,-9.66,2.82,30,"1988-01-01 2017-01-01",78.39,3.74,30,"1988-01-01 2017-01-01",-1.24,3.59,30,"1988-01-01 2017-01-01",28.86,4.68,30,"1988-01-01 2017-01-01",-17.17,3.31,30,"1988-01-01 2017-01-01",48.78,5.53,30,"1988-01-01 2017-01-01",-13.08,3.4,30,"1988-01-01 2017-01-01",2.26,1.06,30,"1988-01-01 2017-01-01",11.08,7.21,30,"1988-01-01 2017-01-01",0.08,0.17,30,"1988-01-01 2017-01-01",17.5,9.44,30,"1988-01-01 2017-01-01",5.1,4.83,30,"1988-01-01 2017-01-01",,,,
2017-12-01,-9.2,2.77,30,"1987-12-01 2016-12-01",79.55,4.86,30,"1987-12-01 2016-12-01",-0.8,4.05,30,"1987-12-01 2016-12-01",28.6,4.44,30,"1987-12-01 2016-12-01",-16.37,3.29,30,"1987-12-01 2016-12-01",49.18,6.59,30,"1987-12-01 2016-12-01",-12.45,3.62,30,"1987-12-01 2016-12-01",2.35,1.04,30,"1987-12-01 2016-12-01",12.42,9.67,30,"1987-12-01 2016-12-01",0.34,0.78,30,"1987-12-01 2016-12-01",17.44,11.9,30,"1987-12-01 2016-12-01",4.3,4.99,30,"1987-12-01 2016-12-01",,,,
2017-11-01,-5.18,2.04,30,"1987-11-01 2016-11-01",81.98,4.04,30,"1987-11-01 2016-11-01",3.83,3.31,30,"1987-11-01 2016-11-01",28.16,3.32,30,"1987-11-01 2016-11-01",-11.56,2.46,30,"1987-11-01 2016-11-01",47.38,7.48,30,"1987-11-01 2016-11-01",-7.57,2.72,30,"1987-11-01 2016-11-01",2.04,0.93,30,"1987-11-01 2016-11-01",14.65,9.59,30,"1987-11-01 2016-11-01",1.68,2.5,30,"1987-11-01 2016-11-01",18.2,11.8,30,"1987-11-01 2016-11-01",2.2,2.03,30,"1987-11-01 2016-11-01",,,,
2017-10-01,-0.05,1.31,30,"1987-10-01 2016-10-01",80.22,5.52,30,"1987-10-01 2016-10-01",11.61,2.39,30,"1987-10-01 2016-10-01",28.49,2.92,30,"1987-10-01 2016-10-01",-5.89,1.49,30,"1987-10-01 2016-10-01",40.05,6.5,30,"1987-10-01 2016-10-01",-1.2,1.44,30,"1987-10-01 2016-10-01",2.36,1.11,30,"1987-10-01 2016-10-01",16.8,11.26,30,"1987-10-01 2016-10-01",8.26,5.75,30,"1987-10-01 2016-10-01",9.83,8.39,30,"1987-10-01 2016-10-01",0.8,1.41,28,"1987-10-01 2016-10-01",,,,
2017-09-01,5.65,1.02,30,"1987-09-01 2016-09-01",82.46,5.79,30,"1987-09-01 2016-09-01",18.63,2.36,30,"1987-09-01 2016-09-01",26.67,2.03,30,"1987-09-01 2016-09-01",0.41,1.08,30,"1987-09-01 2016-09-01",38.59,5.97,30,"1987-09-01 2016-09-01",4.7,1.16,30,"1987-09-01 2016-09-01",2.25,1.17,30,"1987-09-01 2016-09-01",35.83,20.77,30,"1987-09-01 2016-09-01",33.15,19.95,30,"1987-09-01 2016-09-01",2.94,5.96,30,"1987-09-01 2016-09-01",0.2,1.02,27,"1987-09-01 2015-09-01",,,,
2017-08-01,10.44,1.28,30,"1987-08-01 2016-08-01",86.01,4.74,30,"1987-08-01 2016-08-01",22.61,2.02,30,"1987-08-01 2016-08-01",26.3,1.96,30,"1987-08-01 2016-08-01",5.3,1.36,30,"1987-08-01 2016-08-01",41.18,6.45,30,"1987-08-01 2016-08-01",9.08,1.17,30,"1987-08-01 2016-08-01",1.87,0.89,30,"1987-08-01 2016-08-01",64.09,32.42,30,"1987-08-01 2016-08-01",63.63,32.67,30,"1987-08-01 2016-08-01",0.03,0.18,30,"1987-08-01 2016-08-01",0,0,25,"1987-08-01 2011-08-01",,,,
2017-07-01,11.82,1.43,30,"1987-07-01 2016-07-01",86.34,4.38,30,"1987-07-01 2016-07-01",23.29,1.85,30,"1987-07-01 2016-07-01",28.26,1.77,30,"1987-07-01 2016-07-01",6.15,1.31,30,"1987-07-01 2016-07-01",42.02,5.51,30,"1987-07-01 2016-07-01",10.14,1.17,30,"1987-07-01 2016-07-01",2.13,0.93,30,"1987-07-01 2016-07-01",68.33,40.7,30,"1987-07-01 2016-07-01",67.79,39.06,30,"1987-07-01 2016-07-01",0,0,30,"1987-07-01 2016-07-01",0,0,26,"1987-07-01 2012-07-01",,,,
2017-06-01,8.79,1.21,30,"1987-06-01 2016-06-01",85.01,5.62,30,"1987-06-01 2016-06-01",19.82,1.5,30,"1987-06-01 2016-06-01",29.39,1.61,30,"1987-06-01 2016-06-01",3.26,1.34,30,"1987-06-01 2016-06-01",42.75,6.25,30,"1987-06-01 2016-06-01",7.72,1.09,30,"1987-06-01 2016-06-01",2.86,0.94,30,"1987-06-01 2016-06-01",99.15,46.21,30,"1987-06-01 2016-06-01",98.46,46.42,30,"1987-06-01 2016-06-01",0.13,0.68,30,"1987-06-01 2016-06-01",0,0,26,"1987-06-01 2012-06-01",,,,
2017-05-01,3.49,1.37,30,"1987-05-01 2016-05-01",80.65,6.77,30,"1987-05-01 2016-05-01",16.27,1.89,30,"1987-05-01 2016-05-01",30.42,2.08,30,"1987-05-01 2016-05-01",-2.3,1.6,30,"1987-05-01 2016-05-01",37.58,6.07,30,"1987-05-01 2016-05-01",3.19,1.23,30,"1987-05-01 2016-05-01",3.36,1.19,30,"1987-05-01 2016-05-01",57.49,28.84,30,"1987-05-01 2016-05-01",48.88,28.79,30,"1987-05-01 2016-05-01",9.45,10.32,30,"1987-05-01 2016-05-01",0.5,1.3,29,"1987-05-01 2015-05-01",,,,
2017-04-01,-1.4,1.4,30,"1987-04-01 2016-04-01",79.64,5.53,30,"1987-04-01 2016-04-01",11.12,2.41,30,"1987-04-01 2016-04-01",30.32,2.62,30,"1987-04-01 2016-04-01",-7.43,1.64,30,"1987-04-01 2016-04-01",36.54,6.48,30,"1987-04-01 2016-04-01",-1.92,1.48,30,"1987-04-01 2016-04-01",3.33,1.11,30,"1987-04-01 2016-04-01",26.74,20.03,30,"1987-04-01 2016-04-01",10.84,13.2,30,"1987-04-01 2016-04-01",19.91,17.34,30,"1987-04-01 2016-04-01",1.1,1.47,29,"1987-04-01 2015-04-01",,,,
2017-03-01,-5.47,2.36,30,"1987-03-01 2016-03-01",81.59,4.64,30,"1987-03-01 2016-03-01",4.19,4.3,30,"1987-03-01 2016-03-01",28.21,3.5,30,"1987-03-01 2016-03-01",-12.06,2.69,30,"1987-03-01 2016-03-01",44.86,9.44,30,"1987-03-01 2016-03-01",-7.62,3.25,30,"1987-03-01 2016-03-01",2.67,1.04,30,"1987-03-01 2016-03-01",16.5,11.65,30,"1987-03-01 2016-03-01",1.05,1.59,30,"1987-03-01 2016-03-01",22.57,14.43,30,"1987-03-01 2016-03-01",2.8,2.77,30,"1987-03-01 2016-03-01",,,,
2017-02-01,-8.38,2.98,30,"1987-02-01 2016-02-01",79.4,5.12,30,"1987-02-01 2016-02-01",0.74,3.84,30,"1987-02-01 2016-02-01",27.33,3.86,30,"1987-02-01 2016-02-01",-15.41,3.51,30,"1987-02-01 2016-02-01",46.86,6.74,30,"1987-02-01 2016-02-01",-11.35,3.54,30,"1987-02-01 2016-02-01",2.22,0.83,30,"1987-02-01 2016-02-01",9.29,6.61,30,"1987-02-01 2016-02-01",0.09,0.25,30,"1987-02-01 2016-02-01",14.17,10.45,30,"1987-02-01 2016-02-01",3,1.99,30,"1987-02-01 2016-02-01",,,,
2017-01-01,-9.56,2.85,30,"1987-01-01 2016-01-01",78.14,4.04,30,"1987-01-01 2016-01-01",-1.01,3.77,30,"1987-01-01 2016-01-01",29.08,4.66,30,"1987-01-01 2016-01-01",-17.05,3.39,30,"1987-01-01 2016-01-01",48.32,6.06,30,"1987-01-01 2016-01-01",-12.95,3.55,30,"1987-01-01 2016-01-01",2.23,1.06,30,"1987-01-01 2016-01-01",10.77,7.42,30,"1987-01-01 2016-01-01",0.07,0.17,30,"1987-01-01 2016-01-01",17.12,9.76,30,"1987-01-01 2016-01-01",4.8,4.84,30,"1987-01-01 2016-01-01",,,,
2016-12-01,-8.93,2.66,30,"1986-12-01 2015-12-01",79.69,4.76,30,"1986-12-01 2015-12-01",-0.43,4.05,30,"1986-12-01 2015-12-01",28.78,4.5,30,"1986-12-01 2015-12-01",-16.1,3.3,30,"1986-12-01 2015-12-01",48.84,6.82,30,"1986-12-01 2015-12-01",-12.22,3.66,30,"1986-12-01 2015-12-01",2.25,1.02,30,"1986-12-01 2015-12-01",11.7,9.68,30,"1986-12-01 2015-12-01",0.34,0.78,30,"1986-12-01 2015-12-01",16.63,12.11,30,"1986-12-01 2015-12-01",4.1,5.04,30,"1986-12-01 2015-12-01",,,,
2016-11-01,-5.37,1.93,30,"1986-11-01 2015-11-01",81.86,3.99,30,"1986-11-01 2015-11-01",3.57,3.22,30,"1986-11-01 2015-11-01",28.4,3.18,30,"1986-11-01 2015-11-01",-11.83,2.36,30,"1986-11-01 2015-11-01",47.56,7.5,30,"1986-11-01 2015-11-01",-7.84,2.71,30,"1986-11-01 2015-11-01",2.07,0.93,30,"1986-11-01 2015-11-01",14.95,9.35,30,"1986-11-01 2015-11-01",1.71,2.49,30,"1986-11-01 2015-11-01",18.58,11.48,30,"1986-11-01 2015-11-01",2.2,2,30,"1986-11-01 2015-11-01",,,,
2016-10-01,0,1.36,30,"1986-10-01 2015-10-01",79.96,5.23,30,"1986-10-01 2015-10-01",11.83,2.37,30,"1986-10-01 2015-10-01",28.65,2.65,30,"1986-10-01 2015-10-01",-5.84,1.55,30,"1986-10-01 2015-10-01",39.61,6.08,30,"1986-10-01 2015-10-01",-1.11,1.49,30,"1986-10-01 2015-10-01",2.33,1.12,30,"1986-10-01 2015-10-01",16.24,11.13,30,"1986-10-01 2015-10-01",7.99,5.56,30,"1986-10-01 2015-10-01",9.54,8.43,30,"1986-10-01 2015-10-01",0.8,1.41,28,"1986-10-01 2013-10-01",,,,
2016-09-01,5.63,1.02,30,"1986-09-01 2015-09-01",82.72,6,30,"1986-09-01 2015-09-01",18.44,2.67,30,"1986-09-01 2015-09-01",26.75,2,30,"1986-09-01 2015-09-01",0.44,1.08,30,"1986-09-01 2015-09-01",39.23,6.98,30,"1986-09-01 2015-09-01",4.62,1.2,30,"1986-09-01 2015-09-01",2.24,1.17,30,"1986-09-01 2015-09-01",39.84,28.52,30,"1986-09-01 2015-09-01",36.89,27.29,30,"1986-09-01 2015-09-01",3.21,6.01,30,"1986-09-01 2015-09-01",0.2,1,28,"1986-09-01 2015-09-01",,,,
2016-08-01,10.37,1.25,30,"1986-08-01 2015-08-01",85.82,4.82,30,"1986-08-01 2015-08-01",22.67,2.02,30,"1986-08-01 2015-08-01",26.31,1.98,30,"1986-08-01 2015-08-01",5.22,1.33,30,"1986-08-01 2015-08-01",40.95,6.45,30,"1986-08-01 2015-08-01",9.03,1.14,30,"1986-08-01 2015-08-01",1.82,0.94,30,"1986-08-01 2015-08-01",62,33.05,30,"1986-08-01 2015-08-01",61.58,33.3,30,"1986-08-01 2015-08-01",0.03,0.18,30,"1986-08-01 2015-08-01",0,0,26,"1986-08-01 2011-08-01",,,,
2016-07-01,11.74,1.45,30,"1986-07-01 2015-07-01",86.41,4.38,30,"1986-07-01 2015-07-01",23.22,1.93,30,"1986-07-01 2015-07-01",28.35,1.82,30,"1986-07-01 2015-07-01",6.07,1.33,30,"1986-07-01 2015-07-01",42.01,5.5,30,"1986-07-01 2015-07-01",10.06,1.17,30,"1986-07-01 2015-07-01",2.13,0.93,30,"1986-07-01 2015-07-01",64.58,32.11,30,"1986-07-01 2015-07-01",64.55,32.13,30,"1986-07-01 2015-07-01",0,0,30,"1986-07-01 2015-07-01",0,0,27,"1986-07-01 2012-07-01",,,,
2016-06-01,8.81,1.19,30,"1986-06-01 2015-06-01",85.15,5.34,30,"1986-06-01 2015-06-01",19.79,1.44,30,"1986-06-01 2015-06-01",29.5,1.8,30,"1986-06-01 2015-06-01",3.29,1.31,30,"1986-06-01 2015-06-01",42.97,5.91,30,"1986-06-01 2015-06-01",7.7,1.06,30,"1986-06-01 2015-06-01",2.83,0.95,30,"1986-06-01 2015-06-01",99.8,45.82,30,"1986-06-01 2015-06-01",99.11,46.04,30,"1986-06-01 2015-06-01",0.13,0.68,30,"1986-06-01 2015-06-01",0,0,27,"1986-06-01 2012-06-01",,,,
2016-05-01,3.52,1.38,30,"1986-05-01 2015-05-01",80.67,6.77,30,"1986-05-01 2015-05-01",16.27,1.88,30,"1986-05-01 2015-05-01",30.49,2.09,30,"1986-05-01 2015-05-01",-2.25,1.63,30,"1986-05-01 2015-05-01",37.73,6.06,30,"1986-05-01 2015-05-01",3.21,1.25,30,"1986-05-01 2015-05-01",3.28,1.19,30,"1986-05-01 2015-05-01",57.46,28.83,30,"1986-05-01 2015-05-01",47.83,28.65,30,"1986-05-01 2015-05-01",10.56,11.04,30,"1986-05-01 2015-05-01",0.5,1.28,30,"1986-05-01 2015-05-01",,,,
2016-04-01,-1.46,1.39,30,"1986-04-01 2015-04-01",79.95,5.2,30,"1986-04-01 2015-04-01",10.96,2.27,30,"1986-04-01 2015-04-01",30.39,2.62,30,"1986-04-01 2015-04-01",-7.53,1.61,30,"1986-04-01 2015-04-01",36.65,6.41,30,"1986-04-01 2015-04-01",-2.05,1.3,30,"1986-04-01 2015-04-01",3.33,1.11,30,"1986-04-01 2015-04-01",26.99,19.8,30,"1986-04-01 2015-04-01",10.81,13.21,30,"1986-04-01 2015-04-01",20.34,17,30,"1986-04-01 2015-04-01",1.1,1.45,30,"1986-04-01 2015-04-01",,,,
2016-03-01,-5.45,2.37,30,"1986-03-01 2015-03-01",81.5,4.7,30,"1986-03-01 2015-03-01",4.16,4.27,30,"1986-03-01 2015-03-01",28.32,3.54,30,"1986-03-01 2015-03-01",-12.04,2.71,30,"1986-03-01 2015-03-01",45.08,9.2,30,"1986-03-01 2015-03-01",-7.63,3.24,30,"1986-03-01 2015-03-01",2.62,1.07,30,"1986-03-01 2015-03-01",16.54,11.62,30,"1986-03-01 2015-03-01",0.98,1.58,30,"1986-03-01 2015-03-01",22.73,14.24,30,"1986-03-01 2015-03-01",2.8,2.77,30,"1986-03-01 2015-03-01",,,,
2016-02-01,-8.59,2.93,30,"1986-02-01 2015-02-01",79.36,5.15,30,"1986-02-01 2015-02-01",0.4,3.71,30,"1986-02-01 2015-02-01",27.28,3.87,30,"1986-02-01 2015-02-01",-15.67,3.46,30,"1986-02-01 2015-02-01",47.25,6.52,30,"1986-02-01 2015-02-01",-11.68,3.33,30,"1986-02-01 2015-02-01",2.24,0.83,30,"1986-02-01 2015-02-01",9.59,6.48,30,"1986-02-01 2015-02-01",0.07,0.23,30,"1986-02-01 2015-02-01",14.78,10.24,30,"1986-02-01 2015-02-01",3.2,1.93,30,"1986-02-01 2015-02-01",,,,
2016-01-01,-9.51,2.9,30,"1986-01-01 2015-01-01",77.93,4.04,30,"1986-01-01 2015-01-01",-0.84,3.93,30,"1986-01-01 2015-01-01",29.24,4.5,30,"1986-01-01 2015-01-01",-16.97,3.49,30,"1986-01-01 2015-01-01",47.92,6.18,30,"1986-01-01 2015-01-01",-12.81,3.71,30,"1986-01-01 2015-01-01",2.21,1.09,30,"1986-01-01 2015-01-01",10.39,7.63,30,"1986-01-01 2015-01-01",0.08,0.18,30,"1986-01-01 2015-01-01",16.65,10.17,30,"1986-01-01 2015-01-01",4.4,4.83,30,"1986-01-01 2015-01-01",,,,
2015-12-01,-8.9,2.68,30,"1985-12-01 2014-12-01",79.38,4.88,30,"1985-12-01 2014-12-01",-0.33,4.09,30,"1985-12-01 2014-12-01",29.17,4.25,30,"1985-12-01 2014-12-01",-16.07,3.33,30,"1985-12-01 2014-12-01",48.45,6.81,30,"1985-12-01 2014-12-01",-12.13,3.72,30,"1985-12-01 2014-12-01",2.23,1.03,30,"1985-12-01 2014-12-01",11.38,9.61,30,"1985-12-01 2014-12-01",0.34,0.78,30,"1985-12-01 2014-12-01",16.36,12.03,30,"1985-12-01 2014-12-01",4,5.05,30,"1985-12-01 2014-12-01",,,,
2015-11-01,-5.71,2.52,30,"1985-11-01 2014-11-01",81.66,4.11,30,"1985-11-01 2014-11-01",3.17,3.79,30,"1985-11-01 2014-11-01",28.39,3.18,30,"1985-11-01 2014-11-01",-12.18,2.91,30,"1985-11-01 2014-11-01",47.79,7.53,30,"1985-11-01 2014-11-01",-8.21,3.2,30,"1985-11-01 2014-11-01",2.04,0.94,30,"1985-11-01 2014-11-01",14.88,9.37,30,"1985-11-01 2014-11-01",1.62,2.5,30,"1985-11-01 2014-11-01",18.85,11.41,30,"1985-11-01 2014-11-01",2.3,2,30,"1985-11-01 2014-11-01",,,,
2015-10-01,-0.09,1.33,30,"1985-10-01 2014-10-01",79.88,5.27,30,"1985-10-01 2014-10-01",11.7,2.32,30,"1985-10-01 2014-10-01",28.82,2.91,30,"1985-10-01 2014-10-01",-5.94,1.52,30,"1985-10-01 2014-10-01",39.69,6.04,30,"1985-10-01 2014-10-01",-1.2,1.41,30,"1985-10-01 2014-10-01",2.36,1.11,30,"1985-10-01 2014-10-01",16.61,10.95,30,"1985-10-01 2014-10-01",8.18,5.47,30,"1985-10-01 2014-10-01",9.82,8.35,30,"1985-10-01 2014-10-01",0.7,1.39,29,"1985-10-01 2013-10-01",,,,
2015-09-01,5.55,1.11,30,"1985-09-01 2014-09-01",82.84,6.04,30,"1985-09-01 2014-09-01",18.29,2.86,30,"1985-09-01 2014-09-01",27.02,2.36,30,"1985-09-01 2014-09-01",0.38,1.14,30,"1985-09-01 2014-09-01",39.43,7.14,30,"1985-09-01 2014-09-01",4.52,1.35,30,"1985-09-01 2014-09-01",2.26,1.18,30,"1985-09-01 2014-09-01",41.73,31.94,30,"1985-09-01 2014-09-01",38.31,29.83,30,"1985-09-01 2014-09-01",3.67,6.28,30,"1985-09-01 2014-09-01",0.2,1,28,"1985-09-01 2014-09-01",,,,
2015-08-01,10.33,1.27,30,"1985-08-01 2014-08-01",85.96,4.73,30,"1985-08-01 2014-08-01",22.58,2.04,30,"1985-08-01 2014-08-01",26.58,2.4,30,"1985-08-01 2014-08-01",5.17,1.36,30,"1985-08-01 2014-08-01",41.08,6.4,30,"1985-08-01 2014-08-01",8.94,1.14,30,"1985-08-01 2014-08-01",1.86,0.95,30,"1985-08-01 2014-08-01",59.91,30.65,30,"1985-08-01 2014-08-01",59.48,30.88,30,"1985-08-01 2014-08-01",0.03,0.18,30,"1985-08-01 2014-08-01",0,0,27,"1985-08-01 2011-08-01",,,,
2015-07-01,11.68,1.5,30,"1985-07-01 2014-07-01",86.23,4.64,30,"1985-07-01 2014-07-01",23.24,1.95,30,"1985-07-01 2014-07-01",28.43,1.97,30,"1985-07-01 2014-07-01",5.99,1.39,30,"1985-07-01 2014-07-01",41.8,5.82,30,"1985-07-01 2014-07-01",10.04,1.16,30,"1985-07-01 2014-07-01",2.09,0.94,30,"1985-07-01 2014-07-01",64.48,32.14,30,"1985-07-01 2014-07-01",64.44,32.16,30,"1985-07-01 2014-07-01",0,0,30,"1985-07-01 2014-07-01",0,0,28,"1985-07-01 2012-07-01",,,,
2015-06-01,8.67,1.29,30,"1985-06-01 2014-06-01",84.94,5.54,30,"1985-06-01 2014-06-01",19.74,1.38,30,"1985-06-01 2014-06-01",29.8,2.11,30,"1985-06-01 2014-06-01",3.1,1.48,30,"1985-06-01 2014-06-01",42.68,6.33,30,"1985-06-01 2014-06-01",7.57,1.07,30,"1985-06-01 2014-06-01",2.83,0.96,30,"1985-06-01 2014-06-01",99.22,46.44,30,"1985-06-01 2014-06-01",98.53,46.65,30,"1985-06-01 2014-06-01",0.13,0.68,30,"1985-06-01 2014-06-01",0,0,28,"1985-06-01 2012-06-01",,,,
2015-05-01,3.52,1.39,30,"1985-05-01 2014-05-01",80.25,7.29,30,"1985-05-01 2014-05-01",16.32,1.93,30,"1985-05-01 2014-05-01",30.65,2.19,30,"1985-05-01 2014-05-01",-2.22,1.61,30,"1985-05-01 2014-05-01",37.71,6.08,30,"1985-05-01 2014-05-01",3.27,1.28,30,"1985-05-01 2014-05-01",3.23,1.22,30,"1985-05-01 2014-05-01",57.06,29.24,30,"1985-05-01 2014-05-01",47.6,28.83,30,"1985-05-01 2014-05-01",10.39,11.16,30,"1985-05-01 2014-05-01",0.5,1.28,30,"1985-05-01 2014-05-01",,,,
2015-04-01,-1.42,1.39,30,"1985-04-01 2014-04-01",80.01,5.16,30,"1985-04-01 2014-04-01",10.87,2.18,30,"1985-04-01 2014-04-01",30.62,2.83,30,"1985-04-01 2014-04-01",-7.44,1.58,30,"1985-04-01 2014-04-01",36.98,6.13,30,"1985-04-01 2014-04-01",-2.01,1.31,30,"1985-04-01 2014-04-01",3.36,1.11,30,"1985-04-01 2014-04-01",27.41,19.59,30,"1985-04-01 2014-04-01",10.73,13.25,30,"1985-04-01 2014-04-01",20.94,16.78,30,"1985-04-01 2014-04-01",1.1,1.44,30,"1985-04-01 2014-04-01",,,,
2015-03-01,-5.56,2.33,30,"1985-03-01 2014-03-01",81.27,4.98,30,"1985-03-01 2014-03-01",4.01,4.16,30,"1985-03-01 2014-03-01",28.35,3.56,30,"1985-03-01 2014-03-01",-12.16,2.66,30,"1985-03-01 2014-03-01",45.08,9.2,30,"1985-03-01 2014-03-01",-7.71,3.17,30,"1985-03-01 2014-03-01",2.61,1.07,30,"1985-03-01 2014-03-01",16.4,11.75,30,"1985-03-01 2014-03-01",0.92,1.58,30,"1985-03-01 2014-03-01",22.67,14.31,30,"1985-03-01 2014-03-01",2.7,2.78,30,"1985-03-01 2014-03-01",,,,
2015-02-01,-8.77,2.96,30,"1985-02-01 2014-02-01",78.93,5.19,30,"1985-02-01 2014-02-01",0.28,3.76,30,"1985-02-01 2014-02-01",27.49,4.03,30,"1985-02-01 2014-02-01",-15.87,3.49,30,"1985-02-01 2014-02-01",46.85,6.45,30,"1985-02-01 2014-02-01",-11.81,3.34,30,"1985-02-01 2014-02-01",2.26,0.86,30,"1985-02-01 2014-02-01",9.86,6.57,30,"1985-02-01 2014-02-01",0.07,0.23,30,"1985-02-01 2014-02-01",15.02,10.29,30,"1985-02-01 2014-02-01",3.2,1.93,30,"1985-02-01 2014-02-01",,,,
2015-01-01,-9.56,2.86,30,"1985-01-01 2014-01-01",77.89,4.06,30,"1985-01-01 2014-01-01",-0.88,3.91,30,"1985-01-01 2014-01-01",29.29,4.5,30,"1985-01-01 2014-01-01",-17.03,3.46,30,"1985-01-01 2014-01-01",47.88,6.2,30,"1985-01-01 2014-01-01",-12.92,3.62,30,"1985-01-01 2014-01-01",2.19,1.08,30,"1985-01-01 2014-01-01",9.41,6.49,30,"1985-01-01 2014-01-01",0.06,0.13,30,"1985-01-01 2014-01-01",15.72,9.75,30,"1985-01-01 2014-01-01",4.2,4.82,30,"1985-01-01 2014-01-01",,,,
2014-12-01,-9.21,2.88,30,"1984-12-01 2013-12-01",79.07,4.94,30,"1984-12-01 2013-12-01",-0.6,4.21,30,"1984-12-01 2013-12-01",29.41,4.18,30,"1984-12-01 2013-12-01",-16.43,3.46,30,"1984-12-01 2013-12-01",48.25,6.85,30,"1984-12-01 2013-12-01",-12.46,3.84,30,"1984-12-01 2013-12-01",2.24,1.03,30,"1984-12-01 2013-12-01",11.46,9.56,30,"1984-12-01 2013-12-01",0.3,0.76,30,"1984-12-01 2013-12-01",16.52,11.95,30,"1984-12-01 2013-12-01",4,5.06,30,"1984-12-01 2013-12-01",,,,
2014-11-01,-5.72,2.52,30,"1984-11-01 2013-11-01",81.57,4.03,30,"1984-11-01 2013-11-01",3.18,3.78,30,"1984-11-01 2013-11-01",28.32,3.2,30,"1984-11-01 2013-11-01",-12.19,2.91,30,"1984-11-01 2013-11-01",47.65,7.39,30,"1984-11-01 2013-11-01",-8.24,3.23,30,"1984-11-01 2013-11-01",1.95,0.98,30,"1984-11-01 2013-11-01",13.62,7.91,30,"1984-11-01 2013-11-01",1.54,2.51,30,"1984-11-01 2013-11-01",17.65,10.66,30,"1984-11-01 2013-11-01",2.2,1.95,30,"1984-11-01 2013-11-01",,,,
2014-10-01,-0.24,1.32,30,"1984-10-01 2013-10-01",79.91,5.27,30,"1984-10-01 2013-10-01",11.45,2.37,30,"1984-10-01 2013-10-01",29.09,3.07,30,"1984-10-01 2013-10-01",-6.11,1.54,30,"1984-10-01 2013-10-01",40,6.05,30,"1984-10-01 2013-10-01",-1.39,1.37,30,"1984-10-01 2013-10-01",2.42,1.13,30,"1984-10-01 2013-10-01",17.01,10.79,30,"1984-10-01 2013-10-01",8.15,5.49,30,"1984-10-01 2013-10-01",10.41,8.34,30,"1984-10-01 2013-10-01",0.8,1.38,30,"1984-10-01 2013-10-01",,,,
2014-09-01,5.42,1.22,30,"1984-09-01 2013-09-01",82.74,6.03,30,"1984-09-01 2013-09-01",18.15,2.99,30,"1984-09-01 2013-09-01",27.18,2.45,30,"1984-09-01 2013-09-01",0.24,1.22,30,"1984-09-01 2013-09-01",39.45,7.16,30,"1984-09-01 2013-09-01",4.38,1.43,30,"1984-09-01 2013-09-01",2.3,1.19,30,"1984-09-01 2013-09-01",43.52,34.04,30,"1984-09-01 2013-09-01",40.43,31.22,30,"1984-09-01 2013-09-01",3.41,5.35,30,"1984-09-01 2013-09-01",0,0.06,28,"1984-09-01 2011-09-01",,,,
2014-08-01,10.17,1.33,30,"1984-08-01 2013-08-01",85.2,6.14,30,"1984-08-01 2013-08-01",22.68,2.11,30,"1984-08-01 2013-08-01",26.86,2.77,30,"1984-08-01 2013-08-01",4.97,1.49,30,"1984-08-01 2013-08-01",40.48,6.91,30,"1984-08-01 2013-08-01",8.89,1.1,30,"1984-08-01 2013-08-01",1.84,0.96,30,"1984-08-01 2013-08-01",58.55,31.63,30,"1984-08-01 2013-08-01",58.34,31.8,30,"1984-08-01 2013-08-01",0.03,0.18,30,"1984-08-01 2013-08-01",0,0,28,"1984-08-01 2011-08-01",,,,
2014-07-01,11.48,1.66,30,"1984-07-01 2013-07-01",85.66,5.89,30,"1984-07-01 2013-07-01",23.24,1.95,30,"1984-07-01 2013-07-01",28.48,2.07,30,"1984-07-01 2013-07-01",5.85,1.56,30,"1984-07-01 2013-07-01",41.55,6.21,30,"1984-07-01 2013-07-01",9.97,1.11,30,"1984-07-01 2013-07-01",2.01,0.83,30,"1984-07-01 2013-07-01",64.45,32.18,30,"1984-07-01 2013-07-01",64.41,32.2,30,"1984-07-01 2013-07-01",0,0,30,"1984-07-01 2013-07-01",0,0,29,"1984-07-01 2012-07-01",,,,
2014-06-01,8.61,1.37,30,"1984-06-01 2013-06-01",84.34,6.24,30,"1984-06-01 2013-06-01",19.79,1.37,30,"1984-06-01 2013-06-01",29.9,2.24,30,"1984-06-01 2013-06-01",3.02,1.55,30,"1984-06-01 2013-06-01",42.47,6.42,30,"1984-06-01 2013-06-01",7.57,1.07,30,"1984-06-01 2013-06-01",2.76,0.89,30,"1984-06-01 2013-06-01",98.37,46.68,30,"1984-06-01 2013-06-01",98.2,46.79,30,"1984-06-01 2013-06-01",0.13,0.68,30,"1984-06-01 2013-06-01",0,0,29,"1984-06-01 2012-06-01",,,,
2014-05-01,3.47,1.43,30,"1984-05-01 2013-05-01",79.93,7.4,30,"1984-05-01 2013-05-01",16.32,1.93,30,"1984-05-01 2013-05-01",30.89,2.36,30,"1984-05-01 2013-05-01",-2.29,1.66,30,"1984-05-01 2013-05-01",37.56,6.13,30,"1984-05-01 2013-05-01",3.24,1.3,30,"1984-05-01 2013-05-01",3.2,1.23,30,"1984-05-01 2013-05-01",57.15,29.26,30,"1984-05-01 2013-05-01",47.97,28.89,30,"1984-05-01 2013-05-01",10.13,11.12,30,"1984-05-01 2013-05-01",0.5,1.28,30,"1984-05-01 2013-05-01",,,,
2014-04-01,-1.46,1.43,30,"1984-04-01 2013-04-01",79.6,5.74,30,"1984-04-01 2013-04-01",10.93,2.19,30,"1984-04-01 2013-04-01",30.7,2.85,30,"1984-04-01 2013-04-01",-7.46,1.6,30,"1984-04-01 2013-04-01",36.71,6.31,30,"1984-04-01 2013-04-01",-2,1.32,30,"1984-04-01 2013-04-01",3.33,1.11,30,"1984-04-01 2013-04-01",27.16,19.69,30,"1984-04-01 2013-04-01",10.89,13.27,30,"1984-04-01 2013-04-01",20.52,17.11,30,"1984-04-01 2013-04-01",1,1.46,30,"1984-04-01 2013-04-01",,,,
2014-03-01,-5.41,2.21,30,"1984-03-01 2013-03-01",81.11,5.03,30,"1984-03-01 2013-03-01",4.23,3.98,30,"1984-03-01 2013-03-01",28.4,3.53,30,"1984-03-01 2013-03-01",-12.05,2.61,30,"1984-03-01 2013-03-01",44.84,9.06,30,"1984-03-01 2013-03-01",-7.59,3.11,30,"1984-03-01 2013-03-01",2.51,0.99,30,"1984-03-01 2013-03-01",16.5,11.77,30,"1984-03-01 2013-03-01",1.1,1.75,30,"1984-03-01 2013-03-01",22.17,14.09,30,"1984-03-01 2013-03-01",2.7,2.79,30,"1984-03-01 2013-03-01",,,,
2014-02-01,-8.47,2.79,30,"1984-02-01 2013-02-01",78.53,5.72,30,"1984-02-01 2013-02-01",0.75,3.71,30,"1984-02-01 2013-02-01",27.47,4.03,30,"1984-02-01 2013-02-01",-15.55,3.38,30,"1984-02-01 2013-02-01",46.28,6.87,30,"1984-02-01 2013-02-01",-11.41,3.37,30,"1984-02-01 2013-02-01",2.18,0.89,30,"1984-02-01 2013-02-01",9.8,6.62,30,"1984-02-01 2013-02-01",0.07,0.23,30,"1984-02-01 2013-02-01",14.89,10.42,30,"1984-02-01 2013-02-01",3.1,1.99,30,"1984-02-01 2013-02-01",,,,
2014-01-01,-9.61,2.8,30,"1984-01-01 2013-01-01",77.49,4.12,30,"1984-01-01 2013-01-01",-0.91,3.88,30,"1984-01-01 2013-01-01",29.41,4.62,30,"1984-01-01 2013-01-01",-17.09,3.39,30,"1984-01-01 2013-01-01",47.74,6.23,30,"1984-01-01 2013-01-01",-12.92,3.62,30,"1984-01-01 2013-01-01",2.16,1.06,30,"1984-01-01 2013-01-01",9.23,6.4,30,"1984-01-01 2013-01-01",0.06,0.13,30,"1984-01-01 2013-01-01",15.38,9.66,30,"1984-01-01 2013-01-01",4.1,4.82,30,"1984-01-01 2013-01-01",,,,
2013-12-01,-9.52,3.35,30,"1983-12-01 2012-12-01",78.52,5.22,30,"1983-12-01 2012-12-01",-0.85,4.56,30,"1983-12-01 2012-12-01",29.08,4.13,30,"1983-12-01 2012-12-01",-16.72,3.93,30,"1983-12-01 2012-12-01",47.9,6.5,30,"1983-12-01 2012-12-01",-12.73,4.28,30,"1983-12-01 2012-12-01",2.14,0.97,30,"1983-12-01 2012-12-01",10.67,8.32,30,"1983-12-01 2012-12-01",0.3,0.76,30,"1983-12-01 2012-12-01",15.51,9.99,30,"1983-12-01 2012-12-01",3.9,4.9,30,"1983-12-01 2012-12-01",,,,
2013-11-01,-5.69,2.53,30,"1983-11-01 2012-11-01",81.32,4.06,30,"1983-11-01 2012-11-01",3.22,3.77,30,"1983-11-01 2012-11-01",28.33,3.2,30,"1983-11-01 2012-11-01",-12.18,2.92,30,"1983-11-01 2012-11-01",47.64,7.38,30,"1983-11-01 2012-11-01",-8.2,3.23,30,"1983-11-01 2012-11-01",1.93,0.96,30,"1983-11-01 2012-11-01",13.56,7.92,30,"1983-11-01 2012-11-01",1.48,2.51,30,"1983-11-01 2012-11-01",17.16,10.47,30,"1983-11-01 2012-11-01",2.1,1.95,30,"1983-11-01 2012-11-01",,,,
2013-10-01,-0.3,1.3,30,"1983-10-01 2012-10-01",79.54,5.36,30,"1983-10-01 2012-10-01",11.5,2.4,30,"1983-10-01 2012-10-01",29.2,3.04,30,"1983-10-01 2012-10-01",-6.17,1.52,30,"1983-10-01 2012-10-01",39.78,6.16,30,"1983-10-01 2012-10-01",-1.42,1.37,30,"1983-10-01 2012-10-01",2.32,1.12,30,"1983-10-01 2012-10-01",16.13,10.74,30,"1983-10-01 2012-10-01",7.61,5.15,30,"1983-10-01 2012-10-01",10.3,8.45,30,"1983-10-01 2012-10-01",0.7,1.31,30,"1983-10-01 2012-10-01",,,,
2013-09-01,5.24,1.26,30,"1983-09-01 2012-09-01",82.35,6.33,30,"1983-09-01 2012-09-01",18.01,2.95,30,"1983-09-01 2012-09-01",27.47,3,30,"1983-09-01 2012-09-01",0.01,1.27,30,"1983-09-01 2012-09-01",39.25,7.29,30,"1983-09-01 2012-09-01",4.23,1.36,30,"1983-09-01 2012-09-01",2.23,1.08,30,"1983-09-01 2012-09-01",42.19,34.31,30,"1983-09-01 2012-09-01",38.9,31.55,30,"1983-09-01 2012-09-01",3.62,5.33,30,"1983-09-01 2012-09-01",0,0.06,29,"1983-09-01 2011-09-01",,,,
2013-08-01,10.1,1.26,30,"1983-08-01 2012-08-01",84.74,6.39,30,"1983-08-01 2012-08-01",22.75,2.21,30,"1983-08-01 2012-08-01",27,2.77,30,"1983-08-01 2012-08-01",4.88,1.44,30,"1983-08-01 2012-08-01",40.1,7.22,30,"1983-08-01 2012-08-01",8.87,1.08,30,"1983-08-01 2012-08-01",1.74,0.85,30,"1983-08-01 2012-08-01",58.9,31.38,30,"1983-08-01 2012-08-01",58.86,31.4,30,"1983-08-01 2012-08-01",0.03,0.18,30,"1983-08-01 2012-08-01",0,0,29,"1983-08-01 2011-08-01",,,,
2013-07-01,11.37,1.64,30,"1983-07-01 2012-07-01",85.2,5.94,30,"1983-07-01 2012-07-01",23.28,1.93,30,"1983-07-01 2012-07-01",28.63,2.19,30,"1983-07-01 2012-07-01",5.73,1.55,30,"1983-07-01 2012-07-01",41.06,6.06,30,"1983-07-01 2012-07-01",9.94,1.11,30,"1983-07-01 2012-07-01",1.96,0.75,30,"1983-07-01 2012-07-01",64.81,32.05,30,"1983-07-01 2012-07-01",64.81,32.05,30,"1983-07-01 2012-07-01",0,0,30,"1983-07-01 2012-07-01",0,0,30,"1983-07-01 2012-07-01",,,,
2013-06-01,8.51,1.36,30,"1983-06-01 2012-06-01",83.9,6.4,30,"1983-06-01 2012-06-01",19.8,1.37,30,"1983-06-01 2012-06-01",30.07,2.36,30,"1983-06-01 2012-06-01",2.92,1.5,30,"1983-06-01 2012-06-01",42.14,6.3,30,"1983-06-01 2012-06-01",7.57,1.07,30,"1983-06-01 2012-06-01",2.78,0.93,30,"1983-06-01 2012-06-01",95.04,46.6,30,"1983-06-01 2012-06-01",94.91,46.75,30,"1983-06-01 2012-06-01",0.13,0.68,30,"1983-06-01 2012-06-01",0,0,30,"1983-06-01 2012-06-01",,,,
2013-05-01,3.4,1.42,30,"1983-05-01 2012-05-01",79.75,7.49,30,"1983-05-01 2012-05-01",16.27,1.89,30,"1983-05-01 2012-05-01",31.05,2.56,30,"1983-05-01 2012-05-01",-2.36,1.65,30,"1983-05-01 2012-05-01",37.48,6.18,30,"1983-05-01 2012-05-01",3.17,1.26,30,"1983-05-01 2012-05-01",3.17,1.22,30,"1983-05-01 2012-05-01",53.8,28.76,30,"1983-05-01 2012-05-01",44.75,27.76,30,"1983-05-01 2012-05-01",10.19,11.07,30,"1983-05-01 2012-05-01",0.2,0.4,30,"1983-05-01 2012-05-01",,,,
2013-04-01,-1.41,1.41,30,"1983-04-01 2012-04-01",79.47,5.7,30,"1983-04-01 2012-04-01",11.05,2.06,30,"1983-04-01 2012-04-01",30.57,2.74,30,"1983-04-01 2012-04-01",-7.38,1.62,30,"1983-04-01 2012-04-01",36.56,6.13,30,"1983-04-01 2012-04-01",-1.93,1.27,30,"1983-04-01 2012-04-01",3.27,1.09,30,"1983-04-01 2012-04-01",28.45,20.21,30,"1983-04-01 2012-04-01",11.97,13.71,30,"1983-04-01 2012-04-01",21.03,17.07,30,"1983-04-01 2012-04-01",0.9,1.12,30,"1983-04-01 2012-04-01",,,,
2013-03-01,-5.35,2.24,30,"1983-03-01 2012-03-01",81.17,5.1,30,"1983-03-01 2012-03-01",4.23,3.98,30,"1983-03-01 2012-03-01",28.45,3.53,30,"1983-03-01 2012-03-01",-11.99,2.65,30,"1983-03-01 2012-03-01",45.13,9.45,30,"1983-03-01 2012-03-01",-7.56,3.11,30,"1983-03-01 2012-03-01",2.48,0.95,30,"1983-03-01 2012-03-01",16.67,11.82,30,"1983-03-01 2012-03-01",1.31,2.02,30,"1983-03-01 2012-03-01",22.17,14.09,30,"1983-03-01 2012-03-01",2.6,2.71,30,"1983-03-01 2012-03-01",,,,
2013-02-01,-8.44,2.83,30,"1983-02-01 2012-02-01",78.57,5.75,30,"1983-02-01 2012-02-01",0.74,3.71,30,"1983-02-01 2012-02-01",27.32,3.98,30,"1983-02-01 2012-02-01",-15.53,3.42,30,"1983-02-01 2012-02-01",46.54,6.96,30,"1983-02-01 2012-02-01",-11.44,3.32,30,"1983-02-01 2012-02-01",2.09,0.83,30,"1983-02-01 2012-02-01",9.82,6.61,30,"1983-02-01 2012-02-01",0.1,0.29,30,"1983-02-01 2012-02-01",14.98,10.34,30,"1983-02-01 2012-02-01",2.9,1.94,30,"1983-02-01 2012-02-01",,,,
2013-01-01,-9.55,2.86,30,"1983-01-01 2012-01-01",77.6,4.22,30,"1983-01-01 2012-01-01",-0.83,3.92,30,"1983-01-01 2012-01-01",29.29,4.61,30,"1983-01-01 2012-01-01",-17.07,3.4,30,"1983-01-01 2012-01-01",47.61,6.2,30,"1983-01-01 2012-01-01",-12.93,3.62,30,"1983-01-01 2012-01-01",2.04,0.9,30,"1983-01-01 2012-01-01",9.19,6.4,30,"1983-01-01 2012-01-01",0.06,0.13,30,"1983-01-01 2012-01-01",15.22,9.69,30,"1983-01-01 2012-01-01",3.9,4.78,30,"1983-01-01 2012-01-01",,,,
2012-12-01,-9.36,3.35,30,"1982-12-01 2011-12-01",78.47,5.19,30,"1982-12-01 2011-12-01",-0.63,4.49,30,"1982-12-01 2011-12-01",29.22,4.13,30,"1982-12-01 2011-12-01",-16.55,3.96,30,"1982-12-01 2011-12-01",47.6,6.22,30,"1982-12-01 2011-12-01",-12.55,4.27,30,"1982-12-01 2011-12-01",2.04,0.88,30,"1982-12-01 2011-12-01",10.5,8.31,30,"1982-12-01 2011-12-01",0.28,0.76,30,"1982-12-01 2011-12-01",15.28,10.05,30,"1982-12-01 2011-12-01",3.7,4.9,30,"1982-12-01 2011-12-01",,,,
2012-11-01,-5.75,2.54,30,"1982-11-01 2011-11-01",81.31,4.05,30,"1982-11-01 2011-11-01",3.25,3.75,30,"1982-11-01 2011-11-01",28.19,3.26,30,"1982-11-01 2011-11-01",-12.3,2.94,30,"1982-11-01 2011-11-01",47.18,7.05,30,"1982-11-01 2011-11-01",-8.33,3.29,30,"1982-11-01 2011-11-01",1.78,0.73,30,"1982-11-01 2011-11-01",13.23,8,30,"1982-11-01 2011-11-01",1.46,2.52,30,"1982-11-01 2011-11-01",16.81,10.56,30,"1982-11-01 2011-11-01",2.1,1.94,30,"1982-11-01 2011-11-01",,,,
2012-10-01,-0.26,1.32,30,"1982-10-01 2011-10-01",79.15,5.16,30,"1982-10-01 2011-10-01",11.7,2.31,30,"1982-10-01 2011-10-01",29.05,2.96,30,"1982-10-01 2011-10-01",-6.15,1.53,30,"1982-10-01 2011-10-01",39.2,5.64,30,"1982-10-01 2011-10-01",-1.37,1.37,30,"1982-10-01 2011-10-01",2.14,0.78,30,"1982-10-01 2011-10-01",14.46,8.35,30,"1982-10-01 2011-10-01",7.16,5.13,30,"1982-10-01 2011-10-01",9.49,7.83,30,"1982-10-01 2011-10-01",0.4,0.66,30,"1982-10-01 2011-10-01",,,,
2012-09-01,5.27,1.27,30,"1982-09-01 2011-09-01",82.64,6.23,30,"1982-09-01 2011-09-01",17.86,2.85,30,"1982-09-01 2011-09-01",27.45,2.99,30,"1982-09-01 2011-09-01",0.03,1.28,30,"1982-09-01 2011-09-01",39.7,7.05,30,"1982-09-01 2011-09-01",4.17,1.31,30,"1982-09-01 2011-09-01",2.05,0.69,30,"1982-09-01 2011-09-01",44.11,33.79,30,"1982-09-01 2011-09-01",40.65,31.03,30,"1982-09-01 2011-09-01",3.86,5.33,30,"1982-09-01 2011-09-01",0,0.06,30,"1982-09-01 2011-09-01",,,,
2012-08-01,10.04,1.24,30,"1982-08-01 2011-08-01",84.82,6.4,30,"1982-08-01 2011-08-01",22.67,2.18,30,"1982-08-01 2011-08-01",27.03,2.79,30,"1982-08-01 2011-08-01",4.83,1.43,30,"1982-08-01 2011-08-01",40.17,7.2,30,"1982-08-01 2011-08-01",8.79,1.07,30,"1982-08-01 2011-08-01",1.62,0.57,30,"1982-08-01 2011-08-01",58.6,31.67,30,"1982-08-01 2011-08-01",58.56,31.69,30,"1982-08-01 2011-08-01",0.03,0.18,30,"1982-08-01 2011-08-01",0,0,30,"1982-08-01 2011-08-01",,,,
2012-07-01,11.28,1.52,30,"1982-07-01 2011-07-01",85.08,5.91,30,"1982-07-01 2011-07-01",23.21,1.94,30,"1982-07-01 2011-07-01",28.58,2.17,30,"1982-07-01 2011-07-01",5.63,1.48,30,"1982-07-01 2011-07-01",40.94,5.98,30,"1982-07-01 2011-07-01",9.85,1,30,"1982-07-01 2011-07-01",1.87,0.66,30,"1982-07-01 2011-07-01",64.75,32.03,30,"1982-07-01 2011-07-01",64.75,32.03,30,"1982-07-01 2011-07-01",0,0,30,"1982-07-01 2011-07-01",0,0,30,"1982-07-01 2011-07-01",,,,
2012-06-01,8.5,1.36,30,"1982-06-01 2011-06-01",83.77,6.35,30,"1982-06-01 2011-06-01",19.83,1.37,30,"1982-06-01 2011-06-01",30.03,2.38,30,"1982-06-01 2011-06-01",2.93,1.51,30,"1982-06-01 2011-06-01",42.15,6.3,30,"1982-06-01 2011-06-01",7.55,1.06,30,"1982-06-01 2011-06-01",2.71,0.92,30,"1982-06-01 2011-06-01",93.04,45.61,30,"1982-06-01 2011-06-01",92.91,45.76,30,"1982-06-01 2011-06-01",0.13,0.68,30,"1982-06-01 2011-06-01",0,0,30,"1982-06-01 2011-06-01",,,,
2012-05-01,3.35,1.46,30,"1982-05-01 2011-05-01",79.66,7.49,30,"1982-05-01 2011-05-01",16.25,1.9,30,"1982-05-01 2011-05-01",31.2,2.61,30,"1982-05-01 2011-05-01",-2.41,1.69,30,"1982-05-01 2011-05-01",37.37,6.22,30,"1982-05-01 2011-05-01",3.11,1.29,30,"1982-05-01 2011-05-01",3.13,1.22,30,"1982-05-01 2011-05-01",54.12,29.02,30,"1982-05-01 2011-05-01",44.71,27.74,30,"1982-05-01 2011-05-01",10.63,11.42,30,"1982-05-01 2011-05-01",0.2,0.42,30,"1982-05-01 2011-05-01",,,,
2012-04-01,-1.62,1.63,30,"1982-04-01 2011-04-01",78.88,5.79,30,"1982-04-01 2011-04-01",10.94,2.16,30,"1982-04-01 2011-04-01",30.74,2.81,30,"1982-04-01 2011-04-01",-7.65,1.85,30,"1982-04-01 2011-04-01",36.29,6.06,30,"1982-04-01 2011-04-01",-2.08,1.37,30,"1982-04-01 2011-04-01",3.27,1.09,30,"1982-04-01 2011-04-01",26.95,19.7,30,"1982-04-01 2011-04-01",10.98,13.46,30,"1982-04-01 2011-04-01",20.67,17.05,30,"1982-04-01 2011-04-01",0.9,1.15,30,"1982-04-01 2011-04-01",,,,
2012-03-01,-5.47,2.22,30,"1982-03-01 2011-03-01",81.05,5.06,30,"1982-03-01 2011-03-01",4.02,4.02,30,"1982-03-01 2011-03-01",28.34,3.46,30,"1982-03-01 2011-03-01",-12.12,2.64,30,"1982-03-01 2011-03-01",45.42,9.53,30,"1982-03-01 2011-03-01",-7.72,3.1,30,"1982-03-01 2011-03-01",2.48,0.95,30,"1982-03-01 2011-03-01",16.98,11.96,30,"1982-03-01 2011-03-01",1.31,2.02,30,"1982-03-01 2011-03-01",22.8,14.31,30,"1982-03-01 2011-03-01",2.7,2.7,30,"1982-03-01 2011-03-01",,,,
2012-02-01,-8.64,2.89,30,"1982-02-01 2011-02-01",78.14,5.5,30,"1982-02-01 2011-02-01",0.5,3.87,30,"1982-02-01 2011-02-01",27.63,4.07,30,"1982-02-01 2011-02-01",-15.76,3.52,30,"1982-02-01 2011-02-01",46.73,7.01,30,"1982-02-01 2011-02-01",-11.62,3.42,30,"1982-02-01 2011-02-01",2.22,1.04,30,"1982-02-01 2011-02-01",9.64,6.52,30,"1982-02-01 2011-02-01",0.1,0.29,30,"1982-02-01 2011-02-01",14.92,10.33,30,"1982-02-01 2011-02-01",3.1,2.23,30,"1982-02-01 2011-02-01",,,,
2012-01-01,-9.89,3.39,30,"1982-01-01 2011-01-01",77.47,4.35,30,"1982-01-01 2011-01-01",-1.25,4.46,30,"1982-01-01 2011-01-01",29.23,4.56,30,"1982-01-01 2011-01-01",-17.51,4.07,30,"1982-01-01 2011-01-01",47.9,6.1,30,"1982-01-01 2011-01-01",-13.41,4.23,30,"1982-01-01 2011-01-01",2.08,1.03,30,"1982-01-01 2011-01-01",9.74,6.81,30,"1982-01-01 2011-01-01",0.06,0.13,30,"1982-01-01 2011-01-01",15.94,9.79,30,"1982-01-01 2011-01-01",4.1,4.78,30,"1982-01-01 2011-01-01",,,,
2011-12-01,-9.56,3.26,30,"1981-12-01 2010-12-01",78.25,5.22,30,"1981-12-01 2010-12-01",-0.85,4.39,30,"1981-12-01 2010-12-01",28.93,3.84,30,"1981-12-01 2010-12-01",-16.76,3.88,30,"1981-12-01 2010-12-01",47.63,6.2,30,"1981-12-01 2010-12-01",-12.74,4.17,30,"1981-12-01 2010-12-01",2.08,0.92,30,"1981-12-01 2010-12-01",10.12,8.34,30,"1981-12-01 2010-12-01",0.28,0.76,30,"1981-12-01 2010-12-01",14.9,10.21,30,"1981-12-01 2010-12-01",3.7,4.92,30,"1981-12-01 2010-12-01",,,,
2011-11-01,-5.65,2.57,30,"1981-11-01 2010-11-01",81.18,4.18,30,"1981-11-01 2010-11-01",3.41,3.86,30,"1981-11-01 2010-11-01",28.12,3.2,30,"1981-11-01 2010-11-01",-12.16,2.98,30,"1981-11-01 2010-11-01",47.19,7.03,30,"1981-11-01 2010-11-01",-8.23,3.36,30,"1981-11-01 2010-11-01",1.86,0.81,30,"1981-11-01 2010-11-01",13.11,8.07,30,"1981-11-01 2010-11-01",1.46,2.52,30,"1981-11-01 2010-11-01",16.61,10.66,30,"1981-11-01 2010-11-01",2.1,1.95,30,"1981-11-01 2010-11-01",,,,
2011-10-01,-0.21,1.31,30,"1981-10-01 2010-10-01",79.46,4.92,30,"1981-10-01 2010-10-01",11.67,2.31,30,"1981-10-01 2010-10-01",29.1,2.94,30,"1981-10-01 2010-10-01",-6.09,1.56,30,"1981-10-01 2010-10-01",39.5,5.66,30,"1981-10-01 2010-10-01",-1.41,1.34,30,"1981-10-01 2010-10-01",2.19,0.86,30,"1981-10-01 2010-10-01",15.26,9.38,30,"1981-10-01 2010-10-01",7.45,5.65,30,"1981-10-01 2010-10-01",10,7.75,30,"1981-10-01 2010-10-01",0.5,0.66,30,"1981-10-01 2010-10-01",,,,
2011-09-01,5.26,1.27,30,"1981-09-01 2010-09-01",82.97,5.85,30,"1981-09-01 2010-09-01",17.79,2.78,30,"1981-09-01 2010-09-01",27.55,3.03,30,"1981-09-01 2010-09-01",0.03,1.28,30,"1981-09-01 2010-09-01",39.8,6.95,30,"1981-09-01 2010-09-01",4.1,1.22,30,"1981-09-01 2010-09-01",2.1,0.73,30,"1981-09-01 2010-09-01",45.09,33.23,30,"1981-09-01 2010-09-01",41.64,30.52,30,"1981-09-01 2010-09-01",3.86,5.33,30,"1981-09-01 2010-09-01",0,0.06,30,"1981-09-01 2010-09-01",,,,
2011-08-01,10.11,1.31,30,"1981-08-01 2010-08-01",84.96,6.35,30,"1981-08-01 2010-08-01",22.76,2.23,30,"1981-08-01 2010-08-01",27.09,2.76,30,"1981-08-01 2010-08-01",4.89,1.48,30,"1981-08-01 2010-08-01",40.04,7.22,30,"1981-08-01 2010-08-01",8.79,1.07,30,"1981-08-01 2010-08-01",1.67,0.59,30,"1981-08-01 2010-08-01",56.78,31.78,30,"1981-08-01 2010-08-01",56.74,31.8,30,"1981-08-01 2010-08-01",0.03,0.18,30,"1981-08-01 2010-08-01",0,0,30,"1981-08-01 2010-08-01",,,,
2011-07-01,11.31,1.53,30,"1981-07-01 2010-07-01",85.35,5.8,30,"1981-07-01 2010-07-01",23.15,1.97,30,"1981-07-01 2010-07-01",28.57,2.17,30,"1981-07-01 2010-07-01",5.7,1.46,30,"1981-07-01 2010-07-01",41.25,6.12,30,"1981-07-01 2010-07-01",9.82,1,30,"1981-07-01 2010-07-01",1.94,0.8,30,"1981-07-01 2010-07-01",65.39,33.06,30,"1981-07-01 2010-07-01",65.39,33.06,30,"1981-07-01 2010-07-01",0,0,30,"1981-07-01 2010-07-01",0,0,30,"1981-07-01 2010-07-01",,,,
2011-06-01,8.46,1.39,30,"1981-06-01 2010-06-01",83.72,6.37,30,"1981-06-01 2010-06-01",19.83,1.37,30,"1981-06-01 2010-06-01",30.16,2.44,30,"1981-06-01 2010-06-01",2.84,1.58,30,"1981-06-01 2010-06-01",41.87,6.41,30,"1981-06-01 2010-06-01",7.49,1.09,30,"1981-06-01 2010-06-01",2.73,0.94,30,"1981-06-01 2010-06-01",92.71,45.75,30,"1981-06-01 2010-06-01",92.58,45.89,30,"1981-06-01 2010-06-01",0.13,0.68,30,"1981-06-01 2010-06-01",0,0,30,"1981-06-01 2010-06-01",,,,
2011-05-01,3.46,1.56,30,"1981-05-01 2010-05-01",79.92,7.56,30,"1981-05-01 2010-05-01",16.27,1.89,30,"1981-05-01 2010-05-01",31.41,2.59,30,"1981-05-01 2010-05-01",-2.33,1.78,30,"1981-05-01 2010-05-01",37.55,6.38,30,"1981-05-01 2010-05-01",3.12,1.3,30,"1981-05-01 2010-05-01",3.13,1.23,30,"1981-05-01 2010-05-01",55.94,32.55,30,"1981-05-01 2010-05-01",44.69,27.72,30,"1981-05-01 2010-05-01",12.46,13.73,30,"1981-05-01 2010-05-01",0.3,0.42,30,"1981-05-01 2010-05-01",,,,
2011-04-01,-1.63,1.64,30,"1981-04-01 2010-04-01",78.41,6.4,30,"1981-04-01 2010-04-01",11.14,2.03,30,"1981-04-01 2010-04-01",31.08,2.91,30,"1981-04-01 2010-04-01",-7.7,1.89,30,"1981-04-01 2010-04-01",35.7,6.35,30,"1981-04-01 2010-04-01",-2.03,1.36,30,"1981-04-01 2010-04-01",3.36,1.09,30,"1981-04-01 2010-04-01",25.16,19.38,30,"1981-04-01 2010-04-01",10.76,13.57,30,"1981-04-01 2010-04-01",18.8,15.89,30,"1981-04-01 2010-04-01",0.8,1.07,30,"1981-04-01 2010-04-01",,,,
2011-03-01,-5.3,2.2,30,"1981-03-01 2010-03-01",80.99,5.08,30,"1981-03-01 2010-03-01",4.38,3.95,30,"1981-03-01 2010-03-01",28.76,3.29,30,"1981-03-01 2010-03-01",-11.98,2.66,30,"1981-03-01 2010-03-01",44.67,9.42,30,"1981-03-01 2010-03-01",-7.53,3.1,30,"1981-03-01 2010-03-01",2.63,0.99,30,"1981-03-01 2010-03-01",17.5,12.41,30,"1981-03-01 2010-03-01",2.15,4.85,30,"1981-03-01 2010-03-01",22.33,14.48,30,"1981-03-01 2010-03-01",2.6,2.73,30,"1981-03-01 2010-03-01",,,,
2011-02-01,-8.46,2.84,30,"1981-02-01 2010-02-01",78.2,5.45,30,"1981-02-01 2010-02-01",0.73,3.8,30,"1981-02-01 2010-02-01",27.77,4.18,30,"1981-02-01 2010-02-01",-15.56,3.44,30,"1981-02-01 2010-02-01",46.62,7.03,30,"1981-02-01 2010-02-01",-11.42,3.39,30,"1981-02-01 2010-02-01",2.34,1.21,30,"1981-02-01 2010-02-01",9.35,6.36,30,"1981-02-01 2010-02-01",0.09,0.29,30,"1981-02-01 2010-02-01",14.47,10.21,30,"1981-02-01 2010-02-01",3,2.22,30,"1981-02-01 2010-02-01",,,,
2011-01-01,-9.66,3.47,30,"1981-01-01 2010-01-01",77.75,4.33,30,"1981-01-01 2010-01-01",-0.93,4.58,30,"1981-01-01 2010-01-01",29.05,4.54,30,"1981-01-01 2010-01-01",-17.26,4.23,30,"1981-01-01 2010-01-01",47.74,6.1,30,"1981-01-01 2010-01-01",-13.21,4.36,30,"1981-01-01 2010-01-01",2.04,1.02,30,"1981-01-01 2010-01-01",9.34,6.74,30,"1981-01-01 2010-01-01",0.06,0.13,30,"1981-01-01 2010-01-01",15.14,9.61,30,"1981-01-01 2010-01-01",3.9,4.82,30,"1981-01-01 2010-01-01",,,,
2010-12-01,-9.63,3.29,30,"1980-12-01 2009-12-01",78.03,5.25,30,"1980-12-01 2009-12-01",-0.9,4.42,30,"1980-12-01 2009-12-01",29.37,3.42,30,"1980-12-01 2009-12-01",-16.85,3.92,30,"1980-12-01 2009-12-01",47.45,6.06,30,"1980-12-01 2009-12-01",-12.78,4.19,30,"1980-12-01 2009-12-01",2.24,1.15,30,"1980-12-01 2009-12-01",10.4,8.47,30,"1980-12-01 2009-12-01",0.29,0.75,30,"1980-12-01 2009-12-01",15.07,10.36,30,"1980-12-01 2009-12-01",3.9,5.07,30,"1980-12-01 2009-12-01",,,,
2010-11-01,-5.53,2.55,30,"1980-11-01 2009-11-01",81.09,4.31,30,"1980-11-01 2009-11-01",3.62,3.91,30,"1980-11-01 2009-11-01",28.17,3.23,30,"1980-11-01 2009-11-01",-12.04,2.93,30,"1980-11-01 2009-11-01",46.75,7.37,30,"1980-11-01 2009-11-01",-8.03,3.38,30,"1980-11-01 2009-11-01",1.95,0.87,30,"1980-11-01 2009-11-01",12.95,7.96,30,"1980-11-01 2009-11-01",1.4,2.53,30,"1980-11-01 2009-11-01",16.54,10.63,30,"1980-11-01 2009-11-01",1.9,1.9,30,"1980-11-01 2009-11-01",,,,
2010-10-01,-0.21,1.3,30,"1980-10-01 2009-10-01",79.39,4.97,30,"1980-10-01 2009-10-01",11.69,2.34,30,"1980-10-01 2009-10-01",29.24,2.8,30,"1980-10-01 2009-10-01",-6.1,1.54,30,"1980-10-01 2009-10-01",39.4,5.66,30,"1980-10-01 2009-10-01",-1.43,1.3,30,"1980-10-01 2009-10-01",2.21,0.83,30,"1980-10-01 2009-10-01",15.93,9.77,30,"1980-10-01 2009-10-01",7.77,5.87,30,"1980-10-01 2009-10-01",10.35,7.73,30,"1980-10-01 2009-10-01",0.5,0.66,30,"1980-10-01 2009-10-01",,,,
2010-09-01,5.24,1.26,30,"1980-09-01 2009-09-01",82.84,5.79,30,"1980-09-01 2009-09-01",17.9,2.69,30,"1980-09-01 2009-09-01",27.91,3.2,30,"1980-09-01 2009-09-01",-0.02,1.25,30,"1980-09-01 2009-09-01",39.3,6.38,30,"1980-09-01 2009-09-01",4.09,1.22,30,"1980-09-01 2009-09-01",2.14,0.75,30,"1980-09-01 2009-09-01",44.38,33.08,30,"1980-09-01 2009-09-01",40.93,30.28,30,"1980-09-01 2009-09-01",3.85,5.33,30,"1980-09-01 2009-09-01",0,0.06,30,"1980-09-01 2009-09-01",,,,
2010-08-01,10.06,1.35,30,"1980-08-01 2009-08-01",85.05,6.37,30,"1980-08-01 2009-08-01",22.7,2.3,30,"1980-08-01 2009-08-01",27.23,2.81,30,"1980-08-01 2009-08-01",4.81,1.51,30,"1980-08-01 2009-08-01",39.9,7.12,30,"1980-08-01 2009-08-01",8.68,1.15,30,"1980-08-01 2009-08-01",1.67,0.58,30,"1980-08-01 2009-08-01",54.93,31.6,30,"1980-08-01 2009-08-01",54.9,31.62,30,"1980-08-01 2009-08-01",0.03,0.18,30,"1980-08-01 2009-08-01",0,0,30,"1980-08-01 2009-08-01",,,,
2010-07-01,11.29,1.53,30,"1980-07-01 2009-07-01",85.35,5.8,30,"1980-07-01 2009-07-01",23.18,1.96,30,"1980-07-01 2009-07-01",28.68,2.19,30,"1980-07-01 2009-07-01",5.67,1.47,30,"1980-07-01 2009-07-01",41.04,6.13,30,"1980-07-01 2009-07-01",9.79,0.99,30,"1980-07-01 2009-07-01",1.94,0.79,30,"1980-07-01 2009-07-01",64.86,33.18,30,"1980-07-01 2009-07-01",64.86,33.18,30,"1980-07-01 2009-07-01",0,0,30,"1980-07-01 2009-07-01",0,0,30,"1980-07-01 2009-07-01",,,,
2010-06-01,8.51,1.4,30,"1980-06-01 2009-06-01",83.94,6.44,30,"1980-06-01 2009-06-01",19.83,1.37,30,"1980-06-01 2009-06-01",30.31,2.35,30,"1980-06-01 2009-06-01",2.91,1.62,30,"1980-06-01 2009-06-01",42.04,6.49,30,"1980-06-01 2009-06-01",7.51,1.09,30,"1980-06-01 2009-06-01",2.72,0.95,30,"1980-06-01 2009-06-01",94.03,45.47,30,"1980-06-01 2009-06-01",93.91,45.62,30,"1980-06-01 2009-06-01",0.13,0.68,30,"1980-06-01 2009-06-01",0,0,30,"1980-06-01 2009-06-01",,,,
2010-05-01,3.47,1.55,30,"1980-05-01 2009-05-01",79.44,7.77,30,"1980-05-01 2009-05-01",16.44,1.85,30,"1980-05-01 2009-05-01",31.57,2.63,30,"1980-05-01 2009-05-01",-2.33,1.78,30,"1980-05-01 2009-05-01",37.3,6.39,30,"1980-05-01 2009-05-01",3.2,1.27,30,"1980-05-01 2009-05-01",3.11,1.22,30,"1980-05-01 2009-05-01",56.98,33.28,30,"1980-05-01 2009-05-01",46.51,29.14,30,"1980-05-01 2009-05-01",11.69,13.76,30,"1980-05-01 2009-05-01",0.3,0.42,30,"1980-05-01 2009-05-01",,,,
2010-04-01,-1.54,1.69,30,"1980-04-01 2009-04-01",78.27,6.42,30,"1980-04-01 2009-04-01",11.27,2.15,30,"1980-04-01 2009-04-01",30.9,2.74,30,"1980-04-01 2009-04-01",-7.62,1.94,30,"1980-04-01 2009-04-01",35.65,6.37,30,"1980-04-01 2009-04-01",-1.95,1.46,30,"1980-04-01 2009-04-01",3.23,1.11,30,"1980-04-01 2009-04-01",24.16,18.74,30,"1980-04-01 2009-04-01",10.36,13.61,30,"1980-04-01 2009-04-01",18.25,15.54,30,"1980-04-01 2009-04-01",0.8,1.07,30,"1980-04-01 2009-04-01",,,,
2010-03-01,-5.41,2.17,30,"1980-03-01 2009-03-01",81.17,5.13,30,"1980-03-01 2009-03-01",4.1,3.88,30,"1980-03-01 2009-03-01",28.76,3.29,30,"1980-03-01 2009-03-01",-12.11,2.62,30,"1980-03-01 2009-03-01",45.3,9.23,30,"1980-03-01 2009-03-01",-7.77,3.04,30,"1980-03-01 2009-03-01",2.59,1.01,30,"1980-03-01 2009-03-01",17.92,12.07,30,"1980-03-01 2009-03-01",2.13,4.85,30,"1980-03-01 2009-03-01",23.18,13.97,30,"1980-03-01 2009-03-01",2.6,2.69,30,"1980-03-01 2009-03-01",,,,
2010-02-01,-8.54,2.8,30,"1980-02-01 2009-02-01",78.12,5.41,30,"1980-02-01 2009-02-01",0.67,3.82,30,"1980-02-01 2009-02-01",28.12,3.86,30,"1980-02-01 2009-02-01",-15.64,3.4,30,"1980-02-01 2009-02-01",46.49,6.84,30,"1980-02-01 2009-02-01",-11.5,3.37,30,"1980-02-01 2009-02-01",2.36,1.2,30,"1980-02-01 2009-02-01",9.49,6.35,30,"1980-02-01 2009-02-01",0.09,0.29,30,"1980-02-01 2009-02-01",14.93,10.18,30,"1980-02-01 2009-02-01",3,2.22,30,"1980-02-01 2009-02-01",,,,
2010-01-01,-9.86,3.55,30,"1980-01-01 2009-01-01",77.54,4.27,30,"1980-01-01 2009-01-01",-1.15,4.71,30,"1980-01-01 2009-01-01",29.35,4.36,30,"1980-01-01 2009-01-01",-17.56,4.32,30,"1980-01-01 2009-01-01",47.58,5.91,30,"1980-01-01 2009-01-01",-13.49,4.48,30,"1980-01-01 2009-01-01",2.1,1.04,30,"1980-01-01 2009-01-01",9.43,6.77,30,"1980-01-01 2009-01-01",0.07,0.13,30,"1980-01-01 2009-01-01",15.21,9.62,30,"1980-01-01 2009-01-01",4,4.82,30,"1980-01-01 2009-01-01",,,,
2009-12-01,-9.42,3.28,30,"1979-12-01 2008-12-01",77.87,5.17,30,"1979-12-01 2008-12-01",-0.61,4.31,30,"1979-12-01 2008-12-01",29.69,3.32,30,"1979-12-01 2008-12-01",-16.66,3.85,30,"1979-12-01 2008-12-01",47.15,5.77,30,"1979-12-01 2008-12-01",-12.57,4.08,30,"1979-12-01 2008-12-01",2.23,1.15,30,"1979-12-01 2008-12-01",9.97,7.87,30,"1979-12-01 2008-12-01",0.29,0.75,30,"1979-12-01 2008-12-01",14.54,9.57,30,"1979-12-01 2008-12-01",3.7,4.98,30,"1979-12-01 2008-12-01",,,,
2009-11-01,-5.57,2.55,30,"1979-11-01 2008-11-01",81.23,4.12,30,"1979-11-01 2008-11-01",3.54,3.84,30,"1979-11-01 2008-11-01",27.91,3.05,30,"1979-11-01 2008-11-01",-12.08,2.93,30,"1979-11-01 2008-11-01",47,6.99,30,"1979-11-01 2008-11-01",-8.12,3.32,30,"1979-11-01 2008-11-01",1.93,0.86,30,"1979-11-01 2008-11-01",12.91,7.99,30,"1979-11-01 2008-11-01",1.39,2.54,30,"1979-11-01 2008-11-01",16.62,10.57,30,"1979-11-01 2008-11-01",2,1.88,30,"1979-11-01 2008-11-01",,,,
2009-10-01,-0.11,1.35,30,"1979-10-01 2008-10-01",79.22,4.75,30,"1979-10-01 2008-10-01",11.94,2.09,30,"1979-10-01 2008-10-01",29.33,2.75,30,"1979-10-01 2008-10-01",-6.03,1.58,30,"1979-10-01 2008-10-01",38.98,5.1,30,"1979-10-01 2008-10-01",-1.34,1.29,30,"1979-10-01 2008-10-01",2.15,0.82,30,"1979-10-01 2008-10-01",15.56,9.4,30,"1979-10-01 2008-10-01",7.74,5.87,30,"1979-10-01 2008-10-01",9.95,7.28,30,"1979-10-01 2008-10-01",0.5,0.67,30,"1979-10-01 2008-10-01",,,,
2009-09-01,5.27,1.28,30,"1979-09-01 2008-09-01",83.04,5.53,30,"1979-09-01 2008-09-01",17.83,2.57,30,"1979-09-01 2008-09-01",27.94,3.22,30,"1979-09-01 2008-09-01",0.02,1.26,30,"1979-09-01 2008-09-01",39.52,6.02,30,"1979-09-01 2008-09-01",4.07,1.19,30,"1979-09-01 2008-09-01",2.1,0.74,30,"1979-09-01 2008-09-01",44.97,32.47,30,"1979-09-01 2008-09-01",41.52,29.69,30,"1979-09-01 2008-09-01",3.85,5.33,30,"1979-09-01 2008-09-01",0,0.06,30,"1979-09-01 2008-09-01",,,,
2009-08-01,10.05,1.34,30,"1979-08-01 2008-08-01",85.01,6.35,30,"1979-08-01 2008-08-01",22.74,2.3,30,"1979-08-01 2008-08-01",27.35,2.84,30,"1979-08-01 2008-08-01",4.8,1.49,30,"1979-08-01 2008-08-01",39.76,7.07,30,"1979-08-01 2008-08-01",8.63,1.14,30,"1979-08-01 2008-08-01",1.66,0.59,30,"1979-08-01 2008-08-01",53.81,31.92,30,"1979-08-01 2008-08-01",53.78,31.94,30,"1979-08-01 2008-08-01",0.03,0.18,30,"1979-08-01 2008-08-01",0,0,30,"1979-08-01 2008-08-01",,,,
2009-07-01,11.25,1.56,30,"1979-07-01 2008-07-01",85.18,6.02,30,"1979-07-01 2008-07-01",23.25,1.99,30,"1979-07-01 2008-07-01",28.78,2.2,30,"1979-07-01 2008-07-01",5.57,1.54,30,"1979-07-01 2008-07-01",40.72,6.38,30,"1979-07-01 2008-07-01",9.72,0.99,30,"1979-07-01 2008-07-01",1.94,0.8,30,"1979-07-01 2008-07-01",64.05,33.32,30,"1979-07-01 2008-07-01",64.05,33.32,30,"1979-07-01 2008-07-01",0,0,30,"1979-07-01 2008-07-01",0,0,30,"1979-07-01 2008-07-01",,,,
2009-06-01,8.53,1.37,30,"1979-06-01 2008-06-01",83.77,6.68,30,"1979-06-01 2008-06-01",19.87,1.39,30,"1979-06-01 2008-06-01",30.5,2.47,30,"1979-06-01 2008-06-01",2.89,1.65,30,"1979-06-01 2008-06-01",41.98,6.57,30,"1979-06-01 2008-06-01",7.49,1.11,30,"1979-06-01 2008-06-01",2.69,0.96,30,"1979-06-01 2008-06-01",94.2,45.29,30,"1979-06-01 2008-06-01",94.2,45.29,30,"1979-06-01 2008-06-01",0,0,30,"1979-06-01 2008-06-01",0,0,30,"1979-06-01 2008-06-01",,,,
2009-05-01,3.46,1.56,30,"1979-05-01 2008-05-01",79.57,7.73,30,"1979-05-01 2008-05-01",16.35,1.91,30,"1979-05-01 2008-05-01",31.6,2.63,30,"1979-05-01 2008-05-01",-2.31,1.76,30,"1979-05-01 2008-05-01",37.53,6.33,30,"1979-05-01 2008-05-01",3.15,1.31,30,"1979-05-01 2008-05-01",3.12,1.22,30,"1979-05-01 2008-05-01",57.89,32.46,30,"1979-05-01 2008-05-01",46.78,28.88,30,"1979-05-01 2008-05-01",12.33,13.67,30,"1979-05-01 2008-05-01",0.3,0.42,30,"1979-05-01 2008-05-01",,,,
2009-04-01,-1.55,1.7,30,"1979-04-01 2008-04-01",78.42,6.53,30,"1979-04-01 2008-04-01",11.19,2.26,30,"1979-04-01 2008-04-01",30.98,2.71,30,"1979-04-01 2008-04-01",-7.57,1.93,30,"1979-04-01 2008-04-01",36.11,6.81,30,"1979-04-01 2008-04-01",-2.01,1.52,30,"1979-04-01 2008-04-01",3.25,1.11,30,"1979-04-01 2008-04-01",25.02,18.72,30,"1979-04-01 2008-04-01",10.58,13.51,30,"1979-04-01 2008-04-01",18.95,15.73,30,"1979-04-01 2008-04-01",0.9,1.06,30,"1979-04-01 2008-04-01",,,,
2009-03-01,-5.35,2.17,30,"1979-03-01 2008-03-01",80.91,5.02,30,"1979-03-01 2008-03-01",4.26,3.87,30,"1979-03-01 2008-03-01",28.8,3.35,30,"1979-03-01 2008-03-01",-12.03,2.62,30,"1979-03-01 2008-03-01",45,9.21,30,"1979-03-01 2008-03-01",-7.65,3.01,30,"1979-03-01 2008-03-01",2.6,1.02,30,"1979-03-01 2008-03-01",16.89,11.35,30,"1979-03-01 2008-03-01",2,4.85,30,"1979-03-01 2008-03-01",22.03,13.41,30,"1979-03-01 2008-03-01",2.5,2.69,30,"1979-03-01 2008-03-01",,,,
2009-02-01,-8.77,3.16,30,"1979-02-01 2008-02-01",77.96,5.25,30,"1979-02-01 2008-02-01",0.35,4.39,30,"1979-02-01 2008-02-01",28.37,3.78,30,"1979-02-01 2008-02-01",-15.95,3.8,30,"1979-02-01 2008-02-01",46.8,7.26,30,"1979-02-01 2008-02-01",-11.81,3.86,30,"1979-02-01 2008-02-01",2.39,1.2,30,"1979-02-01 2008-02-01",9.35,6.33,30,"1979-02-01 2008-02-01",0.09,0.29,30,"1979-02-01 2008-02-01",14.55,10.15,30,"1979-02-01 2008-02-01",3.2,2.36,30,"1979-02-01 2008-02-01",,,,
2009-01-01,-10.03,3.65,30,"1979-01-01 2008-01-01",77.59,4.28,30,"1979-01-01 2008-01-01",-1.42,4.85,30,"1979-01-01 2008-01-01",29.18,4.24,30,"1979-01-01 2008-01-01",-17.77,4.44,30,"1979-01-01 2008-01-01",47.87,5.9,30,"1979-01-01 2008-01-01",-13.72,4.61,30,"1979-01-01 2008-01-01",2.12,1.04,30,"1979-01-01 2008-01-01",9.42,6.77,30,"1979-01-01 2008-01-01",0.07,0.13,30,"1979-01-01 2008-01-01",15.1,9.65,30,"1979-01-01 2008-01-01",3.9,4.83,30,"1979-01-01 2008-01-01",,,,
2008-12-01,-9.41,3.27,30,"1978-12-01 2007-12-01",77.64,4.85,30,"1978-12-01 2007-12-01",-0.54,4.25,30,"1978-12-01 2007-12-01",29.92,3.59,30,"1978-12-01 2007-12-01",-16.64,3.84,30,"1978-12-01 2007-12-01",46.8,5.45,30,"1978-12-01 2007-12-01",-12.5,4.03,30,"1978-12-01 2007-12-01",2.3,1.23,30,"1978-12-01 2007-12-01",9.07,6.24,30,"1978-12-01 2007-12-01",0.29,0.75,30,"1978-12-01 2007-12-01",13.38,7.68,30,"1978-12-01 2007-12-01",3.3,4.62,30,"1978-12-01 2007-12-01",,,,
2008-11-01,-5.74,2.48,30,"1978-11-01 2007-11-01",81.19,4.11,30,"1978-11-01 2007-11-01",3.33,3.81,30,"1978-11-01 2007-11-01",28.28,3.49,30,"1978-11-01 2007-11-01",-12.31,2.82,30,"1978-11-01 2007-11-01",47.12,7.02,30,"1978-11-01 2007-11-01",-8.38,3.2,30,"1978-11-01 2007-11-01",2.01,0.88,30,"1978-11-01 2007-11-01",12.69,7.91,30,"1978-11-01 2007-11-01",1.28,2.52,30,"1978-11-01 2007-11-01",16.68,10.6,30,"1978-11-01 2007-11-01",2,1.9,30,"1978-11-01 2007-11-01",,,,
2008-10-01,-0.1,1.35,30,"1978-10-01 2007-10-01",79.25,4.75,30,"1978-10-01 2007-10-01",11.96,2.1,30,"1978-10-01 2007-10-01",29.55,2.88,30,"1978-10-01 2007-10-01",-5.99,1.58,30,"1978-10-01 2007-10-01",38.99,5.08,30,"1978-10-01 2007-10-01",-1.33,1.3,30,"1978-10-01 2007-10-01",2.15,0.82,30,"1978-10-01 2007-10-01",15.57,9.4,30,"1978-10-01 2007-10-01",7.71,5.87,30,"1978-10-01 2007-10-01",9.98,7.24,30,"1978-10-01 2007-10-01",0.5,0.67,30,"1978-10-01 2007-10-01",,,,
2008-09-01,5.29,1.31,30,"1978-09-01 2007-09-01",82.99,5.47,30,"1978-09-01 2007-09-01",17.78,2.58,30,"1978-09-01 2007-09-01",28.3,3.12,30,"1978-09-01 2007-09-01",0.05,1.29,30,"1978-09-01 2007-09-01",39.84,6.28,30,"1978-09-01 2007-09-01",4.1,1.2,30,"1978-09-01 2007-09-01",2.17,0.78,30,"1978-09-01 2007-09-01",46.78,32.98,30,"1978-09-01 2007-09-01",43.34,30.45,30,"1978-09-01 2007-09-01",3.85,5.33,30,"1978-09-01 2007-09-01",0,0.06,30,"1978-09-01 2007-09-01",,,,
2008-08-01,10.03,1.34,30,"1978-08-01 2007-08-01",85.13,6.39,30,"1978-08-01 2007-08-01",22.68,2.31,30,"1978-08-01 2007-08-01",27.44,2.93,30,"1978-08-01 2007-08-01",4.75,1.49,30,"1978-08-01 2007-08-01",39.8,7.06,30,"1978-08-01 2007-08-01",8.57,1.11,30,"1978-08-01 2007-08-01",1.65,0.58,30,"1978-08-01 2007-08-01",55.51,33.2,30,"1978-08-01 2007-08-01",55.48,33.22,30,"1978-08-01 2007-08-01",0.03,0.18,30,"1978-08-01 2007-08-01",0,0,30,"1978-08-01 2007-08-01",,,,
2008-07-01,11.25,1.56,30,"1978-07-01 2007-07-01",85.18,6.02,30,"1978-07-01 2007-07-01",23.26,1.99,30,"1978-07-01 2007-07-01",28.86,2.19,30,"1978-07-01 2007-07-01",5.58,1.54,30,"1978-07-01 2007-07-01",40.75,6.39,30,"1978-07-01 2007-07-01",9.7,0.99,30,"1978-07-01 2007-07-01",1.92,0.8,30,"1978-07-01 2007-07-01",63.34,33.26,30,"1978-07-01 2007-07-01",63.34,33.26,30,"1978-07-01 2007-07-01",0,0,30,"1978-07-01 2007-07-01",0,0,30,"1978-07-01 2007-07-01",,,,
2008-06-01,8.53,1.37,30,"1978-06-01 2007-06-01",83.56,6.52,30,"1978-06-01 2007-06-01",19.93,1.4,30,"1978-06-01 2007-06-01",30.62,2.48,30,"1978-06-01 2007-06-01",2.85,1.63,30,"1978-06-01 2007-06-01",41.76,6.58,30,"1978-06-01 2007-06-01",7.48,1.11,30,"1978-06-01 2007-06-01",2.71,0.95,30,"1978-06-01 2007-06-01",92.41,45.56,30,"1978-06-01 2007-06-01",92.41,45.56,30,"1978-06-01 2007-06-01",0,0,30,"1978-06-01 2007-06-01",0,0,30,"1978-06-01 2007-06-01",,,,
2008-05-01,3.4,1.53,30,"1978-05-01 2007-05-01",79.51,7.69,30,"1978-05-01 2007-05-01",16.29,1.94,30,"1978-05-01 2007-05-01",31.76,2.75,30,"1978-05-01 2007-05-01",-2.4,1.69,30,"1978-05-01 2007-05-01",37.31,6.18,30,"1978-05-01 2007-05-01",3.08,1.27,30,"1978-05-01 2007-05-01",3.07,1.22,30,"1978-05-01 2007-05-01",57.01,31.59,30,"1978-05-01 2007-05-01",46.16,28.04,30,"1978-05-01 2007-05-01",12.03,13.83,30,"1978-05-01 2007-05-01",0.3,0.42,30,"1978-05-01 2007-05-01",,,,
2008-04-01,-1.42,1.72,30,"1978-04-01 2007-04-01",78.48,6.63,30,"1978-04-01 2007-04-01",11.21,2.23,30,"1978-04-01 2007-04-01",31.11,2.66,30,"1978-04-01 2007-04-01",-7.4,2.01,30,"1978-04-01 2007-04-01",36.58,7.49,30,"1978-04-01 2007-04-01",-1.9,1.45,30,"1978-04-01 2007-04-01",3.19,1.14,30,"1978-04-01 2007-04-01",26.46,21.03,30,"1978-04-01 2007-04-01",12.11,14.75,30,"1978-04-01 2007-04-01",17.97,13.55,30,"1978-04-01 2007-04-01",0.8,1.01,30,"1978-04-01 2007-04-01",,,,
2008-03-01,-5.3,2.17,30,"1978-03-01 2007-03-01",81,5.02,30,"1978-03-01 2007-03-01",4.17,3.86,30,"1978-03-01 2007-03-01",28.87,3.35,30,"1978-03-01 2007-03-01",-11.96,2.62,30,"1978-03-01 2007-03-01",45.59,9.07,30,"1978-03-01 2007-03-01",-7.7,2.99,30,"1978-03-01 2007-03-01",2.59,1.02,30,"1978-03-01 2007-03-01",16.82,11.41,30,"1978-03-01 2007-03-01",2.01,4.85,30,"1978-03-01 2007-03-01",21.7,13.63,30,"1978-03-01 2007-03-01",2.8,2.83,30,"1978-03-01 2007-03-01",,,,
2008-02-01,-8.88,3.17,30,"1978-02-01 2007-02-01",77.97,5.26,30,"1978-02-01 2007-02-01",0.1,4.51,30,"1978-02-01 2007-02-01",28.25,3.85,30,"1978-02-01 2007-02-01",-16.12,3.85,30,"1978-02-01 2007-02-01",47.34,7.64,30,"1978-02-01 2007-02-01",-11.98,3.97,30,"1978-02-01 2007-02-01",2.39,1.2,30,"1978-02-01 2007-02-01",9.31,6.32,30,"1978-02-01 2007-02-01",0.09,0.29,30,"1978-02-01 2007-02-01",14.64,10.17,30,"1978-02-01 2007-02-01",3.9,4.76,30,"1978-02-01 2007-02-01",,,,
2008-01-01,-10.21,3.77,30,"1978-01-01 2007-01-01",77.48,4.18,30,"1978-01-01 2007-01-01",-1.71,5.12,30,"1978-01-01 2007-01-01",28.99,4.25,30,"1978-01-01 2007-01-01",-17.95,4.56,30,"1978-01-01 2007-01-01",48.29,6.28,30,"1978-01-01 2007-01-01",-13.91,4.77,30,"1978-01-01 2007-01-01",2.16,1.06,30,"1978-01-01 2007-01-01",10.08,7.58,30,"1978-01-01 2007-01-01",0.1,0.17,30,"1978-01-01 2007-01-01",15.71,10.29,30,"1978-01-01 2007-01-01",4.3,5.34,30,"1978-01-01 2007-01-01",,,,
2007-12-01,-9.57,3.4,30,"1977-12-01 2006-12-01",77.41,4.64,30,"1977-12-01 2006-12-01",-0.74,4.46,30,"1977-12-01 2006-12-01",29.93,3.58,30,"1977-12-01 2006-12-01",-16.85,3.99,30,"1977-12-01 2006-12-01",46.87,5.52,30,"1977-12-01 2006-12-01",-12.69,4.2,30,"1977-12-01 2006-12-01",2.29,1.24,30,"1977-12-01 2006-12-01",9.31,6.28,30,"1977-12-01 2006-12-01",0.29,0.75,30,"1977-12-01 2006-12-01",13.71,7.66,30,"1977-12-01 2006-12-01",3.4,4.63,30,"1977-12-01 2006-12-01",,,,
2007-11-01,-5.82,2.54,30,"1977-11-01 2006-11-01",80.99,4.35,30,"1977-11-01 2006-11-01",3.21,3.82,30,"1977-11-01 2006-11-01",28.36,3.58,30,"1977-11-01 2006-11-01",-12.43,2.91,30,"1977-11-01 2006-11-01",47.15,6.99,30,"1977-11-01 2006-11-01",-8.48,3.23,30,"1977-11-01 2006-11-01",2.03,0.89,30,"1977-11-01 2006-11-01",12.67,7.92,30,"1977-11-01 2006-11-01",1.36,2.52,30,"1977-11-01 2006-11-01",16.63,10.64,30,"1977-11-01 2006-11-01",2.1,1.89,30,"1977-11-01 2006-11-01",,,,
2007-10-01,-0.16,1.34,30,"1977-10-01 2006-10-01",79,4.82,30,"1977-10-01 2006-10-01",11.93,2.09,30,"1977-10-01 2006-10-01",29.68,2.88,30,"1977-10-01 2006-10-01",-6.07,1.6,30,"1977-10-01 2006-10-01",38.86,5.21,30,"1977-10-01 2006-10-01",-1.37,1.29,30,"1977-10-01 2006-10-01",2.1,0.85,30,"1977-10-01 2006-10-01",15.2,9.61,30,"1977-10-01 2006-10-01",7.45,5.98,30,"1977-10-01 2006-10-01",9.95,7.27,30,"1977-10-01 2006-10-01",0.5,0.67,30,"1977-10-01 2006-10-01",,,,
2007-09-01,5.28,1.3,30,"1977-09-01 2006-09-01",82.86,5.29,30,"1977-09-01 2006-09-01",17.68,2.65,30,"1977-09-01 2006-09-01",28.24,3.16,30,"1977-09-01 2006-09-01",0.07,1.31,30,"1977-09-01 2006-09-01",40.23,6.68,30,"1977-09-01 2006-09-01",4.11,1.19,30,"1977-09-01 2006-09-01",2.16,0.79,30,"1977-09-01 2006-09-01",47.89,33.43,30,"1977-09-01 2006-09-01",44.45,31.06,30,"1977-09-01 2006-09-01",3.85,5.34,30,"1977-09-01 2006-09-01",0,0.06,30,"1977-09-01 2006-09-01",,,,
2007-08-01,9.99,1.33,30,"1977-08-01 2006-08-01",85.05,6.32,30,"1977-08-01 2006-08-01",22.61,2.4,30,"1977-08-01 2006-08-01",27.63,2.85,30,"1977-08-01 2006-08-01",4.71,1.48,30,"1977-08-01 2006-08-01",39.82,7.08,30,"1977-08-01 2006-08-01",8.54,1.14,30,"1977-08-01 2006-08-01",1.63,0.59,30,"1977-08-01 2006-08-01",56.77,33.84,30,"1977-08-01 2006-08-01",56.74,33.86,30,"1977-08-01 2006-08-01",0.03,0.18,30,"1977-08-01 2006-08-01",0,0,30,"1977-08-01 2006-08-01",,,,
2007-07-01,11.05,1.41,30,"1977-07-01 2006-07-01",84.98,5.98,30,"1977-07-01 2006-07-01",23.11,1.91,30,"1977-07-01 2006-07-01",29.14,2.27,30,"1977-07-01 2006-07-01",5.38,1.48,30,"1977-07-01 2006-07-01",40.47,6.43,30,"1977-07-01 2006-07-01",9.58,0.87,30,"1977-07-01 2006-07-01",1.96,0.79,30,"1977-07-01 2006-07-01",64.61,32.5,30,"1977-07-01 2006-07-01",64.61,32.5,30,"1977-07-01 2006-07-01",0,0,30,"1977-07-01 2006-07-01",0,0,30,"1977-07-01 2006-07-01",,,,
2007-06-01,8.4,1.32,30,"1977-06-01 2006-06-01",83.02,6.57,30,"1977-06-01 2006-06-01",20.02,1.47,30,"1977-06-01 2006-06-01",30.88,2.47,30,"1977-06-01 2006-06-01",2.7,1.64,30,"1977-06-01 2006-06-01",41.12,6.87,30,"1977-06-01 2006-06-01",7.47,1.1,30,"1977-06-01 2006-06-01",2.7,0.96,30,"1977-06-01 2006-06-01",87.86,44.81,30,"1977-06-01 2006-06-01",87.86,44.81,30,"1977-06-01 2006-06-01",0,0,30,"1977-06-01 2006-06-01",0,0,30,"1977-06-01 2006-06-01",,,,
2007-05-01,3.38,1.51,30,"1977-05-01 2006-05-01",79.39,7.62,30,"1977-05-01 2006-05-01",16.27,1.94,30,"1977-05-01 2006-05-01",31.82,2.74,30,"1977-05-01 2006-05-01",-2.44,1.67,30,"1977-05-01 2006-05-01",37.17,6.13,30,"1977-05-01 2006-05-01",3.08,1.27,30,"1977-05-01 2006-05-01",3.05,1.21,30,"1977-05-01 2006-05-01",57.18,31.8,30,"1977-05-01 2006-05-01",46.54,28.57,30,"1977-05-01 2006-05-01",11.81,13.89,30,"1977-05-01 2006-05-01",0.3,0.42,30,"1977-05-01 2006-05-01",,,,
2007-04-01,-1.47,1.74,30,"1977-04-01 2006-04-01",78.01,6.95,30,"1977-04-01 2006-04-01",11.47,2.29,30,"1977-04-01 2006-04-01",31.25,2.72,30,"1977-04-01 2006-04-01",-7.52,2.06,30,"1977-04-01 2006-04-01",35.66,7.65,30,"1977-04-01 2006-04-01",-1.86,1.45,30,"1977-04-01 2006-04-01",3.07,1.04,30,"1977-04-01 2006-04-01",25.1,21.02,30,"1977-04-01 2006-04-01",11.66,14.85,30,"1977-04-01 2006-04-01",16.75,12.95,30,"1977-04-01 2006-04-01",0.7,0.99,30,"1977-04-01 2006-04-01",,,,
2007-03-01,-5.42,2.11,30,"1977-03-01 2006-03-01",81,5.02,30,"1977-03-01 2006-03-01",4.08,3.81,30,"1977-03-01 2006-03-01",29.01,3.53,30,"1977-03-01 2006-03-01",-12.08,2.58,30,"1977-03-01 2006-03-01",45.33,9.28,30,"1977-03-01 2006-03-01",-7.81,2.94,30,"1977-03-01 2006-03-01",2.59,1.02,30,"1977-03-01 2006-03-01",16.37,11.54,30,"1977-03-01 2006-03-01",2,4.85,30,"1977-03-01 2006-03-01",20.93,13.71,30,"1977-03-01 2006-03-01",2.7,2.86,30,"1977-03-01 2006-03-01",,,,
2007-02-01,-8.69,3.33,30,"1977-02-01 2006-02-01",77.61,4.95,30,"1977-02-01 2006-02-01",0.46,4.66,30,"1977-02-01 2006-02-01",28.59,3.98,30,"1977-02-01 2006-02-01",-15.92,4.02,30,"1977-02-01 2006-02-01",46.53,7.52,30,"1977-02-01 2006-02-01",-11.65,4.24,30,"1977-02-01 2006-02-01",2.33,1.22,30,"1977-02-01 2006-02-01",8.49,5.82,30,"1977-02-01 2006-02-01",0.09,0.29,30,"1977-02-01 2006-02-01",13.28,9.24,30,"1977-02-01 2006-02-01",3.8,4.78,30,"1977-02-01 2006-02-01",,,,
2007-01-01,-10.25,3.73,30,"1977-01-01 2006-01-01",77.52,4.24,30,"1977-01-01 2006-01-01",-1.86,5.06,30,"1977-01-01 2006-01-01",28.82,4,30,"1977-01-01 2006-01-01",-18.04,4.52,30,"1977-01-01 2006-01-01",48.74,6.31,30,"1977-01-01 2006-01-01",-14.04,4.72,30,"1977-01-01 2006-01-01",2.15,1.07,30,"1977-01-01 2006-01-01",10.57,7.88,30,"1977-01-01 2006-01-01",0.14,0.29,30,"1977-01-01 2006-01-01",16.28,10.54,30,"1977-01-01 2006-01-01",4.5,5.33,30,"1977-01-01 2006-01-01",,,,
2006-12-01,-9.57,3.4,30,"1976-12-01 2005-12-01",77.59,4.68,30,"1976-12-01 2005-12-01",-0.81,4.39,30,"1976-12-01 2005-12-01",30.09,3.85,30,"1976-12-01 2005-12-01",-16.9,3.95,30,"1976-12-01 2005-12-01",47.22,5.5,30,"1976-12-01 2005-12-01",-12.76,4.14,30,"1976-12-01 2005-12-01",2.28,1.24,30,"1976-12-01 2005-12-01",9.51,6.23,30,"1976-12-01 2005-12-01",0.29,0.75,30,"1976-12-01 2005-12-01",14.02,7.62,30,"1976-12-01 2005-12-01",3.5,4.64,30,"1976-12-01 2005-12-01",,,,
2006-11-01,-5.71,2.52,30,"1976-11-01 2005-11-01",80.8,4.33,30,"1976-11-01 2005-11-01",3.46,3.79,30,"1976-11-01 2005-11-01",28.2,3.71,30,"1976-11-01 2005-11-01",-12.31,2.89,30,"1976-11-01 2005-11-01",46.48,6.78,30,"1976-11-01 2005-11-01",-8.31,3.18,30,"1976-11-01 2005-11-01",1.96,0.86,30,"1976-11-01 2005-11-01",12.65,7.9,30,"1976-11-01 2005-11-01",1.31,2.53,30,"1976-11-01 2005-11-01",16.65,10.67,30,"1976-11-01 2005-11-01",2,1.86,30,"1976-11-01 2005-11-01",,,,
2006-10-01,-0.21,1.34,30,"1976-10-01 2005-10-01",78.72,4.51,30,"1976-10-01 2005-10-01",11.99,2.02,30,"1976-10-01 2005-10-01",29.67,2.9,30,"1976-10-01 2005-10-01",-6.12,1.59,30,"1976-10-01 2005-10-01",38.49,4.61,30,"1976-10-01 2005-10-01",-1.39,1.31,30,"1976-10-01 2005-10-01",2.02,0.82,30,"1976-10-01 2005-10-01",14.91,9.47,30,"1976-10-01 2005-10-01",7.12,5.89,30,"1976-10-01 2005-10-01",9.75,7.12,30,"1976-10-01 2005-10-01",0.5,0.67,30,"1976-10-01 2005-10-01",,,,
2006-09-01,5.31,1.35,30,"1976-09-01 2005-09-01",82.84,5.29,30,"1976-09-01 2005-09-01",17.72,2.68,30,"1976-09-01 2005-09-01",28.06,3.36,30,"1976-09-01 2005-09-01",0.09,1.33,30,"1976-09-01 2005-09-01",40.1,6.69,30,"1976-09-01 2005-09-01",4.14,1.22,30,"1976-09-01 2005-09-01",2.08,0.77,30,"1976-09-01 2005-09-01",47.1,33.37,30,"1976-09-01 2005-09-01",43.67,30.92,30,"1976-09-01 2005-09-01",3.85,5.34,30,"1976-09-01 2005-09-01",0,0.06,30,"1976-09-01 2005-09-01",,,,
2006-08-01,10.05,1.33,30,"1976-08-01 2005-08-01",85.04,6.32,30,"1976-08-01 2005-08-01",22.57,2.4,30,"1976-08-01 2005-08-01",27.48,3,30,"1976-08-01 2005-08-01",4.75,1.48,30,"1976-08-01 2005-08-01",40.01,7.05,30,"1976-08-01 2005-08-01",8.6,1.17,30,"1976-08-01 2005-08-01",1.58,0.62,30,"1976-08-01 2005-08-01",58.75,34.14,30,"1976-08-01 2005-08-01",58.71,34.16,30,"1976-08-01 2005-08-01",0.03,0.18,30,"1976-08-01 2005-08-01",0,0,30,"1976-08-01 2005-08-01",,,,
2006-07-01,10.92,1.37,30,"1976-07-01 2005-07-01",84.73,6.01,30,"1976-07-01 2005-07-01",23.05,1.86,30,"1976-07-01 2005-07-01",29.06,2.4,30,"1976-07-01 2005-07-01",5.25,1.48,30,"1976-07-01 2005-07-01",40.27,6.53,30,"1976-07-01 2005-07-01",9.53,0.83,30,"1976-07-01 2005-07-01",1.93,0.82,30,"1976-07-01 2005-07-01",65.22,32.42,30,"1976-07-01 2005-07-01",65.22,32.42,30,"1976-07-01 2005-07-01",0,0,30,"1976-07-01 2005-07-01",0,0,30,"1976-07-01 2005-07-01",,,,
2006-06-01,8.22,1.3,30,"1976-06-01 2005-06-01",82.81,6.53,30,"1976-06-01 2005-06-01",19.94,1.52,30,"1976-06-01 2005-06-01",30.91,2.45,30,"1976-06-01 2005-06-01",2.52,1.57,30,"1976-06-01 2005-06-01",40.75,6.64,30,"1976-06-01 2005-06-01",7.34,1.13,30,"1976-06-01 2005-06-01",2.62,0.95,30,"1976-06-01 2005-06-01",85.78,44.59,30,"1976-06-01 2005-06-01",85.77,44.6,30,"1976-06-01 2005-06-01",0.01,0.05,30,"1976-06-01 2005-06-01",0,0,30,"1976-06-01 2005-06-01",,,,
2006-05-01,3.31,1.49,30,"1976-05-01 2005-05-01",79,7.74,30,"1976-05-01 2005-05-01",16.3,1.97,30,"1976-05-01 2005-05-01",32.14,2.89,30,"1976-05-01 2005-05-01",-2.51,1.67,30,"1976-05-01 2005-05-01",37,6.29,30,"1976-05-01 2005-05-01",3.09,1.28,30,"1976-05-01 2005-05-01",3.04,1.21,30,"1976-05-01 2005-05-01",57.82,31.58,30,"1976-05-01 2005-05-01",47.2,28.55,30,"1976-05-01 2005-05-01",11.78,13.91,30,"1976-05-01 2005-05-01",0.3,0.42,30,"1976-05-01 2005-05-01",,,,
2006-04-01,-1.49,1.72,30,"1976-04-01 2005-04-01",77.93,6.93,30,"1976-04-01 2005-04-01",11.47,2.29,30,"1976-04-01 2005-04-01",31.38,2.74,30,"1976-04-01 2005-04-01",-7.58,2.02,30,"1976-04-01 2005-04-01",35.41,7.71,30,"1976-04-01 2005-04-01",-1.9,1.41,30,"1976-04-01 2005-04-01",3.07,1.04,30,"1976-04-01 2005-04-01",24.58,21.1,30,"1976-04-01 2005-04-01",11.05,14.51,30,"1976-04-01 2005-04-01",16.87,12.82,30,"1976-04-01 2005-04-01",0.7,0.99,30,"1976-04-01 2005-04-01",,,,
2006-03-01,-5.49,2.12,30,"1976-03-01 2005-03-01",80.5,4.45,30,"1976-03-01 2005-03-01",4.16,3.75,30,"1976-03-01 2005-03-01",29.51,3.72,30,"1976-03-01 2005-03-01",-12.2,2.61,30,"1976-03-01 2005-03-01",44.54,8.68,30,"1976-03-01 2005-03-01",-7.81,2.95,30,"1976-03-01 2005-03-01",2.53,0.97,30,"1976-03-01 2005-03-01",16.48,11.47,30,"1976-03-01 2005-03-01",2.02,4.84,30,"1976-03-01 2005-03-01",20.87,13.73,30,"1976-03-01 2005-03-01",2.6,2.78,30,"1976-03-01 2005-03-01",,,,
2006-02-01,-8.65,3.33,30,"1976-02-01 2005-02-01",77.7,4.96,30,"1976-02-01 2005-02-01",0.48,4.66,30,"1976-02-01 2005-02-01",28.88,4.24,30,"1976-02-01 2005-02-01",-15.84,4.02,30,"1976-02-01 2005-02-01",46.48,7.54,30,"1976-02-01 2005-02-01",-11.58,4.24,30,"1976-02-01 2005-02-01",2.34,1.23,30,"1976-02-01 2005-02-01",8.24,5.48,30,"1976-02-01 2005-02-01",0.09,0.29,30,"1976-02-01 2005-02-01",12.76,8.52,30,"1976-02-01 2005-02-01",3.7,4.81,30,"1976-02-01 2005-02-01",,,,
2006-01-01,-10.39,3.63,30,"1976-01-01 2005-01-01",77.32,4.23,30,"1976-01-01 2005-01-01",-2.01,4.91,30,"1976-01-01 2005-01-01",29.21,4.17,30,"1976-01-01 2005-01-01",-18.24,4.37,30,"1976-01-01 2005-01-01",48.63,6.43,30,"1976-01-01 2005-01-01",-14.19,4.6,30,"1976-01-01 2005-01-01",2.18,1.04,30,"1976-01-01 2005-01-01",10.53,7.91,30,"1976-01-01 2005-01-01",0.13,0.29,30,"1976-01-01 2005-01-01",16.19,10.6,30,"1976-01-01 2005-01-01",4.8,5.3,30,"1976-01-01 2005-01-01",,,,
2005-12-01,-9.57,3.4,30,"1975-12-01 2004-12-01",77.6,4.68,30,"1975-12-01 2004-12-01",-0.86,4.38,30,"1975-12-01 2004-12-01",30.47,3.97,30,"1975-12-01 2004-12-01",-17,3.91,30,"1975-12-01 2004-12-01",47.18,5.49,30,"1975-12-01 2004-12-01",-12.86,4.1,30,"1975-12-01 2004-12-01",2.25,1.23,30,"1975-12-01 2004-12-01",10.59,7.58,30,"1975-12-01 2004-12-01",0.29,0.75,30,"1975-12-01 2004-12-01",15.52,9.79,30,"1975-12-01 2004-12-01",3.7,4.68,30,"1975-12-01 2004-12-01",,,,
2005-11-01,-5.84,2.52,30,"1975-11-01 2004-11-01",80.5,4.39,30,"1975-11-01 2004-11-01",3.37,3.76,30,"1975-11-01 2004-11-01",28.26,3.74,30,"1975-11-01 2004-11-01",-12.47,2.86,30,"1975-11-01 2004-11-01",46.27,6.93,30,"1975-11-01 2004-11-01",-8.44,3.13,30,"1975-11-01 2004-11-01",1.95,0.86,30,"1975-11-01 2004-11-01",12.5,7.95,30,"1975-11-01 2004-11-01",1.26,2.54,30,"1975-11-01 2004-11-01",16.67,10.66,30,"1975-11-01 2004-11-01",2,1.86,30,"1975-11-01 2004-11-01",,,,
2005-10-01,-0.3,1.27,30,"1975-10-01 2004-10-01",78.49,4.24,30,"1975-10-01 2004-10-01",11.92,2.02,30,"1975-10-01 2004-10-01",29.84,2.81,30,"1975-10-01 2004-10-01",-6.2,1.55,30,"1975-10-01 2004-10-01",38.42,4.57,30,"1975-10-01 2004-10-01",-1.41,1.31,30,"1975-10-01 2004-10-01",2.01,0.82,30,"1975-10-01 2004-10-01",15.07,9.44,30,"1975-10-01 2004-10-01",6.99,5.85,30,"1975-10-01 2004-10-01",10.13,6.9,30,"1975-10-01 2004-10-01",0.5,0.66,30,"1975-10-01 2004-10-01",,,,
2005-09-01,5.3,1.35,30,"1975-09-01 2004-09-01",82.48,5.09,30,"1975-09-01 2004-09-01",17.86,2.7,30,"1975-09-01 2004-09-01",28.07,3.36,30,"1975-09-01 2004-09-01",0.05,1.34,30,"1975-09-01 2004-09-01",39.6,6.82,30,"1975-09-01 2004-09-01",4.16,1.21,30,"1975-09-01 2004-09-01",2.06,0.79,30,"1975-09-01 2004-09-01",45,32.84,30,"1975-09-01 2004-09-01",41.64,30.2,30,"1975-09-01 2004-09-01",3.78,5.37,30,"1975-09-01 2004-09-01",0,0.06,30,"1975-09-01 2004-09-01",,,,
2005-08-01,9.98,1.36,30,"1975-08-01 2004-08-01",84.79,6.18,30,"1975-08-01 2004-08-01",22.57,2.4,30,"1975-08-01 2004-08-01",27.63,3.08,30,"1975-08-01 2004-08-01",4.69,1.54,30,"1975-08-01 2004-08-01",39.7,6.92,30,"1975-08-01 2004-08-01",8.62,1.15,30,"1975-08-01 2004-08-01",1.58,0.61,30,"1975-08-01 2004-08-01",56.4,33.77,30,"1975-08-01 2004-08-01",56.37,33.78,30,"1975-08-01 2004-08-01",0.03,0.18,30,"1975-08-01 2004-08-01",0,0,30,"1975-08-01 2004-08-01",,,,
2005-07-01,10.94,1.39,30,"1975-07-01 2004-07-01",84.79,6.03,30,"1975-07-01 2004-07-01",23.12,1.9,30,"1975-07-01 2004-07-01",29.15,2.41,30,"1975-07-01 2004-07-01",5.29,1.51,30,"1975-07-01 2004-07-01",40.18,6.54,30,"1975-07-01 2004-07-01",9.58,0.89,30,"1975-07-01 2004-07-01",1.88,0.85,30,"1975-07-01 2004-07-01",66.66,31.31,30,"1975-07-01 2004-07-01",66.66,31.31,30,"1975-07-01 2004-07-01",0,0,30,"1975-07-01 2004-07-01",0,0,30,"1975-07-01 2004-07-01",,,,
2005-06-01,8.09,1.28,30,"1975-06-01 2004-06-01",82.37,6.18,30,"1975-06-01 2004-06-01",20,1.45,30,"1975-06-01 2004-06-01",30.96,2.44,30,"1975-06-01 2004-06-01",2.37,1.53,30,"1975-06-01 2004-06-01",40.08,5.94,30,"1975-06-01 2004-06-01",7.29,1.15,30,"1975-06-01 2004-06-01",2.52,0.96,30,"1975-06-01 2004-06-01",79.89,32.99,30,"1975-06-01 2004-06-01",79.88,32.99,30,"1975-06-01 2004-06-01",0.01,0.05,30,"1975-06-01 2004-06-01",0,0,30,"1975-06-01 2004-06-01",,,,
2005-05-01,3.29,1.49,30,"1975-05-01 2004-05-01",79.2,7.78,30,"1975-05-01 2004-05-01",16.18,1.97,30,"1975-05-01 2004-05-01",32.22,2.87,30,"1975-05-01 2004-05-01",-2.5,1.67,30,"1975-05-01 2004-05-01",37.37,6.21,30,"1975-05-01 2004-05-01",3.04,1.29,30,"1975-05-01 2004-05-01",2.95,1.19,30,"1975-05-01 2004-05-01",59.46,30.78,30,"1975-05-01 2004-05-01",48.22,27.99,30,"1975-05-01 2004-05-01",12.47,13.97,30,"1975-05-01 2004-05-01",0.3,0.42,30,"1975-05-01 2004-05-01",,,,
2005-04-01,-1.56,1.75,30,"1975-04-01 2004-04-01",78.21,7.02,30,"1975-04-01 2004-04-01",11.21,2.51,30,"1975-04-01 2004-04-01",31.32,2.76,30,"1975-04-01 2004-04-01",-7.64,2.06,30,"1975-04-01 2004-04-01",36.08,7.88,30,"1975-04-01 2004-04-01",-2.05,1.59,30,"1975-04-01 2004-04-01",3,1.02,30,"1975-04-01 2004-04-01",24.82,20.95,30,"1975-04-01 2004-04-01",10.94,14.57,30,"1975-04-01 2004-04-01",17.41,12.64,30,"1975-04-01 2004-04-01",0.8,1,30,"1975-04-01 2004-04-01",,,,
2005-03-01,-5.63,2.15,30,"1975-03-01 2004-03-01",80.66,4.59,30,"1975-03-01 2004-03-01",3.93,3.82,30,"1975-03-01 2004-03-01",29.42,3.67,30,"1975-03-01 2004-03-01",-12.34,2.62,30,"1975-03-01 2004-03-01",44.8,8.72,30,"1975-03-01 2004-03-01",-7.99,2.97,30,"1975-03-01 2004-03-01",2.47,0.98,30,"1975-03-01 2004-03-01",16.75,11.52,30,"1975-03-01 2004-03-01",1.93,4.85,30,"1975-03-01 2004-03-01",21.43,13.87,30,"1975-03-01 2004-03-01",2.7,2.78,30,"1975-03-01 2004-03-01",,,,
2005-02-01,-8.93,3.5,30,"1975-02-01 2004-02-01",77.38,4.9,30,"1975-02-01 2004-02-01",0.15,4.81,30,"1975-02-01 2004-02-01",29.13,4.18,30,"1975-02-01 2004-02-01",-16.18,4.19,30,"1975-02-01 2004-02-01",46.54,7.54,30,"1975-02-01 2004-02-01",-11.87,4.38,30,"1975-02-01 2004-02-01",2.32,1.22,30,"1975-02-01 2004-02-01",8.31,5.52,30,"1975-02-01 2004-02-01",0.09,0.29,30,"1975-02-01 2004-02-01",13.09,8.68,30,"1975-02-01 2004-02-01",3.8,4.81,30,"1975-02-01 2004-02-01",,,,
2005-01-01,-10.43,3.64,30,"1975-01-01 2004-01-01",77.09,4.29,30,"1975-01-01 2004-01-01",-2,4.91,30,"1975-01-01 2004-01-01",29.41,4.22,30,"1975-01-01 2004-01-01",-18.27,4.38,30,"1975-01-01 2004-01-01",48.25,6.51,30,"1975-01-01 2004-01-01",-14.15,4.6,30,"1975-01-01 2004-01-01",2.21,1.03,30,"1975-01-01 2004-01-01",10.43,7.93,30,"1975-01-01 2004-01-01",0.13,0.29,30,"1975-01-01 2004-01-01",16.09,10.61,30,"1975-01-01 2004-01-01",4.7,5.33,30,"1975-01-01 2004-01-01",,,,
2004-12-01,-9.52,3.44,30,"1974-12-01 2003-12-01",77.61,4.68,30,"1974-12-01 2003-12-01",-0.79,4.43,30,"1974-12-01 2003-12-01",30.51,4.03,30,"1974-12-01 2003-12-01",-16.92,3.96,30,"1974-12-01 2003-12-01",47.03,5.5,30,"1974-12-01 2003-12-01",-12.78,4.17,30,"1974-12-01 2003-12-01",2.2,1.22,30,"1974-12-01 2003-12-01",10.26,7.63,30,"1974-12-01 2003-12-01",0.29,0.75,30,"1974-12-01 2003-12-01",15.07,9.83,30,"1974-12-01 2003-12-01",3.7,4.71,30,"1974-12-01 2003-12-01",,,,
2004-11-01,-5.88,2.49,30,"1974-11-01 2003-11-01",80.67,4.34,30,"1974-11-01 2003-11-01",3.31,3.7,30,"1974-11-01 2003-11-01",28.25,3.74,30,"1974-11-01 2003-11-01",-12.52,2.84,30,"1974-11-01 2003-11-01",46.41,6.77,30,"1974-11-01 2003-11-01",-8.56,3.05,30,"1974-11-01 2003-11-01",1.88,0.9,30,"1974-11-01 2003-11-01",12.61,7.85,30,"1974-11-01 2003-11-01",1.22,2.55,30,"1974-11-01 2003-11-01",16.85,10.48,30,"1974-11-01 2003-11-01",2.1,1.83,30,"1974-11-01 2003-11-01",,,,
2004-10-01,-0.21,1.26,30,"1974-10-01 2003-10-01",78.51,4.24,30,"1974-10-01 2003-10-01",12.1,2.08,30,"1974-10-01 2003-10-01",30.12,2.88,30,"1974-10-01 2003-10-01",-6.13,1.55,30,"1974-10-01 2003-10-01",38.15,4.59,30,"1974-10-01 2003-10-01",-1.32,1.36,30,"1974-10-01 2003-10-01",2.04,0.84,30,"1974-10-01 2003-10-01",14.64,9.31,30,"1974-10-01 2003-10-01",6.79,5.78,30,"1974-10-01 2003-10-01",9.94,6.89,30,"1974-10-01 2003-10-01",0.4,0.6,30,"1974-10-01 2003-10-01",,,,
2004-09-01,5.28,1.35,30,"1974-09-01 2003-09-01",82.43,5.07,30,"1974-09-01 2003-09-01",17.91,2.67,30,"1974-09-01 2003-09-01",28.24,3.41,30,"1974-09-01 2003-09-01",0.02,1.35,30,"1974-09-01 2003-09-01",39.45,6.75,30,"1974-09-01 2003-09-01",4.13,1.23,30,"1974-09-01 2003-09-01",2.1,0.83,30,"1974-09-01 2003-09-01",45.22,32.76,30,"1974-09-01 2003-09-01",41.8,30.15,30,"1974-09-01 2003-09-01",3.87,5.33,30,"1974-09-01 2003-09-01",0,0.06,30,"1974-09-01 2003-09-01",,,,
2004-08-01,9.91,1.34,30,"1974-08-01 2003-08-01",84.63,6.06,30,"1974-08-01 2003-08-01",22.51,2.44,30,"1974-08-01 2003-08-01",27.93,3.09,30,"1974-08-01 2003-08-01",4.57,1.44,30,"1974-08-01 2003-08-01",39.42,6.62,30,"1974-08-01 2003-08-01",8.55,1.17,30,"1974-08-01 2003-08-01",1.57,0.6,30,"1974-08-01 2003-08-01",56.58,33.79,30,"1974-08-01 2003-08-01",56.55,33.81,30,"1974-08-01 2003-08-01",0.03,0.18,30,"1974-08-01 2003-08-01",0,0,30,"1974-08-01 2003-08-01",,,,
2004-07-01,10.83,1.42,30,"1974-07-01 2003-07-01",84.46,6.11,30,"1974-07-01 2003-07-01",23.12,1.9,30,"1974-07-01 2003-07-01",29.37,2.49,30,"1974-07-01 2003-07-01",5.14,1.58,30,"1974-07-01 2003-07-01",39.78,6.66,30,"1974-07-01 2003-07-01",9.53,0.88,30,"1974-07-01 2003-07-01",1.85,0.85,30,"1974-07-01 2003-07-01",66.13,31.64,30,"1974-07-01 2003-07-01",66.13,31.64,30,"1974-07-01 2003-07-01",0,0,30,"1974-07-01 2003-07-01",0,0,30,"1974-07-01 2003-07-01",,,,
2004-06-01,8.05,1.28,30,"1974-06-01 2003-06-01",81.97,6.06,30,"1974-06-01 2003-06-01",20.13,1.54,30,"1974-06-01 2003-06-01",31.28,2.73,30,"1974-06-01 2003-06-01",2.27,1.53,30,"1974-06-01 2003-06-01",39.53,6.23,30,"1974-06-01 2003-06-01",7.3,1.15,30,"1974-06-01 2003-06-01",2.51,0.96,30,"1974-06-01 2003-06-01",77.25,34.55,30,"1974-06-01 2003-06-01",77.24,34.56,30,"1974-06-01 2003-06-01",0.01,0.05,30,"1974-06-01 2003-06-01",0,0,30,"1974-06-01 2003-06-01",,,,
2004-05-01,3.26,1.48,30,"1974-05-01 2003-05-01",79.04,7.58,30,"1974-05-01 2003-05-01",16.13,2.05,30,"1974-05-01 2003-05-01",32.42,2.9,30,"1974-05-01 2003-05-01",-2.53,1.65,30,"1974-05-01 2003-05-01",37.26,6.06,30,"1974-05-01 2003-05-01",3.03,1.31,30,"1974-05-01 2003-05-01",2.96,1.19,30,"1974-05-01 2003-05-01",59.98,30.84,30,"1974-05-01 2003-05-01",49.11,27.8,30,"1974-05-01 2003-05-01",12.13,13.73,30,"1974-05-01 2003-05-01",0.2,0.42,30,"1974-05-01 2003-05-01",,,,
2004-04-01,-1.5,1.8,30,"1974-04-01 2003-04-01",78.43,7.1,30,"1974-04-01 2003-04-01",11.17,2.49,30,"1974-04-01 2003-04-01",31.51,2.83,30,"1974-04-01 2003-04-01",-7.61,2.08,30,"1974-04-01 2003-04-01",36.24,7.86,30,"1974-04-01 2003-04-01",-2.06,1.58,30,"1974-04-01 2003-04-01",2.96,1.06,30,"1974-04-01 2003-04-01",25.91,21.41,30,"1974-04-01 2003-04-01",12.18,15.48,30,"1974-04-01 2003-04-01",17.34,12.67,30,"1974-04-01 2003-04-01",0.8,1.01,30,"1974-04-01 2003-04-01",,,,
2004-03-01,-5.72,2.12,30,"1974-03-01 2003-03-01",80.73,4.65,30,"1974-03-01 2003-03-01",3.65,3.77,30,"1974-03-01 2003-03-01",29.37,3.6,30,"1974-03-01 2003-03-01",-12.49,2.61,30,"1974-03-01 2003-03-01",45.44,8.68,30,"1974-03-01 2003-03-01",-8.21,2.98,30,"1974-03-01 2003-03-01",2.44,0.98,30,"1974-03-01 2003-03-01",16.97,11.47,30,"1974-03-01 2003-03-01",1.84,4.86,30,"1974-03-01 2003-03-01",21.95,13.73,30,"1974-03-01 2003-03-01",2.7,2.75,30,"1974-03-01 2003-03-01",,,,
2004-02-01,-8.88,3.53,30,"1974-02-01 2003-02-01",77.67,4.75,30,"1974-02-01 2003-02-01",0.1,4.78,30,"1974-02-01 2003-02-01",29.48,4.17,30,"1974-02-01 2003-02-01",-16.14,4.21,30,"1974-02-01 2003-02-01",46.71,7.54,30,"1974-02-01 2003-02-01",-11.9,4.36,30,"1974-02-01 2003-02-01",2.36,1.21,30,"1974-02-01 2003-02-01",8.35,5.48,30,"1974-02-01 2003-02-01",0.09,0.29,30,"1974-02-01 2003-02-01",13.09,8.68,30,"1974-02-01 2003-02-01",4,4.91,30,"1974-02-01 2003-02-01",,,,
2004-01-01,-10.38,3.61,30,"1974-01-01 2003-01-01",77.37,4.23,30,"1974-01-01 2003-01-01",-2.01,4.93,30,"1974-01-01 2003-01-01",29.94,4.73,30,"1974-01-01 2003-01-01",-18.39,4.46,30,"1974-01-01 2003-01-01",48.35,6.55,30,"1974-01-01 2003-01-01",-14.32,4.71,30,"1974-01-01 2003-01-01",2.19,1.01,30,"1974-01-01 2003-01-01",10.68,8.24,30,"1974-01-01 2003-01-01",0.13,0.29,30,"1974-01-01 2003-01-01",16.5,11.26,30,"1974-01-01 2003-01-01",5,5.45,30,"1974-01-01 2003-01-01",,,,
2003-12-01,-9.49,3.45,30,"1973-12-01 2002-12-01",77.87,4.91,30,"1973-12-01 2002-12-01",-0.86,4.42,30,"1973-12-01 2002-12-01",30.67,3.92,30,"1973-12-01 2002-12-01",-16.95,3.94,30,"1973-12-01 2002-12-01",47.35,5.94,30,"1973-12-01 2002-12-01",-12.87,4.15,30,"1973-12-01 2002-12-01",2.19,1.24,30,"1973-12-01 2002-12-01",10.53,7.42,30,"1973-12-01 2002-12-01",0.29,0.75,30,"1973-12-01 2002-12-01",15.53,9.5,30,"1973-12-01 2002-12-01",3.9,4.69,30,"1973-12-01 2002-12-01",,,,
2003-11-01,-6,2.65,30,"1973-11-01 2002-11-01",80.74,4.41,30,"1973-11-01 2002-11-01",3.08,4.09,30,"1973-11-01 2002-11-01",28.27,3.72,30,"1973-11-01 2002-11-01",-12.67,3.06,30,"1973-11-01 2002-11-01",46.95,7.73,30,"1973-11-01 2002-11-01",-8.76,3.42,30,"1973-11-01 2002-11-01",1.86,0.9,30,"1973-11-01 2002-11-01",12.96,8.1,30,"1973-11-01 2002-11-01",1.23,2.54,30,"1973-11-01 2002-11-01",17.33,11.11,30,"1973-11-01 2002-11-01",2.3,2.45,30,"1973-11-01 2002-11-01",,,,
2003-10-01,-0.22,1.26,30,"1973-10-01 2002-10-01",78.94,4.08,30,"1973-10-01 2002-10-01",12.01,2.02,30,"1973-10-01 2002-10-01",30.25,2.95,30,"1973-10-01 2002-10-01",-6.11,1.55,30,"1973-10-01 2002-10-01",38.1,4.63,30,"1973-10-01 2002-10-01",-1.39,1.33,30,"1973-10-01 2002-10-01",2,0.84,30,"1973-10-01 2002-10-01",13.85,8.9,30,"1973-10-01 2002-10-01",6.34,5.52,30,"1973-10-01 2002-10-01",9.5,6.8,30,"1973-10-01 2002-10-01",0.4,0.6,30,"1973-10-01 2002-10-01",,,,
2003-09-01,5.4,1.27,30,"1973-09-01 2002-09-01",83.13,4.33,30,"1973-09-01 2002-09-01",17.89,2.67,30,"1973-09-01 2002-09-01",28.44,3.4,30,"1973-09-01 2002-09-01",0.15,1.29,30,"1973-09-01 2002-09-01",39.72,6.72,30,"1973-09-01 2002-09-01",4.12,1.23,30,"1973-09-01 2002-09-01",2.07,0.85,30,"1973-09-01 2002-09-01",44.83,32.89,30,"1973-09-01 2002-09-01",41.72,30.18,30,"1973-09-01 2002-09-01",3.49,5.15,30,"1973-09-01 2002-09-01",0,0.05,30,"1973-09-01 2002-09-01",,,,
2003-08-01,9.93,1.34,30,"1973-08-01 2002-08-01",84.93,5.91,30,"1973-08-01 2002-08-01",22.4,2.35,30,"1973-08-01 2002-08-01",28.13,3.28,30,"1973-08-01 2002-08-01",4.57,1.44,30,"1973-08-01 2002-08-01",39.7,6.39,30,"1973-08-01 2002-08-01",8.49,1.14,30,"1973-08-01 2002-08-01",1.59,0.62,30,"1973-08-01 2002-08-01",58.07,33.98,30,"1973-08-01 2002-08-01",58.03,33.99,30,"1973-08-01 2002-08-01",0.03,0.18,30,"1973-08-01 2002-08-01",0,0,30,"1973-08-01 2002-08-01",,,,
2003-07-01,10.76,1.45,30,"1973-07-01 2002-07-01",84.44,6.12,30,"1973-07-01 2002-07-01",23.08,1.87,30,"1973-07-01 2002-07-01",29.55,2.62,30,"1973-07-01 2002-07-01",5.06,1.63,30,"1973-07-01 2002-07-01",39.64,6.77,30,"1973-07-01 2002-07-01",9.51,0.88,30,"1973-07-01 2002-07-01",1.81,0.84,30,"1973-07-01 2002-07-01",66,31.76,30,"1973-07-01 2002-07-01",66,31.76,30,"1973-07-01 2002-07-01",0,0,30,"1973-07-01 2002-07-01",0,0,30,"1973-07-01 2002-07-01",,,,
2003-06-01,8,1.28,30,"1973-06-01 2002-06-01",81.74,6.05,30,"1973-06-01 2002-06-01",20.14,1.54,30,"1973-06-01 2002-06-01",31.55,2.88,30,"1973-06-01 2002-06-01",2.19,1.55,30,"1973-06-01 2002-06-01",39.21,6.23,30,"1973-06-01 2002-06-01",7.28,1.15,30,"1973-06-01 2002-06-01",2.44,0.94,30,"1973-06-01 2002-06-01",76.62,34.22,30,"1973-06-01 2002-06-01",76.61,34.22,30,"1973-06-01 2002-06-01",0.01,0.05,30,"1973-06-01 2002-06-01",0,0,30,"1973-06-01 2002-06-01",,,,
2003-05-01,3.25,1.49,30,"1973-05-01 2002-05-01",78.78,7.68,30,"1973-05-01 2002-05-01",16.26,2.06,30,"1973-05-01 2002-05-01",32.55,2.89,30,"1973-05-01 2002-05-01",-2.56,1.67,30,"1973-05-01 2002-05-01",36.82,6.26,30,"1973-05-01 2002-05-01",3.07,1.3,30,"1973-05-01 2002-05-01",2.86,1.21,30,"1973-05-01 2002-05-01",59.77,31.03,30,"1973-05-01 2002-05-01",49.61,27.28,30,"1973-05-01 2002-05-01",11.19,13.57,30,"1973-05-01 2002-05-01",0.2,0.41,30,"1973-05-01 2002-05-01",,,,
2003-04-01,-1.56,1.75,30,"1973-04-01 2002-04-01",78.35,6.98,30,"1973-04-01 2002-04-01",11.14,2.52,30,"1973-04-01 2002-04-01",31.9,2.82,30,"1973-04-01 2002-04-01",-7.66,2.02,30,"1973-04-01 2002-04-01",35.97,7.38,30,"1973-04-01 2002-04-01",-2.1,1.59,30,"1973-04-01 2002-04-01",3,1.1,30,"1973-04-01 2002-04-01",24.05,18.73,30,"1973-04-01 2002-04-01",11.03,14.33,30,"1973-04-01 2002-04-01",16.04,10.03,30,"1973-04-01 2002-04-01",0.7,0.84,30,"1973-04-01 2002-04-01",,,,
2003-03-01,-5.55,2.17,30,"1973-03-01 2002-03-01",80.83,4.77,30,"1973-03-01 2002-03-01",3.81,3.76,30,"1973-03-01 2002-03-01",29.53,3.72,30,"1973-03-01 2002-03-01",-12.28,2.7,30,"1973-03-01 2002-03-01",45.42,8.68,30,"1973-03-01 2002-03-01",-8.03,2.99,30,"1973-03-01 2002-03-01",2.42,0.99,30,"1973-03-01 2002-03-01",16.76,11.54,30,"1973-03-01 2002-03-01",1.68,4.84,30,"1973-03-01 2002-03-01",21.77,13.81,30,"1973-03-01 2002-03-01",2.6,2.79,30,"1973-03-01 2002-03-01",,,,
2003-02-01,-8.88,3.53,30,"1973-02-01 2002-02-01",77.5,4.43,30,"1973-02-01 2002-02-01",0.11,4.78,30,"1973-02-01 2002-02-01",29.68,4.07,30,"1973-02-01 2002-02-01",-16.17,4.21,30,"1973-02-01 2002-02-01",46.72,7.56,30,"1973-02-01 2002-02-01",-11.92,4.36,30,"1973-02-01 2002-02-01",2.38,1.2,30,"1973-02-01 2002-02-01",8.25,5.26,30,"1973-02-01 2002-02-01",0.09,0.29,30,"1973-02-01 2002-02-01",12.75,7.87,30,"1973-02-01 2002-02-01",4.1,4.97,30,"1973-02-01 2002-02-01",,,,
2003-01-01,-10.4,3.59,30,"1973-01-01 2002-01-01",77.1,4.04,30,"1973-01-01 2002-01-01",-2.04,4.92,30,"1973-01-01 2002-01-01",30.22,4.88,30,"1973-01-01 2002-01-01",-18.42,4.44,30,"1973-01-01 2002-01-01",48.27,6.55,30,"1973-01-01 2002-01-01",-14.34,4.71,30,"1973-01-01 2002-01-01",2.21,1.01,30,"1973-01-01 2002-01-01",10.61,8.29,30,"1973-01-01 2002-01-01",0.12,0.29,30,"1973-01-01 2002-01-01",16.12,11.47,30,"1973-01-01 2002-01-01",5.2,5.45,30,"1973-01-01 2002-01-01",,,,
2002-12-01,-9.67,3.41,30,"1972-12-01 2001-12-01",77.98,5.03,30,"1972-12-01 2001-12-01",-1.17,4.43,30,"1972-12-01 2001-12-01",30.92,3.78,30,"1972-12-01 2001-12-01",-17.24,3.95,30,"1972-12-01 2001-12-01",47.65,6.08,30,"1972-12-01 2001-12-01",-13.2,4.25,30,"1972-12-01 2001-12-01",2.2,1.23,30,"1972-12-01 2001-12-01",11.38,8.69,30,"1972-12-01 2001-12-01",0.28,0.76,30,"1972-12-01 2001-12-01",16.6,11.16,30,"1972-12-01 2001-12-01",4.3,5.07,30,"1972-12-01 2001-12-01",,,,
2002-11-01,-6.04,2.6,30,"1972-11-01 2001-11-01",81.05,4.45,30,"1972-11-01 2001-11-01",2.91,3.97,30,"1972-11-01 2001-11-01",28.42,3.76,30,"1972-11-01 2001-11-01",-12.68,3.03,30,"1972-11-01 2001-11-01",47.46,7.8,30,"1972-11-01 2001-11-01",-8.86,3.28,30,"1972-11-01 2001-11-01",1.88,0.89,30,"1972-11-01 2001-11-01",12.8,8.2,30,"1972-11-01 2001-11-01",1.23,2.54,30,"1972-11-01 2001-11-01",17.16,11.23,30,"1972-11-01 2001-11-01",2.3,2.47,30,"1972-11-01 2001-11-01",,,,
2002-10-01,-0.23,1.27,30,"1972-10-01 2001-10-01",78.65,3.46,30,"1972-10-01 2001-10-01",12.08,1.91,30,"1972-10-01 2001-10-01",30.45,2.89,30,"1972-10-01 2001-10-01",-6.14,1.57,30,"1972-10-01 2001-10-01",37.9,4.25,30,"1972-10-01 2001-10-01",-1.41,1.37,30,"1972-10-01 2001-10-01",2.02,0.85,30,"1972-10-01 2001-10-01",13.68,8.76,30,"1972-10-01 2001-10-01",6.15,5.58,30,"1972-10-01 2001-10-01",9.56,6.89,30,"1972-10-01 2001-10-01",0.4,0.61,30,"1972-10-01 2001-10-01",,,,
2002-09-01,5.39,1.29,30,"1972-09-01 2001-09-01",83.43,4.22,30,"1972-09-01 2001-09-01",17.75,2.86,30,"1972-09-01 2001-09-01",28.59,3.51,30,"1972-09-01 2001-09-01",0.13,1.31,30,"1972-09-01 2001-09-01",40.1,7.07,30,"1972-09-01 2001-09-01",4.03,1.34,30,"1972-09-01 2001-09-01",2.12,0.88,30,"1972-09-01 2001-09-01",44.77,32.87,30,"1972-09-01 2001-09-01",40.88,30.18,30,"1972-09-01 2001-09-01",4.61,7.96,30,"1972-09-01 2001-09-01",0,0.16,30,"1972-09-01 2001-09-01",,,,
2002-08-01,10.11,1.25,30,"1972-08-01 2001-08-01",85.41,5.58,30,"1972-08-01 2001-08-01",22.5,2.36,30,"1972-08-01 2001-08-01",28.24,3.27,30,"1972-08-01 2001-08-01",4.71,1.43,30,"1972-08-01 2001-08-01",39.81,6.34,30,"1972-08-01 2001-08-01",8.57,1.13,30,"1972-08-01 2001-08-01",1.54,0.64,30,"1972-08-01 2001-08-01",58.04,33.98,30,"1972-08-01 2001-08-01",58,33.99,30,"1972-08-01 2001-08-01",0.03,0.18,30,"1972-08-01 2001-08-01",0,0,30,"1972-08-01 2001-08-01",,,,
2002-07-01,10.75,1.45,30,"1972-07-01 2001-07-01",84.79,6.05,30,"1972-07-01 2001-07-01",22.88,1.86,30,"1972-07-01 2001-07-01",29.5,2.57,30,"1972-07-01 2001-07-01",5.08,1.62,30,"1972-07-01 2001-07-01",40.17,6.65,30,"1972-07-01 2001-07-01",9.43,0.92,30,"1972-07-01 2001-07-01",1.78,0.84,30,"1972-07-01 2001-07-01",67.22,31.23,30,"1972-07-01 2001-07-01",67.22,31.23,30,"1972-07-01 2001-07-01",0,0,30,"1972-07-01 2001-07-01",0,0,30,"1972-07-01 2001-07-01",,,,
2002-06-01,8.03,1.29,30,"1972-06-01 2001-06-01",81.56,6.07,30,"1972-06-01 2001-06-01",20.16,1.55,30,"1972-06-01 2001-06-01",31.77,2.86,30,"1972-06-01 2001-06-01",2.23,1.56,30,"1972-06-01 2001-06-01",39.26,6.2,30,"1972-06-01 2001-06-01",7.31,1.16,30,"1972-06-01 2001-06-01",2.48,0.94,30,"1972-06-01 2001-06-01",79.36,35.9,30,"1972-06-01 2001-06-01",79.35,35.91,30,"1972-06-01 2001-06-01",0.01,0.05,30,"1972-06-01 2001-06-01",0,0,30,"1972-06-01 2001-06-01",,,,
2002-05-01,3.33,1.45,30,"1972-05-01 2001-05-01",78.75,7.68,30,"1972-05-01 2001-05-01",16.42,1.98,30,"1972-05-01 2001-05-01",32.7,2.97,30,"1972-05-01 2001-05-01",-2.48,1.65,30,"1972-05-01 2001-05-01",36.54,6.24,30,"1972-05-01 2001-05-01",3.16,1.19,30,"1972-05-01 2001-05-01",2.83,1.18,30,"1972-05-01 2001-05-01",59.68,31.12,30,"1972-05-01 2001-05-01",50.29,26.56,30,"1972-05-01 2001-05-01",10.31,13.41,30,"1972-05-01 2001-05-01",0.2,0.3,30,"1972-05-01 2001-05-01",,,,
2002-04-01,-1.55,1.75,30,"1972-04-01 2001-04-01",78.19,6.99,30,"1972-04-01 2001-04-01",11.26,2.41,30,"1972-04-01 2001-04-01",32.21,3.38,30,"1972-04-01 2001-04-01",-7.68,2.04,30,"1972-04-01 2001-04-01",35.47,7.4,30,"1972-04-01 2001-04-01",-2.06,1.54,30,"1972-04-01 2001-04-01",2.95,1.12,30,"1972-04-01 2001-04-01",23.93,18.77,30,"1972-04-01 2001-04-01",10.99,14.36,30,"1972-04-01 2001-04-01",16.02,10.02,30,"1972-04-01 2001-04-01",0.6,0.84,30,"1972-04-01 2001-04-01",,,,
2002-03-01,-5.23,1.65,30,"1972-03-01 2001-03-01",81,4.85,30,"1972-03-01 2001-03-01",4.18,3.18,30,"1972-03-01 2001-03-01",29.82,3.73,30,"1972-03-01 2001-03-01",-11.93,2.18,30,"1972-03-01 2001-03-01",45.24,8.48,30,"1972-03-01 2001-03-01",-7.72,2.42,30,"1972-03-01 2001-03-01",2.38,0.97,30,"1972-03-01 2001-03-01",16.59,11.58,30,"1972-03-01 2001-03-01",1.72,4.83,30,"1972-03-01 2001-03-01",21.13,13.6,30,"1972-03-01 2001-03-01",2.7,2.86,30,"1972-03-01 2001-03-01",,,,
2002-02-01,-9.1,3.62,30,"1972-02-01 2001-02-01",77.59,4.48,30,"1972-02-01 2001-02-01",-0.28,4.98,30,"1972-02-01 2001-02-01",29.79,4.16,30,"1972-02-01 2001-02-01",-16.43,4.28,30,"1972-02-01 2001-02-01",47.34,7.83,30,"1972-02-01 2001-02-01",-12.2,4.49,30,"1972-02-01 2001-02-01",2.38,1.2,30,"1972-02-01 2001-02-01",8.66,5.78,30,"1972-02-01 2001-02-01",0.09,0.29,30,"1972-02-01 2001-02-01",13.39,8.64,30,"1972-02-01 2001-02-01",4.2,5.01,30,"1972-02-01 2001-02-01",,,,
2002-01-01,-10.66,3.74,30,"1972-01-01 2001-01-01",76.97,4.07,30,"1972-01-01 2001-01-01",-2.37,5.13,30,"1972-01-01 2001-01-01",30.56,5.28,30,"1972-01-01 2001-01-01",-18.71,4.59,30,"1972-01-01 2001-01-01",48.32,6.55,30,"1972-01-01 2001-01-01",-14.62,4.85,30,"1972-01-01 2001-01-01",2.31,1.15,30,"1972-01-01 2001-01-01",10.8,8.38,30,"1972-01-01 2001-01-01",0.12,0.29,30,"1972-01-01 2001-01-01",16.51,11.72,30,"1972-01-01 2001-01-01",5.3,5.45,30,"1972-01-01 2001-01-01",,,,
2001-12-01,-9.8,3.49,30,"1971-12-01 2000-12-01",78,5.03,30,"1971-12-01 2000-12-01",-1.35,4.57,30,"1971-12-01 2000-12-01",31.33,3.88,30,"1971-12-01 2000-12-01",-17.45,4.12,30,"1971-12-01 2000-12-01",47.65,6.07,30,"1971-12-01 2000-12-01",-13.39,4.43,30,"1971-12-01 2000-12-01",2.24,1.23,30,"1971-12-01 2000-12-01",12.13,9.07,30,"1971-12-01 2000-12-01",0.28,0.76,30,"1971-12-01 2000-12-01",17.53,11.82,30,"1971-12-01 2000-12-01",4.3,5.07,30,"1971-12-01 2000-12-01",,,,
2001-11-01,-6.01,2.62,30,"1971-11-01 2000-11-01",81.45,4.27,30,"1971-11-01 2000-11-01",2.82,3.93,30,"1971-11-01 2000-11-01",28.73,3.75,30,"1971-11-01 2000-11-01",-12.68,3.04,30,"1971-11-01 2000-11-01",47.81,7.88,30,"1971-11-01 2000-11-01",-8.9,3.26,30,"1971-11-01 2000-11-01",1.9,0.9,30,"1971-11-01 2000-11-01",12.31,8.4,30,"1971-11-01 2000-11-01",1.21,2.55,30,"1971-11-01 2000-11-01",16.35,11.4,30,"1971-11-01 2000-11-01",2.2,2.48,30,"1971-11-01 2000-11-01",,,,
2001-10-01,-0.18,1.22,30,"1971-10-01 2000-10-01",78.79,3.42,30,"1971-10-01 2000-10-01",12.11,1.9,30,"1971-10-01 2000-10-01",30.45,2.89,30,"1971-10-01 2000-10-01",-6.07,1.49,30,"1971-10-01 2000-10-01",38.03,4.2,30,"1971-10-01 2000-10-01",-1.4,1.37,30,"1971-10-01 2000-10-01",1.99,0.84,30,"1971-10-01 2000-10-01",13.94,9,30,"1971-10-01 2000-10-01",6.2,5.57,30,"1971-10-01 2000-10-01",9.85,7.57,30,"1971-10-01 2000-10-01",0.4,0.61,30,"1971-10-01 2000-10-01",,,,
2001-09-01,5.33,1.32,30,"1971-09-01 2000-09-01",83.56,4.19,30,"1971-09-01 2000-09-01",17.57,2.81,30,"1971-09-01 2000-09-01",28.77,3.61,30,"1971-09-01 2000-09-01",0.08,1.34,30,"1971-09-01 2000-09-01",40.39,6.88,30,"1971-09-01 2000-09-01",3.95,1.34,30,"1971-09-01 2000-09-01",2.11,0.88,30,"1971-09-01 2000-09-01",45.68,32.35,30,"1971-09-01 2000-09-01",41.65,29.75,30,"1971-09-01 2000-09-01",4.76,7.92,30,"1971-09-01 2000-09-01",0,0.16,30,"1971-09-01 2000-09-01",,,,
2001-08-01,10.19,1.25,30,"1971-08-01 2000-08-01",85.47,5.52,30,"1971-08-01 2000-08-01",22.53,2.42,30,"1971-08-01 2000-08-01",28.42,3.35,30,"1971-08-01 2000-08-01",4.77,1.4,30,"1971-08-01 2000-08-01",39.93,6.1,30,"1971-08-01 2000-08-01",8.65,1.23,30,"1971-08-01 2000-08-01",1.55,0.63,30,"1971-08-01 2000-08-01",58.56,33.42,30,"1971-08-01 2000-08-01",58.52,33.44,30,"1971-08-01 2000-08-01",0.03,0.18,30,"1971-08-01 2000-08-01",0,0,30,"1971-08-01 2000-08-01",,,,
2001-07-01,10.73,1.45,30,"1971-07-01 2000-07-01",84.79,6.05,30,"1971-07-01 2000-07-01",22.85,1.84,30,"1971-07-01 2000-07-01",29.64,2.64,30,"1971-07-01 2000-07-01",5.05,1.62,30,"1971-07-01 2000-07-01",40.08,6.72,30,"1971-07-01 2000-07-01",9.4,0.93,30,"1971-07-01 2000-07-01",1.74,0.82,30,"1971-07-01 2000-07-01",67.71,31.2,30,"1971-07-01 2000-07-01",67.71,31.2,30,"1971-07-01 2000-07-01",0,0,30,"1971-07-01 2000-07-01",0,0,30,"1971-07-01 2000-07-01",,,,
2001-06-01,8.04,1.29,30,"1971-06-01 2000-06-01",81.68,6.09,30,"1971-06-01 2000-06-01",20.21,1.51,30,"1971-06-01 2000-06-01",31.94,2.83,30,"1971-06-01 2000-06-01",2.24,1.56,30,"1971-06-01 2000-06-01",39.03,6.12,30,"1971-06-01 2000-06-01",7.33,1.15,30,"1971-06-01 2000-06-01",2.48,0.95,30,"1971-06-01 2000-06-01",78.49,35.18,30,"1971-06-01 2000-06-01",78.48,35.19,30,"1971-06-01 2000-06-01",0.01,0.05,30,"1971-06-01 2000-06-01",0,0,30,"1971-06-01 2000-06-01",,,,
2001-05-01,3.41,1.38,30,"1971-05-01 2000-05-01",79.2,7.19,30,"1971-05-01 2000-05-01",16.4,1.96,30,"1971-05-01 2000-05-01",32.67,2.95,30,"1971-05-01 2000-05-01",-2.38,1.52,30,"1971-05-01 2000-05-01",36.73,5.94,30,"1971-05-01 2000-05-01",3.15,1.19,30,"1971-05-01 2000-05-01",2.79,1.16,30,"1971-05-01 2000-05-01",59.26,31.58,30,"1971-05-01 2000-05-01",49.82,27.02,30,"1971-05-01 2000-05-01",10.35,13.37,30,"1971-05-01 2000-05-01",0.2,0.3,30,"1971-05-01 2000-05-01",,,,
2001-04-01,-1.46,1.76,30,"1971-04-01 2000-04-01",78.62,7.04,30,"1971-04-01 2000-04-01",11.27,2.4,30,"1971-04-01 2000-04-01",32.23,3.38,30,"1971-04-01 2000-04-01",-7.62,2.04,30,"1971-04-01 2000-04-01",35.57,7.42,30,"1971-04-01 2000-04-01",-2.04,1.54,30,"1971-04-01 2000-04-01",2.88,1.08,30,"1971-04-01 2000-04-01",23.89,18.78,30,"1971-04-01 2000-04-01",11.46,14.23,30,"1971-04-01 2000-04-01",15.35,9.87,30,"1971-04-01 2000-04-01",0.6,0.79,30,"1971-04-01 2000-04-01",,,,
2001-03-01,-5.27,1.68,30,"1971-03-01 2000-03-01",81.39,4.45,30,"1971-03-01 2000-03-01",3.97,3.24,30,"1971-03-01 2000-03-01",29.93,3.79,30,"1971-03-01 2000-03-01",-11.99,2.22,30,"1971-03-01 2000-03-01",45.76,8.3,30,"1971-03-01 2000-03-01",-7.84,2.45,30,"1971-03-01 2000-03-01",2.32,0.89,30,"1971-03-01 2000-03-01",17.09,11.71,30,"1971-03-01 2000-03-01",1.69,4.84,30,"1971-03-01 2000-03-01",21.64,13.79,30,"1971-03-01 2000-03-01",2.8,2.85,30,"1971-03-01 2000-03-01",,,,
2001-02-01,-8.88,3.61,30,"1971-02-01 2000-02-01",77.72,4.6,30,"1971-02-01 2000-02-01",-0.12,4.93,30,"1971-02-01 2000-02-01",30.04,4.18,30,"1971-02-01 2000-02-01",-16.17,4.26,30,"1971-02-01 2000-02-01",47.38,7.86,30,"1971-02-01 2000-02-01",-11.96,4.42,30,"1971-02-01 2000-02-01",2.36,1.21,30,"1971-02-01 2000-02-01",8.75,5.78,30,"1971-02-01 2000-02-01",0.09,0.29,30,"1971-02-01 2000-02-01",13.32,8.61,30,"1971-02-01 2000-02-01",4.3,5.01,30,"1971-02-01 2000-02-01",,,,
2001-01-01,-10.9,3.68,30,"1971-01-01 2000-01-01",77.09,4.17,30,"1971-01-01 2000-01-01",-2.77,5.03,30,"1971-01-01 2000-01-01",30.75,5.27,30,"1971-01-01 2000-01-01",-19.05,4.5,30,"1971-01-01 2000-01-01",48.92,6.28,30,"1971-01-01 2000-01-01",-15.03,4.78,30,"1971-01-01 2000-01-01",2.31,1.15,30,"1971-01-01 2000-01-01",11.55,8.55,30,"1971-01-01 2000-01-01",0.19,0.52,30,"1971-01-01 2000-01-01",17.52,11.84,30,"1971-01-01 2000-01-01",5.6,5.38,30,"1971-01-01 2000-01-01",,,,
2000-12-01,-9.91,3.56,30,"1970-12-01 1999-12-01",77.69,4.88,30,"1970-12-01 1999-12-01",-1.42,4.62,30,"1970-12-01 1999-12-01",31.55,3.76,30,"1970-12-01 1999-12-01",-17.58,4.21,30,"1970-12-01 1999-12-01",47.41,5.77,30,"1970-12-01 1999-12-01",-13.51,4.53,30,"1970-12-01 1999-12-01",2.22,1.23,30,"1970-12-01 1999-12-01",12.17,9.05,30,"1970-12-01 1999-12-01",0.28,0.76,30,"1970-12-01 1999-12-01",17.43,11.81,30,"1970-12-01 1999-12-01",4.5,5.1,30,"1970-12-01 1999-12-01",,,,
2000-11-01,-6.05,2.63,30,"1970-11-01 1999-11-01",81.59,4.37,30,"1970-11-01 1999-11-01",2.7,3.97,30,"1970-11-01 1999-11-01",28.82,3.71,30,"1970-11-01 1999-11-01",-12.74,3.07,30,"1970-11-01 1999-11-01",48.11,8,30,"1970-11-01 1999-11-01",-9,3.34,30,"1970-11-01 1999-11-01",1.91,0.89,30,"1970-11-01 1999-11-01",12.69,8.35,30,"1970-11-01 1999-11-01",1.21,2.55,30,"1970-11-01 1999-11-01",16.68,11.46,30,"1970-11-01 1999-11-01",2.2,2.47,30,"1970-11-01 1999-11-01",,,,
2000-10-01,-0.2,1.24,30,"1970-10-01 1999-10-01",78.74,3.45,30,"1970-10-01 1999-10-01",12.09,1.89,30,"1970-10-01 1999-10-01",30.64,2.82,30,"1970-10-01 1999-10-01",-6.14,1.53,30,"1970-10-01 1999-10-01",38.03,4.2,30,"1970-10-01 1999-10-01",-1.42,1.38,30,"1970-10-01 1999-10-01",1.97,0.83,30,"1970-10-01 1999-10-01",14.69,8.89,30,"1970-10-01 1999-10-01",6.56,5.51,30,"1970-10-01 1999-10-01",10.2,7.53,30,"1970-10-01 1999-10-01",0.4,0.6,30,"1970-10-01 1999-10-01",,,,
2000-09-01,5.25,1.45,30,"1970-09-01 1999-09-01",83.57,4.18,30,"1970-09-01 1999-09-01",17.55,2.81,30,"1970-09-01 1999-09-01",29.01,3.8,30,"1970-09-01 1999-09-01",0.01,1.47,30,"1970-09-01 1999-09-01",40.18,7.06,30,"1970-09-01 1999-09-01",3.92,1.36,30,"1970-09-01 1999-09-01",2.1,0.89,30,"1970-09-01 1999-09-01",44.68,32.55,30,"1970-09-01 1999-09-01",40.4,30.04,30,"1970-09-01 1999-09-01",5.03,7.91,30,"1970-09-01 1999-09-01",0,0.16,30,"1970-09-01 1999-09-01",,,,
2000-08-01,10.19,1.25,30,"1970-08-01 1999-08-01",85.37,5.62,30,"1970-08-01 1999-08-01",22.61,2.46,30,"1970-08-01 1999-08-01",28.53,3.37,30,"1970-08-01 1999-08-01",4.75,1.42,30,"1970-08-01 1999-08-01",39.69,6.34,30,"1970-08-01 1999-08-01",8.64,1.24,30,"1970-08-01 1999-08-01",1.54,0.63,30,"1970-08-01 1999-08-01",56.65,34.67,30,"1970-08-01 1999-08-01",56.62,34.68,30,"1970-08-01 1999-08-01",0.03,0.18,30,"1970-08-01 1999-08-01",0,0,30,"1970-08-01 1999-08-01",,,,
2000-07-01,10.76,1.48,30,"1970-07-01 1999-07-01",84.55,5.95,30,"1970-07-01 1999-07-01",22.86,1.85,30,"1970-07-01 1999-07-01",29.71,2.61,30,"1970-07-01 1999-07-01",5.08,1.65,30,"1970-07-01 1999-07-01",40.18,6.69,30,"1970-07-01 1999-07-01",9.46,0.95,30,"1970-07-01 1999-07-01",1.73,0.83,30,"1970-07-01 1999-07-01",67.41,31.26,30,"1970-07-01 1999-07-01",67.41,31.26,30,"1970-07-01 1999-07-01",0,0,30,"1970-07-01 1999-07-01",0,0,30,"1970-07-01 1999-07-01",,,,
2000-06-01,8.09,1.35,30,"1970-06-01 1999-06-01",81.36,5.76,30,"1970-06-01 1999-06-01",20.34,1.58,30,"1970-06-01 1999-06-01",32.27,2.99,30,"1970-06-01 1999-06-01",2.29,1.58,30,"1970-06-01 1999-06-01",38.89,6.12,30,"1970-06-01 1999-06-01",7.43,1.15,30,"1970-06-01 1999-06-01",2.48,0.94,30,"1970-06-01 1999-06-01",80.13,37.67,30,"1970-06-01 1999-06-01",80.12,37.67,30,"1970-06-01 1999-06-01",0.01,0.05,30,"1970-06-01 1999-06-01",0,0,30,"1970-06-01 1999-06-01",,,,
2000-05-01,3.4,1.38,30,"1970-05-01 1999-05-01",79.1,7.15,30,"1970-05-01 1999-05-01",16.44,1.95,30,"1970-05-01 1999-05-01",32.82,2.95,30,"1970-05-01 1999-05-01",-2.38,1.52,30,"1970-05-01 1999-05-01",36.68,5.96,30,"1970-05-01 1999-05-01",3.16,1.18,30,"1970-05-01 1999-05-01",2.76,1.17,30,"1970-05-01 1999-05-01",58.94,31.94,30,"1970-05-01 1999-05-01",49.43,27.49,30,"1970-05-01 1999-05-01",10.55,13.36,30,"1970-05-01 1999-05-01",0.2,0.3,30,"1970-05-01 1999-05-01",,,,
2000-04-01,-1.47,1.77,30,"1970-04-01 1999-04-01",78.88,7.13,30,"1970-04-01 1999-04-01",11.15,2.48,30,"1970-04-01 1999-04-01",32.31,3.37,30,"1970-04-01 1999-04-01",-7.59,2.03,30,"1970-04-01 1999-04-01",35.73,7.49,30,"1970-04-01 1999-04-01",-2.07,1.56,30,"1970-04-01 1999-04-01",2.82,1.08,30,"1970-04-01 1999-04-01",24.5,18.84,30,"1970-04-01 1999-04-01",11.4,14.27,30,"1970-04-01 1999-04-01",15.92,11.31,30,"1970-04-01 1999-04-01",0.6,0.83,30,"1970-04-01 1999-04-01",,,,
2000-03-01,-5.27,1.68,30,"1970-03-01 1999-03-01",81.82,4.49,30,"1970-03-01 1999-03-01",3.86,3.26,30,"1970-03-01 1999-03-01",30.17,3.86,30,"1970-03-01 1999-03-01",-12.04,2.21,30,"1970-03-01 1999-03-01",45.93,8.35,30,"1970-03-01 1999-03-01",-7.97,2.44,30,"1970-03-01 1999-03-01",2.27,0.92,30,"1970-03-01 1999-03-01",17.01,11.66,30,"1970-03-01 1999-03-01",1.69,4.84,30,"1970-03-01 1999-03-01",21.57,13.72,30,"1970-03-01 1999-03-01",2.8,2.86,30,"1970-03-01 1999-03-01",,,,
2000-02-01,-8.77,3.67,30,"1970-02-01 1999-02-01",77.9,4.66,30,"1970-02-01 1999-02-01",0.01,4.97,30,"1970-02-01 1999-02-01",30.22,4.05,30,"1970-02-01 1999-02-01",-16.04,4.31,30,"1970-02-01 1999-02-01",47.22,7.81,30,"1970-02-01 1999-02-01",-11.84,4.44,30,"1970-02-01 1999-02-01",2.4,1.2,30,"1970-02-01 1999-02-01",8.38,5.35,30,"1970-02-01 1999-02-01",0.08,0.29,30,"1970-02-01 1999-02-01",12.86,8.14,30,"1970-02-01 1999-02-01",4.1,4.98,30,"1970-02-01 1999-02-01",,,,
2000-01-01,-10.99,3.74,30,"1970-01-01 1999-01-01",77.05,4.17,30,"1970-01-01 1999-01-01",-2.92,5.11,30,"1970-01-01 1999-01-01",30.95,5.01,30,"1970-01-01 1999-01-01",-19.15,4.55,30,"1970-01-01 1999-01-01",48.91,6.28,30,"1970-01-01 1999-01-01",-15.14,4.84,30,"1970-01-01 1999-01-01",2.32,1.16,30,"1970-01-01 1999-01-01",11.63,8.55,30,"1970-01-01 1999-01-01",0.19,0.52,30,"1970-01-01 1999-01-01",17.52,11.84,30,"1970-01-01 1999-01-01",5.6,5.38,30,"1970-01-01 1999-01-01",,,,
1999-12-01,-9.87,3.59,30,"1969-12-01 1998-12-01",78.26,4.76,30,"1969-12-01 1998-12-01",-1.57,4.44,30,"1969-12-01 1998-12-01",31.36,3.91,30,"1969-12-01 1998-12-01",-17.59,4.21,30,"1969-12-01 1998-12-01",47.97,5.24,30,"1969-12-01 1998-12-01",-13.6,4.43,30,"1969-12-01 1998-12-01",2.17,1.23,30,"1969-12-01 1998-12-01",12.2,9.02,30,"1969-12-01 1998-12-01",0.28,0.76,30,"1969-12-01 1998-12-01",17.43,11.8,30,"1969-12-01 1998-12-01",4.5,5.09,30,"1969-12-01 1998-12-01",,,,
1999-11-01,-6.08,2.61,30,"1969-11-01 1998-11-01",81.26,4.98,30,"1969-11-01 1998-11-01",2.71,3.99,30,"1969-11-01 1998-11-01",29.18,3.87,30,"1969-11-01 1998-11-01",-12.78,3.04,30,"1969-11-01 1998-11-01",48.03,8.1,30,"1969-11-01 1998-11-01",-9,3.34,30,"1969-11-01 1998-11-01",1.93,0.89,30,"1969-11-01 1998-11-01",12.42,8.49,30,"1969-11-01 1998-11-01",1.19,2.56,30,"1969-11-01 1998-11-01",16.5,11.59,30,"1969-11-01 1998-11-01",2.2,2.48,30,"1969-11-01 1998-11-01",,,,
1999-10-01,-0.19,1.23,30,"1969-10-01 1998-10-01",79.22,3.52,30,"1969-10-01 1998-10-01",11.95,2,30,"1969-10-01 1998-10-01",30.63,2.82,30,"1969-10-01 1998-10-01",-6.13,1.52,30,"1969-10-01 1998-10-01",38.58,4.36,30,"1969-10-01 1998-10-01",-1.53,1.51,30,"1969-10-01 1998-10-01",1.94,0.83,30,"1969-10-01 1998-10-01",15.63,9.15,30,"1969-10-01 1998-10-01",6.94,5.47,30,"1969-10-01 1998-10-01",10.92,7.96,30,"1969-10-01 1998-10-01",0.5,0.65,30,"1969-10-01 1998-10-01",,,,
1999-09-01,5.29,1.46,30,"1969-09-01 1998-09-01",83.68,4.22,30,"1969-09-01 1998-09-01",17.54,2.81,30,"1969-09-01 1998-09-01",29.08,3.77,30,"1969-09-01 1998-09-01",0.08,1.47,30,"1969-09-01 1998-09-01",40.44,7.03,30,"1969-09-01 1998-09-01",3.95,1.35,30,"1969-09-01 1998-09-01",2.08,0.89,30,"1969-09-01 1998-09-01",46.12,31.9,30,"1969-09-01 1998-09-01",41.88,29.48,30,"1969-09-01 1998-09-01",4.98,7.94,30,"1969-09-01 1998-09-01",0,0.16,30,"1969-09-01 1998-09-01",,,,
1999-08-01,10.05,1.16,30,"1969-08-01 1998-08-01",85.03,5.6,30,"1969-08-01 1998-08-01",22.68,2.48,30,"1969-08-01 1998-08-01",28.77,3.3,30,"1969-08-01 1998-08-01",4.58,1.42,30,"1969-08-01 1998-08-01",38.93,6.26,30,"1969-08-01 1998-08-01",8.57,1.26,30,"1969-08-01 1998-08-01",1.53,0.64,30,"1969-08-01 1998-08-01",54.19,34.89,30,"1969-08-01 1998-08-01",54.16,34.9,30,"1969-08-01 1998-08-01",0.03,0.18,30,"1969-08-01 1998-08-01",0,0,30,"1969-08-01 1998-08-01",,,,
1999-07-01,10.77,1.48,30,"1969-07-01 1998-07-01",84.49,5.93,30,"1969-07-01 1998-07-01",22.9,1.79,30,"1969-07-01 1998-07-01",29.8,2.64,30,"1969-07-01 1998-07-01",5.11,1.63,30,"1969-07-01 1998-07-01",39.97,6.55,30,"1969-07-01 1998-07-01",9.47,0.92,30,"1969-07-01 1998-07-01",1.63,0.83,30,"1969-07-01 1998-07-01",66.46,30.56,30,"1969-07-01 1998-07-01",66.46,30.56,30,"1969-07-01 1998-07-01",0,0,30,"1969-07-01 1998-07-01",0,0,30,"1969-07-01 1998-07-01",,,,
1999-06-01,8.04,1.37,30,"1969-06-01 1998-06-01",81.16,5.78,30,"1969-06-01 1998-06-01",20.4,1.54,30,"1969-06-01 1998-06-01",32.35,2.91,30,"1969-06-01 1998-06-01",2.28,1.58,30,"1969-06-01 1998-06-01",38.7,6,30,"1969-06-01 1998-06-01",7.46,1.11,30,"1969-06-01 1998-06-01",2.51,0.93,30,"1969-06-01 1998-06-01",81.17,38.5,30,"1969-06-01 1998-06-01",81.07,38.4,30,"1969-06-01 1998-06-01",0.1,0.5,30,"1969-06-01 1998-06-01",0,0,30,"1969-06-01 1998-06-01",,,,
1999-05-01,3.42,1.37,30,"1969-05-01 1998-05-01",78.98,7.15,30,"1969-05-01 1998-05-01",16.51,1.95,30,"1969-05-01 1998-05-01",32.77,2.93,30,"1969-05-01 1998-05-01",-2.33,1.47,30,"1969-05-01 1998-05-01",36.63,5.99,30,"1969-05-01 1998-05-01",3.2,1.16,30,"1969-05-01 1998-05-01",2.72,1.18,30,"1969-05-01 1998-05-01",58.16,32.36,30,"1969-05-01 1998-05-01",48.82,27.73,30,"1969-05-01 1998-05-01",10.37,13.45,30,"1969-05-01 1998-05-01",0.2,0.3,30,"1969-05-01 1998-05-01",,,,
1999-04-01,-1.36,1.83,30,"1969-04-01 1998-04-01",79,7.17,30,"1969-04-01 1998-04-01",11.23,2.54,30,"1969-04-01 1998-04-01",32.51,3.33,30,"1969-04-01 1998-04-01",-7.48,2.1,30,"1969-04-01 1998-04-01",35.88,7.49,30,"1969-04-01 1998-04-01",-2,1.6,30,"1969-04-01 1998-04-01",2.82,1.08,30,"1969-04-01 1998-04-01",23.96,17.63,30,"1969-04-01 1998-04-01",11.01,13.12,30,"1969-04-01 1998-04-01",15.93,11.31,30,"1969-04-01 1998-04-01",0.6,0.83,30,"1969-04-01 1998-04-01",,,,
1999-03-01,-5.28,1.68,30,"1969-03-01 1998-03-01",82.06,4.72,30,"1969-03-01 1998-03-01",3.71,3.25,30,"1969-03-01 1998-03-01",30.34,3.77,30,"1969-03-01 1998-03-01",-12.07,2.21,30,"1969-03-01 1998-03-01",46.49,8.63,30,"1969-03-01 1998-03-01",-8.05,2.48,30,"1969-03-01 1998-03-01",2.29,0.91,30,"1969-03-01 1998-03-01",17.02,11.65,30,"1969-03-01 1998-03-01",1.69,4.84,30,"1969-03-01 1998-03-01",21.61,13.69,30,"1969-03-01 1998-03-01",3.4,3.8,30,"1969-03-01 1998-03-01",,,,
1999-02-01,-8.85,3.69,30,"1969-02-01 1998-02-01",78.44,4.58,30,"1969-02-01 1998-02-01",-0.36,4.94,30,"1969-02-01 1998-02-01",29.94,4.34,30,"1969-02-01 1998-02-01",-16.26,4.41,30,"1969-02-01 1998-02-01",48.25,7.37,30,"1969-02-01 1998-02-01",-12.17,4.57,30,"1969-02-01 1998-02-01",2.32,1.23,30,"1969-02-01 1998-02-01",8.8,5.17,30,"1969-02-01 1998-02-01",0.08,0.29,30,"1969-02-01 1998-02-01",13.56,7.9,30,"1969-02-01 1998-02-01",4.8,5.86,30,"1969-02-01 1998-02-01",,,,
1999-01-01,-11.52,4.54,30,"1969-01-01 1998-01-01",76.8,4.29,30,"1969-01-01 1998-01-01",-3.52,5.93,30,"1969-01-01 1998-01-01",30.76,5.11,30,"1969-01-01 1998-01-01",-19.68,5.2,30,"1969-01-01 1998-01-01",48.92,6.28,30,"1969-01-01 1998-01-01",-15.66,5.47,30,"1969-01-01 1998-01-01",2.32,1.16,30,"1969-01-01 1998-01-01",11.73,8.57,30,"1969-01-01 1998-01-01",0.22,0.53,30,"1969-01-01 1998-01-01",17.55,11.85,30,"1969-01-01 1998-01-01",5.9,5.56,30,"1969-01-01 1998-01-01",,,,
1998-12-01,-9.97,3.67,30,"1968-12-01 1997-12-01",78.47,4.78,30,"1968-12-01 1997-12-01",-1.77,4.6,30,"1968-12-01 1997-12-01",31.25,3.93,30,"1968-12-01 1997-12-01",-17.71,4.3,30,"1968-12-01 1997-12-01",48.27,5.43,30,"1968-12-01 1997-12-01",-13.78,4.58,30,"1968-12-01 1997-12-01",2.13,1.24,30,"1968-12-01 1997-12-01",12.36,9.17,30,"1968-12-01 1997-12-01",0.28,0.76,30,"1968-12-01 1997-12-01",17.77,12.13,30,"1968-12-01 1997-12-01",4.7,5.13,30,"1968-12-01 1997-12-01",,,,
1998-11-01,-6.09,2.6,30,"1968-11-01 1997-11-01",81.1,4.88,30,"1968-11-01 1997-11-01",2.8,4,30,"1968-11-01 1997-11-01",29.49,3.83,30,"1968-11-01 1997-11-01",-12.84,2.99,30,"1968-11-01 1997-11-01",47.52,7.78,30,"1968-11-01 1997-11-01",-9.01,3.33,30,"1968-11-01 1997-11-01",1.92,0.88,30,"1968-11-01 1997-11-01",12.05,8.64,30,"1968-11-01 1997-11-01",0.99,2.39,30,"1968-11-01 1997-11-01",16.32,11.74,30,"1968-11-01 1997-11-01",2.2,2.48,30,"1968-11-01 1997-11-01",,,,
1998-10-01,-0.23,1.21,30,"1968-10-01 1997-10-01",79.35,3.63,30,"1968-10-01 1997-10-01",11.87,1.97,30,"1968-10-01 1997-10-01",30.95,2.78,30,"1968-10-01 1997-10-01",-6.18,1.48,30,"1968-10-01 1997-10-01",38.66,4.39,30,"1968-10-01 1997-10-01",-1.59,1.48,30,"1968-10-01 1997-10-01",1.96,0.85,30,"1968-10-01 1997-10-01",15.86,9.13,30,"1968-10-01 1997-10-01",6.79,5.51,30,"1968-10-01 1997-10-01",11.36,7.91,30,"1968-10-01 1997-10-01",0.5,0.64,30,"1968-10-01 1997-10-01",,,,
1998-09-01,5.27,1.44,30,"1968-09-01 1997-09-01",83.89,4.38,30,"1968-09-01 1997-09-01",17.45,2.77,30,"1968-09-01 1997-09-01",29.28,3.81,30,"1968-09-01 1997-09-01",0.05,1.45,30,"1968-09-01 1997-09-01",40.46,7.04,30,"1968-09-01 1997-09-01",3.91,1.32,30,"1968-09-01 1997-09-01",2.15,0.95,30,"1968-09-01 1997-09-01",47.31,31.79,30,"1968-09-01 1997-09-01",42.45,29.33,30,"1968-09-01 1997-09-01",5.7,8.42,30,"1968-09-01 1997-09-01",0.1,0.16,30,"1968-09-01 1997-09-01",,,,
1998-08-01,10,1.17,30,"1968-08-01 1997-08-01",85.27,5.63,30,"1968-08-01 1997-08-01",22.47,2.48,30,"1968-08-01 1997-08-01",28.9,3.22,30,"1968-08-01 1997-08-01",4.52,1.41,30,"1968-08-01 1997-08-01",39.34,6.31,30,"1968-08-01 1997-08-01",8.48,1.26,30,"1968-08-01 1997-08-01",1.52,0.63,30,"1968-08-01 1997-08-01",54.45,34.65,30,"1968-08-01 1997-08-01",54.42,34.66,30,"1968-08-01 1997-08-01",0.03,0.18,30,"1968-08-01 1997-08-01",0,0,30,"1968-08-01 1997-08-01",,,,
1998-07-01,10.61,1.25,30,"1968-07-01 1997-07-01",84.29,5.77,30,"1968-07-01 1997-07-01",22.86,1.78,30,"1968-07-01 1997-07-01",30.04,2.68,30,"1968-07-01 1997-07-01",4.93,1.46,30,"1968-07-01 1997-07-01",39.45,6.11,30,"1968-07-01 1997-07-01",9.38,0.87,30,"1968-07-01 1997-07-01",1.64,0.83,30,"1968-07-01 1997-07-01",64.27,28.02,30,"1968-07-01 1997-07-01",64.27,28.02,30,"1968-07-01 1997-07-01",0,0,30,"1968-07-01 1997-07-01",0,0,30,"1968-07-01 1997-07-01",,,,
1998-06-01,7.97,1.31,30,"1968-06-01 1997-06-01",81.04,5.58,30,"1968-06-01 1997-06-01",20.42,1.51,30,"1968-06-01 1997-06-01",32.57,2.88,30,"1968-06-01 1997-06-01",2.15,1.51,30,"1968-06-01 1997-06-01",38.18,5.15,30,"1968-06-01 1997-06-01",7.42,1.15,30,"1968-06-01 1997-06-01",2.44,0.88,30,"1968-06-01 1997-06-01",79.32,38.38,30,"1968-06-01 1997-06-01",79.22,38.27,30,"1968-06-01 1997-06-01",0.1,0.5,30,"1968-06-01 1997-06-01",0,0,30,"1968-06-01 1997-06-01",,,,
1998-05-01,3.27,1.25,30,"1968-05-01 1997-05-01",78.88,7.09,30,"1968-05-01 1997-05-01",16.38,1.88,30,"1968-05-01 1997-05-01",32.99,2.89,30,"1968-05-01 1997-05-01",-2.53,1.43,30,"1968-05-01 1997-05-01",36.42,5.99,30,"1968-05-01 1997-05-01",3.05,1.2,30,"1968-05-01 1997-05-01",2.73,1.19,30,"1968-05-01 1997-05-01",56.95,31.96,30,"1968-05-01 1997-05-01",47.41,26.85,30,"1968-05-01 1997-05-01",10.57,13.34,30,"1968-05-01 1997-05-01",0.2,0.3,30,"1968-05-01 1997-05-01",,,,
1998-04-01,-1.51,1.77,30,"1968-04-01 1997-04-01",78.7,6.94,30,"1968-04-01 1997-04-01",11.09,2.55,30,"1968-04-01 1997-04-01",32.88,3.24,30,"1968-04-01 1997-04-01",-7.67,2.07,30,"1968-04-01 1997-04-01",35.75,7.45,30,"1968-04-01 1997-04-01",-2.13,1.61,30,"1968-04-01 1997-04-01",2.86,1.1,30,"1968-04-01 1997-04-01",23.2,17.36,30,"1968-04-01 1997-04-01",10.26,13.09,30,"1968-04-01 1997-04-01",16.29,11.56,30,"1968-04-01 1997-04-01",0.8,1.08,30,"1968-04-01 1997-04-01",,,,
1998-03-01,-5.18,1.75,30,"1968-03-01 1997-03-01",82.04,4.7,30,"1968-03-01 1997-03-01",3.97,3.28,30,"1968-03-01 1997-03-01",30.54,3.58,30,"1968-03-01 1997-03-01",-11.99,2.27,30,"1968-03-01 1997-03-01",45.84,8.21,30,"1968-03-01 1997-03-01",-7.91,2.52,30,"1968-03-01 1997-03-01",2.27,0.9,30,"1968-03-01 1997-03-01",15.67,8.61,30,"1968-03-01 1997-03-01",1.65,4.85,30,"1968-03-01 1997-03-01",20.14,10.34,30,"1968-03-01 1997-03-01",3,3.39,30,"1968-03-01 1997-03-01",,,,
1998-02-01,-8.85,3.69,30,"1968-02-01 1997-02-01",78.66,4.7,30,"1968-02-01 1997-02-01",-0.38,4.93,30,"1968-02-01 1997-02-01",30.14,4.07,30,"1968-02-01 1997-02-01",-16.32,4.37,30,"1968-02-01 1997-02-01",48.21,7.36,30,"1968-02-01 1997-02-01",-12.25,4.53,30,"1968-02-01 1997-02-01",2.35,1.22,30,"1968-02-01 1997-02-01",8.74,5.22,30,"1968-02-01 1997-02-01",0.08,0.29,30,"1968-02-01 1997-02-01",13.29,8.12,30,"1968-02-01 1997-02-01",4.7,5.88,30,"1968-02-01 1997-02-01",,,,
1998-01-01,-11.42,4.51,30,"1968-01-01 1997-01-01",77.05,4.46,30,"1968-01-01 1997-01-01",-3.44,5.89,30,"1968-01-01 1997-01-01",31.23,4.79,30,"1968-01-01 1997-01-01",-19.61,5.18,30,"1968-01-01 1997-01-01",48.81,6.16,30,"1968-01-01 1997-01-01",-15.61,5.44,30,"1968-01-01 1997-01-01",2.35,1.14,30,"1968-01-01 1997-01-01",11.7,8.55,30,"1968-01-01 1997-01-01",0.22,0.53,30,"1968-01-01 1997-01-01",17.52,11.83,30,"1968-01-01 1997-01-01",5.8,5.51,30,"1968-01-01 1997-01-01",,,,
1997-12-01,-9.93,3.69,30,"1967-12-01 1996-12-01",79.04,4.7,30,"1967-12-01 1996-12-01",-1.91,4.5,30,"1967-12-01 1996-12-01",31.43,4.03,30,"1967-12-01 1996-12-01",-17.77,4.28,30,"1967-12-01 1996-12-01",48.66,5.24,30,"1967-12-01 1996-12-01",-13.99,4.48,30,"1967-12-01 1996-12-01",2.22,1.36,30,"1967-12-01 1996-12-01",12.66,9.12,30,"1967-12-01 1996-12-01",0.28,0.76,30,"1967-12-01 1996-12-01",18.28,12.2,30,"1967-12-01 1996-12-01",4.8,5.09,30,"1967-12-01 1996-12-01",,,,
1997-11-01,-6.03,2.64,30,"1967-11-01 1996-11-01",81.21,4.93,30,"1967-11-01 1996-11-01",2.81,4,30,"1967-11-01 1996-11-01",29.81,3.77,30,"1967-11-01 1996-11-01",-12.8,3.01,30,"1967-11-01 1996-11-01",47.54,7.77,30,"1967-11-01 1996-11-01",-8.98,3.34,30,"1967-11-01 1996-11-01",1.92,0.88,30,"1967-11-01 1996-11-01",12.24,8.45,30,"1967-11-01 1996-11-01",1.08,2.4,30,"1967-11-01 1996-11-01",16.42,11.62,30,"1967-11-01 1996-11-01",2.2,2.45,30,"1967-11-01 1996-11-01",,,,
1997-10-01,-0.18,1.23,30,"1967-10-01 1996-10-01",79.61,3.77,30,"1967-10-01 1996-10-01",11.95,1.97,30,"1967-10-01 1996-10-01",31.09,2.86,30,"1967-10-01 1996-10-01",-6.21,1.48,30,"1967-10-01 1996-10-01",38.38,4.45,30,"1967-10-01 1996-10-01",-1.59,1.48,30,"1967-10-01 1996-10-01",1.92,0.85,30,"1967-10-01 1996-10-01",15.98,9.14,30,"1967-10-01 1996-10-01",7.11,5.43,30,"1967-10-01 1996-10-01",11.15,7.83,30,"1967-10-01 1996-10-01",0.4,0.65,30,"1967-10-01 1996-10-01",,,,
1997-09-01,5.22,1.39,30,"1967-09-01 1996-09-01",83.63,4.62,30,"1967-09-01 1996-09-01",17.56,2.96,30,"1967-09-01 1996-09-01",29.47,3.79,30,"1967-09-01 1996-09-01",-0.04,1.47,30,"1967-09-01 1996-09-01",39.92,7.73,30,"1967-09-01 1996-09-01",3.92,1.34,30,"1967-09-01 1996-09-01",2.13,0.95,30,"1967-09-01 1996-09-01",46.11,32.8,30,"1967-09-01 1996-09-01",41.28,30.22,30,"1967-09-01 1996-09-01",5.65,8.45,30,"1967-09-01 1996-09-01",0.1,0.16,30,"1967-09-01 1996-09-01",,,,
1997-08-01,9.99,1.16,30,"1967-08-01 1996-08-01",85.22,5.62,30,"1967-08-01 1996-08-01",22.55,2.55,30,"1967-08-01 1996-08-01",28.94,3.2,30,"1967-08-01 1996-08-01",4.48,1.41,30,"1967-08-01 1996-08-01",39.01,6.51,30,"1967-08-01 1996-08-01",8.5,1.26,30,"1967-08-01 1996-08-01",1.48,0.66,30,"1967-08-01 1996-08-01",53.01,35.37,30,"1967-08-01 1996-08-01",52.97,35.38,30,"1967-08-01 1996-08-01",0.03,0.18,30,"1967-08-01 1996-08-01",0,0,30,"1967-08-01 1996-08-01",,,,
1997-07-01,10.56,1.25,30,"1967-07-01 1996-07-01",84.15,5.71,30,"1967-07-01 1996-07-01",22.9,1.8,30,"1967-07-01 1996-07-01",30.15,2.62,30,"1967-07-01 1996-07-01",4.85,1.48,30,"1967-07-01 1996-07-01",39.13,6.28,30,"1967-07-01 1996-07-01",9.37,0.88,30,"1967-07-01 1996-07-01",1.56,0.81,30,"1967-07-01 1996-07-01",63.97,28.58,30,"1967-07-01 1996-07-01",63.97,28.58,30,"1967-07-01 1996-07-01",0,0,30,"1967-07-01 1996-07-01",0,0,30,"1967-07-01 1996-07-01",,,,
1997-06-01,7.9,1.26,30,"1967-06-01 1996-06-01",81.1,5.65,30,"1967-06-01 1996-06-01",20.42,1.52,30,"1967-06-01 1996-06-01",32.74,2.76,30,"1967-06-01 1996-06-01",2.1,1.47,30,"1967-06-01 1996-06-01",37.94,4.84,30,"1967-06-01 1996-06-01",7.34,1.18,30,"1967-06-01 1996-06-01",2.37,0.93,30,"1967-06-01 1996-06-01",76.52,37.01,30,"1967-06-01 1996-06-01",76.28,36.98,30,"1967-06-01 1996-06-01",0.27,1.03,30,"1967-06-01 1996-06-01",0,0,30,"1967-06-01 1996-06-01",,,,
1997-05-01,3.28,1.24,30,"1967-05-01 1996-05-01",79.11,7.11,30,"1967-05-01 1996-05-01",16.33,1.92,30,"1967-05-01 1996-05-01",33.08,2.87,30,"1967-05-01 1996-05-01",-2.56,1.44,30,"1967-05-01 1996-05-01",36.39,5.97,30,"1967-05-01 1996-05-01",3.02,1.23,30,"1967-05-01 1996-05-01",2.69,1.19,30,"1967-05-01 1996-05-01",55.62,30.92,30,"1967-05-01 1996-05-01",46.53,26.4,30,"1967-05-01 1996-05-01",10.13,12.85,30,"1967-05-01 1996-05-01",0.1,0.26,30,"1967-05-01 1996-05-01",,,,
1997-04-01,-1.43,1.68,30,"1967-04-01 1996-04-01",79.18,7.24,30,"1967-04-01 1996-04-01",10.95,2.76,30,"1967-04-01 1996-04-01",32.9,3.23,30,"1967-04-01 1996-04-01",-7.6,2.01,30,"1967-04-01 1996-04-01",36.46,8.02,30,"1967-04-01 1996-04-01",-2.15,1.66,30,"1967-04-01 1996-04-01",2.9,1.13,30,"1967-04-01 1996-04-01",23.69,17.26,30,"1967-04-01 1996-04-01",9.96,13.22,30,"1967-04-01 1996-04-01",17.32,11.95,30,"1967-04-01 1996-04-01",0.8,1.07,30,"1967-04-01 1996-04-01",,,,
1997-03-01,-5.16,1.74,30,"1967-03-01 1996-03-01",82.51,4.96,30,"1967-03-01 1996-03-01",3.83,3.45,30,"1967-03-01 1996-03-01",30.68,3.64,30,"1967-03-01 1996-03-01",-11.99,2.27,30,"1967-03-01 1996-03-01",46.33,8.61,30,"1967-03-01 1996-03-01",-8.02,2.69,30,"1967-03-01 1996-03-01",2.28,0.92,30,"1967-03-01 1996-03-01",15.75,8.63,30,"1967-03-01 1996-03-01",1.65,4.85,30,"1967-03-01 1996-03-01",20.02,10.24,30,"1967-03-01 1996-03-01",3,3.4,30,"1967-03-01 1996-03-01",,,,
1997-02-01,-8.88,3.67,30,"1967-02-01 1996-02-01",78.83,4.86,30,"1967-02-01 1996-02-01",-0.43,4.91,30,"1967-02-01 1996-02-01",30.62,4.4,30,"1967-02-01 1996-02-01",-16.41,4.29,30,"1967-02-01 1996-02-01",48.27,7.39,30,"1967-02-01 1996-02-01",-12.36,4.47,30,"1967-02-01 1996-02-01",2.36,1.21,30,"1967-02-01 1996-02-01",8.94,5.14,30,"1967-02-01 1996-02-01",0.08,0.29,30,"1967-02-01 1996-02-01",13.56,8,30,"1967-02-01 1996-02-01",5,6.05,30,"1967-02-01 1996-02-01",,,,
1997-01-01,-11.36,4.5,30,"1967-01-01 1996-01-01",77.45,4.97,30,"1967-01-01 1996-01-01",-3.44,5.89,30,"1967-01-01 1996-01-01",31.27,4.8,30,"1967-01-01 1996-01-01",-19.48,5.13,30,"1967-01-01 1996-01-01",49.14,6.61,30,"1967-01-01 1996-01-01",-15.56,5.42,30,"1967-01-01 1996-01-01",2.32,1.14,30,"1967-01-01 1996-01-01",11.77,8.62,30,"1967-01-01 1996-01-01",0.22,0.53,30,"1967-01-01 1996-01-01",17.42,11.69,30,"1967-01-01 1996-01-01",5.6,4.83,30,"1967-01-01 1996-01-01",,,,
1996-12-01,-9.65,3.56,30,"1966-12-01 1995-12-01",79.44,4.83,30,"1966-12-01 1995-12-01",-1.7,4.31,30,"1966-12-01 1995-12-01",31.71,4.06,30,"1966-12-01 1995-12-01",-17.47,4.13,30,"1966-12-01 1995-12-01",48.93,5.56,30,"1966-12-01 1995-12-01",-13.76,4.36,30,"1966-12-01 1995-12-01",2.23,1.36,30,"1966-12-01 1995-12-01",12.24,9.14,30,"1966-12-01 1995-12-01",0.28,0.76,30,"1966-12-01 1995-12-01",17.75,12.25,30,"1966-12-01 1995-12-01",4.4,4.4,30,"1966-12-01 1995-12-01",,,,
1996-11-01,-5.88,2.45,30,"1966-11-01 1995-11-01",81.5,5.2,30,"1966-11-01 1995-11-01",2.93,3.8,30,"1966-11-01 1995-11-01",29.99,3.69,30,"1966-11-01 1995-11-01",-12.71,2.89,30,"1966-11-01 1995-11-01",47.69,8,30,"1966-11-01 1995-11-01",-8.98,3.34,30,"1966-11-01 1995-11-01",1.91,0.87,30,"1966-11-01 1995-11-01",12.37,8.74,30,"1966-11-01 1995-11-01",1.07,2.4,30,"1966-11-01 1995-11-01",16.83,12.67,30,"1966-11-01 1995-11-01",2.2,2.29,30,"1966-11-01 1995-11-01",,,,
1996-10-01,-0.14,1.22,30,"1966-10-01 1995-10-01",79.73,3.83,30,"1966-10-01 1995-10-01",11.99,1.95,30,"1966-10-01 1995-10-01",31.32,3,30,"1966-10-01 1995-10-01",-6.21,1.48,30,"1966-10-01 1995-10-01",38.25,4.45,30,"1966-10-01 1995-10-01",-1.57,1.48,30,"1966-10-01 1995-10-01",1.92,0.85,30,"1966-10-01 1995-10-01",15.68,9.03,30,"1966-10-01 1995-10-01",7.01,5.41,30,"1966-10-01 1995-10-01",10.99,7.72,30,"1966-10-01 1995-10-01",0.4,0.65,30,"1966-10-01 1995-10-01",,,,
1996-09-01,5.29,1.43,30,"1966-09-01 1995-09-01",83.52,4.51,30,"1966-09-01 1995-09-01",17.75,2.98,30,"1966-09-01 1995-09-01",29.55,3.79,30,"1966-09-01 1995-09-01",-0.04,1.47,30,"1966-09-01 1995-09-01",39.44,7.65,30,"1966-09-01 1995-09-01",3.99,1.35,30,"1966-09-01 1995-09-01",2.07,0.93,30,"1966-09-01 1995-09-01",44.71,33.64,30,"1966-09-01 1995-09-01",40.17,30.93,30,"1966-09-01 1995-09-01",5.36,8.49,30,"1966-09-01 1995-09-01",0.1,0.16,30,"1966-09-01 1995-09-01",,,,
1996-08-01,10,1.16,30,"1966-08-01 1995-08-01",85.31,5.66,30,"1966-08-01 1995-08-01",22.39,2.52,30,"1966-08-01 1995-08-01",29.02,3.2,30,"1966-08-01 1995-08-01",4.49,1.4,30,"1966-08-01 1995-08-01",39.41,6.34,30,"1966-08-01 1995-08-01",8.46,1.28,30,"1966-08-01 1995-08-01",1.48,0.66,30,"1966-08-01 1995-08-01",53.32,35.13,30,"1966-08-01 1995-08-01",53.29,35.14,30,"1966-08-01 1995-08-01",0.03,0.18,30,"1966-08-01 1995-08-01",0,0,30,"1966-08-01 1995-08-01",,,,
1996-07-01,10.54,1.23,30,"1966-07-01 1995-07-01",83.98,5.52,30,"1966-07-01 1995-07-01",22.85,1.81,30,"1966-07-01 1995-07-01",30.08,2.66,30,"1966-07-01 1995-07-01",4.83,1.47,30,"1966-07-01 1995-07-01",39.18,6.3,30,"1966-07-01 1995-07-01",9.37,0.88,30,"1966-07-01 1995-07-01",1.54,0.78,30,"1966-07-01 1995-07-01",66.35,29.6,30,"1966-07-01 1995-07-01",66.35,29.6,30,"1966-07-01 1995-07-01",0,0,30,"1966-07-01 1995-07-01",0,0,30,"1966-07-01 1995-07-01",,,,
1996-06-01,7.85,1.26,30,"1966-06-01 1995-06-01",81.07,5.62,30,"1966-06-01 1995-06-01",20.35,1.57,30,"1966-06-01 1995-06-01",32.86,2.67,30,"1966-06-01 1995-06-01",2.04,1.49,30,"1966-06-01 1995-06-01",37.9,4.83,30,"1966-06-01 1995-06-01",7.31,1.22,30,"1966-06-01 1995-06-01",2.34,0.93,30,"1966-06-01 1995-06-01",77.19,36.87,30,"1966-06-01 1995-06-01",76.95,36.85,30,"1966-06-01 1995-06-01",0.27,1.03,30,"1966-06-01 1995-06-01",0,0,30,"1966-06-01 1995-06-01",,,,
1996-05-01,3.27,1.23,30,"1966-05-01 1995-05-01",78.56,6.42,30,"1966-05-01 1995-05-01",16.5,1.75,30,"1966-05-01 1995-05-01",33.4,2.74,30,"1966-05-01 1995-05-01",-2.64,1.41,30,"1966-05-01 1995-05-01",35.75,5.24,30,"1966-05-01 1995-05-01",3.08,1.17,30,"1966-05-01 1995-05-01",2.68,1.18,30,"1966-05-01 1995-05-01",55.85,30.92,30,"1966-05-01 1995-05-01",47.58,26.2,30,"1966-05-01 1995-05-01",9.23,12.5,30,"1966-05-01 1995-05-01",0.2,0.33,30,"1966-05-01 1995-05-01",,,,
1996-04-01,-1.5,1.64,30,"1966-04-01 1995-04-01",79.33,7.41,30,"1966-04-01 1995-04-01",10.81,2.84,30,"1966-04-01 1995-04-01",33.08,3.24,30,"1966-04-01 1995-04-01",-7.69,2,30,"1966-04-01 1995-04-01",36.65,8.21,30,"1966-04-01 1995-04-01",-2.29,1.77,30,"1966-04-01 1995-04-01",2.88,1.1,30,"1966-04-01 1995-04-01",24.5,17.56,30,"1966-04-01 1995-04-01",9.8,13.3,30,"1966-04-01 1995-04-01",18.83,14.14,30,"1966-04-01 1995-04-01",0.8,1.16,30,"1966-04-01 1995-04-01",,,,
1996-03-01,-5.03,1.75,30,"1966-03-01 1995-03-01",82.59,5.02,30,"1966-03-01 1995-03-01",4.04,3.37,30,"1966-03-01 1995-03-01",30.85,3.66,30,"1966-03-01 1995-03-01",-11.85,2.2,30,"1966-03-01 1995-03-01",45.94,8.48,30,"1966-03-01 1995-03-01",-7.87,2.61,30,"1966-03-01 1995-03-01",2.25,0.87,30,"1966-03-01 1995-03-01",14.74,8.03,30,"1966-03-01 1995-03-01",1.63,4.85,30,"1966-03-01 1995-03-01",18.65,9.24,30,"1966-03-01 1995-03-01",2.8,3.37,30,"1966-03-01 1995-03-01",,,,
1996-02-01,-8.86,3.67,30,"1966-02-01 1995-02-01",79.15,5.07,30,"1966-02-01 1995-02-01",-0.49,4.9,30,"1966-02-01 1995-02-01",30.76,4.31,30,"1966-02-01 1995-02-01",-16.38,4.29,30,"1966-02-01 1995-02-01",48.5,7.44,30,"1966-02-01 1995-02-01",-12.41,4.47,30,"1966-02-01 1995-02-01",2.36,1.21,30,"1966-02-01 1995-02-01",9.02,5.07,30,"1966-02-01 1995-02-01",0.08,0.29,30,"1966-02-01 1995-02-01",13.69,7.87,30,"1966-02-01 1995-02-01",5.2,6.06,30,"1966-02-01 1995-02-01",,,,
1996-01-01,-11.32,4.45,30,"1966-01-01 1995-01-01",78.08,5.47,30,"1966-01-01 1995-01-01",-3.52,5.99,30,"1966-01-01 1995-01-01",31.29,4.79,30,"1966-01-01 1995-01-01",-19.46,5.1,30,"1966-01-01 1995-01-01",49.51,7.03,30,"1966-01-01 1995-01-01",-15.63,5.5,30,"1966-01-01 1995-01-01",2.31,1.13,30,"1966-01-01 1995-01-01",11.19,8.09,30,"1966-01-01 1995-01-01",0.22,0.53,30,"1966-01-01 1995-01-01",16.7,11.34,30,"1966-01-01 1995-01-01",5.6,4.82,30,"1966-01-01 1995-01-01",,,,
1995-12-01,-9.55,3.53,30,"1965-12-01 1994-12-01",79.81,5.2,30,"1965-12-01 1994-12-01",-1.66,4.29,30,"1965-12-01 1994-12-01",31.88,3.81,30,"1965-12-01 1994-12-01",-17.39,4.1,30,"1965-12-01 1994-12-01",48.93,5.56,30,"1965-12-01 1994-12-01",-13.7,4.33,30,"1965-12-01 1994-12-01",2.22,1.36,30,"1965-12-01 1994-12-01",11.74,8.95,30,"1965-12-01 1994-12-01",0.17,0.49,30,"1965-12-01 1994-12-01",17.38,12.23,30,"1965-12-01 1994-12-01",4.1,3.78,30,"1965-12-01 1994-12-01",,,,
1995-11-01,-5.86,2.45,30,"1965-11-01 1994-11-01",81.67,5.43,30,"1965-11-01 1994-11-01",2.93,3.81,30,"1965-11-01 1994-11-01",30.14,3.59,30,"1965-11-01 1994-11-01",-12.73,2.89,30,"1965-11-01 1994-11-01",47.75,8.1,30,"1965-11-01 1994-11-01",-9.03,3.37,30,"1965-11-01 1994-11-01",1.9,0.87,30,"1965-11-01 1994-11-01",12.65,9.19,30,"1965-11-01 1994-11-01",1.08,2.4,30,"1965-11-01 1994-11-01",17,12.98,30,"1965-11-01 1994-11-01",2.5,2.92,30,"1965-11-01 1994-11-01",,,,
1995-10-01,-0.02,1.31,30,"1965-10-01 1994-10-01",79.69,3.8,30,"1965-10-01 1994-10-01",12.17,2.06,30,"1965-10-01 1994-10-01",31.45,2.99,30,"1965-10-01 1994-10-01",-6.16,1.5,30,"1965-10-01 1994-10-01",37.98,4.69,30,"1965-10-01 1994-10-01",-1.46,1.53,30,"1965-10-01 1994-10-01",1.92,0.85,30,"1965-10-01 1994-10-01",15.58,9.06,30,"1965-10-01 1994-10-01",7.03,5.42,30,"1965-10-01 1994-10-01",10.83,7.89,30,"1965-10-01 1994-10-01",0.4,0.65,30,"1965-10-01 1994-10-01",,,,
1995-09-01,5.2,1.47,30,"1965-09-01 1994-09-01",83.81,4.87,30,"1965-09-01 1994-09-01",17.46,3.24,30,"1965-09-01 1994-09-01",29.87,3.59,30,"1965-09-01 1994-09-01",-0.13,1.5,30,"1965-09-01 1994-09-01",39.92,8.01,30,"1965-09-01 1994-09-01",3.82,1.54,30,"1965-09-01 1994-09-01",2.14,0.98,30,"1965-09-01 1994-09-01",46.5,34.12,30,"1965-09-01 1994-09-01",41.13,30.85,30,"1965-09-01 1994-09-01",6.19,9.83,30,"1965-09-01 1994-09-01",0.1,0.24,30,"1965-09-01 1994-09-01",,,,
1995-08-01,10.11,1.25,30,"1965-08-01 1994-08-01",85.31,5.66,30,"1965-08-01 1994-08-01",22.48,2.49,30,"1965-08-01 1994-08-01",29.07,3.19,30,"1965-08-01 1994-08-01",4.57,1.46,30,"1965-08-01 1994-08-01",39.29,6.27,30,"1965-08-01 1994-08-01",8.57,1.29,30,"1965-08-01 1994-08-01",1.48,0.66,30,"1965-08-01 1994-08-01",54.51,35.06,30,"1965-08-01 1994-08-01",54.47,35.07,30,"1965-08-01 1994-08-01",0.03,0.18,30,"1965-08-01 1994-08-01",0,0,30,"1965-08-01 1994-08-01",,,,
1995-07-01,10.57,1.27,30,"1965-07-01 1994-07-01",83.9,5.43,30,"1965-07-01 1994-07-01",22.92,1.79,30,"1965-07-01 1994-07-01",30.19,2.54,30,"1965-07-01 1994-07-01",4.82,1.46,30,"1965-07-01 1994-07-01",38.88,6.02,30,"1965-07-01 1994-07-01",9.39,0.9,30,"1965-07-01 1994-07-01",1.53,0.78,30,"1965-07-01 1994-07-01",65.82,28.53,30,"1965-07-01 1994-07-01",65.82,28.53,30,"1965-07-01 1994-07-01",0,0,30,"1965-07-01 1994-07-01",0,0,30,"1965-07-01 1994-07-01",,,,
1995-06-01,7.86,1.26,30,"1965-06-01 1994-06-01",81.15,5.68,30,"1965-06-01 1994-06-01",20.28,1.6,30,"1965-06-01 1994-06-01",33.07,2.5,30,"1965-06-01 1994-06-01",2,1.46,30,"1965-06-01 1994-06-01",38.07,5,30,"1965-06-01 1994-06-01",7.27,1.23,30,"1965-06-01 1994-06-01",2.42,0.93,30,"1965-06-01 1994-06-01",81.41,39.88,30,"1965-06-01 1994-06-01",81.17,39.89,30,"1965-06-01 1994-06-01",0.27,1.03,30,"1965-06-01 1994-06-01",0,0,30,"1965-06-01 1994-06-01",,,,
1995-05-01,3.23,1.23,30,"1965-05-01 1994-05-01",78.52,6.39,30,"1965-05-01 1994-05-01",16.48,1.76,30,"1965-05-01 1994-05-01",33.75,2.62,30,"1965-05-01 1994-05-01",-2.7,1.39,30,"1965-05-01 1994-05-01",35.65,5.19,30,"1965-05-01 1994-05-01",3.05,1.19,30,"1965-05-01 1994-05-01",2.75,1.15,30,"1965-05-01 1994-05-01",54.93,30.84,30,"1965-05-01 1994-05-01",46.78,26.17,30,"1965-05-01 1994-05-01",9.13,12.49,30,"1965-05-01 1994-05-01",0.2,0.33,30,"1965-05-01 1994-05-01",,,,
1995-04-01,-1.44,1.68,30,"1965-04-01 1994-04-01",79.56,7.66,30,"1965-04-01 1994-04-01",10.8,2.85,30,"1965-04-01 1994-04-01",33.15,3.27,30,"1965-04-01 1994-04-01",-7.6,2.03,30,"1965-04-01 1994-04-01",36.96,8.46,30,"1965-04-01 1994-04-01",-2.27,1.77,30,"1965-04-01 1994-04-01",2.85,1.1,30,"1965-04-01 1994-04-01",23.86,17.64,30,"1965-04-01 1994-04-01",9.47,13.35,30,"1965-04-01 1994-04-01",18.53,14.19,30,"1965-04-01 1994-04-01",0.9,1.15,30,"1965-04-01 1994-04-01",,,,
1995-03-01,-5.07,1.82,30,"1965-03-01 1994-03-01",82.93,4.99,30,"1965-03-01 1994-03-01",3.8,3.59,30,"1965-03-01 1994-03-01",31.01,3.63,30,"1965-03-01 1994-03-01",-11.89,2.25,30,"1965-03-01 1994-03-01",46.59,8.57,30,"1965-03-01 1994-03-01",-7.98,2.78,30,"1965-03-01 1994-03-01",2.3,0.87,30,"1965-03-01 1994-03-01",15.03,7.92,30,"1965-03-01 1994-03-01",1.64,4.85,30,"1965-03-01 1994-03-01",19.14,9.14,30,"1965-03-01 1994-03-01",3,3.43,30,"1965-03-01 1994-03-01",,,,
1995-02-01,-8.82,3.68,30,"1965-02-01 1994-02-01",79.43,5.16,30,"1965-02-01 1994-02-01",-0.59,4.89,30,"1965-02-01 1994-02-01",30.95,4.59,30,"1965-02-01 1994-02-01",-16.42,4.3,30,"1965-02-01 1994-02-01",49.09,7.44,30,"1965-02-01 1994-02-01",-12.5,4.49,30,"1965-02-01 1994-02-01",2.49,1.33,30,"1965-02-01 1994-02-01",9.49,5.06,30,"1965-02-01 1994-02-01",0.25,0.95,30,"1965-02-01 1994-02-01",14.17,7.6,30,"1965-02-01 1994-02-01",5.4,5.99,30,"1965-02-01 1994-02-01",,,,
1995-01-01,-11.39,4.42,30,"1965-01-01 1994-01-01",78.26,5.69,30,"1965-01-01 1994-01-01",-3.68,5.98,30,"1965-01-01 1994-01-01",31.73,4.14,30,"1965-01-01 1994-01-01",-19.55,5.07,30,"1965-01-01 1994-01-01",49.81,7.43,30,"1965-01-01 1994-01-01",-15.77,5.5,30,"1965-01-01 1994-01-01",2.34,1.11,30,"1965-01-01 1994-01-01",11.49,7.94,30,"1965-01-01 1994-01-01",0.22,0.53,30,"1965-01-01 1994-01-01",17.15,11.09,30,"1965-01-01 1994-01-01",5.9,4.93,30,"1965-01-01 1994-01-01",,,,
1994-12-01,-9.83,3.72,30,"1964-12-01 1993-12-01",79.81,5.2,30,"1964-12-01 1993-12-01",-2.08,4.62,30,"1964-12-01 1993-12-01",32,3.71,30,"1964-12-01 1993-12-01",-17.71,4.26,30,"1964-12-01 1993-12-01",49.51,6.31,30,"1964-12-01 1993-12-01",-14.04,4.6,30,"1964-12-01 1993-12-01",2.29,1.35,30,"1964-12-01 1993-12-01",12.37,9.14,30,"1964-12-01 1993-12-01",0.15,0.48,30,"1964-12-01 1993-12-01",18.3,12.37,30,"1964-12-01 1993-12-01",4.4,3.95,30,"1964-12-01 1993-12-01",,,,
1994-11-01,-5.8,2.46,30,"1964-11-01 1993-11-01",81.86,5.65,30,"1964-11-01 1993-11-01",2.87,3.82,30,"1964-11-01 1993-11-01",29.87,3.46,30,"1964-11-01 1993-11-01",-12.66,2.91,30,"1964-11-01 1993-11-01",48.34,8.45,30,"1964-11-01 1993-11-01",-9.01,3.37,30,"1964-11-01 1993-11-01",1.93,0.86,30,"1964-11-01 1993-11-01",12.89,9.31,30,"1964-11-01 1993-11-01",1.08,2.4,30,"1964-11-01 1993-11-01",17.13,13.08,30,"1964-11-01 1993-11-01",2.4,2.92,30,"1964-11-01 1993-11-01",,,,
1994-10-01,0.04,1.35,30,"1964-10-01 1993-10-01",79.57,3.78,30,"1964-10-01 1993-10-01",12.33,2.1,30,"1964-10-01 1993-10-01",31.39,2.94,30,"1964-10-01 1993-10-01",-6.14,1.51,30,"1964-10-01 1993-10-01",37.74,4.6,30,"1964-10-01 1993-10-01",-1.39,1.59,30,"1964-10-01 1993-10-01",1.89,0.82,30,"1964-10-01 1993-10-01",15.14,8.59,30,"1964-10-01 1993-10-01",6.55,4.72,30,"1964-10-01 1993-10-01",10.93,7.92,30,"1964-10-01 1993-10-01",0.4,0.65,30,"1964-10-01 1993-10-01",,,,
1994-09-01,5.15,1.48,30,"1964-09-01 1993-09-01",84.18,4.82,30,"1964-09-01 1993-09-01",17.24,3.21,30,"1964-09-01 1993-09-01",30.16,3.68,30,"1964-09-01 1993-09-01",-0.19,1.51,30,"1964-09-01 1993-09-01",40.38,7.99,30,"1964-09-01 1993-09-01",3.74,1.54,30,"1964-09-01 1993-09-01",2.23,1.02,30,"1964-09-01 1993-09-01",48.07,33.5,30,"1964-09-01 1993-09-01",42.5,30.37,30,"1964-09-01 1993-09-01",6.39,9.77,30,"1964-09-01 1993-09-01",0.1,0.24,30,"1964-09-01 1993-09-01",,,,
1994-08-01,10.01,1.35,30,"1964-08-01 1993-08-01",85.13,5.75,30,"1964-08-01 1993-08-01",22.47,2.49,30,"1964-08-01 1993-08-01",29.2,3.25,30,"1964-08-01 1993-08-01",4.47,1.52,30,"1964-08-01 1993-08-01",39.03,6.4,30,"1964-08-01 1993-08-01",8.5,1.28,30,"1964-08-01 1993-08-01",1.6,0.92,30,"1964-08-01 1993-08-01",51.97,35.56,30,"1964-08-01 1993-08-01",51.93,35.57,30,"1964-08-01 1993-08-01",0.03,0.18,30,"1964-08-01 1993-08-01",0,0,30,"1964-08-01 1993-08-01",,,,
1994-07-01,10.55,1.26,30,"1964-07-01 1993-07-01",83.86,5.44,30,"1964-07-01 1993-07-01",22.93,1.8,30,"1964-07-01 1993-07-01",30.25,2.54,30,"1964-07-01 1993-07-01",4.74,1.45,30,"1964-07-01 1993-07-01",38.71,6.14,30,"1964-07-01 1993-07-01",9.38,0.9,30,"1964-07-01 1993-07-01",1.63,0.9,30,"1964-07-01 1993-07-01",66.96,28.07,30,"1964-07-01 1993-07-01",66.96,28.07,30,"1964-07-01 1993-07-01",0,0,30,"1964-07-01 1993-07-01",0,0,30,"1964-07-01 1993-07-01",,,,
1994-06-01,7.87,1.26,30,"1964-06-01 1993-06-01",81.15,5.68,30,"1964-06-01 1993-06-01",20.29,1.6,30,"1964-06-01 1993-06-01",33.08,2.5,30,"1964-06-01 1993-06-01",1.97,1.45,30,"1964-06-01 1993-06-01",38.05,5,30,"1964-06-01 1993-06-01",7.3,1.23,30,"1964-06-01 1993-06-01",2.51,0.94,30,"1964-06-01 1993-06-01",82.51,39.97,30,"1964-06-01 1993-06-01",82.27,39.98,30,"1964-06-01 1993-06-01",0.27,1.03,30,"1964-06-01 1993-06-01",0,0,30,"1964-06-01 1993-06-01",,,,
1994-05-01,3.18,1.21,30,"1964-05-01 1993-05-01",78.41,6.38,30,"1964-05-01 1993-05-01",16.44,1.76,30,"1964-05-01 1993-05-01",34.1,2.61,30,"1964-05-01 1993-05-01",-2.78,1.37,30,"1964-05-01 1993-05-01",35.59,5.16,30,"1964-05-01 1993-05-01",3.05,1.2,30,"1964-05-01 1993-05-01",2.95,1.43,30,"1964-05-01 1993-05-01",54.98,30.85,30,"1964-05-01 1993-05-01",46.66,26.11,30,"1964-05-01 1993-05-01",9.3,12.4,30,"1964-05-01 1993-05-01",0.2,0.33,30,"1964-05-01 1993-05-01",,,,
1994-04-01,-1.47,1.68,30,"1964-04-01 1993-04-01",79.75,7.71,30,"1964-04-01 1993-04-01",10.72,2.83,30,"1964-04-01 1993-04-01",33.58,3.6,30,"1964-04-01 1993-04-01",-7.66,2.03,30,"1964-04-01 1993-04-01",37.02,8.44,30,"1964-04-01 1993-04-01",-2.34,1.76,30,"1964-04-01 1993-04-01",2.95,1.17,30,"1964-04-01 1993-04-01",23.88,17.62,30,"1964-04-01 1993-04-01",9.43,13.38,30,"1964-04-01 1993-04-01",18.71,14.16,30,"1964-04-01 1993-04-01",0.9,1.15,30,"1964-04-01 1993-04-01",,,,
1994-03-01,-5.24,1.85,30,"1964-03-01 1993-03-01",83.03,5.01,30,"1964-03-01 1993-03-01",3.49,3.46,30,"1964-03-01 1993-03-01",31.07,3.68,30,"1964-03-01 1993-03-01",-12.08,2.37,30,"1964-03-01 1993-03-01",47.21,8.12,30,"1964-03-01 1993-03-01",-8.25,2.85,30,"1964-03-01 1993-03-01",2.46,1.1,30,"1964-03-01 1993-03-01",15.05,7.91,30,"1964-03-01 1993-03-01",1.62,4.86,30,"1964-03-01 1993-03-01",19.3,9.06,30,"1964-03-01 1993-03-01",3.1,3.39,30,"1964-03-01 1993-03-01",,,,
1994-02-01,-8.42,3.54,30,"1964-02-01 1993-02-01",79.52,5.15,30,"1964-02-01 1993-02-01",-0.13,4.83,30,"1964-02-01 1993-02-01",31.49,5.61,30,"1964-02-01 1993-02-01",-16.06,4.21,30,"1964-02-01 1993-02-01",48.58,7.85,30,"1964-02-01 1993-02-01",-12.06,4.47,30,"1964-02-01 1993-02-01",2.56,1.45,30,"1964-02-01 1993-02-01",9.24,5.23,30,"1964-02-01 1993-02-01",0.25,0.95,30,"1964-02-01 1993-02-01",13.8,7.91,30,"1964-02-01 1993-02-01",5.3,6.06,30,"1964-02-01 1993-02-01",,,,
1994-01-01,-11.33,4.46,30,"1964-01-01 1993-01-01",78.09,5.48,30,"1964-01-01 1993-01-01",-3.58,6,30,"1964-01-01 1993-01-01",32,4.24,30,"1964-01-01 1993-01-01",-19.48,5.11,30,"1964-01-01 1993-01-01",49.52,7.13,30,"1964-01-01 1993-01-01",-15.66,5.55,30,"1964-01-01 1993-01-01",2.42,1.17,30,"1964-01-01 1993-01-01",11.2,8.12,30,"1964-01-01 1993-01-01",0.21,0.53,30,"1964-01-01 1993-01-01",16.63,11.24,30,"1964-01-01 1993-01-01",5.9,4.97,30,"1964-01-01 1993-01-01",,,,
1993-12-01,-9.96,3.6,30,"1963-12-01 1992-12-01",79.74,5.12,30,"1963-12-01 1992-12-01",-2.28,4.47,30,"1963-12-01 1992-12-01",32.02,3.7,30,"1963-12-01 1992-12-01",-17.9,4.1,30,"1963-12-01 1992-12-01",49.9,6.42,30,"1963-12-01 1992-12-01",-14.27,4.47,30,"1963-12-01 1992-12-01",2.34,1.36,30,"1963-12-01 1992-12-01",12.96,9.12,30,"1963-12-01 1992-12-01",0.15,0.48,30,"1963-12-01 1992-12-01",18.81,12.26,30,"1963-12-01 1992-12-01",4.7,3.92,30,"1963-12-01 1992-12-01",,,,
1993-11-01,-5.77,2.46,30,"1963-11-01 1992-11-01",81.89,5.66,30,"1963-11-01 1992-11-01",2.85,3.82,30,"1963-11-01 1992-11-01",29.93,3.55,30,"1963-11-01 1992-11-01",-12.69,2.92,30,"1963-11-01 1992-11-01",48.5,8.41,30,"1963-11-01 1992-11-01",-9.05,3.37,30,"1963-11-01 1992-11-01",2.01,1.03,30,"1963-11-01 1992-11-01",12.98,9.3,30,"1963-11-01 1992-11-01",1.01,2.4,30,"1963-11-01 1992-11-01",17.38,13.06,30,"1963-11-01 1992-11-01",2.4,2.92,30,"1963-11-01 1992-11-01",,,,
1993-10-01,0.07,1.38,30,"1963-10-01 1992-10-01",79.35,3.72,30,"1963-10-01 1992-10-01",12.43,2.22,30,"1963-10-01 1992-10-01",31.55,3.01,30,"1963-10-01 1992-10-01",-6.11,1.54,30,"1963-10-01 1992-10-01",37.55,4.7,30,"1963-10-01 1992-10-01",-1.31,1.66,30,"1963-10-01 1992-10-01",1.96,0.92,30,"1963-10-01 1992-10-01",14.84,8.95,30,"1963-10-01 1992-10-01",6.38,4.86,30,"1963-10-01 1992-10-01",10.79,8.08,30,"1963-10-01 1992-10-01",0.4,0.65,30,"1963-10-01 1992-10-01",,,,
1993-09-01,5.26,1.62,30,"1963-09-01 1992-09-01",84.14,4.8,30,"1963-09-01 1992-09-01",17.42,3.33,30,"1963-09-01 1992-09-01",30.18,3.67,30,"1963-09-01 1992-09-01",-0.07,1.69,30,"1963-09-01 1992-09-01",40.35,7.99,30,"1963-09-01 1992-09-01",3.85,1.67,30,"1963-09-01 1992-09-01",2.33,1.04,30,"1963-09-01 1992-09-01",48.97,33.19,30,"1963-09-01 1992-09-01",43.4,30.19,30,"1963-09-01 1992-09-01",6.39,9.77,30,"1963-09-01 1992-09-01",0.1,0.24,30,"1963-09-01 1992-09-01",,,,
1993-08-01,10.03,1.36,30,"1963-08-01 1992-08-01",84.99,5.62,30,"1963-08-01 1992-08-01",22.62,2.43,30,"1963-08-01 1992-08-01",29.34,3.23,30,"1963-08-01 1992-08-01",4.49,1.54,30,"1963-08-01 1992-08-01",38.67,6.1,30,"1963-08-01 1992-08-01",8.56,1.3,30,"1963-08-01 1992-08-01",1.71,1.08,30,"1963-08-01 1992-08-01",49.66,35.52,30,"1963-08-01 1992-08-01",49.63,35.53,30,"1963-08-01 1992-08-01",0.03,0.18,30,"1963-08-01 1992-08-01",0,0,30,"1963-08-01 1992-08-01",,,,
1993-07-01,10.62,1.29,30,"1963-07-01 1992-07-01",83.77,5.34,30,"1963-07-01 1992-07-01",23.09,1.6,30,"1963-07-01 1992-07-01",30.51,2.72,30,"1963-07-01 1992-07-01",4.74,1.45,30,"1963-07-01 1992-07-01",38.37,5.75,30,"1963-07-01 1992-07-01",9.45,0.88,30,"1963-07-01 1992-07-01",1.69,1.05,30,"1963-07-01 1992-07-01",67.21,28.25,30,"1963-07-01 1992-07-01",67.21,28.25,30,"1963-07-01 1992-07-01",0,0,30,"1963-07-01 1992-07-01",0,0,30,"1963-07-01 1992-07-01",,,,
1993-06-01,7.91,1.28,30,"1963-06-01 1992-06-01",81.29,5.83,30,"1963-06-01 1992-06-01",20.36,1.57,30,"1963-06-01 1992-06-01",33.22,2.49,30,"1963-06-01 1992-06-01",2.01,1.47,30,"1963-06-01 1992-06-01",38.02,4.98,30,"1963-06-01 1992-06-01",7.32,1.23,30,"1963-06-01 1992-06-01",2.63,1.24,30,"1963-06-01 1992-06-01",84.72,41.57,30,"1963-06-01 1992-06-01",84.48,41.59,30,"1963-06-01 1992-06-01",0.27,1.03,30,"1963-06-01 1992-06-01",0,0,30,"1963-06-01 1992-06-01",,,,
1993-05-01,3.1,1.13,30,"1963-05-01 1992-05-01",78.47,6.4,30,"1963-05-01 1992-05-01",16.37,1.74,30,"1963-05-01 1992-05-01",34.29,2.38,30,"1963-05-01 1992-05-01",-2.88,1.25,30,"1963-05-01 1992-05-01",35.47,5.09,30,"1963-05-01 1992-05-01",2.96,1.14,30,"1963-05-01 1992-05-01",3.1,1.5,30,"1963-05-01 1992-05-01",54.29,31.4,30,"1963-05-01 1992-05-01",45.41,27.25,30,"1963-05-01 1992-05-01",9.95,12.41,30,"1963-05-01 1992-05-01",0.2,0.34,30,"1963-05-01 1992-05-01",,,,
1993-04-01,-1.46,1.69,30,"1963-04-01 1992-04-01",79.79,7.74,30,"1963-04-01 1992-04-01",10.72,2.83,30,"1963-04-01 1992-04-01",33.74,3.34,30,"1963-04-01 1992-04-01",-7.66,2.03,30,"1963-04-01 1992-04-01",37.18,8.52,30,"1963-04-01 1992-04-01",-2.38,1.75,30,"1963-04-01 1992-04-01",3.05,1.18,30,"1963-04-01 1992-04-01",24.35,17.3,30,"1963-04-01 1992-04-01",9.52,13.35,30,"1963-04-01 1992-04-01",19.14,13.8,30,"1963-04-01 1992-04-01",0.9,1.14,30,"1963-04-01 1992-04-01",,,,
1993-03-01,-5.2,1.88,30,"1963-03-01 1992-03-01",83.24,5.09,30,"1963-03-01 1992-03-01",3.54,3.49,30,"1963-03-01 1992-03-01",31.26,3.61,30,"1963-03-01 1992-03-01",-12.09,2.37,30,"1963-03-01 1992-03-01",47.08,8.13,30,"1963-03-01 1992-03-01",-8.27,2.83,30,"1963-03-01 1992-03-01",2.5,1.1,30,"1963-03-01 1992-03-01",14.95,7.89,30,"1963-03-01 1992-03-01",1.62,4.86,30,"1963-03-01 1992-03-01",19.06,8.97,30,"1963-03-01 1992-03-01",3,3.42,30,"1963-03-01 1992-03-01",,,,
1993-02-01,-8.19,3.68,30,"1963-02-01 1992-02-01",79.97,5.72,30,"1963-02-01 1992-02-01",-0.01,4.84,30,"1963-02-01 1992-02-01",31.56,5.54,30,"1963-02-01 1992-02-01",-15.84,4.35,30,"1963-02-01 1992-02-01",49,8.22,30,"1963-02-01 1992-02-01",-11.89,4.53,30,"1963-02-01 1992-02-01",2.59,1.43,30,"1963-02-01 1992-02-01",9.12,5.21,30,"1963-02-01 1992-02-01",0.27,0.95,30,"1963-02-01 1992-02-01",13.58,7.83,30,"1963-02-01 1992-02-01",5.3,6.07,30,"1963-02-01 1992-02-01",,,,
1993-01-01,-11.26,4.47,30,"1963-01-01 1992-01-01",78.43,5.78,30,"1963-01-01 1992-01-01",-3.56,6,30,"1963-01-01 1992-01-01",32.51,4.27,30,"1963-01-01 1992-01-01",-19.43,5.1,30,"1963-01-01 1992-01-01",49.76,7.32,30,"1963-01-01 1992-01-01",-15.67,5.55,30,"1963-01-01 1992-01-01",2.55,1.17,30,"1963-01-01 1992-01-01",11.95,8.37,30,"1963-01-01 1992-01-01",0.22,0.53,30,"1963-01-01 1992-01-01",17.69,11.55,30,"1963-01-01 1992-01-01",6,5.02,30,"1963-01-01 1992-01-01",,,,
1992-12-01,-9.68,3.64,30,"1962-12-01 1991-12-01",79.95,5.25,30,"1962-12-01 1991-12-01",-2.01,4.48,30,"1962-12-01 1991-12-01",32.28,3.57,30,"1962-12-01 1991-12-01",-17.62,4.12,30,"1962-12-01 1991-12-01",50.1,6.49,30,"1962-12-01 1991-12-01",-14.06,4.45,30,"1962-12-01 1991-12-01",2.35,1.35,30,"1962-12-01 1991-12-01",12.8,9.17,30,"1962-12-01 1991-12-01",0.15,0.48,30,"1962-12-01 1991-12-01",18.49,12.35,30,"1962-12-01 1991-12-01",4.7,3.94,30,"1962-12-01 1991-12-01",,,,
1992-11-01,-5.73,2.52,30,"1962-11-01 1991-11-01",81.9,5.66,30,"1962-11-01 1991-11-01",2.97,3.9,30,"1962-11-01 1991-11-01",30.13,3.47,30,"1962-11-01 1991-11-01",-12.65,2.97,30,"1962-11-01 1991-11-01",48.14,8.29,30,"1962-11-01 1991-11-01",-8.99,3.44,30,"1962-11-01 1991-11-01",2.02,1.04,30,"1962-11-01 1991-11-01",11.83,8.09,30,"1962-11-01 1991-11-01",0.65,1.21,30,"1962-11-01 1991-11-01",16.25,12.72,30,"1962-11-01 1991-11-01",2.3,2.95,30,"1962-11-01 1991-11-01",,,,
1992-10-01,0.12,1.43,30,"1962-10-01 1991-10-01",79.3,3.66,30,"1962-10-01 1991-10-01",12.56,2.24,30,"1962-10-01 1991-10-01",31.74,2.98,30,"1962-10-01 1991-10-01",-6.07,1.59,30,"1962-10-01 1991-10-01",37.34,4.54,30,"1962-10-01 1991-10-01",-1.28,1.69,30,"1962-10-01 1991-10-01",1.97,0.92,30,"1962-10-01 1991-10-01",14.67,9,30,"1962-10-01 1991-10-01",6.28,4.79,30,"1962-10-01 1991-10-01",10.71,8.15,30,"1962-10-01 1991-10-01",0.4,0.65,30,"1962-10-01 1991-10-01",,,,
1992-09-01,5.33,1.6,30,"1962-09-01 1991-09-01",84.17,4.81,30,"1962-09-01 1991-09-01",17.53,3.34,30,"1962-09-01 1991-09-01",30.26,3.68,30,"1962-09-01 1991-09-01",-0.01,1.68,30,"1962-09-01 1991-09-01",40.23,8.01,30,"1962-09-01 1991-09-01",3.87,1.66,30,"1962-09-01 1991-09-01",2.31,1.06,30,"1962-09-01 1991-09-01",48.27,33.43,30,"1962-09-01 1991-09-01",42.9,30.42,30,"1962-09-01 1991-09-01",6.36,9.75,30,"1962-09-01 1991-09-01",0.1,0.24,30,"1962-09-01 1991-09-01",,,,
1992-08-01,10.04,1.36,30,"1962-08-01 1991-08-01",84.98,5.62,30,"1962-08-01 1991-08-01",22.68,2.41,30,"1962-08-01 1991-08-01",29.64,3.22,30,"1962-08-01 1991-08-01",4.48,1.54,30,"1962-08-01 1991-08-01",38.45,6.11,30,"1962-08-01 1991-08-01",8.59,1.29,30,"1962-08-01 1991-08-01",1.71,1.08,30,"1962-08-01 1991-08-01",50,35.49,30,"1962-08-01 1991-08-01",50,35.49,30,"1962-08-01 1991-08-01",0,0,30,"1962-08-01 1991-08-01",0,0,30,"1962-08-01 1991-08-01",,,,
1992-07-01,10.61,1.29,30,"1962-07-01 1991-07-01",83.61,5.2,30,"1962-07-01 1991-07-01",23.2,1.46,30,"1962-07-01 1991-07-01",30.67,2.6,30,"1962-07-01 1991-07-01",4.69,1.42,30,"1962-07-01 1991-07-01",37.95,5.27,30,"1962-07-01 1991-07-01",9.43,0.9,30,"1962-07-01 1991-07-01",1.68,1.05,30,"1962-07-01 1991-07-01",65.79,28.83,30,"1962-07-01 1991-07-01",65.79,28.83,30,"1962-07-01 1991-07-01",0,0,30,"1962-07-01 1991-07-01",0,0,30,"1962-07-01 1991-07-01",,,,
1992-06-01,7.84,1.21,30,"1962-06-01 1991-06-01",81.15,5.75,30,"1962-06-01 1991-06-01",20.39,1.58,30,"1962-06-01 1991-06-01",33.32,2.38,30,"1962-06-01 1991-06-01",1.88,1.37,30,"1962-06-01 1991-06-01",37.5,4.77,30,"1962-06-01 1991-06-01",7.28,1.19,30,"1962-06-01 1991-06-01",2.64,1.24,30,"1962-06-01 1991-06-01",80.33,38.41,30,"1962-06-01 1991-06-01",80.09,38.4,30,"1962-06-01 1991-06-01",0.27,1.03,30,"1962-06-01 1991-06-01",0,0,30,"1962-06-01 1991-06-01",,,,
1992-05-01,3.18,1.16,30,"1962-05-01 1991-05-01",78.83,6.75,30,"1962-05-01 1991-05-01",16.34,1.76,30,"1962-05-01 1991-05-01",34.3,2.37,30,"1962-05-01 1991-05-01",-2.83,1.27,30,"1962-05-01 1991-05-01",35.58,5.15,30,"1962-05-01 1991-05-01",2.94,1.14,30,"1962-05-01 1991-05-01",3.01,1.4,30,"1962-05-01 1991-05-01",54.65,31.36,30,"1962-05-01 1991-05-01",46,27.19,30,"1962-05-01 1991-05-01",9.85,12.39,30,"1962-05-01 1991-05-01",0.2,0.34,30,"1962-05-01 1991-05-01",,,,
1992-04-01,-1.42,1.72,30,"1962-04-01 1991-04-01",79.98,7.73,30,"1962-04-01 1991-04-01",10.74,2.85,30,"1962-04-01 1991-04-01",33.93,3.36,30,"1962-04-01 1991-04-01",-7.65,2.04,30,"1962-04-01 1991-04-01",37.17,8.52,30,"1962-04-01 1991-04-01",-2.39,1.73,30,"1962-04-01 1991-04-01",2.98,1.11,30,"1962-04-01 1991-04-01",24.03,17.38,30,"1962-04-01 1991-04-01",9.13,13.45,30,"1962-04-01 1991-04-01",19.25,13.79,30,"1962-04-01 1991-04-01",0.9,1.13,30,"1962-04-01 1991-04-01",,,,
1992-03-01,-5.32,1.9,30,"1962-03-01 1991-03-01",83.71,4.82,30,"1962-03-01 1991-03-01",3.19,3.31,30,"1962-03-01 1991-03-01",31.43,3.43,30,"1962-03-01 1991-03-01",-12.25,2.37,30,"1962-03-01 1991-03-01",47.71,7.78,30,"1962-03-01 1991-03-01",-8.52,2.8,30,"1962-03-01 1991-03-01",2.48,1.1,30,"1962-03-01 1991-03-01",15.03,7.83,30,"1962-03-01 1991-03-01",1.62,4.86,30,"1962-03-01 1991-03-01",19.18,8.89,30,"1962-03-01 1991-03-01",3.1,3.37,30,"1962-03-01 1991-03-01",,,,
1992-02-01,-8.25,3.67,30,"1962-02-01 1991-02-01",80.49,6.07,30,"1962-02-01 1991-02-01",-0.29,4.83,30,"1962-02-01 1991-02-01",31.84,5.39,30,"1962-02-01 1991-02-01",-15.93,4.34,30,"1962-02-01 1991-02-01",49.72,8.85,30,"1962-02-01 1991-02-01",-12.09,4.54,30,"1962-02-01 1991-02-01",2.55,1.43,30,"1962-02-01 1991-02-01",9.38,5.12,30,"1962-02-01 1991-02-01",0.27,0.95,30,"1962-02-01 1991-02-01",13.9,7.79,30,"1962-02-01 1991-02-01",5.3,6.03,30,"1962-02-01 1991-02-01",,,,
1992-01-01,-11.35,4.37,30,"1962-01-01 1991-01-01",78.78,5.91,30,"1962-01-01 1991-01-01",-3.79,5.8,30,"1962-01-01 1991-01-01",32.75,4.48,30,"1962-01-01 1991-01-01",-19.6,4.95,30,"1962-01-01 1991-01-01",50.12,7.17,30,"1962-01-01 1991-01-01",-15.9,5.34,30,"1962-01-01 1991-01-01",2.57,1.18,30,"1962-01-01 1991-01-01",12.27,8.17,30,"1962-01-01 1991-01-01",0.22,0.53,30,"1962-01-01 1991-01-01",18.09,11.28,30,"1962-01-01 1991-01-01",6.1,4.94,30,"1962-01-01 1991-01-01",,,,
1991-12-01,-9.8,3.61,30,"1961-12-01 1990-12-01",80.26,5.33,30,"1961-12-01 1990-12-01",-2.32,4.36,30,"1961-12-01 1990-12-01",32.4,3.55,30,"1961-12-01 1990-12-01",-17.83,4.04,30,"1961-12-01 1990-12-01",50.74,6.21,30,"1961-12-01 1990-12-01",-14.35,4.35,30,"1961-12-01 1990-12-01",2.39,1.37,30,"1961-12-01 1990-12-01",13.16,8.94,30,"1961-12-01 1990-12-01",0.15,0.48,30,"1961-12-01 1990-12-01",18.99,11.99,30,"1961-12-01 1990-12-01",4.8,3.85,30,"1961-12-01 1990-12-01",,,,
1991-11-01,-5.78,2.51,30,"1961-11-01 1990-11-01",81.76,5.65,30,"1961-11-01 1990-11-01",2.95,3.9,30,"1961-11-01 1990-11-01",30.43,3.54,30,"1961-11-01 1990-11-01",-12.73,2.99,30,"1961-11-01 1990-11-01",48.13,8.29,30,"1961-11-01 1990-11-01",-9.02,3.44,30,"1961-11-01 1990-11-01",2.02,1.03,30,"1961-11-01 1990-11-01",11.64,8.2,30,"1961-11-01 1990-11-01",0.65,1.21,30,"1961-11-01 1990-11-01",15.98,12.86,30,"1961-11-01 1990-11-01",2.3,2.98,30,"1961-11-01 1990-11-01",,,,
1991-10-01,0.24,1.33,30,"1961-10-01 1990-10-01",79.56,3.66,30,"1961-10-01 1990-10-01",12.61,2.16,30,"1961-10-01 1990-10-01",31.96,3.17,30,"1961-10-01 1990-10-01",-5.92,1.43,30,"1961-10-01 1990-10-01",37.52,4.89,30,"1961-10-01 1990-10-01",-1.18,1.59,30,"1961-10-01 1990-10-01",2.06,1.05,30,"1961-10-01 1990-10-01",15.53,10.2,30,"1961-10-01 1990-10-01",6.37,4.7,30,"1961-10-01 1990-10-01",11.49,10.25,30,"1961-10-01 1990-10-01",0.4,0.6,30,"1961-10-01 1990-10-01",,,,
1991-09-01,5.25,1.63,30,"1961-09-01 1990-09-01",84.23,4.83,30,"1961-09-01 1990-09-01",17.39,3.36,30,"1961-09-01 1990-09-01",30.67,3.53,30,"1961-09-01 1990-09-01",-0.08,1.71,30,"1961-09-01 1990-09-01",40.5,7.97,30,"1961-09-01 1990-09-01",3.77,1.74,30,"1961-09-01 1990-09-01",2.35,1.06,30,"1961-09-01 1990-09-01",48.15,33.51,30,"1961-09-01 1990-09-01",42.74,30.52,30,"1961-09-01 1990-09-01",6.43,9.71,30,"1961-09-01 1990-09-01",0.1,0.24,30,"1961-09-01 1990-09-01",,,,
1991-08-01,10.07,1.38,30,"1961-08-01 1990-08-01",84.96,5.63,30,"1961-08-01 1990-08-01",22.7,2.44,30,"1961-08-01 1990-08-01",29.7,3.11,30,"1961-08-01 1990-08-01",4.44,1.5,30,"1961-08-01 1990-08-01",38.35,6.15,30,"1961-08-01 1990-08-01",8.56,1.24,30,"1961-08-01 1990-08-01",1.74,1.06,30,"1961-08-01 1990-08-01",48.75,35.63,30,"1961-08-01 1990-08-01",48.75,35.63,30,"1961-08-01 1990-08-01",0,0,30,"1961-08-01 1990-08-01",0,0,30,"1961-08-01 1990-08-01",,,,
1991-07-01,10.62,1.29,30,"1961-07-01 1990-07-01",83.59,5.2,30,"1961-07-01 1990-07-01",23.21,1.46,30,"1961-07-01 1990-07-01",30.81,2.45,30,"1961-07-01 1990-07-01",4.69,1.42,30,"1961-07-01 1990-07-01",38,5.27,30,"1961-07-01 1990-07-01",9.47,0.92,30,"1961-07-01 1990-07-01",1.69,1.05,30,"1961-07-01 1990-07-01",69.93,32.08,30,"1961-07-01 1990-07-01",69.93,32.08,30,"1961-07-01 1990-07-01",0,0,30,"1961-07-01 1990-07-01",0,0,30,"1961-07-01 1990-07-01",,,,
1991-06-01,7.87,1.24,30,"1961-06-01 1990-06-01",80.76,5.72,30,"1961-06-01 1990-06-01",20.63,1.84,30,"1961-06-01 1990-06-01",33.44,2.31,30,"1961-06-01 1990-06-01",1.86,1.36,30,"1961-06-01 1990-06-01",36.93,4.98,30,"1961-06-01 1990-06-01",7.35,1.25,30,"1961-06-01 1990-06-01",2.62,1.25,30,"1961-06-01 1990-06-01",76.89,39.9,30,"1961-06-01 1990-06-01",76.65,39.88,30,"1961-06-01 1990-06-01",0.27,1.03,30,"1961-06-01 1990-06-01",0,0,30,"1961-06-01 1990-06-01",,,,
1991-05-01,3.17,1.16,30,"1961-05-01 1990-05-01",78.78,6.67,30,"1961-05-01 1990-05-01",16.38,1.75,30,"1961-05-01 1990-05-01",34.33,2.31,30,"1961-05-01 1990-05-01",-2.84,1.25,30,"1961-05-01 1990-05-01",35.5,5.04,30,"1961-05-01 1990-05-01",2.98,1.17,30,"1961-05-01 1990-05-01",3.05,1.41,30,"1961-05-01 1990-05-01",52.88,30.46,30,"1961-05-01 1990-05-01",43.94,25.64,30,"1961-05-01 1990-05-01",10.19,12.27,30,"1961-05-01 1990-05-01",0.2,0.34,30,"1961-05-01 1990-05-01",,,,
1991-04-01,-1.41,1.72,30,"1961-04-01 1990-04-01",80.17,7.76,30,"1961-04-01 1990-04-01",10.59,2.85,30,"1961-04-01 1990-04-01",34.09,3.38,30,"1961-04-01 1990-04-01",-7.7,2.06,30,"1961-04-01 1990-04-01",37.52,8.39,30,"1961-04-01 1990-04-01",-2.43,1.74,30,"1961-04-01 1990-04-01",2.91,1.08,30,"1961-04-01 1990-04-01",25.06,17.26,30,"1961-04-01 1990-04-01",9.21,13.43,30,"1961-04-01 1990-04-01",20.38,13.82,30,"1961-04-01 1990-04-01",0.9,1.13,30,"1961-04-01 1990-04-01",,,,
1991-03-01,-5.19,1.93,30,"1961-03-01 1990-03-01",83.93,4.88,30,"1961-03-01 1990-03-01",3.27,3.31,30,"1961-03-01 1990-03-01",31.52,3.3,30,"1961-03-01 1990-03-01",-12.15,2.38,30,"1961-03-01 1990-03-01",47.83,7.78,30,"1961-03-01 1990-03-01",-8.42,2.83,30,"1961-03-01 1990-03-01",2.49,1.1,30,"1961-03-01 1990-03-01",14.5,7.95,30,"1961-03-01 1990-03-01",1.45,4.78,30,"1961-03-01 1990-03-01",18.57,9.16,30,"1961-03-01 1990-03-01",3.2,3.37,30,"1961-03-01 1990-03-01",,,,
1991-02-01,-8.38,3.51,30,"1961-02-01 1990-02-01",80.32,5.97,30,"1961-02-01 1990-02-01",-0.46,4.68,30,"1961-02-01 1990-02-01",31.93,5.41,30,"1961-02-01 1990-02-01",-16.13,4.11,30,"1961-02-01 1990-02-01",49.81,8.84,30,"1961-02-01 1990-02-01",-12.26,4.35,30,"1961-02-01 1990-02-01",2.58,1.44,30,"1961-02-01 1990-02-01",9.88,6.26,30,"1961-02-01 1990-02-01",0.23,0.93,30,"1961-02-01 1990-02-01",14.86,9.51,30,"1961-02-01 1990-02-01",5.6,5.98,30,"1961-02-01 1990-02-01",,,,
1991-01-01,-11.16,4.48,30,"1961-01-01 1990-01-01",78.95,5.83,30,"1961-01-01 1990-01-01",-3.59,5.91,30,"1961-01-01 1990-01-01",32.99,4.45,30,"1961-01-01 1990-01-01",-19.42,5.06,30,"1961-01-01 1990-01-01",50.19,7.13,30,"1961-01-01 1990-01-01",-15.71,5.49,30,"1961-01-01 1990-01-01",2.55,1.17,30,"1961-01-01 1990-01-01",12.21,8.21,30,"1961-01-01 1990-01-01",0.22,0.53,30,"1961-01-01 1990-01-01",18.02,11.32,30,"1961-01-01 1990-01-01",6.1,4.97,30,"1961-01-01 1990-01-01",,,,
1990-12-01,-9.58,3.68,30,"1960-12-01 1989-12-01",80.36,5.34,30,"1960-12-01 1989-12-01",-2.12,4.39,30,"1960-12-01 1989-12-01",32.22,3.54,30,"1960-12-01 1989-12-01",-17.64,4.04,30,"1960-12-01 1989-12-01",50.85,6.22,30,"1960-12-01 1989-12-01",-14.16,4.37,30,"1960-12-01 1989-12-01",2.27,1.3,30,"1960-12-01 1989-12-01",13.35,8.97,30,"1960-12-01 1989-12-01",0.13,0.47,30,"1960-12-01 1989-12-01",19.29,12.06,30,"1960-12-01 1989-12-01",4.9,3.81,30,"1960-12-01 1989-12-01",,,,
1990-11-01,-5.75,2.52,30,"1960-11-01 1989-11-01",81.72,5.63,30,"1960-11-01 1989-11-01",2.99,3.89,30,"1960-11-01 1989-11-01",30.28,3.48,30,"1960-11-01 1989-11-01",-12.79,3,30,"1960-11-01 1989-11-01",48.03,8.28,30,"1960-11-01 1989-11-01",-9.02,3.44,30,"1960-11-01 1989-11-01",2.05,1.03,30,"1960-11-01 1989-11-01",11.38,8.03,30,"1960-11-01 1989-11-01",0.64,1.21,30,"1960-11-01 1989-11-01",15.47,12.55,30,"1960-11-01 1989-11-01",2.2,2.97,30,"1960-11-01 1989-11-01",,,,
1990-10-01,0.35,1.27,30,"1960-10-01 1989-10-01",79.62,3.61,30,"1960-10-01 1989-10-01",12.71,2.13,30,"1960-10-01 1989-10-01",32,3.19,30,"1960-10-01 1989-10-01",-5.8,1.37,30,"1960-10-01 1989-10-01",37.62,4.83,30,"1960-10-01 1989-10-01",-1.07,1.61,30,"1960-10-01 1989-10-01",2.12,1.05,30,"1960-10-01 1989-10-01",15.76,10.22,30,"1960-10-01 1989-10-01",6.4,4.69,30,"1960-10-01 1989-10-01",11.59,10.26,30,"1960-10-01 1989-10-01",0.4,0.6,30,"1960-10-01 1989-10-01",,,,
1990-09-01,5.2,1.64,30,"1960-09-01 1989-09-01",84.28,4.77,30,"1960-09-01 1989-09-01",17.29,3.25,30,"1960-09-01 1989-09-01",30.9,3.41,30,"1960-09-01 1989-09-01",-0.15,1.74,30,"1960-09-01 1989-09-01",40.54,7.91,30,"1960-09-01 1989-09-01",3.69,1.7,30,"1960-09-01 1989-09-01",2.34,1.08,30,"1960-09-01 1989-09-01",48.29,33.35,30,"1960-09-01 1989-09-01",42.88,30.37,30,"1960-09-01 1989-09-01",6.43,9.71,30,"1960-09-01 1989-09-01",0.1,0.24,30,"1960-09-01 1989-09-01",,,,
1990-08-01,10,1.38,30,"1960-08-01 1989-08-01",84.77,5.58,30,"1960-08-01 1989-08-01",22.65,2.44,30,"1960-08-01 1989-08-01",29.99,2.96,30,"1960-08-01 1989-08-01",4.32,1.47,30,"1960-08-01 1989-08-01",38.18,6.14,30,"1960-08-01 1989-08-01",8.5,1.21,30,"1960-08-01 1989-08-01",1.77,1.06,30,"1960-08-01 1989-08-01",48.19,35.61,30,"1960-08-01 1989-08-01",48.19,35.61,30,"1960-08-01 1989-08-01",0,0,30,"1960-08-01 1989-08-01",0,0,30,"1960-08-01 1989-08-01",,,,
1990-07-01,10.68,1.34,30,"1960-07-01 1989-07-01",83.58,5.2,30,"1960-07-01 1989-07-01",23.36,1.54,30,"1960-07-01 1989-07-01",30.86,2.43,30,"1960-07-01 1989-07-01",4.64,1.38,30,"1960-07-01 1989-07-01",37.65,5.19,30,"1960-07-01 1989-07-01",9.48,0.94,30,"1960-07-01 1989-07-01",1.74,1.06,30,"1960-07-01 1989-07-01",68.56,32.34,30,"1960-07-01 1989-07-01",68.56,32.34,30,"1960-07-01 1989-07-01",0,0,30,"1960-07-01 1989-07-01",0,0,30,"1960-07-01 1989-07-01",,,,
1990-06-01,7.87,1.24,30,"1960-06-01 1989-06-01",80.96,5.72,30,"1960-06-01 1989-06-01",20.62,1.84,30,"1960-06-01 1989-06-01",33.48,2.33,30,"1960-06-01 1989-06-01",1.81,1.37,30,"1960-06-01 1989-06-01",36.82,4.96,30,"1960-06-01 1989-06-01",7.32,1.25,30,"1960-06-01 1989-06-01",2.61,1.25,30,"1960-06-01 1989-06-01",77.72,39.83,30,"1960-06-01 1989-06-01",77.48,39.81,30,"1960-06-01 1989-06-01",0.27,1.03,30,"1960-06-01 1989-06-01",0,0,30,"1960-06-01 1989-06-01",,,,
1990-05-01,3.11,1.14,30,"1960-05-01 1989-05-01",78.68,6.61,30,"1960-05-01 1989-05-01",16.37,1.75,30,"1960-05-01 1989-05-01",34.53,2.11,30,"1960-05-01 1989-05-01",-2.97,1.3,30,"1960-05-01 1989-05-01",35.19,4.97,30,"1960-05-01 1989-05-01",2.98,1.17,30,"1960-05-01 1989-05-01",3.12,1.35,30,"1960-05-01 1989-05-01",51.31,29.17,30,"1960-05-01 1989-05-01",42.65,24.17,30,"1960-05-01 1989-05-01",9.77,12.36,30,"1960-05-01 1989-05-01",0.2,0.34,30,"1960-05-01 1989-05-01",,,,
1990-04-01,-1.43,1.72,30,"1960-04-01 1989-04-01",80.24,7.75,30,"1960-04-01 1989-04-01",10.59,2.85,30,"1960-04-01 1989-04-01",34.17,3.35,30,"1960-04-01 1989-04-01",-7.84,2.1,30,"1960-04-01 1989-04-01",37.25,8.49,30,"1960-04-01 1989-04-01",-2.43,1.73,30,"1960-04-01 1989-04-01",2.89,1.08,30,"1960-04-01 1989-04-01",25.36,17.27,30,"1960-04-01 1989-04-01",9.07,13.5,30,"1960-04-01 1989-04-01",20.56,13.92,30,"1960-04-01 1989-04-01",1,1.13,30,"1960-04-01 1989-04-01",,,,
1990-03-01,-5.22,1.93,30,"1960-03-01 1989-03-01",84.45,4.65,30,"1960-03-01 1989-03-01",3.02,3.23,30,"1960-03-01 1989-03-01",31.67,3.19,30,"1960-03-01 1989-03-01",-12.22,2.4,30,"1960-03-01 1989-03-01",48.51,7.44,30,"1960-03-01 1989-03-01",-8.57,2.82,30,"1960-03-01 1989-03-01",2.54,1.1,30,"1960-03-01 1989-03-01",14.41,8.03,30,"1960-03-01 1989-03-01",1.45,4.78,30,"1960-03-01 1989-03-01",18.29,9.41,30,"1960-03-01 1989-03-01",3.4,3.43,30,"1960-03-01 1989-03-01",,,,
1990-02-01,-8.26,3.49,30,"1960-02-01 1989-02-01",80.91,6.03,30,"1960-02-01 1989-02-01",-0.58,4.7,30,"1960-02-01 1989-02-01",31.77,5.41,30,"1960-02-01 1989-02-01",-16.04,4.07,30,"1960-02-01 1989-02-01",50.62,8.94,30,"1960-02-01 1989-02-01",-12.24,4.34,30,"1960-02-01 1989-02-01",2.58,1.44,30,"1960-02-01 1989-02-01",10.72,7.32,30,"1960-02-01 1989-02-01",0.23,0.93,30,"1960-02-01 1989-02-01",15.57,9.92,30,"1960-02-01 1989-02-01",5.7,5.95,30,"1960-02-01 1989-02-01",,,,
1990-01-01,-11.19,4.46,30,"1960-01-01 1989-01-01",79.16,5.9,30,"1960-01-01 1989-01-01",-3.77,5.83,30,"1960-01-01 1989-01-01",32.86,4.47,30,"1960-01-01 1989-01-01",-19.54,5,30,"1960-01-01 1989-01-01",50.73,7.08,30,"1960-01-01 1989-01-01",-15.84,5.41,30,"1960-01-01 1989-01-01",2.59,1.14,30,"1960-01-01 1989-01-01",12.69,8.23,30,"1960-01-01 1989-01-01",0.22,0.53,30,"1960-01-01 1989-01-01",18.28,11.27,30,"1960-01-01 1989-01-01",6.4,4.89,30,"1960-01-01 1989-01-01",,,,
1989-12-01,-9.46,3.82,30,"1959-12-01 1988-12-01",80.61,5.39,30,"1959-12-01 1988-12-01",-2.01,4.49,30,"1959-12-01 1988-12-01",32.46,3.68,30,"1959-12-01 1988-12-01",-17.54,4.16,30,"1959-12-01 1988-12-01",50.86,6.22,30,"1959-12-01 1988-12-01",-14.06,4.5,30,"1959-12-01 1988-12-01",2.32,1.3,30,"1959-12-01 1988-12-01",13.09,8.83,30,"1959-12-01 1988-12-01",0.04,0.12,30,"1959-12-01 1988-12-01",18.97,12.06,30,"1959-12-01 1988-12-01",4.9,3.84,30,"1959-12-01 1988-12-01",,,,
1989-11-01,-5.8,2.48,30,"1959-11-01 1988-11-01",81.81,5.72,30,"1959-11-01 1988-11-01",2.87,3.89,30,"1959-11-01 1988-11-01",30.44,3.65,30,"1959-11-01 1988-11-01",-12.91,2.95,30,"1959-11-01 1988-11-01",48.21,8.34,30,"1959-11-01 1988-11-01",-9.14,3.4,30,"1959-11-01 1988-11-01",2.14,1.03,30,"1959-11-01 1988-11-01",12.05,9.25,30,"1959-11-01 1988-11-01",0.5,0.93,30,"1959-11-01 1988-11-01",16.22,13.12,30,"1959-11-01 1988-11-01",2.3,3.01,30,"1959-11-01 1988-11-01",,,,
1989-10-01,0.34,1.27,30,"1959-10-01 1988-10-01",79.83,3.71,30,"1959-10-01 1988-10-01",12.6,2.22,30,"1959-10-01 1988-10-01",32.42,3.58,30,"1959-10-01 1988-10-01",-5.82,1.37,30,"1959-10-01 1988-10-01",38.03,5.07,30,"1959-10-01 1988-10-01",-1.07,1.61,30,"1959-10-01 1988-10-01",2.18,1.02,30,"1959-10-01 1988-10-01",15.88,10.12,30,"1959-10-01 1988-10-01",6.49,4.65,30,"1959-10-01 1988-10-01",11.61,10.24,30,"1959-10-01 1988-10-01",0.4,0.6,30,"1959-10-01 1988-10-01",,,,
1989-09-01,5.17,1.62,30,"1959-09-01 1988-09-01",84.32,4.81,30,"1959-09-01 1988-09-01",17.17,3.29,30,"1959-09-01 1988-09-01",31.16,3.39,30,"1959-09-01 1988-09-01",-0.22,1.7,30,"1959-09-01 1988-09-01",40.7,7.97,30,"1959-09-01 1988-09-01",3.63,1.69,30,"1959-09-01 1988-09-01",2.37,1.07,30,"1959-09-01 1988-09-01",47.52,33.76,30,"1959-09-01 1988-09-01",42.07,30.72,30,"1959-09-01 1988-09-01",6.47,9.69,30,"1959-09-01 1988-09-01",0.1,0.24,30,"1959-09-01 1988-09-01",,,,
1989-08-01,9.9,1.34,30,"1959-08-01 1988-08-01",84.59,5.39,30,"1959-08-01 1988-08-01",22.59,2.51,30,"1959-08-01 1988-08-01",30.33,2.8,30,"1959-08-01 1988-08-01",4.2,1.42,30,"1959-08-01 1988-08-01",38.07,6.01,30,"1959-08-01 1988-08-01",8.42,1.2,30,"1959-08-01 1988-08-01",1.77,1.05,30,"1959-08-01 1988-08-01",48.34,35.67,30,"1959-08-01 1988-08-01",48.34,35.67,30,"1959-08-01 1988-08-01",0,0,30,"1959-08-01 1988-08-01",0,0,30,"1959-08-01 1988-08-01",,,,
1989-07-01,10.61,1.3,30,"1959-07-01 1988-07-01",83.27,5.09,30,"1959-07-01 1988-07-01",23.36,1.55,30,"1959-07-01 1988-07-01",31.14,2.68,30,"1959-07-01 1988-07-01",4.54,1.35,30,"1959-07-01 1988-07-01",37.39,5.34,30,"1959-07-01 1988-07-01",9.45,0.91,30,"1959-07-01 1988-07-01",1.77,1.05,30,"1959-07-01 1988-07-01",68.83,32.22,30,"1959-07-01 1988-07-01",68.83,32.22,30,"1959-07-01 1988-07-01",0,0,30,"1959-07-01 1988-07-01",0,0,30,"1959-07-01 1988-07-01",,,,
1989-06-01,7.82,1.2,30,"1959-06-01 1988-06-01",80.77,5.56,30,"1959-06-01 1988-06-01",20.58,1.85,30,"1959-06-01 1988-06-01",33.63,2.31,30,"1959-06-01 1988-06-01",1.76,1.33,30,"1959-06-01 1988-06-01",36.89,5.01,30,"1959-06-01 1988-06-01",7.31,1.24,30,"1959-06-01 1988-06-01",2.62,1.25,30,"1959-06-01 1988-06-01",78.92,40.44,30,"1959-06-01 1988-06-01",78.68,40.43,30,"1959-06-01 1988-06-01",0.27,1.03,30,"1959-06-01 1988-06-01",0,0,30,"1959-06-01 1988-06-01",,,,
1989-05-01,3.04,1.16,30,"1959-05-01 1988-05-01",78.72,6.64,30,"1959-05-01 1988-05-01",16.3,1.82,30,"1959-05-01 1988-05-01",34.64,2.13,30,"1959-05-01 1988-05-01",-3.03,1.32,30,"1959-05-01 1988-05-01",35.22,4.99,30,"1959-05-01 1988-05-01",2.92,1.23,30,"1959-05-01 1988-05-01",3.17,1.4,30,"1959-05-01 1988-05-01",51.47,29.12,30,"1959-05-01 1988-05-01",41.79,24.84,30,"1959-05-01 1988-05-01",10.73,13.2,30,"1959-05-01 1988-05-01",0.2,0.36,30,"1959-05-01 1988-05-01",,,,
1989-04-01,-1.46,1.72,30,"1959-04-01 1988-04-01",80.3,7.76,30,"1959-04-01 1988-04-01",10.56,2.85,30,"1959-04-01 1988-04-01",34.57,3.16,30,"1959-04-01 1988-04-01",-7.91,2.12,30,"1959-04-01 1988-04-01",37.18,8.51,30,"1959-04-01 1988-04-01",-2.46,1.74,30,"1959-04-01 1988-04-01",3.04,1.13,30,"1959-04-01 1988-04-01",25.47,17.27,30,"1959-04-01 1988-04-01",8.71,13.57,30,"1959-04-01 1988-04-01",20.98,13.85,30,"1959-04-01 1988-04-01",1,1.12,30,"1959-04-01 1988-04-01",,,,
1989-03-01,-5.07,1.87,30,"1959-03-01 1988-03-01",84.4,4.66,30,"1959-03-01 1988-03-01",3.27,3.17,30,"1959-03-01 1988-03-01",32.2,2.74,30,"1959-03-01 1988-03-01",-12.04,2.3,30,"1959-03-01 1988-03-01",48.03,7.68,30,"1959-03-01 1988-03-01",-8.29,2.82,30,"1959-03-01 1988-03-01",2.64,1.06,30,"1959-03-01 1988-03-01",14.4,8.04,30,"1959-03-01 1988-03-01",1.44,4.78,30,"1959-03-01 1988-03-01",18.11,9.55,30,"1959-03-01 1988-03-01",3.3,3.48,30,"1959-03-01 1988-03-01",,,,
1989-02-01,-8.16,3.38,30,"1959-02-01 1988-02-01",81.12,5.99,30,"1959-02-01 1988-02-01",-0.51,4.62,30,"1959-02-01 1988-02-01",31.96,5.32,30,"1959-02-01 1988-02-01",-15.96,3.97,30,"1959-02-01 1988-02-01",50.87,8.95,30,"1959-02-01 1988-02-01",-12.18,4.28,30,"1959-02-01 1988-02-01",2.56,1.44,30,"1959-02-01 1988-02-01",10.89,7.42,30,"1959-02-01 1988-02-01",0.24,0.93,30,"1959-02-01 1988-02-01",15.41,9.86,30,"1959-02-01 1988-02-01",5.9,5.99,30,"1959-02-01 1988-02-01",,,,
1989-01-01,-11.31,4.45,30,"1959-01-01 1988-01-01",79.42,5.93,30,"1959-01-01 1988-01-01",-4.02,5.85,30,"1959-01-01 1988-01-01",32.76,4.47,30,"1959-01-01 1988-01-01",-19.66,5.02,30,"1959-01-01 1988-01-01",51.03,7.13,30,"1959-01-01 1988-01-01",-15.99,5.41,30,"1959-01-01 1988-01-01",2.61,1.13,30,"1959-01-01 1988-01-01",12.28,7.98,30,"1959-01-01 1988-01-01",0.22,0.53,30,"1959-01-01 1988-01-01",17.52,10.94,30,"1959-01-01 1988-01-01",6.1,4.88,30,"1959-01-01 1988-01-01",,,,
1988-12-01,-9.41,3.84,30,"1958-12-01 1987-12-01",80.7,5.38,30,"1958-12-01 1987-12-01",-2.03,4.48,30,"1958-12-01 1987-12-01",32.76,3.68,30,"1958-12-01 1987-12-01",-17.49,4.19,30,"1958-12-01 1987-12-01",51.04,6.1,30,"1958-12-01 1987-12-01",-14,4.55,30,"1958-12-01 1987-12-01",2.36,1.29,30,"1958-12-01 1987-12-01",13.14,8.79,30,"1958-12-01 1987-12-01",0.04,0.12,30,"1958-12-01 1987-12-01",18.76,12.23,30,"1958-12-01 1987-12-01",4.8,3.85,30,"1958-12-01 1987-12-01",,,,
1988-11-01,-5.83,2.48,30,"1958-11-01 1987-11-01",82.09,5.6,30,"1958-11-01 1987-11-01",2.75,3.86,30,"1958-11-01 1987-11-01",30.62,3.69,30,"1958-11-01 1987-11-01",-12.97,2.95,30,"1958-11-01 1987-11-01",48.49,8.2,30,"1958-11-01 1987-11-01",-9.22,3.35,30,"1958-11-01 1987-11-01",2.15,1.03,30,"1958-11-01 1987-11-01",12.39,9.25,30,"1958-11-01 1987-11-01",0.38,0.72,30,"1958-11-01 1987-11-01",16.67,12.91,30,"1958-11-01 1987-11-01",2.4,2.98,30,"1958-11-01 1987-11-01",,,,
1988-10-01,0.3,1.24,30,"1958-10-01 1987-10-01",79.82,3.71,30,"1958-10-01 1987-10-01",12.64,2.25,30,"1958-10-01 1987-10-01",32.78,3.43,30,"1958-10-01 1987-10-01",-5.92,1.37,30,"1958-10-01 1987-10-01",37.72,5.24,30,"1958-10-01 1987-10-01",-1.06,1.61,30,"1958-10-01 1987-10-01",2.21,1.02,30,"1958-10-01 1987-10-01",15.69,10.33,30,"1958-10-01 1987-10-01",6.48,4.65,30,"1958-10-01 1987-10-01",11.41,10.4,30,"1958-10-01 1987-10-01",0.4,0.6,30,"1958-10-01 1987-10-01",,,,
1988-09-01,5.13,1.63,30,"1958-09-01 1987-09-01",84.32,4.81,30,"1958-09-01 1987-09-01",17.18,3.29,30,"1958-09-01 1987-09-01",31.62,3.57,30,"1958-09-01 1987-09-01",-0.29,1.72,30,"1958-09-01 1987-09-01",40.37,8.1,30,"1958-09-01 1987-09-01",3.62,1.68,30,"1958-09-01 1987-09-01",2.44,1.08,30,"1958-09-01 1987-09-01",47.98,33.8,30,"1958-09-01 1987-09-01",42.79,30.8,30,"1958-09-01 1987-09-01",6.2,9.74,30,"1958-09-01 1987-09-01",0.1,0.24,30,"1958-09-01 1987-09-01",,,,
1988-08-01,9.9,1.35,30,"1958-08-01 1987-08-01",84.51,5.36,30,"1958-08-01 1987-08-01",22.71,2.52,30,"1958-08-01 1987-08-01",30.47,2.75,30,"1958-08-01 1987-08-01",4.16,1.4,30,"1958-08-01 1987-08-01",37.6,5.85,30,"1958-08-01 1987-08-01",8.45,1.21,30,"1958-08-01 1987-08-01",1.78,1.06,30,"1958-08-01 1987-08-01",43.45,28.9,30,"1958-08-01 1987-08-01",43.45,28.9,30,"1958-08-01 1987-08-01",0,0,30,"1958-08-01 1987-08-01",0,0,30,"1958-08-01 1987-08-01",,,,
1988-07-01,10.69,1.31,30,"1958-07-01 1987-07-01",83.66,5.17,30,"1958-07-01 1987-07-01",23.33,1.56,30,"1958-07-01 1987-07-01",31.26,2.68,30,"1958-07-01 1987-07-01",4.63,1.38,30,"1958-07-01 1987-07-01",37.62,5.38,30,"1958-07-01 1987-07-01",9.44,0.91,30,"1958-07-01 1987-07-01",1.82,1.05,30,"1958-07-01 1987-07-01",69.29,32,30,"1958-07-01 1987-07-01",69.29,32,30,"1958-07-01 1987-07-01",0,0,30,"1958-07-01 1987-07-01",0,0,30,"1958-07-01 1987-07-01",,,,
1988-06-01,7.8,1.18,30,"1958-06-01 1987-06-01",81.08,5.67,30,"1958-06-01 1987-06-01",20.46,1.83,30,"1958-06-01 1987-06-01",33.7,2.26,30,"1958-06-01 1987-06-01",1.77,1.35,30,"1958-06-01 1987-06-01",37.11,5.17,30,"1958-06-01 1987-06-01",7.24,1.15,30,"1958-06-01 1987-06-01",2.63,1.25,30,"1958-06-01 1987-06-01",79.35,40.56,30,"1958-06-01 1987-06-01",79.07,40.54,30,"1958-06-01 1987-06-01",0.31,1.03,30,"1958-06-01 1987-06-01",0,0,30,"1958-06-01 1987-06-01",,,,
1988-05-01,3.15,1.13,30,"1958-05-01 1987-05-01",79.34,5.56,30,"1958-05-01 1987-05-01",16.35,1.93,30,"1958-05-01 1987-05-01",34.84,2.3,30,"1958-05-01 1987-05-01",-2.95,1.3,30,"1958-05-01 1987-05-01",35.27,4.9,30,"1958-05-01 1987-05-01",2.91,1.21,30,"1958-05-01 1987-05-01",3.12,1.35,30,"1958-05-01 1987-05-01",51.45,29.15,30,"1958-05-01 1987-05-01",41.78,24.85,30,"1958-05-01 1987-05-01",10.73,13.21,30,"1958-05-01 1987-05-01",0.2,0.36,30,"1958-05-01 1987-05-01",,,,
1988-04-01,-1.35,1.73,30,"1958-04-01 1987-04-01",81.1,7.16,30,"1958-04-01 1987-04-01",10.38,2.79,30,"1958-04-01 1987-04-01",34.74,3.12,30,"1958-04-01 1987-04-01",-7.74,2.13,30,"1958-04-01 1987-04-01",37.99,8.44,30,"1958-04-01 1987-04-01",-2.45,1.74,30,"1958-04-01 1987-04-01",3.1,1.13,30,"1958-04-01 1987-04-01",26.84,16.94,30,"1958-04-01 1987-04-01",9.08,13.5,30,"1958-04-01 1987-04-01",21.99,13.43,30,"1958-04-01 1987-04-01",1,1.11,30,"1958-04-01 1987-04-01",,,,
1988-03-01,-5.17,1.88,30,"1958-03-01 1987-03-01",84.8,4.97,30,"1958-03-01 1987-03-01",2.92,3.33,30,"1958-03-01 1987-03-01",31.97,2.96,30,"1958-03-01 1987-03-01",-12.17,2.29,30,"1958-03-01 1987-03-01",49.12,8.64,30,"1958-03-01 1987-03-01",-8.52,2.83,30,"1958-03-01 1987-03-01",2.63,1.05,30,"1958-03-01 1987-03-01",14.59,8.23,30,"1958-03-01 1987-03-01",1.44,4.78,30,"1958-03-01 1987-03-01",18.15,9.58,30,"1958-03-01 1987-03-01",3.6,3.74,30,"1958-03-01 1987-03-01",,,,
1988-02-01,-8.2,3.39,30,"1958-02-01 1987-02-01",81.73,6.12,30,"1958-02-01 1987-02-01",-0.82,4.69,30,"1958-02-01 1987-02-01",31.71,5.35,30,"1958-02-01 1987-02-01",-15.98,3.98,30,"1958-02-01 1987-02-01",51.9,9.32,30,"1958-02-01 1987-02-01",-12.33,4.3,30,"1958-02-01 1987-02-01",2.54,1.43,30,"1958-02-01 1987-02-01",11.4,7.48,30,"1958-02-01 1987-02-01",0.24,0.93,30,"1958-02-01 1987-02-01",15.78,9.8,30,"1958-02-01 1987-02-01",6.1,5.94,30,"1958-02-01 1987-02-01",,,,
1988-01-01,-11.05,4.63,30,"1958-01-01 1987-01-01",79.85,5.93,30,"1958-01-01 1987-01-01",-3.81,6.01,30,"1958-01-01 1987-01-01",32.73,4.48,30,"1958-01-01 1987-01-01",-19.41,5.21,30,"1958-01-01 1987-01-01",51.22,7.04,30,"1958-01-01 1987-01-01",-15.78,5.59,30,"1958-01-01 1987-01-01",2.59,1.14,30,"1958-01-01 1987-01-01",12.4,7.89,30,"1958-01-01 1987-01-01",0.22,0.53,30,"1958-01-01 1987-01-01",17.54,10.92,30,"1958-01-01 1987-01-01",6.1,4.88,30,"1958-01-01 1987-01-01",,,,
1987-12-01,-9.31,3.94,30,"1957-12-01 1986-12-01",81.18,5.33,30,"1957-12-01 1986-12-01",-1.99,4.52,30,"1957-12-01 1986-12-01",32.9,3.8,30,"1957-12-01 1986-12-01",-17.41,4.26,30,"1957-12-01 1986-12-01",51.37,5.59,30,"1957-12-01 1986-12-01",-14.01,4.54,30,"1957-12-01 1986-12-01",2.35,1.28,30,"1957-12-01 1986-12-01",13.15,8.78,30,"1957-12-01 1986-12-01",0.03,0.1,30,"1957-12-01 1986-12-01",18.71,12.27,30,"1957-12-01 1986-12-01",4.9,3.85,30,"1957-12-01 1986-12-01",,,,
1987-11-01,-5.84,2.47,30,"1957-11-01 1986-11-01",82.2,5.68,30,"1957-11-01 1986-11-01",2.61,3.73,30,"1957-11-01 1986-11-01",30.93,3.8,30,"1957-11-01 1986-11-01",-13.02,2.88,30,"1957-11-01 1986-11-01",48.94,8.18,30,"1957-11-01 1986-11-01",-9.28,3.28,30,"1957-11-01 1986-11-01",2.23,1.03,30,"1957-11-01 1986-11-01",13.02,9.39,30,"1957-11-01 1986-11-01",0.39,0.72,30,"1957-11-01 1986-11-01",17.26,12.83,30,"1957-11-01 1986-11-01",2.5,2.96,30,"1957-11-01 1986-11-01",,,,
1987-10-01,0.29,1.25,30,"1957-10-01 1986-10-01",80.38,3.94,30,"1957-10-01 1986-10-01",12.37,2.47,30,"1957-10-01 1986-10-01",32.81,3.43,30,"1957-10-01 1986-10-01",-5.93,1.38,30,"1957-10-01 1986-10-01",38.6,5.92,30,"1957-10-01 1986-10-01",-1.2,1.73,30,"1957-10-01 1986-10-01",2.25,1.02,30,"1957-10-01 1986-10-01",17.3,11.74,30,"1957-10-01 1986-10-01",6.53,4.61,30,"1957-10-01 1986-10-01",12.97,12.02,30,"1957-10-01 1986-10-01",0.6,1.03,30,"1957-10-01 1986-10-01",,,,
1987-09-01,5.16,1.67,30,"1957-09-01 1986-09-01",84.56,4.74,30,"1957-09-01 1986-09-01",17.1,3.22,30,"1957-09-01 1986-09-01",31.86,3.5,30,"1957-09-01 1986-09-01",-0.26,1.75,30,"1957-09-01 1986-09-01",40.63,8.01,30,"1957-09-01 1986-09-01",3.62,1.69,30,"1957-09-01 1986-09-01",2.5,1.04,30,"1957-09-01 1986-09-01",47.9,33.85,30,"1957-09-01 1986-09-01",42.7,30.85,30,"1957-09-01 1986-09-01",6.21,9.74,30,"1957-09-01 1986-09-01",0.1,0.24,30,"1957-09-01 1986-09-01",,,,
1987-08-01,9.94,1.34,30,"1957-08-01 1986-08-01",84.58,5.45,30,"1957-08-01 1986-08-01",22.71,2.52,30,"1957-08-01 1986-08-01",30.47,2.75,30,"1957-08-01 1986-08-01",4.16,1.4,30,"1957-08-01 1986-08-01",37.67,5.99,30,"1957-08-01 1986-08-01",8.45,1.21,30,"1957-08-01 1986-08-01",1.8,1.07,30,"1957-08-01 1986-08-01",42.65,27.54,30,"1957-08-01 1986-08-01",42.65,27.54,30,"1957-08-01 1986-08-01",0,0,30,"1957-08-01 1986-08-01",0,0,30,"1957-08-01 1986-08-01",,,,
1987-07-01,10.67,1.3,30,"1957-07-01 1986-07-01",83.61,5.12,30,"1957-07-01 1986-07-01",23.4,1.55,30,"1957-07-01 1986-07-01",31.54,2.65,30,"1957-07-01 1986-07-01",4.6,1.35,30,"1957-07-01 1986-07-01",37.36,5.14,30,"1957-07-01 1986-07-01",9.43,0.91,30,"1957-07-01 1986-07-01",1.88,1.06,30,"1957-07-01 1986-07-01",66.47,30.55,30,"1957-07-01 1986-07-01",66.47,30.55,30,"1957-07-01 1986-07-01",0,0,30,"1957-07-01 1986-07-01",0,0,30,"1957-07-01 1986-07-01",,,,
1987-06-01,7.85,1.2,30,"1957-06-01 1986-06-01",81.74,5.55,30,"1957-06-01 1986-06-01",20.29,1.73,30,"1957-06-01 1986-06-01",33.92,2.29,30,"1957-06-01 1986-06-01",1.81,1.36,30,"1957-06-01 1986-06-01",37.59,5.1,30,"1957-06-01 1986-06-01",7.15,1.08,30,"1957-06-01 1986-06-01",2.63,1.25,30,"1957-06-01 1986-06-01",80.75,39.25,30,"1957-06-01 1986-06-01",80.48,39.24,30,"1957-06-01 1986-06-01",0.31,1.03,30,"1957-06-01 1986-06-01",0,0,30,"1957-06-01 1986-06-01",,,,
1987-05-01,3.24,1.23,30,"1957-05-01 1986-05-01",79.78,5.68,30,"1957-05-01 1986-05-01",16.3,1.88,30,"1957-05-01 1986-05-01",34.97,2.26,30,"1957-05-01 1986-05-01",-2.82,1.4,30,"1957-05-01 1986-05-01",35.67,4.66,30,"1957-05-01 1986-05-01",2.9,1.2,30,"1957-05-01 1986-05-01",3.19,1.32,30,"1957-05-01 1986-05-01",51.73,28.81,30,"1957-05-01 1986-05-01",41.71,24.93,30,"1957-05-01 1986-05-01",11.07,13.06,30,"1957-05-01 1986-05-01",0.2,0.36,30,"1957-05-01 1986-05-01",,,,
1987-04-01,-1.36,1.72,30,"1957-04-01 1986-04-01",81.44,7.25,30,"1957-04-01 1986-04-01",10.18,2.65,30,"1957-04-01 1986-04-01",34.78,3.12,30,"1957-04-01 1986-04-01",-7.73,2.13,30,"1957-04-01 1986-04-01",38.52,8.34,30,"1957-04-01 1986-04-01",-2.54,1.68,30,"1957-04-01 1986-04-01",3.17,1.13,30,"1957-04-01 1986-04-01",26.97,16.92,30,"1957-04-01 1986-04-01",9.13,13.5,30,"1957-04-01 1986-04-01",21.97,13.43,30,"1957-04-01 1986-04-01",1,1.11,30,"1957-04-01 1986-04-01",,,,
1987-03-01,-5.18,1.87,30,"1957-03-01 1986-03-01",84.87,5.03,30,"1957-03-01 1986-03-01",2.87,3.32,30,"1957-03-01 1986-03-01",32.14,2.85,30,"1957-03-01 1986-03-01",-12.21,2.24,30,"1957-03-01 1986-03-01",48.97,8.52,30,"1957-03-01 1986-03-01",-8.52,2.84,30,"1957-03-01 1986-03-01",2.68,1.07,30,"1957-03-01 1986-03-01",14.48,8.17,30,"1957-03-01 1986-03-01",1.44,4.78,30,"1957-03-01 1986-03-01",17.83,9.47,30,"1957-03-01 1986-03-01",3.6,3.75,30,"1957-03-01 1986-03-01",,,,
1987-02-01,-8.33,3.38,30,"1957-02-01 1986-02-01",81.95,6.15,30,"1957-02-01 1986-02-01",-1.13,4.56,30,"1957-02-01 1986-02-01",32.05,5.34,30,"1957-02-01 1986-02-01",-16.18,3.99,30,"1957-02-01 1986-02-01",52.44,8.95,30,"1957-02-01 1986-02-01",-12.58,4.29,30,"1957-02-01 1986-02-01",2.63,1.38,30,"1957-02-01 1986-02-01",11.77,7.32,30,"1957-02-01 1986-02-01",0.24,0.93,30,"1957-02-01 1986-02-01",16.06,9.62,30,"1957-02-01 1986-02-01",6.3,5.85,30,"1957-02-01 1986-02-01",,,,
1987-01-01,-11.25,4.59,30,"1957-01-01 1986-01-01",80.43,5.79,30,"1957-01-01 1986-01-01",-4.29,5.84,30,"1957-01-01 1986-01-01",32.93,4.56,30,"1957-01-01 1986-01-01",-19.75,5.11,30,"1957-01-01 1986-01-01",52.18,6.74,30,"1957-01-01 1986-01-01",-16.2,5.4,30,"1957-01-01 1986-01-01",2.61,1.13,30,"1957-01-01 1986-01-01",13.19,7.93,30,"1957-01-01 1986-01-01",0.22,0.53,30,"1957-01-01 1986-01-01",18.26,10.68,30,"1957-01-01 1986-01-01",6.4,4.75,30,"1957-01-01 1986-01-01",,,,
1986-12-01,-9.4,3.89,30,"1956-12-01 1985-12-01",81.32,5.31,30,"1956-12-01 1985-12-01",-2.17,4.35,30,"1956-12-01 1985-12-01",33.22,4.17,30,"1956-12-01 1985-12-01",-17.59,4.15,30,"1956-12-01 1985-12-01",51.71,5.14,30,"1956-12-01 1985-12-01",-14.18,4.42,30,"1956-12-01 1985-12-01",2.49,1.33,30,"1956-12-01 1985-12-01",13.83,8.61,30,"1956-12-01 1985-12-01",0.03,0.1,30,"1956-12-01 1985-12-01",19.37,11.87,30,"1956-12-01 1985-12-01",5,3.76,30,"1956-12-01 1985-12-01",,,,
1986-11-01,-5.68,2.55,30,"1956-11-01 1985-11-01",82.21,5.68,30,"1956-11-01 1985-11-01",2.84,3.82,30,"1956-11-01 1985-11-01",31.11,3.87,30,"1956-11-01 1985-11-01",-12.84,2.92,30,"1956-11-01 1985-11-01",48.59,8.3,30,"1956-11-01 1985-11-01",-9.05,3.35,30,"1956-11-01 1985-11-01",2.2,1.03,30,"1956-11-01 1985-11-01",13.03,9.39,30,"1956-11-01 1985-11-01",0.34,0.7,30,"1956-11-01 1985-11-01",17.19,12.85,30,"1956-11-01 1985-11-01",2.5,2.96,30,"1956-11-01 1985-11-01",,,,
1986-10-01,0.23,1.21,30,"1956-10-01 1985-10-01",80.58,4.17,30,"1956-10-01 1985-10-01",12.2,2.48,30,"1956-10-01 1985-10-01",33.07,3.21,30,"1956-10-01 1985-10-01",-6.05,1.29,30,"1956-10-01 1985-10-01",38.72,5.98,30,"1956-10-01 1985-10-01",-1.35,1.73,30,"1956-10-01 1985-10-01",2.27,1.01,30,"1956-10-01 1985-10-01",17.65,11.69,30,"1956-10-01 1985-10-01",6.27,4.73,30,"1956-10-01 1985-10-01",13.53,11.99,30,"1956-10-01 1985-10-01",0.6,1.04,30,"1956-10-01 1985-10-01",,,,
1986-09-01,5.19,1.67,30,"1956-09-01 1985-09-01",84.42,4.59,30,"1956-09-01 1985-09-01",17.29,3.06,30,"1956-09-01 1985-09-01",32.13,3.42,30,"1956-09-01 1985-09-01",-0.28,1.74,30,"1956-09-01 1985-09-01",39.99,7.27,30,"1956-09-01 1985-09-01",3.65,1.68,30,"1956-09-01 1985-09-01",2.47,1.05,30,"1956-09-01 1985-09-01",43.75,28.88,30,"1956-09-01 1985-09-01",38.82,25.54,30,"1956-09-01 1985-09-01",5.94,9.79,30,"1956-09-01 1985-09-01",0.1,0.24,30,"1956-09-01 1985-09-01",,,,
1986-08-01,9.97,1.36,30,"1956-08-01 1985-08-01",84.91,5.52,30,"1956-08-01 1985-08-01",22.65,2.52,30,"1956-08-01 1985-08-01",30.55,2.75,30,"1956-08-01 1985-08-01",4.18,1.41,30,"1956-08-01 1985-08-01",37.82,6.05,30,"1956-08-01 1985-08-01",8.44,1.21,30,"1956-08-01 1985-08-01",1.84,1.04,30,"1956-08-01 1985-08-01",44.57,28.02,30,"1956-08-01 1985-08-01",44.57,28.02,30,"1956-08-01 1985-08-01",0,0,30,"1956-08-01 1985-08-01",0,0,30,"1956-08-01 1985-08-01",,,,
1986-07-01,10.75,1.34,30,"1956-07-01 1985-07-01",83.74,5.26,30,"1956-07-01 1985-07-01",23.49,1.45,30,"1956-07-01 1985-07-01",31.53,2.66,30,"1956-07-01 1985-07-01",4.69,1.43,30,"1956-07-01 1985-07-01",37.32,5.09,30,"1956-07-01 1985-07-01",9.48,0.91,30,"1956-07-01 1985-07-01",1.91,1.06,30,"1956-07-01 1985-07-01",64.64,30.51,30,"1956-07-01 1985-07-01",64.64,30.51,30,"1956-07-01 1985-07-01",0,0,30,"1956-07-01 1985-07-01",0,0,30,"1956-07-01 1985-07-01",,,,
1986-06-01,7.84,1.2,30,"1956-06-01 1985-06-01",81.94,5.43,30,"1956-06-01 1985-06-01",20.22,1.71,30,"1956-06-01 1985-06-01",34.08,2.44,30,"1956-06-01 1985-06-01",1.79,1.36,30,"1956-06-01 1985-06-01",37.66,5.11,30,"1956-06-01 1985-06-01",7.09,1.02,30,"1956-06-01 1985-06-01",2.69,1.27,30,"1956-06-01 1985-06-01",82.4,40.26,30,"1956-06-01 1985-06-01",82.13,40.25,30,"1956-06-01 1985-06-01",0.31,1.03,30,"1956-06-01 1985-06-01",0,0,30,"1956-06-01 1985-06-01",,,,
1986-05-01,3.22,1.22,30,"1956-05-01 1985-05-01",79.78,5.68,30,"1956-05-01 1985-05-01",16.31,1.88,30,"1956-05-01 1985-05-01",35.06,2.19,30,"1956-05-01 1985-05-01",-2.89,1.34,30,"1956-05-01 1985-05-01",35.5,4.61,30,"1956-05-01 1985-05-01",2.87,1.17,30,"1956-05-01 1985-05-01",3.22,1.31,30,"1956-05-01 1985-05-01",50.49,28.91,30,"1956-05-01 1985-05-01",41.22,25.17,30,"1956-05-01 1985-05-01",10.24,12.37,30,"1956-05-01 1985-05-01",0.2,0.36,30,"1956-05-01 1985-05-01",,,,
1986-04-01,-1.33,1.71,30,"1956-04-01 1985-04-01",81.78,7.34,30,"1956-04-01 1985-04-01",10.08,2.69,30,"1956-04-01 1985-04-01",34.85,3.07,30,"1956-04-01 1985-04-01",-7.69,2.13,30,"1956-04-01 1985-04-01",39,8.52,30,"1956-04-01 1985-04-01",-2.62,1.7,30,"1956-04-01 1985-04-01",3.16,1.13,30,"1956-04-01 1985-04-01",27.57,16.68,30,"1956-04-01 1985-04-01",9.05,13.54,30,"1956-04-01 1985-04-01",22.48,13.37,30,"1956-04-01 1985-04-01",1.1,1.1,30,"1956-04-01 1985-04-01",,,,
1986-03-01,-5.25,1.82,30,"1956-03-01 1985-03-01",85.36,4.93,30,"1956-03-01 1985-03-01",2.61,3.13,30,"1956-03-01 1985-03-01",32.38,3.05,30,"1956-03-01 1985-03-01",-12.33,2.15,30,"1956-03-01 1985-03-01",49.57,8.36,30,"1956-03-01 1985-03-01",-8.74,2.67,30,"1956-03-01 1985-03-01",2.72,1.04,30,"1956-03-01 1985-03-01",15.11,8.21,30,"1956-03-01 1985-03-01",1.45,4.78,30,"1956-03-01 1985-03-01",18.4,9.31,30,"1956-03-01 1985-03-01",3.8,3.73,30,"1956-03-01 1985-03-01",,,,
1986-02-01,-8.37,3.42,30,"1956-02-01 1985-02-01",82.15,6.01,30,"1956-02-01 1985-02-01",-1.23,4.64,30,"1956-02-01 1985-02-01",32.3,5.22,30,"1956-02-01 1985-02-01",-16.26,4.07,30,"1956-02-01 1985-02-01",52.7,8.97,30,"1956-02-01 1985-02-01",-12.69,4.37,30,"1956-02-01 1985-02-01",2.61,1.39,30,"1956-02-01 1985-02-01",11.77,7.32,30,"1956-02-01 1985-02-01",0.24,0.93,30,"1956-02-01 1985-02-01",15.76,9.62,30,"1956-02-01 1985-02-01",6.6,5.95,30,"1956-02-01 1985-02-01",,,,
1986-01-01,-11.49,4.49,30,"1956-01-01 1985-01-01",80.74,5.74,30,"1956-01-01 1985-01-01",-4.78,5.64,30,"1956-01-01 1985-01-01",32.89,4.62,30,"1956-01-01 1985-01-01",-20.11,4.9,30,"1956-01-01 1985-01-01",53,6.73,30,"1956-01-01 1985-01-01",-16.64,5.14,30,"1956-01-01 1985-01-01",2.64,1.09,30,"1956-01-01 1985-01-01",14.32,8.45,30,"1956-01-01 1985-01-01",0.21,0.53,30,"1956-01-01 1985-01-01",19.37,10.58,30,"1956-01-01 1985-01-01",7.1,5.24,30,"1956-01-01 1985-01-01",,,,
1985-12-01,-9.58,3.9,30,"1955-12-01 1984-12-01",81.68,5.09,30,"1955-12-01 1984-12-01",-2.49,4.33,30,"1955-12-01 1984-12-01",33.06,4.3,30,"1955-12-01 1984-12-01",-17.95,4.2,30,"1955-12-01 1984-12-01",52.23,5.03,30,"1955-12-01 1984-12-01",-14.57,4.42,30,"1955-12-01 1984-12-01",2.49,1.33,30,"1955-12-01 1984-12-01",14.81,9.59,30,"1955-12-01 1984-12-01",0.01,0.07,30,"1955-12-01 1984-12-01",20.11,12.32,30,"1955-12-01 1984-12-01",5.5,4.07,30,"1955-12-01 1984-12-01",,,,
1985-11-01,-5.65,2.46,30,"1955-11-01 1984-11-01",82.42,5.57,30,"1955-11-01 1984-11-01",2.84,3.82,30,"1955-11-01 1984-11-01",31.16,3.82,30,"1955-11-01 1984-11-01",-12.88,3.05,30,"1955-11-01 1984-11-01",48.68,8.35,30,"1955-11-01 1984-11-01",-9.09,3.46,30,"1955-11-01 1984-11-01",2.25,1.03,30,"1955-11-01 1984-11-01",12.96,9.41,30,"1955-11-01 1984-11-01",0.34,0.7,30,"1955-11-01 1984-11-01",16.84,12.92,30,"1955-11-01 1984-11-01",2.4,2.97,30,"1955-11-01 1984-11-01",,,,
1985-10-01,0.26,1.19,30,"1955-10-01 1984-10-01",80.78,4.1,30,"1955-10-01 1984-10-01",12.24,2.46,30,"1955-10-01 1984-10-01",33.17,3.32,30,"1955-10-01 1984-10-01",-6.02,1.28,30,"1955-10-01 1984-10-01",38.7,5.98,30,"1955-10-01 1984-10-01",-1.34,1.73,30,"1955-10-01 1984-10-01",2.28,1.02,30,"1955-10-01 1984-10-01",17.25,11.92,30,"1955-10-01 1984-10-01",6.05,4.79,30,"1955-10-01 1984-10-01",13.25,12.13,30,"1955-10-01 1984-10-01",0.6,1.05,30,"1955-10-01 1984-10-01",,,,
1985-09-01,5.28,1.64,30,"1955-09-01 1984-09-01",84.48,4.64,30,"1955-09-01 1984-09-01",17.39,2.94,30,"1955-09-01 1984-09-01",32,3.44,30,"1955-09-01 1984-09-01",-0.24,1.72,30,"1955-09-01 1984-09-01",39.89,7.17,30,"1955-09-01 1984-09-01",3.7,1.63,30,"1955-09-01 1984-09-01",2.46,1.04,30,"1955-09-01 1984-09-01",41.65,25.02,30,"1955-09-01 1984-09-01",36.55,21.9,30,"1955-09-01 1984-09-01",6.12,9.98,30,"1955-09-01 1984-09-01",0.1,0.25,30,"1955-09-01 1984-09-01",,,,
1985-08-01,9.98,1.35,30,"1955-08-01 1984-08-01",84.88,5.52,30,"1955-08-01 1984-08-01",22.74,2.5,30,"1955-08-01 1984-08-01",30.37,2.7,30,"1955-08-01 1984-08-01",4.18,1.41,30,"1955-08-01 1984-08-01",37.5,6.16,30,"1955-08-01 1984-08-01",8.42,1.23,30,"1955-08-01 1984-08-01",1.82,1.02,30,"1955-08-01 1984-08-01",42.65,28.44,30,"1955-08-01 1984-08-01",42.65,28.44,30,"1955-08-01 1984-08-01",0,0,30,"1955-08-01 1984-08-01",0,0,30,"1955-08-01 1984-08-01",,,,
1985-07-01,10.86,1.38,30,"1955-07-01 1984-07-01",84.19,5.27,30,"1955-07-01 1984-07-01",23.37,1.39,30,"1955-07-01 1984-07-01",31.43,2.66,30,"1955-07-01 1984-07-01",4.8,1.48,30,"1955-07-01 1984-07-01",37.9,5.21,30,"1955-07-01 1984-07-01",9.46,0.89,30,"1955-07-01 1984-07-01",1.96,1.06,30,"1955-07-01 1984-07-01",65.23,30.46,30,"1955-07-01 1984-07-01",65.23,30.46,30,"1955-07-01 1984-07-01",0,0,30,"1955-07-01 1984-07-01",0,0,30,"1955-07-01 1984-07-01",,,,
1985-06-01,7.89,1.15,30,"1955-06-01 1984-06-01",82.12,5.34,30,"1955-06-01 1984-06-01",20.24,1.71,30,"1955-06-01 1984-06-01",33.93,2.44,30,"1955-06-01 1984-06-01",1.85,1.29,30,"1955-06-01 1984-06-01",37.67,5.09,30,"1955-06-01 1984-06-01",7.13,0.98,30,"1955-06-01 1984-06-01",2.79,1.3,30,"1955-06-01 1984-06-01",81.54,41.39,30,"1955-06-01 1984-06-01",81.27,41.38,30,"1955-06-01 1984-06-01",0.31,1.03,30,"1955-06-01 1984-06-01",0,0,30,"1955-06-01 1984-06-01",,,,
1985-05-01,3.21,1.22,30,"1955-05-01 1984-05-01",80.43,5.09,30,"1955-05-01 1984-05-01",16.11,1.93,30,"1955-05-01 1984-05-01",35.06,2.19,30,"1955-05-01 1984-05-01",-2.88,1.34,30,"1955-05-01 1984-05-01",35.98,4.78,30,"1955-05-01 1984-05-01",2.76,1.14,30,"1955-05-01 1984-05-01",3.32,1.32,30,"1955-05-01 1984-05-01",52.05,28.58,30,"1955-05-01 1984-05-01",41.91,24.91,30,"1955-05-01 1984-05-01",11.12,12.57,30,"1955-05-01 1984-05-01",0.2,0.36,30,"1955-05-01 1984-05-01",,,,
1985-04-01,-1.34,1.71,30,"1955-04-01 1984-04-01",82.09,7.38,30,"1955-04-01 1984-04-01",9.94,2.72,30,"1955-04-01 1984-04-01",34.73,3.08,30,"1955-04-01 1984-04-01",-7.71,2.12,30,"1955-04-01 1984-04-01",39.34,8.61,30,"1955-04-01 1984-04-01",-2.69,1.68,30,"1955-04-01 1984-04-01",3.17,1.14,30,"1955-04-01 1984-04-01",28.89,17.87,30,"1955-04-01 1984-04-01",8.94,13.6,30,"1955-04-01 1984-04-01",23.82,15.28,30,"1955-04-01 1984-04-01",1.1,1.14,30,"1955-04-01 1984-04-01",,,,
1985-03-01,-5.35,1.94,30,"1955-03-01 1984-03-01",85.77,4.28,30,"1955-03-01 1984-03-01",2.34,3.25,30,"1955-03-01 1984-03-01",32.52,3.11,30,"1955-03-01 1984-03-01",-12.51,2.38,30,"1955-03-01 1984-03-01",49.99,8.07,30,"1955-03-01 1984-03-01",-9.02,2.82,30,"1955-03-01 1984-03-01",2.8,1.09,30,"1955-03-01 1984-03-01",15.97,8.22,30,"1955-03-01 1984-03-01",1.45,4.78,30,"1955-03-01 1984-03-01",19.2,9.12,30,"1955-03-01 1984-03-01",3.9,3.69,30,"1955-03-01 1984-03-01",,,,
1985-02-01,-8.29,3.36,30,"1955-02-01 1984-02-01",82.62,5.76,30,"1955-02-01 1984-02-01",-1.24,4.64,30,"1955-02-01 1984-02-01",32.3,5.22,30,"1955-02-01 1984-02-01",-16.23,4.05,30,"1955-02-01 1984-02-01",53.1,8.75,30,"1955-02-01 1984-02-01",-12.72,4.38,30,"1955-02-01 1984-02-01",2.6,1.38,30,"1955-02-01 1984-02-01",12.22,7.95,30,"1955-02-01 1984-02-01",0.24,0.93,30,"1955-02-01 1984-02-01",16.06,9.9,30,"1955-02-01 1984-02-01",6.7,5.94,30,"1955-02-01 1984-02-01",,,,
1985-01-01,-11.46,4.52,30,"1955-01-01 1984-01-01",81.05,5.67,30,"1955-01-01 1984-01-01",-4.85,5.58,30,"1955-01-01 1984-01-01",32.87,4.63,30,"1955-01-01 1984-01-01",-20.13,4.88,30,"1955-01-01 1984-01-01",53.27,6.53,30,"1955-01-01 1984-01-01",-16.65,5.12,30,"1955-01-01 1984-01-01",2.66,1.09,30,"1955-01-01 1984-01-01",14.4,8.36,30,"1955-01-01 1984-01-01",0.21,0.53,30,"1955-01-01 1984-01-01",19.34,10.61,30,"1955-01-01 1984-01-01",7,5.25,30,"1955-01-01 1984-01-01",,,,
1984-12-01,-9.24,3.81,30,"1954-12-01 1983-12-01",81.78,4.96,30,"1954-12-01 1983-12-01",-2.14,4.42,30,"1954-12-01 1983-12-01",33.27,4.39,30,"1954-12-01 1983-12-01",-17.65,4.16,30,"1954-12-01 1983-12-01",52.1,5.3,30,"1954-12-01 1983-12-01",-14.22,4.5,30,"1954-12-01 1983-12-01",2.59,1.44,30,"1954-12-01 1983-12-01",14.62,9.8,30,"1954-12-01 1983-12-01",0.01,0.07,30,"1954-12-01 1983-12-01",19.74,12.7,30,"1954-12-01 1983-12-01",5.6,4.08,29,"1955-12-01 1983-12-01",,,,
1984-11-01,-5.43,2.63,30,"1954-11-01 1983-11-01",82.33,5.56,30,"1954-11-01 1983-11-01",3.16,4,30,"1954-11-01 1983-11-01",31.41,3.74,30,"1954-11-01 1983-11-01",-12.66,3.25,30,"1954-11-01 1983-11-01",48.36,8.36,30,"1954-11-01 1983-11-01",-8.79,3.64,30,"1954-11-01 1983-11-01",2.34,0.97,30,"1954-11-01 1983-11-01",12.9,9.47,30,"1954-11-01 1983-11-01",0.33,0.7,30,"1954-11-01 1983-11-01",16.71,13.03,30,"1954-11-01 1983-11-01",2.5,3.01,29,"1955-11-01 1983-11-01",,,,
1984-10-01,0.33,1.09,30,"1954-10-01 1983-10-01",80.76,4.1,30,"1954-10-01 1983-10-01",12.41,2.29,30,"1954-10-01 1983-10-01",33.13,3.31,30,"1954-10-01 1983-10-01",-5.97,1.19,30,"1954-10-01 1983-10-01",38.3,5.97,30,"1954-10-01 1983-10-01",-1.28,1.68,30,"1954-10-01 1983-10-01",2.26,1,30,"1954-10-01 1983-10-01",16.79,12.13,30,"1954-10-01 1983-10-01",5.91,4.9,30,"1954-10-01 1983-10-01",12.77,12.18,30,"1954-10-01 1983-10-01",0.6,1.04,29,"1955-10-01 1983-10-01",,,,
1984-09-01,5.42,1.58,30,"1954-09-01 1983-09-01",84.71,4.67,30,"1954-09-01 1983-09-01",17.45,2.88,30,"1954-09-01 1983-09-01",31.9,3.51,30,"1954-09-01 1983-09-01",-0.11,1.69,30,"1954-09-01 1983-09-01",40.14,7.42,30,"1954-09-01 1983-09-01",3.78,1.58,30,"1954-09-01 1983-09-01",2.46,1.05,30,"1954-09-01 1983-09-01",38.99,21.84,30,"1954-09-01 1983-09-01",34.37,19.47,30,"1954-09-01 1983-09-01",5.52,9.64,30,"1954-09-01 1983-09-01",0.1,0.25,29,"1955-09-01 1983-09-01",,,,
1984-08-01,10.13,1.3,30,"1954-08-01 1983-08-01",85.92,4.31,30,"1954-08-01 1983-08-01",22.51,2.54,30,"1954-08-01 1983-08-01",30.09,2.71,30,"1954-08-01 1983-08-01",4.37,1.38,30,"1954-08-01 1983-08-01",38.47,6.58,30,"1954-08-01 1983-08-01",8.42,1.22,30,"1954-08-01 1983-08-01",1.89,1.04,30,"1954-08-01 1983-08-01",50.05,44.81,30,"1954-08-01 1983-08-01",50.05,44.81,30,"1954-08-01 1983-08-01",0,0,30,"1954-08-01 1983-08-01",0,0,29,"1955-08-01 1983-08-01",,,,
1984-07-01,10.97,1.22,30,"1954-07-01 1983-07-01",84.87,4.03,30,"1954-07-01 1983-07-01",23.31,1.35,30,"1954-07-01 1983-07-01",31.31,2.65,30,"1954-07-01 1983-07-01",4.86,1.4,30,"1954-07-01 1983-07-01",38.11,4.95,30,"1954-07-01 1983-07-01",9.42,0.9,30,"1954-07-01 1983-07-01",1.96,1.06,30,"1954-07-01 1983-07-01",65.08,30.67,30,"1954-07-01 1983-07-01",65.08,30.67,30,"1954-07-01 1983-07-01",0,0,30,"1954-07-01 1983-07-01",0,0,29,"1955-07-01 1983-07-01",,,,
1984-06-01,7.92,1.11,30,"1954-06-01 1983-06-01",82.79,4.87,30,"1954-06-01 1983-06-01",20.14,1.82,30,"1954-06-01 1983-06-01",33.92,2.44,30,"1954-06-01 1983-06-01",1.87,1.27,30,"1954-06-01 1983-06-01",37.93,5.23,30,"1954-06-01 1983-06-01",7.09,1,30,"1954-06-01 1983-06-01",2.84,1.32,30,"1954-06-01 1983-06-01",81.93,41.37,30,"1954-06-01 1983-06-01",81.66,41.36,30,"1954-06-01 1983-06-01",0.31,1.03,30,"1954-06-01 1983-06-01",0,0,29,"1955-06-01 1983-06-01",,,,
1984-05-01,3.3,1.21,30,"1954-05-01 1983-05-01",80.94,5.07,30,"1954-05-01 1983-05-01",16.06,1.96,30,"1954-05-01 1983-05-01",34.92,2.26,30,"1954-05-01 1983-05-01",-2.77,1.33,30,"1954-05-01 1983-05-01",36.32,4.95,30,"1954-05-01 1983-05-01",2.77,1.14,30,"1954-05-01 1983-05-01",3.41,1.32,30,"1954-05-01 1983-05-01",51.8,28.49,30,"1954-05-01 1983-05-01",41.91,24.91,30,"1954-05-01 1983-05-01",10.86,12.71,30,"1954-05-01 1983-05-01",0.2,0.36,29,"1955-05-01 1983-05-01",,,,
1984-04-01,-1.39,1.79,30,"1954-04-01 1983-04-01",82.85,6.83,30,"1954-04-01 1983-04-01",9.58,3.12,30,"1954-04-01 1983-04-01",34.76,3.06,30,"1954-04-01 1983-04-01",-7.82,2.29,30,"1954-04-01 1983-04-01",40.21,8.8,30,"1954-04-01 1983-04-01",-2.93,1.97,30,"1954-04-01 1983-04-01",3.21,1.14,30,"1954-04-01 1983-04-01",29.72,17.8,30,"1954-04-01 1983-04-01",8.5,13.62,30,"1954-04-01 1983-04-01",25.1,14.91,30,"1954-04-01 1983-04-01",1.2,1.14,29,"1955-04-01 1983-04-01",,,,
1984-03-01,-5.41,1.95,30,"1954-03-01 1983-03-01",86.17,4.01,30,"1954-03-01 1983-03-01",2.14,3.33,30,"1954-03-01 1983-03-01",32.62,2.99,30,"1954-03-01 1983-03-01",-12.6,2.4,30,"1954-03-01 1983-03-01",50.46,8.26,30,"1954-03-01 1983-03-01",-9.15,2.83,30,"1954-03-01 1983-03-01",2.83,1.08,30,"1954-03-01 1983-03-01",16.52,9.02,30,"1954-03-01 1983-03-01",1.27,4.73,30,"1954-03-01 1983-03-01",19.73,9.66,30,"1954-03-01 1983-03-01",4,3.72,29,"1955-03-01 1983-03-01",,,,
1984-02-01,-8.21,3.43,30,"1954-02-01 1983-02-01",83.21,4.79,30,"1954-02-01 1983-02-01",-1.35,4.48,30,"1954-02-01 1983-02-01",32.7,5.39,30,"1954-02-01 1983-02-01",-16.18,4.11,30,"1954-02-01 1983-02-01",53.69,7.94,30,"1954-02-01 1983-02-01",-12.74,4.34,30,"1954-02-01 1983-02-01",2.74,1.39,30,"1954-02-01 1983-02-01",12.97,8.08,30,"1954-02-01 1983-02-01",0.24,0.93,30,"1954-02-01 1983-02-01",16.81,9.71,30,"1954-02-01 1983-02-01",6.9,5.91,29,"1955-02-01 1983-02-01",,,,
1984-01-01,-11.81,4.57,30,"1954-01-01 1983-01-01",81.37,5.35,30,"1954-01-01 1983-01-01",-5.38,5.66,30,"1954-01-01 1983-01-01",32.74,4.61,30,"1954-01-01 1983-01-01",-20.65,5.09,30,"1954-01-01 1983-01-01",53.54,6.31,30,"1954-01-01 1983-01-01",-17.18,5.14,30,"1954-01-01 1983-01-01",2.65,1.09,30,"1954-01-01 1983-01-01",15.54,9.88,30,"1954-01-01 1983-01-01",0.2,0.53,30,"1954-01-01 1983-01-01",20.38,11.44,30,"1954-01-01 1983-01-01",7.2,5.29,29,"1955-01-01 1983-01-01",,,,
1983-12-01,-8.77,3.48,30,"1953-12-01 1982-12-01",82.3,4.24,30,"1953-12-01 1982-12-01",-1.68,4.23,30,"1953-12-01 1982-12-01",33.67,4.16,30,"1953-12-01 1982-12-01",-17.19,3.85,30,"1953-12-01 1982-12-01",52.19,5.27,30,"1953-12-01 1982-12-01",-13.73,4.27,30,"1953-12-01 1982-12-01",2.67,1.43,30,"1953-12-01 1982-12-01",15.17,10.18,30,"1953-12-01 1982-12-01",0.01,0.07,30,"1953-12-01 1982-12-01",20,12.82,30,"1953-12-01 1982-12-01",5.4,4.09,28,"1955-12-01 1982-12-01",,,,
1983-11-01,-5.3,2.75,30,"1953-11-01 1982-11-01",82.62,5.51,30,"1953-11-01 1982-11-01",3.29,4.07,30,"1953-11-01 1982-11-01",31.54,3.71,30,"1953-11-01 1982-11-01",-12.55,3.34,30,"1953-11-01 1982-11-01",48.31,8.35,30,"1953-11-01 1982-11-01",-8.7,3.7,30,"1953-11-01 1982-11-01",2.34,0.97,30,"1953-11-01 1982-11-01",12.79,9.51,30,"1953-11-01 1982-11-01",0.32,0.7,30,"1953-11-01 1982-11-01",16.49,13.13,30,"1953-11-01 1982-11-01",2.5,3.06,28,"1955-11-01 1982-11-01",,,,
1983-10-01,0.46,1.18,30,"1953-10-01 1982-10-01",81.05,3.83,30,"1953-10-01 1982-10-01",12.49,2.37,30,"1953-10-01 1982-10-01",33.3,3.26,30,"1953-10-01 1982-10-01",-5.85,1.29,30,"1953-10-01 1982-10-01",38.4,5.92,30,"1953-10-01 1982-10-01",-1.19,1.73,30,"1953-10-01 1982-10-01",2.31,0.97,30,"1953-10-01 1982-10-01",16.67,12.27,30,"1953-10-01 1982-10-01",5.82,4.97,30,"1953-10-01 1982-10-01",12.74,12.21,30,"1953-10-01 1982-10-01",0.6,1.06,28,"1955-10-01 1982-10-01",,,,
1983-09-01,5.59,1.5,30,"1953-09-01 1982-09-01",85.25,4.08,30,"1953-09-01 1982-09-01",17.47,2.88,30,"1953-09-01 1982-09-01",31.74,3.39,30,"1953-09-01 1982-09-01",0.05,1.57,30,"1953-09-01 1982-09-01",40.47,7.25,30,"1953-09-01 1982-09-01",3.83,1.56,30,"1953-09-01 1982-09-01",2.44,1.04,30,"1953-09-01 1982-09-01",39.37,21.53,30,"1953-09-01 1982-09-01",34.96,18.99,30,"1953-09-01 1982-09-01",5.31,9.69,30,"1953-09-01 1982-09-01",0.1,0.25,28,"1955-09-01 1982-09-01",,,,
1983-08-01,10.23,1.41,30,"1953-08-01 1982-08-01",86.48,3.87,30,"1953-08-01 1982-08-01",22.37,2.42,30,"1953-08-01 1982-08-01",30.08,2.72,30,"1953-08-01 1982-08-01",4.45,1.45,30,"1953-08-01 1982-08-01",39.13,6.57,30,"1953-08-01 1982-08-01",8.38,1.2,30,"1953-08-01 1982-08-01",1.9,1.03,30,"1953-08-01 1982-08-01",50.48,44.8,30,"1953-08-01 1982-08-01",50.48,44.8,30,"1953-08-01 1982-08-01",0,0,30,"1953-08-01 1982-08-01",0,0,28,"1955-08-01 1982-08-01",,,,
1983-07-01,11.05,1.24,30,"1953-07-01 1982-07-01",85.28,3.92,30,"1953-07-01 1982-07-01",23.27,1.37,30,"1953-07-01 1982-07-01",31.22,2.65,30,"1953-07-01 1982-07-01",4.95,1.43,30,"1953-07-01 1982-07-01",38.47,5.16,30,"1953-07-01 1982-07-01",9.42,0.9,30,"1953-07-01 1982-07-01",1.97,1.07,30,"1953-07-01 1982-07-01",65.31,30.65,30,"1953-07-01 1982-07-01",65.31,30.65,30,"1953-07-01 1982-07-01",0,0,30,"1953-07-01 1982-07-01",0,0,28,"1955-07-01 1982-07-01",,,,
1983-06-01,8,1.13,30,"1953-06-01 1982-06-01",83.39,4.98,30,"1953-06-01 1982-06-01",20.04,1.91,30,"1953-06-01 1982-06-01",33.71,2.67,30,"1953-06-01 1982-06-01",1.96,1.35,30,"1953-06-01 1982-06-01",38.45,6.08,30,"1953-06-01 1982-06-01",7.05,0.98,30,"1953-06-01 1982-06-01",2.75,1.24,30,"1953-06-01 1982-06-01",85.32,42.57,30,"1953-06-01 1982-06-01",85.04,42.59,30,"1953-06-01 1982-06-01",0.31,1.03,30,"1953-06-01 1982-06-01",0,0,28,"1955-06-01 1982-06-01",,,,
1983-05-01,3.39,1.24,30,"1953-05-01 1982-05-01",81.49,5.09,30,"1953-05-01 1982-05-01",15.96,1.98,30,"1953-05-01 1982-05-01",34.67,2.49,30,"1953-05-01 1982-05-01",-2.68,1.41,30,"1953-05-01 1982-05-01",36.86,5.38,30,"1953-05-01 1982-05-01",2.76,1.14,30,"1953-05-01 1982-05-01",3.41,1.32,30,"1953-05-01 1982-05-01",52.95,27.44,30,"1953-05-01 1982-05-01",43.06,24.1,30,"1953-05-01 1982-05-01",10.86,12.71,30,"1953-05-01 1982-05-01",0.2,0.37,28,"1955-05-01 1982-05-01",,,,
1983-04-01,-1.41,1.79,30,"1953-04-01 1982-04-01",83.22,6.94,30,"1953-04-01 1982-04-01",9.34,3.3,30,"1953-04-01 1982-04-01",34.67,3.2,30,"1953-04-01 1982-04-01",-7.85,2.27,30,"1953-04-01 1982-04-01",40.85,9.53,30,"1953-04-01 1982-04-01",-3.02,1.98,30,"1953-04-01 1982-04-01",3.24,1.14,30,"1953-04-01 1982-04-01",30.45,19.23,30,"1953-04-01 1982-04-01",8.67,13.95,30,"1953-04-01 1982-04-01",25.49,15.11,30,"1953-04-01 1982-04-01",1.2,1.16,28,"1955-04-01 1982-04-01",,,,
1983-03-01,-5.38,1.98,30,"1953-03-01 1982-03-01",86.31,4.14,30,"1953-03-01 1982-03-01",2.17,3.34,30,"1953-03-01 1982-03-01",32.79,2.9,30,"1953-03-01 1982-03-01",-12.62,2.38,30,"1953-03-01 1982-03-01",50.23,8.04,30,"1953-03-01 1982-03-01",-9.17,2.82,30,"1953-03-01 1982-03-01",2.81,1.08,30,"1953-03-01 1982-03-01",16.44,8.97,30,"1953-03-01 1982-03-01",1.05,4.63,30,"1953-03-01 1982-03-01",19.68,9.65,30,"1953-03-01 1982-03-01",4,3.78,28,"1955-03-01 1982-03-01",,,,
1983-02-01,-8.17,3.49,30,"1953-02-01 1982-02-01",83.5,5,30,"1953-02-01 1982-02-01",-1.43,4.4,30,"1953-02-01 1982-02-01",32.95,5.26,30,"1953-02-01 1982-02-01",-16.27,4.01,30,"1953-02-01 1982-02-01",53.87,7.98,30,"1953-02-01 1982-02-01",-12.81,4.27,30,"1953-02-01 1982-02-01",2.77,1.37,30,"1953-02-01 1982-02-01",14.08,9.18,30,"1953-02-01 1982-02-01",0.27,0.97,30,"1953-02-01 1982-02-01",17.83,10.12,30,"1953-02-01 1982-02-01",7.1,5.88,28,"1955-02-01 1982-02-01",,,,
1983-01-01,-11.93,4.47,30,"1953-01-01 1982-01-01",81.73,5.81,30,"1953-01-01 1982-01-01",-5.64,5.47,30,"1953-01-01 1982-01-01",32.87,4.53,30,"1953-01-01 1982-01-01",-20.79,4.98,30,"1953-01-01 1982-01-01",54.22,6.7,30,"1953-01-01 1982-01-01",-17.36,5.04,30,"1953-01-01 1982-01-01",2.68,1.07,30,"1953-01-01 1982-01-01",16.06,9.92,30,"1953-01-01 1982-01-01",0.21,0.53,30,"1953-01-01 1982-01-01",20.81,11.33,30,"1953-01-01 1982-01-01",7.4,5.26,28,"1955-01-01 1982-01-01",,,,
1982-12-01,-8.83,3.53,29,"1953-12-01 1981-12-01",82.33,4.31,29,"1953-12-01 1981-12-01",-1.62,4.28,30,"1952-12-01 1981-12-01",33.77,4.2,29,"1953-12-01 1981-12-01",-17.32,3.85,29,"1953-12-01 1981-12-01",52.28,5.33,29,"1953-12-01 1981-12-01",-13.7,4.3,30,"1952-12-01 1981-12-01",2.72,1.44,29,"1953-12-01 1981-12-01",14.93,10.43,30,"1952-12-01 1981-12-01",0.01,0.07,30,"1952-12-01 1981-12-01",19.71,13.15,30,"1952-12-01 1981-12-01",5.6,4.08,27,"1955-12-01 1981-12-01",,,,
1982-11-01,-5.24,2.77,29,"1953-11-01 1981-11-01",82.59,5.6,29,"1953-11-01 1981-11-01",3.43,4.09,30,"1952-11-01 1981-11-01",31.77,3.55,29,"1953-11-01 1981-11-01",-12.48,3.37,29,"1953-11-01 1981-11-01",48.4,8.48,29,"1953-11-01 1981-11-01",-8.51,3.69,30,"1952-11-01 1981-11-01",2.39,0.95,29,"1953-11-01 1981-11-01",12.8,9.51,30,"1952-11-01 1981-11-01",0.32,0.7,30,"1952-11-01 1981-11-01",16.42,13.18,30,"1952-11-01 1981-11-01",2.5,3.11,27,"1955-11-01 1981-11-01",,,,
1982-10-01,0.45,1.2,29,"1953-10-01 1981-10-01",81.21,3.79,29,"1953-10-01 1981-10-01",12.54,2.41,30,"1952-10-01 1981-10-01",33.47,3.18,29,"1953-10-01 1981-10-01",-5.88,1.31,29,"1953-10-01 1981-10-01",38.48,6.01,29,"1953-10-01 1981-10-01",-1.16,1.74,30,"1952-10-01 1981-10-01",2.34,0.97,29,"1953-10-01 1981-10-01",16.84,12.13,30,"1952-10-01 1981-10-01",6.08,4.91,30,"1952-10-01 1981-10-01",12.6,12.33,30,"1952-10-01 1981-10-01",0.6,1.07,27,"1955-10-01 1981-10-01",,,,
1982-09-01,5.57,1.52,29,"1953-09-01 1981-09-01",85.27,4.15,29,"1953-09-01 1981-09-01",17.52,2.89,30,"1952-09-01 1981-09-01",31.86,3.39,29,"1953-09-01 1981-09-01",0.02,1.59,29,"1953-09-01 1981-09-01",40.4,7.36,29,"1953-09-01 1981-09-01",3.83,1.57,30,"1952-09-01 1981-09-01",2.47,1.04,29,"1953-09-01 1981-09-01",37.97,21.33,30,"1952-09-01 1981-09-01",33.75,18.71,30,"1952-09-01 1981-09-01",5.07,9.73,30,"1952-09-01 1981-09-01",0.1,0.26,27,"1955-09-01 1981-09-01",,,,
1982-08-01,10.25,1.43,29,"1953-08-01 1981-08-01",86.45,3.93,29,"1953-08-01 1981-08-01",22.32,2.44,30,"1952-08-01 1981-08-01",30.12,2.75,29,"1953-08-01 1981-08-01",4.45,1.47,29,"1953-08-01 1981-08-01",39.14,6.68,29,"1953-08-01 1981-08-01",8.4,1.19,30,"1952-08-01 1981-08-01",1.91,1.05,29,"1953-08-01 1981-08-01",50.89,44.61,30,"1952-08-01 1981-08-01",50.89,44.61,30,"1952-08-01 1981-08-01",0,0,30,"1952-08-01 1981-08-01",0,0,27,"1955-08-01 1981-08-01",,,,
1982-07-01,11.03,1.25,29,"1953-07-01 1981-07-01",85.29,3.99,29,"1953-07-01 1981-07-01",23.24,1.4,30,"1952-07-01 1981-07-01",31.31,2.65,29,"1953-07-01 1981-07-01",4.93,1.45,29,"1953-07-01 1981-07-01",38.3,5.17,29,"1953-07-01 1981-07-01",9.4,0.9,30,"1952-07-01 1981-07-01",2,1.08,29,"1953-07-01 1981-07-01",65.4,30.68,30,"1952-07-01 1981-07-01",65.4,30.68,30,"1952-07-01 1981-07-01",0,0,30,"1952-07-01 1981-07-01",0,0,27,"1955-07-01 1981-07-01",,,,
1982-06-01,7.95,1.13,29,"1953-06-01 1981-06-01",83.35,5.07,29,"1953-06-01 1981-06-01",19.97,1.94,30,"1952-06-01 1981-06-01",33.88,2.54,29,"1953-06-01 1981-06-01",1.87,1.3,29,"1953-06-01 1981-06-01",38.26,6.09,29,"1953-06-01 1981-06-01",7.02,0.97,30,"1952-06-01 1981-06-01",2.79,1.25,29,"1953-06-01 1981-06-01",87.33,44,30,"1952-06-01 1981-06-01",87.05,44.02,30,"1952-06-01 1981-06-01",0.31,1.03,30,"1952-06-01 1981-06-01",0,0,27,"1955-06-01 1981-06-01",,,,
1982-05-01,3.45,1.22,29,"1953-05-01 1981-05-01",81.58,5.16,29,"1953-05-01 1981-05-01",16.01,1.98,30,"1952-05-01 1981-05-01",34.69,2.53,29,"1953-05-01 1981-05-01",-2.63,1.4,29,"1953-05-01 1981-05-01",36.98,5.43,29,"1953-05-01 1981-05-01",2.82,1.13,30,"1952-05-01 1981-05-01",3.44,1.33,29,"1953-05-01 1981-05-01",51.75,26.94,30,"1952-05-01 1981-05-01",42.64,23.94,30,"1952-05-01 1981-05-01",10,12.55,30,"1952-05-01 1981-05-01",0.2,0.35,27,"1955-05-01 1981-05-01",,,,
1982-04-01,-1.25,1.57,29,"1953-04-01 1981-04-01",83.7,6.55,29,"1953-04-01 1981-04-01",9.55,3.37,30,"1952-04-01 1981-04-01",34.68,3.25,29,"1953-04-01 1981-04-01",-7.68,2.09,29,"1953-04-01 1981-04-01",41.08,9.61,29,"1953-04-01 1981-04-01",-2.84,2.02,30,"1952-04-01 1981-04-01",3.25,1.16,29,"1953-04-01 1981-04-01",30.76,19,30,"1952-04-01 1981-04-01",9.18,13.91,30,"1952-04-01 1981-04-01",25.15,15.42,30,"1952-04-01 1981-04-01",1.1,1.15,27,"1955-04-01 1981-04-01",,,,
1982-03-01,-5.33,1.99,29,"1953-03-01 1981-03-01",86.48,4.09,29,"1953-03-01 1981-03-01",2.11,3.4,30,"1952-03-01 1981-03-01",32.91,2.88,29,"1953-03-01 1981-03-01",-12.58,2.41,29,"1953-03-01 1981-03-01",50.17,8.17,29,"1953-03-01 1981-03-01",-9.26,2.89,30,"1952-03-01 1981-03-01",2.83,1.09,29,"1953-03-01 1981-03-01",16.72,9.43,30,"1952-03-01 1981-03-01",1.06,4.62,30,"1952-03-01 1981-03-01",19.62,9.55,30,"1952-03-01 1981-03-01",4,3.85,27,"1955-03-01 1981-03-01",,,,
1982-02-01,-8.03,3.46,29,"1953-02-01 1981-02-01",83.79,4.83,29,"1953-02-01 1981-02-01",-1.28,4.33,30,"1952-02-01 1981-02-01",32.93,5.35,29,"1953-02-01 1981-02-01",-16.12,3.99,29,"1953-02-01 1981-02-01",53.96,8.1,29,"1953-02-01 1981-02-01",-12.69,4.22,30,"1952-02-01 1981-02-01",2.67,1.29,29,"1953-02-01 1981-02-01",14.77,9.65,30,"1952-02-01 1981-02-01",0.27,0.97,30,"1952-02-01 1981-02-01",18.37,10.38,30,"1952-02-01 1981-02-01",7.1,5.98,27,"1955-02-01 1981-02-01",,,,
1982-01-01,-11.66,4.3,29,"1953-01-01 1981-01-01",82.09,5.58,29,"1953-01-01 1981-01-01",-5.53,5.36,30,"1952-01-01 1981-01-01",32.89,4.6,29,"1953-01-01 1981-01-01",-20.48,4.78,29,"1953-01-01 1981-01-01",54.37,6.77,29,"1953-01-01 1981-01-01",-17.2,4.85,30,"1952-01-01 1981-01-01",2.58,0.94,29,"1953-01-01 1981-01-01",15.73,9.86,30,"1952-01-01 1981-01-01",0.21,0.53,30,"1952-01-01 1981-01-01",20.3,11.35,30,"1952-01-01 1981-01-01",7.4,5.36,27,"1955-01-01 1981-01-01",,,,
1981-12-01,-8.75,3.57,28,"1953-12-01 1980-12-01",82.61,4.11,28,"1953-12-01 1980-12-01",-1.77,4.37,30,"1951-12-01 1980-12-01",33.94,4.18,28,"1953-12-01 1980-12-01",-17.28,3.91,28,"1953-12-01 1980-12-01",52.59,5.17,28,"1953-12-01 1980-12-01",-13.81,4.34,30,"1951-12-01 1980-12-01",2.69,1.45,28,"1953-12-01 1980-12-01",16.09,11.08,30,"1951-12-01 1980-12-01",0.06,0.24,30,"1951-12-01 1980-12-01",20.8,13.25,30,"1951-12-01 1980-12-01",5.8,4.03,26,"1955-12-01 1980-12-01",,,,
1981-11-01,-5.31,2.8,28,"1953-11-01 1980-11-01",82.85,5.53,28,"1953-11-01 1980-11-01",3.25,3.99,30,"1951-11-01 1980-11-01",31.85,3.59,28,"1953-11-01 1980-11-01",-12.6,3.38,28,"1953-11-01 1980-11-01",48.7,8.47,28,"1953-11-01 1980-11-01",-8.6,3.62,30,"1951-11-01 1980-11-01",2.34,0.93,28,"1953-11-01 1980-11-01",12.8,9.51,30,"1951-11-01 1980-11-01",0.34,0.7,30,"1951-11-01 1980-11-01",16.36,13.22,30,"1951-11-01 1980-11-01",2.6,3.14,26,"1955-11-01 1980-11-01",,,,
1981-10-01,0.45,1.22,28,"1953-10-01 1980-10-01",81.25,3.85,28,"1953-10-01 1980-10-01",12.32,2.78,30,"1951-10-01 1980-10-01",33.65,3.09,28,"1953-10-01 1980-10-01",-5.93,1.3,28,"1953-10-01 1980-10-01",38.27,6.01,28,"1953-10-01 1980-10-01",-1.28,1.81,30,"1951-10-01 1980-10-01",2.27,0.92,28,"1953-10-01 1980-10-01",17.61,14.06,30,"1951-10-01 1980-10-01",6,4.68,30,"1951-10-01 1980-10-01",13.48,13.43,30,"1951-10-01 1980-10-01",0.6,1.09,26,"1955-10-01 1980-10-01",,,,
1981-09-01,5.58,1.55,28,"1953-09-01 1980-09-01",85.42,4.14,28,"1953-09-01 1980-09-01",17.35,2.91,30,"1951-09-01 1980-09-01",31.93,3.43,28,"1953-09-01 1980-09-01",0.01,1.62,28,"1953-09-01 1980-09-01",40.63,7.39,28,"1953-09-01 1980-09-01",3.78,1.56,30,"1951-09-01 1980-09-01",2.44,1.04,28,"1953-09-01 1980-09-01",38.28,21.43,30,"1951-09-01 1980-09-01",33.26,18.73,30,"1951-09-01 1980-09-01",5.88,10.26,30,"1951-09-01 1980-09-01",0.1,0.26,26,"1955-09-01 1980-09-01",,,,
1981-08-01,10.17,1.39,28,"1953-08-01 1980-08-01",86.5,3.99,28,"1953-08-01 1980-08-01",22.09,2.48,30,"1951-08-01 1980-08-01",30.25,2.72,28,"1953-08-01 1980-08-01",4.36,1.42,28,"1953-08-01 1980-08-01",39.21,6.79,28,"1953-08-01 1980-08-01",8.32,1.17,30,"1951-08-01 1980-08-01",1.89,1.06,28,"1953-08-01 1980-08-01",55.47,48.89,30,"1951-08-01 1980-08-01",55.47,48.89,30,"1951-08-01 1980-08-01",0,0,30,"1951-08-01 1980-08-01",0,0,26,"1955-08-01 1980-08-01",,,,
1981-07-01,11,1.27,28,"1953-07-01 1980-07-01",85.25,4.05,28,"1953-07-01 1980-07-01",23.28,1.35,30,"1951-07-01 1980-07-01",31.4,2.66,28,"1953-07-01 1980-07-01",4.88,1.45,28,"1953-07-01 1980-07-01",37.94,4.89,28,"1953-07-01 1980-07-01",9.41,0.91,30,"1951-07-01 1980-07-01",1.92,1.01,28,"1953-07-01 1980-07-01",65.48,30.84,30,"1951-07-01 1980-07-01",65.48,30.84,30,"1951-07-01 1980-07-01",0,0,30,"1951-07-01 1980-07-01",0,0,26,"1955-07-01 1980-07-01",,,,
1981-06-01,8,1.12,28,"1953-06-01 1980-06-01",83.42,5.14,28,"1953-06-01 1980-06-01",19.87,2.08,30,"1951-06-01 1980-06-01",33.91,2.58,28,"1953-06-01 1980-06-01",1.93,1.29,28,"1953-06-01 1980-06-01",38.36,6.18,28,"1953-06-01 1980-06-01",6.97,1.06,30,"1951-06-01 1980-06-01",2.74,1.25,28,"1953-06-01 1980-06-01",89.48,44.61,30,"1951-06-01 1980-06-01",87.64,43.89,30,"1951-06-01 1980-06-01",1.87,8.41,30,"1951-06-01 1980-06-01",0,0,26,"1955-06-01 1980-06-01",,,,
1981-05-01,3.34,1.1,28,"1953-05-01 1980-05-01",81.42,5.18,28,"1953-05-01 1980-05-01",16.03,1.98,30,"1951-05-01 1980-05-01",34.7,2.57,28,"1953-05-01 1980-05-01",-2.75,1.27,28,"1953-05-01 1980-05-01",36.66,5.25,28,"1953-05-01 1980-05-01",2.8,1.11,30,"1951-05-01 1980-05-01",3.41,1.34,28,"1953-05-01 1980-05-01",48.77,21.08,30,"1951-05-01 1980-05-01",41.22,22.47,30,"1951-05-01 1980-05-01",8.43,9.37,30,"1951-05-01 1980-05-01",0.2,0.35,26,"1955-05-01 1980-05-01",,,,
1981-04-01,-1.16,1.54,28,"1953-04-01 1980-04-01",84.41,5.45,28,"1953-04-01 1980-04-01",9.44,3.32,30,"1951-04-01 1980-04-01",34.6,3.28,28,"1953-04-01 1980-04-01",-7.59,2.07,28,"1953-04-01 1980-04-01",41.69,9.22,28,"1953-04-01 1980-04-01",-2.9,2.01,30,"1951-04-01 1980-04-01",3.2,1.15,28,"1953-04-01 1980-04-01",32.67,18.95,30,"1951-04-01 1980-04-01",10.26,14.45,30,"1951-04-01 1980-04-01",25.97,14.81,30,"1951-04-01 1980-04-01",1.2,1.16,26,"1955-04-01 1980-04-01",,,,
1981-03-01,-5.41,1.99,28,"1953-03-01 1980-03-01",86.76,3.89,28,"1953-03-01 1980-03-01",1.67,3.35,30,"1951-03-01 1980-03-01",32.89,2.92,28,"1953-03-01 1980-03-01",-12.68,2.38,28,"1953-03-01 1980-03-01",50.7,7.8,28,"1953-03-01 1980-03-01",-9.63,2.99,30,"1951-03-01 1980-03-01",2.75,1.02,28,"1953-03-01 1980-03-01",16.25,8.8,30,"1951-03-01 1980-03-01",0.19,0.32,30,"1951-03-01 1980-03-01",19.99,9.39,30,"1951-03-01 1980-03-01",4.2,3.84,26,"1955-03-01 1980-03-01",,,,
1981-02-01,-8.08,3.51,28,"1953-02-01 1980-02-01",84.1,4.62,28,"1953-02-01 1980-02-01",-1.53,4.29,30,"1951-02-01 1980-02-01",32.93,5.44,28,"1953-02-01 1980-02-01",-16.19,4.04,28,"1953-02-01 1980-02-01",54.34,7.99,28,"1953-02-01 1980-02-01",-12.95,4.23,30,"1951-02-01 1980-02-01",2.56,1.17,28,"1953-02-01 1980-02-01",15.6,10.15,30,"1951-02-01 1980-02-01",0.27,0.97,30,"1951-02-01 1980-02-01",19.13,10.64,30,"1951-02-01 1980-02-01",7.3,5.99,26,"1955-02-01 1980-02-01",,,,
1981-01-01,-11.89,4.19,28,"1953-01-01 1980-01-01",82.11,5.67,28,"1953-01-01 1980-01-01",-5.95,4.97,30,"1951-01-01 1980-01-01",33.1,4.54,28,"1953-01-01 1980-01-01",-20.82,4.52,28,"1953-01-01 1980-01-01",54.68,6.68,28,"1953-01-01 1980-01-01",-17.55,4.51,30,"1951-01-01 1980-01-01",2.61,0.94,28,"1953-01-01 1980-01-01",16.33,9.72,30,"1951-01-01 1980-01-01",0.21,0.53,30,"1951-01-01 1980-01-01",20.87,11.03,30,"1951-01-01 1980-01-01",7.7,5.28,26,"1955-01-01 1980-01-01",,,,
1980-12-01,-8.63,3.57,27,"1953-12-01 1979-12-01",82.93,3.83,27,"1953-12-01 1979-12-01",-1.66,4.36,30,"1950-12-01 1979-12-01",33.99,4.24,27,"1953-12-01 1979-12-01",-17.19,3.95,27,"1953-12-01 1979-12-01",52.69,5.24,27,"1953-12-01 1979-12-01",-13.7,4.34,30,"1950-12-01 1979-12-01",2.56,1.32,27,"1953-12-01 1979-12-01",15.62,11.27,30,"1950-12-01 1979-12-01",0.04,0.23,30,"1950-12-01 1979-12-01",20.07,13.54,30,"1950-12-01 1979-12-01",5.6,4,25,"1955-12-01 1979-12-01",,,,
1980-11-01,-5.34,2.84,27,"1953-11-01 1979-11-01",83.2,5.3,27,"1953-11-01 1979-11-01",2.95,3.99,30,"1950-11-01 1979-11-01",31.9,3.65,27,"1953-11-01 1979-11-01",-12.64,3.43,27,"1953-11-01 1979-11-01",49.21,8.19,27,"1953-11-01 1979-11-01",-8.84,3.61,30,"1950-11-01 1979-11-01",2.28,0.9,27,"1953-11-01 1979-11-01",12.92,9.57,30,"1950-11-01 1979-11-01",0.35,0.7,30,"1950-11-01 1979-11-01",16.34,13.21,30,"1950-11-01 1979-11-01",2.7,3.18,25,"1955-11-01 1979-11-01",,,,
1980-10-01,0.42,1.23,27,"1953-10-01 1979-10-01",81.5,3.71,27,"1953-10-01 1979-10-01",12.11,2.82,30,"1950-10-01 1979-10-01",33.84,2.98,27,"1953-10-01 1979-10-01",-5.99,1.28,27,"1953-10-01 1979-10-01",38.29,6.12,27,"1953-10-01 1979-10-01",-1.36,1.77,30,"1950-10-01 1979-10-01",2.31,0.92,27,"1953-10-01 1979-10-01",17.73,14.19,30,"1950-10-01 1979-10-01",5.97,4.6,30,"1950-10-01 1979-10-01",13.63,13.47,30,"1950-10-01 1979-10-01",0.7,1.1,25,"1955-10-01 1979-10-01",,,,
1980-09-01,5.59,1.58,27,"1953-09-01 1979-09-01",85.5,4.2,27,"1953-09-01 1979-09-01",17.39,2.92,30,"1950-09-01 1979-09-01",31.82,3.45,27,"1953-09-01 1979-09-01",0,1.65,27,"1953-09-01 1979-09-01",40.65,7.53,27,"1953-09-01 1979-09-01",3.76,1.56,30,"1950-09-01 1979-09-01",2.42,1.06,27,"1953-09-01 1979-09-01",37.36,21.88,30,"1950-09-01 1979-09-01",32.16,19.21,30,"1950-09-01 1979-09-01",6.06,10.2,30,"1950-09-01 1979-09-01",0.1,0.26,25,"1955-09-01 1979-09-01",,,,
1980-08-01,10.23,1.37,27,"1953-08-01 1979-08-01",86.47,4.06,27,"1953-08-01 1979-08-01",22.14,2.43,30,"1950-08-01 1979-08-01",30.25,2.77,27,"1953-08-01 1979-08-01",4.41,1.43,27,"1953-08-01 1979-08-01",39.08,6.88,27,"1953-08-01 1979-08-01",8.35,1.13,30,"1950-08-01 1979-08-01",1.9,1.08,27,"1953-08-01 1979-08-01",57,48.83,30,"1950-08-01 1979-08-01",57,48.83,30,"1950-08-01 1979-08-01",0,0,30,"1950-08-01 1979-08-01",0,0,25,"1955-08-01 1979-08-01",,,,
1980-07-01,11.01,1.29,27,"1953-07-01 1979-07-01",85.3,4.12,27,"1953-07-01 1979-07-01",23.26,1.36,30,"1950-07-01 1979-07-01",31.42,2.7,27,"1953-07-01 1979-07-01",4.88,1.48,27,"1953-07-01 1979-07-01",37.95,4.98,27,"1953-07-01 1979-07-01",9.39,0.91,30,"1950-07-01 1979-07-01",1.93,1.03,27,"1953-07-01 1979-07-01",68.27,33.03,30,"1950-07-01 1979-07-01",68.27,33.03,30,"1950-07-01 1979-07-01",0,0,30,"1950-07-01 1979-07-01",0,0,25,"1955-07-01 1979-07-01",,,,
1980-06-01,7.94,1.1,27,"1953-06-01 1979-06-01",83.2,5.11,27,"1953-06-01 1979-06-01",19.92,2.08,30,"1950-06-01 1979-06-01",34.02,2.57,27,"1953-06-01 1979-06-01",1.83,1.19,27,"1953-06-01 1979-06-01",38.02,6.03,27,"1953-06-01 1979-06-01",6.91,1.05,30,"1950-06-01 1979-06-01",2.77,1.26,27,"1953-06-01 1979-06-01",87.61,45.16,30,"1950-06-01 1979-06-01",85.77,44.37,30,"1950-06-01 1979-06-01",1.87,8.41,30,"1950-06-01 1979-06-01",0,0,25,"1955-06-01 1979-06-01",,,,
1980-05-01,3.38,1.09,27,"1953-05-01 1979-05-01",81.87,4.7,27,"1953-05-01 1979-05-01",15.91,1.94,30,"1950-05-01 1979-05-01",34.71,2.62,27,"1953-05-01 1979-05-01",-2.74,1.29,27,"1953-05-01 1979-05-01",36.78,5.32,27,"1953-05-01 1979-05-01",2.72,1.12,30,"1950-05-01 1979-05-01",3.42,1.37,27,"1953-05-01 1979-05-01",46.3,19.81,30,"1950-05-01 1979-05-01",38.51,20.64,30,"1950-05-01 1979-05-01",8.69,9.24,30,"1950-05-01 1979-05-01",0.2,0.35,25,"1955-05-01 1979-05-01",,,,
1980-04-01,-1.23,1.52,27,"1953-04-01 1979-04-01",84.75,5.26,27,"1953-04-01 1979-04-01",9.18,3.17,30,"1950-04-01 1979-04-01",34.74,3.26,27,"1953-04-01 1979-04-01",-7.67,2.07,27,"1953-04-01 1979-04-01",42.04,9.21,27,"1953-04-01 1979-04-01",-3.04,1.88,30,"1950-04-01 1979-04-01",3.28,1.1,27,"1953-04-01 1979-04-01",32.72,18.92,30,"1950-04-01 1979-04-01",10.39,14.4,30,"1950-04-01 1979-04-01",25.87,14.86,30,"1950-04-01 1979-04-01",1.2,1.18,25,"1955-04-01 1979-04-01",,,,
1980-03-01,-5.37,2.01,27,"1953-03-01 1979-03-01",86.81,3.96,27,"1953-03-01 1979-03-01",1.57,3.41,30,"1950-03-01 1979-03-01",33.03,2.88,27,"1953-03-01 1979-03-01",-12.66,2.42,27,"1953-03-01 1979-03-01",50.66,7.95,27,"1953-03-01 1979-03-01",-9.69,3.03,30,"1950-03-01 1979-03-01",2.8,1,27,"1953-03-01 1979-03-01",17.09,9.7,30,"1950-03-01 1979-03-01",0.19,0.32,30,"1950-03-01 1979-03-01",20.39,9.93,30,"1950-03-01 1979-03-01",4.2,3.91,25,"1955-03-01 1979-03-01",,,,
1980-02-01,-8.06,3.57,27,"1953-02-01 1979-02-01",84.25,4.63,27,"1953-02-01 1979-02-01",-1.48,4.3,30,"1950-02-01 1979-02-01",33.06,5.5,27,"1953-02-01 1979-02-01",-16.24,4.11,27,"1953-02-01 1979-02-01",54.31,8.13,27,"1953-02-01 1979-02-01",-12.98,4.22,30,"1950-02-01 1979-02-01",2.6,1.18,27,"1953-02-01 1979-02-01",15.74,10.11,30,"1950-02-01 1979-02-01",0.27,0.97,30,"1950-02-01 1979-02-01",18.92,10.66,30,"1950-02-01 1979-02-01",7.4,6.05,25,"1955-02-01 1979-02-01",,,,
1980-01-01,-11.81,4.25,27,"1953-01-01 1979-01-01",82.35,5.65,27,"1953-01-01 1979-01-01",-6.39,5.6,30,"1950-01-01 1979-01-01",33.18,4.61,27,"1953-01-01 1979-01-01",-20.73,4.58,27,"1953-01-01 1979-01-01",54.77,6.79,27,"1953-01-01 1979-01-01",-17.91,5.05,30,"1950-01-01 1979-01-01",2.59,0.95,27,"1953-01-01 1979-01-01",16.38,9.71,30,"1950-01-01 1979-01-01",0.2,0.53,30,"1950-01-01 1979-01-01",20.78,11.07,30,"1950-01-01 1979-01-01",7.7,5.38,25,"1955-01-01 1979-01-01",,,,
1979-12-01,-8.71,3.62,26,"1953-12-01 1978-12-01",83.11,3.79,26,"1953-12-01 1978-12-01",-2.06,4.55,30,"1949-12-01 1978-12-01",34.02,4.32,26,"1953-12-01 1978-12-01",-17.26,4.01,26,"1953-12-01 1978-12-01",52.85,5.27,26,"1953-12-01 1978-12-01",-13.94,4.42,30,"1949-12-01 1978-12-01",2.58,1.34,26,"1953-12-01 1978-12-01",16.42,12.03,30,"1949-12-01 1978-12-01",0.04,0.23,30,"1949-12-01 1978-12-01",20.66,13.96,30,"1949-12-01 1978-12-01",5.6,4.08,24,"1955-12-01 1978-12-01",,,,
1979-11-01,-5.32,2.89,26,"1953-11-01 1978-11-01",83.42,5.29,26,"1953-11-01 1978-11-01",3.15,4.27,30,"1949-11-01 1978-11-01",32.1,3.56,26,"1953-11-01 1978-11-01",-12.64,3.5,26,"1953-11-01 1978-11-01",49.59,8.11,26,"1953-11-01 1978-11-01",-8.67,3.79,30,"1949-11-01 1978-11-01",2.3,0.91,26,"1953-11-01 1978-11-01",12.78,9.73,30,"1949-11-01 1978-11-01",0.35,0.7,30,"1949-11-01 1978-11-01",16.04,13.48,30,"1949-11-01 1978-11-01",2.8,3.23,24,"1955-11-01 1978-11-01",,,,
1979-10-01,0.36,1.22,26,"1953-10-01 1978-10-01",81.44,3.76,26,"1953-10-01 1978-10-01",11.97,2.87,30,"1949-10-01 1978-10-01",34.02,2.89,26,"1953-10-01 1978-10-01",-6.06,1.26,26,"1953-10-01 1978-10-01",38.22,6.23,26,"1953-10-01 1978-10-01",-1.44,1.76,30,"1949-10-01 1978-10-01",2.34,0.92,26,"1953-10-01 1978-10-01",18.21,14.49,30,"1949-10-01 1978-10-01",6.03,4.64,30,"1949-10-01 1978-10-01",14.01,13.6,30,"1949-10-01 1978-10-01",0.6,1.13,24,"1955-10-01 1978-10-01",,,,
1979-09-01,5.56,1.6,26,"1953-09-01 1978-09-01",85.75,4.07,26,"1953-09-01 1978-09-01",17.35,2.88,30,"1949-09-01 1978-09-01",31.84,3.51,26,"1953-09-01 1978-09-01",-0.04,1.67,26,"1953-09-01 1978-09-01",40.96,7.5,26,"1953-09-01 1978-09-01",3.72,1.52,30,"1949-09-01 1978-09-01",2.46,1.06,26,"1953-09-01 1978-09-01",37.22,22.01,30,"1949-09-01 1978-09-01",31.81,19.52,30,"1949-09-01 1978-09-01",6.27,10.14,30,"1949-09-01 1978-09-01",0.1,0.27,24,"1955-09-01 1978-09-01",,,,
1979-08-01,10.21,1.4,26,"1953-08-01 1978-08-01",86.41,4.13,26,"1953-08-01 1978-08-01",22.2,2.48,30,"1949-08-01 1978-08-01",30.26,2.82,26,"1953-08-01 1978-08-01",4.36,1.43,26,"1953-08-01 1978-08-01",39.03,7.01,26,"1953-08-01 1978-08-01",8.34,1.13,30,"1949-08-01 1978-08-01",1.92,1.1,26,"1953-08-01 1978-08-01",56.6,49.11,30,"1949-08-01 1978-08-01",56.6,49.11,30,"1949-08-01 1978-08-01",0,0,30,"1949-08-01 1978-08-01",0,0,24,"1955-08-01 1978-08-01",,,,
1979-07-01,11.07,1.27,26,"1953-07-01 1978-07-01",85.69,3.66,26,"1953-07-01 1978-07-01",23.18,1.32,30,"1949-07-01 1978-07-01",31.46,2.75,26,"1953-07-01 1978-07-01",4.95,1.46,26,"1953-07-01 1978-07-01",38.21,4.9,26,"1953-07-01 1978-07-01",9.4,0.91,30,"1949-07-01 1978-07-01",1.94,1.04,26,"1953-07-01 1978-07-01",67.69,33.56,30,"1949-07-01 1978-07-01",67.69,33.56,30,"1949-07-01 1978-07-01",0,0,30,"1949-07-01 1978-07-01",0,0,24,"1955-07-01 1978-07-01",,,,
1979-06-01,8.02,1.06,26,"1953-06-01 1978-06-01",83.62,4.72,26,"1953-06-01 1978-06-01",19.9,2.08,30,"1949-06-01 1978-06-01",33.98,2.61,26,"1953-06-01 1978-06-01",1.9,1.15,26,"1953-06-01 1978-06-01",38.29,5.98,26,"1953-06-01 1978-06-01",6.92,1.05,30,"1949-06-01 1978-06-01",2.81,1.27,26,"1953-06-01 1978-06-01",87.65,45.12,30,"1949-06-01 1978-06-01",85.82,44.33,30,"1949-06-01 1978-06-01",1.87,8.41,30,"1949-06-01 1978-06-01",0,0,24,"1955-06-01 1978-06-01",,,,
1979-05-01,3.45,1.07,26,"1953-05-01 1978-05-01",81.96,4.77,26,"1953-05-01 1978-05-01",16.07,1.94,30,"1949-05-01 1978-05-01",34.82,2.6,26,"1953-05-01 1978-05-01",-2.7,1.3,26,"1953-05-01 1978-05-01",36.69,5.4,26,"1953-05-01 1978-05-01",2.83,1.13,30,"1949-05-01 1978-05-01",3.42,1.39,26,"1953-05-01 1978-05-01",45.41,20.59,30,"1949-05-01 1978-05-01",38.18,20.98,30,"1949-05-01 1978-05-01",8.12,9.08,30,"1949-05-01 1978-05-01",0.2,0.36,24,"1955-05-01 1978-05-01",,,,
1979-04-01,-1.19,1.53,26,"1953-04-01 1978-04-01",84.71,5.36,26,"1953-04-01 1978-04-01",9.45,3.3,30,"1949-04-01 1978-04-01",34.89,3.24,26,"1953-04-01 1978-04-01",-7.69,2.1,26,"1953-04-01 1978-04-01",41.77,9.27,26,"1953-04-01 1978-04-01",-2.89,1.95,30,"1949-04-01 1978-04-01",3.27,1.12,26,"1953-04-01 1978-04-01",31.54,19.7,30,"1949-04-01 1978-04-01",10.14,14.51,30,"1949-04-01 1978-04-01",24.8,15.43,30,"1949-04-01 1978-04-01",1.2,1.2,24,"1955-04-01 1978-04-01",,,,
1979-03-01,-5.4,2.04,26,"1953-03-01 1978-03-01",87.1,3.74,26,"1953-03-01 1978-03-01",1.43,3.3,30,"1949-03-01 1978-03-01",32.99,2.93,26,"1953-03-01 1978-03-01",-12.73,2.44,26,"1953-03-01 1978-03-01",51.02,7.88,26,"1953-03-01 1978-03-01",-9.75,2.99,30,"1949-03-01 1978-03-01",2.8,1.02,26,"1953-03-01 1978-03-01",17.24,9.62,30,"1949-03-01 1978-03-01",0.19,0.32,30,"1949-03-01 1978-03-01",20.48,9.87,30,"1949-03-01 1978-03-01",4.4,3.93,24,"1955-03-01 1978-03-01",,,,
1979-02-01,-7.73,3.21,26,"1953-02-01 1978-02-01",84.38,4.68,26,"1953-02-01 1978-02-01",-1.42,4.18,30,"1949-02-01 1978-02-01",33.15,5.58,26,"1953-02-01 1978-02-01",-15.9,3.79,26,"1953-02-01 1978-02-01",54.06,8.18,26,"1953-02-01 1978-02-01",-13,4.26,30,"1949-02-01 1978-02-01",2.58,1.2,26,"1953-02-01 1978-02-01",15.8,10.07,30,"1949-02-01 1978-02-01",0.27,0.97,30,"1949-02-01 1978-02-01",18.92,10.66,30,"1949-02-01 1978-02-01",7.4,6.18,24,"1955-02-01 1978-02-01",,,,
1979-01-01,-11.7,4.29,26,"1953-01-01 1978-01-01",82.46,5.72,26,"1953-01-01 1978-01-01",-6.35,5.59,30,"1949-01-01 1978-01-01",33.31,4.65,26,"1953-01-01 1978-01-01",-20.63,4.64,26,"1953-01-01 1978-01-01",54.87,6.89,26,"1953-01-01 1978-01-01",-17.91,5.05,30,"1949-01-01 1978-01-01",2.6,0.97,26,"1953-01-01 1978-01-01",17.52,10.55,30,"1949-01-01 1978-01-01",0.34,0.87,30,"1949-01-01 1978-01-01",21.66,11.31,30,"1949-01-01 1978-01-01",7.9,5.38,24,"1955-01-01 1978-01-01",,,,
1978-12-01,-8.62,3.66,25,"1953-12-01 1977-12-01",83.19,3.85,25,"1953-12-01 1977-12-01",-2.14,4.6,30,"1948-12-01 1977-12-01",33.89,4.36,25,"1953-12-01 1977-12-01",-17.22,4.08,25,"1953-12-01 1977-12-01",53.1,5.23,25,"1953-12-01 1977-12-01",-14.06,4.48,30,"1948-12-01 1977-12-01",2.5,1.3,25,"1953-12-01 1977-12-01",16.55,11.96,30,"1948-12-01 1977-12-01",0.04,0.23,30,"1948-12-01 1977-12-01",20.73,13.92,30,"1948-12-01 1977-12-01",5.8,4.08,23,"1955-12-01 1977-12-01",,,,
1978-11-01,-5.24,2.93,25,"1953-11-01 1977-11-01",83.47,5.38,25,"1953-11-01 1977-11-01",3.3,4.26,30,"1948-11-01 1977-11-01",31.88,3.45,25,"1953-11-01 1977-11-01",-12.58,3.55,25,"1953-11-01 1977-11-01",49.56,8.27,25,"1953-11-01 1977-11-01",-8.5,3.81,30,"1948-11-01 1977-11-01",2.25,0.9,25,"1953-11-01 1977-11-01",12.73,9.73,30,"1948-11-01 1977-11-01",0.53,1.17,30,"1948-11-01 1977-11-01",15.47,13.54,30,"1948-11-01 1977-11-01",2.7,3.29,23,"1955-11-01 1977-11-01",,,,
1978-10-01,0.34,1.24,25,"1953-10-01 1977-10-01",81.5,3.82,25,"1953-10-01 1977-10-01",12,2.9,30,"1948-10-01 1977-10-01",34,2.95,25,"1953-10-01 1977-10-01",-6.09,1.28,25,"1953-10-01 1977-10-01",38.45,6.24,25,"1953-10-01 1977-10-01",-1.49,1.74,30,"1948-10-01 1977-10-01",2.39,0.91,25,"1953-10-01 1977-10-01",17.95,14.73,30,"1948-10-01 1977-10-01",5.78,4.74,30,"1948-10-01 1977-10-01",13.99,13.61,30,"1948-10-01 1977-10-01",0.7,1.14,23,"1955-10-01 1977-10-01",,,,
1978-09-01,5.48,1.59,25,"1953-09-01 1977-09-01",85.65,4.12,25,"1953-09-01 1977-09-01",17.44,2.9,30,"1948-09-01 1977-09-01",31.81,3.58,25,"1953-09-01 1977-09-01",-0.11,1.65,25,"1953-09-01 1977-09-01",40.62,7.44,25,"1953-09-01 1977-09-01",3.7,1.51,30,"1948-09-01 1977-09-01",2.41,1.06,25,"1953-09-01 1977-09-01",34.81,20.86,30,"1948-09-01 1977-09-01",29.4,17.49,30,"1948-09-01 1977-09-01",6.27,10.14,30,"1948-09-01 1977-09-01",0.1,0.27,23,"1955-09-01 1977-09-01",,,,
1978-08-01,10.22,1.42,25,"1953-08-01 1977-08-01",86.29,4.16,25,"1953-08-01 1977-08-01",22.24,2.48,30,"1948-08-01 1977-08-01",30.21,2.86,25,"1953-08-01 1977-08-01",4.37,1.46,25,"1953-08-01 1977-08-01",39,7.15,25,"1953-08-01 1977-08-01",8.35,1.13,30,"1948-08-01 1977-08-01",1.93,1.11,25,"1953-08-01 1977-08-01",54.58,48.33,30,"1948-08-01 1977-08-01",54.58,48.33,30,"1948-08-01 1977-08-01",0,0,30,"1948-08-01 1977-08-01",0,0,23,"1955-08-01 1977-08-01",,,,
1978-07-01,11.05,1.29,25,"1953-07-01 1977-07-01",85.54,3.64,25,"1953-07-01 1977-07-01",23.21,1.32,30,"1948-07-01 1977-07-01",31.52,2.78,25,"1953-07-01 1977-07-01",4.89,1.46,25,"1953-07-01 1977-07-01",38.02,4.9,25,"1953-07-01 1977-07-01",9.36,0.91,30,"1948-07-01 1977-07-01",1.96,1.06,25,"1953-07-01 1977-07-01",66.91,34.09,30,"1948-07-01 1977-07-01",66.91,34.09,30,"1948-07-01 1977-07-01",0,0,30,"1948-07-01 1977-07-01",0,0,23,"1955-07-01 1977-07-01",,,,
1978-06-01,7.97,1.05,25,"1953-06-01 1977-06-01",83.54,4.8,25,"1953-06-01 1977-06-01",19.9,2.07,30,"1948-06-01 1977-06-01",34.04,2.64,25,"1953-06-01 1977-06-01",1.87,1.15,25,"1953-06-01 1977-06-01",38.29,6.1,25,"1953-06-01 1977-06-01",6.98,1.11,30,"1948-06-01 1977-06-01",2.83,1.3,25,"1953-06-01 1977-06-01",88,44.94,30,"1948-06-01 1977-06-01",86.16,44.16,30,"1948-06-01 1977-06-01",1.87,8.41,30,"1948-06-01 1977-06-01",0,0,23,"1955-06-01 1977-06-01",,,,
1978-05-01,3.45,1.09,25,"1953-05-01 1977-05-01",81.87,4.85,25,"1953-05-01 1977-05-01",16.1,1.93,30,"1948-05-01 1977-05-01",34.77,2.64,25,"1953-05-01 1977-05-01",-2.7,1.33,25,"1953-05-01 1977-05-01",36.63,5.5,25,"1953-05-01 1977-05-01",2.89,1.17,30,"1948-05-01 1977-05-01",3.47,1.4,25,"1953-05-01 1977-05-01",46.88,24,30,"1948-05-01 1977-05-01",38.73,22.14,30,"1948-05-01 1977-05-01",9.05,9.6,30,"1948-05-01 1977-05-01",0.2,0.37,23,"1955-05-01 1977-05-01",,,,
1978-04-01,-1.26,1.51,25,"1953-04-01 1977-04-01",84.52,5.38,25,"1953-04-01 1977-04-01",9.25,3.54,30,"1948-04-01 1977-04-01",35,3.25,25,"1953-04-01 1977-04-01",-7.84,2.02,25,"1953-04-01 1977-04-01",41.29,9.14,25,"1953-04-01 1977-04-01",-3.07,2.04,30,"1948-04-01 1977-04-01",3.33,1.1,25,"1953-04-01 1977-04-01",30.95,18.49,30,"1948-04-01 1977-04-01",9.22,13.03,30,"1948-04-01 1977-04-01",25.02,15.64,30,"1948-04-01 1977-04-01",1.2,1.22,23,"1955-04-01 1977-04-01",,,,
1978-03-01,-5.44,2.08,25,"1953-03-01 1977-03-01",87.29,3.69,25,"1953-03-01 1977-03-01",1.25,3.35,30,"1948-03-01 1977-03-01",33.11,2.93,25,"1953-03-01 1977-03-01",-12.81,2.46,25,"1953-03-01 1977-03-01",50.98,8.04,25,"1953-03-01 1977-03-01",-9.95,3.02,30,"1948-03-01 1977-03-01",2.82,1.04,25,"1953-03-01 1977-03-01",18.08,9.76,30,"1948-03-01 1977-03-01",0.18,0.32,30,"1948-03-01 1977-03-01",21.28,9.78,30,"1948-03-01 1977-03-01",4.2,3.94,23,"1955-03-01 1977-03-01",,,,
1978-02-01,-7.61,3.22,25,"1953-02-01 1977-02-01",84.33,4.76,25,"1953-02-01 1977-02-01",-1.5,4.28,30,"1948-02-01 1977-02-01",33.52,5.37,25,"1953-02-01 1977-02-01",-15.75,3.79,25,"1953-02-01 1977-02-01",53.8,8.24,25,"1953-02-01 1977-02-01",-13.08,4.35,30,"1948-02-01 1977-02-01",2.61,1.22,25,"1953-02-01 1977-02-01",16.83,11.04,30,"1948-02-01 1977-02-01",0.27,0.97,30,"1948-02-01 1977-02-01",19.7,11.41,30,"1948-02-01 1977-02-01",6.6,4.88,23,"1955-02-01 1977-02-01",,,,
1978-01-01,-11.56,4.31,25,"1953-01-01 1977-01-01",82.57,5.81,25,"1953-01-01 1977-01-01",-5.95,5.72,30,"1948-01-01 1977-01-01",33.59,4.51,25,"1953-01-01 1977-01-01",-20.51,4.68,25,"1953-01-01 1977-01-01",54.67,6.95,25,"1953-01-01 1977-01-01",-17.53,5.25,30,"1948-01-01 1977-01-01",2.56,0.98,25,"1953-01-01 1977-01-01",17.18,10.35,30,"1948-01-01 1977-01-01",0.32,0.87,30,"1948-01-01 1977-01-01",21.08,11.05,30,"1948-01-01 1977-01-01",7.6,5.18,23,"1955-01-01 1977-01-01",,,,
1977-12-01,-8.37,3.53,24,"1953-12-01 1976-12-01",83.38,3.8,24,"1953-12-01 1976-12-01",-1.86,4.48,30,"1947-12-01 1976-12-01",34.17,4.23,24,"1953-12-01 1976-12-01",-16.99,4.01,24,"1953-12-01 1976-12-01",53.1,5.33,24,"1953-12-01 1976-12-01",-13.77,4.42,30,"1947-12-01 1976-12-01",2.54,1.31,24,"1953-12-01 1976-12-01",16.45,12,30,"1947-12-01 1976-12-01",0.04,0.23,30,"1947-12-01 1976-12-01",20.48,14.03,30,"1947-12-01 1976-12-01",5.8,4.17,22,"1955-12-01 1976-12-01",,,,
1977-11-01,-5.09,2.9,24,"1953-11-01 1976-11-01",83.91,5.04,24,"1953-11-01 1976-11-01",3.26,4.28,30,"1947-11-01 1976-11-01",31.81,3.51,24,"1953-11-01 1976-11-01",-12.42,3.53,24,"1953-11-01 1976-11-01",50.01,8.14,24,"1953-11-01 1976-11-01",-8.44,3.79,30,"1947-11-01 1976-11-01",2.24,0.92,24,"1953-11-01 1976-11-01",14.08,11.67,30,"1947-11-01 1976-11-01",0.62,1.41,30,"1947-11-01 1976-11-01",16.64,14.39,30,"1947-11-01 1976-11-01",2.8,3.35,22,"1955-11-01 1976-11-01",,,,
1977-10-01,0.39,1.24,24,"1953-10-01 1976-10-01",81.81,3.58,24,"1953-10-01 1976-10-01",12,2.9,30,"1947-10-01 1976-10-01",34.1,2.97,24,"1953-10-01 1976-10-01",-6.02,1.26,24,"1953-10-01 1976-10-01",38.72,6.23,24,"1953-10-01 1976-10-01",-1.4,1.79,30,"1947-10-01 1976-10-01",2.45,0.88,24,"1953-10-01 1976-10-01",18.52,14.52,30,"1947-10-01 1976-10-01",6.28,5,30,"1947-10-01 1976-10-01",14.07,13.56,30,"1947-10-01 1976-10-01",0.7,1.16,22,"1955-10-01 1976-10-01",,,,
1977-09-01,5.48,1.62,24,"1953-09-01 1976-09-01",85.53,4.16,24,"1953-09-01 1976-09-01",17.49,2.85,30,"1947-09-01 1976-09-01",32.07,3.4,24,"1953-09-01 1976-09-01",-0.17,1.66,24,"1953-09-01 1976-09-01",40.12,7.18,24,"1953-09-01 1976-09-01",3.73,1.51,30,"1947-09-01 1976-09-01",2.45,1.06,24,"1953-09-01 1976-09-01",33.79,19.44,30,"1947-09-01 1976-09-01",27.58,15.07,30,"1947-09-01 1976-09-01",7.06,10.54,30,"1947-09-01 1976-09-01",0.1,0.28,22,"1955-09-01 1976-09-01",,,,
1977-08-01,10.24,1.45,24,"1953-08-01 1976-08-01",86.14,4.18,24,"1953-08-01 1976-08-01",22.3,2.41,30,"1947-08-01 1976-08-01",30.26,2.91,24,"1953-08-01 1976-08-01",4.36,1.49,24,"1953-08-01 1976-08-01",38.58,6.97,24,"1953-08-01 1976-08-01",8.38,1.1,30,"1947-08-01 1976-08-01",1.96,1.13,24,"1953-08-01 1976-08-01",54.11,48.04,30,"1947-08-01 1976-08-01",54.11,48.04,30,"1947-08-01 1976-08-01",0,0,30,"1947-08-01 1976-08-01",0,0,22,"1955-08-01 1976-08-01",,,,
1977-07-01,11.11,1.27,24,"1953-07-01 1976-07-01",85.63,3.69,24,"1953-07-01 1976-07-01",23.35,1.41,30,"1947-07-01 1976-07-01",31.42,2.8,24,"1953-07-01 1976-07-01",4.96,1.45,24,"1953-07-01 1976-07-01",38.13,4.97,24,"1953-07-01 1976-07-01",9.39,0.9,30,"1947-07-01 1976-07-01",1.95,1.08,24,"1953-07-01 1976-07-01",65.82,34.71,30,"1947-07-01 1976-07-01",65.82,34.71,30,"1947-07-01 1976-07-01",0,0,30,"1947-07-01 1976-07-01",0,0,22,"1955-07-01 1976-07-01",,,,
1977-06-01,8.01,1.06,24,"1953-06-01 1976-06-01",83.91,4.54,24,"1953-06-01 1976-06-01",19.74,2.04,30,"1947-06-01 1976-06-01",34.02,2.7,24,"1953-06-01 1976-06-01",1.92,1.14,24,"1953-06-01 1976-06-01",38.68,5.9,24,"1953-06-01 1976-06-01",6.94,1.1,30,"1947-06-01 1976-06-01",2.85,1.32,24,"1953-06-01 1976-06-01",91.15,44.02,30,"1947-06-01 1976-06-01",89.32,43.36,30,"1947-06-01 1976-06-01",1.87,8.41,30,"1947-06-01 1976-06-01",0,0,22,"1955-06-01 1976-06-01",,,,
1977-05-01,3.41,1.09,24,"1953-05-01 1976-05-01",81.88,4.95,24,"1953-05-01 1976-05-01",16.12,1.93,30,"1947-05-01 1976-05-01",34.87,2.64,24,"1953-05-01 1976-05-01",-2.72,1.35,24,"1953-05-01 1976-05-01",36.59,5.61,24,"1953-05-01 1976-05-01",2.87,1.17,30,"1947-05-01 1976-05-01",3.46,1.43,24,"1953-05-01 1976-05-01",44.87,22.18,30,"1947-05-01 1976-05-01",36.89,19.81,30,"1947-05-01 1976-05-01",8.88,9.71,30,"1947-05-01 1976-05-01",0.2,0.37,22,"1955-05-01 1976-05-01",,,,
1977-04-01,-1.19,1.5,24,"1953-04-01 1976-04-01",85.27,4.01,24,"1953-04-01 1976-04-01",9.11,3.36,30,"1947-04-01 1976-04-01",35.02,3.31,24,"1953-04-01 1976-04-01",-7.74,2,24,"1953-04-01 1976-04-01",42.13,8.32,24,"1953-04-01 1976-04-01",-3.05,2.06,30,"1947-04-01 1976-04-01",3.38,1.1,24,"1953-04-01 1976-04-01",31.44,18,30,"1947-04-01 1976-04-01",9.4,12.96,30,"1947-04-01 1976-04-01",25.29,15.38,30,"1947-04-01 1976-04-01",1.3,1.22,22,"1955-04-01 1976-04-01",,,,
1977-03-01,-5.41,2.11,24,"1953-03-01 1976-03-01",87.59,3.45,24,"1953-03-01 1976-03-01",1.07,3.28,30,"1947-03-01 1976-03-01",33.02,2.96,24,"1953-03-01 1976-03-01",-12.81,2.51,24,"1953-03-01 1976-03-01",51.69,7.4,24,"1953-03-01 1976-03-01",-10.05,3.01,30,"1947-03-01 1976-03-01",2.82,1.06,24,"1953-03-01 1976-03-01",18.91,9.79,30,"1947-03-01 1976-03-01",0.42,1.32,30,"1947-03-01 1976-03-01",21.79,9.5,30,"1947-03-01 1976-03-01",4.4,3.94,22,"1955-03-01 1976-03-01",,,,
1977-02-01,-7.79,3.15,24,"1953-02-01 1976-02-01",84.65,4.61,24,"1953-02-01 1976-02-01",-1.88,3.95,30,"1947-02-01 1976-02-01",33.46,5.48,24,"1953-02-01 1976-02-01",-16,3.65,24,"1953-02-01 1976-02-01",54.54,7.55,24,"1953-02-01 1976-02-01",-13.5,4.01,30,"1947-02-01 1976-02-01",2.67,1.2,24,"1953-02-01 1976-02-01",18.14,11.31,30,"1947-02-01 1976-02-01",0.27,0.97,30,"1947-02-01 1976-02-01",21.01,11.35,30,"1947-02-01 1976-02-01",6.9,4.84,22,"1955-02-01 1976-02-01",,,,
1977-01-01,-11.72,4.34,24,"1953-01-01 1976-01-01",82.51,5.92,24,"1953-01-01 1976-01-01",-5.94,5.72,30,"1947-01-01 1976-01-01",33.66,4.6,24,"1953-01-01 1976-01-01",-20.66,4.73,24,"1953-01-01 1976-01-01",54.63,7.09,24,"1953-01-01 1976-01-01",-17.46,5.3,30,"1947-01-01 1976-01-01",2.6,0.98,24,"1953-01-01 1976-01-01",16.97,10.31,30,"1947-01-01 1976-01-01",0.29,0.85,30,"1947-01-01 1976-01-01",20.64,10.99,30,"1947-01-01 1976-01-01",7.6,5.29,22,"1955-01-01 1976-01-01",,,,
1976-12-01,-8.46,3.58,23,"1953-12-01 1975-12-01",83.48,3.85,23,"1953-12-01 1975-12-01",-1.98,4.43,30,"1946-12-01 1975-12-01",33.97,4.21,23,"1953-12-01 1975-12-01",-17.14,4.03,23,"1953-12-01 1975-12-01",53.15,5.44,23,"1953-12-01 1975-12-01",-13.92,4.37,30,"1946-12-01 1975-12-01",2.57,1.33,23,"1953-12-01 1975-12-01",16.92,12.05,30,"1946-12-01 1975-12-01",0.08,0.3,30,"1946-12-01 1975-12-01",20.69,14.03,30,"1946-12-01 1975-12-01",5.9,4.26,21,"1955-12-01 1975-12-01",,,,
1976-11-01,-5.12,2.96,23,"1953-11-01 1975-11-01",84.15,5.02,23,"1953-11-01 1975-11-01",2.98,4.32,30,"1946-11-01 1975-11-01",32.19,3.06,23,"1953-11-01 1975-11-01",-12.47,3.6,23,"1953-11-01 1975-11-01",50.48,7.98,23,"1953-11-01 1975-11-01",-8.62,3.83,30,"1946-11-01 1975-11-01",2.29,0.91,23,"1953-11-01 1975-11-01",14.66,12.41,30,"1946-11-01 1975-11-01",0.65,1.41,30,"1946-11-01 1975-11-01",16.92,14.7,30,"1946-11-01 1975-11-01",2.8,3.43,21,"1955-11-01 1975-11-01",,,,
1976-10-01,0.45,1.24,23,"1953-10-01 1975-10-01",81.91,3.63,23,"1953-10-01 1975-10-01",11.95,2.94,30,"1946-10-01 1975-10-01",34.45,2.5,23,"1953-10-01 1975-10-01",-6,1.28,23,"1953-10-01 1975-10-01",38.62,6.34,23,"1953-10-01 1975-10-01",-1.41,1.79,30,"1946-10-01 1975-10-01",2.51,0.85,23,"1953-10-01 1975-10-01",18.96,14.61,30,"1946-10-01 1975-10-01",6.7,5.33,30,"1946-10-01 1975-10-01",14.06,13.56,30,"1946-10-01 1975-10-01",0.7,1.19,21,"1955-10-01 1975-10-01",,,,
1976-09-01,5.4,1.61,23,"1953-09-01 1975-09-01",85.67,4.2,23,"1953-09-01 1975-09-01",17.39,2.79,30,"1946-09-01 1975-09-01",32.51,2.72,23,"1953-09-01 1975-09-01",-0.26,1.64,23,"1953-09-01 1975-09-01",40.23,7.32,23,"1953-09-01 1975-09-01",3.69,1.47,30,"1946-09-01 1975-09-01",2.51,1.04,23,"1953-09-01 1975-09-01",33.99,19.52,30,"1946-09-01 1975-09-01",27.59,15.07,30,"1946-09-01 1975-09-01",7.26,10.46,30,"1946-09-01 1975-09-01",0.1,0.28,21,"1955-09-01 1975-09-01",,,,
1976-08-01,10.23,1.48,23,"1953-08-01 1975-08-01",86.27,4.23,23,"1953-08-01 1975-08-01",22.29,2.41,30,"1946-08-01 1975-08-01",30.61,2.44,23,"1953-08-01 1975-08-01",4.31,1.5,23,"1953-08-01 1975-08-01",38.45,7.1,23,"1953-08-01 1975-08-01",8.29,1.07,30,"1946-08-01 1975-08-01",2.03,1.11,23,"1953-08-01 1975-08-01",53.91,47.89,30,"1946-08-01 1975-08-01",53.86,47.86,30,"1946-08-01 1975-08-01",0.04,0.23,30,"1946-08-01 1975-08-01",0,0,21,"1955-08-01 1975-08-01",,,,
1976-07-01,11.19,1.25,23,"1953-07-01 1975-07-01",85.86,3.6,23,"1953-07-01 1975-07-01",23.37,1.43,30,"1946-07-01 1975-07-01",31.75,2.38,23,"1953-07-01 1975-07-01",5.04,1.43,23,"1953-07-01 1975-07-01",38.3,5.01,23,"1953-07-01 1975-07-01",9.39,0.9,30,"1946-07-01 1975-07-01",2.01,1.06,23,"1953-07-01 1975-07-01",65.7,34.7,30,"1946-07-01 1975-07-01",65.7,34.7,30,"1946-07-01 1975-07-01",0,0,30,"1946-07-01 1975-07-01",0,0,21,"1955-07-01 1975-07-01",,,,
1976-06-01,8.11,0.97,23,"1953-06-01 1975-06-01",84.04,4.59,23,"1953-06-01 1975-06-01",19.75,2.04,30,"1946-06-01 1975-06-01",34.19,2.63,23,"1953-06-01 1975-06-01",1.98,1.13,23,"1953-06-01 1975-06-01",38.64,6.03,23,"1953-06-01 1975-06-01",6.98,1.06,30,"1946-06-01 1975-06-01",2.91,1.32,23,"1953-06-01 1975-06-01",92.32,43.66,30,"1946-06-01 1975-06-01",90.5,43.04,30,"1946-06-01 1975-06-01",1.86,8.41,30,"1946-06-01 1975-06-01",0,0,21,"1955-06-01 1975-06-01",,,,
1976-05-01,3.43,1.11,23,"1953-05-01 1975-05-01",82.35,4.5,23,"1953-05-01 1975-05-01",16.04,1.85,30,"1946-05-01 1975-05-01",34.73,2.61,23,"1953-05-01 1975-05-01",-2.69,1.37,23,"1953-05-01 1975-05-01",36.94,5.47,23,"1953-05-01 1975-05-01",2.75,1.17,30,"1946-05-01 1975-05-01",3.5,1.45,23,"1953-05-01 1975-05-01",44.8,22.14,30,"1946-05-01 1975-05-01",36.48,19.54,30,"1946-05-01 1975-05-01",9.23,9.57,30,"1946-05-01 1975-05-01",0.2,0.38,21,"1955-05-01 1975-05-01",,,,
1976-04-01,-1.23,1.53,23,"1953-04-01 1975-04-01",85.54,3.87,23,"1953-04-01 1975-04-01",9.15,3.42,30,"1946-04-01 1975-04-01",35.08,3.37,23,"1953-04-01 1975-04-01",-7.76,2.04,23,"1953-04-01 1975-04-01",42.67,8.07,23,"1953-04-01 1975-04-01",-3.04,2.07,30,"1946-04-01 1975-04-01",3.41,1.11,23,"1953-04-01 1975-04-01",31.03,18.53,30,"1946-04-01 1975-04-01",9.05,13.07,30,"1946-04-01 1975-04-01",25.2,15.5,30,"1946-04-01 1975-04-01",1.3,1.22,21,"1955-04-01 1975-04-01",,,,
1976-03-01,-5.36,2.14,23,"1953-03-01 1975-03-01",87.97,2.99,23,"1953-03-01 1975-03-01",1.19,3.4,30,"1946-03-01 1975-03-01",32.79,2.81,23,"1953-03-01 1975-03-01",-12.73,2.54,23,"1953-03-01 1975-03-01",52.19,7.14,23,"1953-03-01 1975-03-01",-9.86,3.21,30,"1946-03-01 1975-03-01",2.84,1.08,23,"1953-03-01 1975-03-01",19.21,9.66,30,"1946-03-01 1975-03-01",0.49,1.38,30,"1946-03-01 1975-03-01",21.84,9.47,30,"1946-03-01 1975-03-01",4.5,4.01,21,"1955-03-01 1975-03-01",,,,
1976-02-01,-7.79,3.22,23,"1953-02-01 1975-02-01",84.87,4.57,23,"1953-02-01 1975-02-01",-1.94,3.91,30,"1946-02-01 1975-02-01",33.32,5.55,23,"1953-02-01 1975-02-01",-16.05,3.72,23,"1953-02-01 1975-02-01",55.09,7.22,23,"1953-02-01 1975-02-01",-13.53,3.99,30,"1946-02-01 1975-02-01",2.67,1.23,23,"1953-02-01 1975-02-01",17.92,11.48,30,"1946-02-01 1975-02-01",0.27,0.97,30,"1946-02-01 1975-02-01",20.62,11.66,30,"1946-02-01 1975-02-01",7.2,4.76,21,"1955-02-01 1975-02-01",,,,
1976-01-01,-11.8,4.41,23,"1953-01-01 1975-01-01",82.85,5.81,23,"1953-01-01 1975-01-01",-5.97,5.7,30,"1946-01-01 1975-01-01",33.53,4.65,23,"1953-01-01 1975-01-01",-20.77,4.79,23,"1953-01-01 1975-01-01",55.28,6.51,23,"1953-01-01 1975-01-01",-17.41,5.36,30,"1946-01-01 1975-01-01",2.63,0.99,23,"1953-01-01 1975-01-01",17.03,10.24,30,"1946-01-01 1975-01-01",0.29,0.85,30,"1946-01-01 1975-01-01",20.62,11.02,30,"1946-01-01 1975-01-01",7.6,5.41,21,"1955-01-01 1975-01-01",,,,
1975-12-01,-8.48,3.66,22,"1953-12-01 1974-12-01",83.67,3.83,22,"1953-12-01 1974-12-01",-2.13,4.45,30,"1945-12-01 1974-12-01",33.82,4.24,22,"1953-12-01 1974-12-01",-17.16,4.12,22,"1953-12-01 1974-12-01",53.37,5.47,22,"1953-12-01 1974-12-01",-13.98,4.36,30,"1945-12-01 1974-12-01",2.58,1.36,22,"1953-12-01 1974-12-01",16.64,11.72,30,"1945-12-01 1974-12-01",0.08,0.3,30,"1945-12-01 1974-12-01",19.92,13.01,30,"1945-12-01 1974-12-01",5.8,4.35,20,"1955-12-01 1974-12-01",,,,
1975-11-01,-5.01,2.97,22,"1953-11-01 1974-11-01",84.55,4.75,22,"1953-11-01 1974-11-01",2.74,4.49,30,"1945-11-01 1974-11-01",32.23,3.12,22,"1953-11-01 1974-11-01",-12.39,3.66,22,"1953-11-01 1974-11-01",51.04,7.72,22,"1953-11-01 1974-11-01",-8.77,3.93,30,"1945-11-01 1974-11-01",2.33,0.91,22,"1953-11-01 1974-11-01",15.83,13.33,30,"1945-11-01 1974-11-01",0.66,1.4,30,"1945-11-01 1974-11-01",17.88,15.38,30,"1945-11-01 1974-11-01",2.9,3.49,20,"1955-11-01 1974-11-01",,,,
1975-10-01,0.49,1.25,22,"1953-10-01 1974-10-01",81.97,3.7,22,"1953-10-01 1974-10-01",12,2.94,30,"1945-10-01 1974-10-01",34.61,2.43,22,"1953-10-01 1974-10-01",-5.98,1.31,22,"1953-10-01 1974-10-01",38.58,6.48,22,"1953-10-01 1974-10-01",-1.34,1.82,30,"1945-10-01 1974-10-01",2.55,0.84,22,"1953-10-01 1974-10-01",19.27,14.64,30,"1945-10-01 1974-10-01",6.79,5.35,30,"1945-10-01 1974-10-01",14.2,13.56,30,"1945-10-01 1974-10-01",0.7,1.21,20,"1955-10-01 1974-10-01",,,,
1975-09-01,5.42,1.64,22,"1953-09-01 1974-09-01",85.92,4.12,22,"1953-09-01 1974-09-01",17.21,2.78,30,"1945-09-01 1974-09-01",32.7,2.64,22,"1953-09-01 1974-09-01",-0.24,1.67,22,"1953-09-01 1974-09-01",40.67,7.18,22,"1953-09-01 1974-09-01",3.7,1.47,30,"1945-09-01 1974-09-01",2.57,1.03,22,"1953-09-01 1974-09-01",35.78,20.84,30,"1945-09-01 1974-09-01",28.21,15.25,30,"1945-09-01 1974-09-01",8.43,11.49,30,"1945-09-01 1974-09-01",0.1,0.29,20,"1955-09-01 1974-09-01",,,,
1975-08-01,10.31,1.45,22,"1953-08-01 1974-08-01",86.34,4.31,22,"1953-08-01 1974-08-01",22.4,2.39,30,"1945-08-01 1974-08-01",30.57,2.49,22,"1953-08-01 1974-08-01",4.39,1.49,22,"1953-08-01 1974-08-01",38.47,7.25,22,"1953-08-01 1974-08-01",8.32,1.07,30,"1945-08-01 1974-08-01",2.03,1.13,22,"1953-08-01 1974-08-01",56.31,48.33,30,"1945-08-01 1974-08-01",56.27,48.3,30,"1945-08-01 1974-08-01",0.04,0.23,30,"1945-08-01 1974-08-01",0,0,20,"1955-08-01 1974-08-01",,,,
1975-07-01,11.13,1.24,22,"1953-07-01 1974-07-01",85.8,3.67,22,"1953-07-01 1974-07-01",23.33,1.39,30,"1945-07-01 1974-07-01",31.8,2.42,22,"1953-07-01 1974-07-01",4.96,1.41,22,"1953-07-01 1974-07-01",38.3,5.12,22,"1953-07-01 1974-07-01",9.35,0.84,30,"1945-07-01 1974-07-01",2.07,1.04,22,"1953-07-01 1974-07-01",65.47,34.74,30,"1945-07-01 1974-07-01",65.47,34.74,30,"1945-07-01 1974-07-01",0,0,30,"1945-07-01 1974-07-01",0,0,20,"1955-07-01 1974-07-01",,,,
1975-06-01,8.19,0.91,22,"1953-06-01 1974-06-01",84.18,4.65,22,"1953-06-01 1974-06-01",19.69,2.07,30,"1945-06-01 1974-06-01",34.33,2.6,22,"1953-06-01 1974-06-01",2.05,1.11,22,"1953-06-01 1974-06-01",38.73,6.15,22,"1953-06-01 1974-06-01",6.97,1.06,30,"1945-06-01 1974-06-01",3,1.27,22,"1953-06-01 1974-06-01",92.09,43.79,30,"1945-06-01 1974-06-01",90.27,43.16,30,"1945-06-01 1974-06-01",1.86,8.41,30,"1945-06-01 1974-06-01",0,0,20,"1955-06-01 1974-06-01",,,,
1975-05-01,3.45,1.13,22,"1953-05-01 1974-05-01",82.28,4.59,22,"1953-05-01 1974-05-01",16.03,1.86,30,"1945-05-01 1974-05-01",34.82,2.64,22,"1953-05-01 1974-05-01",-2.67,1.4,22,"1953-05-01 1974-05-01",36.74,5.51,22,"1953-05-01 1974-05-01",2.75,1.17,30,"1945-05-01 1974-05-01",3.58,1.44,22,"1953-05-01 1974-05-01",45.3,22.81,30,"1945-05-01 1974-05-01",37.29,20.47,30,"1945-05-01 1974-05-01",8.8,9.19,30,"1945-05-01 1974-05-01",0.2,0.38,20,"1955-05-01 1974-05-01",,,,
1975-04-01,-1.12,1.48,22,"1953-04-01 1974-04-01",85.59,3.95,22,"1953-04-01 1974-04-01",9.14,3.43,30,"1945-04-01 1974-04-01",35.33,3.23,22,"1953-04-01 1974-04-01",-7.67,2.03,22,"1953-04-01 1974-04-01",42.45,8.18,22,"1953-04-01 1974-04-01",-3.05,2.1,30,"1945-04-01 1974-04-01",3.46,1.11,22,"1953-04-01 1974-04-01",31.82,18.36,30,"1945-04-01 1974-04-01",9.13,13.03,30,"1945-04-01 1974-04-01",25.68,15.59,30,"1945-04-01 1974-04-01",1.3,1.24,20,"1955-04-01 1974-04-01",,,,
1975-03-01,-5.23,2.11,22,"1953-03-01 1974-03-01",88.02,3.05,22,"1953-03-01 1974-03-01",1.39,3.46,30,"1945-03-01 1974-03-01",32.92,2.81,22,"1953-03-01 1974-03-01",-12.64,2.56,22,"1953-03-01 1974-03-01",52.29,7.29,22,"1953-03-01 1974-03-01",-9.72,3.26,30,"1945-03-01 1974-03-01",2.9,1.06,22,"1953-03-01 1974-03-01",19.71,10.2,30,"1945-03-01 1974-03-01",0.49,1.38,30,"1945-03-01 1974-03-01",22,9.69,30,"1945-03-01 1974-03-01",4.6,4.1,20,"1955-03-01 1974-03-01",,,,
1975-02-01,-7.46,2.88,22,"1953-02-01 1974-02-01",85.39,3.96,22,"1953-02-01 1974-02-01",-1.77,3.81,30,"1945-02-01 1974-02-01",33.39,5.67,22,"1953-02-01 1974-02-01",-15.73,3.47,22,"1953-02-01 1974-02-01",55.44,7.19,22,"1953-02-01 1974-02-01",-13.38,3.9,30,"1945-02-01 1974-02-01",2.67,1.26,22,"1953-02-01 1974-02-01",18.53,11.67,30,"1945-02-01 1974-02-01",0.27,0.97,30,"1945-02-01 1974-02-01",20.91,11.8,30,"1945-02-01 1974-02-01",7.3,4.86,20,"1955-02-01 1974-02-01",,,,
1975-01-01,-11.79,4.51,22,"1953-01-01 1974-01-01",83.32,5.5,22,"1953-01-01 1974-01-01",-5.96,5.7,30,"1945-01-01 1974-01-01",33.53,4.76,22,"1953-01-01 1974-01-01",-20.84,4.89,22,"1953-01-01 1974-01-01",55.91,5.93,22,"1953-01-01 1974-01-01",-17.36,5.4,30,"1945-01-01 1974-01-01",2.67,1,22,"1953-01-01 1974-01-01",17.4,10.08,30,"1945-01-01 1974-01-01",0.29,0.85,30,"1945-01-01 1974-01-01",20.78,10.94,30,"1945-01-01 1974-01-01",7.9,5.34,20,"1955-01-01 1974-01-01",,,,
1974-12-01,-8.59,3.71,21,"1953-12-01 1973-12-01",84.02,3.55,21,"1953-12-01 1973-12-01",-2.21,4.36,30,"1944-12-01 1973-12-01",33.7,4.31,21,"1953-12-01 1973-12-01",-17.36,4.11,21,"1953-12-01 1973-12-01",53.79,5.23,21,"1953-12-01 1973-12-01",-14.07,4.27,30,"1944-12-01 1973-12-01",2.62,1.37,21,"1953-12-01 1973-12-01",16.67,11.69,30,"1944-12-01 1973-12-01",0.09,0.3,30,"1944-12-01 1973-12-01",19.83,13.1,30,"1944-12-01 1973-12-01",6.1,4.26,19,"1955-12-01 1973-12-01",,,,
1974-11-01,-5,3.04,21,"1953-11-01 1973-11-01",84.67,4.83,21,"1953-11-01 1973-11-01",2.66,4.46,30,"1944-11-01 1973-11-01",32.36,3.14,21,"1953-11-01 1973-11-01",-12.42,3.74,21,"1953-11-01 1973-11-01",51.52,7.57,21,"1953-11-01 1973-11-01",-8.75,3.94,30,"1944-11-01 1973-11-01",2.42,0.82,21,"1953-11-01 1973-11-01",15.85,13.32,30,"1944-11-01 1973-11-01",0.66,1.4,30,"1944-11-01 1973-11-01",17.83,15.41,30,"1944-11-01 1973-11-01",3,3.55,19,"1955-11-01 1973-11-01",,,,
1974-10-01,0.46,1.28,21,"1953-10-01 1973-10-01",82.2,3.63,21,"1953-10-01 1973-10-01",12.09,3.08,30,"1944-10-01 1973-10-01",34.6,2.49,21,"1953-10-01 1973-10-01",-6.02,1.32,21,"1953-10-01 1973-10-01",38.8,6.55,21,"1953-10-01 1973-10-01",-1.32,1.84,30,"1944-10-01 1973-10-01",2.52,0.85,21,"1953-10-01 1973-10-01",19.05,14.81,30,"1944-10-01 1973-10-01",6.66,5.41,30,"1944-10-01 1973-10-01",14.02,13.67,30,"1944-10-01 1973-10-01",0.8,1.23,19,"1955-10-01 1973-10-01",,,,
1974-09-01,5.44,1.68,21,"1953-09-01 1973-09-01",86.02,4.19,21,"1953-09-01 1973-09-01",17.25,2.79,30,"1944-09-01 1973-09-01",32.74,2.7,21,"1953-09-01 1973-09-01",-0.21,1.7,21,"1953-09-01 1973-09-01",40.69,7.35,21,"1953-09-01 1973-09-01",3.78,1.49,30,"1944-09-01 1973-09-01",2.52,1.03,21,"1953-09-01 1973-09-01",35.46,20.89,30,"1944-09-01 1973-09-01",27.61,15.31,30,"1944-09-01 1973-09-01",8.68,11.45,30,"1944-09-01 1973-09-01",0.1,0.3,19,"1955-09-01 1973-09-01",,,,
1974-08-01,10.37,1.46,21,"1953-08-01 1973-08-01",86.3,4.41,21,"1953-08-01 1973-08-01",22.44,2.36,30,"1944-08-01 1973-08-01",30.49,2.51,21,"1953-08-01 1973-08-01",4.41,1.52,21,"1953-08-01 1973-08-01",38.27,7.36,21,"1953-08-01 1973-08-01",8.34,1.06,30,"1944-08-01 1973-08-01",2.03,1.16,21,"1953-08-01 1973-08-01",55.46,48.41,30,"1944-08-01 1973-08-01",55.42,48.38,30,"1944-08-01 1973-08-01",0.04,0.23,30,"1944-08-01 1973-08-01",0,0,19,"1955-08-01 1973-08-01",,,,
1974-07-01,11.24,1.16,21,"1953-07-01 1973-07-01",86.17,3.33,21,"1953-07-01 1973-07-01",23.29,1.4,30,"1944-07-01 1973-07-01",31.72,2.44,21,"1953-07-01 1973-07-01",5.09,1.31,21,"1953-07-01 1973-07-01",38.6,5.05,21,"1953-07-01 1973-07-01",9.34,0.85,30,"1944-07-01 1973-07-01",2.1,1.05,21,"1953-07-01 1973-07-01",68.28,35.84,30,"1944-07-01 1973-07-01",68.28,35.84,30,"1944-07-01 1973-07-01",0,0,30,"1944-07-01 1973-07-01",0,0,19,"1955-07-01 1973-07-01",,,,
1974-06-01,8.22,0.92,21,"1953-06-01 1973-06-01",84.47,4.55,21,"1953-06-01 1973-06-01",19.55,1.98,30,"1944-06-01 1973-06-01",34.14,2.51,21,"1953-06-01 1973-06-01",2.11,1.1,21,"1953-06-01 1973-06-01",39.22,5.86,21,"1953-06-01 1973-06-01",6.96,1.06,30,"1944-06-01 1973-06-01",3.02,1.3,21,"1953-06-01 1973-06-01",94.21,41.68,30,"1944-06-01 1973-06-01",92.05,41.23,30,"1944-06-01 1973-06-01",2.2,8.53,30,"1944-06-01 1973-06-01",0,0,19,"1955-06-01 1973-06-01",,,,
1974-05-01,3.48,1.15,21,"1953-05-01 1973-05-01",82.1,4.62,21,"1953-05-01 1973-05-01",16.23,1.79,30,"1944-05-01 1973-05-01",34.77,2.69,21,"1953-05-01 1973-05-01",-2.71,1.42,21,"1953-05-01 1973-05-01",36.4,5.42,21,"1953-05-01 1973-05-01",2.84,1.18,30,"1944-05-01 1973-05-01",3.63,1.45,21,"1953-05-01 1973-05-01",45.21,22.72,30,"1944-05-01 1973-05-01",37.7,20.96,30,"1944-05-01 1973-05-01",8.24,9.2,30,"1944-05-01 1973-05-01",0.2,0.39,19,"1955-05-01 1973-05-01",,,,
1974-04-01,-1.22,1.46,21,"1953-04-01 1973-04-01",85.65,4.03,21,"1953-04-01 1973-04-01",9.2,3.49,30,"1944-04-01 1973-04-01",35.33,3.31,21,"1953-04-01 1973-04-01",-7.76,2.04,21,"1953-04-01 1973-04-01",42.67,8.31,21,"1953-04-01 1973-04-01",-3.04,2.11,30,"1944-04-01 1973-04-01",3.57,1.02,21,"1953-04-01 1973-04-01",30.8,18.14,30,"1944-04-01 1973-04-01",8.28,11.67,30,"1944-04-01 1973-04-01",25.44,15.85,30,"1944-04-01 1973-04-01",1.4,1.24,19,"1955-04-01 1973-04-01",,,,
1974-03-01,-5.18,2.14,21,"1953-03-01 1973-03-01",88.11,3.09,21,"1953-03-01 1973-03-01",1.39,3.46,30,"1944-03-01 1973-03-01",32.86,2.86,21,"1953-03-01 1973-03-01",-12.56,2.59,21,"1953-03-01 1973-03-01",52.2,7.45,21,"1953-03-01 1973-03-01",-9.69,3.25,30,"1944-03-01 1973-03-01",2.95,1.06,21,"1953-03-01 1973-03-01",20.02,10.27,30,"1944-03-01 1973-03-01",0.57,1.42,30,"1944-03-01 1973-03-01",21.95,9.68,30,"1944-03-01 1973-03-01",4.7,4.18,19,"1955-03-01 1973-03-01",,,,
1974-02-01,-7.53,2.93,21,"1953-02-01 1973-02-01",85.67,3.83,21,"1953-02-01 1973-02-01",-1.88,3.76,30,"1944-02-01 1973-02-01",33.34,5.8,21,"1953-02-01 1973-02-01",-15.87,3.49,21,"1953-02-01 1973-02-01",55.74,7.23,21,"1953-02-01 1973-02-01",-13.47,3.85,30,"1944-02-01 1973-02-01",2.68,1.29,21,"1953-02-01 1973-02-01",19.2,11.36,30,"1944-02-01 1973-02-01",0.27,0.97,30,"1944-02-01 1973-02-01",21.52,11.44,30,"1944-02-01 1973-02-01",7.1,4.96,19,"1955-02-01 1973-02-01",,,,
1974-01-01,-11.77,4.61,21,"1953-01-01 1973-01-01",83.45,5.6,21,"1953-01-01 1973-01-01",-5.64,5.92,30,"1944-01-01 1973-01-01",33.13,4.49,21,"1953-01-01 1973-01-01",-20.74,4.98,21,"1953-01-01 1973-01-01",56.07,6.02,21,"1953-01-01 1973-01-01",-17.05,5.5,30,"1944-01-01 1973-01-01",2.66,1.02,21,"1953-01-01 1973-01-01",16.78,10.21,30,"1944-01-01 1973-01-01",0.29,0.85,30,"1944-01-01 1973-01-01",19.65,10.7,30,"1944-01-01 1973-01-01",7.7,5.41,19,"1955-01-01 1973-01-01",,,,
1973-12-01,-8.65,3.79,20,"1953-12-01 1972-12-01",83.92,3.61,20,"1953-12-01 1972-12-01",-2,4.57,30,"1943-12-01 1972-12-01",33.87,4.35,20,"1953-12-01 1972-12-01",-17.47,4.18,20,"1953-12-01 1972-12-01",53.48,5.17,20,"1953-12-01 1972-12-01",-13.85,4.47,30,"1943-12-01 1972-12-01",2.74,1.31,20,"1953-12-01 1972-12-01",16.44,11.91,30,"1943-12-01 1972-12-01",0.09,0.3,30,"1943-12-01 1972-12-01",19.38,13.47,30,"1943-12-01 1972-12-01",6.1,4.38,18,"1955-12-01 1972-12-01",,,,
1973-11-01,-4.69,2.8,20,"1953-11-01 1972-11-01",84.59,4.94,20,"1953-11-01 1972-11-01",3.18,4.23,30,"1943-11-01 1972-11-01",32.67,2.88,20,"1953-11-01 1972-11-01",-12.08,3.5,20,"1953-11-01 1972-11-01",50.72,6.82,20,"1953-11-01 1972-11-01",-8.31,3.65,30,"1943-11-01 1972-11-01",2.45,0.83,20,"1953-11-01 1972-11-01",15.06,13.53,30,"1943-11-01 1972-11-01",0.65,1.4,30,"1943-11-01 1972-11-01",16.55,15.24,30,"1943-11-01 1972-11-01",2.5,3.02,18,"1955-11-01 1972-11-01",,,,
1973-10-01,0.49,1.3,20,"1953-10-01 1972-10-01",82.12,3.7,20,"1953-10-01 1972-10-01",12.15,3.09,30,"1943-10-01 1972-10-01",34.65,2.54,20,"1953-10-01 1972-10-01",-6.01,1.36,20,"1953-10-01 1972-10-01",39.04,6.62,20,"1953-10-01 1972-10-01",-1.22,1.88,30,"1943-10-01 1972-10-01",2.58,0.84,20,"1953-10-01 1972-10-01",19.69,14.7,30,"1943-10-01 1972-10-01",6.8,5.37,30,"1943-10-01 1972-10-01",14.51,13.59,30,"1943-10-01 1972-10-01",0.8,1.25,18,"1955-10-01 1972-10-01",,,,
1973-09-01,5.4,1.71,20,"1953-09-01 1972-09-01",85.91,4.26,20,"1953-09-01 1972-09-01",17.34,2.84,30,"1943-09-01 1972-09-01",32.82,2.74,20,"1953-09-01 1972-09-01",-0.3,1.7,20,"1953-09-01 1972-09-01",40.58,7.51,20,"1953-09-01 1972-09-01",3.76,1.49,30,"1943-09-01 1972-09-01",2.59,1.01,20,"1953-09-01 1972-09-01",35.06,21.14,30,"1943-09-01 1972-09-01",27.03,15.63,30,"1943-09-01 1972-09-01",8.86,11.36,30,"1943-09-01 1972-09-01",0.1,0.3,18,"1955-09-01 1972-09-01",,,,
1973-08-01,10.38,1.5,20,"1953-08-01 1972-08-01",86.31,4.52,20,"1953-08-01 1972-08-01",22.45,2.36,30,"1943-08-01 1972-08-01",30.3,2.43,20,"1953-08-01 1972-08-01",4.45,1.54,20,"1953-08-01 1972-08-01",38.26,7.54,20,"1953-08-01 1972-08-01",8.34,1.06,30,"1943-08-01 1972-08-01",2.01,1.19,20,"1953-08-01 1972-08-01",54.36,48.12,30,"1943-08-01 1972-08-01",54.32,48.1,30,"1943-08-01 1972-08-01",0.04,0.23,30,"1943-08-01 1972-08-01",0,0,18,"1955-08-01 1972-08-01",,,,
1973-07-01,11.34,1.09,20,"1953-07-01 1972-07-01",86.47,3.12,20,"1953-07-01 1972-07-01",23.33,1.42,30,"1943-07-01 1972-07-01",31.6,2.45,20,"1953-07-01 1972-07-01",5.2,1.24,20,"1953-07-01 1972-07-01",38.91,4.98,20,"1953-07-01 1972-07-01",9.36,0.85,30,"1943-07-01 1972-07-01",2.13,1.07,20,"1953-07-01 1972-07-01",68.02,36.08,30,"1943-07-01 1972-07-01",68.02,36.08,30,"1943-07-01 1972-07-01",0,0,30,"1943-07-01 1972-07-01",0,0,18,"1955-07-01 1972-07-01",,,,
1973-06-01,8.26,0.92,20,"1953-06-01 1972-06-01",84.77,4.47,20,"1953-06-01 1972-06-01",19.45,2.02,30,"1943-06-01 1972-06-01",34,2.49,20,"1953-06-01 1972-06-01",2.18,1.08,20,"1953-06-01 1972-06-01",39.45,5.91,20,"1953-06-01 1972-06-01",6.89,1.12,30,"1943-06-01 1972-06-01",3.08,1.3,20,"1953-06-01 1972-06-01",93.68,41.88,30,"1943-06-01 1972-06-01",91.5,41.42,30,"1943-06-01 1972-06-01",2.21,8.53,30,"1943-06-01 1972-06-01",0,0,18,"1955-06-01 1972-06-01",,,,
1973-05-01,3.56,1.12,20,"1953-05-01 1972-05-01",82.6,4.15,20,"1953-05-01 1972-05-01",16.09,1.78,30,"1943-05-01 1972-05-01",34.8,2.75,20,"1953-05-01 1972-05-01",-2.65,1.43,20,"1953-05-01 1972-05-01",36.84,5.18,20,"1953-05-01 1972-05-01",2.78,1.2,30,"1943-05-01 1972-05-01",3.76,1.36,20,"1953-05-01 1972-05-01",46.26,22.64,30,"1943-05-01 1972-05-01",38.16,20.9,30,"1943-05-01 1972-05-01",8.83,9.22,30,"1943-05-01 1972-05-01",0.3,0.4,18,"1955-05-01 1972-05-01",,,,
1973-04-01,-1.23,1.49,20,"1953-04-01 1972-04-01",85.51,4.08,20,"1953-04-01 1972-04-01",9.38,3.58,30,"1943-04-01 1972-04-01",35.23,3.36,20,"1953-04-01 1972-04-01",-7.85,2.05,20,"1953-04-01 1972-04-01",42.49,8.48,20,"1953-04-01 1972-04-01",-2.94,2.17,30,"1943-04-01 1972-04-01",3.51,1.01,20,"1953-04-01 1972-04-01",30.18,18.61,30,"1943-04-01 1972-04-01",8.19,11.67,30,"1943-04-01 1972-04-01",24.79,16.44,30,"1943-04-01 1972-04-01",1.4,1.26,18,"1955-04-01 1972-04-01",,,,
1973-03-01,-5.32,2.1,20,"1953-03-01 1972-03-01",88.13,3.17,20,"1953-03-01 1972-03-01",1.13,3.41,30,"1943-03-01 1972-03-01",32.77,2.9,20,"1953-03-01 1972-03-01",-12.78,2.45,20,"1953-03-01 1972-03-01",52.51,7.5,20,"1953-03-01 1972-03-01",-9.95,3.19,30,"1943-03-01 1972-03-01",3.01,1.05,20,"1953-03-01 1972-03-01",20.72,10.26,30,"1943-03-01 1972-03-01",0.57,1.42,30,"1943-03-01 1972-03-01",22.54,9.67,30,"1943-03-01 1972-03-01",4.9,4.16,18,"1955-03-01 1972-03-01",,,,
1973-02-01,-7.52,3,20,"1953-02-01 1972-02-01",85.76,3.9,20,"1953-02-01 1972-02-01",-1.74,3.83,30,"1943-02-01 1972-02-01",33.48,5.9,20,"1953-02-01 1972-02-01",-15.9,3.58,20,"1953-02-01 1972-02-01",55.65,7.39,20,"1953-02-01 1972-02-01",-13.34,3.94,30,"1943-02-01 1972-02-01",2.7,1.32,20,"1953-02-01 1972-02-01",19.22,11.36,30,"1943-02-01 1972-02-01",0.27,0.97,30,"1943-02-01 1972-02-01",21.24,11.39,30,"1943-02-01 1972-02-01",7.1,5.08,18,"1955-02-01 1972-02-01",,,,
1973-01-01,-11.91,4.69,20,"1953-01-01 1972-01-01",83.82,5.48,20,"1953-01-01 1972-01-01",-5.96,5.89,30,"1943-01-01 1972-01-01",32.95,4.53,20,"1953-01-01 1972-01-01",-20.94,5.02,20,"1953-01-01 1972-01-01",56.52,5.82,20,"1953-01-01 1972-01-01",-17.31,5.5,30,"1943-01-01 1972-01-01",2.67,1.04,20,"1953-01-01 1972-01-01",17.45,9.97,30,"1943-01-01 1972-01-01",0.29,0.85,30,"1943-01-01 1972-01-01",20.29,10.33,30,"1943-01-01 1972-01-01",7.7,5.55,18,"1955-01-01 1972-01-01",,,,
1972-12-01,-8.51,3.84,19,"1953-12-01 1971-12-01",83.89,3.71,19,"1953-12-01 1971-12-01",-1.94,4.53,30,"1942-12-01 1971-12-01",33.95,4.45,19,"1953-12-01 1971-12-01",-17.26,4.18,19,"1953-12-01 1971-12-01",53.42,5.3,19,"1953-12-01 1971-12-01",-13.68,4.35,30,"1942-12-01 1971-12-01",2.78,1.33,19,"1953-12-01 1971-12-01",15.5,11.45,30,"1942-12-01 1971-12-01",0.09,0.3,30,"1942-12-01 1971-12-01",18.03,12.52,30,"1942-12-01 1971-12-01",5.5,3.9,17,"1955-12-01 1971-12-01",,,,
1972-11-01,-4.74,2.86,19,"1953-11-01 1971-11-01",84.51,5.05,19,"1953-11-01 1971-11-01",3.02,4.3,30,"1942-11-01 1971-11-01",32.74,2.94,19,"1953-11-01 1971-11-01",-12.25,3.51,19,"1953-11-01 1971-11-01",50.45,6.89,19,"1953-11-01 1971-11-01",-8.46,3.66,30,"1942-11-01 1971-11-01",2.49,0.84,19,"1953-11-01 1971-11-01",16.09,13.92,30,"1942-11-01 1971-11-01",0.64,1.41,30,"1942-11-01 1971-11-01",17.54,15.51,30,"1942-11-01 1971-11-01",2.6,3.06,17,"1955-11-01 1971-11-01",,,,
1972-10-01,0.57,1.28,19,"1953-10-01 1971-10-01",82.1,3.79,19,"1953-10-01 1971-10-01",12.23,3.07,30,"1942-10-01 1971-10-01",34.76,2.55,19,"1953-10-01 1971-10-01",-5.92,1.33,19,"1953-10-01 1971-10-01",38.82,6.72,19,"1953-10-01 1971-10-01",-1.06,1.78,30,"1942-10-01 1971-10-01",2.57,0.86,19,"1953-10-01 1971-10-01",19.64,14.7,30,"1942-10-01 1971-10-01",6.9,5.3,30,"1942-10-01 1971-10-01",14.19,13.53,30,"1942-10-01 1971-10-01",0.8,1.28,17,"1955-10-01 1971-10-01",,,,
1972-09-01,5.5,1.69,19,"1953-09-01 1971-09-01",85.89,4.37,19,"1953-09-01 1971-09-01",17.52,2.67,30,"1942-09-01 1971-09-01",32.8,2.8,19,"1953-09-01 1971-09-01",-0.23,1.73,19,"1953-09-01 1971-09-01",39.98,7.23,19,"1953-09-01 1971-09-01",3.88,1.41,30,"1942-09-01 1971-09-01",2.55,1.02,19,"1953-09-01 1971-09-01",34.74,20.89,30,"1942-09-01 1971-09-01",27.61,16,30,"1942-09-01 1971-09-01",7.62,10.15,30,"1942-09-01 1971-09-01",0.1,0.25,17,"1955-09-01 1971-09-01",,,,
1972-08-01,10.29,1.48,19,"1953-08-01 1971-08-01",86.19,4.61,19,"1953-08-01 1971-08-01",22.38,2.34,30,"1942-08-01 1971-08-01",30.34,2.49,19,"1953-08-01 1971-08-01",4.33,1.49,19,"1953-08-01 1971-08-01",38.24,7.74,19,"1953-08-01 1971-08-01",8.3,1.03,30,"1942-08-01 1971-08-01",2.08,1.17,19,"1953-08-01 1971-08-01",54.29,48.12,30,"1942-08-01 1971-08-01",54.25,48.09,30,"1942-08-01 1971-08-01",0.04,0.23,30,"1942-08-01 1971-08-01",0,0,17,"1955-08-01 1971-08-01",,,,
1972-07-01,11.4,1.08,19,"1953-07-01 1971-07-01",86.36,3.16,19,"1953-07-01 1971-07-01",23.4,1.3,30,"1942-07-01 1971-07-01",31.6,2.51,19,"1953-07-01 1971-07-01",5.21,1.27,19,"1953-07-01 1971-07-01",38.51,4.79,19,"1953-07-01 1971-07-01",9.43,0.81,30,"1942-07-01 1971-07-01",2.16,1.09,19,"1953-07-01 1971-07-01",69.8,37.49,30,"1942-07-01 1971-07-01",69.8,37.49,30,"1942-07-01 1971-07-01",0,0,30,"1942-07-01 1971-07-01",0,0,17,"1955-07-01 1971-07-01",,,,
1972-06-01,8.22,0.92,19,"1953-06-01 1971-06-01",85.1,4.33,19,"1953-06-01 1971-06-01",19.31,2,30,"1942-06-01 1971-06-01",33.96,2.55,19,"1953-06-01 1971-06-01",2.12,1.08,19,"1953-06-01 1971-06-01",39.59,6.03,19,"1953-06-01 1971-06-01",6.84,1.09,30,"1942-06-01 1971-06-01",3.08,1.33,19,"1953-06-01 1971-06-01",92.14,40.97,30,"1942-06-01 1971-06-01",89.96,40.41,30,"1942-06-01 1971-06-01",2.21,8.53,30,"1942-06-01 1971-06-01",0,0,17,"1955-06-01 1971-06-01",,,,
1972-05-01,3.54,1.15,19,"1953-05-01 1971-05-01",82.77,4.19,19,"1953-05-01 1971-05-01",15.98,1.79,30,"1942-05-01 1971-05-01",34.72,2.8,19,"1953-05-01 1971-05-01",-2.7,1.46,19,"1953-05-01 1971-05-01",37.06,5.23,19,"1953-05-01 1971-05-01",2.77,1.2,30,"1942-05-01 1971-05-01",3.77,1.4,19,"1953-05-01 1971-05-01",47.5,22.8,30,"1942-05-01 1971-05-01",39.04,21.14,30,"1942-05-01 1971-05-01",9.19,9.07,30,"1942-05-01 1971-05-01",0.3,0.4,17,"1955-05-01 1971-05-01",,,,
1972-04-01,-1.12,1.45,19,"1953-04-01 1971-04-01",86.04,3.44,19,"1953-04-01 1971-04-01",9.43,3.6,30,"1942-04-01 1971-04-01",34.86,3.02,19,"1953-04-01 1971-04-01",-7.71,2.02,19,"1953-04-01 1971-04-01",43.26,8,19,"1953-04-01 1971-04-01",-2.9,2.17,30,"1942-04-01 1971-04-01",3.6,0.96,19,"1953-04-01 1971-04-01",29.85,18.93,30,"1942-04-01 1971-04-01",8.26,11.63,30,"1942-04-01 1971-04-01",24.25,16.83,30,"1942-04-01 1971-04-01",1.5,1.27,17,"1955-04-01 1971-04-01",,,,
1972-03-01,-5.4,2.13,19,"1953-03-01 1971-03-01",88.24,3.21,19,"1953-03-01 1971-03-01",1.15,3.44,30,"1942-03-01 1971-03-01",32.69,2.95,19,"1953-03-01 1971-03-01",-12.91,2.44,19,"1953-03-01 1971-03-01",52.56,7.69,19,"1953-03-01 1971-03-01",-9.89,3.23,30,"1942-03-01 1971-03-01",3.05,1.06,19,"1953-03-01 1971-03-01",20.68,10.3,30,"1942-03-01 1971-03-01",0.52,1.41,30,"1942-03-01 1971-03-01",22.33,9.86,30,"1942-03-01 1971-03-01",4.7,4.2,17,"1955-03-01 1971-03-01",,,,
1972-02-01,-7.19,2.72,19,"1953-02-01 1971-02-01",85.96,3.9,19,"1953-02-01 1971-02-01",-1.57,3.64,30,"1942-02-01 1971-02-01",33.41,6.05,19,"1953-02-01 1971-02-01",-15.61,3.44,19,"1953-02-01 1971-02-01",55.44,7.53,19,"1953-02-01 1971-02-01",-13.26,3.86,30,"1942-02-01 1971-02-01",2.73,1.34,19,"1953-02-01 1971-02-01",19.82,11.93,30,"1942-02-01 1971-02-01",0.27,0.97,30,"1942-02-01 1971-02-01",21.48,11.69,30,"1942-02-01 1971-02-01",7,5.22,17,"1955-02-01 1971-02-01",,,,
1972-01-01,-11.67,4.69,19,"1953-01-01 1971-01-01",84.33,5.14,19,"1953-01-01 1971-01-01",-5.48,6.1,30,"1942-01-01 1971-01-01",32.5,4.19,19,"1953-01-01 1971-01-01",-20.71,5.06,19,"1953-01-01 1971-01-01",56.89,5.74,19,"1953-01-01 1971-01-01",-16.89,5.68,30,"1942-01-01 1971-01-01",2.53,0.89,19,"1953-01-01 1971-01-01",17.44,9.97,30,"1942-01-01 1971-01-01",0.29,0.85,30,"1942-01-01 1971-01-01",19.86,10.2,30,"1942-01-01 1971-01-01",7.7,5.71,17,"1955-01-01 1971-01-01",,,,
1971-12-01,-8.22,3.72,18,"1953-12-01 1970-12-01",84.17,3.6,18,"1953-12-01 1970-12-01",-1.7,4.42,30,"1941-12-01 1970-12-01",33.71,4.45,18,"1953-12-01 1970-12-01",-16.9,4,18,"1953-12-01 1970-12-01",53.48,5.44,18,"1953-12-01 1970-12-01",-13.41,4.18,30,"1941-12-01 1970-12-01",2.78,1.37,18,"1953-12-01 1970-12-01",14.83,11.32,30,"1941-12-01 1970-12-01",0.09,0.3,30,"1941-12-01 1970-12-01",16.97,12.02,30,"1941-12-01 1970-12-01",5.5,4.01,16,"1955-12-01 1970-12-01",,,,
1971-11-01,-4.77,2.94,18,"1953-11-01 1970-11-01",84.47,5.19,18,"1953-11-01 1970-11-01",3.16,4.38,30,"1941-11-01 1970-11-01",32.71,3.02,18,"1953-11-01 1970-11-01",-12.34,3.59,18,"1953-11-01 1970-11-01",50.21,7.01,18,"1953-11-01 1970-11-01",-8.39,3.69,30,"1941-11-01 1970-11-01",2.47,0.86,18,"1953-11-01 1970-11-01",16.05,13.96,30,"1941-11-01 1970-11-01",0.64,1.41,30,"1941-11-01 1970-11-01",17.48,15.57,30,"1941-11-01 1970-11-01",2.8,3.1,16,"1955-11-01 1970-11-01",,,,
1971-10-01,0.64,1.28,18,"1953-10-01 1970-10-01",82.23,3.86,18,"1953-10-01 1970-10-01",12.28,3.08,30,"1941-10-01 1970-10-01",34.85,2.6,18,"1953-10-01 1970-10-01",-5.87,1.35,18,"1953-10-01 1970-10-01",38.85,6.91,18,"1953-10-01 1970-10-01",-1.01,1.75,30,"1941-10-01 1970-10-01",2.62,0.85,18,"1953-10-01 1970-10-01",18.9,14.93,30,"1941-10-01 1970-10-01",6.79,5.37,30,"1941-10-01 1970-10-01",13.21,13.35,30,"1941-10-01 1970-10-01",0.8,1.32,16,"1955-10-01 1970-10-01",,,,
1971-09-01,5.6,1.68,18,"1953-09-01 1970-09-01",85.97,4.47,18,"1953-09-01 1970-09-01",17.44,2.76,30,"1941-09-01 1970-09-01",32.76,2.88,18,"1953-09-01 1970-09-01",-0.16,1.74,18,"1953-09-01 1970-09-01",39.98,7.43,18,"1953-09-01 1970-09-01",3.87,1.42,30,"1941-09-01 1970-09-01",2.55,1.04,18,"1953-09-01 1970-09-01",35.26,21.21,30,"1941-09-01 1970-09-01",27.82,16.15,30,"1941-09-01 1970-09-01",7.93,10.19,30,"1941-09-01 1970-09-01",0.1,0.26,16,"1955-09-01 1970-09-01",,,,
1971-08-01,10.23,1.5,18,"1953-08-01 1970-08-01",86.5,4.54,18,"1953-08-01 1970-08-01",22.2,2.11,30,"1941-08-01 1970-08-01",30.23,2.5,18,"1953-08-01 1970-08-01",4.3,1.53,18,"1953-08-01 1970-08-01",38.75,7.63,18,"1953-08-01 1970-08-01",8.22,0.88,30,"1941-08-01 1970-08-01",2.11,1.2,18,"1953-08-01 1970-08-01",55.96,48.11,30,"1941-08-01 1970-08-01",55.91,48.08,30,"1941-08-01 1970-08-01",0.04,0.23,30,"1941-08-01 1970-08-01",0,0,16,"1955-08-01 1970-08-01",,,,
1971-07-01,11.46,1.08,18,"1953-07-01 1970-07-01",86.47,3.22,18,"1953-07-01 1970-07-01",23.51,1.42,30,"1941-07-01 1970-07-01",31.53,2.56,18,"1953-07-01 1970-07-01",5.26,1.29,18,"1953-07-01 1970-07-01",38.78,4.78,18,"1953-07-01 1970-07-01",9.51,0.83,30,"1941-07-01 1970-07-01",2.2,1.1,18,"1953-07-01 1970-07-01",68.3,38.2,30,"1941-07-01 1970-07-01",68.3,38.2,30,"1941-07-01 1970-07-01",0,0,30,"1941-07-01 1970-07-01",0,0,16,"1955-07-01 1970-07-01",,,,
1971-06-01,8.23,0.95,18,"1953-06-01 1970-06-01",85.14,4.45,18,"1953-06-01 1970-06-01",19.37,2.03,30,"1941-06-01 1970-06-01",33.96,2.62,18,"1953-06-01 1970-06-01",2.13,1.11,18,"1953-06-01 1970-06-01",39.69,6.18,18,"1953-06-01 1970-06-01",6.9,1.14,30,"1941-06-01 1970-06-01",3.07,1.37,18,"1953-06-01 1970-06-01",91.66,41.01,30,"1941-06-01 1970-06-01",89.47,40.43,30,"1941-06-01 1970-06-01",2.21,8.53,30,"1941-06-01 1970-06-01",0,0,16,"1955-06-01 1970-06-01",,,,
1971-05-01,3.56,1.18,18,"1953-05-01 1970-05-01",83.06,4.11,18,"1953-05-01 1970-05-01",15.89,1.72,30,"1941-05-01 1970-05-01",34.7,2.87,18,"1953-05-01 1970-05-01",-2.68,1.49,18,"1953-05-01 1970-05-01",37.43,5.12,18,"1953-05-01 1970-05-01",2.76,1.2,30,"1941-05-01 1970-05-01",3.81,1.42,18,"1953-05-01 1970-05-01",49.75,23.11,30,"1941-05-01 1970-05-01",40.63,21.18,30,"1941-05-01 1970-05-01",9.86,9.21,30,"1941-05-01 1970-05-01",0.3,0.41,16,"1955-05-01 1970-05-01",,,,
1971-04-01,-1.2,1.45,18,"1953-04-01 1970-04-01",86.06,3.54,18,"1953-04-01 1970-04-01",9.57,3.73,30,"1941-04-01 1970-04-01",34.89,3.1,18,"1953-04-01 1970-04-01",-7.77,2.05,18,"1953-04-01 1970-04-01",43.52,8.14,18,"1953-04-01 1970-04-01",-2.89,2.18,30,"1941-04-01 1970-04-01",3.66,0.95,18,"1953-04-01 1970-04-01",29.49,19.25,30,"1941-04-01 1970-04-01",7.91,11.6,30,"1941-04-01 1970-04-01",24.1,16.99,30,"1941-04-01 1970-04-01",1.5,1.31,16,"1955-04-01 1970-04-01",,,,
1971-03-01,-5.3,2.14,18,"1953-03-01 1970-03-01",88.58,2.95,18,"1953-03-01 1970-03-01",1.28,3.46,30,"1941-03-01 1970-03-01",32.65,3.03,18,"1953-03-01 1970-03-01",-12.83,2.49,18,"1953-03-01 1970-03-01",52.67,7.89,18,"1953-03-01 1970-03-01",-9.82,3.24,30,"1941-03-01 1970-03-01",3.08,1.08,18,"1953-03-01 1970-03-01",20.45,10.23,30,"1941-03-01 1970-03-01",0.65,1.53,30,"1941-03-01 1970-03-01",21.74,9.66,30,"1941-03-01 1970-03-01",4.7,4.33,16,"1955-03-01 1970-03-01",,,,
1971-02-01,-7.28,2.77,18,"1953-02-01 1970-02-01",86.09,3.96,18,"1953-02-01 1970-02-01",-1.6,3.63,30,"1941-02-01 1970-02-01",33.38,6.21,18,"1953-02-01 1970-02-01",-15.77,3.47,18,"1953-02-01 1970-02-01",55.55,7.72,18,"1953-02-01 1970-02-01",-13.33,3.82,30,"1941-02-01 1970-02-01",2.81,1.34,18,"1953-02-01 1970-02-01",19.82,11.92,30,"1941-02-01 1970-02-01",0.27,0.97,30,"1941-02-01 1970-02-01",21.31,11.81,30,"1941-02-01 1970-02-01",7.1,5.35,16,"1955-02-01 1970-02-01",,,,
1971-01-01,-11.58,4.8,18,"1953-01-01 1970-01-01",84.45,5.25,18,"1953-01-01 1970-01-01",-5.3,6.12,30,"1941-01-01 1970-01-01",32.45,4.3,18,"1953-01-01 1970-01-01",-20.6,5.17,18,"1953-01-01 1970-01-01",57,5.87,18,"1953-01-01 1970-01-01",-16.67,5.67,30,"1941-01-01 1970-01-01",2.61,0.85,18,"1953-01-01 1970-01-01",17.02,9.93,30,"1941-01-01 1970-01-01",0.2,0.74,30,"1941-01-01 1970-01-01",19.13,9.97,30,"1941-01-01 1970-01-01",7.7,5.89,16,"1955-01-01 1970-01-01",,,,
1970-12-01,-7.9,3.59,17,"1953-12-01 1969-12-01",84.67,3.04,17,"1953-12-01 1969-12-01",-1.42,4.38,30,"1940-12-01 1969-12-01",33.77,4.57,17,"1953-12-01 1969-12-01",-16.57,3.88,17,"1953-12-01 1969-12-01",53.6,5.57,17,"1953-12-01 1969-12-01",-13.07,4.14,30,"1940-12-01 1969-12-01",2.84,1.38,17,"1953-12-01 1969-12-01",14.79,11.34,30,"1940-12-01 1969-12-01",0.09,0.3,30,"1940-12-01 1969-12-01",16.69,12.12,30,"1940-12-01 1969-12-01",5.3,4.09,15,"1955-12-01 1969-12-01",,,,
1970-11-01,-4.61,2.95,17,"1953-11-01 1969-11-01",84.35,5.31,17,"1953-11-01 1969-11-01",3.09,4.45,30,"1940-11-01 1969-11-01",32.98,2.9,17,"1953-11-01 1969-11-01",-12.17,3.62,17,"1953-11-01 1969-11-01",49.9,7.08,17,"1953-11-01 1969-11-01",-8.36,3.65,30,"1940-11-01 1969-11-01",2.53,0.85,17,"1953-11-01 1969-11-01",15.9,13.97,30,"1940-11-01 1969-11-01",0.64,1.41,30,"1940-11-01 1969-11-01",17.12,15.55,30,"1940-11-01 1969-11-01",2.8,3.2,15,"1955-11-01 1969-11-01",,,,
1970-10-01,0.77,1.2,17,"1953-10-01 1969-10-01",82.59,3.66,17,"1953-10-01 1969-10-01",12.32,3.08,30,"1940-10-01 1969-10-01",35,2.6,17,"1953-10-01 1969-10-01",-5.76,1.3,17,"1953-10-01 1969-10-01",39.03,7.06,17,"1953-10-01 1969-10-01",-0.89,1.77,30,"1940-10-01 1969-10-01",2.64,0.88,17,"1953-10-01 1969-10-01",19.45,15.42,30,"1940-10-01 1969-10-01",7.28,6.33,30,"1940-10-01 1969-10-01",13.23,13.35,30,"1940-10-01 1969-10-01",0.8,1.36,15,"1955-10-01 1969-10-01",,,,
1970-09-01,5.81,1.47,17,"1953-09-01 1969-09-01",86.5,4.02,17,"1953-09-01 1969-09-01",17.54,2.79,30,"1940-09-01 1969-09-01",32.61,2.89,17,"1953-09-01 1969-09-01",0.03,1.6,17,"1953-09-01 1969-09-01",40.49,7.32,17,"1953-09-01 1969-09-01",4,1.47,30,"1940-09-01 1969-09-01",2.62,1.03,17,"1953-09-01 1969-09-01",36.96,22.22,30,"1940-09-01 1969-09-01",29.79,18,30,"1940-09-01 1969-09-01",7.63,10.29,30,"1940-09-01 1969-09-01",0.1,0.27,15,"1955-09-01 1969-09-01",,,,
1970-08-01,10.32,1.5,17,"1953-08-01 1969-08-01",86.97,4.21,17,"1953-08-01 1969-08-01",22.23,2.17,30,"1940-08-01 1969-08-01",30.2,2.57,17,"1953-08-01 1969-08-01",4.39,1.53,17,"1953-08-01 1969-08-01",39.28,7.53,17,"1953-08-01 1969-08-01",8.17,0.92,30,"1940-08-01 1969-08-01",2.15,1.22,17,"1953-08-01 1969-08-01",55.9,48.17,30,"1940-08-01 1969-08-01",55.86,48.14,30,"1940-08-01 1969-08-01",0.04,0.23,30,"1940-08-01 1969-08-01",0,0,15,"1955-08-01 1969-08-01",,,,
1970-07-01,11.39,1.07,17,"1953-07-01 1969-07-01",86.63,3.23,17,"1953-07-01 1969-07-01",23.43,1.42,30,"1940-07-01 1969-07-01",31.62,2.6,17,"1953-07-01 1969-07-01",5.18,1.27,17,"1953-07-01 1969-07-01",38.74,4.92,17,"1953-07-01 1969-07-01",9.5,0.81,30,"1940-07-01 1969-07-01",2.25,1.12,17,"1953-07-01 1969-07-01",69.79,38.63,30,"1940-07-01 1969-07-01",69.79,38.63,30,"1940-07-01 1969-07-01",0,0,30,"1940-07-01 1969-07-01",0,0,15,"1955-07-01 1969-07-01",,,,
1970-06-01,8.11,0.84,17,"1953-06-01 1969-06-01",85.29,4.53,17,"1953-06-01 1969-06-01",19.28,1.92,30,"1940-06-01 1969-06-01",33.69,2.45,17,"1953-06-01 1969-06-01",2.04,1.07,17,"1953-06-01 1969-06-01",39.88,6.3,17,"1953-06-01 1969-06-01",6.82,1.08,30,"1940-06-01 1969-06-01",3.13,1.39,17,"1953-06-01 1969-06-01",87.87,39.84,30,"1940-06-01 1969-06-01",85.68,39.03,30,"1940-06-01 1969-06-01",2.21,8.53,30,"1940-06-01 1969-06-01",0,0,15,"1955-06-01 1969-06-01",,,,
1970-05-01,3.59,1.21,17,"1953-05-01 1969-05-01",83.22,4.18,17,"1953-05-01 1969-05-01",15.96,1.8,30,"1940-05-01 1969-05-01",34.68,2.96,17,"1953-05-01 1969-05-01",-2.66,1.53,17,"1953-05-01 1969-05-01",37.64,5.2,17,"1953-05-01 1969-05-01",2.84,1.24,30,"1940-05-01 1969-05-01",3.93,1.38,17,"1953-05-01 1969-05-01",50.03,22.79,30,"1940-05-01 1969-05-01",41.19,20.6,30,"1940-05-01 1969-05-01",9.44,9.37,30,"1940-05-01 1969-05-01",0.3,0.42,15,"1955-05-01 1969-05-01",,,,
1970-04-01,-1.14,1.47,17,"1953-04-01 1969-04-01",86.11,3.63,17,"1953-04-01 1969-04-01",9.5,3.79,30,"1940-04-01 1969-04-01",35,3.16,17,"1953-04-01 1969-04-01",-7.76,2.11,17,"1953-04-01 1969-04-01",43.64,8.36,17,"1953-04-01 1969-04-01",-2.85,2.17,30,"1940-04-01 1969-04-01",3.76,0.89,17,"1953-04-01 1969-04-01",31.31,22.08,30,"1940-04-01 1969-04-01",9.13,12.59,30,"1940-04-01 1969-04-01",24.19,17.13,30,"1940-04-01 1969-04-01",1.5,1.33,15,"1955-04-01 1969-04-01",,,,
1970-03-01,-5.31,2.2,17,"1953-03-01 1969-03-01",88.59,3.03,17,"1953-03-01 1969-03-01",1.27,3.46,30,"1940-03-01 1969-03-01",32.53,3.07,17,"1953-03-01 1969-03-01",-12.85,2.56,17,"1953-03-01 1969-03-01",52.79,8.1,17,"1953-03-01 1969-03-01",-9.74,3.28,30,"1940-03-01 1969-03-01",3.2,0.99,17,"1953-03-01 1969-03-01",20.37,10.22,30,"1940-03-01 1969-03-01",0.69,1.54,30,"1940-03-01 1969-03-01",21.29,9.44,30,"1940-03-01 1969-03-01",4.7,4.47,15,"1955-03-01 1969-03-01",,,,
1970-02-01,-7.4,2.81,17,"1953-02-01 1969-02-01",86.33,3.95,17,"1953-02-01 1969-02-01",-1.92,3.6,30,"1940-02-01 1969-02-01",33.59,6.33,17,"1953-02-01 1969-02-01",-15.95,3.48,17,"1953-02-01 1969-02-01",56.01,7.7,17,"1953-02-01 1969-02-01",-13.52,3.76,30,"1940-02-01 1969-02-01",2.82,1.38,17,"1953-02-01 1969-02-01",20.26,11.77,30,"1940-02-01 1969-02-01",0.27,0.97,30,"1940-02-01 1969-02-01",21.57,11.75,30,"1940-02-01 1969-02-01",7.5,5.32,15,"1955-02-01 1969-02-01",,,,
1970-01-01,-11.4,4.88,17,"1953-01-01 1969-01-01",84.93,5,17,"1953-01-01 1969-01-01",-5.24,6.1,30,"1940-01-01 1969-01-01",32.76,4.21,17,"1953-01-01 1969-01-01",-20.47,5.29,17,"1953-01-01 1969-01-01",57.37,5.84,17,"1953-01-01 1969-01-01",-16.62,5.65,30,"1940-01-01 1969-01-01",2.59,0.87,17,"1953-01-01 1969-01-01",16.8,10.09,30,"1940-01-01 1969-01-01",0.2,0.74,30,"1940-01-01 1969-01-01",18.55,10.19,30,"1940-01-01 1969-01-01",7.8,6.06,15,"1955-01-01 1969-01-01",,,,
1969-12-01,-8.03,3.66,16,"1953-12-01 1968-12-01",84.63,3.13,16,"1953-12-01 1968-12-01",-1.32,4.49,30,"1939-12-01 1968-12-01",34.28,4.22,16,"1953-12-01 1968-12-01",-16.78,3.9,16,"1953-12-01 1968-12-01",53.77,5.7,16,"1953-12-01 1968-12-01",-12.97,4.25,30,"1939-12-01 1968-12-01",2.93,1.38,16,"1953-12-01 1968-12-01",14.81,11.32,30,"1939-12-01 1968-12-01",0.14,0.39,30,"1939-12-01 1968-12-01",16.61,12.21,30,"1939-12-01 1968-12-01",5.7,4,14,"1955-12-01 1968-12-01",,,,
1969-11-01,-4.61,3.04,16,"1953-11-01 1968-11-01",85.38,3.43,16,"1953-11-01 1968-11-01",3.18,4.57,30,"1939-11-01 1968-11-01",32.78,2.87,16,"1953-11-01 1968-11-01",-12.24,3.72,16,"1953-11-01 1968-11-01",50.7,6.51,16,"1953-11-01 1968-11-01",-8.24,3.8,30,"1939-11-01 1968-11-01",2.56,0.86,16,"1953-11-01 1968-11-01",15.95,13.93,30,"1939-11-01 1968-11-01",0.67,1.4,30,"1939-11-01 1968-11-01",17.1,15.57,30,"1939-11-01 1968-11-01",2.9,3.24,14,"1955-11-01 1968-11-01",,,,
1969-10-01,0.9,1.13,16,"1953-10-01 1968-10-01",82.33,3.62,16,"1953-10-01 1968-10-01",12.33,3.07,30,"1939-10-01 1968-10-01",35.32,2.31,16,"1953-10-01 1968-10-01",-5.66,1.28,16,"1953-10-01 1968-10-01",38.48,6.92,16,"1953-10-01 1968-10-01",-0.85,1.69,30,"1939-10-01 1968-10-01",2.72,0.84,16,"1953-10-01 1968-10-01",20.91,18.31,30,"1939-10-01 1968-10-01",8.03,7.96,30,"1939-10-01 1968-10-01",13.73,14.09,30,"1939-10-01 1968-10-01",0.7,1.38,14,"1955-10-01 1968-10-01",,,,
1969-09-01,5.78,1.51,16,"1953-09-01 1968-09-01",86.48,4.14,16,"1953-09-01 1968-09-01",17.53,2.79,30,"1939-09-01 1968-09-01",32.87,2.78,16,"1953-09-01 1968-09-01",-0.05,1.62,16,"1953-09-01 1968-09-01",40.31,7.5,16,"1953-09-01 1968-09-01",4.03,1.47,30,"1939-09-01 1968-09-01",2.69,1.03,16,"1953-09-01 1968-09-01",36.48,22.03,30,"1939-09-01 1968-09-01",29.33,17.6,30,"1939-09-01 1968-09-01",7.62,10.29,30,"1939-09-01 1968-09-01",0.1,0.28,14,"1955-09-01 1968-09-01",,,,
1969-08-01,10.42,1.49,16,"1953-08-01 1968-08-01",87.38,4,16,"1953-08-01 1968-08-01",22.26,2.2,30,"1939-08-01 1968-08-01",30.12,2.64,16,"1953-08-01 1968-08-01",4.53,1.47,16,"1953-08-01 1968-08-01",39.95,7.25,16,"1953-08-01 1968-08-01",8.17,0.92,30,"1939-08-01 1968-08-01",2.22,1.22,16,"1953-08-01 1968-08-01",55.83,48.23,30,"1939-08-01 1968-08-01",55.78,48.21,30,"1939-08-01 1968-08-01",0.04,0.23,30,"1939-08-01 1968-08-01",0,0,14,"1955-08-01 1968-08-01",,,,
1969-07-01,11.47,1.04,16,"1953-07-01 1968-07-01",86.69,3.32,16,"1953-07-01 1968-07-01",23.54,1.39,30,"1939-07-01 1968-07-01",31.61,2.68,16,"1953-07-01 1968-07-01",5.22,1.3,16,"1953-07-01 1968-07-01",38.58,5.03,16,"1953-07-01 1968-07-01",9.53,0.76,30,"1939-07-01 1968-07-01",2.38,1.03,16,"1953-07-01 1968-07-01",67.85,39.75,30,"1939-07-01 1968-07-01",67.85,39.75,30,"1939-07-01 1968-07-01",0,0,30,"1939-07-01 1968-07-01",0,0,14,"1955-07-01 1968-07-01",,,,
1969-06-01,8.2,0.78,16,"1953-06-01 1968-06-01",85.77,4.24,16,"1953-06-01 1968-06-01",19.1,2.08,30,"1939-06-01 1968-06-01",33.89,2.39,16,"1953-06-01 1968-06-01",2.08,1.09,16,"1953-06-01 1968-06-01",39.87,6.5,16,"1953-06-01 1968-06-01",6.78,1.12,30,"1939-06-01 1968-06-01",3.17,1.42,16,"1953-06-01 1968-06-01",90.4,44.38,30,"1939-06-01 1968-06-01",88.31,43.86,30,"1939-06-01 1968-06-01",2.12,8.54,30,"1939-06-01 1968-06-01",0,0,14,"1955-06-01 1968-06-01",,,,
1969-05-01,3.63,1.24,16,"1953-05-01 1968-05-01",83.61,4,16,"1953-05-01 1968-05-01",15.99,1.83,30,"1939-05-01 1968-05-01",34.79,3.01,16,"1953-05-01 1968-05-01",-2.63,1.58,16,"1953-05-01 1968-05-01",37.96,5.18,16,"1953-05-01 1968-05-01",2.86,1.25,30,"1939-05-01 1968-05-01",4.06,1.32,16,"1953-05-01 1968-05-01",50.25,22.62,30,"1939-05-01 1968-05-01",41.41,20.51,30,"1939-05-01 1968-05-01",9.44,9.37,30,"1939-05-01 1968-05-01",0.3,0.43,14,"1955-05-01 1968-05-01",,,,
1969-04-01,-1.28,1.4,16,"1953-04-01 1968-04-01",86.31,3.66,16,"1953-04-01 1968-04-01",9.43,3.73,30,"1939-04-01 1968-04-01",35.02,3.25,16,"1953-04-01 1968-04-01",-7.95,2.02,16,"1953-04-01 1968-04-01",43.99,8.49,16,"1953-04-01 1968-04-01",-2.9,2.13,30,"1939-04-01 1968-04-01",3.82,0.88,16,"1953-04-01 1968-04-01",30.35,21.59,30,"1939-04-01 1968-04-01",7.91,10.63,30,"1939-04-01 1968-04-01",24.38,17.04,30,"1939-04-01 1968-04-01",1.6,1.33,14,"1955-04-01 1968-04-01",,,,
1969-03-01,-5.32,2.27,16,"1953-03-01 1968-03-01",88.51,3.11,16,"1953-03-01 1968-03-01",1.26,3.46,30,"1939-03-01 1968-03-01",32.64,3.13,16,"1953-03-01 1968-03-01",-12.87,2.64,16,"1953-03-01 1968-03-01",52.41,8.21,16,"1953-03-01 1968-03-01",-9.8,3.32,30,"1939-03-01 1968-03-01",3.25,0.99,16,"1953-03-01 1968-03-01",21.54,10.59,30,"1939-03-01 1968-03-01",0.7,1.53,30,"1939-03-01 1968-03-01",22.26,9.95,30,"1939-03-01 1968-03-01",3.9,3.16,14,"1955-03-01 1968-03-01",,,,
1969-02-01,-7.17,2.74,16,"1953-02-01 1968-02-01",86.38,4.07,16,"1953-02-01 1968-02-01",-2.03,3.74,30,"1939-02-01 1968-02-01",34.34,5.74,16,"1953-02-01 1968-02-01",-15.6,3.3,16,"1953-02-01 1968-02-01",55.76,7.87,16,"1953-02-01 1968-02-01",-13.61,3.91,30,"1939-02-01 1968-02-01",2.96,1.3,16,"1953-02-01 1968-02-01",20.38,11.71,30,"1939-02-01 1968-02-01",0.27,0.97,30,"1939-02-01 1968-02-01",21.4,11.79,30,"1939-02-01 1968-02-01",6.5,3.8,14,"1955-02-01 1968-02-01",,,,
1969-01-01,-10.51,3.47,16,"1953-01-01 1968-01-01",85.79,3.75,16,"1953-01-01 1968-01-01",-4.54,5.59,30,"1939-01-01 1968-01-01",33.23,3.9,16,"1953-01-01 1968-01-01",-19.66,4.32,16,"1953-01-01 1968-01-01",57.59,5.95,16,"1953-01-01 1968-01-01",-15.96,5.25,30,"1939-01-01 1968-01-01",2.65,0.86,16,"1953-01-01 1968-01-01",16.59,10.21,30,"1939-01-01 1968-01-01",0.18,0.74,30,"1939-01-01 1968-01-01",18.12,10.35,30,"1939-01-01 1968-01-01",7.4,6.09,14,"1955-01-01 1968-01-01",,,,
1968-12-01,-7.63,3.41,15,"1953-12-01 1967-12-01",84.79,3.16,15,"1953-12-01 1967-12-01",-1.06,4.29,30,"1938-12-01 1967-12-01",34.63,4.13,15,"1953-12-01 1967-12-01",-16.4,3.73,15,"1953-12-01 1967-12-01",53.63,5.86,15,"1953-12-01 1967-12-01",-12.65,4.07,30,"1938-12-01 1967-12-01",3.05,1.34,15,"1953-12-01 1967-12-01",14.46,11.21,30,"1938-12-01 1967-12-01",0.14,0.39,30,"1938-12-01 1967-12-01",15.91,11.77,30,"1938-12-01 1967-12-01",5.4,4.07,13,"1955-12-01 1967-12-01",,,,
1968-11-01,-4.63,3.14,15,"1953-11-01 1967-11-01",85.59,3.44,15,"1953-11-01 1967-11-01",3.12,4.56,30,"1938-11-01 1967-11-01",32.74,2.96,15,"1953-11-01 1967-11-01",-12.31,3.83,15,"1953-11-01 1967-11-01",51.07,6.56,15,"1953-11-01 1967-11-01",-8.26,3.79,30,"1938-11-01 1967-11-01",2.6,0.88,15,"1953-11-01 1967-11-01",16.76,13.86,30,"1938-11-01 1967-11-01",0.67,1.4,30,"1938-11-01 1967-11-01",17.89,15.46,30,"1938-11-01 1967-11-01",3.1,3.28,13,"1955-11-01 1967-11-01",,,,
1968-10-01,0.97,1.13,15,"1953-10-01 1967-10-01",82.21,3.71,15,"1953-10-01 1967-10-01",12.43,3.09,30,"1938-10-01 1967-10-01",35.33,2.38,15,"1953-10-01 1967-10-01",-5.66,1.32,15,"1953-10-01 1967-10-01",38.28,7.1,15,"1953-10-01 1967-10-01",-0.77,1.7,30,"1938-10-01 1967-10-01",2.71,0.87,15,"1953-10-01 1967-10-01",21.12,18.32,30,"1938-10-01 1967-10-01",8.75,8.44,30,"1938-10-01 1967-10-01",13.18,14.29,30,"1938-10-01 1967-10-01",0.8,1.42,13,"1955-10-01 1967-10-01",,,,
1968-09-01,5.74,1.55,15,"1953-09-01 1967-09-01",86.22,4.16,15,"1953-09-01 1967-09-01",17.78,3.08,30,"1938-09-01 1967-09-01",32.86,2.87,15,"1953-09-01 1967-09-01",-0.09,1.67,15,"1953-09-01 1967-09-01",40.23,7.74,15,"1953-09-01 1967-09-01",4.13,1.57,30,"1938-09-01 1967-09-01",2.61,1.02,15,"1953-09-01 1967-09-01",35.12,21.69,30,"1938-09-01 1967-09-01",28.59,17.48,30,"1938-09-01 1967-09-01",6.9,10.04,30,"1938-09-01 1967-09-01",0.1,0.29,13,"1955-09-01 1967-09-01",,,,
1968-08-01,10.5,1.5,15,"1953-08-01 1967-08-01",87.24,4.09,15,"1953-08-01 1967-08-01",22.32,2.15,30,"1938-08-01 1967-08-01",30.21,2.7,15,"1953-08-01 1967-08-01",4.57,1.51,15,"1953-08-01 1967-08-01",39.53,7.29,15,"1953-08-01 1967-08-01",8.16,0.93,30,"1938-08-01 1967-08-01",2.21,1.26,15,"1953-08-01 1967-08-01",56.56,47.94,30,"1938-08-01 1967-08-01",56.51,47.91,30,"1938-08-01 1967-08-01",0.04,0.23,30,"1938-08-01 1967-08-01",0,0,13,"1955-08-01 1967-08-01",,,,
1968-07-01,11.56,1.02,15,"1953-07-01 1967-07-01",86.74,3.43,15,"1953-07-01 1967-07-01",23.57,1.38,30,"1938-07-01 1967-07-01",31.45,2.7,15,"1953-07-01 1967-07-01",5.32,1.28,15,"1953-07-01 1967-07-01",38.66,5.18,15,"1953-07-01 1967-07-01",9.6,0.74,30,"1938-07-01 1967-07-01",2.42,1.05,15,"1953-07-01 1967-07-01",68.23,39.79,30,"1938-07-01 1967-07-01",68.23,39.79,30,"1938-07-01 1967-07-01",0,0,30,"1938-07-01 1967-07-01",0,0,13,"1955-07-01 1967-07-01",,,,
1968-06-01,8.22,0.8,15,"1953-06-01 1967-06-01",85.55,4.29,15,"1953-06-01 1967-06-01",19.17,2.1,30,"1938-06-01 1967-06-01",33.8,2.44,15,"1953-06-01 1967-06-01",2.14,1.09,15,"1953-06-01 1967-06-01",39.88,6.71,15,"1953-06-01 1967-06-01",6.85,1.11,30,"1938-06-01 1967-06-01",3.22,1.45,15,"1953-06-01 1967-06-01",90.76,44.14,30,"1938-06-01 1967-06-01",88.5,43.73,30,"1938-06-01 1967-06-01",2.29,8.54,30,"1938-06-01 1967-06-01",0,0,13,"1955-06-01 1967-06-01",,,,
1968-05-01,3.73,1.22,15,"1953-05-01 1967-05-01",83.71,4.1,15,"1953-05-01 1967-05-01",15.99,1.83,30,"1938-05-01 1967-05-01",34.74,3.1,15,"1953-05-01 1967-05-01",-2.46,1.48,15,"1953-05-01 1967-05-01",38.27,5.21,15,"1953-05-01 1967-05-01",2.96,1.18,30,"1938-05-01 1967-05-01",4.09,1.36,15,"1953-05-01 1967-05-01",51.5,23.58,30,"1938-05-01 1967-05-01",42.71,21.84,30,"1938-05-01 1967-05-01",9.38,9.4,30,"1938-05-01 1967-05-01",0.4,0.43,13,"1955-05-01 1967-05-01",,,,
1968-04-01,-1.17,1.37,15,"1953-04-01 1967-04-01",86.75,3.35,15,"1953-04-01 1967-04-01",9.47,3.73,30,"1938-04-01 1967-04-01",34.86,3.29,15,"1953-04-01 1967-04-01",-7.81,2.01,15,"1953-04-01 1967-04-01",44.52,8.52,15,"1953-04-01 1967-04-01",-2.83,2.12,30,"1938-04-01 1967-04-01",3.8,0.9,15,"1953-04-01 1967-04-01",30.36,21.58,30,"1938-04-01 1967-04-01",7.92,10.62,30,"1938-04-01 1967-04-01",24.02,17.05,30,"1938-04-01 1967-04-01",1.3,1.1,13,"1955-04-01 1967-04-01",,,,
1968-03-01,-5.5,2.22,15,"1953-03-01 1967-03-01",88.67,3.14,15,"1953-03-01 1967-03-01",1.13,3.27,30,"1938-03-01 1967-03-01",32.8,3.17,15,"1953-03-01 1967-03-01",-13.11,2.55,15,"1953-03-01 1967-03-01",53.12,7.99,15,"1953-03-01 1967-03-01",-9.82,3.29,30,"1938-03-01 1967-03-01",3.32,0.99,15,"1953-03-01 1967-03-01",21.58,10.58,30,"1938-03-01 1967-03-01",0.71,1.53,30,"1938-03-01 1967-03-01",22.06,9.94,30,"1938-03-01 1967-03-01",4.1,3.14,13,"1955-03-01 1967-03-01",,,,
1968-02-01,-7.25,2.81,15,"1953-02-01 1967-02-01",86.52,4.16,15,"1953-02-01 1967-02-01",-2.41,3.87,30,"1938-02-01 1967-02-01",34.79,5.64,15,"1953-02-01 1967-02-01",-15.7,3.38,15,"1953-02-01 1967-02-01",56.13,7.99,15,"1953-02-01 1967-02-01",-13.91,4.03,30,"1938-02-01 1967-02-01",3.03,1.31,15,"1953-02-01 1967-02-01",20.9,11.24,30,"1938-02-01 1967-02-01",0.27,0.97,30,"1938-02-01 1967-02-01",21.9,11.3,30,"1938-02-01 1967-02-01",6.9,3.66,13,"1955-02-01 1967-02-01",,,,
1968-01-01,-10.43,3.57,15,"1953-01-01 1967-01-01",85.93,3.84,15,"1953-01-01 1967-01-01",-4.36,5.64,30,"1938-01-01 1967-01-01",33.13,4.01,15,"1953-01-01 1967-01-01",-19.63,4.46,15,"1953-01-01 1967-01-01",57.79,6.1,15,"1953-01-01 1967-01-01",-15.71,5.33,30,"1938-01-01 1967-01-01",2.71,0.86,15,"1953-01-01 1967-01-01",16.24,10.46,30,"1938-01-01 1967-01-01",0.18,0.74,30,"1938-01-01 1967-01-01",17.45,10.6,30,"1938-01-01 1967-01-01",7.3,6.3,13,"1955-01-01 1967-01-01",,,,
1967-12-01,-7.7,3.52,14,"1953-12-01 1966-12-01",84.67,3.23,14,"1953-12-01 1966-12-01",-1.15,4.31,30,"1937-12-01 1966-12-01",34.5,4.24,14,"1953-12-01 1966-12-01",-16.34,3.86,14,"1953-12-01 1966-12-01",53.75,6.05,14,"1953-12-01 1966-12-01",-12.62,4.06,30,"1937-12-01 1966-12-01",2.89,1.26,14,"1953-12-01 1966-12-01",14.2,11.27,30,"1937-12-01 1966-12-01",0.14,0.39,30,"1937-12-01 1966-12-01",15.25,11.66,30,"1937-12-01 1966-12-01",5.5,4.24,12,"1955-12-01 1966-12-01",,,,
1967-11-01,-4.72,3.23,14,"1953-11-01 1966-11-01",85.63,3.56,14,"1953-11-01 1966-11-01",2.92,4.58,30,"1937-11-01 1966-11-01",32.67,3.06,14,"1953-11-01 1966-11-01",-12.41,3.95,14,"1953-11-01 1966-11-01",51.47,6.61,14,"1953-11-01 1966-11-01",-8.34,3.8,30,"1937-11-01 1966-11-01",2.65,0.89,14,"1953-11-01 1966-11-01",17.63,14,30,"1937-11-01 1966-11-01",0.58,1.35,30,"1937-11-01 1966-11-01",18.82,15.47,30,"1937-11-01 1966-11-01",3.3,3.37,12,"1955-11-01 1966-11-01",,,,
1967-10-01,0.97,1.17,14,"1953-10-01 1966-10-01",81.98,3.73,14,"1953-10-01 1966-10-01",12.42,3.09,30,"1937-10-01 1966-10-01",35.37,2.46,14,"1953-10-01 1966-10-01",-5.58,1.34,14,"1953-10-01 1966-10-01",38.62,7.22,14,"1953-10-01 1966-10-01",-0.68,1.74,30,"1937-10-01 1966-10-01",2.81,0.81,14,"1953-10-01 1966-10-01",21.2,18.31,30,"1937-10-01 1966-10-01",8.87,8.5,30,"1937-10-01 1966-10-01",13.02,14.34,30,"1937-10-01 1966-10-01",0.8,1.46,12,"1955-10-01 1966-10-01",,,,
1967-09-01,5.75,1.61,14,"1953-09-01 1966-09-01",86.97,3.19,14,"1953-09-01 1966-09-01",17.58,2.85,30,"1937-09-01 1966-09-01",32.94,2.95,14,"1953-09-01 1966-09-01",0.02,1.67,14,"1953-09-01 1966-09-01",41.49,6.35,14,"1953-09-01 1966-09-01",4.11,1.56,30,"1937-09-01 1966-09-01",2.69,1.01,14,"1953-09-01 1966-09-01",37.23,21.4,30,"1937-09-01 1966-09-01",30.27,17.23,30,"1937-09-01 1966-09-01",7.32,10.01,30,"1937-09-01 1966-09-01",0.1,0.3,12,"1955-09-01 1966-09-01",,,,
1967-08-01,10.51,1.56,14,"1953-08-01 1966-08-01",87.32,4.22,14,"1953-08-01 1966-08-01",22.17,2.04,30,"1937-08-01 1966-08-01",30.36,2.74,14,"1953-08-01 1966-08-01",4.61,1.55,14,"1953-08-01 1966-08-01",40.19,7.11,14,"1953-08-01 1966-08-01",8.1,0.96,30,"1937-08-01 1966-08-01",2.34,1.2,14,"1953-08-01 1966-08-01",57.17,47.51,30,"1937-08-01 1966-08-01",57.13,47.49,30,"1937-08-01 1966-08-01",0.04,0.23,30,"1937-08-01 1966-08-01",0,0,12,"1955-08-01 1966-08-01",,,,
1967-07-01,11.68,0.95,14,"1953-07-01 1966-07-01",86.9,3.5,14,"1953-07-01 1966-07-01",23.54,1.37,30,"1937-07-01 1966-07-01",31.52,2.78,14,"1953-07-01 1966-07-01",5.45,1.22,14,"1953-07-01 1966-07-01",39.2,4.94,14,"1953-07-01 1966-07-01",9.67,0.71,30,"1937-07-01 1966-07-01",2.54,0.97,14,"1953-07-01 1966-07-01",70.66,38.22,30,"1937-07-01 1966-07-01",70.66,38.22,30,"1937-07-01 1966-07-01",0,0,30,"1937-07-01 1966-07-01",0,0,12,"1955-07-01 1966-07-01",,,,
1967-06-01,8.25,0.82,14,"1953-06-01 1966-06-01",85.31,4.34,14,"1953-06-01 1966-06-01",19.21,2.11,30,"1937-06-01 1966-06-01",33.84,2.52,14,"1953-06-01 1966-06-01",2.13,1.13,14,"1953-06-01 1966-06-01",39.79,6.94,14,"1953-06-01 1966-06-01",6.92,1.11,30,"1937-06-01 1966-06-01",3.41,1.32,14,"1953-06-01 1966-06-01",91.67,43.66,30,"1937-06-01 1966-06-01",89.55,43.17,30,"1937-06-01 1966-06-01",2.12,8.54,30,"1937-06-01 1966-06-01",0,0,12,"1955-06-01 1966-06-01",,,,
1967-05-01,3.8,1.23,14,"1953-05-01 1966-05-01",83.76,4.24,14,"1953-05-01 1966-05-01",16.08,1.81,30,"1937-05-01 1966-05-01",34.81,3.2,14,"1953-05-01 1966-05-01",-2.38,1.5,14,"1953-05-01 1966-05-01",38.09,5.35,14,"1953-05-01 1966-05-01",3.02,1.16,30,"1937-05-01 1966-05-01",4.23,1.29,14,"1953-05-01 1966-05-01",51.02,23.53,30,"1937-05-01 1966-05-01",42.64,21.83,30,"1937-05-01 1966-05-01",8.8,9.35,30,"1937-05-01 1966-05-01",0.4,0.45,12,"1955-05-01 1966-05-01",,,,
1967-04-01,-1.09,1.39,14,"1953-04-01 1966-04-01",86.48,3.31,14,"1953-04-01 1966-04-01",9.67,3.64,30,"1937-04-01 1966-04-01",35.07,3.3,14,"1953-04-01 1966-04-01",-7.78,2.08,14,"1953-04-01 1966-04-01",43.91,8.5,14,"1953-04-01 1966-04-01",-2.66,2.08,30,"1937-04-01 1966-04-01",3.76,0.92,14,"1953-04-01 1966-04-01",30.67,21.6,30,"1937-04-01 1966-04-01",8.02,10.56,30,"1937-04-01 1966-04-01",23.91,16.98,30,"1937-04-01 1966-04-01",1.3,1.14,12,"1955-04-01 1966-04-01",,,,
1967-03-01,-5.39,2.26,14,"1953-03-01 1966-03-01",88.43,3.12,14,"1953-03-01 1966-03-01",1.24,3.2,30,"1937-03-01 1966-03-01",32.7,3.26,14,"1953-03-01 1966-03-01",-12.96,2.57,14,"1953-03-01 1966-03-01",52.61,8.02,14,"1953-03-01 1966-03-01",-9.63,3.24,30,"1937-03-01 1966-03-01",3.31,1.02,14,"1953-03-01 1966-03-01",22.34,11.21,30,"1937-03-01 1966-03-01",0.71,1.53,30,"1937-03-01 1966-03-01",22.58,10.55,30,"1937-03-01 1966-03-01",4,3.24,12,"1955-03-01 1966-03-01",,,,
1967-02-01,-7.32,2.9,14,"1953-02-01 1966-02-01",86.57,4.3,14,"1953-02-01 1966-02-01",-2.67,3.88,30,"1937-02-01 1966-02-01",34.39,5.63,14,"1953-02-01 1966-02-01",-15.82,3.47,14,"1953-02-01 1966-02-01",56.33,8.23,14,"1953-02-01 1966-02-01",-14.08,4.04,30,"1937-02-01 1966-02-01",3.12,1.31,14,"1953-02-01 1966-02-01",20.76,11.4,30,"1937-02-01 1966-02-01",0.27,0.97,30,"1937-02-01 1966-02-01",21.63,11.59,30,"1937-02-01 1966-02-01",6.4,3.34,12,"1955-02-01 1966-02-01",,,,
1967-01-01,-10.4,3.69,14,"1953-01-01 1966-01-01",85.69,3.86,14,"1953-01-01 1966-01-01",-4.59,5.83,30,"1937-01-01 1966-01-01",33.13,4.15,14,"1953-01-01 1966-01-01",-19.63,4.62,14,"1953-01-01 1966-01-01",57.43,6.15,14,"1953-01-01 1966-01-01",-15.88,5.48,30,"1937-01-01 1966-01-01",2.76,0.86,14,"1953-01-01 1966-01-01",16.98,11.49,30,"1937-01-01 1966-01-01",0.18,0.74,30,"1937-01-01 1966-01-01",17.82,11.27,30,"1937-01-01 1966-01-01",6.5,5.86,12,"1955-01-01 1966-01-01",,,,
1966-12-01,-7.72,3.66,13,"1953-12-01 1965-12-01",84.5,3.29,13,"1953-12-01 1965-12-01",-1.19,4.32,30,"1936-12-01 1965-12-01",34.37,4.38,13,"1953-12-01 1965-12-01",-16.43,3.99,13,"1953-12-01 1965-12-01",53.33,6.07,13,"1953-12-01 1965-12-01",-12.66,4.07,30,"1936-12-01 1965-12-01",2.94,1.29,13,"1953-12-01 1965-12-01",14.29,11.21,30,"1936-12-01 1965-12-01",0.14,0.39,30,"1936-12-01 1965-12-01",15.24,11.67,30,"1936-12-01 1965-12-01",5.3,4.37,11,"1955-12-01 1965-12-01",,,,
1966-11-01,-4.54,3.28,13,"1953-11-01 1965-11-01",85.26,3.43,13,"1953-11-01 1965-11-01",3.27,4.63,30,"1936-11-01 1965-11-01",32.8,3.14,13,"1953-11-01 1965-11-01",-12.18,4,13,"1953-11-01 1965-11-01",50.66,6.16,13,"1953-11-01 1965-11-01",-8,3.74,30,"1936-11-01 1965-11-01",2.65,0.92,13,"1953-11-01 1965-11-01",16.62,13.88,30,"1936-11-01 1965-11-01",0.57,1.35,30,"1936-11-01 1965-11-01",17.14,14.26,30,"1936-11-01 1965-11-01",2.9,3.26,11,"1955-11-01 1965-11-01",,,,
1966-10-01,1.02,1.2,13,"1953-10-01 1965-10-01",81.89,3.86,13,"1953-10-01 1965-10-01",12.48,3.1,30,"1936-10-01 1965-10-01",35.29,2.53,13,"1953-10-01 1965-10-01",-5.49,1.35,13,"1953-10-01 1965-10-01",38.81,7.46,13,"1953-10-01 1965-10-01",-0.6,1.76,30,"1936-10-01 1965-10-01",2.82,0.84,13,"1953-10-01 1965-10-01",21.27,18.29,30,"1936-10-01 1965-10-01",8.77,8.54,30,"1936-10-01 1965-10-01",12.98,14.34,30,"1936-10-01 1965-10-01",0.9,1.52,11,"1955-10-01 1965-10-01",,,,
1966-09-01,5.64,1.61,13,"1953-09-01 1965-09-01",87.03,3.3,13,"1953-09-01 1965-09-01",17.42,2.79,30,"1936-09-01 1965-09-01",33.13,2.97,13,"1953-09-01 1965-09-01",-0.04,1.72,13,"1953-09-01 1965-09-01",42.08,6.2,13,"1953-09-01 1965-09-01",4.06,1.55,30,"1936-09-01 1965-09-01",2.76,1,13,"1953-09-01 1965-09-01",38.03,20.6,30,"1936-09-01 1965-09-01",31.01,16.58,30,"1936-09-01 1965-09-01",7.38,9.97,30,"1936-09-01 1965-09-01",0.1,0.31,11,"1955-09-01 1965-09-01",,,,
1966-08-01,10.54,1.61,13,"1953-08-01 1965-08-01",87.17,4.35,13,"1953-08-01 1965-08-01",22.28,2.04,30,"1936-08-01 1965-08-01",30.39,2.84,13,"1953-08-01 1965-08-01",4.68,1.59,13,"1953-08-01 1965-08-01",40.03,7.35,13,"1953-08-01 1965-08-01",8.17,0.96,30,"1936-08-01 1965-08-01",2.42,1.22,13,"1953-08-01 1965-08-01",57.43,47.38,30,"1936-08-01 1965-08-01",57.39,47.36,30,"1936-08-01 1965-08-01",0.04,0.23,30,"1936-08-01 1965-08-01",0,0,11,"1955-08-01 1965-08-01",,,,
1966-07-01,11.68,0.98,13,"1953-07-01 1965-07-01",86.84,3.62,13,"1953-07-01 1965-07-01",23.77,1.61,30,"1936-07-01 1965-07-01",31.83,2.65,13,"1953-07-01 1965-07-01",5.48,1.26,13,"1953-07-01 1965-07-01",38.96,5.04,13,"1953-07-01 1965-07-01",9.7,0.72,30,"1936-07-01 1965-07-01",2.57,1,13,"1953-07-01 1965-07-01",66.99,39.21,30,"1936-07-01 1965-07-01",66.99,39.21,30,"1936-07-01 1965-07-01",0,0,30,"1936-07-01 1965-07-01",0,0,11,"1955-07-01 1965-07-01",,,,
1966-06-01,8.33,0.8,13,"1953-06-01 1965-06-01",85.19,4.48,13,"1953-06-01 1965-06-01",19.3,2.12,30,"1936-06-01 1965-06-01",33.95,2.58,13,"1953-06-01 1965-06-01",2.23,1.11,13,"1953-06-01 1965-06-01",39.86,7.2,13,"1953-06-01 1965-06-01",6.99,1.09,30,"1936-06-01 1965-06-01",3.54,1.27,13,"1953-06-01 1965-06-01",90.28,44.68,30,"1936-06-01 1965-06-01",88.16,44.14,30,"1936-06-01 1965-06-01",2.12,8.54,30,"1936-06-01 1965-06-01",0,0,11,"1955-06-01 1965-06-01",,,,
1966-05-01,3.77,1.27,13,"1953-05-01 1965-05-01",84.14,4.17,13,"1953-05-01 1965-05-01",16.2,1.98,30,"1936-05-01 1965-05-01",34.65,3.26,13,"1953-05-01 1965-05-01",-2.32,1.54,13,"1953-05-01 1965-05-01",38.49,5.35,13,"1953-05-01 1965-05-01",3.12,1.26,30,"1936-05-01 1965-05-01",4.24,1.34,13,"1953-05-01 1965-05-01",51.02,23.53,30,"1936-05-01 1965-05-01",42.66,21.84,30,"1936-05-01 1965-05-01",8.77,9.38,30,"1936-05-01 1965-05-01",0.3,0.36,11,"1955-05-01 1965-05-01",,,,
1966-04-01,-1.06,1.44,13,"1953-04-01 1965-04-01",86.21,3.28,13,"1953-04-01 1965-04-01",9.73,3.62,30,"1936-04-01 1965-04-01",35.02,3.42,13,"1953-04-01 1965-04-01",-7.7,2.13,13,"1953-04-01 1965-04-01",43.64,8.76,13,"1953-04-01 1965-04-01",-2.59,2.01,30,"1936-04-01 1965-04-01",3.75,0.96,13,"1953-04-01 1965-04-01",29.79,21.63,30,"1936-04-01 1965-04-01",8,10.58,30,"1936-04-01 1965-04-01",22.46,15.67,30,"1936-04-01 1965-04-01",1.1,0.69,11,"1955-04-01 1965-04-01",,,,
1966-03-01,-5.58,2.22,13,"1953-03-01 1965-03-01",88.5,3.23,13,"1953-03-01 1965-03-01",1.08,3.09,30,"1936-03-01 1965-03-01",32.62,3.37,13,"1953-03-01 1965-03-01",-13.12,2.61,13,"1953-03-01 1965-03-01",53.33,7.87,13,"1953-03-01 1965-03-01",-9.68,3.21,30,"1936-03-01 1965-03-01",3.32,1.06,13,"1953-03-01 1965-03-01",22.63,10.86,30,"1936-03-01 1965-03-01",0.71,1.53,30,"1936-03-01 1965-03-01",22.84,10.23,30,"1936-03-01 1965-03-01",4.2,3.27,11,"1955-03-01 1965-03-01",,,,
1966-02-01,-7.31,3.01,13,"1953-02-01 1965-02-01",86.53,4.46,13,"1953-02-01 1965-02-01",-3.28,4.87,30,"1936-02-01 1965-02-01",34.71,5.72,13,"1953-02-01 1965-02-01",-15.84,3.6,13,"1953-02-01 1965-02-01",56.56,8.5,13,"1953-02-01 1965-02-01",-14.62,4.91,30,"1936-02-01 1965-02-01",3.18,1.34,13,"1953-02-01 1965-02-01",20.8,11.36,30,"1936-02-01 1965-02-01",0.27,0.97,30,"1936-02-01 1965-02-01",21.6,11.63,30,"1936-02-01 1965-02-01",6.3,3.47,11,"1955-02-01 1965-02-01",,,,
1966-01-01,-9.94,3.43,13,"1953-01-01 1965-01-01",85.25,3.66,13,"1953-01-01 1965-01-01",-4.43,5.67,30,"1936-01-01 1965-01-01",33.38,4.2,13,"1953-01-01 1965-01-01",-19.2,4.52,13,"1953-01-01 1965-01-01",57.04,6.22,13,"1953-01-01 1965-01-01",-15.71,5.32,30,"1936-01-01 1965-01-01",2.72,0.88,13,"1953-01-01 1965-01-01",17.19,11.42,30,"1936-01-01 1965-01-01",0.18,0.74,30,"1936-01-01 1965-01-01",17.97,11.22,30,"1936-01-01 1965-01-01",6.3,6.07,11,"1955-01-01 1965-01-01",,,,
1965-12-01,-7.62,3.79,12,"1953-12-01 1964-12-01",84.02,2.96,12,"1953-12-01 1964-12-01",-0.98,4.34,30,"1935-12-01 1964-12-01",34.86,4.2,12,"1953-12-01 1964-12-01",-16.31,4.13,12,"1953-12-01 1964-12-01",53.04,6.24,12,"1953-12-01 1964-12-01",-12.46,4.08,30,"1935-12-01 1964-12-01",3.08,1.26,12,"1953-12-01 1964-12-01",14.42,11.16,30,"1935-12-01 1964-12-01",0.14,0.39,30,"1935-12-01 1964-12-01",15.21,11.68,30,"1935-12-01 1964-12-01",5.2,4.58,10,"1955-12-01 1964-12-01",,,,
1965-11-01,-4.47,3.41,12,"1953-11-01 1964-11-01",84.75,3.06,12,"1953-11-01 1964-11-01",3.23,4.67,30,"1935-11-01 1964-11-01",33.03,3.16,12,"1953-11-01 1964-11-01",-12.05,4.14,12,"1953-11-01 1964-11-01",49.76,5.52,12,"1953-11-01 1964-11-01",-7.98,3.72,30,"1935-11-01 1964-11-01",2.71,0.94,12,"1953-11-01 1964-11-01",15.85,13.7,30,"1935-11-01 1964-11-01",0.56,1.35,30,"1935-11-01 1964-11-01",15.95,13.46,30,"1935-11-01 1964-11-01",2,1.35,10,"1955-11-01 1964-11-01",,,,
1965-10-01,0.89,1.15,12,"1953-10-01 1964-10-01",81.91,4.01,12,"1953-10-01 1964-10-01",12.28,3.06,30,"1935-10-01 1964-10-01",35.48,2.54,12,"1953-10-01 1964-10-01",-5.55,1.39,12,"1953-10-01 1964-10-01",39.55,7.3,12,"1953-10-01 1964-10-01",-0.71,1.77,30,"1935-10-01 1964-10-01",2.87,0.86,12,"1953-10-01 1964-10-01",22.44,18.73,30,"1935-10-01 1964-10-01",8.57,8.55,30,"1935-10-01 1964-10-01",14.35,15.01,30,"1935-10-01 1964-10-01",1,1.57,10,"1955-10-01 1964-10-01",,,,
1965-09-01,5.83,1.52,12,"1953-09-01 1964-09-01",86.47,2.77,12,"1953-09-01 1964-09-01",17.69,2.48,30,"1935-09-01 1964-09-01",33.21,3.09,12,"1953-09-01 1964-09-01",0.13,1.69,12,"1953-09-01 1964-09-01",41.2,5.62,12,"1953-09-01 1964-09-01",4.18,1.34,30,"1935-09-01 1964-09-01",2.66,0.98,12,"1953-09-01 1964-09-01",35.63,19.55,30,"1935-09-01 1964-09-01",29.58,16.51,30,"1935-09-01 1964-09-01",6.28,8.83,30,"1935-09-01 1964-09-01",0,0.12,10,"1955-09-01 1964-09-01",,,,
1965-08-01,10.37,1.55,12,"1953-08-01 1964-08-01",87.01,4.49,12,"1953-08-01 1964-08-01",22.19,2.06,30,"1935-08-01 1964-08-01",30.49,2.93,12,"1953-08-01 1964-08-01",4.5,1.53,12,"1953-08-01 1964-08-01",39.95,7.65,12,"1953-08-01 1964-08-01",8.05,0.93,30,"1935-08-01 1964-08-01",2.52,1.22,12,"1953-08-01 1964-08-01",56.72,47.35,30,"1935-08-01 1964-08-01",56.68,47.33,30,"1935-08-01 1964-08-01",0.04,0.23,30,"1935-08-01 1964-08-01",0,0,10,"1955-08-01 1964-08-01",,,,
1965-07-01,11.58,0.96,12,"1953-07-01 1964-07-01",86.64,3.7,12,"1953-07-01 1964-07-01",23.78,1.6,30,"1935-07-01 1964-07-01",32.06,2.62,12,"1953-07-01 1964-07-01",5.37,1.25,12,"1953-07-01 1964-07-01",38.84,5.23,12,"1953-07-01 1964-07-01",9.67,0.71,30,"1935-07-01 1964-07-01",2.71,0.92,12,"1953-07-01 1964-07-01",64.7,38.18,30,"1935-07-01 1964-07-01",64.7,38.18,30,"1935-07-01 1964-07-01",0,0,30,"1935-07-01 1964-07-01",0,0,10,"1955-07-01 1964-07-01",,,,
1965-06-01,8.31,0.83,12,"1953-06-01 1964-06-01",85.05,4.64,12,"1953-06-01 1964-06-01",19.28,2.12,30,"1935-06-01 1964-06-01",33.92,2.68,12,"1953-06-01 1964-06-01",2.2,1.15,12,"1953-06-01 1964-06-01",39.38,7.29,12,"1953-06-01 1964-06-01",7,1.09,30,"1935-06-01 1964-06-01",3.54,1.33,12,"1953-06-01 1964-06-01",87.73,42.17,30,"1935-06-01 1964-06-01",85.61,41.47,30,"1935-06-01 1964-06-01",2.12,8.54,30,"1935-06-01 1964-06-01",0,0,10,"1955-06-01 1964-06-01",,,,
1965-05-01,3.87,1.27,12,"1953-05-01 1964-05-01",84.24,4.33,12,"1953-05-01 1964-05-01",16.17,2,30,"1935-05-01 1964-05-01",34.38,3.25,12,"1953-05-01 1964-05-01",-2.25,1.58,12,"1953-05-01 1964-05-01",38.65,5.54,12,"1953-05-01 1964-05-01",3.12,1.25,30,"1935-05-01 1964-05-01",4.31,1.36,12,"1953-05-01 1964-05-01",52.1,23.94,30,"1935-05-01 1964-05-01",43.24,21.89,30,"1935-05-01 1964-05-01",9.25,9.73,30,"1935-05-01 1964-05-01",0.3,0.36,10,"1955-05-01 1964-05-01",,,,
1965-04-01,-1.2,1.42,12,"1953-04-01 1964-04-01",85.78,3.04,12,"1953-04-01 1964-04-01",9.61,3.69,30,"1935-04-01 1964-04-01",34.99,3.56,12,"1953-04-01 1964-04-01",-7.87,2.14,12,"1953-04-01 1964-04-01",43.26,9.01,12,"1953-04-01 1964-04-01",-2.69,2.08,30,"1935-04-01 1964-04-01",3.81,0.96,12,"1953-04-01 1964-04-01",30.74,21.48,30,"1935-04-01 1964-04-01",7.92,10.63,30,"1935-04-01 1964-04-01",23.44,15.88,30,"1935-04-01 1964-04-01",1.1,0.7,10,"1955-04-01 1964-04-01",,,,
1965-03-01,-5.35,2.16,12,"1953-03-01 1964-03-01",88.58,3.34,12,"1953-03-01 1964-03-01",1.12,3.05,30,"1935-03-01 1964-03-01",32.61,3.51,12,"1953-03-01 1964-03-01",-12.9,2.6,12,"1953-03-01 1964-03-01",53.01,8.1,12,"1953-03-01 1964-03-01",-9.63,3.16,30,"1935-03-01 1964-03-01",3.34,1.1,12,"1953-03-01 1964-03-01",22.88,10.79,30,"1935-03-01 1964-03-01",0.7,1.53,30,"1935-03-01 1964-03-01",22.82,10.23,30,"1935-03-01 1964-03-01",4,3.34,10,"1955-03-01 1964-03-01",,,,
1965-02-01,-7.28,3.13,12,"1953-02-01 1964-02-01",86.65,4.62,12,"1953-02-01 1964-02-01",-3.06,5.09,30,"1935-02-01 1964-02-01",34.25,5.71,12,"1953-02-01 1964-02-01",-15.7,3.71,12,"1953-02-01 1964-02-01",56.47,8.84,12,"1953-02-01 1964-02-01",-14.36,5.11,30,"1935-02-01 1964-02-01",2.99,1.21,12,"1953-02-01 1964-02-01",20.72,11.4,30,"1935-02-01 1964-02-01",0.1,0.37,30,"1935-02-01 1964-02-01",21.49,11.69,30,"1935-02-01 1964-02-01",6.2,3.63,10,"1955-02-01 1964-02-01",,,,
1965-01-01,-9.88,3.56,12,"1953-01-01 1964-01-01",85.04,3.73,12,"1953-01-01 1964-01-01",-4.47,5.68,30,"1935-01-01 1964-01-01",33.54,4.33,12,"1953-01-01 1964-01-01",-19.19,4.7,12,"1953-01-01 1964-01-01",56.48,6.14,12,"1953-01-01 1964-01-01",-15.8,5.38,30,"1935-01-01 1964-01-01",2.81,0.85,12,"1953-01-01 1964-01-01",17.8,11.61,30,"1935-01-01 1964-01-01",0.18,0.74,30,"1935-01-01 1964-01-01",18.39,11.43,30,"1935-01-01 1964-01-01",5.6,5.99,10,"1955-01-01 1964-01-01",,,,
1964-12-01,-6.82,2.85,11,"1953-12-01 1963-12-01",83.67,2.85,11,"1953-12-01 1963-12-01",-0.66,3.86,30,"1934-12-01 1963-12-01",35.24,4.19,11,"1953-12-01 1963-12-01",-15.58,3.49,11,"1953-12-01 1963-12-01",51.9,5.17,11,"1953-12-01 1963-12-01",-12.1,3.63,30,"1934-12-01 1963-12-01",3.06,1.31,11,"1953-12-01 1963-12-01",13.83,11.09,30,"1934-12-01 1963-12-01",0.14,0.39,30,"1934-12-01 1963-12-01",14.31,11.27,30,"1934-12-01 1963-12-01",4.5,4.28,9,"1955-12-01 1963-12-01",,,,
1964-11-01,-4.45,3.56,11,"1953-11-01 1963-11-01",84.18,2.52,11,"1953-11-01 1963-11-01",3.38,4.67,30,"1934-11-01 1963-11-01",33.52,2.83,11,"1953-11-01 1963-11-01",-12.17,4.3,11,"1953-11-01 1963-11-01",48.67,4.37,11,"1953-11-01 1963-11-01",-7.87,3.74,30,"1934-11-01 1963-11-01",2.77,0.95,11,"1953-11-01 1963-11-01",15.37,13.76,30,"1934-11-01 1963-11-01",0.56,1.35,30,"1934-11-01 1963-11-01",15.2,13.34,30,"1934-11-01 1963-11-01",2,1.42,9,"1955-11-01 1963-11-01",,,,
1964-10-01,0.81,1.17,11,"1953-10-01 1963-10-01",82.22,4.05,11,"1953-10-01 1963-10-01",12.18,3.01,30,"1934-10-01 1963-10-01",35.71,2.53,11,"1953-10-01 1963-10-01",-5.59,1.45,11,"1953-10-01 1963-10-01",39.86,7.54,11,"1953-10-01 1963-10-01",-0.73,1.75,30,"1934-10-01 1963-10-01",2.92,0.88,11,"1953-10-01 1963-10-01",22.32,18.78,30,"1934-10-01 1963-10-01",8.33,8.68,30,"1934-10-01 1963-10-01",14.31,15.01,30,"1934-10-01 1963-10-01",1,1.65,9,"1955-10-01 1963-10-01",,,,
1964-09-01,6,1.49,11,"1953-09-01 1963-09-01",86.24,2.79,11,"1953-09-01 1963-09-01",17.66,2.53,30,"1934-09-01 1963-09-01",33,3.14,11,"1953-09-01 1963-09-01",0.26,1.7,11,"1953-09-01 1963-09-01",40.71,5.62,11,"1953-09-01 1963-09-01",4.16,1.38,30,"1934-09-01 1963-09-01",2.55,0.94,11,"1953-09-01 1963-09-01",35.59,19.52,30,"1934-09-01 1963-09-01",28.72,16.01,30,"1934-09-01 1963-09-01",7.1,9.87,30,"1934-09-01 1963-09-01",0,0.13,9,"1955-09-01 1963-09-01",,,,
1964-08-01,10.65,1.3,11,"1953-08-01 1963-08-01",87.69,4.05,11,"1953-08-01 1963-08-01",22.24,2.08,30,"1934-08-01 1963-08-01",30.3,2.99,11,"1953-08-01 1963-08-01",4.72,1.4,11,"1953-08-01 1963-08-01",40.67,7.59,11,"1953-08-01 1963-08-01",8.07,0.93,30,"1934-08-01 1963-08-01",2.28,0.98,11,"1953-08-01 1963-08-01",57.62,46.68,30,"1934-08-01 1963-08-01",57.57,46.65,30,"1934-08-01 1963-08-01",0.04,0.23,30,"1934-08-01 1963-08-01",0,0,9,"1955-08-01 1963-08-01",,,,
1964-07-01,11.66,0.97,11,"1953-07-01 1963-07-01",87.06,3.58,11,"1953-07-01 1963-07-01",23.75,1.59,30,"1934-07-01 1963-07-01",32.13,2.73,11,"1953-07-01 1963-07-01",5.52,1.19,11,"1953-07-01 1963-07-01",39.46,5.02,11,"1953-07-01 1963-07-01",9.63,0.74,30,"1934-07-01 1963-07-01",2.59,0.87,11,"1953-07-01 1963-07-01",64.17,38.19,30,"1934-07-01 1963-07-01",64.17,38.19,30,"1934-07-01 1963-07-01",0,0,30,"1934-07-01 1963-07-01",0,0,9,"1955-07-01 1963-07-01",,,,
1964-06-01,8.32,0.86,11,"1953-06-01 1963-06-01",85.26,4.79,11,"1953-06-01 1963-06-01",19.21,2.13,30,"1934-06-01 1963-06-01",34.06,2.76,11,"1953-06-01 1963-06-01",2.22,1.2,11,"1953-06-01 1963-06-01",39.38,7.62,11,"1953-06-01 1963-06-01",6.96,1.09,30,"1934-06-01 1963-06-01",3.52,1.38,11,"1953-06-01 1963-06-01",87.74,42.18,30,"1934-06-01 1963-06-01",85.62,41.48,30,"1934-06-01 1963-06-01",2.12,8.54,30,"1934-06-01 1963-06-01",0,0,9,"1955-06-01 1963-06-01",,,,
1964-05-01,3.95,1.3,11,"1953-05-01 1963-05-01",84.83,4.03,11,"1953-05-01 1963-05-01",16.33,2.15,30,"1934-05-01 1963-05-01",33.95,3.06,11,"1953-05-01 1963-05-01",-2.15,1.62,11,"1953-05-01 1963-05-01",38.79,5.77,11,"1953-05-01 1963-05-01",3.16,1.3,30,"1934-05-01 1963-05-01",4.01,0.96,11,"1953-05-01 1963-05-01",50.48,24.72,30,"1934-05-01 1963-05-01",41.75,22.3,30,"1934-05-01 1963-05-01",9.12,9.82,30,"1934-05-01 1963-05-01",0.3,0.37,9,"1955-05-01 1963-05-01",,,,
1964-04-01,-1.16,1.47,11,"1953-04-01 1963-04-01",85.91,3.15,11,"1953-04-01 1963-04-01",9.77,3.82,30,"1934-04-01 1963-04-01",34.31,2.87,11,"1953-04-01 1963-04-01",-7.8,2.22,11,"1953-04-01 1963-04-01",43.97,9.09,11,"1953-04-01 1963-04-01",-2.57,2.17,30,"1934-04-01 1963-04-01",3.68,0.9,11,"1953-04-01 1963-04-01",30.82,21.42,30,"1934-04-01 1963-04-01",8.38,10.59,30,"1934-04-01 1963-04-01",22.88,16.34,30,"1934-04-01 1963-04-01",1.2,0.72,9,"1955-04-01 1963-04-01",,,,
1964-03-01,-5.12,2.11,11,"1953-03-01 1963-03-01",88.88,3.34,11,"1953-03-01 1963-03-01",1.2,3.06,30,"1934-03-01 1963-03-01",32.43,3.61,11,"1953-03-01 1963-03-01",-12.58,2.48,11,"1953-03-01 1963-03-01",53.28,8.41,11,"1953-03-01 1963-03-01",-9.45,3.13,30,"1934-03-01 1963-03-01",3.09,0.75,11,"1953-03-01 1963-03-01",23.79,10.69,30,"1934-03-01 1963-03-01",0.7,1.53,30,"1934-03-01 1963-03-01",23.43,10.44,30,"1934-03-01 1963-03-01",4.1,3.51,9,"1955-03-01 1963-03-01",,,,
1964-02-01,-7.58,3.09,11,"1953-02-01 1963-02-01",87.22,4.41,11,"1953-02-01 1963-02-01",-3.12,5,30,"1934-02-01 1963-02-01",32.92,3.78,11,"1953-02-01 1963-02-01",-16.05,3.68,11,"1953-02-01 1963-02-01",58.42,6.29,11,"1953-02-01 1963-02-01",-14.43,5.02,30,"1934-02-01 1963-02-01",2.73,0.89,11,"1953-02-01 1963-02-01",20.85,11.21,30,"1934-02-01 1963-02-01",0.1,0.37,30,"1934-02-01 1963-02-01",21.62,11.49,30,"1934-02-01 1963-02-01",6.9,3.15,9,"1955-02-01 1963-02-01",,,,
1964-01-01,-10.13,3.62,11,"1953-01-01 1963-01-01",85.23,3.84,11,"1953-01-01 1963-01-01",-4.34,5.82,30,"1934-01-01 1963-01-01",33.18,4.35,11,"1953-01-01 1963-01-01",-19.53,4.77,11,"1953-01-01 1963-01-01",56.78,6.33,11,"1953-01-01 1963-01-01",-15.73,5.44,30,"1934-01-01 1963-01-01",2.65,0.7,11,"1953-01-01 1963-01-01",17.92,11.46,30,"1934-01-01 1963-01-01",0.18,0.74,30,"1934-01-01 1963-01-01",18.38,11.44,30,"1934-01-01 1963-01-01",6.1,6.12,9,"1955-01-01 1963-01-01",,,,
1963-12-01,-6.66,2.94,10,"1953-12-01 1962-12-01",83.54,2.95,10,"1953-12-01 1962-12-01",-0.97,4.29,30,"1933-12-01 1962-12-01",35.59,4.24,10,"1953-12-01 1962-12-01",-15.41,3.62,10,"1953-12-01 1962-12-01",51.36,5.12,10,"1953-12-01 1962-12-01",-12.3,3.93,30,"1933-12-01 1962-12-01",3.06,1.37,10,"1953-12-01 1962-12-01",14.2,11.51,30,"1933-12-01 1962-12-01",0.14,0.39,30,"1933-12-01 1962-12-01",14.61,11.61,30,"1933-12-01 1962-12-01",4.1,4.36,8,"1955-12-01 1962-12-01",,,,
1963-11-01,-4.36,3.72,10,"1953-11-01 1962-11-01",84.23,2.64,10,"1953-11-01 1962-11-01",3.54,4.72,30,"1933-11-01 1962-11-01",33.33,2.9,10,"1953-11-01 1962-11-01",-12.02,4.48,10,"1953-11-01 1962-11-01",48.63,4.58,10,"1953-11-01 1962-11-01",-7.65,3.8,30,"1933-11-01 1962-11-01",2.53,0.61,10,"1953-11-01 1962-11-01",15.35,13.77,30,"1933-11-01 1962-11-01",0.58,1.35,30,"1933-11-01 1962-11-01",14.96,13.33,30,"1933-11-01 1962-11-01",2,1.5,8,"1955-11-01 1962-11-01",,,,
1963-10-01,0.69,1.15,10,"1953-10-01 1962-10-01",82.71,3.92,10,"1953-10-01 1962-10-01",11.9,2.98,30,"1933-10-01 1962-10-01",35.76,2.65,10,"1953-10-01 1962-10-01",-5.76,1.41,10,"1953-10-01 1962-10-01",40.62,7.51,10,"1953-10-01 1962-10-01",-0.88,1.75,30,"1933-10-01 1962-10-01",2.79,0.82,10,"1953-10-01 1962-10-01",23.41,18.39,30,"1933-10-01 1962-10-01",8.35,8.67,30,"1933-10-01 1962-10-01",15.39,15.09,30,"1933-10-01 1962-10-01",1.1,1.71,8,"1955-10-01 1962-10-01",,,,
1963-09-01,5.72,1.26,10,"1953-09-01 1962-09-01",86.34,2.9,10,"1953-09-01 1962-09-01",17.45,2.4,30,"1933-09-01 1962-09-01",33.33,3.11,10,"1953-09-01 1962-09-01",-0.11,1.28,10,"1953-09-01 1962-09-01",40.79,5.89,10,"1953-09-01 1962-09-01",4.01,1.26,30,"1933-09-01 1962-09-01",2.41,0.86,10,"1953-09-01 1962-09-01",34.07,20.06,30,"1933-09-01 1962-09-01",27.2,16.03,30,"1933-09-01 1962-09-01",7.1,9.87,30,"1933-09-01 1962-09-01",0,0.13,8,"1955-09-01 1962-09-01",,,,
1963-08-01,10.58,1.34,10,"1953-08-01 1962-08-01",87.62,4.24,10,"1953-08-01 1962-08-01",22.24,2.08,30,"1933-08-01 1962-08-01",30.23,3.13,10,"1953-08-01 1962-08-01",4.57,1.38,10,"1953-08-01 1962-08-01",40.86,7.94,10,"1953-08-01 1962-08-01",8.03,0.89,30,"1933-08-01 1962-08-01",2.04,0.62,10,"1953-08-01 1962-08-01",59.38,46.1,30,"1933-08-01 1962-08-01",59.33,46.07,30,"1933-08-01 1962-08-01",0.04,0.23,30,"1933-08-01 1962-08-01",0,0,8,"1955-08-01 1962-08-01",,,,
1963-07-01,11.61,1,10,"1953-07-01 1962-07-01",86.93,3.73,10,"1953-07-01 1962-07-01",23.8,1.6,30,"1933-07-01 1962-07-01",31.74,2.56,10,"1953-07-01 1962-07-01",5.54,1.25,10,"1953-07-01 1962-07-01",39.39,5.26,10,"1953-07-01 1962-07-01",9.57,0.75,30,"1933-07-01 1962-07-01",2.37,0.54,10,"1953-07-01 1962-07-01",61.59,38.93,30,"1933-07-01 1962-07-01",61.59,38.93,30,"1933-07-01 1962-07-01",0,0,30,"1933-07-01 1962-07-01",0,0,8,"1955-07-01 1962-07-01",,,,
1963-06-01,8.25,0.87,10,"1953-06-01 1962-06-01",84.83,4.82,10,"1953-06-01 1962-06-01",19.28,2.21,30,"1933-06-01 1962-06-01",33.96,2.88,10,"1953-06-01 1962-06-01",2.11,1.19,10,"1953-06-01 1962-06-01",39.28,7.98,10,"1953-06-01 1962-06-01",6.95,1.08,30,"1933-06-01 1962-06-01",3.16,0.86,10,"1953-06-01 1962-06-01",83.81,42.03,30,"1933-06-01 1962-06-01",81.69,41.12,30,"1933-06-01 1962-06-01",2.12,8.54,30,"1933-06-01 1962-06-01",0,0,8,"1955-06-01 1962-06-01",,,,
1963-05-01,4.03,1.34,10,"1953-05-01 1962-05-01",85.14,4.1,10,"1953-05-01 1962-05-01",16.3,2.16,30,"1933-05-01 1962-05-01",33.94,3.21,10,"1953-05-01 1962-05-01",-2.07,1.68,10,"1953-05-01 1962-05-01",38.99,6.01,10,"1953-05-01 1962-05-01",3.2,1.3,30,"1933-05-01 1962-05-01",3.82,0.77,10,"1953-05-01 1962-05-01",51.58,24.05,30,"1933-05-01 1962-05-01",43.04,21.09,30,"1933-05-01 1962-05-01",8.84,9.63,30,"1933-05-01 1962-05-01",0.3,0.37,8,"1955-05-01 1962-05-01",,,,
1963-04-01,-1.3,1.48,10,"1953-04-01 1962-04-01",85.95,3.3,10,"1953-04-01 1962-04-01",9.65,3.84,30,"1933-04-01 1962-04-01",34.7,2.71,10,"1953-04-01 1962-04-01",-8.03,2.2,10,"1953-04-01 1962-04-01",43.98,9.53,10,"1953-04-01 1962-04-01",-2.63,2.19,30,"1933-04-01 1962-04-01",3.6,0.9,10,"1953-04-01 1962-04-01",32.06,21.78,30,"1933-04-01 1962-04-01",8.25,10.63,30,"1933-04-01 1962-04-01",24.19,17.13,30,"1933-04-01 1962-04-01",1.3,0.67,8,"1955-04-01 1962-04-01",,,,
1963-03-01,-5.35,2.07,10,"1953-03-01 1962-03-01",88.95,3.49,10,"1953-03-01 1962-03-01",1.08,2.93,30,"1933-03-01 1962-03-01",32.42,3.79,10,"1953-03-01 1962-03-01",-12.86,2.44,10,"1953-03-01 1962-03-01",54.17,8.31,10,"1953-03-01 1962-03-01",-9.53,3.07,30,"1933-03-01 1962-03-01",3.08,0.78,10,"1953-03-01 1962-03-01",23.48,11.09,30,"1933-03-01 1962-03-01",0.7,1.53,30,"1933-03-01 1962-03-01",22.97,10.92,30,"1933-03-01 1962-03-01",4.5,3.48,8,"1955-03-01 1962-03-01",,,,
1963-02-01,-8.07,2.81,10,"1953-02-01 1962-02-01",86.6,4.14,10,"1953-02-01 1962-02-01",-3.31,4.9,30,"1933-02-01 1962-02-01",33.53,3.41,10,"1953-02-01 1962-02-01",-16.67,3.27,10,"1953-02-01 1962-02-01",58.04,6.47,10,"1953-02-01 1962-02-01",-14.66,4.87,30,"1933-02-01 1962-02-01",2.79,0.92,10,"1953-02-01 1962-02-01",20.92,11.13,30,"1933-02-01 1962-02-01",0.08,0.36,30,"1933-02-01 1962-02-01",21.52,11.58,30,"1933-02-01 1962-02-01",7.4,2.97,8,"1955-02-01 1962-02-01",,,,
1963-01-01,-10.15,3.8,10,"1953-01-01 1962-01-01",84.93,3.9,10,"1953-01-01 1962-01-01",-4.26,5.83,30,"1933-01-01 1962-01-01",32.49,3.95,10,"1953-01-01 1962-01-01",-19.5,5,10,"1953-01-01 1962-01-01",56.55,6.59,10,"1953-01-01 1962-01-01",-15.64,5.43,30,"1933-01-01 1962-01-01",2.49,0.49,10,"1953-01-01 1962-01-01",17.43,11.44,30,"1933-01-01 1962-01-01",0.17,0.74,30,"1933-01-01 1962-01-01",17.53,11.02,30,"1933-01-01 1962-01-01",5.6,6.33,8,"1955-01-01 1962-01-01",,,,
1962-12-01,-6.84,3.05,9,"1953-12-01 1961-12-01",83.24,2.97,9,"1953-12-01 1961-12-01",-1.14,4.27,30,"1932-12-01 1961-12-01",35.74,4.44,9,"1953-12-01 1961-12-01",-15.64,3.74,9,"1953-12-01 1961-12-01",50.92,5.21,9,"1953-12-01 1961-12-01",-12.32,3.93,30,"1932-12-01 1961-12-01",3.21,1.37,9,"1953-12-01 1961-12-01",14.22,11.5,30,"1932-12-01 1961-12-01",0.14,0.39,30,"1932-12-01 1961-12-01",14.55,11.64,30,"1932-12-01 1961-12-01",4.5,4.5,7,"1955-12-01 1961-12-01",,,,
1962-11-01,-4.66,3.8,9,"1953-11-01 1961-11-01",84.01,2.7,9,"1953-11-01 1961-11-01",3.37,4.67,30,"1932-11-01 1961-11-01",33.52,3,9,"1953-11-01 1961-11-01",-12.45,4.52,9,"1953-11-01 1961-11-01",48.93,4.73,9,"1953-11-01 1961-11-01",-7.75,3.76,30,"1932-11-01 1961-11-01",2.54,0.64,9,"1953-11-01 1961-11-01",15.88,13.64,30,"1932-11-01 1961-11-01",0.53,1.35,30,"1932-11-01 1961-11-01",15.51,13.19,30,"1932-11-01 1961-11-01",2.3,1.39,7,"1955-11-01 1961-11-01",,,,
1962-10-01,0.52,1.1,9,"1953-10-01 1961-10-01",82.69,4.13,9,"1953-10-01 1961-10-01",11.68,3.02,30,"1932-10-01 1961-10-01",35.96,2.72,9,"1953-10-01 1961-10-01",-6,1.28,9,"1953-10-01 1961-10-01",40.92,7.85,9,"1953-10-01 1961-10-01",-0.98,1.74,30,"1932-10-01 1961-10-01",2.93,0.73,9,"1953-10-01 1961-10-01",23.8,18.22,30,"1932-10-01 1961-10-01",8.14,8.74,30,"1932-10-01 1961-10-01",15.97,14.9,30,"1932-10-01 1961-10-01",1.3,1.77,7,"1955-10-01 1961-10-01",,,,
1962-09-01,5.7,1.33,9,"1953-09-01 1961-09-01",86.51,3.02,9,"1953-09-01 1961-09-01",17.41,2.38,30,"1932-09-01 1961-09-01",33.49,3.24,9,"1953-09-01 1961-09-01",-0.17,1.34,9,"1953-09-01 1961-09-01",41.22,6.06,9,"1953-09-01 1961-09-01",4.02,1.26,30,"1932-09-01 1961-09-01",2.54,0.8,9,"1953-09-01 1961-09-01",34.2,20.02,30,"1932-09-01 1961-09-01",27.5,16.01,30,"1932-09-01 1961-09-01",6.72,9.91,30,"1932-09-01 1961-09-01",0.1,0.14,7,"1955-09-01 1961-09-01",,,,
1962-08-01,10.72,1.34,9,"1953-08-01 1961-08-01",88.14,4.17,9,"1953-08-01 1961-08-01",22.23,2.08,30,"1932-08-01 1961-08-01",29.83,3.04,9,"1953-08-01 1961-08-01",4.72,1.38,9,"1953-08-01 1961-08-01",41.51,8.11,9,"1953-08-01 1961-08-01",8.07,0.91,30,"1932-08-01 1961-08-01",2.05,0.65,9,"1953-08-01 1961-08-01",59.18,46.14,30,"1932-08-01 1961-08-01",59.14,46.12,30,"1932-08-01 1961-08-01",0.04,0.23,30,"1932-08-01 1961-08-01",0,0,7,"1955-08-01 1961-08-01",,,,
1962-07-01,11.76,0.94,9,"1953-07-01 1961-07-01",87.04,3.91,9,"1953-07-01 1961-07-01",23.79,1.61,30,"1932-07-01 1961-07-01",31.79,2.69,9,"1953-07-01 1961-07-01",5.61,1.3,9,"1953-07-01 1961-07-01",39.51,5.53,9,"1953-07-01 1961-07-01",9.59,0.71,30,"1932-07-01 1961-07-01",2.51,0.36,9,"1953-07-01 1961-07-01",62.3,38.6,30,"1932-07-01 1961-07-01",62.3,38.6,30,"1932-07-01 1961-07-01",0,0,30,"1932-07-01 1961-07-01",0,0,7,"1955-07-01 1961-07-01",,,,
1962-06-01,8.28,0.92,9,"1953-06-01 1961-06-01",85.07,5.03,9,"1953-06-01 1961-06-01",19.24,2.18,30,"1932-06-01 1961-06-01",34.14,2.98,9,"1953-06-01 1961-06-01",2.21,1.22,9,"1953-06-01 1961-06-01",40.11,7.99,9,"1953-06-01 1961-06-01",6.96,1.09,30,"1932-06-01 1961-06-01",3.17,0.91,9,"1953-06-01 1961-06-01",86.29,41.89,30,"1932-06-01 1961-06-01",84.17,41.11,30,"1932-06-01 1961-06-01",2.12,8.54,30,"1932-06-01 1961-06-01",0,0,7,"1955-06-01 1961-06-01",,,,
1962-05-01,3.94,1.38,9,"1953-05-01 1961-05-01",84.55,3.91,9,"1953-05-01 1961-05-01",16.32,2.15,30,"1932-05-01 1961-05-01",34.05,3.37,9,"1953-05-01 1961-05-01",-2.13,1.76,9,"1953-05-01 1961-05-01",38.88,6.33,9,"1953-05-01 1961-05-01",3.23,1.29,30,"1932-05-01 1961-05-01",3.89,0.78,9,"1953-05-01 1961-05-01",52.56,24.83,30,"1932-05-01 1961-05-01",44.2,22.44,30,"1932-05-01 1961-05-01",8.47,9.76,30,"1932-05-01 1961-05-01",0.3,0.4,7,"1955-05-01 1961-05-01",,,,
1962-04-01,-1.5,1.42,9,"1953-04-01 1961-04-01",86.32,3.28,9,"1953-04-01 1961-04-01",9.51,3.76,30,"1932-04-01 1961-04-01",34.44,2.73,9,"1953-04-01 1961-04-01",-8.25,2.21,9,"1953-04-01 1961-04-01",45.29,9.16,9,"1953-04-01 1961-04-01",-2.59,2.23,30,"1932-04-01 1961-04-01",3.66,0.93,9,"1953-04-01 1961-04-01",34.83,24.55,30,"1932-04-01 1961-04-01",9.61,12.01,30,"1932-04-01 1961-04-01",25.44,18.12,30,"1932-04-01 1961-04-01",1.4,0.68,7,"1955-04-01 1961-04-01",,,,
1962-03-01,-5.12,2.06,9,"1953-03-01 1961-03-01",89.09,3.66,9,"1953-03-01 1961-03-01",0.94,3.08,30,"1932-03-01 1961-03-01",32.67,3.91,9,"1953-03-01 1961-03-01",-12.68,2.51,9,"1953-03-01 1961-03-01",54.35,8.74,9,"1953-03-01 1961-03-01",-9.56,3.09,30,"1932-03-01 1961-03-01",3.17,0.78,9,"1953-03-01 1961-03-01",24.03,10.84,30,"1932-03-01 1961-03-01",0.7,1.53,30,"1932-03-01 1961-03-01",23.4,10.82,30,"1932-03-01 1961-03-01",4.7,3.67,7,"1955-03-01 1961-03-01",,,,
1962-02-01,-7.99,2.96,9,"1953-02-01 1961-02-01",86,3.94,9,"1953-02-01 1961-02-01",-3.27,4.89,30,"1932-02-01 1961-02-01",33.57,3.59,9,"1953-02-01 1961-02-01",-16.65,3.45,9,"1953-02-01 1961-02-01",56.98,5.95,9,"1953-02-01 1961-02-01",-14.64,4.86,30,"1932-02-01 1961-02-01",2.88,0.93,9,"1953-02-01 1961-02-01",20.91,11.14,30,"1932-02-01 1961-02-01",0.08,0.36,30,"1932-02-01 1961-02-01",21.31,11.71,30,"1932-02-01 1961-02-01",8,2.66,7,"1955-02-01 1961-02-01",,,,
1962-01-01,-10.34,3.96,9,"1953-01-01 1961-01-01",84.8,4.09,9,"1953-01-01 1961-01-01",-4.37,5.81,30,"1932-01-01 1961-01-01",31.66,3.22,9,"1953-01-01 1961-01-01",-19.74,5.22,9,"1953-01-01 1961-01-01",57.03,6.78,9,"1953-01-01 1961-01-01",-15.66,5.43,30,"1932-01-01 1961-01-01",2.36,0.34,9,"1953-01-01 1961-01-01",17.37,11.47,30,"1932-01-01 1961-01-01",0.17,0.74,30,"1932-01-01 1961-01-01",17.33,11.1,30,"1932-01-01 1961-01-01",6,6.68,7,"1955-01-01 1961-01-01",,,,
1961-12-01,-6.31,2.82,8,"1953-12-01 1960-12-01",82.86,2.93,8,"1953-12-01 1960-12-01",-1,4.2,30,"1931-12-01 1960-12-01",36,4.64,8,"1953-12-01 1960-12-01",-15.16,3.7,8,"1953-12-01 1960-12-01",50.15,5.01,8,"1953-12-01 1960-12-01",-12.09,3.85,30,"1931-12-01 1960-12-01",3.18,1.45,8,"1953-12-01 1960-12-01",15.12,12.35,30,"1931-12-01 1960-12-01",0.14,0.39,30,"1931-12-01 1960-12-01",15.27,12.46,30,"1931-12-01 1960-12-01",4.6,4.85,6,"1955-12-01 1960-12-01",,,,
1961-11-01,-4.43,3.98,8,"1953-11-01 1960-11-01",84.46,2.52,8,"1953-11-01 1960-11-01",3.3,4.69,30,"1931-11-01 1960-11-01",33.26,3.08,8,"1953-11-01 1960-11-01",-12.21,4.74,8,"1953-11-01 1960-11-01",49.27,4.91,8,"1953-11-01 1960-11-01",-7.75,3.76,30,"1931-11-01 1960-11-01",2.63,0.62,8,"1953-11-01 1960-11-01",16.02,13.54,30,"1931-11-01 1960-11-01",0.53,1.35,30,"1931-11-01 1960-11-01",15.59,13.13,30,"1931-11-01 1960-11-01",2.6,1.16,6,"1955-11-01 1960-11-01",,,,
1961-10-01,0.47,1.16,8,"1953-10-01 1960-10-01",82.61,4.38,8,"1953-10-01 1960-10-01",11.79,3.03,30,"1931-10-01 1960-10-01",35.73,2.8,8,"1953-10-01 1960-10-01",-6.07,1.34,8,"1953-10-01 1960-10-01",39.91,7.75,8,"1953-10-01 1960-10-01",-0.96,1.74,30,"1931-10-01 1960-10-01",2.69,0.28,8,"1953-10-01 1960-10-01",22.61,18.19,30,"1931-10-01 1960-10-01",8.23,8.7,30,"1931-10-01 1960-10-01",14.38,13.96,30,"1931-10-01 1960-10-01",1.1,1.87,6,"1955-10-01 1960-10-01",,,,
1961-09-01,5.98,1.14,8,"1953-09-01 1960-09-01",86.45,3.19,8,"1953-09-01 1960-09-01",17.48,2.33,30,"1931-09-01 1960-09-01",33.26,3.37,8,"1953-09-01 1960-09-01",0.04,1.27,8,"1953-09-01 1960-09-01",40.98,6.38,8,"1953-09-01 1960-09-01",4.13,1.13,30,"1931-09-01 1960-09-01",2.49,0.83,8,"1953-09-01 1960-09-01",34.9,19.97,30,"1931-09-01 1960-09-01",28.25,16.21,30,"1931-09-01 1960-09-01",6.65,9.95,30,"1931-09-01 1960-09-01",0.1,0.15,6,"1955-09-01 1960-09-01",,,,
1961-08-01,10.57,1.35,8,"1953-08-01 1960-08-01",88.77,3.98,8,"1953-08-01 1960-08-01",22.17,2,30,"1931-08-01 1960-08-01",30.54,2.44,8,"1953-08-01 1960-08-01",4.68,1.46,8,"1953-08-01 1960-08-01",42.42,8.16,8,"1953-08-01 1960-08-01",8.01,0.84,30,"1931-08-01 1960-08-01",2.16,0.61,8,"1953-08-01 1960-08-01",58.68,46.57,30,"1931-08-01 1960-08-01",58.64,46.55,30,"1931-08-01 1960-08-01",0.04,0.23,30,"1931-08-01 1960-08-01",0,0,6,"1955-08-01 1960-08-01",,,,
1961-07-01,11.87,0.94,8,"1953-07-01 1960-07-01",87.54,3.87,8,"1953-07-01 1960-07-01",23.78,1.61,30,"1931-07-01 1960-07-01",32.02,2.77,8,"1953-07-01 1960-07-01",5.67,1.36,8,"1953-07-01 1960-07-01",39.66,5.85,8,"1953-07-01 1960-07-01",9.57,0.69,30,"1931-07-01 1960-07-01",2.51,0.38,8,"1953-07-01 1960-07-01",58.53,34.81,30,"1931-07-01 1960-07-01",58.53,34.81,30,"1931-07-01 1960-07-01",0,0,30,"1931-07-01 1960-07-01",0,0,6,"1955-07-01 1960-07-01",,,,
1961-06-01,8.14,0.88,8,"1953-06-01 1960-06-01",86.27,3.94,8,"1953-06-01 1960-06-01",19.06,1.81,30,"1931-06-01 1960-06-01",34.2,3.16,8,"1953-06-01 1960-06-01",2.24,1.29,8,"1953-06-01 1960-06-01",41.74,6.91,8,"1953-06-01 1960-06-01",6.9,1,30,"1931-06-01 1960-06-01",3.32,0.85,8,"1953-06-01 1960-06-01",87.79,39.89,30,"1931-06-01 1960-06-01",85.67,39.15,30,"1931-06-01 1960-06-01",2.12,8.54,30,"1931-06-01 1960-06-01",0,0,6,"1955-06-01 1960-06-01",,,,
1961-05-01,3.77,1.37,8,"1953-05-01 1960-05-01",84.23,4.03,8,"1953-05-01 1960-05-01",16.34,2.15,30,"1931-05-01 1960-05-01",34.68,3.04,8,"1953-05-01 1960-05-01",-2.32,1.77,8,"1953-05-01 1960-05-01",38.5,6.61,8,"1953-05-01 1960-05-01",3.17,1.27,30,"1931-05-01 1960-05-01",3.92,0.82,8,"1953-05-01 1960-05-01",51.61,25.72,30,"1931-05-01 1960-05-01",43.28,23.37,30,"1931-05-01 1960-05-01",8.36,9.75,30,"1931-05-01 1960-05-01",0.3,0.42,6,"1955-05-01 1960-05-01",,,,
1961-04-01,-1.55,1.5,8,"1953-04-01 1960-04-01",86.6,3.37,8,"1953-04-01 1960-04-01",9.64,3.78,30,"1931-04-01 1960-04-01",34.15,2.77,8,"1953-04-01 1960-04-01",-8.14,2.32,8,"1953-04-01 1960-04-01",46.05,9.44,8,"1953-04-01 1960-04-01",-2.58,2.23,30,"1931-04-01 1960-04-01",3.81,0.87,8,"1953-04-01 1960-04-01",34.51,24.57,30,"1931-04-01 1960-04-01",9.39,12.12,30,"1931-04-01 1960-04-01",25.14,18,30,"1931-04-01 1960-04-01",1.3,0.73,6,"1955-04-01 1960-04-01",,,,
1961-03-01,-5.4,2.02,8,"1953-03-01 1960-03-01",89.18,3.87,8,"1953-03-01 1960-03-01",0.89,3.03,30,"1931-03-01 1960-03-01",33.28,3.73,8,"1953-03-01 1960-03-01",-12.96,2.51,8,"1953-03-01 1960-03-01",54.95,9.09,8,"1953-03-01 1960-03-01",-9.66,3.02,30,"1931-03-01 1960-03-01",3.31,0.71,8,"1953-03-01 1960-03-01",25.5,11.13,30,"1931-03-01 1960-03-01",0.67,1.54,30,"1931-03-01 1960-03-01",24.84,11.25,30,"1931-03-01 1960-03-01",4.9,3.94,6,"1955-03-01 1960-03-01",,,,
1961-02-01,-8.26,3.03,8,"1953-02-01 1960-02-01",86.58,3.8,8,"1953-02-01 1960-02-01",-3.08,5.18,30,"1931-02-01 1960-02-01",33.46,3.79,8,"1953-02-01 1960-02-01",-16.98,3.52,8,"1953-02-01 1960-02-01",57.81,5.81,8,"1953-02-01 1960-02-01",-14.54,4.99,30,"1931-02-01 1960-02-01",2.8,0.95,8,"1953-02-01 1960-02-01",20.03,11.42,30,"1931-02-01 1960-02-01",0.08,0.36,30,"1931-02-01 1960-02-01",19.96,11.31,30,"1931-02-01 1960-02-01",8.1,2.87,6,"1955-02-01 1960-02-01",,,,
1961-01-01,-10.89,3.87,8,"1953-01-01 1960-01-01",85.57,3.67,8,"1953-01-01 1960-01-01",-4.28,5.95,30,"1931-01-01 1960-01-01",31.13,3.02,8,"1953-01-01 1960-01-01",-20.49,5.05,8,"1953-01-01 1960-01-01",58.28,6.13,8,"1953-01-01 1960-01-01",-15.6,5.53,30,"1931-01-01 1960-01-01",2.31,0.33,8,"1953-01-01 1960-01-01",17.23,11.64,30,"1931-01-01 1960-01-01",0.17,0.74,30,"1931-01-01 1960-01-01",17.07,11.38,30,"1931-01-01 1960-01-01",6.9,6.84,6,"1955-01-01 1960-01-01",,,,
1960-12-01,-6.46,2.98,7,"1953-12-01 1959-12-01",82.97,3.12,7,"1953-12-01 1959-12-01",-0.85,4.37,30,"1930-12-01 1959-12-01",36.87,4.32,7,"1953-12-01 1959-12-01",-15.17,3.96,7,"1953-12-01 1959-12-01",49.69,5.2,7,"1953-12-01 1959-12-01",-11.94,3.98,30,"1930-12-01 1959-12-01",3.45,1.35,7,"1953-12-01 1959-12-01",14.98,12.35,30,"1930-12-01 1959-12-01",0.16,0.4,30,"1930-12-01 1959-12-01",14.83,12.31,30,"1930-12-01 1959-12-01",4.5,5.31,5,"1955-12-01 1959-12-01",,,,
1960-11-01,-4.37,4.25,7,"1953-11-01 1959-11-01",84.68,2.62,7,"1953-11-01 1959-11-01",3.41,4.71,30,"1930-11-01 1959-11-01",33.8,2.91,7,"1953-11-01 1959-11-01",-11.94,5.01,7,"1953-11-01 1959-11-01",49.47,5.22,7,"1953-11-01 1959-11-01",-7.69,3.76,30,"1930-11-01 1959-11-01",2.7,0.64,7,"1953-11-01 1959-11-01",16.68,13.83,30,"1930-11-01 1959-11-01",0.53,1.35,30,"1930-11-01 1959-11-01",16.15,13.48,30,"1930-11-01 1959-11-01",2.6,1.27,5,"1955-11-01 1959-11-01",,,,
1960-10-01,0.38,1.21,7,"1953-10-01 1959-10-01",83.32,4.24,7,"1953-10-01 1959-10-01",11.63,3.06,30,"1930-10-01 1959-10-01",35.95,2.93,7,"1953-10-01 1959-10-01",-6.25,1.34,7,"1953-10-01 1959-10-01",40.41,8.16,7,"1953-10-01 1959-10-01",-1.11,1.77,30,"1930-10-01 1959-10-01",2.65,0.27,7,"1953-10-01 1959-10-01",22.67,18.19,30,"1930-10-01 1959-10-01",8.1,8.77,30,"1930-10-01 1959-10-01",14.57,13.99,30,"1930-10-01 1959-10-01",1.3,1.98,5,"1955-10-01 1959-10-01",,,,
1960-09-01,6.2,1.05,7,"1953-09-01 1959-09-01",87.45,1.94,7,"1953-09-01 1959-09-01",17.42,2.31,30,"1930-09-01 1959-09-01",33.38,3.58,7,"1953-09-01 1959-09-01",0.31,1.13,7,"1953-09-01 1959-09-01",42.48,5.35,7,"1953-09-01 1959-09-01",4.14,1.13,30,"1930-09-01 1959-09-01",2.72,0.6,7,"1953-09-01 1959-09-01",35.67,19.5,30,"1930-09-01 1959-09-01",28.66,15.94,30,"1930-09-01 1959-09-01",7.01,9.9,30,"1930-09-01 1959-09-01",0.1,0.16,5,"1955-09-01 1959-09-01",,,,
1960-08-01,10.8,1.29,7,"1953-08-01 1959-08-01",89.55,3.64,7,"1953-08-01 1959-08-01",22.3,2.09,30,"1930-08-01 1959-08-01",30.22,2.45,7,"1953-08-01 1959-08-01",4.91,1.42,7,"1953-08-01 1959-08-01",43.33,8.33,7,"1953-08-01 1959-08-01",8.01,0.84,30,"1930-08-01 1959-08-01",2.17,0.65,7,"1953-08-01 1959-08-01",58.2,46.82,30,"1930-08-01 1959-08-01",58.15,46.79,30,"1930-08-01 1959-08-01",0.04,0.23,30,"1930-08-01 1959-08-01",0,0,5,"1955-08-01 1959-08-01",,,,
1960-07-01,11.75,0.94,7,"1953-07-01 1959-07-01",88.31,3.51,7,"1953-07-01 1959-07-01",23.75,1.56,30,"1930-07-01 1959-07-01",32.27,2.88,7,"1953-07-01 1959-07-01",5.74,1.44,7,"1953-07-01 1959-07-01",40.52,5.77,7,"1953-07-01 1959-07-01",9.5,0.65,30,"1930-07-01 1959-07-01",2.48,0.4,7,"1953-07-01 1959-07-01",58.35,34.9,30,"1930-07-01 1959-07-01",58.35,34.9,30,"1930-07-01 1959-07-01",0,0,30,"1930-07-01 1959-07-01",0,0,5,"1955-07-01 1959-07-01",,,,
1960-06-01,8.25,0.89,7,"1953-06-01 1959-06-01",86.61,4.1,7,"1953-06-01 1959-06-01",19.08,1.81,30,"1930-06-01 1959-06-01",34,3.33,7,"1953-06-01 1959-06-01",2.45,1.24,7,"1953-06-01 1959-06-01",42.58,7,7,"1953-06-01 1959-06-01",6.88,1,30,"1930-06-01 1959-06-01",3.5,0.75,7,"1953-06-01 1959-06-01",86.84,40.26,30,"1930-06-01 1959-06-01",84.71,39.48,30,"1930-06-01 1959-06-01",2.12,8.54,30,"1930-06-01 1959-06-01",0,0,5,"1955-06-01 1959-06-01",,,,
1960-05-01,3.94,1.39,7,"1953-05-01 1959-05-01",84.57,4.2,7,"1953-05-01 1959-05-01",16.33,2.16,30,"1930-05-01 1959-05-01",34.59,3.24,7,"1953-05-01 1959-05-01",-1.9,1.45,7,"1953-05-01 1959-05-01",39.45,6.53,7,"1953-05-01 1959-05-01",3.15,1.29,30,"1930-05-01 1959-05-01",4.04,0.81,7,"1953-05-01 1959-05-01",50.85,26,30,"1930-05-01 1959-05-01",42.55,23.42,30,"1930-05-01 1959-05-01",8.33,9.77,30,"1930-05-01 1959-05-01",0.4,0.43,5,"1955-05-01 1959-05-01",,,,
1960-04-01,-1.52,1.6,7,"1953-04-01 1959-04-01",87.47,2.64,7,"1953-04-01 1959-04-01",9.74,3.85,30,"1930-04-01 1959-04-01",34.11,2.95,7,"1953-04-01 1959-04-01",-7.8,2.3,7,"1953-04-01 1959-04-01",48.34,7.74,7,"1953-04-01 1959-04-01",-2.53,2.26,30,"1930-04-01 1959-04-01",4,0.77,7,"1953-04-01 1959-04-01",36.03,25.65,30,"1930-04-01 1959-04-01",11.92,16.88,30,"1930-04-01 1959-04-01",24.13,18.52,30,"1930-04-01 1959-04-01",1.3,0.8,5,"1955-04-01 1959-04-01",,,,
1960-03-01,-5.34,2.15,7,"1953-03-01 1959-03-01",89.08,4.12,7,"1953-03-01 1959-03-01",1.03,3.11,30,"1930-03-01 1959-03-01",33.51,3.93,7,"1953-03-01 1959-03-01",-12.83,2.66,7,"1953-03-01 1959-03-01",55.02,9.72,7,"1953-03-01 1959-03-01",-9.59,3.02,30,"1930-03-01 1959-03-01",3.31,0.76,7,"1953-03-01 1959-03-01",26.01,10.56,30,"1930-03-01 1959-03-01",0.66,1.54,30,"1930-03-01 1959-03-01",25.36,10.7,30,"1930-03-01 1959-03-01",4.4,4.09,5,"1955-03-01 1959-03-01",,,,
1960-02-01,-8.41,3.21,7,"1953-02-01 1959-02-01",86.08,3.82,7,"1953-02-01 1959-02-01",-2.85,5.32,30,"1930-02-01 1959-02-01",34.01,3.74,7,"1953-02-01 1959-02-01",-17.11,3.74,7,"1953-02-01 1959-02-01",57,5.78,7,"1953-02-01 1959-02-01",-14.36,5.15,30,"1930-02-01 1959-02-01",2.94,0.93,7,"1953-02-01 1959-02-01",19.26,11.4,30,"1930-02-01 1959-02-01",0.08,0.36,30,"1930-02-01 1959-02-01",19.19,11.28,30,"1930-02-01 1959-02-01",8.2,3.12,5,"1955-02-01 1959-02-01",,,,
1960-01-01,-11.09,4.09,7,"1953-01-01 1959-01-01",85.79,3.88,7,"1953-01-01 1959-01-01",-4.51,6.07,30,"1930-01-01 1959-01-01",31.25,3.21,7,"1953-01-01 1959-01-01",-20.71,5.36,7,"1953-01-01 1959-01-01",58.35,6.55,7,"1953-01-01 1959-01-01",-15.8,5.6,30,"1930-01-01 1959-01-01",2.33,0.35,7,"1953-01-01 1959-01-01",16.86,11.73,30,"1930-01-01 1959-01-01",0.17,0.74,30,"1930-01-01 1959-01-01",16.71,11.46,30,"1930-01-01 1959-01-01",6.4,7.41,5,"1955-01-01 1959-01-01",,,,
1959-12-01,-7,2.89,6,"1953-12-01 1958-12-01",82.58,3.21,6,"1953-12-01 1958-12-01",-1.08,4.29,30,"1929-12-01 1958-12-01",36.67,4.64,6,"1953-12-01 1958-12-01",-15.81,3.93,6,"1953-12-01 1958-12-01",49.47,5.59,6,"1953-12-01 1958-12-01",-12.2,3.89,30,"1929-12-01 1958-12-01",3.57,1.42,6,"1953-12-01 1958-12-01",15.36,12.48,30,"1929-12-01 1958-12-01",0.16,0.4,30,"1929-12-01 1958-12-01",15.21,12.45,30,"1929-12-01 1958-12-01",5.5,5.53,4,"1955-12-01 1958-12-01",,,,
1959-11-01,-4.23,4.57,6,"1953-11-01 1958-11-01",84.02,2.23,6,"1953-11-01 1958-11-01",3.54,4.69,30,"1929-11-01 1958-11-01",33.34,2.9,6,"1953-11-01 1958-11-01",-11.68,5.36,6,"1953-11-01 1958-11-01",48.75,5.32,6,"1953-11-01 1958-11-01",-7.57,3.74,30,"1929-11-01 1958-11-01",2.56,0.58,6,"1953-11-01 1958-11-01",16.74,13.94,30,"1929-11-01 1958-11-01",0.5,1.35,30,"1929-11-01 1958-11-01",16.24,13.62,30,"1929-11-01 1958-11-01",2,0.74,4,"1955-11-01 1958-11-01",,,,
1959-10-01,0.46,1.29,6,"1953-10-01 1958-10-01",83.11,4.54,6,"1953-10-01 1958-10-01",11.83,3.1,30,"1929-10-01 1958-10-01",35,1.91,6,"1953-10-01 1958-10-01",-6.24,1.45,6,"1953-10-01 1958-10-01",39.34,8.35,6,"1953-10-01 1958-10-01",-1.09,1.77,30,"1929-10-01 1958-10-01",2.65,0.3,6,"1953-10-01 1958-10-01",23.5,18.15,30,"1929-10-01 1958-10-01",8.41,8.83,30,"1929-10-01 1958-10-01",15.08,13.89,30,"1929-10-01 1958-10-01",1.7,2.08,4,"1955-10-01 1958-10-01",,,,
1959-09-01,6.34,1.07,6,"1953-09-01 1958-09-01",87.12,1.9,6,"1953-09-01 1958-09-01",17.49,2.26,30,"1929-09-01 1958-09-01",33.16,3.83,6,"1953-09-01 1958-09-01",0.42,1.19,6,"1953-09-01 1958-09-01",41.88,5.56,6,"1953-09-01 1958-09-01",4.12,1.16,30,"1929-09-01 1958-09-01",2.71,0.65,6,"1953-09-01 1958-09-01",35.92,19.32,30,"1929-09-01 1958-09-01",28.95,15.81,30,"1929-09-01 1958-09-01",6.97,9.92,30,"1929-09-01 1958-09-01",0.1,0.17,4,"1955-09-01 1958-09-01",,,,
1959-08-01,11.09,1.16,6,"1953-08-01 1958-08-01",89.84,3.86,6,"1953-08-01 1958-08-01",22.55,2.14,30,"1929-08-01 1958-08-01",29.6,2.09,6,"1953-08-01 1958-08-01",5.23,1.28,6,"1953-08-01 1958-08-01",43.33,9,6,"1953-08-01 1958-08-01",8.03,0.83,30,"1929-08-01 1958-08-01",2.3,0.61,6,"1953-08-01 1958-08-01",56.57,47.37,30,"1929-08-01 1958-08-01",56.52,47.34,30,"1929-08-01 1958-08-01",0.04,0.23,30,"1929-08-01 1958-08-01",0,0,4,"1955-08-01 1958-08-01",,,,
1959-07-01,11.98,0.81,6,"1953-07-01 1958-07-01",89.58,1.77,6,"1953-07-01 1958-07-01",23.81,1.65,30,"1929-07-01 1958-07-01",31.4,2.11,6,"1953-07-01 1958-07-01",6.15,1.13,6,"1953-07-01 1958-07-01",42.17,4.43,6,"1953-07-01 1958-07-01",9.44,0.71,30,"1929-07-01 1958-07-01",2.58,0.35,6,"1953-07-01 1958-07-01",56.63,36.1,30,"1929-07-01 1958-07-01",56.63,36.1,30,"1929-07-01 1958-07-01",0,0,30,"1929-07-01 1958-07-01",0,0,4,"1955-07-01 1958-07-01",,,,
1959-06-01,8.32,0.95,6,"1953-06-01 1958-06-01",87.23,4.11,6,"1953-06-01 1958-06-01",19.13,1.85,30,"1929-06-01 1958-06-01",33.76,3.54,6,"1953-06-01 1958-06-01",2.51,1.33,6,"1953-06-01 1958-06-01",42.73,7.55,6,"1953-06-01 1958-06-01",6.88,1,30,"1929-06-01 1958-06-01",3.61,0.76,6,"1953-06-01 1958-06-01",85.14,40.04,30,"1929-06-01 1958-06-01",83.01,39.16,30,"1929-06-01 1958-06-01",2.12,8.54,30,"1929-06-01 1958-06-01",0,0,4,"1955-06-01 1958-06-01",,,,
1959-05-01,4.31,1.13,6,"1953-05-01 1958-05-01",84.61,4.53,6,"1953-05-01 1958-05-01",16.43,2.09,30,"1929-05-01 1958-05-01",34.26,3.38,6,"1953-05-01 1958-05-01",-1.49,1.14,6,"1953-05-01 1958-05-01",39.59,7.05,6,"1953-05-01 1958-05-01",3.18,1.23,30,"1929-05-01 1958-05-01",3.88,0.76,6,"1953-05-01 1958-05-01",50.99,25.98,30,"1929-05-01 1958-05-01",43.55,22.66,30,"1929-05-01 1958-05-01",7.47,8.34,30,"1929-05-01 1958-05-01",0.3,0.39,4,"1955-05-01 1958-05-01",,,,
1959-04-01,-1.42,1.7,6,"1953-04-01 1958-04-01",88.46,1.14,6,"1953-04-01 1958-04-01",9.7,3.85,30,"1929-04-01 1958-04-01",33.32,2.42,6,"1953-04-01 1958-04-01",-7.55,2.39,6,"1953-04-01 1958-04-01",50.75,5.42,6,"1953-04-01 1958-04-01",-2.6,2.3,30,"1929-04-01 1958-04-01",3.74,0.48,6,"1953-04-01 1958-04-01",36.36,25.58,30,"1929-04-01 1958-04-01",11.89,16.91,30,"1929-04-01 1958-04-01",24.5,18.64,30,"1929-04-01 1958-04-01",1.3,0.89,4,"1955-04-01 1958-04-01",,,,
1959-03-01,-5.61,2.21,6,"1953-03-01 1958-03-01",90.28,3.11,6,"1953-03-01 1958-03-01",1.08,3.19,30,"1929-03-01 1958-03-01",32.88,3.91,6,"1953-03-01 1958-03-01",-13.19,2.71,6,"1953-03-01 1958-03-01",57.97,7.01,6,"1953-03-01 1958-03-01",-9.65,2.94,30,"1929-03-01 1958-03-01",3.24,0.8,6,"1953-03-01 1958-03-01",26.19,10.3,30,"1929-03-01 1958-03-01",0.66,1.54,30,"1929-03-01 1958-03-01",25.54,10.46,30,"1929-03-01 1958-03-01",5.4,3.97,4,"1955-03-01 1958-03-01",,,,
1959-02-01,-8.09,3.36,6,"1953-02-01 1958-02-01",86.57,3.91,6,"1953-02-01 1958-02-01",-2.83,5.31,30,"1929-02-01 1958-02-01",34.28,3.98,6,"1953-02-01 1958-02-01",-16.58,3.79,6,"1953-02-01 1958-02-01",57.36,6.17,6,"1953-02-01 1958-02-01",-14.39,5.16,30,"1929-02-01 1958-02-01",3.1,0.92,6,"1953-02-01 1958-02-01",19.14,11.43,30,"1929-02-01 1958-02-01",0.07,0.36,30,"1929-02-01 1958-02-01",19.07,11.32,30,"1929-02-01 1958-02-01",7.8,3.35,4,"1955-02-01 1958-02-01",,,,
1959-01-01,-10.84,4.37,6,"1953-01-01 1958-01-01",86.08,4.12,6,"1953-01-01 1958-01-01",-4.53,6.08,30,"1929-01-01 1958-01-01",31.19,3.47,6,"1953-01-01 1958-01-01",-20.43,5.74,6,"1953-01-01 1958-01-01",58.63,7.03,6,"1953-01-01 1958-01-01",-15.87,5.64,30,"1929-01-01 1958-01-01",2.27,0.35,6,"1953-01-01 1958-01-01",16.89,11.71,30,"1929-01-01 1958-01-01",0.17,0.74,30,"1929-01-01 1958-01-01",16.74,11.45,30,"1929-01-01 1958-01-01",7.2,8.09,4,"1955-01-01 1958-01-01",,,,
1958-12-01,-7.01,3.16,5,"1953-12-01 1957-12-01",82.8,3.47,5,"1953-12-01 1957-12-01",-1,4.34,30,"1928-12-01 1957-12-01",36.57,5.07,5,"1953-12-01 1957-12-01",-16.08,4.25,5,"1953-12-01 1957-12-01",49.47,6.12,5,"1953-12-01 1957-12-01",-12.23,3.87,30,"1928-12-01 1957-12-01",3.77,1.48,5,"1953-12-01 1957-12-01",15.33,12.5,30,"1928-12-01 1957-12-01",0.16,0.4,30,"1928-12-01 1957-12-01",15.18,12.47,30,"1928-12-01 1957-12-01",6.9,5.75,3,"1955-12-01 1957-12-01",,,,
1958-11-01,-3.89,4.94,5,"1953-11-01 1957-11-01",84.13,2.43,5,"1953-11-01 1957-11-01",3.76,4.76,30,"1928-11-01 1957-11-01",33.21,3.16,5,"1953-11-01 1957-11-01",-11.25,5.78,5,"1953-11-01 1957-11-01",48.86,5.82,5,"1953-11-01 1957-11-01",-7.52,3.74,30,"1928-11-01 1957-11-01",2.64,0.6,5,"1953-11-01 1957-11-01",16.36,14.08,30,"1928-11-01 1957-11-01",0.5,1.35,30,"1928-11-01 1957-11-01",15.86,13.75,30,"1928-11-01 1957-11-01",1.6,0.25,3,"1955-11-01 1957-11-01",,,,
1958-10-01,0.45,1.41,5,"1953-10-01 1957-10-01",84.12,4.32,5,"1953-10-01 1957-10-01",11.67,3.04,30,"1928-10-01 1957-10-01",34.7,1.96,5,"1953-10-01 1957-10-01",-6.04,1.51,5,"1953-10-01 1957-10-01",41.14,8.02,5,"1953-10-01 1957-10-01",-1.19,1.83,30,"1928-10-01 1957-10-01",2.64,0.32,5,"1953-10-01 1957-10-01",23.88,17.81,30,"1928-10-01 1957-10-01",8.55,8.76,30,"1928-10-01 1957-10-01",15.33,13.68,30,"1928-10-01 1957-10-01",2.2,2.13,3,"1955-10-01 1957-10-01",,,,
1958-09-01,6.73,0.68,5,"1953-09-01 1957-09-01",87.88,0.92,5,"1953-09-01 1957-09-01",17.6,2.35,30,"1928-09-01 1957-09-01",31.85,2.69,5,"1953-09-01 1957-09-01",0.85,0.76,5,"1953-09-01 1957-09-01",43.76,4,5,"1953-09-01 1957-09-01",4.06,1.21,30,"1928-09-01 1957-09-01",2.55,0.59,5,"1953-09-01 1957-09-01",34.05,19.88,30,"1928-09-01 1957-09-01",27.09,15.7,30,"1928-09-01 1957-09-01",6.96,9.93,30,"1928-09-01 1957-09-01",0.1,0.19,3,"1955-09-01 1957-09-01",,,,
1958-08-01,11.12,1.27,5,"1953-08-01 1957-08-01",90.74,3.61,5,"1953-08-01 1957-08-01",22.47,2.1,30,"1928-08-01 1957-08-01",29.19,2.05,5,"1953-08-01 1957-08-01",5.36,1.36,5,"1953-08-01 1957-08-01",45.42,8.42,5,"1953-08-01 1957-08-01",7.96,0.8,30,"1928-08-01 1957-08-01",2.32,0.66,5,"1953-08-01 1957-08-01",57.6,46.84,30,"1928-08-01 1957-08-01",57.56,46.81,30,"1928-08-01 1957-08-01",0.04,0.23,30,"1928-08-01 1957-08-01",0,0,3,"1955-08-01 1957-08-01",,,,
1958-07-01,11.99,0.89,5,"1953-07-01 1957-07-01",89.42,1.9,5,"1953-07-01 1957-07-01",23.86,1.63,30,"1928-07-01 1957-07-01",31.05,2.15,5,"1953-07-01 1957-07-01",6.11,1.24,5,"1953-07-01 1957-07-01",42.21,4.85,5,"1953-07-01 1957-07-01",9.45,0.71,30,"1928-07-01 1957-07-01",2.61,0.38,5,"1953-07-01 1957-07-01",55.9,36.24,30,"1928-07-01 1957-07-01",55.9,36.24,30,"1928-07-01 1957-07-01",0,0,30,"1928-07-01 1957-07-01",0,0,3,"1955-07-01 1957-07-01",,,,
1958-06-01,8.17,0.97,5,"1953-06-01 1957-06-01",87.18,4.5,5,"1953-06-01 1957-06-01",19.13,1.85,30,"1928-06-01 1957-06-01",33.91,3.86,5,"1953-06-01 1957-06-01",2.29,1.35,5,"1953-06-01 1957-06-01",42.5,8.25,5,"1953-06-01 1957-06-01",6.83,0.99,30,"1928-06-01 1957-06-01",3.61,0.84,5,"1953-06-01 1957-06-01",89.04,46.27,30,"1928-06-01 1957-06-01",86.95,45.7,30,"1928-06-01 1957-06-01",2.09,8.54,30,"1928-06-01 1957-06-01",0,0,3,"1955-06-01 1957-06-01",,,,
1958-05-01,4.29,1.23,5,"1953-05-01 1957-05-01",86.05,3.52,5,"1953-05-01 1957-05-01",16.48,2.19,30,"1928-05-01 1957-05-01",33.18,2.6,5,"1953-05-01 1957-05-01",-1.4,1.24,5,"1953-05-01 1957-05-01",41.99,5,5,"1953-05-01 1957-05-01",3.14,1.18,30,"1928-05-01 1957-05-01",3.95,0.82,5,"1953-05-01 1957-05-01",50.64,26.53,30,"1928-05-01 1957-05-01",43.19,23.17,30,"1928-05-01 1957-05-01",7.47,8.34,30,"1928-05-01 1957-05-01",0.4,0.41,3,"1955-05-01 1957-05-01",,,,
1958-04-01,-1.77,1.66,5,"1953-04-01 1957-04-01",88.76,1,5,"1953-04-01 1957-04-01",9.69,3.85,30,"1928-04-01 1957-04-01",32.73,2.22,5,"1953-04-01 1957-04-01",-8.03,2.35,5,"1953-04-01 1957-04-01",51.11,5.87,5,"1953-04-01 1957-04-01",-2.7,2.3,30,"1928-04-01 1957-04-01",3.71,0.52,5,"1953-04-01 1957-04-01",35.74,25.65,30,"1928-04-01 1957-04-01",11.49,17.04,30,"1928-04-01 1957-04-01",24.28,18.61,30,"1928-04-01 1957-04-01",1.5,0.93,3,"1955-04-01 1957-04-01",,,,
1958-03-01,-5.36,2.34,5,"1953-03-01 1957-03-01",89.48,2.77,5,"1953-03-01 1957-03-01",1.4,3.19,30,"1928-03-01 1957-03-01",34.28,2.56,5,"1953-03-01 1957-03-01",-13.07,2.95,5,"1953-03-01 1957-03-01",55.14,3.29,5,"1953-03-01 1957-03-01",-9.48,2.94,30,"1928-03-01 1957-03-01",3.26,0.88,5,"1953-03-01 1957-03-01",26.42,10.36,30,"1928-03-01 1957-03-01",0.66,1.54,30,"1928-03-01 1957-03-01",25.77,10.53,30,"1928-03-01 1957-03-01",3.4,2.3,3,"1955-03-01 1957-03-01",,,,
1958-02-01,-7.73,3.58,5,"1953-02-01 1957-02-01",85.52,3.43,5,"1953-02-01 1957-02-01",-2.5,5.39,30,"1928-02-01 1957-02-01",35.64,2.82,5,"1953-02-01 1957-02-01",-16.48,4.14,5,"1953-02-01 1957-02-01",54.8,2.55,5,"1953-02-01 1957-02-01",-14.18,5.26,30,"1928-02-01 1957-02-01",3.11,1,5,"1953-02-01 1957-02-01",19.19,11.44,30,"1928-02-01 1957-02-01",0.36,1.63,30,"1928-02-01 1957-02-01",18.83,11.38,30,"1928-02-01 1957-02-01",8.3,3.74,3,"1955-02-01 1957-02-01",,,,
1958-01-01,-12.17,3.49,5,"1953-01-01 1957-01-01",86.09,4.51,5,"1953-01-01 1957-01-01",-4.63,5.97,30,"1928-01-01 1957-01-01",31.37,3.78,5,"1953-01-01 1957-01-01",-22.12,4.74,5,"1953-01-01 1957-01-01",60.2,6.68,5,"1953-01-01 1957-01-01",-15.96,5.53,30,"1928-01-01 1957-01-01",2.34,0.34,5,"1953-01-01 1957-01-01",17.04,11.63,30,"1928-01-01 1957-01-01",0.17,0.74,30,"1928-01-01 1957-01-01",16.89,11.36,30,"1928-01-01 1957-01-01",9.3,8.32,3,"1955-01-01 1957-01-01",,,,
1957-12-01,-7.71,3.17,4,"1953-12-01 1956-12-01",81.63,2.87,4,"1953-12-01 1956-12-01",-1.49,4.58,30,"1927-12-01 1956-12-01",36.2,5.61,4,"1953-12-01 1956-12-01",-17.07,4.2,4,"1953-12-01 1956-12-01",50.05,6.72,4,"1953-12-01 1956-12-01",-12.65,4.13,30,"1927-12-01 1956-12-01",3.84,1.64,4,"1953-12-01 1956-12-01",16.25,12.75,30,"1927-12-01 1956-12-01",0.16,0.4,30,"1927-12-01 1956-12-01",16.1,12.72,30,"1927-12-01 1956-12-01",10.2,4.13,2,"1955-12-01 1956-12-01",,,,
1957-11-01,-4.25,5.47,4,"1953-11-01 1956-11-01",83.15,1.62,4,"1953-11-01 1956-11-01",3.44,5.03,30,"1927-11-01 1956-11-01",32.33,2.94,4,"1953-11-01 1956-11-01",-11.75,6.37,4,"1953-11-01 1956-11-01",47.32,5.51,4,"1953-11-01 1956-11-01",-7.79,3.93,30,"1927-11-01 1956-11-01",2.47,0.55,4,"1953-11-01 1956-11-01",17.1,15.03,30,"1927-11-01 1956-11-01",0.49,1.35,30,"1927-11-01 1956-11-01",16.61,14.75,30,"1927-11-01 1956-11-01",1.4,0.05,2,"1955-11-01 1956-11-01",,,,
1957-10-01,0.79,1.39,4,"1953-10-01 1956-10-01",82.61,3.46,4,"1953-10-01 1956-10-01",11.9,2.9,30,"1927-10-01 1956-10-01",35.23,1.84,4,"1953-10-01 1956-10-01",-5.78,1.59,4,"1953-10-01 1956-10-01",37.5,3.77,4,"1953-10-01 1956-10-01",-1.04,1.73,30,"1927-10-01 1956-10-01",2.63,0.36,4,"1953-10-01 1956-10-01",23.05,17.13,30,"1927-10-01 1956-10-01",9.28,9.19,30,"1927-10-01 1956-10-01",13.76,12.6,30,"1927-10-01 1956-10-01",0.8,0.81,2,"1955-10-01 1956-10-01",,,,
1957-09-01,6.5,0.56,4,"1953-09-01 1956-09-01",88.21,0.73,4,"1953-09-01 1956-09-01",17.54,2.34,30,"1927-09-01 1956-09-01",31.26,2.7,4,"1953-09-01 1956-09-01",0.6,0.66,4,"1953-09-01 1956-09-01",44.29,4.31,4,"1953-09-01 1956-09-01",3.98,1.16,30,"1927-09-01 1956-09-01",2.54,0.66,4,"1953-09-01 1956-09-01",36.85,24.13,30,"1927-09-01 1956-09-01",29.9,21.73,30,"1927-09-01 1956-09-01",6.95,9.94,30,"1927-09-01 1956-09-01",0.2,0.2,2,"1955-09-01 1956-09-01",,,,
1957-08-01,11.35,1.33,4,"1953-08-01 1956-08-01",90.4,3.97,4,"1953-08-01 1956-08-01",22.59,1.99,30,"1927-08-01 1956-08-01",28.72,2.03,4,"1953-08-01 1956-08-01",5.58,1.44,4,"1953-08-01 1956-08-01",44.23,9.03,4,"1953-08-01 1956-08-01",8.01,0.79,30,"1927-08-01 1956-08-01",2.15,0.65,4,"1953-08-01 1956-08-01",57.35,46.74,30,"1927-08-01 1956-08-01",57.31,46.72,30,"1927-08-01 1956-08-01",0.04,0.23,30,"1927-08-01 1956-08-01",0,0,2,"1955-08-01 1956-08-01",,,,
1957-07-01,12.19,0.89,4,"1953-07-01 1956-07-01",89.63,2.07,4,"1953-07-01 1956-07-01",23.79,1.65,30,"1927-07-01 1956-07-01",29.98,0.24,4,"1953-07-01 1956-07-01",6.22,1.36,4,"1953-07-01 1956-07-01",43.19,4.95,4,"1953-07-01 1956-07-01",9.44,0.71,30,"1927-07-01 1956-07-01",2.52,0.36,4,"1953-07-01 1956-07-01",62.69,49.57,30,"1927-07-01 1956-07-01",62.69,49.57,30,"1927-07-01 1956-07-01",0,0,30,"1927-07-01 1956-07-01",0,0,2,"1955-07-01 1956-07-01",,,,
1957-06-01,7.91,0.92,4,"1953-06-01 1956-06-01",86.41,4.73,4,"1953-06-01 1956-06-01",19.17,1.86,30,"1927-06-01 1956-06-01",33.04,3.86,4,"1953-06-01 1956-06-01",2.1,1.45,4,"1953-06-01 1956-06-01",42.14,9.19,4,"1953-06-01 1956-06-01",6.82,0.99,30,"1927-06-01 1956-06-01",3.84,0.77,4,"1953-06-01 1956-06-01",90.64,46.2,30,"1927-06-01 1956-06-01",88.55,45.7,30,"1927-06-01 1956-06-01",2.09,8.54,30,"1927-06-01 1956-06-01",0,0,2,"1955-06-01 1956-06-01",,,,
1957-05-01,3.9,1.06,4,"1953-05-01 1956-05-01",85.63,3.82,4,"1953-05-01 1956-05-01",16.31,2.28,30,"1927-05-01 1956-05-01",32.42,2.36,4,"1953-05-01 1956-05-01",-1.77,1.12,4,"1953-05-01 1956-05-01",42.87,5.23,4,"1953-05-01 1956-05-01",3.07,1.21,30,"1927-05-01 1956-05-01",3.97,0.91,4,"1953-05-01 1956-05-01",52.25,26.15,30,"1927-05-01 1956-05-01",45.15,22.82,30,"1927-05-01 1956-05-01",7.12,8.43,30,"1927-05-01 1956-05-01",0.5,0.4,2,"1955-05-01 1956-05-01",,,,
1957-04-01,-2.25,1.51,4,"1953-04-01 1956-04-01",88.87,1.09,4,"1953-04-01 1956-04-01",9.77,3.87,30,"1927-04-01 1956-04-01",32.12,2.07,4,"1953-04-01 1956-04-01",-8.47,2.43,4,"1953-04-01 1956-04-01",52.73,5.47,4,"1953-04-01 1956-04-01",-2.84,2.42,30,"1927-04-01 1956-04-01",3.58,0.51,4,"1953-04-01 1956-04-01",34.93,26.31,30,"1927-04-01 1956-04-01",11.21,17.16,30,"1927-04-01 1956-04-01",23.75,19.01,30,"1927-04-01 1956-04-01",2,0.8,2,"1955-04-01 1956-04-01",,,,
1957-03-01,-5.85,2.37,4,"1953-03-01 1956-03-01",89.29,3.07,4,"1953-03-01 1956-03-01",1.47,3.24,30,"1927-03-01 1956-03-01",34.62,2.77,4,"1953-03-01 1956-03-01",-13.79,2.89,4,"1953-03-01 1956-03-01",55.48,3.6,4,"1953-03-01 1956-03-01",-9.58,2.89,30,"1927-03-01 1956-03-01",3.08,0.9,4,"1953-03-01 1956-03-01",26.57,10.25,30,"1927-03-01 1956-03-01",0.65,1.54,30,"1927-03-01 1956-03-01",25.92,10.42,30,"1927-03-01 1956-03-01",4.7,1.65,2,"1955-03-01 1956-03-01",,,,
1957-02-01,-7.15,3.79,4,"1953-02-01 1956-02-01",85.42,3.82,4,"1953-02-01 1956-02-01",-2.47,5.39,30,"1927-02-01 1956-02-01",35.37,3.09,4,"1953-02-01 1956-02-01",-15.74,4.33,4,"1953-02-01 1956-02-01",54.97,2.82,4,"1953-02-01 1956-02-01",-14.12,5.25,30,"1927-02-01 1956-02-01",3.12,1.12,4,"1953-02-01 1956-02-01",19.33,11.4,30,"1927-02-01 1956-02-01",0.36,1.63,30,"1927-02-01 1956-02-01",18.96,11.34,30,"1927-02-01 1956-02-01",8.6,4.55,2,"1955-02-01 1956-02-01",,,,
1957-01-01,-11.93,3.87,4,"1953-01-01 1956-01-01",85.74,4.99,4,"1953-01-01 1956-01-01",-4.45,5.91,30,"1927-01-01 1956-01-01",29.8,2.35,4,"1953-01-01 1956-01-01",-21.88,5.27,4,"1953-01-01 1956-01-01",59.27,7.17,4,"1953-01-01 1956-01-01",-15.83,5.48,30,"1927-01-01 1956-01-01",2.31,0.38,4,"1953-01-01 1956-01-01",16.33,11.77,30,"1927-01-01 1956-01-01",0.17,0.74,30,"1927-01-01 1956-01-01",16.17,11.5,30,"1927-01-01 1956-01-01",10.6,9.95,2,"1955-01-01 1956-01-01",,,,
1956-12-01,-7.35,3.59,3,"1953-12-01 1955-12-01",81.28,3.23,3,"1953-12-01 1955-12-01",-1.56,4.58,30,"1926-12-01 1955-12-01",34.12,4.96,3,"1953-12-01 1955-12-01",-16.89,4.84,3,"1953-12-01 1955-12-01",50.18,7.76,3,"1953-12-01 1955-12-01",-12.71,4.15,30,"1926-12-01 1955-12-01",3.47,1.75,3,"1953-12-01 1955-12-01",16.14,12.71,30,"1926-12-01 1955-12-01",0.16,0.4,30,"1926-12-01 1955-12-01",15.99,12.69,30,"1926-12-01 1955-12-01",14.3,0,1,"1955-12-01 1955-12-01",,,,
1956-11-01,-4.97,6.14,3,"1953-11-01 1955-11-01",83.4,1.8,3,"1953-11-01 1955-11-01",3.21,4.99,30,"1926-11-01 1955-11-01",31.33,2.74,3,"1953-11-01 1955-11-01",-12.49,7.2,3,"1953-11-01 1955-11-01",49.5,4.63,3,"1953-11-01 1955-11-01",-7.93,3.89,30,"1926-11-01 1955-11-01",2.78,0.15,3,"1953-11-01 1955-11-01",17.99,15.49,30,"1926-11-01 1955-11-01",0.53,1.35,30,"1926-11-01 1955-11-01",17.47,15.2,30,"1926-11-01 1955-11-01",1.5,0,1,"1955-11-01 1955-11-01",,,,
1956-10-01,0.95,1.57,3,"1953-10-01 1955-10-01",80.74,1.41,3,"1953-10-01 1955-10-01",12.01,2.88,30,"1926-10-01 1955-10-01",35.63,1.96,3,"1953-10-01 1955-10-01",-5.5,1.74,3,"1953-10-01 1955-10-01",35.6,2.14,3,"1953-10-01 1955-10-01",-0.9,1.69,30,"1926-10-01 1955-10-01",2.8,0.25,3,"1953-10-01 1955-10-01",22.96,17.14,30,"1926-10-01 1955-10-01",9.81,9.12,30,"1926-10-01 1955-10-01",13.15,12.68,30,"1926-10-01 1955-10-01",0,0,1,"1955-10-01 1955-10-01",,,,
1956-09-01,6.67,0.55,3,"1953-09-01 1955-09-01",88.62,0.13,3,"1953-09-01 1955-09-01",17.35,2.56,30,"1926-09-01 1955-09-01",29.97,1.75,3,"1953-09-01 1955-09-01",0.65,0.75,3,"1953-09-01 1955-09-01",45.83,3.9,3,"1953-09-01 1955-09-01",3.87,1.33,30,"1926-09-01 1955-09-01",2.84,0.46,3,"1953-09-01 1955-09-01",43.91,42.49,30,"1926-09-01 1955-09-01",35.81,37.15,30,"1926-09-01 1955-09-01",8.11,11.01,30,"1926-09-01 1955-09-01",0.4,0,1,"1955-09-01 1955-09-01",,,,
1956-08-01,11.44,1.52,3,"1953-08-01 1955-08-01",90.24,4.57,3,"1953-08-01 1955-08-01",22.56,2.01,30,"1926-08-01 1955-08-01",27.75,1.34,3,"1953-08-01 1955-08-01",5.66,1.66,3,"1953-08-01 1955-08-01",44.88,10.35,3,"1953-08-01 1955-08-01",7.93,0.83,30,"1926-08-01 1955-08-01",2.4,0.57,3,"1953-08-01 1955-08-01",57.43,46.79,30,"1926-08-01 1955-08-01",57.39,46.76,30,"1926-08-01 1955-08-01",0.04,0.23,30,"1926-08-01 1955-08-01",0,0,1,"1955-08-01 1955-08-01",,,,
1956-07-01,12.05,0.99,3,"1953-07-01 1955-07-01",89.06,2.11,3,"1953-07-01 1955-07-01",23.92,1.73,30,"1926-07-01 1955-07-01",29.85,0.08,3,"1953-07-01 1955-07-01",5.85,1.39,3,"1953-07-01 1955-07-01",42.96,5.7,3,"1953-07-01 1955-07-01",9.41,0.7,30,"1926-07-01 1955-07-01",2.61,0.37,3,"1953-07-01 1955-07-01",62.39,49.74,30,"1926-07-01 1955-07-01",62.39,49.74,30,"1926-07-01 1955-07-01",0,0,30,"1926-07-01 1955-07-01",0,0,1,"1955-07-01 1955-07-01",,,,
1956-06-01,7.85,1.05,3,"1953-06-01 1955-06-01",87.96,4.5,3,"1953-06-01 1955-06-01",19.2,1.88,30,"1926-06-01 1955-06-01",31.16,2.37,3,"1953-06-01 1955-06-01",2.22,1.66,3,"1953-06-01 1955-06-01",43.28,10.37,3,"1953-06-01 1955-06-01",6.77,1,30,"1926-06-01 1955-06-01",3.79,0.88,3,"1953-06-01 1955-06-01",90.17,45.86,30,"1926-06-01 1955-06-01",88.06,45.33,30,"1926-06-01 1955-06-01",2.11,8.54,30,"1926-06-01 1955-06-01",0,0,1,"1955-06-01 1955-06-01",,,,
1956-05-01,3.92,1.23,3,"1953-05-01 1955-05-01",87.58,2.05,3,"1953-05-01 1955-05-01",16.37,2.33,30,"1926-05-01 1955-05-01",31.67,2.27,3,"1953-05-01 1955-05-01",-1.54,1.21,3,"1953-05-01 1955-05-01",45.68,2.24,3,"1953-05-01 1955-05-01",3.06,1.21,30,"1926-05-01 1955-05-01",4.37,0.69,3,"1953-05-01 1955-05-01",51.64,26.85,30,"1926-05-01 1955-05-01",44.49,23.75,30,"1926-05-01 1955-05-01",7.17,8.44,30,"1926-05-01 1955-05-01",0.1,0,1,"1955-05-01 1955-05-01",,,,
1956-04-01,-2.57,1.62,3,"1953-04-01 1955-04-01",88.98,1.24,3,"1953-04-01 1955-04-01",9.99,3.92,30,"1926-04-01 1955-04-01",31.61,2.16,3,"1953-04-01 1955-04-01",-8.87,2.69,3,"1953-04-01 1955-04-01",53.97,5.81,3,"1953-04-01 1955-04-01",-2.76,2.4,30,"1926-04-01 1955-04-01",3.86,0.21,3,"1953-04-01 1955-04-01",34.84,26.34,30,"1926-04-01 1955-04-01",11.42,17.07,30,"1926-04-01 1955-04-01",23.46,19,30,"1926-04-01 1955-04-01",2.8,0,1,"1955-04-01 1955-04-01",,,,
1956-03-01,-6.17,2.67,3,"1953-03-01 1955-03-01",88.58,3.25,3,"1953-03-01 1955-03-01",1.7,3.44,30,"1926-03-01 1955-03-01",33.42,2.1,3,"1953-03-01 1955-03-01",-14.22,3.21,3,"1953-03-01 1955-03-01",55.33,4.14,3,"1953-03-01 1955-03-01",-9.4,3.02,30,"1926-03-01 1955-03-01",3.34,0.89,3,"1953-03-01 1955-03-01",26.17,10.54,30,"1926-03-01 1955-03-01",0.63,1.55,30,"1926-03-01 1955-03-01",25.54,10.68,30,"1926-03-01 1955-03-01",3.1,0,1,"1955-03-01 1955-03-01",,,,
1956-02-01,-5.47,2.81,3,"1953-02-01 1955-02-01",86.87,3.33,3,"1953-02-01 1955-02-01",-2.11,5.48,30,"1926-02-01 1955-02-01",36.06,3.29,3,"1953-02-01 1955-02-01",-13.91,3.41,3,"1953-02-01 1955-02-01",54.29,2.96,3,"1953-02-01 1955-02-01",-13.84,5.3,30,"1926-02-01 1955-02-01",3.46,1.09,3,"1953-02-01 1955-02-01",19.76,11.33,30,"1926-02-01 1955-02-01",0.36,1.63,30,"1926-02-01 1955-02-01",19.39,11.29,30,"1926-02-01 1955-02-01",4,0,1,"1955-02-01 1955-02-01",,,,
1956-01-01,-11.51,4.39,3,"1953-01-01 1955-01-01",86.23,5.67,3,"1953-01-01 1955-01-01",-3.99,6.04,30,"1926-01-01 1955-01-01",31.11,0.69,3,"1953-01-01 1955-01-01",-21.73,6.08,3,"1953-01-01 1955-01-01",57.41,7.4,3,"1953-01-01 1955-01-01",-15.43,5.63,30,"1926-01-01 1955-01-01",2.51,0.18,3,"1953-01-01 1955-01-01",15.42,11.38,30,"1926-01-01 1955-01-01",0.17,0.74,30,"1926-01-01 1955-01-01",15.26,11.09,30,"1926-01-01 1955-01-01",0.6,0,1,"1955-01-01 1955-01-01",,,,
1955-12-01,-4.83,0.47,2,"1953-12-01 1954-12-01",80.05,3.34,2,"1953-12-01 1954-12-01",-1.17,4.61,30,"1925-12-01 1954-12-01",37.61,0.55,2,"1953-12-01 1954-12-01",-13.47,0.2,2,"1953-12-01 1954-12-01",45.95,6.05,2,"1953-12-01 1954-12-01",-12.21,4.1,30,"1925-12-01 1954-12-01",4.61,0.84,2,"1953-12-01 1954-12-01",15.05,12.16,30,"1925-12-01 1954-12-01",0.16,0.4,30,"1925-12-01 1954-12-01",14.9,12.12,30,"1925-12-01 1954-12-01",,,,,,,,
1955-11-01,-0.63,0.39,2,"1953-11-01 1954-11-01",83.82,2.08,2,"1953-11-01 1954-11-01",3.62,4.57,30,"1925-11-01 1954-11-01",33.25,0.52,2,"1953-11-01 1954-11-01",-7.42,0.76,2,"1953-11-01 1954-11-01",46.92,3.48,2,"1953-11-01 1954-11-01",-7.56,3.33,30,"1925-11-01 1954-11-01",2.72,0.15,2,"1953-11-01 1954-11-01",18.22,15.4,30,"1925-11-01 1954-11-01",0.53,1.35,30,"1925-11-01 1954-11-01",17.7,15.13,30,"1925-11-01 1954-11-01",,,,,,,,
1955-10-01,1.38,1.77,2,"1953-10-01 1954-10-01",80.05,1.24,2,"1953-10-01 1954-10-01",11.81,3.08,30,"1925-10-01 1954-10-01",34.27,0.47,2,"1953-10-01 1954-10-01",-5.18,2.06,2,"1953-10-01 1954-10-01",34.58,1.94,2,"1953-10-01 1954-10-01",-1.01,1.81,30,"1925-10-01 1954-10-01",2.65,0.16,2,"1953-10-01 1954-10-01",23.93,16.9,30,"1925-10-01 1954-10-01",9.76,9.17,30,"1925-10-01 1954-10-01",14.17,13.06,30,"1925-10-01 1954-10-01",,,,,,,,
1955-09-01,7.03,0.27,2,"1953-09-01 1954-09-01",88.57,0.13,2,"1953-09-01 1954-09-01",17.33,2.58,30,"1925-09-01 1954-09-01",30.1,2.13,2,"1953-09-01 1954-09-01",1.17,0.19,2,"1953-09-01 1954-09-01",46.28,4.72,2,"1953-09-01 1954-09-01",3.9,1.32,30,"1925-09-01 1954-09-01",2.92,0.55,2,"1953-09-01 1954-09-01",46.18,45.07,30,"1925-09-01 1954-09-01",35.99,37.19,30,"1925-09-01 1954-09-01",10.2,17.17,30,"1925-09-01 1954-09-01",,,,,,,,
1955-08-01,12.45,0.64,2,"1953-08-01 1954-08-01",93.26,2,2,"1953-08-01 1954-08-01",22.53,2,30,"1925-08-01 1954-08-01",27.37,1.5,2,"1953-08-01 1954-08-01",6.84,0.05,2,"1953-08-01 1954-08-01",51.94,3.39,2,"1953-08-01 1954-08-01",7.91,0.86,30,"1925-08-01 1954-08-01",2.4,0.69,2,"1953-08-01 1954-08-01",58.51,46.02,30,"1925-08-01 1954-08-01",58.46,45.99,30,"1925-08-01 1954-08-01",0.04,0.23,30,"1925-08-01 1954-08-01",,,,,,,,
1955-07-01,11.61,0.95,2,"1953-07-01 1954-07-01",88.18,2.08,2,"1953-07-01 1954-07-01",24.01,1.71,30,"1925-07-01 1954-07-01",29.81,0.06,2,"1953-07-01 1954-07-01",5.23,1.32,2,"1953-07-01 1954-07-01",40.81,5.9,2,"1953-07-01 1954-07-01",9.36,0.69,30,"1925-07-01 1954-07-01",2.53,0.44,2,"1953-07-01 1954-07-01",61.72,49.76,30,"1925-07-01 1954-07-01",61.72,49.76,30,"1925-07-01 1954-07-01",0,0,30,"1925-07-01 1954-07-01",,,,,,,,
1955-06-01,8.16,1.18,2,"1953-06-01 1954-06-01",90.93,1.93,2,"1953-06-01 1954-06-01",19.2,1.88,30,"1925-06-01 1954-06-01",30.8,2.83,2,"1953-06-01 1954-06-01",2.97,1.56,2,"1953-06-01 1954-06-01",49.92,5.38,2,"1953-06-01 1954-06-01",6.8,1.02,30,"1925-06-01 1954-06-01",3.37,0.8,2,"1953-06-01 1954-06-01",92.43,43.73,30,"1925-06-01 1954-06-01",90.31,43.28,30,"1925-06-01 1954-06-01",2.11,8.54,30,"1925-06-01 1954-06-01",,,,,,,,
1955-05-01,4.78,0.23,2,"1953-05-01 1954-05-01",88.94,0.9,2,"1953-05-01 1954-05-01",16.59,2.29,30,"1925-05-01 1954-05-01",30.32,1.52,2,"1953-05-01 1954-05-01",-0.74,0.52,2,"1953-05-01 1954-05-01",46.26,2.55,2,"1953-05-01 1954-05-01",3.11,1.18,30,"1925-05-01 1954-05-01",4.1,0.71,2,"1953-05-01 1954-05-01",49.85,27.45,30,"1925-05-01 1954-05-01",43.58,24.34,30,"1925-05-01 1954-05-01",6.29,7.72,30,"1925-05-01 1954-05-01",,,,,,,,
1955-04-01,-3.22,1.64,2,"1953-04-01 1954-04-01",89.67,0.93,2,"1953-04-01 1954-04-01",10.21,3.96,30,"1925-04-01 1954-04-01",30.97,2.4,2,"1953-04-01 1954-04-01",-9.68,2.98,2,"1953-04-01 1954-04-01",57.72,2.92,2,"1953-04-01 1954-04-01",-2.71,2.41,30,"1925-04-01 1954-04-01",3.75,0.18,2,"1953-04-01 1954-04-01",33.67,25.81,30,"1925-04-01 1954-04-01",12.24,17.09,30,"1925-04-01 1954-04-01",21.47,17.78,30,"1925-04-01 1954-04-01",,,,,,,,
1955-03-01,-4.66,1.97,2,"1953-03-01 1954-03-01",90.71,1.48,2,"1953-03-01 1954-03-01",1.93,3.36,30,"1925-03-01 1954-03-01",32.21,1.5,2,"1953-03-01 1954-03-01",-12.35,2.22,2,"1953-03-01 1954-03-01",57.79,2.76,2,"1953-03-01 1954-03-01",-9.22,2.86,30,"1925-03-01 1954-03-01",2.73,0.21,2,"1953-03-01 1954-03-01",26.45,10.7,30,"1925-03-01 1954-03-01",0.63,1.55,30,"1925-03-01 1954-03-01",25.82,10.86,30,"1925-03-01 1954-03-01",,,,,,,,
1955-02-01,-3.5,0.32,2,"1953-02-01 1954-02-01",87.21,4.04,2,"1953-02-01 1954-02-01",-2.08,5.48,30,"1925-02-01 1954-02-01",37.3,3.41,2,"1953-02-01 1954-02-01",-11.57,0.95,2,"1953-02-01 1954-02-01",54.46,3.61,2,"1953-02-01 1954-02-01",-13.82,5.3,30,"1925-02-01 1954-02-01",3.57,1.32,2,"1953-02-01 1954-02-01",19.12,11.3,30,"1925-02-01 1954-02-01",0.36,1.63,30,"1925-02-01 1954-02-01",18.75,11.24,30,"1925-02-01 1954-02-01",,,,,,,,
1955-01-01,-13.62,3.94,2,"1953-01-01 1954-01-01",87.31,6.69,2,"1953-01-01 1954-01-01",-4.14,6,30,"1925-01-01 1954-01-01",31.6,0.05,2,"1953-01-01 1954-01-01",-24.44,5.77,2,"1953-01-01 1954-01-01",60.1,7.77,2,"1953-01-01 1954-01-01",-15.57,5.6,30,"1925-01-01 1954-01-01",2.39,0.06,2,"1953-01-01 1954-01-01",15.53,11.3,30,"1925-01-01 1954-01-01",0.17,0.74,30,"1925-01-01 1954-01-01",15.38,11.01,30,"1925-01-01 1954-01-01",,,,,,,,
1954-12-01,-4.35,0,1,"1953-12-01 1953-12-01",83.39,0,1,"1953-12-01 1953-12-01",-1.58,4.67,30,"1924-12-01 1953-12-01",37.06,0,1,"1953-12-01 1953-12-01",-13.27,0,1,"1953-12-01 1953-12-01",52,0,1,"1953-12-01 1953-12-01",-12.56,4.18,30,"1924-12-01 1953-12-01",3.77,0,1,"1953-12-01 1953-12-01",16.89,14.01,30,"1924-12-01 1953-12-01",0.16,0.4,30,"1924-12-01 1953-12-01",16.74,13.99,30,"1924-12-01 1953-12-01",,,,,,,,
1954-11-01,-1.02,0,1,"1953-11-01 1953-11-01",85.9,0,1,"1953-11-01 1953-11-01",3.38,4.42,30,"1924-11-01 1953-11-01",32.73,0,1,"1953-11-01 1953-11-01",-8.18,0,1,"1953-11-01 1953-11-01",50.4,0,1,"1953-11-01 1953-11-01",-7.81,3.21,30,"1924-11-01 1953-11-01",2.57,0,1,"1953-11-01 1953-11-01",19.3,15.46,30,"1924-11-01 1953-11-01",0.53,1.35,30,"1924-11-01 1953-11-01",18.78,15.22,30,"1924-11-01 1953-11-01",,,,,,,,
1954-10-01,3.15,0,1,"1953-10-01 1953-10-01",81.29,0,1,"1953-10-01 1953-10-01",11.89,3.13,30,"1924-10-01 1953-10-01",34.74,0,1,"1953-10-01 1953-10-01",-3.12,0,1,"1953-10-01 1953-10-01",36.52,0,1,"1953-10-01 1953-10-01",-0.96,1.81,30,"1924-10-01 1953-10-01",2.48,0,1,"1953-10-01 1953-10-01",24.57,16.51,30,"1924-10-01 1953-10-01",10.05,8.99,30,"1924-10-01 1953-10-01",14.52,12.94,30,"1924-10-01 1953-10-01",,,,,,,,
1954-09-01,7.3,0,1,"1953-09-01 1953-09-01",88.43,0,1,"1953-09-01 1953-09-01",17.52,2.63,30,"1924-09-01 1953-09-01",32.23,0,1,"1953-09-01 1953-09-01",0.98,0,1,"1953-09-01 1953-09-01",41.57,0,1,"1953-09-01 1953-09-01",3.91,1.32,30,"1924-09-01 1953-09-01",2.37,0,1,"1953-09-01 1953-09-01",46.3,45.03,30,"1924-09-01 1953-09-01",36.11,37.16,30,"1924-09-01 1953-09-01",10.2,17.17,30,"1924-09-01 1953-09-01",,,,,,,,
1954-08-01,13.1,0,1,"1953-08-01 1953-08-01",91.26,0,1,"1953-08-01 1953-08-01",22.66,1.87,30,"1924-08-01 1953-08-01",28.87,0,1,"1953-08-01 1953-08-01",6.78,0,1,"1953-08-01 1953-08-01",48.55,0,1,"1953-08-01 1953-08-01",7.84,0.86,30,"1924-08-01 1953-08-01",1.71,0,1,"1953-08-01 1953-08-01",54.34,33.49,30,"1924-08-01 1953-08-01",54.29,33.45,30,"1924-08-01 1953-08-01",0.04,0.23,30,"1924-08-01 1953-08-01",,,,,,,,
1954-07-01,12.56,0,1,"1953-07-01 1953-07-01",90.26,0,1,"1953-07-01 1953-07-01",24.13,1.78,30,"1924-07-01 1953-07-01",29.74,0,1,"1953-07-01 1953-07-01",6.55,0,1,"1953-07-01 1953-07-01",46.71,0,1,"1953-07-01 1953-07-01",9.37,0.69,30,"1924-07-01 1953-07-01",2.97,0,1,"1953-07-01 1953-07-01",63.17,49.15,30,"1924-07-01 1953-07-01",63.17,49.15,30,"1924-07-01 1953-07-01",0,0,30,"1924-07-01 1953-07-01",,,,,,,,
1954-06-01,9.34,0,1,"1953-06-01 1953-06-01",92.87,0,1,"1953-06-01 1953-06-01",19.29,1.84,30,"1924-06-01 1953-06-01",27.97,0,1,"1953-06-01 1953-06-01",4.54,0,1,"1953-06-01 1953-06-01",55.3,0,1,"1953-06-01 1953-06-01",6.76,1.07,30,"1924-06-01 1953-06-01",2.57,0,1,"1953-06-01 1953-06-01",93.83,44.14,30,"1924-06-01 1953-06-01",91.72,43.75,30,"1924-06-01 1953-06-01",2.11,8.54,30,"1924-06-01 1953-06-01",,,,,,,,
1954-05-01,5.01,0,1,"1953-05-01 1953-05-01",89.84,0,1,"1953-05-01 1953-05-01",16.82,2.35,30,"1924-05-01 1953-05-01",28.81,0,1,"1953-05-01 1953-05-01",-0.22,0,1,"1953-05-01 1953-05-01",48.81,0,1,"1953-05-01 1953-05-01",3.13,1.17,30,"1924-05-01 1953-05-01",3.39,0,1,"1953-05-01 1953-05-01",48.66,27.83,30,"1924-05-01 1953-05-01",42.39,24.47,30,"1924-05-01 1953-05-01",6.29,7.72,30,"1924-05-01 1953-05-01",,,,,,,,
1954-04-01,-1.58,0,1,"1953-04-01 1953-04-01",90.6,0,1,"1953-04-01 1953-04-01",10.54,3.58,30,"1924-04-01 1953-04-01",28.57,0,1,"1953-04-01 1953-04-01",-6.71,0,1,"1953-04-01 1953-04-01",60.63,0,1,"1953-04-01 1953-04-01",-2.56,2.16,30,"1924-04-01 1953-04-01",3.57,0,1,"1953-04-01 1953-04-01",33.39,25.78,30,"1924-04-01 1953-04-01",12.25,17.08,30,"1924-04-01 1953-04-01",21.17,17.55,30,"1924-04-01 1953-04-01",,,,,,,,
1954-03-01,-2.69,0,1,"1953-03-01 1953-03-01",92.19,0,1,"1953-03-01 1953-03-01",2.1,3.28,30,"1924-03-01 1953-03-01",33.71,0,1,"1953-03-01 1953-03-01",-10.13,0,1,"1953-03-01 1953-03-01",55.03,0,1,"1953-03-01 1953-03-01",-9.12,2.84,30,"1924-03-01 1953-03-01",2.52,0,1,"1953-03-01 1953-03-01",27.24,12.24,30,"1924-03-01 1953-03-01",0.63,1.55,30,"1924-03-01 1953-03-01",26.62,12.41,30,"1924-03-01 1953-03-01",,,,,,,,
1954-02-01,-3.18,0,1,"1953-02-01 1953-02-01",91.25,0,1,"1953-02-01 1953-02-01",-2.05,5.51,30,"1924-02-01 1953-02-01",33.89,0,1,"1953-02-01 1953-02-01",-12.52,0,1,"1953-02-01 1953-02-01",58.07,0,1,"1953-02-01 1953-02-01",-13.93,5.17,30,"1924-02-01 1953-02-01",2.25,0,1,"1953-02-01 1953-02-01",19.21,11.36,30,"1924-02-01 1953-02-01",0.36,1.63,30,"1924-02-01 1953-02-01",18.85,11.3,30,"1924-02-01 1953-02-01",,,,,,,,
1954-01-01,-9.68,0,1,"1953-01-01 1953-01-01",94,0,1,"1953-01-01 1953-01-01",-3.77,5.73,30,"1924-01-01 1953-01-01",31.65,0,1,"1953-01-01 1953-01-01",-18.67,0,1,"1953-01-01 1953-01-01",67.87,0,1,"1953-01-01 1953-01-01",-15.32,5.34,30,"1924-01-01 1953-01-01",2.32,0,1,"1953-01-01 1953-01-01",14.77,10.05,30,"1924-01-01 1953-01-01",0.17,0.74,30,"1924-01-01 1953-01-01",14.62,9.7,30,"1924-01-01 1953-01-01",,,,,,,,
1953-12-01,,,,,,,,,-1.63,4.63,30,"1923-12-01 1952-12-01",,,,,,,,,,,,,-12.73,4.12,30,"1923-12-01 1952-12-01",,,,,16.81,13.94,30,"1923-12-01 1952-12-01",0.16,0.4,30,"1923-12-01 1952-12-01",16.66,13.92,30,"1923-12-01 1952-12-01",,,,,,,,
1953-11-01,,,,,,,,,3.53,4.62,30,"1923-11-01 1952-11-01",,,,,,,,,,,,,-7.81,3.2,30,"1923-11-01 1952-11-01",,,,,19.43,15.37,30,"1923-11-01 1952-11-01",0.53,1.35,30,"1923-11-01 1952-11-01",18.91,15.14,30,"1923-11-01 1952-11-01",,,,,,,,
1953-10-01,,,,,,,,,11.87,3.1,30,"1923-10-01 1952-10-01",,,,,,,,,,,,,-1.1,1.81,30,"1923-10-01 1952-10-01",,,,,24.55,16.54,30,"1923-10-01 1952-10-01",10.03,9.01,30,"1923-10-01 1952-10-01",14.52,12.94,30,"1923-10-01 1952-10-01",,,,,,,,
1953-09-01,,,,,,,,,17.66,2.74,30,"1923-09-01 1952-09-01",,,,,,,,,,,,,3.88,1.32,30,"1923-09-01 1952-09-01",,,,,45.84,45.29,30,"1923-09-01 1952-09-01",35.55,37.41,30,"1923-09-01 1952-09-01",10.3,17.12,30,"1923-09-01 1952-09-01",,,,,,,,
1953-08-01,,,,,,,,,22.7,1.88,30,"1923-08-01 1952-08-01",,,,,,,,,,,,,7.78,0.86,30,"1923-08-01 1952-08-01",,,,,53.53,33.75,30,"1923-08-01 1952-08-01",53.49,33.71,30,"1923-08-01 1952-08-01",0.04,0.23,30,"1923-08-01 1952-08-01",,,,,,,,
1953-07-01,,,,,,,,,24.21,1.74,30,"1923-07-01 1952-07-01",,,,,,,,,,,,,9.37,0.69,30,"1923-07-01 1952-07-01",,,,,63.82,49.31,30,"1923-07-01 1952-07-01",63.82,49.31,30,"1923-07-01 1952-07-01",0,0,30,"1923-07-01 1952-07-01",,,,,,,,
1953-06-01,,,,,,,,,19.43,1.8,30,"1923-06-01 1952-06-01",,,,,,,,,,,,,6.78,1.09,30,"1923-06-01 1952-06-01",,,,,95.4,46.83,30,"1923-06-01 1952-06-01",93.28,46.54,30,"1923-06-01 1952-06-01",2.11,8.54,30,"1923-06-01 1952-06-01",,,,,,,,
1953-05-01,,,,,,,,,16.96,2.32,30,"1923-05-01 1952-05-01",,,,,,,,,,,,,3.15,1.16,30,"1923-05-01 1952-05-01",,,,,51.01,30.23,30,"1923-05-01 1952-05-01",44.8,27.7,30,"1923-05-01 1952-05-01",6.23,7.76,30,"1923-05-01 1952-05-01",,,,,,,,
1953-04-01,,,,,,,,,10.87,3.36,30,"1923-04-01 1952-04-01",,,,,,,,,,,,,-2.56,2.16,30,"1923-04-01 1952-04-01",,,,,31.65,24.5,30,"1923-04-01 1952-04-01",11.17,16.42,30,"1923-04-01 1952-04-01",20.51,17.24,30,"1923-04-01 1952-04-01",,,,,,,,
1953-03-01,,,,,,,,,2.12,3.29,30,"1923-03-01 1952-03-01",,,,,,,,,,,,,-9.18,2.83,30,"1923-03-01 1952-03-01",,,,,28.48,13.28,30,"1923-03-01 1952-03-01",0.63,1.55,30,"1923-03-01 1952-03-01",27.85,13.5,30,"1923-03-01 1952-03-01",,,,,,,,
1953-02-01,,,,,,,,,-2.13,5.47,30,"1923-02-01 1952-02-01",,,,,,,,,,,,,-14.11,5.11,30,"1923-02-01 1952-02-01",,,,,18.42,10.79,30,"1923-02-01 1952-02-01",0.3,1.6,30,"1923-02-01 1952-02-01",18.12,10.83,30,"1923-02-01 1952-02-01",,,,,,,,
1953-01-01,,,,,,,,,-3.62,5.74,30,"1923-01-01 1952-01-01",,,,,,,,,,,,,-15.29,5.33,30,"1923-01-01 1952-01-01",,,,,14.22,9.96,30,"1923-01-01 1952-01-01",0.16,0.74,30,"1923-01-01 1952-01-01",14.07,9.61,30,"1923-01-01 1952-01-01",,,,,,,,
1952-12-01,,,,,,,,,-1.88,4.58,30,"1922-12-01 1951-12-01",,,,,,,,,,,,,-13.05,4.22,30,"1922-12-01 1951-12-01",,,,,17.03,13.74,30,"1922-12-01 1951-12-01",0.16,0.4,30,"1922-12-01 1951-12-01",16.88,13.72,30,"1922-12-01 1951-12-01",,,,,,,,
1952-11-01,,,,,,,,,3.63,4.7,30,"1922-11-01 1951-11-01",,,,,,,,,,,,,-7.92,3.19,30,"1922-11-01 1951-11-01",,,,,19.36,15.44,30,"1922-11-01 1951-11-01",0.54,1.35,30,"1922-11-01 1951-11-01",18.83,15.21,30,"1922-11-01 1951-11-01",,,,,,,,
1952-10-01,,,,,,,,,11.87,3.1,30,"1922-10-01 1951-10-01",,,,,,,,,,,,,-1.13,1.8,30,"1922-10-01 1951-10-01",,,,,24.47,16.63,30,"1922-10-01 1951-10-01",9.74,9.19,30,"1922-10-01 1951-10-01",14.72,12.76,30,"1922-10-01 1951-10-01",,,,,,,,
1952-09-01,,,,,,,,,17.77,2.85,30,"1922-09-01 1951-09-01",,,,,,,,,,,,,3.86,1.32,30,"1922-09-01 1951-09-01",,,,,46.47,45.07,30,"1922-09-01 1951-09-01",36.18,37.31,30,"1922-09-01 1951-09-01",10.3,17.12,30,"1922-09-01 1951-09-01",,,,,,,,
1952-08-01,,,,,,,,,22.89,1.97,30,"1922-08-01 1951-08-01",,,,,,,,,,,,,7.78,0.86,30,"1922-08-01 1951-08-01",,,,,53.52,33.76,30,"1922-08-01 1951-08-01",53.48,33.72,30,"1922-08-01 1951-08-01",0.04,0.23,30,"1922-08-01 1951-08-01",,,,,,,,
1952-07-01,,,,,,,,,24.35,1.67,30,"1922-07-01 1951-07-01",,,,,,,,,,,,,9.33,0.74,30,"1922-07-01 1951-07-01",,,,,62.91,49.29,30,"1922-07-01 1951-07-01",62.91,49.29,30,"1922-07-01 1951-07-01",0,0,30,"1922-07-01 1951-07-01",,,,,,,,
1952-06-01,,,,,,,,,19.65,2.02,30,"1922-06-01 1951-06-01",,,,,,,,,,,,,6.8,1.09,30,"1922-06-01 1951-06-01",,,,,92.11,46.55,30,"1922-06-01 1951-06-01",89.99,46.11,30,"1922-06-01 1951-06-01",2.11,8.54,30,"1922-06-01 1951-06-01",,,,,,,,
1952-05-01,,,,,,,,,17.06,2.38,30,"1922-05-01 1951-05-01",,,,,,,,,,,,,3.08,1.19,30,"1922-05-01 1951-05-01",,,,,49.83,31.09,30,"1922-05-01 1951-05-01",43.62,28.38,30,"1922-05-01 1951-05-01",6.23,7.76,30,"1922-05-01 1951-05-01",,,,,,,,
1952-04-01,,,,,,,,,10.77,3.32,30,"1922-04-01 1951-04-01",,,,,,,,,,,,,-2.69,2.11,30,"1922-04-01 1951-04-01",,,,,32.3,24.48,30,"1922-04-01 1951-04-01",10.67,16.51,30,"1922-04-01 1951-04-01",21.66,17.39,30,"1922-04-01 1951-04-01",,,,,,,,
1952-03-01,,,,,,,,,2.31,3.21,30,"1922-03-01 1951-03-01",,,,,,,,,,,,,-9.1,2.76,30,"1922-03-01 1951-03-01",,,,,27.73,13.5,30,"1922-03-01 1951-03-01",0.62,1.55,30,"1922-03-01 1951-03-01",27.11,13.69,30,"1922-03-01 1951-03-01",,,,,,,,
1952-02-01,,,,,,,,,-2.34,5.54,30,"1922-02-01 1951-02-01",,,,,,,,,,,,,-14.42,5.27,30,"1922-02-01 1951-02-01",,,,,17.53,10.79,30,"1922-02-01 1951-02-01",0.3,1.6,30,"1922-02-01 1951-02-01",17.24,10.81,30,"1922-02-01 1951-02-01",,,,,,,,
1952-01-01,,,,,,,,,-3.34,5.65,30,"1922-01-01 1951-01-01",,,,,,,,,,,,,-15.11,5.24,30,"1922-01-01 1951-01-01",,,,,14.08,10.01,30,"1922-01-01 1951-01-01",0.16,0.74,30,"1922-01-01 1951-01-01",13.93,9.66,30,"1922-01-01 1951-01-01",,,,,,,,
1951-12-01,,,,,,,,,-1.65,4.51,30,"1921-12-01 1950-12-01",,,,,,,,,,,,,-12.95,4.17,30,"1921-12-01 1950-12-01",,,,,15.77,13.39,30,"1921-12-01 1950-12-01",0.11,0.34,30,"1921-12-01 1950-12-01",15.66,13.43,30,"1921-12-01 1950-12-01",,,,,,,,
1951-11-01,,,,,,,,,3.51,4.77,30,"1921-11-01 1950-11-01",,,,,,,,,,,,,-8.08,3.27,30,"1921-11-01 1950-11-01",,,,,20.22,15.45,30,"1921-11-01 1950-11-01",0.58,1.37,30,"1921-11-01 1950-11-01",19.65,15.19,30,"1921-11-01 1950-11-01",,,,,,,,
1951-10-01,,,,,,,,,12.3,2.97,30,"1921-10-01 1950-10-01",,,,,,,,,,,,,-1.01,1.72,30,"1921-10-01 1950-10-01",,,,,22.49,15.6,30,"1921-10-01 1950-10-01",9.15,9.13,30,"1921-10-01 1950-10-01",13.34,11.9,30,"1921-10-01 1950-10-01",,,,,,,,
1951-09-01,,,,,,,,,17.85,2.79,30,"1921-09-01 1950-09-01",,,,,,,,,,,,,3.77,1.46,30,"1921-09-01 1950-09-01",,,,,45.73,45.19,30,"1921-09-01 1950-09-01",35.46,37.73,30,"1921-09-01 1950-09-01",10.28,17.1,30,"1921-09-01 1950-09-01",,,,,,,,
1951-08-01,,,,,,,,,23.14,1.81,30,"1921-08-01 1950-08-01",,,,,,,,,,,,,7.77,0.86,30,"1921-08-01 1950-08-01",,,,,49.36,26.62,30,"1921-08-01 1950-08-01",49.32,26.57,30,"1921-08-01 1950-08-01",0.04,0.23,30,"1921-08-01 1950-08-01",,,,,,,,
1951-07-01,,,,,,,,,24.5,1.67,30,"1921-07-01 1950-07-01",,,,,,,,,,,,,9.28,0.75,30,"1921-07-01 1950-07-01",,,,,60.35,47.75,30,"1921-07-01 1950-07-01",60.35,47.75,30,"1921-07-01 1950-07-01",0,0,30,"1921-07-01 1950-07-01",,,,,,,,
1951-06-01,,,,,,,,,19.96,2.06,30,"1921-06-01 1950-06-01",,,,,,,,,,,,,6.89,1.01,30,"1921-06-01 1950-06-01",,,,,88.5,47.4,30,"1921-06-01 1950-06-01",87.95,47.56,30,"1921-06-01 1950-06-01",0.55,2.01,30,"1921-06-01 1950-06-01",,,,,,,,
1951-05-01,,,,,,,,,17.13,2.38,30,"1921-05-01 1950-05-01",,,,,,,,,,,,,3.01,1.22,30,"1921-05-01 1950-05-01",,,,,48.7,31.58,30,"1921-05-01 1950-05-01",42.58,28.89,30,"1921-05-01 1950-05-01",6.13,7.76,30,"1921-05-01 1950-05-01",,,,,,,,
1951-04-01,,,,,,,,,10.84,3.31,30,"1921-04-01 1950-04-01",,,,,,,,,,,,,-2.67,2.1,30,"1921-04-01 1950-04-01",,,,,32.14,24.31,30,"1921-04-01 1950-04-01",10.55,16.36,30,"1921-04-01 1950-04-01",21.62,17.38,30,"1921-04-01 1950-04-01",,,,,,,,
1951-03-01,,,,,,,,,2.54,2.97,30,"1921-03-01 1950-03-01",,,,,,,,,,,,,-9,2.56,30,"1921-03-01 1950-03-01",,,,,28.65,13.98,30,"1921-03-01 1950-03-01",0.62,1.55,30,"1921-03-01 1950-03-01",28.04,14.2,30,"1921-03-01 1950-03-01",,,,,,,,
1951-02-01,,,,,,,,,-2.1,5.6,30,"1921-02-01 1950-02-01",,,,,,,,,,,,,-14.22,5.29,30,"1921-02-01 1950-02-01",,,,,16.92,10.37,30,"1921-02-01 1950-02-01",0.3,1.6,30,"1921-02-01 1950-02-01",16.62,10.37,30,"1921-02-01 1950-02-01",,,,,,,,
1951-01-01,,,,,,,,,-3.14,5.61,30,"1921-01-01 1950-01-01",,,,,,,,,,,,,-15,5.21,30,"1921-01-01 1950-01-01",,,,,14.08,10.01,30,"1921-01-01 1950-01-01",0.16,0.74,30,"1921-01-01 1950-01-01",13.93,9.66,30,"1921-01-01 1950-01-01",,,,,,,,
1950-12-01,,,,,,,,,-1.68,4.5,30,"1920-12-01 1949-12-01",,,,,,,,,,,,,-13,4.17,30,"1920-12-01 1949-12-01",,,,,16.1,13.22,30,"1920-12-01 1949-12-01",0.11,0.34,30,"1920-12-01 1949-12-01",15.99,13.26,30,"1920-12-01 1949-12-01",,,,,,,,
1950-11-01,,,,,,,,,3.76,4.7,30,"1920-11-01 1949-11-01",,,,,,,,,,,,,-7.96,3.18,30,"1920-11-01 1949-11-01",,,,,19.65,15.77,30,"1920-11-01 1949-11-01",0.57,1.37,30,"1920-11-01 1949-11-01",19.08,15.5,30,"1920-11-01 1949-11-01",,,,,,,,
1950-10-01,,,,,,,,,12.47,2.89,30,"1920-10-01 1949-10-01",,,,,,,,,,,,,-1.03,1.73,30,"1920-10-01 1949-10-01",,,,,22.59,15.69,30,"1920-10-01 1949-10-01",9.46,9.49,30,"1920-10-01 1949-10-01",13.13,11.85,30,"1920-10-01 1949-10-01",,,,,,,,
1950-09-01,,,,,,,,,17.91,2.83,30,"1920-09-01 1949-09-01",,,,,,,,,,,,,3.73,1.48,30,"1920-09-01 1949-09-01",,,,,45.56,45.32,30,"1920-09-01 1949-09-01",35.47,37.71,30,"1920-09-01 1949-09-01",10.09,17.18,30,"1920-09-01 1949-09-01",,,,,,,,
1950-08-01,,,,,,,,,23.31,1.83,30,"1920-08-01 1949-08-01",,,,,,,,,,,,,7.8,0.85,30,"1920-08-01 1949-08-01",,,,,46.86,27.39,30,"1920-08-01 1949-08-01",46.82,27.33,30,"1920-08-01 1949-08-01",0.04,0.23,30,"1920-08-01 1949-08-01",,,,,,,,
1950-07-01,,,,,,,,,24.68,1.7,30,"1920-07-01 1949-07-01",,,,,,,,,,,,,9.32,0.76,30,"1920-07-01 1949-07-01",,,,,60.07,47.34,30,"1920-07-01 1949-07-01",60.07,47.34,30,"1920-07-01 1949-07-01",0,0,30,"1920-07-01 1949-07-01",,,,,,,,
1950-06-01,,,,,,,,,20,2.08,30,"1920-06-01 1949-06-01",,,,,,,,,,,,,6.86,1.05,30,"1920-06-01 1949-06-01",,,,,88.06,47.84,30,"1920-06-01 1949-06-01",87.5,47.99,30,"1920-06-01 1949-06-01",0.55,2.01,30,"1920-06-01 1949-06-01",,,,,,,,
1950-05-01,,,,,,,,,17.15,2.37,30,"1920-05-01 1949-05-01",,,,,,,,,,,,,3,1.24,30,"1920-05-01 1949-05-01",,,,,48.76,31.53,30,"1920-05-01 1949-05-01",42.47,29,30,"1920-05-01 1949-05-01",6.3,7.84,30,"1920-05-01 1949-05-01",,,,,,,,
1950-04-01,,,,,,,,,10.7,3.55,30,"1920-04-01 1949-04-01",,,,,,,,,,,,,-2.77,2.2,30,"1920-04-01 1949-04-01",,,,,33.16,24.58,30,"1920-04-01 1949-04-01",10.5,16.38,30,"1920-04-01 1949-04-01",22.68,18.03,30,"1920-04-01 1949-04-01",,,,,,,,
1950-03-01,,,,,,,,,2.68,2.85,30,"1920-03-01 1949-03-01",,,,,,,,,,,,,-8.94,2.5,30,"1920-03-01 1949-03-01",,,,,27.69,14.22,30,"1920-03-01 1949-03-01",0.62,1.55,30,"1920-03-01 1949-03-01",27.08,14.39,30,"1920-03-01 1949-03-01",,,,,,,,
1950-02-01,,,,,,,,,-2,5.66,30,"1920-02-01 1949-02-01",,,,,,,,,,,,,-14.1,5.36,30,"1920-02-01 1949-02-01",,,,,17.27,10.47,30,"1920-02-01 1949-02-01",0.3,1.6,30,"1920-02-01 1949-02-01",16.97,10.48,30,"1920-02-01 1949-02-01",,,,,,,,
1950-01-01,,,,,,,,,-2.59,4.62,30,"1920-01-01 1949-01-01",,,,,,,,,,,,,-14.56,4.4,30,"1920-01-01 1949-01-01",,,,,14.61,10.4,30,"1920-01-01 1949-01-01",0.16,0.74,30,"1920-01-01 1949-01-01",14.46,10.07,30,"1920-01-01 1949-01-01",,,,,,,,
1949-12-01,,,,,,,,,-1.37,4.24,30,"1919-12-01 1948-12-01",,,,,,,,,,,,,-12.84,4.03,30,"1919-12-01 1948-12-01",,,,,14.83,12.78,30,"1919-12-01 1948-12-01",0.11,0.34,30,"1919-12-01 1948-12-01",14.72,12.81,30,"1919-12-01 1948-12-01",,,,,,,,
1949-11-01,,,,,,,,,3.37,4.49,30,"1919-11-01 1948-11-01",,,,,,,,,,,,,-8.35,3.15,30,"1919-11-01 1948-11-01",,,,,20.31,15.35,30,"1919-11-01 1948-11-01",0.59,1.37,30,"1919-11-01 1948-11-01",19.72,15.09,30,"1919-11-01 1948-11-01",,,,,,,,
1949-10-01,,,,,,,,,12.44,2.93,30,"1919-10-01 1948-10-01",,,,,,,,,,,,,-1.18,2.03,30,"1919-10-01 1948-10-01",,,,,21.99,15.59,30,"1919-10-01 1948-10-01",9.38,9.49,30,"1919-10-01 1948-10-01",12.6,11.71,30,"1919-10-01 1948-10-01",,,,,,,,
1949-09-01,,,,,,,,,17.89,2.82,30,"1919-09-01 1948-09-01",,,,,,,,,,,,,3.69,1.47,30,"1919-09-01 1948-09-01",,,,,46.39,44.99,30,"1919-09-01 1948-09-01",36.29,37.4,30,"1919-09-01 1948-09-01",10.1,17.18,30,"1919-09-01 1948-09-01",,,,,,,,
1949-08-01,,,,,,,,,23.33,1.84,30,"1919-08-01 1948-08-01",,,,,,,,,,,,,7.85,0.91,30,"1919-08-01 1948-08-01",,,,,49.53,28.19,30,"1919-08-01 1948-08-01",49.49,28.14,30,"1919-08-01 1948-08-01",0.04,0.23,30,"1919-08-01 1948-08-01",,,,,,,,
1949-07-01,,,,,,,,,24.83,1.73,30,"1919-07-01 1948-07-01",,,,,,,,,,,,,9.31,0.77,30,"1919-07-01 1948-07-01",,,,,60.5,47.11,30,"1919-07-01 1948-07-01",60.5,47.11,30,"1919-07-01 1948-07-01",0,0,30,"1919-07-01 1948-07-01",,,,,,,,
1949-06-01,,,,,,,,,20.16,2.28,30,"1919-06-01 1948-06-01",,,,,,,,,,,,,6.82,1.07,30,"1919-06-01 1948-06-01",,,,,86.68,49.52,30,"1919-06-01 1948-06-01",86.12,49.65,30,"1919-06-01 1948-06-01",0.55,2.01,30,"1919-06-01 1948-06-01",,,,,,,,
1949-05-01,,,,,,,,,17.17,2.38,30,"1919-05-01 1948-05-01",,,,,,,,,,,,,2.96,1.2,30,"1919-05-01 1948-05-01",,,,,49.08,31.23,30,"1919-05-01 1948-05-01",42.47,29.01,30,"1919-05-01 1948-05-01",6.62,7.88,30,"1919-05-01 1948-05-01",,,,,,,,
1949-04-01,,,,,,,,,10.71,3.57,30,"1919-04-01 1948-04-01",,,,,,,,,,,,,-2.8,2.16,30,"1919-04-01 1948-04-01",,,,,33.53,24.18,30,"1919-04-01 1948-04-01",10.92,16.27,30,"1919-04-01 1948-04-01",22.63,18.08,30,"1919-04-01 1948-04-01",,,,,,,,
1949-03-01,,,,,,,,,2.57,2.94,30,"1919-03-01 1948-03-01",,,,,,,,,,,,,-9.14,2.66,30,"1919-03-01 1948-03-01",,,,,27.67,14.24,30,"1919-03-01 1948-03-01",0.61,1.55,30,"1919-03-01 1948-03-01",27.06,14.41,30,"1919-03-01 1948-03-01",,,,,,,,
1949-02-01,,,,,,,,,-1.8,5.48,30,"1919-02-01 1948-02-01",,,,,,,,,,,,,-13.85,5.13,30,"1919-02-01 1948-02-01",,,,,17.88,10.56,30,"1919-02-01 1948-02-01",0.3,1.6,30,"1919-02-01 1948-02-01",17.59,10.59,30,"1919-02-01 1948-02-01",,,,,,,,
1949-01-01,,,,,,,,,-2.19,4.78,30,"1919-01-01 1948-01-01",,,,,,,,,,,,,-14.12,4.51,30,"1919-01-01 1948-01-01",,,,,13.51,9.17,30,"1919-01-01 1948-01-01",0.02,0.07,30,"1919-01-01 1948-01-01",13.5,9.16,30,"1919-01-01 1948-01-01",,,,,,,,
1948-12-01,,,,,,,,,-1.11,4.17,30,"1918-12-01 1947-12-01",,,,,,,,,,,,,-12.59,3.93,30,"1918-12-01 1947-12-01",,,,,15.1,12.81,30,"1918-12-01 1947-12-01",0.11,0.34,30,"1918-12-01 1947-12-01",14.99,12.85,30,"1918-12-01 1947-12-01",,,,,,,,
1948-11-01,,,,,,,,,3.49,4.58,30,"1918-11-01 1947-11-01",,,,,,,,,,,,,-8.34,3.16,30,"1918-11-01 1947-11-01",,,,,20.02,15.6,30,"1918-11-01 1947-11-01",0.4,1,30,"1918-11-01 1947-11-01",19.62,15.2,30,"1918-11-01 1947-11-01",,,,,,,,
1948-10-01,,,,,,,,,12.51,3.03,30,"1918-10-01 1947-10-01",,,,,,,,,,,,,-1.13,2.03,30,"1918-10-01 1947-10-01",,,,,22.05,15.5,30,"1918-10-01 1947-10-01",9.45,9.44,30,"1918-10-01 1947-10-01",12.6,11.71,30,"1918-10-01 1947-10-01",,,,,,,,
1948-09-01,,,,,,,,,17.98,2.92,30,"1918-09-01 1947-09-01",,,,,,,,,,,,,3.71,1.49,30,"1918-09-01 1947-09-01",,,,,46.87,44.68,30,"1918-09-01 1947-09-01",36.77,37.16,30,"1918-09-01 1947-09-01",10.1,17.18,30,"1918-09-01 1947-09-01",,,,,,,,
1948-08-01,,,,,,,,,23.42,1.87,30,"1918-08-01 1947-08-01",,,,,,,,,,,,,7.82,0.91,30,"1918-08-01 1947-08-01",,,,,50.21,28.3,30,"1918-08-01 1947-08-01",50.17,28.24,30,"1918-08-01 1947-08-01",0.04,0.23,30,"1918-08-01 1947-08-01",,,,,,,,
1948-07-01,,,,,,,,,24.94,1.75,30,"1918-07-01 1947-07-01",,,,,,,,,,,,,9.3,0.77,30,"1918-07-01 1947-07-01",,,,,60.56,47.08,30,"1918-07-01 1947-07-01",60.55,47.08,30,"1918-07-01 1947-07-01",0.01,0.05,30,"1918-07-01 1947-07-01",,,,,,,,
1948-06-01,,,,,,,,,20.3,2.44,30,"1918-06-01 1947-06-01",,,,,,,,,,,,,6.72,1,30,"1918-06-01 1947-06-01",,,,,84.56,51.5,30,"1918-06-01 1947-06-01",84.01,51.61,30,"1918-06-01 1947-06-01",0.55,2.01,30,"1918-06-01 1947-06-01",,,,,,,,
1948-05-01,,,,,,,,,17.19,2.37,30,"1918-05-01 1947-05-01",,,,,,,,,,,,,2.87,1.18,30,"1918-05-01 1947-05-01",,,,,46.21,28.42,30,"1918-05-01 1947-05-01",40.12,27.69,30,"1918-05-01 1947-05-01",6.1,6.93,30,"1918-05-01 1947-05-01",,,,,,,,
1948-04-01,,,,,,,,,11.15,3.29,30,"1918-04-01 1947-04-01",,,,,,,,,,,,,-2.57,2.1,30,"1918-04-01 1947-04-01",,,,,31.73,24.04,30,"1918-04-01 1947-04-01",10.56,16.22,30,"1918-04-01 1947-04-01",21.19,18.11,30,"1918-04-01 1947-04-01",,,,,,,,
1948-03-01,,,,,,,,,2.85,2.86,30,"1918-03-01 1947-03-01",,,,,,,,,,,,,-9.08,2.59,30,"1918-03-01 1947-03-01",,,,,26.98,14.52,30,"1918-03-01 1947-03-01",0.61,1.55,30,"1918-03-01 1947-03-01",26.37,14.65,30,"1918-03-01 1947-03-01",,,,,,,,
1948-02-01,,,,,,,,,-1.53,5.36,30,"1918-02-01 1947-02-01",,,,,,,,,,,,,-13.77,5.06,30,"1918-02-01 1947-02-01",,,,,17,9.6,30,"1918-02-01 1947-02-01",0.3,1.6,30,"1918-02-01 1947-02-01",16.71,9.6,30,"1918-02-01 1947-02-01",,,,,,,,
1948-01-01,,,,,,,,,-2.38,4.74,30,"1918-01-01 1947-01-01",,,,,,,,,,,,,-14.38,4.44,30,"1918-01-01 1947-01-01",,,,,13.16,9.19,30,"1918-01-01 1947-01-01",0.01,0.05,30,"1918-01-01 1947-01-01",13.15,9.19,30,"1918-01-01 1947-01-01",,,,,,,,
1947-12-01,,,,,,,,,-1.43,4.44,30,"1917-12-01 1946-12-01",,,,,,,,,,,,,-12.92,4.13,30,"1917-12-01 1946-12-01",,,,,16.09,13.55,30,"1917-12-01 1946-12-01",0.11,0.34,30,"1917-12-01 1946-12-01",15.98,13.59,30,"1917-12-01 1946-12-01",,,,,,,,
1947-11-01,,,,,,,,,3.93,4.85,30,"1917-11-01 1946-11-01",,,,,,,,,,,,,-8.08,3.43,30,"1917-11-01 1946-11-01",,,,,18.38,15.03,30,"1917-11-01 1946-11-01",0.22,0.42,30,"1917-11-01 1946-11-01",18.16,14.91,30,"1917-11-01 1946-11-01",,,,,,,,
1947-10-01,,,,,,,,,12.44,3.06,30,"1917-10-01 1946-10-01",,,,,,,,,,,,,-1.23,2.01,30,"1917-10-01 1946-10-01",,,,,22.5,15.67,30,"1917-10-01 1946-10-01",8.91,9.5,30,"1917-10-01 1946-10-01",13.58,12.29,30,"1917-10-01 1946-10-01",,,,,,,,
1947-09-01,,,,,,,,,18.06,2.89,30,"1917-09-01 1946-09-01",,,,,,,,,,,,,3.72,1.49,30,"1917-09-01 1946-09-01",,,,,46.12,44.87,30,"1917-09-01 1946-09-01",36.82,37.14,30,"1917-09-01 1946-09-01",9.31,17.08,30,"1917-09-01 1946-09-01",,,,,,,,
1947-08-01,,,,,,,,,23.59,1.79,30,"1917-08-01 1946-08-01",,,,,,,,,,,,,7.78,0.95,30,"1917-08-01 1946-08-01",,,,,48.9,27.89,30,"1917-08-01 1946-08-01",48.85,27.83,30,"1917-08-01 1946-08-01",0.04,0.23,30,"1917-08-01 1946-08-01",,,,,,,,
1947-07-01,,,,,,,,,24.99,1.81,30,"1917-07-01 1946-07-01",,,,,,,,,,,,,9.26,0.8,30,"1917-07-01 1946-07-01",,,,,59.94,47.59,30,"1917-07-01 1946-07-01",59.93,47.59,30,"1917-07-01 1946-07-01",0.01,0.05,30,"1917-07-01 1946-07-01",,,,,,,,
1947-06-01,,,,,,,,,20.41,2.4,30,"1917-06-01 1946-06-01",,,,,,,,,,,,,6.69,1.03,30,"1917-06-01 1946-06-01",,,,,82.11,51.32,30,"1917-06-01 1946-06-01",81.55,51.4,30,"1917-06-01 1946-06-01",0.55,2.01,30,"1917-06-01 1946-06-01",,,,,,,,
1947-05-01,,,,,,,,,17.23,2.37,30,"1917-05-01 1946-05-01",,,,,,,,,,,,,2.82,1.21,30,"1917-05-01 1946-05-01",,,,,46.48,28.37,30,"1917-05-01 1946-05-01",40.36,27.7,30,"1917-05-01 1946-05-01",6.13,6.9,30,"1917-05-01 1946-05-01",,,,,,,,
1947-04-01,,,,,,,,,11.05,3.31,30,"1917-04-01 1946-04-01",,,,,,,,,,,,,-2.7,2.1,30,"1917-04-01 1946-04-01",,,,,31.82,24.01,30,"1917-04-01 1946-04-01",10.43,16.27,30,"1917-04-01 1946-04-01",21.41,18.05,30,"1917-04-01 1946-04-01",,,,,,,,
1947-03-01,,,,,,,,,2.95,2.81,30,"1917-03-01 1946-03-01",,,,,,,,,,,,,-9.05,2.57,30,"1917-03-01 1946-03-01",,,,,26.07,15.06,30,"1917-03-01 1946-03-01",0.37,0.93,30,"1917-03-01 1946-03-01",25.71,15.19,30,"1917-03-01 1946-03-01",,,,,,,,
1947-02-01,,,,,,,,,-1.57,5.38,30,"1917-02-01 1946-02-01",,,,,,,,,,,,,-13.81,5.09,30,"1917-02-01 1946-02-01",,,,,16.11,8.67,30,"1917-02-01 1946-02-01",0.3,1.6,30,"1917-02-01 1946-02-01",15.81,8.64,30,"1917-02-01 1946-02-01",,,,,,,,
1947-01-01,,,,,,,,,-2.46,4.75,30,"1917-01-01 1946-01-01",,,,,,,,,,,,,-14.52,4.44,30,"1917-01-01 1946-01-01",,,,,12.91,9.21,30,"1917-01-01 1946-01-01",0,0,30,"1917-01-01 1946-01-01",12.91,9.21,30,"1917-01-01 1946-01-01",,,,,,,,
1946-12-01,,,,,,,,,-1.53,4.48,30,"1916-12-01 1945-12-01",,,,,,,,,,,,,-12.98,4.17,30,"1916-12-01 1945-12-01",,,,,15.68,13.46,30,"1916-12-01 1945-12-01",0.08,0.28,30,"1916-12-01 1945-12-01",15.6,13.52,30,"1916-12-01 1945-12-01",,,,,,,,
1946-11-01,,,,,,,,,4.17,4.74,30,"1916-11-01 1945-11-01",,,,,,,,,,,,,-7.89,3.35,30,"1916-11-01 1945-11-01",,,,,17.33,14.69,30,"1916-11-01 1945-11-01",0.19,0.4,30,"1916-11-01 1945-11-01",17.14,14.59,30,"1916-11-01 1945-11-01",,,,,,,,
1946-10-01,,,,,,,,,12.53,3,30,"1916-10-01 1945-10-01",,,,,,,,,,,,,-1.18,1.99,30,"1916-10-01 1945-10-01",,,,,22.56,15.7,30,"1916-10-01 1945-10-01",8.4,9.48,30,"1916-10-01 1945-10-01",14.15,12.59,30,"1916-10-01 1945-10-01",,,,,,,,
1946-09-01,,,,,,,,,18.1,2.89,30,"1916-09-01 1945-09-01",,,,,,,,,,,,,3.69,1.48,30,"1916-09-01 1945-09-01",,,,,45.35,45.09,30,"1916-09-01 1945-09-01",36.24,37.24,30,"1916-09-01 1945-09-01",9.11,17.15,30,"1916-09-01 1945-09-01",,,,,,,,
1946-08-01,,,,,,,,,23.63,1.77,30,"1916-08-01 1945-08-01",,,,,,,,,,,,,7.82,0.95,30,"1916-08-01 1945-08-01",,,,,47.73,27.01,30,"1916-08-01 1945-08-01",47.73,27.01,30,"1916-08-01 1945-08-01",0,0,30,"1916-08-01 1945-08-01",,,,,,,,
1946-07-01,,,,,,,,,24.98,1.81,30,"1916-07-01 1945-07-01",,,,,,,,,,,,,9.27,0.8,30,"1916-07-01 1945-07-01",,,,,59,47.74,30,"1916-07-01 1945-07-01",58.99,47.74,30,"1916-07-01 1945-07-01",0.01,0.05,30,"1916-07-01 1945-07-01",,,,,,,,
1946-06-01,,,,,,,,,20.48,2.37,30,"1916-06-01 1945-06-01",,,,,,,,,,,,,6.69,1.03,30,"1916-06-01 1945-06-01",,,,,80.16,51.88,30,"1916-06-01 1945-06-01",79.61,51.93,30,"1916-06-01 1945-06-01",0.55,2.01,30,"1916-06-01 1945-06-01",,,,,,,,
1946-05-01,,,,,,,,,17.16,2.41,30,"1916-05-01 1945-05-01",,,,,,,,,,,,,2.83,1.19,30,"1916-05-01 1945-05-01",,,,,47.31,28.94,30,"1916-05-01 1945-05-01",41.35,28.32,30,"1916-05-01 1945-05-01",5.97,6.86,30,"1916-05-01 1945-05-01",,,,,,,,
1946-04-01,,,,,,,,,11.04,3.3,30,"1916-04-01 1945-04-01",,,,,,,,,,,,,-2.74,2.07,30,"1916-04-01 1945-04-01",,,,,32.49,23.42,30,"1916-04-01 1945-04-01",10.88,16.16,30,"1916-04-01 1945-04-01",21.63,17.84,30,"1916-04-01 1945-04-01",,,,,,,,
1946-03-01,,,,,,,,,2.94,2.8,30,"1916-03-01 1945-03-01",,,,,,,,,,,,,-9.2,2.38,30,"1916-03-01 1945-03-01",,,,,26.07,15.06,30,"1916-03-01 1945-03-01",0.34,0.87,30,"1916-03-01 1945-03-01",25.74,15.17,30,"1916-03-01 1945-03-01",,,,,,,,
1946-02-01,,,,,,,,,-1.59,5.37,30,"1916-02-01 1945-02-01",,,,,,,,,,,,,-13.86,5.07,30,"1916-02-01 1945-02-01",,,,,16.43,8.47,30,"1916-02-01 1945-02-01",0.3,1.6,30,"1916-02-01 1945-02-01",16.13,8.45,30,"1916-02-01 1945-02-01",,,,,,,,
1946-01-01,,,,,,,,,-3.01,5.38,30,"1916-01-01 1945-01-01",,,,,,,,,,,,,-15.07,4.94,30,"1916-01-01 1945-01-01",,,,,13.35,9.23,30,"1916-01-01 1945-01-01",0,0,30,"1916-01-01 1945-01-01",13.35,9.23,30,"1916-01-01 1945-01-01",,,,,,,,
1945-12-01,,,,,,,,,-1.34,4.46,30,"1915-12-01 1944-12-01",,,,,,,,,,,,,-12.82,4.19,30,"1915-12-01 1944-12-01",,,,,15.04,13.38,30,"1915-12-01 1944-12-01",0.08,0.28,30,"1915-12-01 1944-12-01",14.97,13.44,30,"1915-12-01 1944-12-01",,,,,,,,
1945-11-01,,,,,,,,,4.44,4.5,30,"1915-11-01 1944-11-01",,,,,,,,,,,,,-7.68,3.18,30,"1915-11-01 1944-11-01",,,,,16.3,13.92,30,"1915-11-01 1944-11-01",0.17,0.39,30,"1915-11-01 1944-11-01",16.13,13.84,30,"1915-11-01 1944-11-01",,,,,,,,
1945-10-01,,,,,,,,,12.61,3.03,30,"1915-10-01 1944-10-01",,,,,,,,,,,,,-1.21,1.98,30,"1915-10-01 1944-10-01",,,,,23.57,16.75,30,"1915-10-01 1944-10-01",9.93,12.65,30,"1915-10-01 1944-10-01",13.63,12.84,30,"1915-10-01 1944-10-01",,,,,,,,
1945-09-01,,,,,,,,,18.16,2.84,30,"1915-09-01 1944-09-01",,,,,,,,,,,,,3.62,1.51,30,"1915-09-01 1944-09-01",,,,,44.76,44.79,30,"1915-09-01 1944-09-01",36.74,37.41,30,"1915-09-01 1944-09-01",8.03,16.49,30,"1915-09-01 1944-09-01",,,,,,,,
1945-08-01,,,,,,,,,23.74,1.87,30,"1915-08-01 1944-08-01",,,,,,,,,,,,,7.87,1.04,30,"1915-08-01 1944-08-01",,,,,45.06,25.64,30,"1915-08-01 1944-08-01",45.06,25.64,30,"1915-08-01 1944-08-01",0,0,30,"1915-08-01 1944-08-01",,,,,,,,
1945-07-01,,,,,,,,,24.9,1.91,30,"1915-07-01 1944-07-01",,,,,,,,,,,,,9.22,0.8,30,"1915-07-01 1944-07-01",,,,,60.5,48.32,30,"1915-07-01 1944-07-01",60.49,48.33,30,"1915-07-01 1944-07-01",0.01,0.05,30,"1915-07-01 1944-07-01",,,,,,,,
1945-06-01,,,,,,,,,20.52,2.32,30,"1915-06-01 1944-06-01",,,,,,,,,,,,,6.69,1.03,30,"1915-06-01 1944-06-01",,,,,81.43,51.93,30,"1915-06-01 1944-06-01",80.87,52,30,"1915-06-01 1944-06-01",0.55,2.01,30,"1915-06-01 1944-06-01",,,,,,,,
1945-05-01,,,,,,,,,17.24,2.35,30,"1915-05-01 1944-05-01",,,,,,,,,,,,,2.87,1.19,30,"1915-05-01 1944-05-01",,,,,47.19,28.79,30,"1915-05-01 1944-05-01",41.6,28.62,30,"1915-05-01 1944-05-01",5.6,6.87,30,"1915-05-01 1944-05-01",,,,,,,,
1945-04-01,,,,,,,,,11.48,3.34,30,"1915-04-01 1944-04-01",,,,,,,,,,,,,-2.5,2.04,30,"1915-04-01 1944-04-01",,,,,31.57,23.68,30,"1915-04-01 1944-04-01",11.13,16.11,30,"1915-04-01 1944-04-01",20.45,18.06,30,"1915-04-01 1944-04-01",,,,,,,,
1945-03-01,,,,,,,,,2.99,2.84,30,"1915-03-01 1944-03-01",,,,,,,,,,,,,-9.16,2.44,30,"1915-03-01 1944-03-01",,,,,24.87,15.5,30,"1915-03-01 1944-03-01",0.35,0.87,30,"1915-03-01 1944-03-01",24.53,15.6,30,"1915-03-01 1944-03-01",,,,,,,,
1945-02-01,,,,,,,,,-1.48,5.4,30,"1915-02-01 1944-02-01",,,,,,,,,,,,,-13.75,5.11,30,"1915-02-01 1944-02-01",,,,,15.59,8.23,30,"1915-02-01 1944-02-01",0.3,1.6,30,"1915-02-01 1944-02-01",15.29,8.18,30,"1915-02-01 1944-02-01",,,,,,,,
1945-01-01,,,,,,,,,-2.96,5.39,30,"1915-01-01 1944-01-01",,,,,,,,,,,,,-15.08,4.94,30,"1915-01-01 1944-01-01",,,,,13.09,9.19,30,"1915-01-01 1944-01-01",0,0,30,"1915-01-01 1944-01-01",13.09,9.19,30,"1915-01-01 1944-01-01",,,,,,,,
1944-12-01,,,,,,,,,-1.55,4.51,30,"1914-12-01 1943-12-01",,,,,,,,,,,,,-12.98,4.19,30,"1914-12-01 1943-12-01",,,,,15.53,13.28,30,"1914-12-01 1943-12-01",0.07,0.28,30,"1914-12-01 1943-12-01",15.47,13.33,30,"1914-12-01 1943-12-01",,,,,,,,
1944-11-01,,,,,,,,,4.5,4.5,30,"1914-11-01 1943-11-01",,,,,,,,,,,,,-7.62,3.21,30,"1914-11-01 1943-11-01",,,,,18.39,16.8,30,"1914-11-01 1943-11-01",0.17,0.39,30,"1914-11-01 1943-11-01",18.21,16.75,30,"1914-11-01 1943-11-01",,,,,,,,
1944-10-01,,,,,,,,,12.44,2.86,30,"1914-10-01 1943-10-01",,,,,,,,,,,,,-1.23,1.96,30,"1914-10-01 1943-10-01",,,,,24.96,16.84,30,"1914-10-01 1943-10-01",9.87,12.7,30,"1914-10-01 1943-10-01",15.08,13.93,30,"1914-10-01 1943-10-01",,,,,,,,
1944-09-01,,,,,,,,,18.21,2.86,30,"1914-09-01 1943-09-01",,,,,,,,,,,,,3.58,1.48,30,"1914-09-01 1943-09-01",,,,,44.79,44.78,30,"1914-09-01 1943-09-01",37.1,37.28,30,"1914-09-01 1943-09-01",7.69,16.55,30,"1914-09-01 1943-09-01",,,,,,,,
1944-08-01,,,,,,,,,23.87,1.81,30,"1914-08-01 1943-08-01",,,,,,,,,,,,,7.88,1.04,30,"1914-08-01 1943-08-01",,,,,45.62,25.67,30,"1914-08-01 1943-08-01",45.62,25.67,30,"1914-08-01 1943-08-01",0,0,30,"1914-08-01 1943-08-01",,,,,,,,
1944-07-01,,,,,,,,,25.08,1.93,30,"1914-07-01 1943-07-01",,,,,,,,,,,,,9.28,0.82,30,"1914-07-01 1943-07-01",,,,,58.54,46.93,30,"1914-07-01 1943-07-01",58.53,46.93,30,"1914-07-01 1943-07-01",0.01,0.05,30,"1914-07-01 1943-07-01",,,,,,,,
1944-06-01,,,,,,,,,20.63,2.31,30,"1914-06-01 1943-06-01",,,,,,,,,,,,,6.67,1.02,30,"1914-06-01 1943-06-01",,,,,80.91,51.99,30,"1914-06-01 1943-06-01",80.7,52.04,30,"1914-06-01 1943-06-01",0.21,0.92,30,"1914-06-01 1943-06-01",,,,,,,,
1944-05-01,,,,,,,,,17.24,2.35,30,"1914-05-01 1943-05-01",,,,,,,,,,,,,2.8,1.16,30,"1914-05-01 1943-05-01",,,,,45.35,29.13,30,"1914-05-01 1943-05-01",39.76,28.6,30,"1914-05-01 1943-05-01",5.6,6.87,30,"1914-05-01 1943-05-01",,,,,,,,
1944-04-01,,,,,,,,,11.46,3.33,30,"1914-04-01 1943-04-01",,,,,,,,,,,,,-2.51,2.03,30,"1914-04-01 1943-04-01",,,,,31.42,23.76,30,"1914-04-01 1943-04-01",10.87,16.1,30,"1914-04-01 1943-04-01",20.56,17.98,30,"1914-04-01 1943-04-01",,,,,,,,
1944-03-01,,,,,,,,,3.18,2.85,30,"1914-03-01 1943-03-01",,,,,,,,,,,,,-9.05,2.45,30,"1914-03-01 1943-03-01",,,,,24.65,15.53,30,"1914-03-01 1943-03-01",0.28,0.8,30,"1914-03-01 1943-03-01",24.39,15.62,30,"1914-03-01 1943-03-01",,,,,,,,
1944-02-01,,,,,,,,,-1.49,5.4,30,"1914-02-01 1943-02-01",,,,,,,,,,,,,-13.83,5.12,30,"1914-02-01 1943-02-01",,,,,15.8,8.51,30,"1914-02-01 1943-02-01",0.3,1.6,30,"1914-02-01 1943-02-01",15.51,8.47,30,"1914-02-01 1943-02-01",,,,,,,,
1944-01-01,,,,,,,,,-3.18,5.28,30,"1914-01-01 1943-01-01",,,,,,,,,,,,,-15.19,4.88,30,"1914-01-01 1943-01-01",,,,,13.69,9.27,30,"1914-01-01 1943-01-01",0,0,30,"1914-01-01 1943-01-01",13.69,9.27,30,"1914-01-01 1943-01-01",,,,,,,,
1943-12-01,,,,,,,,,-1.59,4.46,30,"1913-12-01 1942-12-01",,,,,,,,,,,,,-12.99,4.17,30,"1913-12-01 1942-12-01",,,,,15.47,13.34,30,"1913-12-01 1942-12-01",0.07,0.28,30,"1913-12-01 1942-12-01",15.41,13.4,30,"1913-12-01 1942-12-01",,,,,,,,
1943-11-01,,,,,,,,,4.42,4.44,30,"1913-11-01 1942-11-01",,,,,,,,,,,,,-7.69,3.16,30,"1913-11-01 1942-11-01",,,,,19.22,16.48,30,"1913-11-01 1942-11-01",0.31,0.79,30,"1913-11-01 1942-11-01",18.91,16.41,30,"1913-11-01 1942-11-01",,,,,,,,
1943-10-01,,,,,,,,,12.39,2.85,30,"1913-10-01 1942-10-01",,,,,,,,,,,,,-1.36,1.95,30,"1913-10-01 1942-10-01",,,,,24.64,16.9,30,"1913-10-01 1942-10-01",9.74,12.74,30,"1913-10-01 1942-10-01",14.9,13.91,30,"1913-10-01 1942-10-01",,,,,,,,
1943-09-01,,,,,,,,,18.26,2.9,30,"1913-09-01 1942-09-01",,,,,,,,,,,,,3.59,1.48,30,"1913-09-01 1942-09-01",,,,,44.99,44.66,30,"1913-09-01 1942-09-01",37.5,37.05,30,"1913-09-01 1942-09-01",7.49,16.6,30,"1913-09-01 1942-09-01",,,,,,,,
1943-08-01,,,,,,,,,23.92,1.81,30,"1913-08-01 1942-08-01",,,,,,,,,,,,,7.87,1.04,30,"1913-08-01 1942-08-01",,,,,48.32,29.99,30,"1913-08-01 1942-08-01",48.32,29.99,30,"1913-08-01 1942-08-01",0,0,30,"1913-08-01 1942-08-01",,,,,,,,
1943-07-01,,,,,,,,,25.07,1.93,30,"1913-07-01 1942-07-01",,,,,,,,,,,,,9.21,0.85,30,"1913-07-01 1942-07-01",,,,,58.05,47.3,30,"1913-07-01 1942-07-01",58.04,47.3,30,"1913-07-01 1942-07-01",0.01,0.05,30,"1913-07-01 1942-07-01",,,,,,,,
1943-06-01,,,,,,,,,20.79,2.23,30,"1913-06-01 1942-06-01",,,,,,,,,,,,,6.77,0.99,30,"1913-06-01 1942-06-01",,,,,81.89,52.06,30,"1913-06-01 1942-06-01",81.7,52.1,30,"1913-06-01 1942-06-01",0.2,0.92,30,"1913-06-01 1942-06-01",,,,,,,,
1943-05-01,,,,,,,,,17.31,2.29,30,"1913-05-01 1942-05-01",,,,,,,,,,,,,2.83,1.14,30,"1913-05-01 1942-05-01",,,,,45.29,29.11,30,"1913-05-01 1942-05-01",40.29,28.79,30,"1913-05-01 1942-05-01",5.01,6.56,30,"1913-05-01 1942-05-01",,,,,,,,
