date_time_local,unixtime,period_index,period_string,conditions,pop,pop_category,temperature,uv,windchill,humidex,wind_bearing,wind_direction,wind_gust,wind_speed
"2026-08-05 05:00:00 MDT",1785927600,1785949200,"2026-08-05 11:00:00",Sunny,0,Nil,21,,,,,E,,15
"2026-08-05 05:00:00 MDT",1785927600,1785952800,"2026-08-05 12:00:00",Sunny,0,Nil,22,,,,,E,,15
"2026-08-05 05:00:00 MDT",1785927600,1785956400,"2026-08-05 13:00:00",Sunny,0,Nil,22,,,,,E,,15
"2026-08-05 05:00:00 MDT",1785927600,1785960000,"2026-08-05 14:00:00",Sunny,0,Nil,23,,,,,E,,15
"2026-08-05 05:00:00 MDT",1785927600,1785963600,"2026-08-05 15:00:00","A mix of sun and cloud",0,Nil,23,,,,,E,,15
"2026-08-05 05:00:00 MDT",1785927600,1785967200,"2026-08-05 16:00:00","A mix of sun and cloud",0,Nil,23,,,,,E,,15
"2026-08-05 05:00:00 MDT",1785927600,1785970800,"2026-08-05 17:00:00","A mix of sun and cloud",0,Nil,24,,,,,E,,15
"2026-08-05 05:00:00 MDT",1785927600,1785974400,"2026-08-05 18:00:00","A mix of sun and cloud",0,Nil,24,,,,,E,,15
"2026-08-05 05:00:00 MDT",1785927600,1785978000,"2026-08-05 19:00:00","A mix of sun and cloud",0,Nil,23,,,,,E,,15
"2026-08-05 05:00:00 MDT",1785927600,1785981600,"2026-08-05 20:00:00","A mix of sun and cloud",0,Nil,23,,,,,E,,15
"2026-08-05 05:00:00 MDT",1785927600,1785985200,"2026-08-05 21:00:00",Clear,0,Nil,22,,,,,E,,15
"2026-08-05 05:00:00 MDT",1785927600,1785988800,"2026-08-05 22:00:00",Clear,0,Nil,20,,,,,E,,15
"2026-08-05 05:00:00 MDT",1785927600,1785992400,"2026-08-05 23:00:00",Clear,0,Nil,19,,,,,E,,15
"2026-08-05 05:00:00 MDT",1785927600,1785996000,"2026-08-06 00:00:00",Clear,0,Nil,17,,,,,NW,,15
"2026-08-05 05:00:00 MDT",1785927600,1785999600,"2026-08-06 01:00:00",Clear,0,Nil,17,,,,,NW,,15
"2026-08-05 05:00:00 MDT",1785927600,1786003200,"2026-08-06 02:00:00",Clear,0,Nil,16,,,,,NW,,15
"2026-08-05 05:00:00 MDT",1785927600,1786006800,"2026-08-06 03:00:00",Clear,0,Nil,16,,,,,NW,,15
"2026-08-05 05:00:00 MDT",1785927600,1786010400,"2026-08-06 04:00:00",Clear,0,Nil,16,,,,,NW,,15
"2026-08-05 05:00:00 MDT",1785927600,1786014000,"2026-08-06 05:00:00",Clear,0,Nil,15,,,,,NW,,15
"2026-08-05 05:00:00 MDT",1785927600,1786017600,"2026-08-06 06:00:00",Sunny,0,Nil,15,,,,,NW,,15
"2026-08-05 05:00:00 MDT",1785927600,1786021200,"2026-08-06 07:00:00",Sunny,0,Nil,15,,,,,NW,,15
"2026-08-05 05:00:00 MDT",1785927600,1786024800,"2026-08-06 08:00:00",Sunny,0,Nil,14,,,,,NW,,15
"2026-08-05 05:00:00 MDT",1785927600,1786028400,"2026-08-06 09:00:00","A mix of sun and cloud",0,Nil,14,,,,,N,50,30
"2026-08-05 05:00:00 MDT",1785927600,1786032000,"2026-08-06 10:00:00","A mix of sun and cloud",0,Nil,15,,,,,N,50,30
"2026-08-05 05:00:00 MDT",1785927600,1786035600,"2026-08-06 11:00:00","A mix of sun and cloud",0,Nil,16,,,,,N,50,30
"2026-08-04 23:00:00 MDT",1785906000,1785927600,"2026-08-05 05:00:00","Partly cloudy",0,Nil,14,,,,,N,,30
"2026-08-04 23:00:00 MDT",1785906000,1785931200,"2026-08-05 06:00:00","A mix of sun and cloud",0,Nil,13,,,,,W,,20
"2026-08-04 23:00:00 MDT",1785906000,1785934800,"2026-08-05 07:00:00",Sunny,0,Nil,15,,,,,W,,20
"2026-08-04 23:00:00 MDT",1785906000,1785938400,"2026-08-05 08:00:00",Sunny,0,Nil,17,,,,,W,,20
"2026-08-04 23:00:00 MDT",1785906000,1785942000,"2026-08-05 09:00:00",Sunny,0,Nil,19,,,,,W,,20
"2026-08-04 23:00:00 MDT",1785906000,1785945600,"2026-08-05 10:00:00",Sunny,0,Nil,20,,,,,W,,20
"2026-08-04 23:00:00 MDT",1785906000,1785949200,"2026-08-05 11:00:00",Sunny,0,Nil,21,,,,,W,,20
"2026-08-04 23:00:00 MDT",1785906000,1785952800,"2026-08-05 12:00:00",Sunny,0,Nil,22,,,,,E,,20
"2026-08-04 23:00:00 MDT",1785906000,1785956400,"2026-08-05 13:00:00",Sunny,0,Nil,22,,,,,E,,20
"2026-08-04 23:00:00 MDT",1785906000,1785960000,"2026-08-05 14:00:00",Sunny,0,Nil,23,,,,,E,,20
"2026-08-04 23:00:00 MDT",1785906000,1785963600,"2026-08-05 15:00:00","A mix of sun and cloud",0,Nil,23,,,,,E,,20
"2026-08-04 23:00:00 MDT",1785906000,1785967200,"2026-08-05 16:00:00","A mix of sun and cloud",0,Nil,23,,,,,E,,20
"2026-08-04 23:00:00 MDT",1785906000,1785970800,"2026-08-05 17:00:00","A mix of sun and cloud",0,Nil,24,,,,,E,,20
"2026-08-04 23:00:00 MDT",1785906000,1785974400,"2026-08-05 18:00:00","A mix of sun and cloud",0,Nil,24,,,,,E,,20
"2026-08-04 23:00:00 MDT",1785906000,1785978000,"2026-08-05 19:00:00","A mix of sun and cloud",0,Nil,23,,,,,E,,20
"2026-08-04 23:00:00 MDT",1785906000,1785981600,"2026-08-05 20:00:00","A mix of sun and cloud",0,Nil,23,,,,,E,,20
"2026-08-04 23:00:00 MDT",1785906000,1785985200,"2026-08-05 21:00:00",Clear,0,Nil,22,,,,,E,,20
"2026-08-04 23:00:00 MDT",1785906000,1785988800,"2026-08-05 22:00:00",Clear,0,Nil,20,,,,,E,,20
"2026-08-04 23:00:00 MDT",1785906000,1785992400,"2026-08-05 23:00:00",Clear,0,Nil,19,,,,,E,,20
"2026-08-04 23:00:00 MDT",1785906000,1785996000,"2026-08-06 00:00:00",Clear,0,Nil,17,,,,,NW,,15
"2026-08-04 23:00:00 MDT",1785906000,1785999600,"2026-08-06 01:00:00",Clear,0,Nil,17,,,,,NW,,15
"2026-08-04 23:00:00 MDT",1785906000,1786003200,"2026-08-06 02:00:00",Clear,0,Nil,16,,,,,NW,,15
"2026-08-04 23:00:00 MDT",1785906000,1786006800,"2026-08-06 03:00:00",Clear,0,Nil,16,,,,,NW,,15
"2026-08-04 23:00:00 MDT",1785906000,1786010400,"2026-08-06 04:00:00",Clear,0,Nil,16,,,,,NW,,15
"2026-08-04 23:00:00 MDT",1785906000,1786014000,"2026-08-06 05:00:00",Clear,0,Nil,15,,,,,NW,,15
"2026-08-04 23:00:00 MDT",1785906000,1786017600,"2026-08-06 06:00:00",Sunny,0,Nil,15,,,,,NW,,15
"2026-08-04 23:00:00 MDT",1785906000,1786021200,"2026-08-06 07:00:00",Sunny,0,Nil,15,,,,,NW,,15
"2026-08-04 23:00:00 MDT",1785906000,1786024800,"2026-08-06 08:00:00",Sunny,0,Nil,14,,,,,NW,,15
"2026-08-04 23:00:00 MDT",1785906000,1786028400,"2026-08-06 09:00:00","A mix of sun and cloud",0,Nil,14,,,,,N,50,30
"2026-08-04 23:00:00 MDT",1785906000,1786032000,"2026-08-06 10:00:00","A mix of sun and cloud",0,Nil,15,,,,,N,50,30
"2026-08-04 10:00:00 MDT",1785859200,1785880800,"2026-08-04 16:00:00",Sunny,0,Nil,23,,,,,W,,20
"2026-08-04 10:00:00 MDT",1785859200,1785884400,"2026-08-04 17:00:00",Sunny,0,Nil,24,,,,,W,,20
"2026-08-04 10:00:00 MDT",1785859200,1785888000,"2026-08-04 18:00:00",Sunny,0,Nil,24,,,,,W,,20
"2026-08-04 10:00:00 MDT",1785859200,1785891600,"2026-08-04 19:00:00",Sunny,0,Nil,23,,,,,W,,20
"2026-08-04 10:00:00 MDT",1785859200,1785895200,"2026-08-04 20:00:00",Sunny,0,Nil,22,,,,,W,,20
"2026-08-04 10:00:00 MDT",1785859200,1785898800,"2026-08-04 21:00:00","Partly cloudy",0,Nil,21,,,,,SE,,15
"2026-08-04 10:00:00 MDT",1785859200,1785902400,"2026-08-04 22:00:00","Partly cloudy",0,Nil,19,,,,,SE,,15
"2026-08-04 10:00:00 MDT",1785859200,1785906000,"2026-08-04 23:00:00","Partly cloudy",0,Nil,18,,,,,SE,,15
"2026-08-04 10:00:00 MDT",1785859200,1785909600,"2026-08-05 00:00:00","Partly cloudy",20,Low,16,,,,,SE,,15
"2026-08-04 10:00:00 MDT",1785859200,1785913200,"2026-08-05 01:00:00","Mainly cloudy",20,Low,15,,,,,SE,,15
"2026-08-04 10:00:00 MDT",1785859200,1785916800,"2026-08-05 02:00:00","Mainly cloudy",20,Low,13,,,,,SE,,15
"2026-08-04 10:00:00 MDT",1785859200,1785920400,"2026-08-05 03:00:00","Mainly cloudy",20,Low,12,,,,,W,,15
"2026-08-04 10:00:00 MDT",1785859200,1785924000,"2026-08-05 04:00:00","Partly cloudy",0,Nil,11,,,,,W,,15
"2026-08-04 10:00:00 MDT",1785859200,1785927600,"2026-08-05 05:00:00","Partly cloudy",0,Nil,11,,,,,W,,15
"2026-08-04 10:00:00 MDT",1785859200,1785931200,"2026-08-05 06:00:00",Sunny,0,Nil,10,,,,,W,,15
"2026-08-04 10:00:00 MDT",1785859200,1785934800,"2026-08-05 07:00:00",Sunny,0,Nil,11,,,,,W,,15
"2026-08-04 10:00:00 MDT",1785859200,1785938400,"2026-08-05 08:00:00",Sunny,0,Nil,11,,,,,W,,15
"2026-08-04 10:00:00 MDT",1785859200,1785942000,"2026-08-05 09:00:00",Sunny,0,Nil,12,,,,,W,,15
"2026-08-04 10:00:00 MDT",1785859200,1785945600,"2026-08-05 10:00:00",Sunny,0,Nil,15,,,,,W,,15
"2026-08-04 10:00:00 MDT",1785859200,1785949200,"2026-08-05 11:00:00",Sunny,0,Nil,17,,,,,W,,15
"2026-08-04 10:00:00 MDT",1785859200,1785952800,"2026-08-05 12:00:00",Sunny,0,Nil,20,,,,,W,,15
"2026-08-04 10:00:00 MDT",1785859200,1785956400,"2026-08-05 13:00:00",Sunny,0,Nil,21,,,,,W,,15
"2026-08-04 10:00:00 MDT",1785859200,1785960000,"2026-08-05 14:00:00",Sunny,0,Nil,23,,,,,W,,15
"2026-08-04 10:00:00 MDT",1785859200,1785963600,"2026-08-05 15:00:00","A mix of sun and cloud",0,Nil,24,,,,,S,,15
"2026-08-04 10:00:00 MDT",1785859200,1785967200,"2026-08-05 16:00:00","A mix of sun and cloud",0,Nil,24,,,,,S,,15
"2026-08-04 10:00:00 MDT",1785859200,1785970800,"2026-08-05 17:00:00","A mix of sun and cloud",0,Nil,25,,,,,S,,15
"2026-08-04 10:00:00 MDT",1785859200,1785974400,"2026-08-05 18:00:00","A mix of sun and cloud",0,Nil,25,,,,,S,,15
"2026-08-04 10:00:00 MDT",1785859200,1785978000,"2026-08-05 19:00:00","A mix of sun and cloud",0,Nil,24,,,,,S,,15
"2026-08-04 10:00:00 MDT",1785859200,1785981600,"2026-08-05 20:00:00","A mix of sun and cloud",0,Nil,23,,,,,S,,15
"2026-08-04 10:00:00 MDT",1785859200,1785985200,"2026-08-05 21:00:00",Clear,0,Nil,22,,,,,S,,15
"2026-08-04 10:00:00 MDT",1785859200,1785988800,"2026-08-05 22:00:00",Clear,0,Nil,20,,,,,S,,15
"2026-08-04 05:00:00 MDT",1785841200,1785862800,"2026-08-04 11:00:00",Sunny,0,Nil,18,,,,,NW,,10
"2026-08-04 05:00:00 MDT",1785841200,1785866400,"2026-08-04 12:00:00",Sunny,0,Nil,20,,,,,NW,,10
"2026-08-04 05:00:00 MDT",1785841200,1785870000,"2026-08-04 13:00:00",Sunny,0,Nil,21,,,,,NW,,10
"2026-08-04 05:00:00 MDT",1785841200,1785873600,"2026-08-04 14:00:00",Sunny,0,Nil,21,,,,,W,,20
"2026-08-04 05:00:00 MDT",1785841200,1785877200,"2026-08-04 15:00:00",Sunny,0,Nil,22,,,,,W,,20
"2026-08-04 05:00:00 MDT",1785841200,1785880800,"2026-08-04 16:00:00",Sunny,0,Nil,23,,,,,W,,20
"2026-08-04 05:00:00 MDT",1785841200,1785884400,"2026-08-04 17:00:00",Sunny,0,Nil,23,,,,,W,,20
"2026-08-04 05:00:00 MDT",1785841200,1785888000,"2026-08-04 18:00:00",Sunny,0,Nil,24,,,,,W,,20
"2026-08-04 05:00:00 MDT",1785841200,1785891600,"2026-08-04 19:00:00",Sunny,0,Nil,23,,,,,W,,20
"2026-08-04 05:00:00 MDT",1785841200,1785895200,"2026-08-04 20:00:00",Sunny,0,Nil,23,,,,,W,,20
"2026-08-04 05:00:00 MDT",1785841200,1785898800,"2026-08-04 21:00:00","Partly cloudy",20,Low,22,,,,,SE,,15
"2026-08-04 05:00:00 MDT",1785841200,1785902400,"2026-08-04 22:00:00","Partly cloudy",20,Low,21,,,,,SE,,15
"2026-08-04 05:00:00 MDT",1785841200,1785906000,"2026-08-04 23:00:00","Partly cloudy",20,Low,19,,,,,SE,,15
"2026-08-04 05:00:00 MDT",1785841200,1785909600,"2026-08-05 00:00:00","Partly cloudy",20,Low,18,,,,,SE,,15
"2026-08-04 05:00:00 MDT",1785841200,1785913200,"2026-08-05 01:00:00","Mainly cloudy",20,Low,17,,,,,SE,,15
"2026-08-04 05:00:00 MDT",1785841200,1785916800,"2026-08-05 02:00:00","Mainly cloudy",20,Low,16,,,,,SE,,15
"2026-08-04 05:00:00 MDT",1785841200,1785920400,"2026-08-05 03:00:00","Mainly cloudy",20,Low,15,,,,,NW,,15
"2026-08-04 05:00:00 MDT",1785841200,1785924000,"2026-08-05 04:00:00","Partly cloudy",0,Nil,15,,,,,NW,,15
"2026-08-04 05:00:00 MDT",1785841200,1785927600,"2026-08-05 05:00:00","Partly cloudy",0,Nil,14,,,,,NW,,15
"2026-08-04 05:00:00 MDT",1785841200,1785931200,"2026-08-05 06:00:00",Sunny,0,Nil,14,,,,,W,,15
"2026-08-04 05:00:00 MDT",1785841200,1785934800,"2026-08-05 07:00:00",Sunny,0,Nil,16,,,,,W,,15
"2026-08-04 05:00:00 MDT",1785841200,1785938400,"2026-08-05 08:00:00",Sunny,0,Nil,17,,,,,W,,15
"2026-08-04 05:00:00 MDT",1785841200,1785942000,"2026-08-05 09:00:00",Sunny,0,Nil,19,,,,,W,,15
"2026-08-04 05:00:00 MDT",1785841200,1785945600,"2026-08-05 10:00:00",Sunny,0,Nil,20,,,,,W,,15
"2026-08-04 05:00:00 MDT",1785841200,1785949200,"2026-08-05 11:00:00",Sunny,0,Nil,22,,,,,W,,15
"2026-08-04 05:00:00 MDT",1785841200,1785952800,"2026-08-05 12:00:00",Sunny,0,Nil,23,,,,,SW,,15
"2026-08-04 05:00:00 MDT",1785841200,1785956400,"2026-08-05 13:00:00",Sunny,0,Nil,24,,,,,SW,,15
"2026-08-04 05:00:00 MDT",1785841200,1785960000,"2026-08-05 14:00:00",Sunny,0,Nil,25,,,,,SW,,15
"2026-08-04 05:00:00 MDT",1785841200,1785963600,"2026-08-05 15:00:00","A mix of sun and cloud",0,Nil,26,,,,,SW,,15
"2026-08-04 01:43:00 MDT",1785829380,1785852000,"2026-08-04 08:00:00","A mix of sun and cloud",0,Nil,13,,,,,NW,,10
"2026-08-04 01:43:00 MDT",1785829380,1785855600,"2026-08-04 09:00:00",Sunny,0,Nil,15,,,,,NW,,10
"2026-08-04 01:43:00 MDT",1785829380,1785859200,"2026-08-04 10:00:00",Sunny,0,Nil,17,,,,,NW,,10
"2026-08-04 01:43:00 MDT",1785829380,1785862800,"2026-08-04 11:00:00",Sunny,0,Nil,18,,,,,NW,,10
"2026-08-04 01:43:00 MDT",1785829380,1785866400,"2026-08-04 12:00:00",Sunny,0,Nil,20,,,,,W,,20
"2026-08-04 01:43:00 MDT",1785829380,1785870000,"2026-08-04 13:00:00",Sunny,0,Nil,21,,,,,W,,20
"2026-08-04 01:43:00 MDT",1785829380,1785873600,"2026-08-04 14:00:00",Sunny,0,Nil,21,,,,,W,,20
"2026-08-04 01:43:00 MDT",1785829380,1785877200,"2026-08-04 15:00:00",Sunny,0,Nil,22,,,,,W,,20
"2026-08-04 01:43:00 MDT",1785829380,1785880800,"2026-08-04 16:00:00",Sunny,0,Nil,23,,,,,W,,20
"2026-08-04 01:43:00 MDT",1785829380,1785884400,"2026-08-04 17:00:00",Sunny,0,Nil,23,,,,,W,,20
"2026-08-04 01:43:00 MDT",1785829380,1785888000,"2026-08-04 18:00:00",Sunny,0,Nil,24,,,,,W,,20
"2026-08-04 01:43:00 MDT",1785829380,1785891600,"2026-08-04 19:00:00",Sunny,0,Nil,23,,,,,W,,20
"2026-08-04 01:43:00 MDT",1785829380,1785895200,"2026-08-04 20:00:00",Sunny,0,Nil,21,,,,,W,,20
"2026-08-04 01:43:00 MDT",1785829380,1785898800,"2026-08-04 21:00:00","Partly cloudy",20,Low,20,,,,,SE,,15
"2026-08-04 01:43:00 MDT",1785829380,1785902400,"2026-08-04 22:00:00","Partly cloudy",20,Low,18,,,,,SE,,15
"2026-08-04 01:43:00 MDT",1785829380,1785906000,"2026-08-04 23:00:00","Partly cloudy",20,Low,17,,,,,SE,,15
"2026-08-04 01:43:00 MDT",1785829380,1785909600,"2026-08-05 00:00:00","Partly cloudy",20,Low,15,,,,,SE,,15
"2026-08-04 01:43:00 MDT",1785829380,1785913200,"2026-08-05 01:00:00","Mainly cloudy",20,Low,15,,,,,SE,,15
"2026-08-04 01:43:00 MDT",1785829380,1785916800,"2026-08-05 02:00:00","Mainly cloudy",20,Low,15,,,,,SE,,15
"2026-08-04 01:43:00 MDT",1785829380,1785920400,"2026-08-05 03:00:00","Mainly cloudy",20,Low,15,,,,,NW,,15
"2026-08-04 01:43:00 MDT",1785829380,1785924000,"2026-08-05 04:00:00","Partly cloudy",0,Nil,15,,,,,NW,,15
"2026-08-04 01:43:00 MDT",1785829380,1785927600,"2026-08-05 05:00:00","Partly cloudy",0,Nil,14,,,,,NW,,15
"2026-08-04 01:43:00 MDT",1785829380,1785931200,"2026-08-05 06:00:00",Sunny,0,Nil,14,,,,,W,,15
"2026-08-04 01:43:00 MDT",1785829380,1785934800,"2026-08-05 07:00:00",Sunny,0,Nil,16,,,,,W,,15
"2026-08-04 01:43:00 MDT",1785829380,1785938400,"2026-08-05 08:00:00",Sunny,0,Nil,17,,,,,W,,15
"2026-08-04 01:43:00 MDT",1785829380,1785942000,"2026-08-05 09:00:00",Sunny,0,Nil,19,,,,,W,,15
"2026-08-04 01:43:00 MDT",1785829380,1785945600,"2026-08-05 10:00:00",Sunny,0,Nil,20,,,,,W,,15
"2026-08-04 00:10:00 MDT",1785823800,1785848400,"2026-08-04 07:00:00","A mix of sun and cloud",0,Nil,12,,,,,W,,20
"2026-08-04 00:10:00 MDT",1785823800,1785852000,"2026-08-04 08:00:00","A mix of sun and cloud",0,Nil,13,,,,,W,,20
"2026-08-04 00:10:00 MDT",1785823800,1785855600,"2026-08-04 09:00:00",Sunny,0,Nil,15,,,,,W,,20
"2026-08-04 00:10:00 MDT",1785823800,1785859200,"2026-08-04 10:00:00",Sunny,0,Nil,17,,,,,W,,20
"2026-08-04 00:10:00 MDT",1785823800,1785862800,"2026-08-04 11:00:00",Sunny,0,Nil,18,,,,,W,,20
"2026-08-04 00:10:00 MDT",1785823800,1785866400,"2026-08-04 12:00:00",Sunny,0,Nil,20,,,,,W,,20
"2026-08-04 00:10:00 MDT",1785823800,1785870000,"2026-08-04 13:00:00",Sunny,0,Nil,21,,,,,W,,20
"2026-08-04 00:10:00 MDT",1785823800,1785873600,"2026-08-04 14:00:00",Sunny,0,Nil,21,,,,,W,,20
"2026-08-04 00:10:00 MDT",1785823800,1785877200,"2026-08-04 15:00:00",Sunny,0,Nil,22,,,,,W,,20
"2026-08-04 00:10:00 MDT",1785823800,1785880800,"2026-08-04 16:00:00",Sunny,0,Nil,23,,,,,W,,20
"2026-08-04 00:10:00 MDT",1785823800,1785884400,"2026-08-04 17:00:00",Sunny,0,Nil,23,,,,,W,,20
"2026-08-04 00:10:00 MDT",1785823800,1785888000,"2026-08-04 18:00:00",Sunny,0,Nil,24,,,,,W,,20
"2026-08-04 00:10:00 MDT",1785823800,1785891600,"2026-08-04 19:00:00",Sunny,0,Nil,23,,,,,W,,20
"2026-08-04 00:10:00 MDT",1785823800,1785895200,"2026-08-04 20:00:00",Sunny,0,Nil,21,,,,,W,,20
"2026-08-04 00:10:00 MDT",1785823800,1785898800,"2026-08-04 21:00:00","Partly cloudy",20,Low,20,,,,,SE,,15
"2026-08-04 00:10:00 MDT",1785823800,1785902400,"2026-08-04 22:00:00","Partly cloudy",20,Low,18,,,,,SE,,15
"2026-08-04 00:10:00 MDT",1785823800,1785906000,"2026-08-04 23:00:00","Partly cloudy",20,Low,17,,,,,SE,,15
"2026-08-04 00:10:00 MDT",1785823800,1785909600,"2026-08-05 00:00:00","Partly cloudy",20,Low,15,,,,,SE,,15
"2026-08-04 00:10:00 MDT",1785823800,1785913200,"2026-08-05 01:00:00","Mainly cloudy",20,Low,15,,,,,SE,,15
"2026-08-04 00:10:00 MDT",1785823800,1785916800,"2026-08-05 02:00:00","Mainly cloudy",20,Low,15,,,,,SE,,15
"2026-08-04 00:10:00 MDT",1785823800,1785920400,"2026-08-05 03:00:00","Mainly cloudy",20,Low,15,,,,,NW,,15
"2026-08-04 00:10:00 MDT",1785823800,1785924000,"2026-08-05 04:00:00","Partly cloudy",0,Nil,15,,,,,NW,,15
"2026-08-04 00:10:00 MDT",1785823800,1785927600,"2026-08-05 05:00:00","Partly cloudy",0,Nil,14,,,,,NW,,15
"2026-08-04 00:10:00 MDT",1785823800,1785931200,"2026-08-05 06:00:00",Sunny,0,Nil,14,,,,,W,,15
"2026-08-04 00:10:00 MDT",1785823800,1785934800,"2026-08-05 07:00:00",Sunny,0,Nil,16,,,,,W,,15
"2026-08-03 23:00:00 MDT",1785819600,1785841200,"2026-08-04 05:00:00","Partly cloudy",0,Nil,11,,,,,NW,,10
"2026-08-03 23:00:00 MDT",1785819600,1785844800,"2026-08-04 06:00:00","A mix of sun and cloud",0,Nil,10,,,,,NW,,10
"2026-08-03 23:00:00 MDT",1785819600,1785848400,"2026-08-04 07:00:00","A mix of sun and cloud",0,Nil,12,,,,,NW,,10
"2026-08-03 23:00:00 MDT",1785819600,1785852000,"2026-08-04 08:00:00","A mix of sun and cloud",0,Nil,13,,,,,NW,,10
"2026-08-03 23:00:00 MDT",1785819600,1785855600,"2026-08-04 09:00:00",Sunny,0,Nil,15,,,,,NW,,10
"2026-08-03 23:00:00 MDT",1785819600,1785859200,"2026-08-04 10:00:00",Sunny,0,Nil,17,,,,,NW,,10
"2026-08-03 23:00:00 MDT",1785819600,1785862800,"2026-08-04 11:00:00",Sunny,0,Nil,18,,,,,NW,,10
"2026-08-03 23:00:00 MDT",1785819600,1785866400,"2026-08-04 12:00:00",Sunny,0,Nil,20,,,,,W,,15
"2026-08-03 23:00:00 MDT",1785819600,1785870000,"2026-08-04 13:00:00",Sunny,0,Nil,21,,,,,W,,15
"2026-08-03 23:00:00 MDT",1785819600,1785873600,"2026-08-04 14:00:00",Sunny,0,Nil,21,,,,,W,,15
"2026-08-03 23:00:00 MDT",1785819600,1785877200,"2026-08-04 15:00:00",Sunny,0,Nil,22,,,,,W,,15
"2026-08-03 23:00:00 MDT",1785819600,1785880800,"2026-08-04 16:00:00",Sunny,0,Nil,23,,,,,W,,15
"2026-08-03 23:00:00 MDT",1785819600,1785884400,"2026-08-04 17:00:00",Sunny,0,Nil,23,,,,,W,,15
"2026-08-03 23:00:00 MDT",1785819600,1785888000,"2026-08-04 18:00:00",Sunny,0,Nil,24,,,,,W,,15
"2026-08-03 23:00:00 MDT",1785819600,1785891600,"2026-08-04 19:00:00",Sunny,0,Nil,23,,,,,W,,15
"2026-08-03 23:00:00 MDT",1785819600,1785895200,"2026-08-04 20:00:00",Sunny,0,Nil,21,,,,,W,,15
"2026-08-03 23:00:00 MDT",1785819600,1785898800,"2026-08-04 21:00:00","Partly cloudy",20,Low,20,,,,,SE,,15
"2026-08-03 23:00:00 MDT",1785819600,1785902400,"2026-08-04 22:00:00","Partly cloudy",20,Low,18,,,,,SE,,15
"2026-08-03 23:00:00 MDT",1785819600,1785906000,"2026-08-04 23:00:00","Partly cloudy",20,Low,17,,,,,SE,,15
"2026-08-03 23:00:00 MDT",1785819600,1785909600,"2026-08-05 00:00:00","Partly cloudy",20,Low,15,,,,,SE,,15
"2026-08-03 23:00:00 MDT",1785819600,1785913200,"2026-08-05 01:00:00","Mainly cloudy",20,Low,15,,,,,SE,,15
"2026-08-03 23:00:00 MDT",1785819600,1785916800,"2026-08-05 02:00:00","Mainly cloudy",20,Low,15,,,,,SE,,15
"2026-08-03 23:00:00 MDT",1785819600,1785920400,"2026-08-05 03:00:00","Mainly cloudy",20,Low,15,,,,,NW,,15
"2026-08-03 23:00:00 MDT",1785819600,1785924000,"2026-08-05 04:00:00","Partly cloudy",0,Nil,15,,,,,NW,,15
"2026-08-03 23:00:00 MDT",1785819600,1785927600,"2026-08-05 05:00:00","Partly cloudy",0,Nil,14,,,,,NW,,15
"2026-08-03 23:00:00 MDT",1785819600,1785931200,"2026-08-05 06:00:00",Sunny,0,Nil,14,,,,,W,,15
"2026-08-03 10:00:00 MDT",1785772800,1785794400,"2026-08-03 16:00:00","Chance of showers",30,Low,18,,,,,NW,40,20
"2026-08-03 10:00:00 MDT",1785772800,1785798000,"2026-08-03 17:00:00","Chance of showers",30,Low,18,,,,,NW,40,20
"2026-08-03 10:00:00 MDT",1785772800,1785801600,"2026-08-03 18:00:00","Chance of showers",30,Low,19,,,,,NW,40,20
"2026-08-03 10:00:00 MDT",1785772800,1785805200,"2026-08-03 19:00:00","Chance of showers",30,Low,19,,,,,NW,40,20
"2026-08-03 10:00:00 MDT",1785772800,1785808800,"2026-08-03 20:00:00","Chance of showers",30,Low,18,,,,,NW,40,20
"2026-08-03 10:00:00 MDT",1785772800,1785812400,"2026-08-03 21:00:00",Clear,0,Nil,18,,,,,NW,,10
"2026-08-03 10:00:00 MDT",1785772800,1785816000,"2026-08-03 22:00:00",Clear,0,Nil,17,,,,,NW,,10
"2026-08-03 10:00:00 MDT",1785772800,1785819600,"2026-08-03 23:00:00",Clear,0,Nil,15,,,,,NW,,10
"2026-08-03 10:00:00 MDT",1785772800,1785823200,"2026-08-04 00:00:00",Clear,0,Nil,14,,,,,NW,,10
"2026-08-03 10:00:00 MDT",1785772800,1785826800,"2026-08-04 01:00:00",Clear,0,Nil,13,,,,,NW,,10
"2026-08-03 10:00:00 MDT",1785772800,1785830400,"2026-08-04 02:00:00",Clear,0,Nil,12,,,,,NW,,10
"2026-08-03 10:00:00 MDT",1785772800,1785834000,"2026-08-04 03:00:00","A few clouds",0,Nil,11,,,,,NW,,10
"2026-08-03 10:00:00 MDT",1785772800,1785837600,"2026-08-04 04:00:00","A few clouds",0,Nil,11,,,,,NW,,10
"2026-08-03 10:00:00 MDT",1785772800,1785841200,"2026-08-04 05:00:00","A few clouds",0,Nil,10,,,,,NW,,10
"2026-08-03 10:00:00 MDT",1785772800,1785844800,"2026-08-04 06:00:00","Mainly sunny",0,Nil,10,,,,,NW,,10
"2026-08-03 10:00:00 MDT",1785772800,1785848400,"2026-08-04 07:00:00","Mainly sunny",0,Nil,11,,,,,NW,,10
"2026-08-03 10:00:00 MDT",1785772800,1785852000,"2026-08-04 08:00:00","Mainly sunny",0,Nil,13,,,,,NW,,10
"2026-08-03 10:00:00 MDT",1785772800,1785855600,"2026-08-04 09:00:00",Sunny,0,Nil,14,,,,,NW,,10
"2026-08-03 10:00:00 MDT",1785772800,1785859200,"2026-08-04 10:00:00",Sunny,0,Nil,16,,,,,NW,,10
"2026-08-03 10:00:00 MDT",1785772800,1785862800,"2026-08-04 11:00:00",Sunny,0,Nil,17,,,,,NW,,10
"2026-08-03 10:00:00 MDT",1785772800,1785866400,"2026-08-04 12:00:00",Sunny,0,Nil,19,,,,,W,,15
"2026-08-03 10:00:00 MDT",1785772800,1785870000,"2026-08-04 13:00:00",Sunny,0,Nil,20,,,,,W,,15
"2026-08-03 10:00:00 MDT",1785772800,1785873600,"2026-08-04 14:00:00",Sunny,0,Nil,21,,,,,W,,15
"2026-08-03 10:00:00 MDT",1785772800,1785877200,"2026-08-04 15:00:00",Sunny,0,Nil,22,,,,,W,,15
"2026-08-03 10:00:00 MDT",1785772800,1785880800,"2026-08-04 16:00:00",Sunny,0,Nil,23,,,,,W,,15
"2026-08-03 10:00:00 MDT",1785772800,1785884400,"2026-08-04 17:00:00",Sunny,0,Nil,23,,,,,W,,15
"2026-08-03 10:00:00 MDT",1785772800,1785888000,"2026-08-04 18:00:00",Sunny,0,Nil,24,,,,,W,,15
"2026-08-03 10:00:00 MDT",1785772800,1785891600,"2026-08-04 19:00:00",Sunny,0,Nil,23,,,,,W,,15
"2026-08-03 10:00:00 MDT",1785772800,1785895200,"2026-08-04 20:00:00",Sunny,0,Nil,23,,,,,W,,15
"2026-08-03 10:00:00 MDT",1785772800,1785898800,"2026-08-04 21:00:00","Partly cloudy",0,Nil,22,,,,,SE,,15
"2026-08-03 10:00:00 MDT",1785772800,1785902400,"2026-08-04 22:00:00","Partly cloudy",0,Nil,20,,,,,SE,,15
"2026-08-03 07:43:00 MDT",1785764580,1785787200,"2026-08-03 14:00:00","Chance of showers",30,Low,16,,,,,NW,40,20
"2026-08-03 07:43:00 MDT",1785764580,1785790800,"2026-08-03 15:00:00","Chance of showers",30,Low,17,,,,,NW,40,20
"2026-08-03 07:43:00 MDT",1785764580,1785794400,"2026-08-03 16:00:00","Chance of showers",30,Low,18,,,,,NW,40,20
"2026-08-03 07:43:00 MDT",1785764580,1785798000,"2026-08-03 17:00:00","Chance of showers",30,Low,19,,,,,NW,40,20
"2026-08-03 07:43:00 MDT",1785764580,1785801600,"2026-08-03 18:00:00","Chance of showers",30,Low,20,,,,,NW,40,20
"2026-08-03 07:43:00 MDT",1785764580,1785805200,"2026-08-03 19:00:00","Chance of showers",30,Low,19,,,,,NW,40,20
"2026-08-03 07:43:00 MDT",1785764580,1785808800,"2026-08-03 20:00:00","Chance of showers",30,Low,17,,,,,NW,40,20
"2026-08-03 07:43:00 MDT",1785764580,1785812400,"2026-08-03 21:00:00",Clear,0,Nil,16,,,,,NW,,10
"2026-08-03 07:43:00 MDT",1785764580,1785816000,"2026-08-03 22:00:00",Clear,0,Nil,15,,,,,NW,,10
"2026-08-03 07:43:00 MDT",1785764580,1785819600,"2026-08-03 23:00:00",Clear,0,Nil,13,,,,,NW,,10
"2026-08-03 07:43:00 MDT",1785764580,1785823200,"2026-08-04 00:00:00",Clear,0,Nil,12,,,,,NW,,10
"2026-08-03 07:43:00 MDT",1785764580,1785826800,"2026-08-04 01:00:00",Clear,0,Nil,12,,,,,NW,,10
"2026-08-03 07:43:00 MDT",1785764580,1785830400,"2026-08-04 02:00:00",Clear,0,Nil,11,,,,,NW,,10
"2026-08-03 07:43:00 MDT",1785764580,1785834000,"2026-08-04 03:00:00",Clear,0,Nil,11,,,,,NW,,10
"2026-08-03 07:43:00 MDT",1785764580,1785837600,"2026-08-04 04:00:00",Clear,0,Nil,11,,,,,NW,,10
"2026-08-03 07:43:00 MDT",1785764580,1785841200,"2026-08-04 05:00:00",Clear,0,Nil,10,,,,,NW,,10
"2026-08-03 07:43:00 MDT",1785764580,1785844800,"2026-08-04 06:00:00","Mainly sunny",0,Nil,10,,,,,W,,10
"2026-08-03 07:43:00 MDT",1785764580,1785848400,"2026-08-04 07:00:00","Mainly sunny",0,Nil,12,,,,,W,,10
"2026-08-03 07:43:00 MDT",1785764580,1785852000,"2026-08-04 08:00:00","Mainly sunny",0,Nil,13,,,,,W,,10
"2026-08-03 07:43:00 MDT",1785764580,1785855600,"2026-08-04 09:00:00","Mainly sunny",0,Nil,15,,,,,W,,15
"2026-08-03 07:43:00 MDT",1785764580,1785859200,"2026-08-04 10:00:00","Mainly sunny",0,Nil,17,,,,,W,,15
"2026-08-03 07:43:00 MDT",1785764580,1785862800,"2026-08-04 11:00:00","Mainly sunny",0,Nil,18,,,,,NW,,15
"2026-08-03 07:43:00 MDT",1785764580,1785866400,"2026-08-04 12:00:00","Mainly sunny",0,Nil,20,,,,,NW,,15
"2026-08-03 07:43:00 MDT",1785764580,1785870000,"2026-08-04 13:00:00","Mainly sunny",0,Nil,21,,,,,NW,,15
"2026-08-03 07:43:00 MDT",1785764580,1785873600,"2026-08-04 14:00:00","Mainly sunny",0,Nil,21,,,,,NW,,15
"2026-08-03 07:43:00 MDT",1785764580,1785877200,"2026-08-04 15:00:00","Mainly sunny",0,Nil,22,,,,,NW,,15
"2026-08-03 05:00:00 MDT",1785754800,1785776400,"2026-08-03 11:00:00","A mix of sun and cloud",0,Nil,13,,,,,NW,40,20
"2026-08-03 05:00:00 MDT",1785754800,1785780000,"2026-08-03 12:00:00","A mix of sun and cloud",0,Nil,14,,,,,NW,40,20
"2026-08-03 05:00:00 MDT",1785754800,1785783600,"2026-08-03 13:00:00","A mix of sun and cloud",0,Nil,15,,,,,NW,40,20
"2026-08-03 05:00:00 MDT",1785754800,1785787200,"2026-08-03 14:00:00","A mix of sun and cloud",0,Nil,16,,,,,NW,40,20
"2026-08-03 05:00:00 MDT",1785754800,1785790800,"2026-08-03 15:00:00","A mix of sun and cloud",0,Nil,17,,,,,NW,40,20
"2026-08-03 05:00:00 MDT",1785754800,1785794400,"2026-08-03 16:00:00","A mix of sun and cloud",0,Nil,18,,,,,NW,40,20
"2026-08-03 05:00:00 MDT",1785754800,1785798000,"2026-08-03 17:00:00","A mix of sun and cloud",0,Nil,19,,,,,NW,40,20
"2026-08-03 05:00:00 MDT",1785754800,1785801600,"2026-08-03 18:00:00","Mainly sunny",0,Nil,20,,,,,NW,40,20
"2026-08-03 05:00:00 MDT",1785754800,1785805200,"2026-08-03 19:00:00","Mainly sunny",0,Nil,19,,,,,NW,40,20
"2026-08-03 05:00:00 MDT",1785754800,1785808800,"2026-08-03 20:00:00","Mainly sunny",0,Nil,17,,,,,NW,40,20
"2026-08-03 05:00:00 MDT",1785754800,1785812400,"2026-08-03 21:00:00",Clear,0,Nil,16,,,,,NW,,10
"2026-08-03 05:00:00 MDT",1785754800,1785816000,"2026-08-03 22:00:00",Clear,0,Nil,15,,,,,NW,,10
"2026-08-03 05:00:00 MDT",1785754800,1785819600,"2026-08-03 23:00:00",Clear,0,Nil,13,,,,,NW,,10
"2026-08-03 05:00:00 MDT",1785754800,1785823200,"2026-08-04 00:00:00",Clear,0,Nil,12,,,,,NW,,10
"2026-08-03 05:00:00 MDT",1785754800,1785826800,"2026-08-04 01:00:00",Clear,0,Nil,12,,,,,NW,,10
"2026-08-03 05:00:00 MDT",1785754800,1785830400,"2026-08-04 02:00:00",Clear,0,Nil,11,,,,,NW,,10
"2026-08-03 05:00:00 MDT",1785754800,1785834000,"2026-08-04 03:00:00",Clear,0,Nil,11,,,,,NW,,10
"2026-08-03 05:00:00 MDT",1785754800,1785837600,"2026-08-04 04:00:00",Clear,0,Nil,11,,,,,NW,,10
"2026-08-03 05:00:00 MDT",1785754800,1785841200,"2026-08-04 05:00:00",Clear,0,Nil,10,,,,,NW,,10
"2026-08-03 05:00:00 MDT",1785754800,1785844800,"2026-08-04 06:00:00","Mainly sunny",0,Nil,10,,,,,W,,10
"2026-08-03 05:00:00 MDT",1785754800,1785848400,"2026-08-04 07:00:00","Mainly sunny",0,Nil,12,,,,,W,,10
"2026-08-03 05:00:00 MDT",1785754800,1785852000,"2026-08-04 08:00:00","Mainly sunny",0,Nil,13,,,,,W,,10
"2026-08-03 05:00:00 MDT",1785754800,1785855600,"2026-08-04 09:00:00","Mainly sunny",0,Nil,15,,,,,W,,15
"2026-08-03 05:00:00 MDT",1785754800,1785859200,"2026-08-04 10:00:00","Mainly sunny",0,Nil,17,,,,,W,,15
"2026-08-03 05:00:00 MDT",1785754800,1785862800,"2026-08-04 11:00:00","Mainly sunny",0,Nil,18,,,,,NW,,15
"2026-08-03 05:00:00 MDT",1785754800,1785866400,"2026-08-04 12:00:00","Mainly sunny",0,Nil,20,,,,,NW,,15
"2026-08-03 05:00:00 MDT",1785754800,1785870000,"2026-08-04 13:00:00","Mainly sunny",0,Nil,21,,,,,NW,,15
"2026-08-02 23:00:00 MDT",1785733200,1785754800,"2026-08-03 05:00:00","Periods of rain",80,High,9,,,,,NW,50,30
"2026-08-02 23:00:00 MDT",1785733200,1785758400,"2026-08-03 06:00:00","Periods of rain",80,High,9,,,,,NW,50,30
"2026-08-02 23:00:00 MDT",1785733200,1785762000,"2026-08-03 07:00:00","Periods of rain",80,High,10,,,,,NW,50,30
"2026-08-02 23:00:00 MDT",1785733200,1785765600,"2026-08-03 08:00:00","Mainly cloudy",0,Nil,11,,,,,NW,40,20
"2026-08-02 23:00:00 MDT",1785733200,1785769200,"2026-08-03 09:00:00","Mainly cloudy",0,Nil,12,,,,,NW,40,20
"2026-08-02 23:00:00 MDT",1785733200,1785772800,"2026-08-03 10:00:00","A mix of sun and cloud",0,Nil,13,,,,,NW,40,20
"2026-08-02 23:00:00 MDT",1785733200,1785776400,"2026-08-03 11:00:00","A mix of sun and cloud",0,Nil,13,,,,,NW,40,20
"2026-08-02 23:00:00 MDT",1785733200,1785780000,"2026-08-03 12:00:00","A mix of sun and cloud",0,Nil,14,,,,,NW,40,20
"2026-08-02 23:00:00 MDT",1785733200,1785783600,"2026-08-03 13:00:00","A mix of sun and cloud",0,Nil,15,,,,,NW,40,20
"2026-08-02 23:00:00 MDT",1785733200,1785787200,"2026-08-03 14:00:00","A mix of sun and cloud",0,Nil,16,,,,,NW,40,20
"2026-08-02 23:00:00 MDT",1785733200,1785790800,"2026-08-03 15:00:00","A mix of sun and cloud",0,Nil,17,,,,,NW,40,20
"2026-08-02 23:00:00 MDT",1785733200,1785794400,"2026-08-03 16:00:00","A mix of sun and cloud",0,Nil,18,,,,,NW,40,20
"2026-08-02 23:00:00 MDT",1785733200,1785798000,"2026-08-03 17:00:00","A mix of sun and cloud",0,Nil,19,,,,,NW,40,20
"2026-08-02 23:00:00 MDT",1785733200,1785801600,"2026-08-03 18:00:00","Mainly sunny",0,Nil,20,,,,,NW,40,20
"2026-08-02 23:00:00 MDT",1785733200,1785805200,"2026-08-03 19:00:00","Mainly sunny",0,Nil,19,,,,,NW,40,20
"2026-08-02 23:00:00 MDT",1785733200,1785808800,"2026-08-03 20:00:00","Mainly sunny",0,Nil,17,,,,,NW,40,20
"2026-08-02 23:00:00 MDT",1785733200,1785812400,"2026-08-03 21:00:00",Clear,0,Nil,16,,,,,NW,,10
"2026-08-02 23:00:00 MDT",1785733200,1785816000,"2026-08-03 22:00:00",Clear,0,Nil,15,,,,,NW,,10
"2026-08-02 23:00:00 MDT",1785733200,1785819600,"2026-08-03 23:00:00",Clear,0,Nil,13,,,,,NW,,10
"2026-08-02 23:00:00 MDT",1785733200,1785823200,"2026-08-04 00:00:00",Clear,0,Nil,12,,,,,NW,,10
"2026-08-02 23:00:00 MDT",1785733200,1785826800,"2026-08-04 01:00:00",Clear,0,Nil,12,,,,,NW,,10
"2026-08-02 23:00:00 MDT",1785733200,1785830400,"2026-08-04 02:00:00",Clear,0,Nil,11,,,,,NW,,10
"2026-08-02 23:00:00 MDT",1785733200,1785834000,"2026-08-04 03:00:00",Clear,0,Nil,11,,,,,NW,,10
"2026-08-02 23:00:00 MDT",1785733200,1785837600,"2026-08-04 04:00:00",Clear,0,Nil,11,,,,,NW,,10
"2026-08-02 23:00:00 MDT",1785733200,1785841200,"2026-08-04 05:00:00",Clear,0,Nil,10,,,,,NW,,10
"2026-08-02 23:00:00 MDT",1785733200,1785844800,"2026-08-04 06:00:00","Mainly sunny",0,Nil,10,,,,,W,,10
"2026-08-02 23:00:00 MDT",1785733200,1785848400,"2026-08-04 07:00:00","Mainly sunny",0,Nil,12,,,,,W,,10
"2026-08-02 23:00:00 MDT",1785733200,1785852000,"2026-08-04 08:00:00","Mainly sunny",0,Nil,13,,,,,W,,10
"2026-08-02 23:00:00 MDT",1785733200,1785855600,"2026-08-04 09:00:00","Mainly sunny",0,Nil,15,,,,,W,,15
"2026-08-02 23:00:00 MDT",1785733200,1785859200,"2026-08-04 10:00:00","Mainly sunny",0,Nil,17,,,,,W,,15
"2026-08-02 14:36:00 MDT",1785702960,1785726000,"2026-08-02 21:00:00","Mainly cloudy",0,Nil,14,,,,,NW,50,30
"2026-08-02 14:36:00 MDT",1785702960,1785729600,"2026-08-02 22:00:00","Periods of rain",80,High,13,,,,,NW,50,30
"2026-08-02 14:36:00 MDT",1785702960,1785733200,"2026-08-02 23:00:00","Periods of rain",80,High,11,,,,,NW,50,30
"2026-08-02 14:36:00 MDT",1785702960,1785736800,"2026-08-03 00:00:00","Periods of rain",80,High,10,,,,,NW,50,30
"2026-08-02 14:36:00 MDT",1785702960,1785740400,"2026-08-03 01:00:00","Periods of rain",80,High,10,,,,,NW,50,30
"2026-08-02 14:36:00 MDT",1785702960,1785744000,"2026-08-03 02:00:00","Periods of rain",80,High,10,,,,,NW,,20
"2026-08-02 14:36:00 MDT",1785702960,1785747600,"2026-08-03 03:00:00","Periods of rain",80,High,10,,,,,NW,,20
"2026-08-02 14:36:00 MDT",1785702960,1785751200,"2026-08-03 04:00:00","Periods of rain",80,High,10,,,,,NW,,20
"2026-08-02 14:36:00 MDT",1785702960,1785754800,"2026-08-03 05:00:00","Periods of rain",80,High,10,,,,,NW,,20
"2026-08-02 14:36:00 MDT",1785702960,1785758400,"2026-08-03 06:00:00","Chance of showers",60,Medium,10,,,,,NW,,20
"2026-08-02 14:36:00 MDT",1785702960,1785762000,"2026-08-03 07:00:00","Chance of showers",60,Medium,11,,,,,NW,,20
"2026-08-02 14:36:00 MDT",1785702960,1785765600,"2026-08-03 08:00:00","Mainly cloudy",0,Nil,11,,,,,NW,,20
"2026-08-02 14:36:00 MDT",1785702960,1785769200,"2026-08-03 09:00:00","Mainly cloudy",0,Nil,12,,,,,NW,40,20
"2026-08-02 14:36:00 MDT",1785702960,1785772800,"2026-08-03 10:00:00","A mix of sun and cloud",0,Nil,13,,,,,NW,40,20
"2026-08-02 14:36:00 MDT",1785702960,1785776400,"2026-08-03 11:00:00",Sunny,0,Nil,14,,,,,NW,40,20
"2026-08-02 14:36:00 MDT",1785702960,1785780000,"2026-08-03 12:00:00",Sunny,0,Nil,15,,,,,NW,40,20
"2026-08-02 14:36:00 MDT",1785702960,1785783600,"2026-08-03 13:00:00",Sunny,0,Nil,16,,,,,NW,40,20
"2026-08-02 14:36:00 MDT",1785702960,1785787200,"2026-08-03 14:00:00",Sunny,0,Nil,17,,,,,NW,40,20
"2026-08-02 14:36:00 MDT",1785702960,1785790800,"2026-08-03 15:00:00",Sunny,0,Nil,18,,,,,NW,40,20
"2026-08-02 14:36:00 MDT",1785702960,1785794400,"2026-08-03 16:00:00",Sunny,0,Nil,18,,,,,NW,40,20
"2026-08-02 14:36:00 MDT",1785702960,1785798000,"2026-08-03 17:00:00",Sunny,0,Nil,19,,,,,NW,40,20
"2026-08-02 14:36:00 MDT",1785702960,1785801600,"2026-08-03 18:00:00",Sunny,0,Nil,19,,,,,NW,40,20
"2026-08-02 14:36:00 MDT",1785702960,1785805200,"2026-08-03 19:00:00",Sunny,0,Nil,18,,,,,NW,40,20
"2026-08-02 14:36:00 MDT",1785702960,1785808800,"2026-08-03 20:00:00",Sunny,0,Nil,17,,,,,NW,40,20
"2026-08-02 14:36:00 MDT",1785702960,1785812400,"2026-08-03 21:00:00",Clear,0,Nil,16,,,,,NW,,10
"2026-08-02 14:36:00 MDT",1785702960,1785816000,"2026-08-03 22:00:00",Clear,0,Nil,15,,,,,NW,,10
"2026-08-02 10:00:00 MDT",1785686400,1785708000,"2026-08-02 16:00:00",Smoke,0,Nil,20,,,,,NW,50,30
"2026-08-02 10:00:00 MDT",1785686400,1785711600,"2026-08-02 17:00:00",Smoke,0,Nil,20,,,,,NW,50,30
"2026-08-02 10:00:00 MDT",1785686400,1785715200,"2026-08-02 18:00:00",Smoke,0,Nil,19,,,,,NW,50,30
"2026-08-02 10:00:00 MDT",1785686400,1785718800,"2026-08-02 19:00:00","A mix of sun and cloud",0,Nil,17,,,,,NW,50,30
"2026-08-02 10:00:00 MDT",1785686400,1785722400,"2026-08-02 20:00:00","A mix of sun and cloud",0,Nil,16,,,,,NW,50,30
"2026-08-02 10:00:00 MDT",1785686400,1785726000,"2026-08-02 21:00:00",Cloudy,0,Nil,14,,,,,NW,50,30
"2026-08-02 10:00:00 MDT",1785686400,1785729600,"2026-08-02 22:00:00",Cloudy,0,Nil,13,,,,,NW,50,30
"2026-08-02 10:00:00 MDT",1785686400,1785733200,"2026-08-02 23:00:00","Chance of showers",60,Medium,11,,,,,NW,50,30
"2026-08-02 10:00:00 MDT",1785686400,1785736800,"2026-08-03 00:00:00","Chance of showers",60,Medium,10,,,,,NW,50,30
"2026-08-02 10:00:00 MDT",1785686400,1785740400,"2026-08-03 01:00:00","Chance of showers",60,Medium,10,,,,,NW,50,30
"2026-08-02 10:00:00 MDT",1785686400,1785744000,"2026-08-03 02:00:00","Chance of showers",60,Medium,10,,,,,NW,,20
"2026-08-02 10:00:00 MDT",1785686400,1785747600,"2026-08-03 03:00:00","Chance of showers",60,Medium,10,,,,,NW,,20
"2026-08-02 10:00:00 MDT",1785686400,1785751200,"2026-08-03 04:00:00","Chance of showers",60,Medium,10,,,,,NW,,20
"2026-08-02 10:00:00 MDT",1785686400,1785754800,"2026-08-03 05:00:00","Chance of showers",60,Medium,10,,,,,NW,,20
"2026-08-02 10:00:00 MDT",1785686400,1785758400,"2026-08-03 06:00:00","Chance of showers",60,Medium,10,,,,,NW,,20
"2026-08-02 10:00:00 MDT",1785686400,1785762000,"2026-08-03 07:00:00","Chance of showers",60,Medium,11,,,,,NW,,20
"2026-08-02 10:00:00 MDT",1785686400,1785765600,"2026-08-03 08:00:00","Mainly cloudy",0,Nil,11,,,,,NW,,20
"2026-08-02 10:00:00 MDT",1785686400,1785769200,"2026-08-03 09:00:00","Mainly cloudy",0,Nil,12,,,,,NW,40,20
"2026-08-02 10:00:00 MDT",1785686400,1785772800,"2026-08-03 10:00:00","A mix of sun and cloud",0,Nil,13,,,,,NW,40,20
"2026-08-02 10:00:00 MDT",1785686400,1785776400,"2026-08-03 11:00:00",Sunny,0,Nil,14,,,,,NW,40,20
"2026-08-02 10:00:00 MDT",1785686400,1785780000,"2026-08-03 12:00:00",Sunny,0,Nil,15,,,,,NW,40,20
"2026-08-02 10:00:00 MDT",1785686400,1785783600,"2026-08-03 13:00:00",Sunny,0,Nil,16,,,,,NW,40,20
"2026-08-02 10:00:00 MDT",1785686400,1785787200,"2026-08-03 14:00:00",Sunny,0,Nil,17,,,,,NW,40,20
"2026-08-02 10:00:00 MDT",1785686400,1785790800,"2026-08-03 15:00:00",Sunny,0,Nil,18,,,,,NW,40,20
"2026-08-02 10:00:00 MDT",1785686400,1785794400,"2026-08-03 16:00:00",Sunny,0,Nil,18,,,,,NW,40,20
"2026-08-02 10:00:00 MDT",1785686400,1785798000,"2026-08-03 17:00:00",Sunny,0,Nil,19,,,,,NW,40,20
"2026-08-02 10:00:00 MDT",1785686400,1785801600,"2026-08-03 18:00:00",Sunny,0,Nil,19,,,,,NW,40,20
"2026-08-02 10:00:00 MDT",1785686400,1785805200,"2026-08-03 19:00:00",Sunny,0,Nil,18,,,,,NW,40,20
"2026-08-02 10:00:00 MDT",1785686400,1785808800,"2026-08-03 20:00:00",Sunny,0,Nil,17,,,,,NW,40,20
"2026-08-02 05:00:00 MDT",1785668400,1785690000,"2026-08-02 11:00:00",Smoke,0,Nil,19,,,,,NW,50,30
"2026-08-02 05:00:00 MDT",1785668400,1785693600,"2026-08-02 12:00:00",Smoke,0,Nil,20,,,,,NW,50,30
"2026-08-02 05:00:00 MDT",1785668400,1785697200,"2026-08-02 13:00:00",Smoke,0,Nil,20,,,,,NW,50,30
"2026-08-02 05:00:00 MDT",1785668400,1785700800,"2026-08-02 14:00:00",Smoke,0,Nil,21,,,,,NW,50,30
"2026-08-02 05:00:00 MDT",1785668400,1785704400,"2026-08-02 15:00:00",Smoke,0,Nil,21,,,,,NW,50,30
"2026-08-02 05:00:00 MDT",1785668400,1785708000,"2026-08-02 16:00:00",Smoke,0,Nil,20,,,,,NW,50,30
"2026-08-02 05:00:00 MDT",1785668400,1785711600,"2026-08-02 17:00:00",Smoke,0,Nil,20,,,,,NW,50,30
"2026-08-02 05:00:00 MDT",1785668400,1785715200,"2026-08-02 18:00:00",Smoke,0,Nil,19,,,,,NW,50,30
"2026-08-02 05:00:00 MDT",1785668400,1785718800,"2026-08-02 19:00:00","Mainly sunny",0,Nil,17,,,,,NW,50,30
"2026-08-02 05:00:00 MDT",1785668400,1785722400,"2026-08-02 20:00:00","A mix of sun and cloud",0,Nil,15,,,,,NW,50,30
"2026-08-02 05:00:00 MDT",1785668400,1785726000,"2026-08-02 21:00:00","Partly cloudy",0,Nil,13,,,,,NW,50,30
"2026-08-02 05:00:00 MDT",1785668400,1785729600,"2026-08-02 22:00:00","Mainly cloudy",0,Nil,12,,,,,NW,50,30
"2026-08-02 05:00:00 MDT",1785668400,1785733200,"2026-08-02 23:00:00","Mainly cloudy",0,Nil,10,,,,,NW,50,30
"2026-08-02 05:00:00 MDT",1785668400,1785736800,"2026-08-03 00:00:00","Mainly cloudy",0,Nil,9,,,,,NW,50,30
"2026-08-02 05:00:00 MDT",1785668400,1785740400,"2026-08-03 01:00:00","Chance of showers",30,Low,9,,,,,NW,50,30
"2026-08-02 05:00:00 MDT",1785668400,1785744000,"2026-08-03 02:00:00","Chance of showers",30,Low,10,,,,,NW,,15
"2026-08-02 05:00:00 MDT",1785668400,1785747600,"2026-08-03 03:00:00","Chance of showers",30,Low,10,,,,,NW,,15
"2026-08-02 05:00:00 MDT",1785668400,1785751200,"2026-08-03 04:00:00","Chance of showers",30,Low,10,,,,,NW,,15
"2026-08-02 05:00:00 MDT",1785668400,1785754800,"2026-08-03 05:00:00","Chance of showers",30,Low,10,,,,,NW,,15
"2026-08-02 05:00:00 MDT",1785668400,1785758400,"2026-08-03 06:00:00","Chance of showers",30,Low,10,,,,,NW,,15
"2026-08-02 05:00:00 MDT",1785668400,1785762000,"2026-08-03 07:00:00","Chance of showers",30,Low,10,,,,,NW,,15
"2026-08-02 05:00:00 MDT",1785668400,1785765600,"2026-08-03 08:00:00","Chance of showers",30,Low,11,,,,,NW,,15
"2026-08-02 05:00:00 MDT",1785668400,1785769200,"2026-08-03 09:00:00","Chance of showers",30,Low,11,,,,,N,50,30
"2026-08-02 05:00:00 MDT",1785668400,1785772800,"2026-08-03 10:00:00","Mainly cloudy",0,Nil,12,,,,,N,50,30
"2026-08-02 05:00:00 MDT",1785668400,1785776400,"2026-08-03 11:00:00","A mix of sun and cloud",0,Nil,12,,,,,N,50,30
"2026-08-02 05:00:00 MDT",1785668400,1785780000,"2026-08-03 12:00:00","A mix of sun and cloud",0,Nil,13,,,,,N,50,30
"2026-08-02 05:00:00 MDT",1785668400,1785783600,"2026-08-03 13:00:00",Sunny,0,Nil,14,,,,,N,50,30
"2026-08-02 05:00:00 MDT",1785668400,1785787200,"2026-08-03 14:00:00",Sunny,0,Nil,16,,,,,N,50,30
"2026-08-02 05:00:00 MDT",1785668400,1785790800,"2026-08-03 15:00:00",Sunny,0,Nil,17,,,,,N,50,30
"2026-08-02 01:38:00 MDT",1785656280,1785679200,"2026-08-02 08:00:00",Smoke,0,Nil,16,,,,,NW,,15
"2026-08-02 01:38:00 MDT",1785656280,1785682800,"2026-08-02 09:00:00",Smoke,0,Nil,17,,,,,NW,50,30
"2026-08-02 01:38:00 MDT",1785656280,1785686400,"2026-08-02 10:00:00",Smoke,0,Nil,18,,,,,NW,50,30
"2026-08-02 01:38:00 MDT",1785656280,1785690000,"2026-08-02 11:00:00",Smoke,0,Nil,19,,,,,NW,50,30
"2026-08-02 01:38:00 MDT",1785656280,1785693600,"2026-08-02 12:00:00",Smoke,0,Nil,20,,,,,NW,50,30
"2026-08-02 01:38:00 MDT",1785656280,1785697200,"2026-08-02 13:00:00",Smoke,0,Nil,20,,,,,NW,50,30
"2026-08-02 01:38:00 MDT",1785656280,1785700800,"2026-08-02 14:00:00",Smoke,0,Nil,21,,,,,NW,50,30
"2026-08-02 01:38:00 MDT",1785656280,1785704400,"2026-08-02 15:00:00",Smoke,0,Nil,21,,,,,NW,50,30
"2026-08-02 01:38:00 MDT",1785656280,1785708000,"2026-08-02 16:00:00",Smoke,0,Nil,20,,,,,NW,50,30
"2026-08-02 01:38:00 MDT",1785656280,1785711600,"2026-08-02 17:00:00",Smoke,0,Nil,20,,,,,NW,50,30
"2026-08-02 01:38:00 MDT",1785656280,1785715200,"2026-08-02 18:00:00",Smoke,0,Nil,19,,,,,NW,50,30
"2026-08-02 01:38:00 MDT",1785656280,1785718800,"2026-08-02 19:00:00","Mainly sunny",0,Nil,17,,,,,NW,50,30
"2026-08-02 01:38:00 MDT",1785656280,1785722400,"2026-08-02 20:00:00","Mainly sunny",0,Nil,15,,,,,NW,50,30
"2026-08-02 01:38:00 MDT",1785656280,1785726000,"2026-08-02 21:00:00","A few clouds",0,Nil,13,,,,,NW,50,30
"2026-08-02 01:38:00 MDT",1785656280,1785729600,"2026-08-02 22:00:00","Partly cloudy",0,Nil,12,,,,,NW,50,30
"2026-08-02 01:38:00 MDT",1785656280,1785733200,"2026-08-02 23:00:00","Partly cloudy",0,Nil,10,,,,,NW,50,30
"2026-08-02 01:38:00 MDT",1785656280,1785736800,"2026-08-03 00:00:00","Mainly cloudy",0,Nil,9,,,,,NW,50,30
"2026-08-02 01:38:00 MDT",1785656280,1785740400,"2026-08-03 01:00:00","Chance of showers",30,Low,9,,,,,NW,50,30
"2026-08-02 01:38:00 MDT",1785656280,1785744000,"2026-08-03 02:00:00","Chance of showers",30,Low,10,,,,,NW,,15
"2026-08-02 01:38:00 MDT",1785656280,1785747600,"2026-08-03 03:00:00","Chance of showers",30,Low,10,,,,,NW,,15
"2026-08-02 01:38:00 MDT",1785656280,1785751200,"2026-08-03 04:00:00","Chance of showers",30,Low,10,,,,,NW,,15
"2026-08-02 01:38:00 MDT",1785656280,1785754800,"2026-08-03 05:00:00","Chance of showers",30,Low,10,,,,,NW,,15
"2026-08-02 01:38:00 MDT",1785656280,1785758400,"2026-08-03 06:00:00","Chance of showers",30,Low,10,,,,,NW,,15
"2026-08-02 01:38:00 MDT",1785656280,1785762000,"2026-08-03 07:00:00","Chance of showers",30,Low,10,,,,,NW,,15
"2026-08-02 01:38:00 MDT",1785656280,1785765600,"2026-08-03 08:00:00","Chance of showers",30,Low,11,,,,,NW,,15
"2026-08-02 01:38:00 MDT",1785656280,1785769200,"2026-08-03 09:00:00","Chance of showers",30,Low,11,,,,,N,50,30
"2026-08-02 01:38:00 MDT",1785656280,1785772800,"2026-08-03 10:00:00","Mainly cloudy",0,Nil,12,,,,,N,50,30
"2026-08-01 23:00:00 MDT",1785646800,1785668400,"2026-08-02 05:00:00",Smoke,10,Low,14,,,,,NW,50,30
"2026-08-01 23:00:00 MDT",1785646800,1785672000,"2026-08-02 06:00:00",Smoke,0,Nil,15,,,,,NW,50,30
"2026-08-01 23:00:00 MDT",1785646800,1785675600,"2026-08-02 07:00:00",Smoke,0,Nil,16,,,,,NW,50,30
"2026-08-01 23:00:00 MDT",1785646800,1785679200,"2026-08-02 08:00:00",Smoke,0,Nil,16,,,,,NW,50,30
"2026-08-01 23:00:00 MDT",1785646800,1785682800,"2026-08-02 09:00:00",Smoke,0,Nil,17,,,,,NW,50,30
"2026-08-01 23:00:00 MDT",1785646800,1785686400,"2026-08-02 10:00:00",Smoke,0,Nil,18,,,,,NW,50,30
"2026-08-01 23:00:00 MDT",1785646800,1785690000,"2026-08-02 11:00:00",Smoke,0,Nil,19,,,,,NW,50,30
"2026-08-01 23:00:00 MDT",1785646800,1785693600,"2026-08-02 12:00:00",Smoke,0,Nil,20,,,,,NW,50,30
"2026-08-01 23:00:00 MDT",1785646800,1785697200,"2026-08-02 13:00:00",Smoke,0,Nil,20,,,,,NW,50,30
"2026-08-01 23:00:00 MDT",1785646800,1785700800,"2026-08-02 14:00:00",Smoke,0,Nil,21,,,,,NW,50,30
"2026-08-01 23:00:00 MDT",1785646800,1785704400,"2026-08-02 15:00:00",Smoke,0,Nil,21,,,,,NW,50,30
"2026-08-01 23:00:00 MDT",1785646800,1785708000,"2026-08-02 16:00:00",Smoke,0,Nil,20,,,,,NW,50,30
"2026-08-01 23:00:00 MDT",1785646800,1785711600,"2026-08-02 17:00:00",Smoke,0,Nil,20,,,,,NW,50,30
"2026-08-01 23:00:00 MDT",1785646800,1785715200,"2026-08-02 18:00:00",Smoke,0,Nil,19,,,,,NW,50,30
"2026-08-01 23:00:00 MDT",1785646800,1785718800,"2026-08-02 19:00:00","Mainly sunny",0,Nil,17,,,,,NW,50,30
"2026-08-01 23:00:00 MDT",1785646800,1785722400,"2026-08-02 20:00:00","Mainly sunny",0,Nil,15,,,,,NW,50,30
"2026-08-01 23:00:00 MDT",1785646800,1785726000,"2026-08-02 21:00:00","A few clouds",0,Nil,13,,,,,NW,50,30
"2026-08-01 23:00:00 MDT",1785646800,1785729600,"2026-08-02 22:00:00","Partly cloudy",0,Nil,12,,,,,NW,50,30
"2026-08-01 23:00:00 MDT",1785646800,1785733200,"2026-08-02 23:00:00","Partly cloudy",0,Nil,10,,,,,NW,50,30
"2026-08-01 23:00:00 MDT",1785646800,1785736800,"2026-08-03 00:00:00","Mainly cloudy",0,Nil,9,,,,,NW,50,30
"2026-08-01 23:00:00 MDT",1785646800,1785740400,"2026-08-03 01:00:00","Chance of showers",30,Low,9,,,,,NW,50,30
"2026-08-01 23:00:00 MDT",1785646800,1785744000,"2026-08-03 02:00:00","Chance of showers",30,Low,10,,,,,NW,,15
"2026-08-01 23:00:00 MDT",1785646800,1785747600,"2026-08-03 03:00:00","Chance of showers",30,Low,10,,,,,NW,,15
"2026-08-01 23:00:00 MDT",1785646800,1785751200,"2026-08-03 04:00:00","Chance of showers",30,Low,10,,,,,NW,,15
"2026-08-01 23:00:00 MDT",1785646800,1785754800,"2026-08-03 05:00:00","Chance of showers",30,Low,10,,,,,NW,,15
"2026-08-01 23:00:00 MDT",1785646800,1785758400,"2026-08-03 06:00:00","Chance of showers",30,Low,10,,,,,NW,,15
"2026-08-01 23:00:00 MDT",1785646800,1785762000,"2026-08-03 07:00:00","Chance of showers",30,Low,10,,,,,NW,,15
"2026-08-01 10:00:00 MDT",1785600000,1785621600,"2026-08-01 16:00:00",Smoke,20,Low,34,,,,,S,50,30
"2026-08-01 10:00:00 MDT",1785600000,1785625200,"2026-08-01 17:00:00",Smoke,20,Low,32,,,,,S,50,30
"2026-08-01 10:00:00 MDT",1785600000,1785628800,"2026-08-01 18:00:00",Smoke,20,Low,31,,,,,S,50,30
"2026-08-01 10:00:00 MDT",1785600000,1785632400,"2026-08-01 19:00:00",Smoke,20,Low,29,,,,,S,50,30
"2026-08-01 10:00:00 MDT",1785600000,1785636000,"2026-08-01 20:00:00",Smoke,20,Low,28,,,,,S,50,30
"2026-08-01 10:00:00 MDT",1785600000,1785639600,"2026-08-01 21:00:00",Smoke,20,Low,26,,,,,S,50,30
"2026-08-01 10:00:00 MDT",1785600000,1785643200,"2026-08-01 22:00:00",Smoke,0,Nil,24,,,,,S,50,30
"2026-08-01 10:00:00 MDT",1785600000,1785646800,"2026-08-01 23:00:00",Smoke,0,Nil,22,,,,,S,50,30
"2026-08-01 10:00:00 MDT",1785600000,1785650400,"2026-08-02 00:00:00",Smoke,0,Nil,20,,,,,S,50,30
"2026-08-01 10:00:00 MDT",1785600000,1785654000,"2026-08-02 01:00:00",Smoke,0,Nil,19,,,,,S,50,30
"2026-08-01 10:00:00 MDT",1785600000,1785657600,"2026-08-02 02:00:00",Smoke,0,Nil,17,,,,,S,50,30
"2026-08-01 10:00:00 MDT",1785600000,1785661200,"2026-08-02 03:00:00",Smoke,0,Nil,16,,,,,NW,50,30
"2026-08-01 10:00:00 MDT",1785600000,1785664800,"2026-08-02 04:00:00",Smoke,0,Nil,15,,,,,NW,50,30
"2026-08-01 10:00:00 MDT",1785600000,1785668400,"2026-08-02 05:00:00",Smoke,0,Nil,13,,,,,NW,50,30
"2026-08-01 10:00:00 MDT",1785600000,1785672000,"2026-08-02 06:00:00",Smoke,0,Nil,12,,,,,NW,50,30
"2026-08-01 10:00:00 MDT",1785600000,1785675600,"2026-08-02 07:00:00",Smoke,0,Nil,13,,,,,NW,50,30
"2026-08-01 10:00:00 MDT",1785600000,1785679200,"2026-08-02 08:00:00",Smoke,0,Nil,15,,,,,NW,50,30
"2026-08-01 10:00:00 MDT",1785600000,1785682800,"2026-08-02 09:00:00",Smoke,0,Nil,16,,,,,NW,50,30
"2026-08-01 10:00:00 MDT",1785600000,1785686400,"2026-08-02 10:00:00",Smoke,0,Nil,17,,,,,NW,50,30
"2026-08-01 10:00:00 MDT",1785600000,1785690000,"2026-08-02 11:00:00",Smoke,0,Nil,18,,,,,NW,50,30
"2026-08-01 10:00:00 MDT",1785600000,1785693600,"2026-08-02 12:00:00",Smoke,0,Nil,19,,,,,NW,50,30
"2026-08-01 10:00:00 MDT",1785600000,1785697200,"2026-08-02 13:00:00",Smoke,0,Nil,20,,,,,NW,50,30
"2026-08-01 10:00:00 MDT",1785600000,1785700800,"2026-08-02 14:00:00",Smoke,0,Nil,20,,,,,NW,50,30
"2026-08-01 10:00:00 MDT",1785600000,1785704400,"2026-08-02 15:00:00",Smoke,0,Nil,21,,,,,NW,50,30
"2026-08-01 10:00:00 MDT",1785600000,1785708000,"2026-08-02 16:00:00",Smoke,0,Nil,20,,,,,NW,50,30
"2026-08-01 10:00:00 MDT",1785600000,1785711600,"2026-08-02 17:00:00",Smoke,0,Nil,19,,,,,NW,50,30
"2026-08-01 10:00:00 MDT",1785600000,1785715200,"2026-08-02 18:00:00",Smoke,0,Nil,18,,,,,NW,50,30
"2026-08-01 10:00:00 MDT",1785600000,1785718800,"2026-08-02 19:00:00","A mix of sun and cloud",0,Nil,17,,,,,NW,50,30
"2026-08-01 10:00:00 MDT",1785600000,1785722400,"2026-08-02 20:00:00","Mainly cloudy",0,Nil,15,,,,,NW,50,30
"2026-08-01 10:00:00 MDT",1785600000,1785726000,"2026-08-02 21:00:00","Mainly cloudy",20,Low,14,,,,,NW,50,30
"2026-08-01 10:00:00 MDT",1785600000,1785729600,"2026-08-02 22:00:00","Mainly cloudy",20,Low,12,,,,,NW,50,30
"2026-08-01 05:00:00 MDT",1785582000,1785603600,"2026-08-01 11:00:00",Smoke,0,Nil,27,,,,,SW,,15
"2026-08-01 05:00:00 MDT",1785582000,1785607200,"2026-08-01 12:00:00",Smoke,0,Nil,30,,,,,SW,,15
"2026-08-01 05:00:00 MDT",1785582000,1785610800,"2026-08-01 13:00:00",Smoke,0,Nil,31,,,,,S,50,30
"2026-08-01 05:00:00 MDT",1785582000,1785614400,"2026-08-01 14:00:00",Smoke,0,Nil,32,,,,,S,50,30
"2026-08-01 05:00:00 MDT",1785582000,1785618000,"2026-08-01 15:00:00",Smoke,0,Nil,33,,,,,S,50,30
"2026-08-01 05:00:00 MDT",1785582000,1785621600,"2026-08-01 16:00:00",Smoke,20,Low,32,,,,,S,50,30
"2026-08-01 05:00:00 MDT",1785582000,1785625200,"2026-08-01 17:00:00",Smoke,20,Low,32,,,,,S,50,30
"2026-08-01 05:00:00 MDT",1785582000,1785628800,"2026-08-01 18:00:00",Smoke,20,Low,31,,,,,S,50,30
"2026-08-01 05:00:00 MDT",1785582000,1785632400,"2026-08-01 19:00:00",Smoke,20,Low,29,,,,,S,50,30
"2026-08-01 05:00:00 MDT",1785582000,1785636000,"2026-08-01 20:00:00",Smoke,20,Low,27,,,,,S,50,30
"2026-08-01 05:00:00 MDT",1785582000,1785639600,"2026-08-01 21:00:00",Smoke,20,Low,25,,,,,S,50,30
"2026-08-01 05:00:00 MDT",1785582000,1785643200,"2026-08-01 22:00:00",Smoke,0,Nil,22,,,,,S,50,30
"2026-08-01 05:00:00 MDT",1785582000,1785646800,"2026-08-01 23:00:00",Smoke,0,Nil,20,,,,,S,50,30
"2026-08-01 05:00:00 MDT",1785582000,1785650400,"2026-08-02 00:00:00",Smoke,0,Nil,17,,,,,NW,50,30
"2026-08-01 05:00:00 MDT",1785582000,1785654000,"2026-08-02 01:00:00",Smoke,0,Nil,17,,,,,NW,50,30
"2026-08-01 05:00:00 MDT",1785582000,1785657600,"2026-08-02 02:00:00",Smoke,0,Nil,16,,,,,NW,50,30
"2026-08-01 05:00:00 MDT",1785582000,1785661200,"2026-08-02 03:00:00",Smoke,0,Nil,16,,,,,NW,50,30
"2026-08-01 05:00:00 MDT",1785582000,1785664800,"2026-08-02 04:00:00",Smoke,0,Nil,15,,,,,NW,50,30
"2026-08-01 05:00:00 MDT",1785582000,1785668400,"2026-08-02 05:00:00",Smoke,0,Nil,15,,,,,NW,50,30
"2026-08-01 05:00:00 MDT",1785582000,1785672000,"2026-08-02 06:00:00",Smoke,0,Nil,14,,,,,W,,30
"2026-08-01 05:00:00 MDT",1785582000,1785675600,"2026-08-02 07:00:00",Smoke,0,Nil,15,,,,,W,,30
"2026-08-01 05:00:00 MDT",1785582000,1785679200,"2026-08-02 08:00:00",Smoke,0,Nil,16,,,,,W,,30
"2026-08-01 05:00:00 MDT",1785582000,1785682800,"2026-08-02 09:00:00",Smoke,0,Nil,17,,,,,W,,30
"2026-08-01 05:00:00 MDT",1785582000,1785686400,"2026-08-02 10:00:00",Smoke,0,Nil,17,,,,,W,,30
"2026-08-01 05:00:00 MDT",1785582000,1785690000,"2026-08-02 11:00:00",Smoke,0,Nil,18,,,,,W,,30
"2026-08-01 05:00:00 MDT",1785582000,1785693600,"2026-08-02 12:00:00",Smoke,0,Nil,18,,,,,W,50,30
"2026-08-01 05:00:00 MDT",1785582000,1785697200,"2026-08-02 13:00:00",Smoke,0,Nil,19,,,,,W,50,30
"2026-08-01 05:00:00 MDT",1785582000,1785700800,"2026-08-02 14:00:00",Smoke,0,Nil,19,,,,,W,50,30
"2026-08-01 05:00:00 MDT",1785582000,1785704400,"2026-08-02 15:00:00",Smoke,0,Nil,20,,,,,W,50,30
"2026-07-31 23:00:00 MDT",1785560400,1785582000,"2026-08-01 05:00:00",Smoke,0,Nil,16,,,,,S,,15
"2026-07-31 23:00:00 MDT",1785560400,1785585600,"2026-08-01 06:00:00",Smoke,0,Nil,16,,,,,SW,,15
"2026-07-31 23:00:00 MDT",1785560400,1785589200,"2026-08-01 07:00:00",Smoke,0,Nil,18,,,,,SW,,15
"2026-07-31 23:00:00 MDT",1785560400,1785592800,"2026-08-01 08:00:00",Smoke,0,Nil,19,,,,,SW,,15
"2026-07-31 23:00:00 MDT",1785560400,1785596400,"2026-08-01 09:00:00",Smoke,0,Nil,21,,,,,SW,,15
"2026-07-31 23:00:00 MDT",1785560400,1785600000,"2026-08-01 10:00:00",Smoke,0,Nil,24,,,,,SW,,15
"2026-07-31 23:00:00 MDT",1785560400,1785603600,"2026-08-01 11:00:00",Smoke,0,Nil,27,,,,,SW,,15
"2026-07-31 23:00:00 MDT",1785560400,1785607200,"2026-08-01 12:00:00",Smoke,0,Nil,30,,,,,SW,,15
"2026-07-31 23:00:00 MDT",1785560400,1785610800,"2026-08-01 13:00:00",Smoke,0,Nil,31,,,,,S,50,30
"2026-07-31 23:00:00 MDT",1785560400,1785614400,"2026-08-01 14:00:00",Smoke,0,Nil,32,,,,,S,50,30
"2026-07-31 23:00:00 MDT",1785560400,1785618000,"2026-08-01 15:00:00",Smoke,0,Nil,33,,,,,S,50,30
"2026-07-31 23:00:00 MDT",1785560400,1785621600,"2026-08-01 16:00:00",Smoke,20,Low,32,,,,,S,50,30
"2026-07-31 23:00:00 MDT",1785560400,1785625200,"2026-08-01 17:00:00",Smoke,20,Low,32,,,,,S,50,30
"2026-07-31 23:00:00 MDT",1785560400,1785628800,"2026-08-01 18:00:00",Smoke,20,Low,31,,,,,S,50,30
"2026-07-31 23:00:00 MDT",1785560400,1785632400,"2026-08-01 19:00:00",Smoke,20,Low,29,,,,,S,50,30
"2026-07-31 23:00:00 MDT",1785560400,1785636000,"2026-08-01 20:00:00",Smoke,20,Low,27,,,,,S,50,30
"2026-07-31 23:00:00 MDT",1785560400,1785639600,"2026-08-01 21:00:00",Smoke,20,Low,25,,,,,S,50,30
"2026-07-31 23:00:00 MDT",1785560400,1785643200,"2026-08-01 22:00:00",Smoke,0,Nil,22,,,,,S,50,30
"2026-07-31 23:00:00 MDT",1785560400,1785646800,"2026-08-01 23:00:00",Smoke,0,Nil,20,,,,,S,50,30
"2026-07-31 23:00:00 MDT",1785560400,1785650400,"2026-08-02 00:00:00",Smoke,0,Nil,17,,,,,NW,50,30
"2026-07-31 23:00:00 MDT",1785560400,1785654000,"2026-08-02 01:00:00",Smoke,0,Nil,17,,,,,NW,50,30
"2026-07-31 23:00:00 MDT",1785560400,1785657600,"2026-08-02 02:00:00",Smoke,0,Nil,16,,,,,NW,50,30
"2026-07-31 23:00:00 MDT",1785560400,1785661200,"2026-08-02 03:00:00",Smoke,0,Nil,16,,,,,NW,50,30
"2026-07-31 23:00:00 MDT",1785560400,1785664800,"2026-08-02 04:00:00",Smoke,0,Nil,15,,,,,NW,50,30
"2026-07-31 23:00:00 MDT",1785560400,1785668400,"2026-08-02 05:00:00",Smoke,0,Nil,15,,,,,NW,50,30
"2026-07-31 23:00:00 MDT",1785560400,1785672000,"2026-08-02 06:00:00",Smoke,0,Nil,14,,,,,W,,30
"2026-07-31 23:00:00 MDT",1785560400,1785675600,"2026-08-02 07:00:00",Smoke,0,Nil,15,,,,,W,,30
"2026-07-31 23:00:00 MDT",1785560400,1785679200,"2026-08-02 08:00:00",Smoke,0,Nil,16,,,,,W,,30
"2026-07-31 23:00:00 MDT",1785560400,1785682800,"2026-08-02 09:00:00",Smoke,0,Nil,17,,,,,W,,30
"2026-07-31 23:00:00 MDT",1785560400,1785686400,"2026-08-02 10:00:00",Smoke,0,Nil,17,,,,,W,,30
"2026-07-31 10:00:00 MDT",1785513600,1785535200,"2026-07-31 16:00:00",Smoke,0,Nil,29,,,,,S,,15
"2026-07-31 10:00:00 MDT",1785513600,1785538800,"2026-07-31 17:00:00",Smoke,0,Nil,29,,,,,S,,15
"2026-07-31 10:00:00 MDT",1785513600,1785542400,"2026-07-31 18:00:00",Smoke,0,Nil,30,,,,,SE,,15
"2026-07-31 10:00:00 MDT",1785513600,1785546000,"2026-07-31 19:00:00",Smoke,0,Nil,28,,,,,SE,,15
"2026-07-31 10:00:00 MDT",1785513600,1785549600,"2026-07-31 20:00:00",Smoke,0,Nil,27,,,,,SE,,15
"2026-07-31 10:00:00 MDT",1785513600,1785553200,"2026-07-31 21:00:00",Smoke,0,Nil,25,,,,,SE,,15
"2026-07-31 10:00:00 MDT",1785513600,1785556800,"2026-07-31 22:00:00",Smoke,0,Nil,23,,,,,SE,,15
"2026-07-31 10:00:00 MDT",1785513600,1785560400,"2026-07-31 23:00:00",Smoke,0,Nil,22,,,,,SE,,15
"2026-07-31 10:00:00 MDT",1785513600,1785564000,"2026-08-01 00:00:00",Smoke,0,Nil,20,,,,,S,,15
"2026-07-31 10:00:00 MDT",1785513600,1785567600,"2026-08-01 01:00:00",Smoke,0,Nil,19,,,,,S,,15
"2026-07-31 10:00:00 MDT",1785513600,1785571200,"2026-08-01 02:00:00",Smoke,0,Nil,19,,,,,S,,15
"2026-07-31 10:00:00 MDT",1785513600,1785574800,"2026-08-01 03:00:00",Smoke,0,Nil,18,,,,,S,,15
"2026-07-31 10:00:00 MDT",1785513600,1785578400,"2026-08-01 04:00:00",Smoke,0,Nil,17,,,,,S,,15
"2026-07-31 10:00:00 MDT",1785513600,1785582000,"2026-08-01 05:00:00",Smoke,0,Nil,16,,,,,S,,15
"2026-07-31 10:00:00 MDT",1785513600,1785585600,"2026-08-01 06:00:00",Smoke,0,Nil,15,,,,,SW,,15
"2026-07-31 10:00:00 MDT",1785513600,1785589200,"2026-08-01 07:00:00",Smoke,0,Nil,17,,,,,SW,,15
"2026-07-31 10:00:00 MDT",1785513600,1785592800,"2026-08-01 08:00:00",Smoke,0,Nil,19,,,,,SW,,15
"2026-07-31 10:00:00 MDT",1785513600,1785596400,"2026-08-01 09:00:00",Smoke,0,Nil,21,,,,,SW,,15
"2026-07-31 10:00:00 MDT",1785513600,1785600000,"2026-08-01 10:00:00",Smoke,0,Nil,24,,,,,SW,,15
"2026-07-31 10:00:00 MDT",1785513600,1785603600,"2026-08-01 11:00:00",Smoke,0,Nil,26,,,,,SW,,15
"2026-07-31 10:00:00 MDT",1785513600,1785607200,"2026-08-01 12:00:00",Smoke,0,Nil,29,,,,,S,50,30
"2026-07-31 10:00:00 MDT",1785513600,1785610800,"2026-08-01 13:00:00",Smoke,0,Nil,30,,,,,S,50,30
"2026-07-31 10:00:00 MDT",1785513600,1785614400,"2026-08-01 14:00:00",Smoke,0,Nil,31,,,,,S,50,30
"2026-07-31 10:00:00 MDT",1785513600,1785618000,"2026-08-01 15:00:00",Smoke,0,Nil,32,,,,,S,50,30
"2026-07-31 10:00:00 MDT",1785513600,1785621600,"2026-08-01 16:00:00",Smoke,0,Nil,32,,,,,S,50,30
"2026-07-31 10:00:00 MDT",1785513600,1785625200,"2026-08-01 17:00:00",Smoke,0,Nil,33,,,,,S,50,30
"2026-07-31 10:00:00 MDT",1785513600,1785628800,"2026-08-01 18:00:00",Sunny,10,Low,33,,,,,SW,50,30
"2026-07-31 10:00:00 MDT",1785513600,1785632400,"2026-08-01 19:00:00",Sunny,10,Low,31,,,,,SW,50,30
"2026-07-31 10:00:00 MDT",1785513600,1785636000,"2026-08-01 20:00:00",Sunny,10,Low,28,,,,,SW,50,30
"2026-07-31 10:00:00 MDT",1785513600,1785639600,"2026-08-01 21:00:00",Clear,10,Low,26,,,,,SW,50,30
"2026-07-31 10:00:00 MDT",1785513600,1785643200,"2026-08-01 22:00:00",Clear,10,Low,24,,,,,SW,50,30
"2026-07-31 05:00:00 MDT",1785495600,1785517200,"2026-07-31 11:00:00","Mainly sunny",0,Nil,22,,,,,NW,,10
"2026-07-31 05:00:00 MDT",1785495600,1785520800,"2026-07-31 12:00:00",Sunny,0,Nil,24,,,,,S,,15
"2026-07-31 05:00:00 MDT",1785495600,1785524400,"2026-07-31 13:00:00",Sunny,0,Nil,26,,,,,S,,15
"2026-07-31 05:00:00 MDT",1785495600,1785528000,"2026-07-31 14:00:00",Sunny,0,Nil,27,,,,,S,,15
"2026-07-31 05:00:00 MDT",1785495600,1785531600,"2026-07-31 15:00:00",Sunny,0,Nil,29,,,,,S,,15
"2026-07-31 05:00:00 MDT",1785495600,1785535200,"2026-07-31 16:00:00",Sunny,0,Nil,29,,,,,S,,15
"2026-07-31 05:00:00 MDT",1785495600,1785538800,"2026-07-31 17:00:00",Sunny,0,Nil,30,,,,,S,,15
"2026-07-31 05:00:00 MDT",1785495600,1785542400,"2026-07-31 18:00:00",Sunny,0,Nil,30,,,,,SE,,15
"2026-07-31 05:00:00 MDT",1785495600,1785546000,"2026-07-31 19:00:00",Sunny,0,Nil,29,,,,,SE,,15
"2026-07-31 05:00:00 MDT",1785495600,1785549600,"2026-07-31 20:00:00",Sunny,0,Nil,28,,,,,SE,,15
"2026-07-31 05:00:00 MDT",1785495600,1785553200,"2026-07-31 21:00:00",Clear,0,Nil,27,,,,,SE,,15
"2026-07-31 05:00:00 MDT",1785495600,1785556800,"2026-07-31 22:00:00",Clear,0,Nil,25,,,,,SE,,15
"2026-07-31 05:00:00 MDT",1785495600,1785560400,"2026-07-31 23:00:00",Clear,0,Nil,24,,,,,SE,,15
"2026-07-31 05:00:00 MDT",1785495600,1785564000,"2026-08-01 00:00:00",Clear,0,Nil,22,,,,,S,,15
"2026-07-31 05:00:00 MDT",1785495600,1785567600,"2026-08-01 01:00:00",Clear,0,Nil,21,,,,,S,,15
"2026-07-31 05:00:00 MDT",1785495600,1785571200,"2026-08-01 02:00:00",Clear,0,Nil,19,,,,,S,,15
"2026-07-31 05:00:00 MDT",1785495600,1785574800,"2026-08-01 03:00:00",Clear,0,Nil,18,,,,,S,,15
"2026-07-31 05:00:00 MDT",1785495600,1785578400,"2026-08-01 04:00:00",Clear,0,Nil,17,,,,,S,,15
"2026-07-31 05:00:00 MDT",1785495600,1785582000,"2026-08-01 05:00:00",Clear,0,Nil,17,,,,,S,,15
"2026-07-31 05:00:00 MDT",1785495600,1785585600,"2026-08-01 06:00:00",Sunny,0,Nil,16,,,,,SW,,15
"2026-07-31 05:00:00 MDT",1785495600,1785589200,"2026-08-01 07:00:00",Sunny,0,Nil,17,,,,,SW,,15
"2026-07-31 05:00:00 MDT",1785495600,1785592800,"2026-08-01 08:00:00",Sunny,0,Nil,18,,,,,SW,,15
"2026-07-31 05:00:00 MDT",1785495600,1785596400,"2026-08-01 09:00:00",Sunny,0,Nil,19,,,,,SW,,15
"2026-07-31 05:00:00 MDT",1785495600,1785600000,"2026-08-01 10:00:00",Sunny,0,Nil,21,,,,,SW,,15
"2026-07-31 05:00:00 MDT",1785495600,1785603600,"2026-08-01 11:00:00",Sunny,0,Nil,23,,,,,SW,,15
"2026-07-31 05:00:00 MDT",1785495600,1785607200,"2026-08-01 12:00:00",Sunny,0,Nil,25,,,,,SW,,15
"2026-07-31 05:00:00 MDT",1785495600,1785610800,"2026-08-01 13:00:00",Sunny,0,Nil,27,,,,,SW,,15
"2026-07-31 05:00:00 MDT",1785495600,1785614400,"2026-08-01 14:00:00",Sunny,0,Nil,30,,,,,SW,,15
"2026-07-31 05:00:00 MDT",1785495600,1785618000,"2026-08-01 15:00:00",Sunny,0,Nil,32,,,,,SW,50,30
"2026-07-30 23:00:00 MDT",1785474000,1785495600,"2026-07-31 05:00:00","A few clouds",0,Nil,15,,,,,NW,,10
"2026-07-30 23:00:00 MDT",1785474000,1785499200,"2026-07-31 06:00:00","Mainly sunny",0,Nil,14,,,,,NW,,10
"2026-07-30 23:00:00 MDT",1785474000,1785502800,"2026-07-31 07:00:00","Mainly sunny",0,Nil,15,,,,,NW,,10
"2026-07-30 23:00:00 MDT",1785474000,1785506400,"2026-07-31 08:00:00","Mainly sunny",0,Nil,16,,,,,NW,,10
"2026-07-30 23:00:00 MDT",1785474000,1785510000,"2026-07-31 09:00:00","Mainly sunny",0,Nil,17,,,,,NW,,10
"2026-07-30 23:00:00 MDT",1785474000,1785513600,"2026-07-31 10:00:00","Mainly sunny",0,Nil,19,,,,,NW,,10
"2026-07-30 23:00:00 MDT",1785474000,1785517200,"2026-07-31 11:00:00","Mainly sunny",0,Nil,22,,,,,NW,,10
"2026-07-30 23:00:00 MDT",1785474000,1785520800,"2026-07-31 12:00:00",Sunny,0,Nil,24,,,,,S,,15
"2026-07-30 23:00:00 MDT",1785474000,1785524400,"2026-07-31 13:00:00",Sunny,0,Nil,26,,,,,S,,15
"2026-07-30 23:00:00 MDT",1785474000,1785528000,"2026-07-31 14:00:00",Sunny,0,Nil,27,,,,,S,,15
"2026-07-30 23:00:00 MDT",1785474000,1785531600,"2026-07-31 15:00:00",Sunny,0,Nil,29,,,,,S,,15
"2026-07-30 23:00:00 MDT",1785474000,1785535200,"2026-07-31 16:00:00",Sunny,0,Nil,29,,,,,S,,15
"2026-07-30 23:00:00 MDT",1785474000,1785538800,"2026-07-31 17:00:00",Sunny,0,Nil,30,,,,,S,,15
"2026-07-30 23:00:00 MDT",1785474000,1785542400,"2026-07-31 18:00:00",Sunny,0,Nil,30,,,,,SE,,15
"2026-07-30 23:00:00 MDT",1785474000,1785546000,"2026-07-31 19:00:00",Sunny,0,Nil,29,,,,,SE,,15
"2026-07-30 23:00:00 MDT",1785474000,1785549600,"2026-07-31 20:00:00",Sunny,0,Nil,28,,,,,SE,,15
"2026-07-30 23:00:00 MDT",1785474000,1785553200,"2026-07-31 21:00:00",Clear,0,Nil,27,,,,,SE,,15
"2026-07-30 23:00:00 MDT",1785474000,1785556800,"2026-07-31 22:00:00",Clear,0,Nil,25,,,,,SE,,15
"2026-07-30 23:00:00 MDT",1785474000,1785560400,"2026-07-31 23:00:00",Clear,0,Nil,24,,,,,SE,,15
"2026-07-30 23:00:00 MDT",1785474000,1785564000,"2026-08-01 00:00:00",Clear,0,Nil,22,,,,,S,,15
"2026-07-30 23:00:00 MDT",1785474000,1785567600,"2026-08-01 01:00:00",Clear,0,Nil,21,,,,,S,,15
"2026-07-30 23:00:00 MDT",1785474000,1785571200,"2026-08-01 02:00:00",Clear,0,Nil,19,,,,,S,,15
"2026-07-30 23:00:00 MDT",1785474000,1785574800,"2026-08-01 03:00:00",Clear,0,Nil,18,,,,,S,,15
"2026-07-30 23:00:00 MDT",1785474000,1785578400,"2026-08-01 04:00:00",Clear,0,Nil,17,,,,,S,,15
"2026-07-30 23:00:00 MDT",1785474000,1785582000,"2026-08-01 05:00:00",Clear,0,Nil,17,,,,,S,,15
"2026-07-30 23:00:00 MDT",1785474000,1785585600,"2026-08-01 06:00:00",Sunny,0,Nil,16,,,,,SW,,15
"2026-07-30 23:00:00 MDT",1785474000,1785589200,"2026-08-01 07:00:00",Sunny,0,Nil,17,,,,,SW,,15
"2026-07-30 23:00:00 MDT",1785474000,1785592800,"2026-08-01 08:00:00",Sunny,0,Nil,18,,,,,SW,,15
"2026-07-30 23:00:00 MDT",1785474000,1785596400,"2026-08-01 09:00:00",Sunny,0,Nil,19,,,,,SW,,15
"2026-07-30 23:00:00 MDT",1785474000,1785600000,"2026-08-01 10:00:00",Sunny,0,Nil,21,,,,,SW,,15
"2026-07-30 14:00:00 MDT",1785441600,1785466800,"2026-07-30 21:00:00",Clear,0,Nil,24,,,,,N,,15
"2026-07-30 14:00:00 MDT",1785441600,1785470400,"2026-07-30 22:00:00",Clear,0,Nil,22,,,,,N,,15
"2026-07-30 14:00:00 MDT",1785441600,1785474000,"2026-07-30 23:00:00",Clear,0,Nil,21,,,,,N,,15
"2026-07-30 14:00:00 MDT",1785441600,1785477600,"2026-07-31 00:00:00",Clear,0,Nil,19,,,,,N,,15
"2026-07-30 14:00:00 MDT",1785441600,1785481200,"2026-07-31 01:00:00",Clear,0,Nil,18,,,,,N,,15
"2026-07-30 14:00:00 MDT",1785441600,1785484800,"2026-07-31 02:00:00",Clear,0,Nil,17,,,,,N,,15
"2026-07-30 14:00:00 MDT",1785441600,1785488400,"2026-07-31 03:00:00",Clear,0,Nil,16,,,,,NW,,10
"2026-07-30 14:00:00 MDT",1785441600,1785492000,"2026-07-31 04:00:00",Clear,0,Nil,15,,,,,NW,,10
"2026-07-30 14:00:00 MDT",1785441600,1785495600,"2026-07-31 05:00:00",Clear,0,Nil,15,,,,,NW,,10
"2026-07-30 14:00:00 MDT",1785441600,1785499200,"2026-07-31 06:00:00",Sunny,0,Nil,14,,,,,NW,,10
"2026-07-30 14:00:00 MDT",1785441600,1785502800,"2026-07-31 07:00:00",Sunny,0,Nil,16,,,,,NW,,10
"2026-07-30 14:00:00 MDT",1785441600,1785506400,"2026-07-31 08:00:00",Sunny,0,Nil,18,,,,,NW,,10
"2026-07-30 14:00:00 MDT",1785441600,1785510000,"2026-07-31 09:00:00",Sunny,0,Nil,20,,,,,W,,15
"2026-07-30 14:00:00 MDT",1785441600,1785513600,"2026-07-31 10:00:00",Sunny,0,Nil,23,,,,,W,,15
"2026-07-30 14:00:00 MDT",1785441600,1785517200,"2026-07-31 11:00:00",Sunny,0,Nil,25,,,,,W,,15
"2026-07-30 14:00:00 MDT",1785441600,1785520800,"2026-07-31 12:00:00",Sunny,0,Nil,28,,,,,W,,15
"2026-07-30 14:00:00 MDT",1785441600,1785524400,"2026-07-31 13:00:00",Sunny,0,Nil,29,,,,,W,,15
"2026-07-30 14:00:00 MDT",1785441600,1785528000,"2026-07-31 14:00:00",Sunny,0,Nil,29,,,,,W,,15
"2026-07-30 14:00:00 MDT",1785441600,1785531600,"2026-07-31 15:00:00",Sunny,0,Nil,30,,,,,W,,15
"2026-07-30 14:00:00 MDT",1785441600,1785535200,"2026-07-31 16:00:00",Sunny,0,Nil,30,,,,,W,,15
"2026-07-30 14:00:00 MDT",1785441600,1785538800,"2026-07-31 17:00:00",Sunny,0,Nil,31,,,,,W,,15
"2026-07-30 14:00:00 MDT",1785441600,1785542400,"2026-07-31 18:00:00",Sunny,0,Nil,31,,,,,SE,,15
"2026-07-30 14:00:00 MDT",1785441600,1785546000,"2026-07-31 19:00:00",Sunny,0,Nil,30,,,,,SE,,15
"2026-07-30 14:00:00 MDT",1785441600,1785549600,"2026-07-31 20:00:00",Sunny,0,Nil,28,,,,,SE,,15
"2026-07-30 14:00:00 MDT",1785441600,1785553200,"2026-07-31 21:00:00",Clear,0,Nil,27,,,,,SE,,15
"2026-07-30 14:00:00 MDT",1785441600,1785556800,"2026-07-31 22:00:00",Clear,0,Nil,25,,,,,SE,,15
"2026-07-30 10:00:00 MDT",1785427200,1785448800,"2026-07-30 16:00:00","Mainly sunny",0,Nil,26,,,,,E,,15
"2026-07-30 10:00:00 MDT",1785427200,1785452400,"2026-07-30 17:00:00","Mainly sunny",0,Nil,27,,,,,E,,15
"2026-07-30 10:00:00 MDT",1785427200,1785456000,"2026-07-30 18:00:00","Mainly sunny",0,Nil,28,,,,,E,,15
"2026-07-30 10:00:00 MDT",1785427200,1785459600,"2026-07-30 19:00:00","Mainly sunny",0,Nil,27,,,,,E,,15
"2026-07-30 10:00:00 MDT",1785427200,1785463200,"2026-07-30 20:00:00","Mainly sunny",0,Nil,25,,,,,E,,15
"2026-07-30 10:00:00 MDT",1785427200,1785466800,"2026-07-30 21:00:00",Clear,0,Nil,24,,,,,N,,15
"2026-07-30 10:00:00 MDT",1785427200,1785470400,"2026-07-30 22:00:00",Clear,0,Nil,22,,,,,N,,15
"2026-07-30 10:00:00 MDT",1785427200,1785474000,"2026-07-30 23:00:00",Clear,0,Nil,21,,,,,N,,15
"2026-07-30 10:00:00 MDT",1785427200,1785477600,"2026-07-31 00:00:00",Clear,0,Nil,19,,,,,N,,15
"2026-07-30 10:00:00 MDT",1785427200,1785481200,"2026-07-31 01:00:00",Clear,0,Nil,18,,,,,N,,15
"2026-07-30 10:00:00 MDT",1785427200,1785484800,"2026-07-31 02:00:00",Clear,0,Nil,17,,,,,N,,15
"2026-07-30 10:00:00 MDT",1785427200,1785488400,"2026-07-31 03:00:00",Clear,0,Nil,16,,,,,NW,,10
"2026-07-30 10:00:00 MDT",1785427200,1785492000,"2026-07-31 04:00:00",Clear,0,Nil,15,,,,,NW,,10
"2026-07-30 10:00:00 MDT",1785427200,1785495600,"2026-07-31 05:00:00",Clear,0,Nil,15,,,,,NW,,10
"2026-07-30 10:00:00 MDT",1785427200,1785499200,"2026-07-31 06:00:00",Sunny,0,Nil,14,,,,,NW,,10
"2026-07-30 10:00:00 MDT",1785427200,1785502800,"2026-07-31 07:00:00",Sunny,0,Nil,16,,,,,NW,,10
"2026-07-30 10:00:00 MDT",1785427200,1785506400,"2026-07-31 08:00:00",Sunny,0,Nil,18,,,,,NW,,10
"2026-07-30 10:00:00 MDT",1785427200,1785510000,"2026-07-31 09:00:00",Sunny,0,Nil,20,,,,,W,,15
"2026-07-30 10:00:00 MDT",1785427200,1785513600,"2026-07-31 10:00:00",Sunny,0,Nil,23,,,,,W,,15
"2026-07-30 10:00:00 MDT",1785427200,1785517200,"2026-07-31 11:00:00",Sunny,0,Nil,25,,,,,W,,15
"2026-07-30 10:00:00 MDT",1785427200,1785520800,"2026-07-31 12:00:00",Sunny,0,Nil,28,,,,,W,,15
"2026-07-30 10:00:00 MDT",1785427200,1785524400,"2026-07-31 13:00:00",Sunny,0,Nil,29,,,,,W,,15
"2026-07-30 10:00:00 MDT",1785427200,1785528000,"2026-07-31 14:00:00",Sunny,0,Nil,29,,,,,W,,15
"2026-07-30 10:00:00 MDT",1785427200,1785531600,"2026-07-31 15:00:00",Sunny,0,Nil,30,,,,,W,,15
"2026-07-30 10:00:00 MDT",1785427200,1785535200,"2026-07-31 16:00:00",Sunny,0,Nil,30,,,,,W,,15
"2026-07-30 10:00:00 MDT",1785427200,1785538800,"2026-07-31 17:00:00",Sunny,0,Nil,31,,,,,W,,15
"2026-07-30 10:00:00 MDT",1785427200,1785542400,"2026-07-31 18:00:00",Sunny,0,Nil,31,,,,,SE,,15
"2026-07-30 10:00:00 MDT",1785427200,1785546000,"2026-07-31 19:00:00",Sunny,0,Nil,30,,,,,SE,,15
"2026-07-30 10:00:00 MDT",1785427200,1785549600,"2026-07-31 20:00:00",Sunny,0,Nil,28,,,,,SE,,15
"2026-07-30 05:00:00 MDT",1785409200,1785430800,"2026-07-30 11:00:00",Sunny,0,Nil,20,,,,,N,,15
"2026-07-30 05:00:00 MDT",1785409200,1785434400,"2026-07-30 12:00:00",Sunny,0,Nil,22,,,,,N,,15
"2026-07-30 05:00:00 MDT",1785409200,1785438000,"2026-07-30 13:00:00",Sunny,0,Nil,24,,,,,N,,15
"2026-07-30 05:00:00 MDT",1785409200,1785441600,"2026-07-30 14:00:00",Sunny,0,Nil,25,,,,,N,,15
"2026-07-30 05:00:00 MDT",1785409200,1785445200,"2026-07-30 15:00:00","Mainly sunny",0,Nil,27,,,,,E,,15
"2026-07-30 05:00:00 MDT",1785409200,1785448800,"2026-07-30 16:00:00","Mainly sunny",0,Nil,27,,,,,E,,15
"2026-07-30 05:00:00 MDT",1785409200,1785452400,"2026-07-30 17:00:00","Mainly sunny",0,Nil,28,,,,,E,,15
"2026-07-30 05:00:00 MDT",1785409200,1785456000,"2026-07-30 18:00:00","Mainly sunny",0,Nil,28,,,,,E,,15
"2026-07-30 05:00:00 MDT",1785409200,1785459600,"2026-07-30 19:00:00","Mainly sunny",0,Nil,27,,,,,E,,15
"2026-07-30 05:00:00 MDT",1785409200,1785463200,"2026-07-30 20:00:00","Mainly sunny",0,Nil,26,,,,,E,,15
"2026-07-30 05:00:00 MDT",1785409200,1785466800,"2026-07-30 21:00:00",Clear,0,Nil,25,,,,,N,,15
"2026-07-30 05:00:00 MDT",1785409200,1785470400,"2026-07-30 22:00:00",Clear,0,Nil,23,,,,,N,,15
"2026-07-30 05:00:00 MDT",1785409200,1785474000,"2026-07-30 23:00:00",Clear,0,Nil,21,,,,,N,,15
"2026-07-30 05:00:00 MDT",1785409200,1785477600,"2026-07-31 00:00:00",Clear,0,Nil,19,,,,,N,,15
"2026-07-30 05:00:00 MDT",1785409200,1785481200,"2026-07-31 01:00:00",Clear,0,Nil,19,,,,,N,,15
"2026-07-30 05:00:00 MDT",1785409200,1785484800,"2026-07-31 02:00:00",Clear,0,Nil,18,,,,,N,,15
"2026-07-30 05:00:00 MDT",1785409200,1785488400,"2026-07-31 03:00:00",Clear,0,Nil,18,,,,,NW,,10
"2026-07-30 05:00:00 MDT",1785409200,1785492000,"2026-07-31 04:00:00",Clear,0,Nil,17,,,,,NW,,10
"2026-07-30 05:00:00 MDT",1785409200,1785495600,"2026-07-31 05:00:00",Clear,0,Nil,16,,,,,NW,,10
"2026-07-30 05:00:00 MDT",1785409200,1785499200,"2026-07-31 06:00:00",Sunny,0,Nil,15,,,,,NW,,10
"2026-07-30 05:00:00 MDT",1785409200,1785502800,"2026-07-31 07:00:00",Sunny,0,Nil,17,,,,,NW,,10
"2026-07-30 05:00:00 MDT",1785409200,1785506400,"2026-07-31 08:00:00",Sunny,0,Nil,19,,,,,NW,,10
"2026-07-30 05:00:00 MDT",1785409200,1785510000,"2026-07-31 09:00:00",Sunny,0,Nil,21,,,,,W,,15
"2026-07-30 05:00:00 MDT",1785409200,1785513600,"2026-07-31 10:00:00",Sunny,0,Nil,23,,,,,W,,15
"2026-07-30 05:00:00 MDT",1785409200,1785517200,"2026-07-31 11:00:00",Sunny,0,Nil,26,,,,,W,,15
"2026-07-30 05:00:00 MDT",1785409200,1785520800,"2026-07-31 12:00:00",Sunny,0,Nil,28,,,,,W,,15
"2026-07-30 05:00:00 MDT",1785409200,1785524400,"2026-07-31 13:00:00",Sunny,0,Nil,29,,,,,W,,15
"2026-07-30 05:00:00 MDT",1785409200,1785528000,"2026-07-31 14:00:00",Sunny,0,Nil,29,,,,,W,,15
"2026-07-30 05:00:00 MDT",1785409200,1785531600,"2026-07-31 15:00:00",Sunny,0,Nil,30,,,,,W,,15
"2026-07-29 23:00:00 MDT",1785387600,1785409200,"2026-07-30 05:00:00","A few clouds",0,Nil,13,,,,,N,,15
"2026-07-29 23:00:00 MDT",1785387600,1785412800,"2026-07-30 06:00:00","Mainly sunny",0,Nil,12,,,,,N,,15
"2026-07-29 23:00:00 MDT",1785387600,1785416400,"2026-07-30 07:00:00","Mainly sunny",0,Nil,14,,,,,N,,15
"2026-07-29 23:00:00 MDT",1785387600,1785420000,"2026-07-30 08:00:00","Mainly sunny",0,Nil,15,,,,,N,,15
"2026-07-29 23:00:00 MDT",1785387600,1785423600,"2026-07-30 09:00:00",Sunny,0,Nil,17,,,,,N,,15
"2026-07-29 23:00:00 MDT",1785387600,1785427200,"2026-07-30 10:00:00",Sunny,0,Nil,19,,,,,N,,15
"2026-07-29 23:00:00 MDT",1785387600,1785430800,"2026-07-30 11:00:00",Sunny,0,Nil,20,,,,,N,,15
"2026-07-29 23:00:00 MDT",1785387600,1785434400,"2026-07-30 12:00:00",Sunny,0,Nil,22,,,,,N,,15
"2026-07-29 23:00:00 MDT",1785387600,1785438000,"2026-07-30 13:00:00",Sunny,0,Nil,24,,,,,N,,15
"2026-07-29 23:00:00 MDT",1785387600,1785441600,"2026-07-30 14:00:00",Sunny,0,Nil,25,,,,,N,,15
"2026-07-29 23:00:00 MDT",1785387600,1785445200,"2026-07-30 15:00:00","Mainly sunny",0,Nil,27,,,,,E,,15
"2026-07-29 23:00:00 MDT",1785387600,1785448800,"2026-07-30 16:00:00","Mainly sunny",0,Nil,27,,,,,E,,15
"2026-07-29 23:00:00 MDT",1785387600,1785452400,"2026-07-30 17:00:00","Mainly sunny",0,Nil,28,,,,,E,,15
"2026-07-29 23:00:00 MDT",1785387600,1785456000,"2026-07-30 18:00:00","Mainly sunny",0,Nil,28,,,,,E,,15
"2026-07-29 23:00:00 MDT",1785387600,1785459600,"2026-07-30 19:00:00","Mainly sunny",0,Nil,27,,,,,E,,15
"2026-07-29 23:00:00 MDT",1785387600,1785463200,"2026-07-30 20:00:00","Mainly sunny",0,Nil,26,,,,,E,,15
"2026-07-29 23:00:00 MDT",1785387600,1785466800,"2026-07-30 21:00:00",Clear,0,Nil,25,,,,,N,,15
"2026-07-29 23:00:00 MDT",1785387600,1785470400,"2026-07-30 22:00:00",Clear,0,Nil,23,,,,,N,,15
"2026-07-29 23:00:00 MDT",1785387600,1785474000,"2026-07-30 23:00:00",Clear,0,Nil,21,,,,,N,,15
"2026-07-29 23:00:00 MDT",1785387600,1785477600,"2026-07-31 00:00:00",Clear,0,Nil,19,,,,,N,,15
"2026-07-29 23:00:00 MDT",1785387600,1785481200,"2026-07-31 01:00:00",Clear,0,Nil,19,,,,,N,,15
"2026-07-29 23:00:00 MDT",1785387600,1785484800,"2026-07-31 02:00:00",Clear,0,Nil,18,,,,,N,,15
"2026-07-29 23:00:00 MDT",1785387600,1785488400,"2026-07-31 03:00:00",Clear,0,Nil,18,,,,,NW,,10
"2026-07-29 23:00:00 MDT",1785387600,1785492000,"2026-07-31 04:00:00",Clear,0,Nil,17,,,,,NW,,10
"2026-07-29 23:00:00 MDT",1785387600,1785495600,"2026-07-31 05:00:00",Clear,0,Nil,16,,,,,NW,,10
"2026-07-29 23:00:00 MDT",1785387600,1785499200,"2026-07-31 06:00:00",Sunny,0,Nil,15,,,,,NW,,10
"2026-07-29 23:00:00 MDT",1785387600,1785502800,"2026-07-31 07:00:00",Sunny,0,Nil,17,,,,,NW,,10
"2026-07-29 23:00:00 MDT",1785387600,1785506400,"2026-07-31 08:00:00",Sunny,0,Nil,19,,,,,NW,,10
"2026-07-29 23:00:00 MDT",1785387600,1785510000,"2026-07-31 09:00:00",Sunny,0,Nil,21,,,,,W,,15
"2026-07-29 23:00:00 MDT",1785387600,1785513600,"2026-07-31 10:00:00",Sunny,0,Nil,23,,,,,W,,15
"2026-07-29 10:00:00 MDT",1785340800,1785362400,"2026-07-29 16:00:00","Mainly sunny",0,Nil,26,,,,,SE,40,20
"2026-07-29 10:00:00 MDT",1785340800,1785366000,"2026-07-29 17:00:00","Mainly sunny",0,Nil,26,,,,,SE,40,20
"2026-07-29 10:00:00 MDT",1785340800,1785369600,"2026-07-29 18:00:00","Mainly sunny",0,Nil,27,,,,,SE,40,20
"2026-07-29 10:00:00 MDT",1785340800,1785373200,"2026-07-29 19:00:00","Mainly sunny",0,Nil,26,,,,,SE,40,20
"2026-07-29 10:00:00 MDT",1785340800,1785376800,"2026-07-29 20:00:00","Mainly sunny",0,Nil,24,,,,,SE,40,20
"2026-07-29 10:00:00 MDT",1785340800,1785380400,"2026-07-29 21:00:00","A few clouds",0,Nil,23,,,,,SE,40,20
"2026-07-29 10:00:00 MDT",1785340800,1785384000,"2026-07-29 22:00:00","A few clouds",0,Nil,21,,,,,SE,40,20
"2026-07-29 10:00:00 MDT",1785340800,1785387600,"2026-07-29 23:00:00","A few clouds",0,Nil,20,,,,,SE,40,20
"2026-07-29 10:00:00 MDT",1785340800,1785391200,"2026-07-30 00:00:00","A few clouds",0,Nil,18,,,,,N,,15
"2026-07-29 10:00:00 MDT",1785340800,1785394800,"2026-07-30 01:00:00","A few clouds",0,Nil,17,,,,,N,,15
"2026-07-29 10:00:00 MDT",1785340800,1785398400,"2026-07-30 02:00:00","A few clouds",0,Nil,16,,,,,N,,15
"2026-07-29 10:00:00 MDT",1785340800,1785402000,"2026-07-30 03:00:00","A few clouds",0,Nil,15,,,,,N,,15
"2026-07-29 10:00:00 MDT",1785340800,1785405600,"2026-07-30 04:00:00","A few clouds",0,Nil,14,,,,,N,,15
"2026-07-29 10:00:00 MDT",1785340800,1785409200,"2026-07-30 05:00:00","A few clouds",0,Nil,13,,,,,N,,15
"2026-07-29 10:00:00 MDT",1785340800,1785412800,"2026-07-30 06:00:00","Mainly sunny",0,Nil,12,,,,,N,,15
"2026-07-29 10:00:00 MDT",1785340800,1785416400,"2026-07-30 07:00:00","Mainly sunny",0,Nil,14,,,,,N,,15
"2026-07-29 10:00:00 MDT",1785340800,1785420000,"2026-07-30 08:00:00","Mainly sunny",0,Nil,15,,,,,N,,15
"2026-07-29 10:00:00 MDT",1785340800,1785423600,"2026-07-30 09:00:00","Mainly sunny",0,Nil,17,,,,,N,,15
"2026-07-29 10:00:00 MDT",1785340800,1785427200,"2026-07-30 10:00:00","Mainly sunny",0,Nil,19,,,,,N,,15
"2026-07-29 10:00:00 MDT",1785340800,1785430800,"2026-07-30 11:00:00","Mainly sunny",0,Nil,21,,,,,N,,15
"2026-07-29 10:00:00 MDT",1785340800,1785434400,"2026-07-30 12:00:00","Mainly sunny",0,Nil,23,,,,,N,,15
"2026-07-29 10:00:00 MDT",1785340800,1785438000,"2026-07-30 13:00:00","Mainly sunny",0,Nil,24,,,,,N,,15
"2026-07-29 10:00:00 MDT",1785340800,1785441600,"2026-07-30 14:00:00","Mainly sunny",0,Nil,26,,,,,N,,15
"2026-07-29 10:00:00 MDT",1785340800,1785445200,"2026-07-30 15:00:00","Mainly sunny",0,Nil,27,,,,,W,,15
"2026-07-29 10:00:00 MDT",1785340800,1785448800,"2026-07-30 16:00:00","Mainly sunny",0,Nil,27,,,,,W,,15
"2026-07-29 10:00:00 MDT",1785340800,1785452400,"2026-07-30 17:00:00","Mainly sunny",0,Nil,28,,,,,W,,15
"2026-07-29 10:00:00 MDT",1785340800,1785456000,"2026-07-30 18:00:00","Mainly sunny",0,Nil,28,,,,,W,,15
"2026-07-29 10:00:00 MDT",1785340800,1785459600,"2026-07-30 19:00:00","Mainly sunny",0,Nil,27,,,,,W,,15
"2026-07-29 10:00:00 MDT",1785340800,1785463200,"2026-07-30 20:00:00","Mainly sunny",0,Nil,26,,,,,W,,15
"2026-07-29 10:00:00 MDT",1785340800,1785466800,"2026-07-30 21:00:00","A few clouds",0,Nil,25,,,,,NW,,15
"2026-07-29 10:00:00 MDT",1785340800,1785470400,"2026-07-30 22:00:00","A few clouds",0,Nil,23,,,,,NW,,15
"2026-07-29 05:00:00 MDT",1785322800,1785344400,"2026-07-29 11:00:00","Mainly sunny",0,Nil,20,,,,,SE,,15
"2026-07-29 05:00:00 MDT",1785322800,1785348000,"2026-07-29 12:00:00","Mainly sunny",0,Nil,22,,,,,SE,,15
"2026-07-29 05:00:00 MDT",1785322800,1785351600,"2026-07-29 13:00:00","Mainly sunny",0,Nil,23,,,,,SE,,15
"2026-07-29 05:00:00 MDT",1785322800,1785355200,"2026-07-29 14:00:00","Mainly sunny",0,Nil,24,,,,,SE,,15
"2026-07-29 05:00:00 MDT",1785322800,1785358800,"2026-07-29 15:00:00","Mainly sunny",0,Nil,25,,,,,SE,,15
"2026-07-29 05:00:00 MDT",1785322800,1785362400,"2026-07-29 16:00:00","Mainly sunny",0,Nil,26,,,,,SE,,15
"2026-07-29 05:00:00 MDT",1785322800,1785366000,"2026-07-29 17:00:00","Mainly sunny",0,Nil,26,,,,,SE,,15
"2026-07-29 05:00:00 MDT",1785322800,1785369600,"2026-07-29 18:00:00","Mainly sunny",0,Nil,27,,,,,NE,,15
"2026-07-29 05:00:00 MDT",1785322800,1785373200,"2026-07-29 19:00:00","Mainly sunny",0,Nil,26,,,,,NE,,15
"2026-07-29 05:00:00 MDT",1785322800,1785376800,"2026-07-29 20:00:00","Mainly sunny",0,Nil,25,,,,,NE,,15
"2026-07-29 05:00:00 MDT",1785322800,1785380400,"2026-07-29 21:00:00","A few clouds",0,Nil,24,,,,,NE,,15
"2026-07-29 05:00:00 MDT",1785322800,1785384000,"2026-07-29 22:00:00","A few clouds",0,Nil,22,,,,,NE,,15
"2026-07-29 05:00:00 MDT",1785322800,1785387600,"2026-07-29 23:00:00","A few clouds",0,Nil,20,,,,,NE,,15
"2026-07-29 05:00:00 MDT",1785322800,1785391200,"2026-07-30 00:00:00","A few clouds",0,Nil,18,,,,,N,,15
"2026-07-29 05:00:00 MDT",1785322800,1785394800,"2026-07-30 01:00:00","A few clouds",0,Nil,17,,,,,N,,15
"2026-07-29 05:00:00 MDT",1785322800,1785398400,"2026-07-30 02:00:00","A few clouds",0,Nil,17,,,,,N,,15
"2026-07-29 05:00:00 MDT",1785322800,1785402000,"2026-07-30 03:00:00","A few clouds",0,Nil,16,,,,,N,,15
"2026-07-29 05:00:00 MDT",1785322800,1785405600,"2026-07-30 04:00:00","A few clouds",0,Nil,15,,,,,N,,15
"2026-07-29 05:00:00 MDT",1785322800,1785409200,"2026-07-30 05:00:00","A few clouds",0,Nil,14,,,,,N,,15
"2026-07-29 05:00:00 MDT",1785322800,1785412800,"2026-07-30 06:00:00","Mainly sunny",0,Nil,13,,,,,N,,15
"2026-07-29 05:00:00 MDT",1785322800,1785416400,"2026-07-30 07:00:00","Mainly sunny",0,Nil,14,,,,,N,,15
"2026-07-29 05:00:00 MDT",1785322800,1785420000,"2026-07-30 08:00:00","Mainly sunny",0,Nil,15,,,,,N,,15
"2026-07-29 05:00:00 MDT",1785322800,1785423600,"2026-07-30 09:00:00","Mainly sunny",0,Nil,16,,,,,N,,15
"2026-07-29 05:00:00 MDT",1785322800,1785427200,"2026-07-30 10:00:00","Mainly sunny",0,Nil,18,,,,,N,,15
"2026-07-29 05:00:00 MDT",1785322800,1785430800,"2026-07-30 11:00:00","Mainly sunny",0,Nil,20,,,,,N,,15
"2026-07-29 05:00:00 MDT",1785322800,1785434400,"2026-07-30 12:00:00","Mainly sunny",0,Nil,22,,,,,N,,15
"2026-07-29 05:00:00 MDT",1785322800,1785438000,"2026-07-30 13:00:00","Mainly sunny",0,Nil,24,,,,,N,,15
"2026-07-29 05:00:00 MDT",1785322800,1785441600,"2026-07-30 14:00:00","Mainly sunny",0,Nil,25,,,,,N,,15
"2026-07-29 05:00:00 MDT",1785322800,1785445200,"2026-07-30 15:00:00","Mainly sunny",0,Nil,27,,,,,SE,,15
"2026-07-28 23:00:00 MDT",1785301200,1785322800,"2026-07-29 05:00:00",Clear,0,Nil,14,,,,,N,,15
"2026-07-28 23:00:00 MDT",1785301200,1785326400,"2026-07-29 06:00:00",Sunny,0,Nil,14,,,,,N,,15
"2026-07-28 23:00:00 MDT",1785301200,1785330000,"2026-07-29 07:00:00",Sunny,0,Nil,15,,,,,N,,15
"2026-07-28 23:00:00 MDT",1785301200,1785333600,"2026-07-29 08:00:00",Sunny,0,Nil,16,,,,,N,,15
"2026-07-28 23:00:00 MDT",1785301200,1785337200,"2026-07-29 09:00:00","Mainly sunny",0,Nil,17,,,,,SE,,15
"2026-07-28 23:00:00 MDT",1785301200,1785340800,"2026-07-29 10:00:00","Mainly sunny",0,Nil,19,,,,,SE,,15
"2026-07-28 23:00:00 MDT",1785301200,1785344400,"2026-07-29 11:00:00","Mainly sunny",0,Nil,20,,,,,SE,,15
"2026-07-28 23:00:00 MDT",1785301200,1785348000,"2026-07-29 12:00:00","Mainly sunny",0,Nil,22,,,,,SE,,15
"2026-07-28 23:00:00 MDT",1785301200,1785351600,"2026-07-29 13:00:00","Mainly sunny",0,Nil,23,,,,,SE,,15
"2026-07-28 23:00:00 MDT",1785301200,1785355200,"2026-07-29 14:00:00","Mainly sunny",0,Nil,24,,,,,SE,,15
"2026-07-28 23:00:00 MDT",1785301200,1785358800,"2026-07-29 15:00:00","Mainly sunny",0,Nil,25,,,,,SE,,15
"2026-07-28 23:00:00 MDT",1785301200,1785362400,"2026-07-29 16:00:00","Mainly sunny",0,Nil,26,,,,,SE,,15
"2026-07-28 23:00:00 MDT",1785301200,1785366000,"2026-07-29 17:00:00","Mainly sunny",0,Nil,26,,,,,SE,,15
"2026-07-28 23:00:00 MDT",1785301200,1785369600,"2026-07-29 18:00:00","Mainly sunny",0,Nil,27,,,,,NE,,15
"2026-07-28 23:00:00 MDT",1785301200,1785373200,"2026-07-29 19:00:00","Mainly sunny",0,Nil,26,,,,,NE,,15
"2026-07-28 23:00:00 MDT",1785301200,1785376800,"2026-07-29 20:00:00","Mainly sunny",0,Nil,25,,,,,NE,,15
"2026-07-28 23:00:00 MDT",1785301200,1785380400,"2026-07-29 21:00:00","A few clouds",0,Nil,24,,,,,NE,,15
"2026-07-28 23:00:00 MDT",1785301200,1785384000,"2026-07-29 22:00:00","A few clouds",0,Nil,22,,,,,NE,,15
"2026-07-28 23:00:00 MDT",1785301200,1785387600,"2026-07-29 23:00:00","A few clouds",0,Nil,20,,,,,NE,,15
"2026-07-28 23:00:00 MDT",1785301200,1785391200,"2026-07-30 00:00:00","A few clouds",0,Nil,18,,,,,N,,15
"2026-07-28 23:00:00 MDT",1785301200,1785394800,"2026-07-30 01:00:00","A few clouds",0,Nil,17,,,,,N,,15
"2026-07-28 23:00:00 MDT",1785301200,1785398400,"2026-07-30 02:00:00","A few clouds",0,Nil,17,,,,,N,,15
"2026-07-28 23:00:00 MDT",1785301200,1785402000,"2026-07-30 03:00:00","A few clouds",0,Nil,16,,,,,N,,15
"2026-07-28 23:00:00 MDT",1785301200,1785405600,"2026-07-30 04:00:00","A few clouds",0,Nil,15,,,,,N,,15
"2026-07-28 23:00:00 MDT",1785301200,1785409200,"2026-07-30 05:00:00","A few clouds",0,Nil,14,,,,,N,,15
"2026-07-28 23:00:00 MDT",1785301200,1785412800,"2026-07-30 06:00:00","Mainly sunny",0,Nil,13,,,,,N,,15
"2026-07-28 23:00:00 MDT",1785301200,1785416400,"2026-07-30 07:00:00","Mainly sunny",0,Nil,14,,,,,N,,15
"2026-07-28 23:00:00 MDT",1785301200,1785420000,"2026-07-30 08:00:00","Mainly sunny",0,Nil,15,,,,,N,,15
"2026-07-28 23:00:00 MDT",1785301200,1785423600,"2026-07-30 09:00:00","Mainly sunny",0,Nil,16,,,,,N,,15
"2026-07-28 23:00:00 MDT",1785301200,1785427200,"2026-07-30 10:00:00","Mainly sunny",0,Nil,18,,,,,N,,15
"2026-07-28 10:00:00 MDT",1785254400,1785276000,"2026-07-28 16:00:00","Mainly sunny",0,Nil,28,,,,,SW,,20
"2026-07-28 10:00:00 MDT",1785254400,1785279600,"2026-07-28 17:00:00","Mainly sunny",0,Nil,29,,,,,SW,,20
"2026-07-28 10:00:00 MDT",1785254400,1785283200,"2026-07-28 18:00:00","Mainly sunny",0,Nil,30,,,,,SW,,20
"2026-07-28 10:00:00 MDT",1785254400,1785286800,"2026-07-28 19:00:00","Mainly sunny",0,Nil,28,,,,,SW,,20
"2026-07-28 10:00:00 MDT",1785254400,1785290400,"2026-07-28 20:00:00","Mainly sunny",0,Nil,27,,,,,N,,15
"2026-07-28 10:00:00 MDT",1785254400,1785294000,"2026-07-28 21:00:00","A few clouds",0,Nil,25,,,,,N,,15
"2026-07-28 10:00:00 MDT",1785254400,1785297600,"2026-07-28 22:00:00","A few clouds",0,Nil,23,,,,,N,,15
"2026-07-28 10:00:00 MDT",1785254400,1785301200,"2026-07-28 23:00:00","A few clouds",0,Nil,20,,,,,N,,15
"2026-07-28 10:00:00 MDT",1785254400,1785304800,"2026-07-29 00:00:00",Clear,0,Nil,18,,,,,N,,15
"2026-07-28 10:00:00 MDT",1785254400,1785308400,"2026-07-29 01:00:00",Clear,0,Nil,17,,,,,N,,15
"2026-07-28 10:00:00 MDT",1785254400,1785312000,"2026-07-29 02:00:00",Clear,0,Nil,17,,,,,N,,15
"2026-07-28 10:00:00 MDT",1785254400,1785315600,"2026-07-29 03:00:00",Clear,0,Nil,16,,,,,N,,15
"2026-07-28 10:00:00 MDT",1785254400,1785319200,"2026-07-29 04:00:00",Clear,0,Nil,15,,,,,N,,15
"2026-07-28 10:00:00 MDT",1785254400,1785322800,"2026-07-29 05:00:00",Clear,0,Nil,13,,,,,N,,15
"2026-07-28 10:00:00 MDT",1785254400,1785326400,"2026-07-29 06:00:00",Sunny,0,Nil,12,,,,,N,,15
"2026-07-28 10:00:00 MDT",1785254400,1785330000,"2026-07-29 07:00:00",Sunny,0,Nil,13,,,,,N,,15
"2026-07-28 10:00:00 MDT",1785254400,1785333600,"2026-07-29 08:00:00",Sunny,0,Nil,15,,,,,N,,15
"2026-07-28 10:00:00 MDT",1785254400,1785337200,"2026-07-29 09:00:00",Sunny,0,Nil,16,,,,,SE,,10
"2026-07-28 10:00:00 MDT",1785254400,1785340800,"2026-07-29 10:00:00",Sunny,0,Nil,18,,,,,SE,,10
"2026-07-28 10:00:00 MDT",1785254400,1785344400,"2026-07-29 11:00:00",Sunny,0,Nil,19,,,,,SE,,10
"2026-07-28 10:00:00 MDT",1785254400,1785348000,"2026-07-29 12:00:00",Sunny,0,Nil,21,,,,,SE,,10
"2026-07-28 10:00:00 MDT",1785254400,1785351600,"2026-07-29 13:00:00",Sunny,0,Nil,22,,,,,SE,,10
"2026-07-28 10:00:00 MDT",1785254400,1785355200,"2026-07-29 14:00:00",Sunny,0,Nil,24,,,,,SE,,10
"2026-07-28 10:00:00 MDT",1785254400,1785358800,"2026-07-29 15:00:00",Sunny,0,Nil,25,,,,,SE,,15
"2026-07-28 10:00:00 MDT",1785254400,1785362400,"2026-07-29 16:00:00",Sunny,0,Nil,26,,,,,SE,,15
"2026-07-28 10:00:00 MDT",1785254400,1785366000,"2026-07-29 17:00:00",Sunny,0,Nil,26,,,,,SE,,15
"2026-07-28 10:00:00 MDT",1785254400,1785369600,"2026-07-29 18:00:00",Sunny,0,Nil,27,,,,,SE,,15
"2026-07-28 10:00:00 MDT",1785254400,1785373200,"2026-07-29 19:00:00",Sunny,0,Nil,26,,,,,SE,,15
"2026-07-28 10:00:00 MDT",1785254400,1785376800,"2026-07-29 20:00:00",Sunny,0,Nil,24,,,,,SE,,15
"2026-07-28 10:00:00 MDT",1785254400,1785380400,"2026-07-29 21:00:00",Clear,0,Nil,23,,,,,SE,,15
"2026-07-28 10:00:00 MDT",1785254400,1785384000,"2026-07-29 22:00:00",Clear,0,Nil,21,,,,,N,,15
"2026-07-28 05:00:00 MDT",1785236400,1785258000,"2026-07-28 11:00:00",Sunny,0,Nil,19,,,,,VR,,5
"2026-07-28 05:00:00 MDT",1785236400,1785261600,"2026-07-28 12:00:00",Sunny,0,Nil,21,,,,,VR,,5
"2026-07-28 05:00:00 MDT",1785236400,1785265200,"2026-07-28 13:00:00",Sunny,0,Nil,23,,,,,SW,50,30
"2026-07-28 05:00:00 MDT",1785236400,1785268800,"2026-07-28 14:00:00","Mainly sunny",0,Nil,26,,,,,SW,50,30
"2026-07-28 05:00:00 MDT",1785236400,1785272400,"2026-07-28 15:00:00","Mainly sunny",0,Nil,28,,,,,SW,50,30
"2026-07-28 05:00:00 MDT",1785236400,1785276000,"2026-07-28 16:00:00","Mainly sunny",0,Nil,29,,,,,SW,50,30
"2026-07-28 05:00:00 MDT",1785236400,1785279600,"2026-07-28 17:00:00","Mainly sunny",0,Nil,29,,,,,SW,50,30
"2026-07-28 05:00:00 MDT",1785236400,1785283200,"2026-07-28 18:00:00","Mainly sunny",0,Nil,30,,,,,SW,50,30
"2026-07-28 05:00:00 MDT",1785236400,1785286800,"2026-07-28 19:00:00","Mainly sunny",0,Nil,28,,,,,SW,50,30
"2026-07-28 05:00:00 MDT",1785236400,1785290400,"2026-07-28 20:00:00","Mainly sunny",0,Nil,27,,,,,N,,15
"2026-07-28 05:00:00 MDT",1785236400,1785294000,"2026-07-28 21:00:00","A few clouds",0,Nil,25,,,,,N,,15
"2026-07-28 05:00:00 MDT",1785236400,1785297600,"2026-07-28 22:00:00","A few clouds",0,Nil,23,,,,,N,,15
"2026-07-28 05:00:00 MDT",1785236400,1785301200,"2026-07-28 23:00:00","A few clouds",0,Nil,20,,,,,N,,15
"2026-07-28 05:00:00 MDT",1785236400,1785304800,"2026-07-29 00:00:00",Clear,0,Nil,18,,,,,N,,15
"2026-07-28 05:00:00 MDT",1785236400,1785308400,"2026-07-29 01:00:00",Clear,0,Nil,17,,,,,N,,15
"2026-07-28 05:00:00 MDT",1785236400,1785312000,"2026-07-29 02:00:00",Clear,0,Nil,16,,,,,N,,15
"2026-07-28 05:00:00 MDT",1785236400,1785315600,"2026-07-29 03:00:00",Clear,0,Nil,15,,,,,N,,15
"2026-07-28 05:00:00 MDT",1785236400,1785319200,"2026-07-29 04:00:00",Clear,0,Nil,14,,,,,N,,15
"2026-07-28 05:00:00 MDT",1785236400,1785322800,"2026-07-29 05:00:00",Clear,0,Nil,13,,,,,N,,15
"2026-07-28 05:00:00 MDT",1785236400,1785326400,"2026-07-29 06:00:00",Sunny,0,Nil,12,,,,,N,,15
"2026-07-28 05:00:00 MDT",1785236400,1785330000,"2026-07-29 07:00:00",Sunny,0,Nil,14,,,,,N,,15
"2026-07-28 05:00:00 MDT",1785236400,1785333600,"2026-07-29 08:00:00",Sunny,0,Nil,15,,,,,N,,15
"2026-07-28 05:00:00 MDT",1785236400,1785337200,"2026-07-29 09:00:00",Sunny,0,Nil,17,,,,,SE,,10
"2026-07-28 05:00:00 MDT",1785236400,1785340800,"2026-07-29 10:00:00",Sunny,0,Nil,18,,,,,SE,,10
"2026-07-28 05:00:00 MDT",1785236400,1785344400,"2026-07-29 11:00:00",Sunny,0,Nil,20,,,,,SE,,10
"2026-07-28 05:00:00 MDT",1785236400,1785348000,"2026-07-29 12:00:00",Sunny,0,Nil,21,,,,,SE,,10
"2026-07-28 05:00:00 MDT",1785236400,1785351600,"2026-07-29 13:00:00",Sunny,0,Nil,22,,,,,SE,,10
"2026-07-28 05:00:00 MDT",1785236400,1785355200,"2026-07-29 14:00:00",Sunny,0,Nil,24,,,,,SE,,10
"2026-07-28 05:00:00 MDT",1785236400,1785358800,"2026-07-29 15:00:00",Sunny,0,Nil,25,,,,,SE,,10
"2026-07-27 23:00:00 MDT",1785214800,1785236400,"2026-07-28 05:00:00",Clear,0,Nil,11,,,,,NW,,15
"2026-07-27 23:00:00 MDT",1785214800,1785240000,"2026-07-28 06:00:00",Sunny,0,Nil,10,,,,,VR,,5
"2026-07-27 23:00:00 MDT",1785214800,1785243600,"2026-07-28 07:00:00",Sunny,0,Nil,12,,,,,VR,,5
"2026-07-27 23:00:00 MDT",1785214800,1785247200,"2026-07-28 08:00:00",Sunny,0,Nil,14,,,,,VR,,5
"2026-07-27 23:00:00 MDT",1785214800,1785250800,"2026-07-28 09:00:00",Sunny,0,Nil,16,,,,,VR,,5
"2026-07-27 23:00:00 MDT",1785214800,1785254400,"2026-07-28 10:00:00",Sunny,0,Nil,18,,,,,VR,,5
"2026-07-27 23:00:00 MDT",1785214800,1785258000,"2026-07-28 11:00:00",Sunny,0,Nil,21,,,,,VR,,5
"2026-07-27 23:00:00 MDT",1785214800,1785261600,"2026-07-28 12:00:00",Sunny,0,Nil,23,,,,,VR,,5
"2026-07-27 23:00:00 MDT",1785214800,1785265200,"2026-07-28 13:00:00",Sunny,0,Nil,25,,,,,SW,50,30
"2026-07-27 23:00:00 MDT",1785214800,1785268800,"2026-07-28 14:00:00","Mainly sunny",0,Nil,26,,,,,SW,50,30
"2026-07-27 23:00:00 MDT",1785214800,1785272400,"2026-07-28 15:00:00","Mainly sunny",0,Nil,28,,,,,SW,50,30
"2026-07-27 23:00:00 MDT",1785214800,1785276000,"2026-07-28 16:00:00","Mainly sunny",0,Nil,29,,,,,SW,50,30
"2026-07-27 23:00:00 MDT",1785214800,1785279600,"2026-07-28 17:00:00","Mainly sunny",0,Nil,29,,,,,SW,50,30
"2026-07-27 23:00:00 MDT",1785214800,1785283200,"2026-07-28 18:00:00","Mainly sunny",0,Nil,30,,,,,SW,50,30
"2026-07-27 23:00:00 MDT",1785214800,1785286800,"2026-07-28 19:00:00","Mainly sunny",0,Nil,28,,,,,SW,50,30
"2026-07-27 23:00:00 MDT",1785214800,1785290400,"2026-07-28 20:00:00","Mainly sunny",0,Nil,27,,,,,N,,15
"2026-07-27 23:00:00 MDT",1785214800,1785294000,"2026-07-28 21:00:00","A few clouds",0,Nil,25,,,,,N,,15
"2026-07-27 23:00:00 MDT",1785214800,1785297600,"2026-07-28 22:00:00","A few clouds",0,Nil,23,,,,,N,,15
"2026-07-27 23:00:00 MDT",1785214800,1785301200,"2026-07-28 23:00:00","A few clouds",0,Nil,20,,,,,N,,15
"2026-07-27 23:00:00 MDT",1785214800,1785304800,"2026-07-29 00:00:00",Clear,0,Nil,18,,,,,N,,15
"2026-07-27 23:00:00 MDT",1785214800,1785308400,"2026-07-29 01:00:00",Clear,0,Nil,17,,,,,N,,15
"2026-07-27 23:00:00 MDT",1785214800,1785312000,"2026-07-29 02:00:00",Clear,0,Nil,16,,,,,N,,15
"2026-07-27 23:00:00 MDT",1785214800,1785315600,"2026-07-29 03:00:00",Clear,0,Nil,15,,,,,N,,15
"2026-07-27 23:00:00 MDT",1785214800,1785319200,"2026-07-29 04:00:00",Clear,0,Nil,14,,,,,N,,15
"2026-07-27 23:00:00 MDT",1785214800,1785322800,"2026-07-29 05:00:00",Clear,0,Nil,13,,,,,N,,15
"2026-07-27 23:00:00 MDT",1785214800,1785326400,"2026-07-29 06:00:00",Sunny,0,Nil,12,,,,,N,,15
"2026-07-27 23:00:00 MDT",1785214800,1785330000,"2026-07-29 07:00:00",Sunny,0,Nil,14,,,,,N,,15
"2026-07-27 23:00:00 MDT",1785214800,1785333600,"2026-07-29 08:00:00",Sunny,0,Nil,15,,,,,N,,15
"2026-07-27 23:00:00 MDT",1785214800,1785337200,"2026-07-29 09:00:00",Sunny,0,Nil,17,,,,,SE,,10
"2026-07-27 23:00:00 MDT",1785214800,1785340800,"2026-07-29 10:00:00",Sunny,0,Nil,18,,,,,SE,,10
"2026-07-27 12:20:00 MDT",1785176400,1785200400,"2026-07-27 19:00:00","A mix of sun and cloud",20,Low,25,,,,,N,40,20
"2026-07-27 12:20:00 MDT",1785176400,1785204000,"2026-07-27 20:00:00","A mix of sun and cloud",20,Low,25,,,,,N,40,20
"2026-07-27 12:20:00 MDT",1785176400,1785207600,"2026-07-27 21:00:00",Sunny,0,Nil,24,,,,,N,40,20
"2026-07-27 12:20:00 MDT",1785176400,1785211200,"2026-07-27 22:00:00",Clear,0,Nil,23,,,,,NW,,15
"2026-07-27 12:20:00 MDT",1785176400,1785214800,"2026-07-27 23:00:00",Clear,0,Nil,21,,,,,NW,,15
"2026-07-27 12:20:00 MDT",1785176400,1785218400,"2026-07-28 00:00:00",Clear,0,Nil,20,,,,,NW,,15
"2026-07-27 12:20:00 MDT",1785176400,1785222000,"2026-07-28 01:00:00",Clear,0,Nil,19,,,,,NW,,15
"2026-07-27 12:20:00 MDT",1785176400,1785225600,"2026-07-28 02:00:00",Clear,0,Nil,17,,,,,NW,,15
"2026-07-27 12:20:00 MDT",1785176400,1785229200,"2026-07-28 03:00:00",Clear,0,Nil,16,,,,,NW,,15
"2026-07-27 12:20:00 MDT",1785176400,1785232800,"2026-07-28 04:00:00",Clear,0,Nil,15,,,,,NW,,15
"2026-07-27 12:20:00 MDT",1785176400,1785236400,"2026-07-28 05:00:00",Clear,0,Nil,14,,,,,NW,,15
"2026-07-27 12:20:00 MDT",1785176400,1785240000,"2026-07-28 06:00:00",Sunny,0,Nil,13,,,,,VR,,5
"2026-07-27 12:20:00 MDT",1785176400,1785243600,"2026-07-28 07:00:00",Sunny,0,Nil,14,,,,,VR,,5
"2026-07-27 12:20:00 MDT",1785176400,1785247200,"2026-07-28 08:00:00",Sunny,0,Nil,16,,,,,VR,,5
"2026-07-27 12:20:00 MDT",1785176400,1785250800,"2026-07-28 09:00:00",Sunny,0,Nil,17,,,,,VR,,5
"2026-07-27 12:20:00 MDT",1785176400,1785254400,"2026-07-28 10:00:00",Sunny,0,Nil,20,,,,,VR,,5
"2026-07-27 12:20:00 MDT",1785176400,1785258000,"2026-07-28 11:00:00",Sunny,0,Nil,22,,,,,VR,,5
"2026-07-27 12:20:00 MDT",1785176400,1785261600,"2026-07-28 12:00:00",Sunny,0,Nil,25,,,,,VR,,5
"2026-07-27 12:20:00 MDT",1785176400,1785265200,"2026-07-28 13:00:00",Sunny,0,Nil,26,,,,,SW,50,30
"2026-07-27 12:20:00 MDT",1785176400,1785268800,"2026-07-28 14:00:00",Sunny,0,Nil,27,,,,,SW,50,30
"2026-07-27 12:20:00 MDT",1785176400,1785272400,"2026-07-28 15:00:00",Sunny,0,Nil,28,,,,,SW,50,30
"2026-07-27 12:20:00 MDT",1785176400,1785276000,"2026-07-28 16:00:00",Sunny,0,Nil,29,,,,,SW,50,30
"2026-07-27 12:20:00 MDT",1785176400,1785279600,"2026-07-28 17:00:00",Sunny,0,Nil,29,,,,,SW,50,30
"2026-07-27 12:20:00 MDT",1785176400,1785283200,"2026-07-28 18:00:00",Sunny,0,Nil,30,,,,,SW,50,30
"2026-07-27 12:20:00 MDT",1785176400,1785286800,"2026-07-28 19:00:00",Sunny,0,Nil,28,,,,,SW,50,30
"2026-07-27 12:20:00 MDT",1785176400,1785290400,"2026-07-28 20:00:00",Sunny,0,Nil,27,,,,,N,,15
"2026-07-27 12:20:00 MDT",1785176400,1785294000,"2026-07-28 21:00:00",Clear,0,Nil,25,,,,,N,,15
"2026-07-27 12:20:00 MDT",1785176400,1785297600,"2026-07-28 22:00:00",Clear,0,Nil,22,,,,,N,,15
"2026-07-27 10:00:00 MDT",1785168000,1785189600,"2026-07-27 16:00:00","A mix of sun and cloud",20,Low,28,,,,,NW,,20
"2026-07-27 10:00:00 MDT",1785168000,1785193200,"2026-07-27 17:00:00","A mix of sun and cloud",20,Low,27,,,,,NW,,20
"2026-07-27 10:00:00 MDT",1785168000,1785196800,"2026-07-27 18:00:00","A mix of sun and cloud",20,Low,26,,,,,NW,,20
"2026-07-27 10:00:00 MDT",1785168000,1785200400,"2026-07-27 19:00:00","A mix of sun and cloud",20,Low,25,,,,,NW,,20
"2026-07-27 10:00:00 MDT",1785168000,1785204000,"2026-07-27 20:00:00","A mix of sun and cloud",20,Low,25,,,,,SW,,15
"2026-07-27 10:00:00 MDT",1785168000,1785207600,"2026-07-27 21:00:00",Sunny,0,Nil,24,,,,,SW,,15
"2026-07-27 10:00:00 MDT",1785168000,1785211200,"2026-07-27 22:00:00",Clear,0,Nil,23,,,,,SW,,15
"2026-07-27 10:00:00 MDT",1785168000,1785214800,"2026-07-27 23:00:00",Clear,0,Nil,21,,,,,SW,,15
"2026-07-27 10:00:00 MDT",1785168000,1785218400,"2026-07-28 00:00:00",Clear,0,Nil,20,,,,,NW,,15
"2026-07-27 10:00:00 MDT",1785168000,1785222000,"2026-07-28 01:00:00",Clear,0,Nil,19,,,,,NW,,15
"2026-07-27 10:00:00 MDT",1785168000,1785225600,"2026-07-28 02:00:00",Clear,0,Nil,17,,,,,NW,,15
"2026-07-27 10:00:00 MDT",1785168000,1785229200,"2026-07-28 03:00:00",Clear,0,Nil,16,,,,,NW,,15
"2026-07-27 10:00:00 MDT",1785168000,1785232800,"2026-07-28 04:00:00",Clear,0,Nil,15,,,,,NW,,15
"2026-07-27 10:00:00 MDT",1785168000,1785236400,"2026-07-28 05:00:00",Clear,0,Nil,14,,,,,NW,,15
"2026-07-27 10:00:00 MDT",1785168000,1785240000,"2026-07-28 06:00:00",Sunny,0,Nil,13,,,,,VR,,5
"2026-07-27 10:00:00 MDT",1785168000,1785243600,"2026-07-28 07:00:00",Sunny,0,Nil,14,,,,,VR,,5
"2026-07-27 10:00:00 MDT",1785168000,1785247200,"2026-07-28 08:00:00",Sunny,0,Nil,16,,,,,VR,,5
"2026-07-27 10:00:00 MDT",1785168000,1785250800,"2026-07-28 09:00:00",Sunny,0,Nil,17,,,,,VR,,5
"2026-07-27 10:00:00 MDT",1785168000,1785254400,"2026-07-28 10:00:00",Sunny,0,Nil,20,,,,,VR,,5
"2026-07-27 10:00:00 MDT",1785168000,1785258000,"2026-07-28 11:00:00",Sunny,0,Nil,22,,,,,VR,,5
"2026-07-27 10:00:00 MDT",1785168000,1785261600,"2026-07-28 12:00:00",Sunny,0,Nil,25,,,,,VR,,5
"2026-07-27 10:00:00 MDT",1785168000,1785265200,"2026-07-28 13:00:00",Sunny,0,Nil,26,,,,,SW,50,30
"2026-07-27 10:00:00 MDT",1785168000,1785268800,"2026-07-28 14:00:00",Sunny,0,Nil,27,,,,,SW,50,30
"2026-07-27 10:00:00 MDT",1785168000,1785272400,"2026-07-28 15:00:00",Sunny,0,Nil,28,,,,,SW,50,30
"2026-07-27 10:00:00 MDT",1785168000,1785276000,"2026-07-28 16:00:00",Sunny,0,Nil,29,,,,,SW,50,30
"2026-07-27 10:00:00 MDT",1785168000,1785279600,"2026-07-28 17:00:00",Sunny,0,Nil,29,,,,,SW,50,30
"2026-07-27 10:00:00 MDT",1785168000,1785283200,"2026-07-28 18:00:00",Sunny,0,Nil,30,,,,,SW,50,30
"2026-07-27 05:00:00 MDT",1785150000,1785171600,"2026-07-27 11:00:00","A mix of sun and cloud",0,Nil,23,,,,,W,40,20
"2026-07-27 05:00:00 MDT",1785150000,1785175200,"2026-07-27 12:00:00","A mix of sun and cloud",0,Nil,24,,,,,W,40,20
"2026-07-27 05:00:00 MDT",1785150000,1785178800,"2026-07-27 13:00:00","A mix of sun and cloud",0,Nil,25,,,,,W,40,20
"2026-07-27 05:00:00 MDT",1785150000,1785182400,"2026-07-27 14:00:00","A mix of sun and cloud",0,Nil,26,,,,,W,40,20
"2026-07-27 05:00:00 MDT",1785150000,1785186000,"2026-07-27 15:00:00","A mix of sun and cloud",20,Low,27,,,,,SW,40,20
"2026-07-27 05:00:00 MDT",1785150000,1785189600,"2026-07-27 16:00:00","A mix of sun and cloud",20,Low,27,,,,,SW,40,20
"2026-07-27 05:00:00 MDT",1785150000,1785193200,"2026-07-27 17:00:00","A mix of sun and cloud",20,Low,28,,,,,SW,40,20
"2026-07-27 05:00:00 MDT",1785150000,1785196800,"2026-07-27 18:00:00","A mix of sun and cloud",20,Low,28,,,,,SW,40,20
"2026-07-27 05:00:00 MDT",1785150000,1785200400,"2026-07-27 19:00:00","A mix of sun and cloud",20,Low,27,,,,,SW,40,20
"2026-07-27 05:00:00 MDT",1785150000,1785204000,"2026-07-27 20:00:00","A mix of sun and cloud",20,Low,25,,,,,SW,,15
"2026-07-27 05:00:00 MDT",1785150000,1785207600,"2026-07-27 21:00:00",Sunny,0,Nil,24,,,,,SW,,15
"2026-07-27 05:00:00 MDT",1785150000,1785211200,"2026-07-27 22:00:00",Clear,0,Nil,22,,,,,SW,,15
"2026-07-27 05:00:00 MDT",1785150000,1785214800,"2026-07-27 23:00:00",Clear,0,Nil,20,,,,,SW,,15
"2026-07-27 05:00:00 MDT",1785150000,1785218400,"2026-07-28 00:00:00",Clear,0,Nil,18,,,,,NW,,15
"2026-07-27 05:00:00 MDT",1785150000,1785222000,"2026-07-28 01:00:00",Clear,0,Nil,17,,,,,NW,,15
"2026-07-27 05:00:00 MDT",1785150000,1785225600,"2026-07-28 02:00:00",Clear,0,Nil,17,,,,,NW,,15
"2026-07-27 05:00:00 MDT",1785150000,1785229200,"2026-07-28 03:00:00",Clear,0,Nil,16,,,,,NW,,15
"2026-07-27 05:00:00 MDT",1785150000,1785232800,"2026-07-28 04:00:00",Clear,0,Nil,15,,,,,NW,,15
"2026-07-27 05:00:00 MDT",1785150000,1785236400,"2026-07-28 05:00:00",Clear,0,Nil,14,,,,,NW,,15
"2026-07-27 05:00:00 MDT",1785150000,1785240000,"2026-07-28 06:00:00",Sunny,0,Nil,13,,,,,VR,,5
"2026-07-27 05:00:00 MDT",1785150000,1785243600,"2026-07-28 07:00:00",Sunny,0,Nil,15,,,,,VR,,5
"2026-07-27 05:00:00 MDT",1785150000,1785247200,"2026-07-28 08:00:00",Sunny,0,Nil,17,,,,,VR,,5
"2026-07-27 05:00:00 MDT",1785150000,1785250800,"2026-07-28 09:00:00",Sunny,0,Nil,19,,,,,VR,,5
"2026-07-27 05:00:00 MDT",1785150000,1785254400,"2026-07-28 10:00:00",Sunny,0,Nil,21,,,,,VR,,5
"2026-07-27 05:00:00 MDT",1785150000,1785258000,"2026-07-28 11:00:00",Sunny,0,Nil,24,,,,,VR,,5
"2026-07-27 05:00:00 MDT",1785150000,1785261600,"2026-07-28 12:00:00",Sunny,0,Nil,26,,,,,S,,15
