Longitude (x),Latitude (y),Station Name,Climate ID,Date/Time (LST),Year,Month,Day,Time (LST),Flag,Temp (°C),Temp Flag,Dew Point Temp (°C),Dew Point Temp Flag,Rel Hum (%),Rel Hum Flag,Precip. Amount (mm),Precip. Amount Flag,Wind Dir (10s deg),Wind Dir Flag,Wind Spd (km/h),Wind Spd Flag,Visibility (km),Visibility Flag,Stn Press (kPa),Stn Press Flag,Hmdx,Hmdx Flag,Wind Chill,Wind Chill Flag,Weather,COP,Q_heat_kW,Q_cool_kW,HP_load_kWh_per_unit,AC_load_kWh_per_unit,Total_HP_AC_load_kWh_per_unit,source_file
-114.01,51.12,CALGARY INTL A,3031092,2026-06-01 00:00,2026,6,1,00:00,,4.6,,2.1,,84.0,,,,33.0,,48.0,,11.3,,89.49,,,,,,Rain,13.62850467289721,1.675,0.0,0.15363020744042502,0.0,0.15363020744042502,en_climate_hourly_AB_3031092_06-2026_P1H.csv
-114.01,51.12,CALGARY INTL A,3031092,2026-06-01 01:00,2026,6,1,01:00,,4.4,,2.2,,86.0,,,,32.0,,38.0,,11.3,,89.45,,,,,,Rain,13.502314814814799,1.7,0.0,0.15738042173838523,0.0,0.15738042173838523,en_climate_hourly_AB_3031092_06-2026_P1H.csv
-114.01,51.12,CALGARY INTL A,3031092,2026-06-01 02:00,2026,6,1,02:00,,4.3,,2.5,,88.0,,,,32.0,,43.0,,8.1,,89.44,,,,,,"Rain,Fog",13.440092165898623,1.7125,0.0,0.15927160123435619,0.0,0.15927160123435619,en_climate_hourly_AB_3031092_06-2026_P1H.csv
-114.01,51.12,CALGARY INTL A,3031092,2026-06-01 03:00,2026,6,1,03:00,,4.6,,2.6,,87.0,,,,33.0,,45.0,,6.4,,89.35,,,,,,"Moderate Rain,Fog",13.62850467289721,1.675,0.0,0.15363020744042502,0.0,0.15363020744042502,en_climate_hourly_AB_3031092_06-2026_P1H.csv
-114.01,51.12,CALGARY INTL A,3031092,2026-06-01 04:00,2026,6,1,04:00,,4.3,,2.6,,88.0,,,,32.0,,51.0,,8.1,,89.32,,,,,,"Moderate Rain,Fog",13.440092165898623,1.7125,0.0,0.15927160123435619,0.0,0.15927160123435619,en_climate_hourly_AB_3031092_06-2026_P1H.csv
-114.01,51.12,CALGARY INTL A,3031092,2026-06-01 05:00,2026,6,1,05:00,,4.7,,2.8,,88.0,,,,33.0,,43.0,,9.7,,89.31,,,,,,"Rain,Fog",13.69248826291079,1.6625,0.0,0.1517711726384366,0.0,0.1517711726384366,en_climate_hourly_AB_3031092_06-2026_P1H.csv
-114.01,51.12,CALGARY INTL A,3031092,2026-06-01 06:00,2026,6,1,06:00,,5.4,,3.6,,88.0,,,,33.0,,46.0,,8.1,,89.29,,,,,,"Rain,Fog",14.157766990291245,1.575,0.0,0.13905794616835265,0.0,0.13905794616835265,en_climate_hourly_AB_3031092_06-2026_P1H.csv
-114.01,51.12,CALGARY INTL A,3031092,2026-06-01 07:00,2026,6,1,07:00,,6.3,,4.3,,87.0,,,,33.0,,54.0,,14.5,,89.27,,,,,,Rain,14.80456852791879,1.4625,0.0,0.12348384193382471,0.0,0.12348384193382471,en_climate_hourly_AB_3031092_06-2026_P1H.csv
-114.01,51.12,CALGARY INTL A,3031092,2026-06-01 08:00,2026,6,1,08:00,,6.8,,5.0,,88.0,,,,34.0,,57.0,,11.3,,89.28,,,,,,Rain,15.190104166666675,1.4,0.0,0.11520658323332754,0.0,0.11520658323332754,en_climate_hourly_AB_3031092_06-2026_P1H.csv
-114.01,51.12,CALGARY INTL A,3031092,2026-06-01 09:00,2026,6,1,09:00,,7.0,,5.0,,87.0,,,,33.0,,45.0,,12.9,,89.31,,,,,,Rain,15.35,1.375,0.0,0.11197068403908794,0.0,0.11197068403908794,en_climate_hourly_AB_3031092_06-2026_P1H.csv
-114.01,51.12,CALGARY INTL A,3031092,2026-06-01 10:00,2026,6,1,10:00,,7.3,,5.6,,89.0,,,,34.0,,44.0,,8.1,,89.35,,,,,,"Rain,Fog",15.596256684491987,1.3375,0.0,0.10719719698268466,0.0,0.10719719698268466,en_climate_hourly_AB_3031092_06-2026_P1H.csv
-114.01,51.12,CALGARY INTL A,3031092,2026-06-01 11:00,2026,6,1,11:00,,7.2,,5.4,,88.0,,,,34.0,,41.0,,9.7,,89.44,,,,,,"Rain,Fog",15.513297872340415,1.35,0.0,0.10877764443682504,0.0,0.10877764443682504,en_climate_hourly_AB_3031092_06-2026_P1H.csv
-114.01,51.12,CALGARY INTL A,3031092,2026-06-01 12:00,2026,6,1,12:00,,6.9,,5.0,,87.0,,,,34.0,,50.0,,9.7,,89.45,,,,,,"Rain,Fog",15.269633507853383,1.3875,0.0,0.11358327618721084,0.0,0.11358327618721084,en_climate_hourly_AB_3031092_06-2026_P1H.csv
-114.01,51.12,CALGARY INTL A,3031092,2026-06-01 13:00,2026,6,1,13:00,,6.7,,4.8,,87.0,,,,34.0,,51.0,,12.9,,89.55,,,,,,Rain,15.11139896373056,1.4125,0.0,0.1168406051774388,0.0,0.1168406051774388,en_climate_hourly_AB_3031092_06-2026_P1H.csv
-114.01,51.12,CALGARY INTL A,3031092,2026-06-01 14:00,2026,6,1,14:00,,6.8,,4.7,,87.0,,,,34.0,,46.0,,14.5,,89.58,,,,,,Rain,15.190104166666675,1.4,0.0,0.11520658323332754,0.0,0.11520658323332754,en_climate_hourly_AB_3031092_06-2026_P1H.csv
-114.01,51.12,CALGARY INTL A,3031092,2026-06-01 15:00,2026,6,1,15:00,,6.6,,4.8,,88.0,,,,34.0,,49.0,,12.9,,89.56,,,,,,Rain,15.033505154639192,1.425,0.0,0.11848534201954383,0.0,0.11848534201954383,en_climate_hourly_AB_3031092_06-2026_P1H.csv
-114.01,51.12,CALGARY INTL A,3031092,2026-06-01 16:00,2026,6,1,16:00,,7.0,,4.9,,86.0,,,,33.0,,49.0,,16.1,,89.54,,,,,,Rain,15.35,1.375,0.0,0.11197068403908794,0.0,0.11197068403908794,en_climate_hourly_AB_3031092_06-2026_P1H.csv
-114.01,51.12,CALGARY INTL A,3031092,2026-06-01 17:00,2026,6,1,17:00,,7.1,,5.3,,88.0,,,,34.0,,42.0,,11.3,,89.56,,,,,,Rain,15.431216931216948,1.3625,0.0,0.11036880678895925,0.0,0.11036880678895925,en_climate_hourly_AB_3031092_06-2026_P1H.csv
-114.01,51.12,CALGARY INTL A,3031092,2026-06-01 18:00,2026,6,1,18:00,,7.3,,5.6,,89.0,,,,34.0,,39.0,,9.7,,89.58,,,,,,"Rain,Fog",15.596256684491987,1.3375,0.0,0.10719719698268466,0.0,0.10719719698268466,en_climate_hourly_AB_3031092_06-2026_P1H.csv
-114.01,51.12,CALGARY INTL A,3031092,2026-06-01 19:00,2026,6,1,19:00,,7.2,,5.5,,89.0,,,,33.0,,44.0,,8.1,,89.61,,,,,,"Rain,Fog",15.513297872340415,1.35,0.0,0.10877764443682504,0.0,0.10877764443682504,en_climate_hourly_AB_3031092_06-2026_P1H.csv
-114.01,51.12,CALGARY INTL A,3031092,2026-06-01 20:00,2026,6,1,20:00,,7.2,,5.4,,89.0,,,,33.0,,41.0,,8.1,,89.6,,,,,,"Rain,Fog",15.513297872340415,1.35,0.0,0.10877764443682504,0.0,0.10877764443682504,en_climate_hourly_AB_3031092_06-2026_P1H.csv
-114.01,51.12,CALGARY INTL A,3031092,2026-06-01 21:00,2026,6,1,21:00,,7.1,,5.4,,89.0,,,,33.0,,40.0,,6.4,,89.57,,,,,,"Rain,Fog",15.431216931216948,1.3625,0.0,0.11036880678895925,0.0,0.11036880678895925,en_climate_hourly_AB_3031092_06-2026_P1H.csv
-114.01,51.12,CALGARY INTL A,3031092,2026-06-01 22:00,2026,6,1,22:00,,7.1,,5.4,,89.0,,,,33.0,,39.0,,6.4,,89.63,,,,,,"Rain,Fog",15.431216931216948,1.3625,0.0,0.11036880678895925,0.0,0.11036880678895925,en_climate_hourly_AB_3031092_06-2026_P1H.csv
-114.01,51.12,CALGARY INTL A,3031092,2026-06-01 23:00,2026,6,1,23:00,,7.3,,5.6,,89.0,,,,33.0,,40.0,,8.1,,89.57,,,,,,"Rain,Fog",15.596256684491987,1.3375,0.0,0.10719719698268466,0.0,0.10719719698268466,en_climate_hourly_AB_3031092_06-2026_P1H.csv
-114.01,51.12,CALGARY INTL A,3031092,2026-06-02 00:00,2026,6,2,00:00,,7.2,,5.6,,89.0,,,,33.0,,39.0,,9.7,,89.54,,,,,,"Rain,Fog",15.513297872340415,1.35,0.0,0.10877764443682504,0.0,0.10877764443682504,en_climate_hourly_AB_3031092_06-2026_P1H.csv
-114.01,51.12,CALGARY INTL A,3031092,2026-06-02 01:00,2026,6,2,01:00,,7.1,,5.6,,90.0,,,,33.0,,42.0,,6.4,,89.51,,,,,,"Rain,Fog",15.431216931216948,1.3625,0.0,0.11036880678895925,0.0,0.11036880678895925,en_climate_hourly_AB_3031092_06-2026_P1H.csv
-114.01,51.12,CALGARY INTL A,3031092,2026-06-02 02:00,2026,6,2,02:00,,7.2,,5.4,,89.0,,,,34.0,,34.0,,8.1,,89.48,,,,,,"Rain,Fog",15.513297872340415,1.35,0.0,0.10877764443682504,0.0,0.10877764443682504,en_climate_hourly_AB_3031092_06-2026_P1H.csv
-114.01,51.12,CALGARY INTL A,3031092,2026-06-02 03:00,2026,6,2,03:00,,7.3,,5.4,,87.0,,,,34.0,,39.0,,16.1,,89.45,,,,,,,15.596256684491987,1.3375,0.0,0.10719719698268466,0.0,0.10719719698268466,en_climate_hourly_AB_3031092_06-2026_P1H.csv
-114.01,51.12,CALGARY INTL A,3031092,2026-06-02 04:00,2026,6,2,04:00,,7.2,,5.2,,87.0,,,,34.0,,44.0,,12.9,,89.4,,,,,,Rain,15.513297872340415,1.35,0.0,0.10877764443682504,0.0,0.10877764443682504,en_climate_hourly_AB_3031092_06-2026_P1H.csv
-114.01,51.12,CALGARY INTL A,3031092,2026-06-02 05:00,2026,6,2,05:00,,7.2,,5.1,,86.0,,,,34.0,,43.0,,6.4,,89.47,,,,,,"Rain,Fog",15.513297872340415,1.35,0.0,0.10877764443682504,0.0,0.10877764443682504,en_climate_hourly_AB_3031092_06-2026_P1H.csv
-114.01,51.12,CALGARY INTL A,3031092,2026-06-02 06:00,2026,6,2,06:00,,7.0,,5.7,,91.0,,,,34.0,,39.0,,8.1,,89.44,,,,,,"Rain,Fog",15.35,1.375,0.0,0.11197068403908794,0.0,0.11197068403908794,en_climate_hourly_AB_3031092_06-2026_P1H.csv
-114.01,51.12,CALGARY INTL A,3031092,2026-06-02 07:00,2026,6,2,07:00,,7.2,,5.7,,90.0,,,,34.0,,35.0,,9.7,,89.47,,,,,,"Rain,Fog",15.513297872340415,1.35,0.0,0.10877764443682504,0.0,0.10877764443682504,en_climate_hourly_AB_3031092_06-2026_P1H.csv
-114.01,51.12,CALGARY INTL A,3031092,2026-06-02 08:00,2026,6,2,08:00,,7.7,,5.5,,86.0,,,,35.0,,33.0,,24.1,,89.5,,,,,,Rain,15.937158469945343,1.2875,0.0,0.10098255614606556,0.0,0.10098255614606556,en_climate_hourly_AB_3031092_06-2026_P1H.csv
-114.01,51.12,CALGARY INTL A,3031092,2026-06-02 09:00,2026,6,2,09:00,,7.7,,5.5,,86.0,,,,34.0,,39.0,,19.3,,89.51,,,,,,Rain,15.937158469945343,1.2875,0.0,0.10098255614606556,0.0,0.10098255614606556,en_climate_hourly_AB_3031092_06-2026_P1H.csv
-114.01,51.12,CALGARY INTL A,3031092,2026-06-02 10:00,2026,6,2,10:00,,7.9,,5.9,,87.0,,,,35.0,,39.0,,19.3,,89.52,,,,,,Rain,16.113259668508267,1.2625,0.0,0.09793952511572102,0.0,0.09793952511572102,en_climate_hourly_AB_3031092_06-2026_P1H.csv
-114.01,51.12,CALGARY INTL A,3031092,2026-06-02 11:00,2026,6,2,11:00,,8.3,,5.6,,83.0,,,,35.0,,40.0,,24.1,,89.52,,,,,,Rain,16.477401129943512,1.2125,0.0,0.0919820418309617,0.0,0.0919820418309617,en_climate_hourly_AB_3031092_06-2026_P1H.csv
-114.01,51.12,CALGARY INTL A,3031092,2026-06-02 12:00,2026,6,2,12:00,,8.3,,5.8,,84.0,,,,35.0,,40.0,,24.1,,89.53,,,,,,Rain,16.477401129943512,1.2125,0.0,0.0919820418309617,0.0,0.0919820418309617,en_climate_hourly_AB_3031092_06-2026_P1H.csv
-114.01,51.12,CALGARY INTL A,3031092,2026-06-02 13:00,2026,6,2,13:00,,8.3,,6.4,,88.0,,,,35.0,,29.0,,19.3,,89.55,,,,,,Rain,16.477401129943512,1.2125,0.0,0.0919820418309617,0.0,0.0919820418309617,en_climate_hourly_AB_3031092_06-2026_P1H.csv
-114.01,51.12,CALGARY INTL A,3031092,2026-06-02 14:00,2026,6,2,14:00,,8.3,,6.3,,87.0,,,,35.0,,39.0,,19.3,,89.57,,,,,,Rain,16.477401129943512,1.2125,0.0,0.0919820418309617,0.0,0.0919820418309617,en_climate_hourly_AB_3031092_06-2026_P1H.csv
-114.01,51.12,CALGARY INTL A,3031092,2026-06-02 15:00,2026,6,2,15:00,,8.1,,6.5,,90.0,,,,36.0,,31.0,,14.5,,89.59,,,,,,Rain,16.293296089385493,1.2375,0.0,0.09493935367735289,0.0,0.09493935367735289,en_climate_hourly_AB_3031092_06-2026_P1H.csv
-114.01,51.12,CALGARY INTL A,3031092,2026-06-02 16:00,2026,6,2,16:00,,8.2,,6.9,,91.0,,,,36.0,,36.0,,11.3,,89.62,,,,,,Rain,16.384831460674146,1.225,0.0,0.09345534030516035,0.0,0.09345534030516035,en_climate_hourly_AB_3031092_06-2026_P1H.csv
-114.01,51.12,CALGARY INTL A,3031092,2026-06-02 17:00,2026,6,2,17:00,,8.1,,6.7,,91.0,,,,1.0,,30.0,,19.3,,89.67,,,,,,Rain,16.293296089385493,1.2375,0.0,0.09493935367735289,0.0,0.09493935367735289,en_climate_hourly_AB_3031092_06-2026_P1H.csv
-114.01,51.12,CALGARY INTL A,3031092,2026-06-02 18:00,2026,6,2,18:00,,7.9,,6.8,,93.0,,,,35.0,,28.0,,8.1,,89.67,,,,,,"Rain,Fog",16.113259668508267,1.2625,0.0,0.09793952511572102,0.0,0.09793952511572102,en_climate_hourly_AB_3031092_06-2026_P1H.csv
-114.01,51.12,CALGARY INTL A,3031092,2026-06-02 19:00,2026,6,2,19:00,,8.2,,6.7,,90.0,,,,34.0,,23.0,,16.1,,89.67,,,,,,,16.384831460674146,1.225,0.0,0.09345534030516035,0.0,0.09345534030516035,en_climate_hourly_AB_3031092_06-2026_P1H.csv
-114.01,51.12,CALGARY INTL A,3031092,2026-06-02 20:00,2026,6,2,20:00,,7.7,,6.3,,91.0,,,,35.0,,25.0,,11.3,,89.67,,,,,,Rain,15.937158469945343,1.2875,0.0,0.10098255614606556,0.0,0.10098255614606556,en_climate_hourly_AB_3031092_06-2026_P1H.csv
-114.01,51.12,CALGARY INTL A,3031092,2026-06-02 21:00,2026,6,2,21:00,,7.5,,6.3,,92.0,,,,35.0,,23.0,,12.9,,89.69,,,,,,,15.764864864864863,1.3125,0.0,0.10406844676838677,0.0,0.10406844676838677,en_climate_hourly_AB_3031092_06-2026_P1H.csv
-114.01,51.12,CALGARY INTL A,3031092,2026-06-02 22:00,2026,6,2,22:00,,7.4,,6.1,,91.0,,,,34.0,,17.0,,16.1,,89.69,,,,,,,15.6801075268817,1.325,0.0,0.10562746442653878,0.0,0.10562746442653878,en_climate_hourly_AB_3031092_06-2026_P1H.csv
-114.01,51.12,CALGARY INTL A,3031092,2026-06-02 23:00,2026,6,2,23:00,,7.4,,6.3,,93.0,,,,35.0,,10.0,,12.9,,89.69,,,,,,Cloudy,15.6801075268817,1.325,0.0,0.10562746442653878,0.0,0.10562746442653878,en_climate_hourly_AB_3031092_06-2026_P1H.csv
-114.01,51.12,CALGARY INTL A,3031092,2026-06-03 00:00,2026,6,3,00:00,,7.3,,6.1,,92.0,,,,34.0,,16.0,,16.1,,89.66,,,,,,,15.596256684491987,1.3375,0.0,0.10719719698268466,0.0,0.10719719698268466,en_climate_hourly_AB_3031092_06-2026_P1H.csv
-114.01,51.12,CALGARY INTL A,3031092,2026-06-03 01:00,2026,6,3,01:00,,7.3,,6.0,,91.0,,,,34.0,,9.0,,12.9,,89.65,,,,,,,15.596256684491987,1.3375,0.0,0.10719719698268466,0.0,0.10719719698268466,en_climate_hourly_AB_3031092_06-2026_P1H.csv
-114.01,51.12,CALGARY INTL A,3031092,2026-06-03 02:00,2026,6,3,02:00,,7.3,,5.7,,90.0,,,,33.0,,13.0,,16.1,,89.61,,,,,,Cloudy,15.596256684491987,1.3375,0.0,0.10719719698268466,0.0,0.10719719698268466,en_climate_hourly_AB_3031092_06-2026_P1H.csv
-114.01,51.12,CALGARY INTL A,3031092,2026-06-03 03:00,2026,6,3,03:00,,7.2,,5.6,,89.0,,,,32.0,,13.0,,16.1,,89.58,,,,,,,15.513297872340415,1.35,0.0,0.10877764443682504,0.0,0.10877764443682504,en_climate_hourly_AB_3031092_06-2026_P1H.csv
-114.01,51.12,CALGARY INTL A,3031092,2026-06-03 04:00,2026,6,3,04:00,,6.9,,5.5,,91.0,,,,34.0,,11.0,,32.2,,89.54,,,,,,,15.269633507853383,1.3875,0.0,0.11358327618721084,0.0,0.11358327618721084,en_climate_hourly_AB_3031092_06-2026_P1H.csv
-114.01,51.12,CALGARY INTL A,3031092,2026-06-03 05:00,2026,6,3,05:00,,5.9,,4.8,,93.0,,,,36.0,,7.0,,48.3,,89.51,,,,,,Mainly Clear,14.509950248756201,1.5125,0.0,0.13029851705811774,0.0,0.13029851705811774,en_climate_hourly_AB_3031092_06-2026_P1H.csv
-114.01,51.12,CALGARY INTL A,3031092,2026-06-03 06:00,2026,6,3,06:00,,6.1,,5.2,,94.0,,,,,,0.0,,64.4,,89.49,,,,,,,14.655778894472377,1.4875,0.0,0.12686974969998271,0.0,0.12686974969998271,en_climate_hourly_AB_3031092_06-2026_P1H.csv
-114.01,51.12,CALGARY INTL A,3031092,2026-06-03 07:00,2026,6,3,07:00,,8.0,,5.7,,85.0,,,,34.0,,5.0,,64.4,,89.45,,,,,,,16.202777777777776,1.25,0.0,0.09643408194753986,0.0,0.09643408194753986,en_climate_hourly_AB_3031092_06-2026_P1H.csv
-114.01,51.12,CALGARY INTL A,3031092,2026-06-03 08:00,2026,6,3,08:00,,9.8,,6.6,,80.0,,,,6.0,,7.0,,64.4,,89.43,,,,,,Mainly Clear,18.003086419753096,1.025,0.0,0.07116835247728437,0.0,0.07116835247728437,en_climate_hourly_AB_3031092_06-2026_P1H.csv
-114.01,51.12,CALGARY INTL A,3031092,2026-06-03 09:00,2026,6,3,09:00,,10.2,,5.9,,75.0,,,,,,0.0,,48.3,,89.4,,,,,,,18.458860759493657,0.9750000000000001,0.0,0.06602520144008234,0.0,0.06602520144008234,en_climate_hourly_AB_3031092_06-2026_P1H.csv
-114.01,51.12,CALGARY INTL A,3031092,2026-06-03 10:00,2026,6,3,10:00,,12.9,,7.5,,70.0,,,,13.0,,8.0,,64.4,,89.37,,,,,,,22.263358778625914,0.6375,0.0,0.0357931167495286,0.0,0.0357931167495286,en_climate_hourly_AB_3031092_06-2026_P1H.csv
-114.01,51.12,CALGARY INTL A,3031092,2026-06-03 11:00,2026,6,3,11:00,,13.2,,8.7,,74.0,,,,11.0,,6.0,,64.4,,89.32,,,,,,Mostly Cloudy,22.78515624999998,0.6000000000000001,0.0,0.03291616663809364,0.0,0.03291616663809364,en_climate_hourly_AB_3031092_06-2026_P1H.csv
-114.01,51.12,CALGARY INTL A,3031092,2026-06-03 12:00,2026,6,3,12:00,,14.8,,9.2,,69.0,,,,14.0,,12.0,,48.3,,89.27,,,,,,,26.040178571428594,0.3999999999999999,0.0,0.01920109720555458,0.0,0.01920109720555458,en_climate_hourly_AB_3031092_06-2026_P1H.csv
-114.01,51.12,CALGARY INTL A,3031092,2026-06-03 13:00,2026,6,3,13:00,,15.9,,8.9,,63.0,,,,14.0,,16.0,,48.3,,89.22,,,,,,,28.876237623762307,0.26249999999999996,0.0,0.011363149322818471,0.0,0.011363149322818471,en_climate_hourly_AB_3031092_06-2026_P1H.csv
-114.01,51.12,CALGARY INTL A,3031092,2026-06-03 14:00,2026,6,3,14:00,,16.4,,8.7,,60.0,,,,12.0,,18.0,,48.3,,89.16,,,,,,Mostly Cloudy,30.380208333333258,0.20000000000000018,0.0,0.008229041659523428,0.0,0.008229041659523428,en_climate_hourly_AB_3031092_06-2026_P1H.csv
-114.01,51.12,CALGARY INTL A,3031092,2026-06-03 15:00,2026,6,3,15:00,,17.2,,8.9,,58.0,,,,14.0,,14.0,,48.3,,89.1,,,,,,,33.14204545454541,0.10000000000000009,0.0,0.003771644093948234,0.0,0.003771644093948234,en_climate_hourly_AB_3031092_06-2026_P1H.csv
-114.01,51.12,CALGARY INTL A,3031092,2026-06-03 16:00,2026,6,3,16:00,,18.1,,9.5,,57.0,,,,14.0,,20.0,,48.3,,89.04,,,,,,,36.91772151898744,0.0,0.01630000000000023,0.0,0.000551902965883771,0.000551902965883771,en_climate_hourly_AB_3031092_06-2026_P1H.csv
-114.01,51.12,CALGARY INTL A,3031092,2026-06-03 17:00,2026,6,3,17:00,,17.9,,9.4,,57.0,,,,13.0,,16.0,,48.3,,88.96,,,,,,Mostly Cloudy,36.00617283950607,0.012500000000000178,0.0,0.00043395336876393676,0.0,0.00043395336876393676,en_climate_hourly_AB_3031092_06-2026_P1H.csv
-114.01,51.12,CALGARY INTL A,3031092,2026-06-03 18:00,2026,6,3,18:00,,16.6,,8.9,,60.0,,,,16.0,,23.0,,32.2,,88.92,,,,,,,31.026595744680925,0.17499999999999982,0.0,0.007050402880164557,0.0,0.007050402880164557,en_climate_hourly_AB_3031092_06-2026_P1H.csv
-114.01,51.12,CALGARY INTL A,3031092,2026-06-03 19:00,2026,6,3,19:00,,16.3,,9.3,,63.0,,,,12.0,,28.0,,32.2,,88.91,,,,,,,30.067010309278384,0.2124999999999999,0.0,0.008834433396194054,0.0,0.008834433396194054,en_climate_hourly_AB_3031092_06-2026_P1H.csv
-114.01,51.12,CALGARY INTL A,3031092,2026-06-03 20:00,2026,6,3,20:00,,15.2,,9.1,,67.0,,,,12.0,,24.0,,32.2,,88.91,,,,,,Mainly Clear,27.004629629629598,0.3500000000000001,0.0,0.01620092576718672,0.0,0.01620092576718672,en_climate_hourly_AB_3031092_06-2026_P1H.csv
-114.01,51.12,CALGARY INTL A,3031092,2026-06-03 21:00,2026,6,3,21:00,,13.2,,10.1,,81.0,,,,13.0,,21.0,,32.2,,88.9,,,,,,,22.78515624999998,0.6000000000000001,0.0,0.03291616663809364,0.0,0.03291616663809364,en_climate_hourly_AB_3031092_06-2026_P1H.csv
-114.01,51.12,CALGARY INTL A,3031092,2026-06-03 22:00,2026,6,3,22:00,,12.1,,9.7,,86.0,,,,14.0,,22.0,,24.1,,88.89,,,,,,,20.98201438848924,0.7375,0.0,0.04393643922509851,0.0,0.04393643922509851,en_climate_hourly_AB_3031092_06-2026_P1H.csv
-114.01,51.12,CALGARY INTL A,3031092,2026-06-03 23:00,2026,6,3,23:00,,11.0,,9.3,,90.0,,,,15.0,,21.0,,19.3,,88.85,,,,,,Mostly Cloudy,19.44333333333333,0.875,0.0,0.05625321446939825,0.0,0.05625321446939825,en_climate_hourly_AB_3031092_06-2026_P1H.csv
-114.01,51.12,CALGARY INTL A,3031092,2026-06-04 00:00,2026,6,4,00:00,,10.4,,9.4,,93.0,,,,16.0,,15.0,,9.7,,88.82,,,,,,Haze,18.695512820512793,0.95,0.0,0.06351791530944634,0.0,0.06351791530944634,en_climate_hourly_AB_3031092_06-2026_P1H.csv
-114.01,51.12,CALGARY INTL A,3031092,2026-06-04 01:00,2026,6,4,01:00,,10.5,,9.4,,93.0,,,,15.0,,17.0,,12.9,,88.77,,,,,,,18.816129032258065,0.9375,0.0,0.06228034459111949,0.0,0.06228034459111949,en_climate_hourly_AB_3031092_06-2026_P1H.csv
-114.01,51.12,CALGARY INTL A,3031092,2026-06-04 02:00,2026,6,4,02:00,,10.4,,9.3,,93.0,,,,16.0,,17.0,,9.7,,88.72,,,,,,Haze,18.695512820512793,0.95,0.0,0.06351791530944634,0.0,0.06351791530944634,en_climate_hourly_AB_3031092_06-2026_P1H.csv
-114.01,51.12,CALGARY INTL A,3031092,2026-06-04 03:00,2026,6,4,03:00,,10.3,,9.2,,93.0,,,,14.0,,15.0,,8.1,,88.66,,,,,,Haze,18.57643312101912,0.9624999999999999,0.0,0.06476620092576713,0.0,0.06476620092576713,en_climate_hourly_AB_3031092_06-2026_P1H.csv
-114.01,51.12,CALGARY INTL A,3031092,2026-06-04 04:00,2026,6,4,04:00,,10.1,,9.0,,93.0,,,,13.0,,14.0,,8.1,,88.61,,,,,,Haze,18.342767295597508,0.9875,0.0,0.06729491685239147,0.0,0.06729491685239147,en_climate_hourly_AB_3031092_06-2026_P1H.csv
-114.01,51.12,CALGARY INTL A,3031092,2026-06-04 05:00,2026,6,4,05:00,,10.1,,8.9,,93.0,,,,15.0,,15.0,,8.1,,88.59,,,,,,Haze,18.342767295597508,0.9875,0.0,0.06729491685239147,0.0,0.06729491685239147,en_climate_hourly_AB_3031092_06-2026_P1H.csv
-114.01,51.12,CALGARY INTL A,3031092,2026-06-04 06:00,2026,6,4,06:00,,10.1,,8.9,,92.0,,,,15.0,,12.0,,4.0,,88.58,,,,,,"Drizzle,Fog,Haze",18.342767295597508,0.9875,0.0,0.06729491685239147,0.0,0.06729491685239147,en_climate_hourly_AB_3031092_06-2026_P1H.csv
-114.01,51.12,CALGARY INTL A,3031092,2026-06-04 07:00,2026,6,4,07:00,,10.2,,9.2,,93.0,,,,17.0,,5.0,,4.0,,88.57,,,,,,Fog,18.458860759493657,0.9750000000000001,0.0,0.06602520144008234,0.0,0.06602520144008234,en_climate_hourly_AB_3031092_06-2026_P1H.csv
-114.01,51.12,CALGARY INTL A,3031092,2026-06-04 08:00,2026,6,4,08:00,,11.2,,9.4,,89.0,,,,15.0,,4.0,,8.1,,88.56,,,,,,Fog,19.706081081081063,0.8500000000000001,0.0,0.053917366706669,0.0,0.053917366706669,en_climate_hourly_AB_3031092_06-2026_P1H.csv
-114.01,51.12,CALGARY INTL A,3031092,2026-06-04 09:00,2026,6,4,09:00,,13.9,,9.6,,75.0,,,,16.0,,7.0,,9.7,,88.54,,,,,,Fog,24.10330578512392,0.5125,0.0,0.026578304474541452,0.0,0.026578304474541452,en_climate_hourly_AB_3031092_06-2026_P1H.csv
-114.01,51.12,CALGARY INTL A,3031092,2026-06-04 10:00,2026,6,4,10:00,,14.1,,9.6,,74.0,,,,20.0,,5.0,,32.2,,88.55,,,,,,,24.508403361344584,0.48750000000000004,0.0,0.024863920795473983,0.0,0.024863920795473983,en_climate_hourly_AB_3031092_06-2026_P1H.csv
-114.01,51.12,CALGARY INTL A,3031092,2026-06-04 11:00,2026,6,4,11:00,,16.6,,9.4,,62.0,,,,24.0,,9.0,,64.4,,88.53,,,,,,Mostly Cloudy,31.026595744680925,0.17499999999999982,0.0,0.007050402880164557,0.0,0.007050402880164557,en_climate_hourly_AB_3031092_06-2026_P1H.csv
-114.01,51.12,CALGARY INTL A,3031092,2026-06-04 12:00,2026,6,4,12:00,,17.7,,6.7,,48.0,,,,35.0,,22.0,,64.4,,88.53,,,,,,Rain Showers,35.13855421686742,0.03750000000000009,0.0,0.0013340048002743064,0.0,0.0013340048002743064,en_climate_hourly_AB_3031092_06-2026_P1H.csv
-114.01,51.12,CALGARY INTL A,3031092,2026-06-04 13:00,2026,6,4,13:00,,17.8,,6.9,,49.0,,,,36.0,,16.0,,64.4,,88.52,,,,,,,35.56707317073175,0.02499999999999991,0.0,0.0008786216355220255,0.0,0.0008786216355220255,en_climate_hourly_AB_3031092_06-2026_P1H.csv
-114.01,51.12,CALGARY INTL A,3031092,2026-06-04 14:00,2026,6,4,14:00,,19.4,,7.0,,44.0,,,,3.0,,18.0,,64.4,,88.48,,,,,,Mostly Cloudy,44.18939393939378,0.0,0.22819999999999976,0.0,0.006455168866792405,0.006455168866792405,en_climate_hourly_AB_3031092_06-2026_P1H.csv
-114.01,51.12,CALGARY INTL A,3031092,2026-06-04 15:00,2026,6,4,15:00,,18.2,,8.1,,51.0,,,,2.0,,9.0,,48.3,,88.5,,,,,,,37.391025641025585,0.0,0.032599999999999886,0.0,0.0010898337047831282,0.0010898337047831282,en_climate_hourly_AB_3031092_06-2026_P1H.csv
-114.01,51.12,CALGARY INTL A,3031092,2026-06-04 16:00,2026,6,4,16:00,,16.4,,11.6,,73.0,,,,13.0,,12.0,,48.3,,88.55,,,,,,"Thunderstorms,Rain Showers",30.380208333333258,0.20000000000000018,0.0,0.008229041659523428,0.0,0.008229041659523428,en_climate_hourly_AB_3031092_06-2026_P1H.csv
-114.01,51.12,CALGARY INTL A,3031092,2026-06-04 17:00,2026,6,4,17:00,,12.9,,9.4,,79.0,,,,5.0,,27.0,,1.6,,88.59,,,,,,"Thunderstorms,Heavy Rain Showers,Moderate Hail",22.263358778625914,0.6375,0.0,0.0357931167495286,0.0,0.0357931167495286,en_climate_hourly_AB_3031092_06-2026_P1H.csv
-114.01,51.12,CALGARY INTL A,3031092,2026-06-04 18:00,2026,6,4,18:00,,15.4,,10.7,,73.0,,,,6.0,,23.0,,32.2,,88.6,,,,,,,27.514150943396164,0.32499999999999996,0.0,0.0147651294359678,0.0,0.0147651294359678,en_climate_hourly_AB_3031092_06-2026_P1H.csv
-114.01,51.12,CALGARY INTL A,3031092,2026-06-04 19:00,2026,6,4,19:00,,15.2,,9.9,,70.0,,,,12.0,,4.0,,32.2,,88.58,,,,,,,27.004629629629598,0.3500000000000001,0.0,0.01620092576718672,0.0,0.01620092576718672,en_climate_hourly_AB_3031092_06-2026_P1H.csv
-114.01,51.12,CALGARY INTL A,3031092,2026-06-04 20:00,2026,6,4,20:00,,15.4,,9.1,,65.0,,,,30.0,,5.0,,24.1,,88.62,,,,,,Mainly Clear,27.514150943396164,0.32499999999999996,0.0,0.0147651294359678,0.0,0.0147651294359678,en_climate_hourly_AB_3031092_06-2026_P1H.csv
-114.01,51.12,CALGARY INTL A,3031092,2026-06-04 21:00,2026,6,4,21:00,,13.8,,8.9,,72.0,,,,,,0.0,,24.1,,88.66,,,,,,,23.905737704918053,0.5249999999999999,0.0,0.02745156866106632,0.0,0.02745156866106632,en_climate_hourly_AB_3031092_06-2026_P1H.csv
-114.01,51.12,CALGARY INTL A,3031092,2026-06-04 22:00,2026,6,4,22:00,,13.1,,9.0,,76.0,,,,20.0,,6.0,,16.1,,88.66,,,,,,,22.608527131782985,0.6125,0.0,0.03386443511057769,0.0,0.03386443511057769,en_climate_hourly_AB_3031092_06-2026_P1H.csv
-114.01,51.12,CALGARY INTL A,3031092,2026-06-04 23:00,2026,6,4,23:00,,11.9,,8.9,,82.0,,,,20.0,,7.0,,24.1,,88.64,,,,,,Mainly Clear,20.684397163120533,0.7625,0.0,0.04607941882393287,0.0,0.04607941882393287,en_climate_hourly_AB_3031092_06-2026_P1H.csv
-114.01,51.12,CALGARY INTL A,3031092,2026-06-05 00:00,2026,6,5,00:00,,11.7,,9.3,,85.0,,,,25.0,,9.0,,19.3,,88.62,,,,,,,20.39510489510488,0.7875000000000001,0.0,0.04826525801474374,0.0,0.04826525801474374,en_climate_hourly_AB_3031092_06-2026_P1H.csv
-114.01,51.12,CALGARY INTL A,3031092,2026-06-05 01:00,2026,6,5,01:00,,11.7,,8.5,,81.0,,,,22.0,,7.0,,24.1,,88.57,,,,,,,20.39510489510488,0.7875000000000001,0.0,0.04826525801474374,0.0,0.04826525801474374,en_climate_hourly_AB_3031092_06-2026_P1H.csv
-114.01,51.12,CALGARY INTL A,3031092,2026-06-05 02:00,2026,6,5,02:00,,10.1,,8.2,,88.0,,,,15.0,,7.0,,24.1,,88.53,,,,,,Mostly Cloudy,18.342767295597508,0.9875,0.0,0.06729491685239147,0.0,0.06729491685239147,en_climate_hourly_AB_3031092_06-2026_P1H.csv
-114.01,51.12,CALGARY INTL A,3031092,2026-06-05 03:00,2026,6,5,03:00,,10.3,,7.2,,81.0,,,,19.0,,5.0,,24.1,,88.46,,,,,,,18.57643312101912,0.9624999999999999,0.0,0.06476620092576713,0.0,0.06476620092576713,en_climate_hourly_AB_3031092_06-2026_P1H.csv
-114.01,51.12,CALGARY INTL A,3031092,2026-06-05 04:00,2026,6,5,04:00,,9.3,,6.1,,80.0,,,,22.0,,6.0,,24.1,,88.37,,,,,,,17.464071856287436,1.0875,0.0,0.07783837647865587,0.0,0.07783837647865587,en_climate_hourly_AB_3031092_06-2026_P1H.csv
-114.01,51.12,CALGARY INTL A,3031092,2026-06-05 05:00,2026,6,5,05:00,,8.4,,6.5,,88.0,,,,20.0,,7.0,,19.3,,88.34,,,,,,Mostly Cloudy,16.571022727272705,1.2,0.0,0.09051945825475753,0.0,0.09051945825475753,en_climate_hourly_AB_3031092_06-2026_P1H.csv
-114.01,51.12,CALGARY INTL A,3031092,2026-06-05 06:00,2026,6,5,06:00,,10.4,,6.0,,74.0,,,,23.0,,11.0,,48.3,,88.3,,,,,,,18.695512820512793,0.95,0.0,0.06351791530944634,0.0,0.06351791530944634,en_climate_hourly_AB_3031092_06-2026_P1H.csv
-114.01,51.12,CALGARY INTL A,3031092,2026-06-05 07:00,2026,6,5,07:00,,12.1,,5.7,,65.0,,,,16.0,,6.0,,64.4,,88.19,,,,,,,20.98201438848924,0.7375,0.0,0.04393643922509851,0.0,0.04393643922509851,en_climate_hourly_AB_3031092_06-2026_P1H.csv
-114.01,51.12,CALGARY INTL A,3031092,2026-06-05 08:00,2026,6,5,08:00,,14.3,,7.3,,62.0,,,,17.0,,13.0,,64.4,,88.12,,,,,,Mostly Cloudy,24.92735042735045,0.4624999999999999,0.0,0.023192396708383307,0.0,0.023192396708383307,en_climate_hourly_AB_3031092_06-2026_P1H.csv
-114.01,51.12,CALGARY INTL A,3031092,2026-06-05 09:00,2026,6,5,09:00,,16.6,,6.7,,52.0,,,,19.0,,9.0,,64.4,,88.07,,,,,,,31.026595744680925,0.17499999999999982,0.0,0.007050402880164557,0.0,0.007050402880164557,en_climate_hourly_AB_3031092_06-2026_P1H.csv
-114.01,51.12,CALGARY INTL A,3031092,2026-06-05 10:00,2026,6,5,10:00,,18.4,,1.8,,32.0,,,,23.0,,16.0,,64.4,,87.98,,,,,,,38.37499999999988,0.0,0.06519999999999977,0.0,0.0021237785016286637,0.0021237785016286637,en_climate_hourly_AB_3031092_06-2026_P1H.csv
-114.01,51.12,CALGARY INTL A,3031092,2026-06-05 11:00,2026,6,5,11:00,,19.2,,1.3,,30.0,,,,26.0,,19.0,,64.4,,87.91,,,,,,Mostly Cloudy,42.889705882352864,0.0,0.19559999999999989,0.0,0.005700668609634843,0.005700668609634843,en_climate_hourly_AB_3031092_06-2026_P1H.csv
-114.01,51.12,CALGARY INTL A,3031092,2026-06-05 12:00,2026,6,5,12:00,,19.9,,0.1,,26.0,,,,24.0,,14.0,,64.4,,87.86,,,,,,,47.811475409835886,0.0,0.30969999999999975,0.0,0.008096905537459308,0.008096905537459308,en_climate_hourly_AB_3031092_06-2026_P1H.csv
-114.01,51.12,CALGARY INTL A,3031092,2026-06-05 13:00,2026,6,5,13:00,,19.9,,-0.8,,25.0,,,,28.0,,19.0,,64.4,,87.82,,,,,,,47.811475409835886,0.0,0.30969999999999975,0.0,0.008096905537459308,0.008096905537459308,en_climate_hourly_AB_3031092_06-2026_P1H.csv
-114.01,51.12,CALGARY INTL A,3031092,2026-06-05 14:00,2026,6,5,14:00,,19.4,,-1.8,,24.0,,,,24.0,,21.0,,64.4,,87.81,,,,,,Mostly Cloudy,44.18939393939378,0.0,0.22819999999999976,0.0,0.006455168866792405,0.006455168866792405,en_climate_hourly_AB_3031092_06-2026_P1H.csv
-114.01,51.12,CALGARY INTL A,3031092,2026-06-05 15:00,2026,6,5,15:00,,19.6,,-2.5,,22.0,,,,23.0,,29.0,,64.4,,87.8,,,,,,,45.570312500000156,0.0,0.26080000000000025,0.0,0.007153780216012326,0.007153780216012326,en_climate_hourly_AB_3031092_06-2026_P1H.csv
-114.01,51.12,CALGARY INTL A,3031092,2026-06-05 16:00,2026,6,5,16:00,,19.4,,-0.9,,25.0,,,,22.0,,20.0,,48.3,,87.79,,,,,,,44.18939393939378,0.0,0.22819999999999976,0.0,0.006455168866792405,0.006455168866792405,en_climate_hourly_AB_3031092_06-2026_P1H.csv
-114.01,51.12,CALGARY INTL A,3031092,2026-06-05 17:00,2026,6,5,17:00,,17.4,,0.9,,33.0,,,,29.0,,28.0,,24.1,,87.84,,,,,,Mostly Cloudy,33.912790697674325,0.07500000000000018,0.0,0.0027644436824961565,0.0,0.0027644436824961565,en_climate_hourly_AB_3031092_06-2026_P1H.csv
-114.01,51.12,CALGARY INTL A,3031092,2026-06-05 18:00,2026,6,5,18:00,,13.0,,1.4,,45.0,,,,28.0,,30.0,,32.2,,87.97,,,,,,Rain Showers,22.434615384615384,0.625,0.0,0.03482341848105606,0.0,0.03482341848105606,en_climate_hourly_AB_3031092_06-2026_P1H.csv
-114.01,51.12,CALGARY INTL A,3031092,2026-06-05 19:00,2026,6,5,19:00,,12.7,,0.4,,43.0,,,,25.0,,22.0,,48.3,,87.99,,,,,,,21.92857142857141,0.6625000000000001,0.0,0.037764657980456064,0.0,0.037764657980456064,en_climate_hourly_AB_3031092_06-2026_P1H.csv
-114.01,51.12,CALGARY INTL A,3031092,2026-06-05 20:00,2026,6,5,20:00,,12.9,,0.4,,42.0,,,,24.0,,22.0,,48.3,,88.03,,,,,,Mainly Clear,22.263358778625914,0.6375,0.0,0.0357931167495286,0.0,0.0357931167495286,en_climate_hourly_AB_3031092_06-2026_P1H.csv
-114.01,51.12,CALGARY INTL A,3031092,2026-06-05 21:00,2026,6,5,21:00,,12.2,,-1.5,,38.0,,,,27.0,,18.0,,64.4,,88.07,,,,,,,21.134057971014474,0.7250000000000001,0.0,0.042881021772672764,0.0,0.042881021772672764,en_climate_hourly_AB_3031092_06-2026_P1H.csv
-114.01,51.12,CALGARY INTL A,3031092,2026-06-05 22:00,2026,6,5,22:00,,11.4,,-2.4,,38.0,,,,27.0,,16.0,,24.1,,88.14,,,,,,,19.976027397260243,0.825,0.0,0.051624378535916414,0.0,0.051624378535916414,en_climate_hourly_AB_3031092_06-2026_P1H.csv
-114.01,51.12,CALGARY INTL A,3031092,2026-06-05 23:00,2026,6,5,23:00,,10.8,,-2.8,,38.0,,,,28.0,,21.0,,24.1,,88.19,,,,,,Clear,19.187500000000014,0.8999999999999999,0.0,0.058631921824104184,0.0,0.058631921824104184,en_climate_hourly_AB_3031092_06-2026_P1H.csv
-114.01,51.12,CALGARY INTL A,3031092,2026-06-06 00:00,2026,6,6,00:00,,7.6,,-0.7,,56.0,,,,34.0,,10.0,,24.1,,88.26,,,,,,,15.850543478260889,1.3,0.0,0.10252014400822891,0.0,0.10252014400822891,en_climate_hourly_AB_3031092_06-2026_P1H.csv
-114.01,51.12,CALGARY INTL A,3031092,2026-06-06 01:00,2026,6,6,01:00,,7.8,,1.5,,64.0,,,,25.0,,7.0,,24.1,,88.25,,,,,,,16.024725274725284,1.275,0.0,0.09945568318189604,0.0,0.09945568318189604,en_climate_hourly_AB_3031092_06-2026_P1H.csv
-114.01,51.12,CALGARY INTL A,3031092,2026-06-06 02:00,2026,6,6,02:00,,6.5,,3.8,,83.0,,,,32.0,,9.0,,24.1,,88.22,,,,,,Mostly Cloudy,14.956410256410255,1.4375,0.0,0.12014079375964341,0.0,0.12014079375964341,en_climate_hourly_AB_3031092_06-2026_P1H.csv
-114.01,51.12,CALGARY INTL A,3031092,2026-06-06 03:00,2026,6,6,03:00,,6.5,,4.0,,84.0,,,,,,0.0,,24.1,,88.22,,,,,,,14.956410256410255,1.4375,0.0,0.12014079375964341,0.0,0.12014079375964341,en_climate_hourly_AB_3031092_06-2026_P1H.csv
-114.01,51.12,CALGARY INTL A,3031092,2026-06-06 04:00,2026,6,6,04:00,,7.2,,3.4,,76.0,,,,22.0,,7.0,,64.4,,88.21,,,,,,,15.513297872340415,1.35,0.0,0.10877764443682504,0.0,0.10877764443682504,en_climate_hourly_AB_3031092_06-2026_P1H.csv
-114.01,51.12,CALGARY INTL A,3031092,2026-06-06 05:00,2026,6,6,05:00,,6.5,,2.8,,77.0,,,,4.0,,4.0,,64.4,,88.19,,,,,,Mostly Cloudy,14.956410256410255,1.4375,0.0,0.12014079375964341,0.0,0.12014079375964341,en_climate_hourly_AB_3031092_06-2026_P1H.csv
-114.01,51.12,CALGARY INTL A,3031092,2026-06-06 06:00,2026,6,6,06:00,,6.8,,1.4,,68.0,,,,26.0,,4.0,,64.4,,88.2,,,,,,,15.190104166666675,1.4,0.0,0.11520658323332754,0.0,0.11520658323332754,en_climate_hourly_AB_3031092_06-2026_P1H.csv
-114.01,51.12,CALGARY INTL A,3031092,2026-06-06 07:00,2026,6,6,07:00,,7.7,,1.3,,64.0,,,,23.0,,4.0,,64.4,,88.18,,,,,,,15.937158469945343,1.2875,0.0,0.10098255614606556,0.0,0.10098255614606556,en_climate_hourly_AB_3031092_06-2026_P1H.csv
-114.01,51.12,CALGARY INTL A,3031092,2026-06-06 08:00,2026,6,6,08:00,,10.2,,1.0,,53.0,,,,23.0,,7.0,,64.4,,88.16,,,,,,Mostly Cloudy,18.458860759493657,0.9750000000000001,0.0,0.06602520144008234,0.0,0.06602520144008234,en_climate_hourly_AB_3031092_06-2026_P1H.csv
-114.01,51.12,CALGARY INTL A,3031092,2026-06-06 09:00,2026,6,6,09:00,,12.3,,0.8,,45.0,,,,21.0,,6.0,,64.4,,88.13,,,,,,,21.28832116788323,0.7124999999999999,0.0,0.041836319218241,0.0,0.041836319218241,en_climate_hourly_AB_3031092_06-2026_P1H.csv
-114.01,51.12,CALGARY INTL A,3031092,2026-06-06 10:00,2026,6,6,10:00,,14.2,,1.8,,42.0,,,,18.0,,11.0,,64.4,,88.13,,,,,,,24.716101694915228,0.4750000000000001,0.0,0.024022801302931624,0.0,0.024022801302931624,en_climate_hourly_AB_3031092_06-2026_P1H.csv
-114.01,51.12,CALGARY INTL A,3031092,2026-06-06 11:00,2026,6,6,11:00,,15.2,,-0.3,,35.0,,,,11.0,,9.0,,64.4,,88.07,,,,,,Mainly Clear,27.004629629629598,0.3500000000000001,0.0,0.01620092576718672,0.0,0.01620092576718672,en_climate_hourly_AB_3031092_06-2026_P1H.csv
-114.01,51.12,CALGARY INTL A,3031092,2026-06-06 12:00,2026,6,6,12:00,,15.8,,-0.7,,32.0,,,,,,0.0,,64.4,,88.0,,,,,,,28.59313725490199,0.2749999999999999,0.0,0.012022115549459951,0.0,0.012022115549459951,en_climate_hourly_AB_3031092_06-2026_P1H.csv
-114.01,51.12,CALGARY INTL A,3031092,2026-06-06 13:00,2026,6,6,13:00,,16.7,,0.7,,34.0,,,,15.0,,11.0,,64.4,,87.96,,,,,,,31.3602150537634,0.1625000000000001,0.0,0.006477155837476439,0.0,0.006477155837476439,en_climate_hourly_AB_3031092_06-2026_P1H.csv
-114.01,51.12,CALGARY INTL A,3031092,2026-06-06 14:00,2026,6,6,14:00,,17.8,,-0.8,,28.0,,,,19.0,,10.0,,64.4,,87.86,,,,,,Mostly Cloudy,35.56707317073175,0.02499999999999991,0.0,0.0008786216355220255,0.0,0.0008786216355220255,en_climate_hourly_AB_3031092_06-2026_P1H.csv
-114.01,51.12,CALGARY INTL A,3031092,2026-06-06 15:00,2026,6,6,15:00,,17.9,,1.9,,34.0,,,,17.0,,32.0,,64.4,,87.91,,,,,,,36.00617283950607,0.012500000000000178,0.0,0.00043395336876393676,0.0,0.00043395336876393676,en_climate_hourly_AB_3031092_06-2026_P1H.csv
-114.01,51.12,CALGARY INTL A,3031092,2026-06-06 16:00,2026,6,6,16:00,,17.6,,0.4,,31.0,,,,17.0,,23.0,,64.4,,87.8,,,,,,,34.72023809523819,0.04999999999999982,0.0,0.0018001028630207328,0.0,0.0018001028630207328,en_climate_hourly_AB_3031092_06-2026_P1H.csv
-114.01,51.12,CALGARY INTL A,3031092,2026-06-06 17:00,2026,6,6,17:00,,14.9,,0.8,,38.0,,,,1.0,,27.0,,64.4,,87.82,,,,,,Mostly Cloudy,26.27477477477472,0.38749999999999996,0.0,0.018434981998971405,0.0,0.018434981998971405,en_climate_hourly_AB_3031092_06-2026_P1H.csv
-114.01,51.12,CALGARY INTL A,3031092,2026-06-06 18:00,2026,6,6,18:00,,13.8,,3.7,,50.0,,,,36.0,,23.0,,48.3,,87.85,,,,,,,23.905737704918053,0.5249999999999999,0.0,0.02745156866106632,0.0,0.02745156866106632,en_climate_hourly_AB_3031092_06-2026_P1H.csv
-114.01,51.12,CALGARY INTL A,3031092,2026-06-06 19:00,2026,6,6,19:00,,11.4,,4.1,,61.0,,,,36.0,,24.0,,32.2,,87.95,,,,,,Rain Showers,19.976027397260243,0.825,0.0,0.051624378535916414,0.0,0.051624378535916414,en_climate_hourly_AB_3031092_06-2026_P1H.csv
-114.01,51.12,CALGARY INTL A,3031092,2026-06-06 20:00,2026,6,6,20:00,,10.8,,4.3,,64.0,,,,35.0,,23.0,,48.3,,87.99,,,,,,Mostly Cloudy,19.187500000000014,0.8999999999999999,0.0,0.058631921824104184,0.0,0.058631921824104184,en_climate_hourly_AB_3031092_06-2026_P1H.csv
-114.01,51.12,CALGARY INTL A,3031092,2026-06-06 21:00,2026,6,6,21:00,,10.6,,3.8,,63.0,,,,33.0,,26.0,,16.1,,88.09,,,,,,,18.938311688311714,0.925,0.0,0.06105348877078682,0.0,0.06105348877078682,en_climate_hourly_AB_3031092_06-2026_P1H.csv
-114.01,51.12,CALGARY INTL A,3031092,2026-06-06 22:00,2026,6,6,22:00,,8.6,,4.7,,76.0,,,,2.0,,15.0,,12.9,,88.15,,,,,,Rain,16.761494252873582,1.175,0.0,0.08762643579633111,0.0,0.08762643579633111,en_climate_hourly_AB_3031092_06-2026_P1H.csv
-114.01,51.12,CALGARY INTL A,3031092,2026-06-06 23:00,2026,6,6,23:00,,7.8,,3.5,,74.0,,,,32.0,,3.0,,24.1,,88.09,,,,,,Mostly Cloudy,16.024725274725284,1.275,0.0,0.09945568318189604,0.0,0.09945568318189604,en_climate_hourly_AB_3031092_06-2026_P1H.csv
-114.01,51.12,CALGARY INTL A,3031092,2026-06-07 00:00,2026,6,7,00:00,,7.2,,3.3,,76.0,,,,,,0.0,,24.1,,88.06,,,,,,,15.513297872340415,1.35,0.0,0.10877764443682504,0.0,0.10877764443682504,en_climate_hourly_AB_3031092_06-2026_P1H.csv
-114.01,51.12,CALGARY INTL A,3031092,2026-06-07 01:00,2026,6,7,01:00,,6.9,,2.3,,72.0,,,,30.0,,6.0,,24.1,,88.02,,,,,,,15.269633507853383,1.3875,0.0,0.11358327618721084,0.0,0.11358327618721084,en_climate_hourly_AB_3031092_06-2026_P1H.csv
-114.01,51.12,CALGARY INTL A,3031092,2026-06-07 02:00,2026,6,7,02:00,,6.2,,2.3,,76.0,,,,23.0,,7.0,,24.1,,87.99,,,,,,Mainly Clear,14.72979797979797,1.475,0.0,0.1251714383679068,0.0,0.1251714383679068,en_climate_hourly_AB_3031092_06-2026_P1H.csv
-114.01,51.12,CALGARY INTL A,3031092,2026-06-07 03:00,2026,6,7,03:00,,5.6,,1.6,,75.0,,,,23.0,,4.0,,24.1,,87.96,,,,,,,14.296568627450995,1.55,0.0,0.13552202983027586,0.0,0.13552202983027586,en_climate_hourly_AB_3031092_06-2026_P1H.csv
-114.01,51.12,CALGARY INTL A,3031092,2026-06-07 04:00,2026,6,7,04:00,,3.7,,1.3,,84.0,,,,33.0,,4.0,,48.3,,87.97,,,,,,,13.078475336322862,1.7875,0.0,0.17084369106806113,0.0,0.17084369106806113,en_climate_hourly_AB_3031092_06-2026_P1H.csv
-114.01,51.12,CALGARY INTL A,3031092,2026-06-07 05:00,2026,6,7,05:00,,6.0,,-0.5,,63.0,,,,24.0,,9.0,,64.4,,88.01,,,,,,Mostly Cloudy,14.5825,1.5,0.0,0.12857877593005315,0.0,0.12857877593005315,en_climate_hourly_AB_3031092_06-2026_P1H.csv
-114.01,51.12,CALGARY INTL A,3031092,2026-06-07 06:00,2026,6,7,06:00,,6.7,,2.8,,76.0,,,,32.0,,21.0,,64.4,,88.01,,,,,,,15.11139896373056,1.4125,0.0,0.1168406051774388,0.0,0.1168406051774388,en_climate_hourly_AB_3031092_06-2026_P1H.csv
-114.01,51.12,CALGARY INTL A,3031092,2026-06-07 07:00,2026,6,7,07:00,,8.3,,2.2,,65.0,,,,33.0,,28.0,,64.4,,87.99,,,,,,,16.477401129943512,1.2125,0.0,0.0919820418309617,0.0,0.0919820418309617,en_climate_hourly_AB_3031092_06-2026_P1H.csv
-114.01,51.12,CALGARY INTL A,3031092,2026-06-07 08:00,2026,6,7,08:00,,9.2,,2.6,,63.0,,,,34.0,,23.0,,64.4,,87.98,,,,,,Mainly Clear,17.360119047619033,1.1,0.0,0.0792045259729128,0.0,0.0792045259729128,en_climate_hourly_AB_3031092_06-2026_P1H.csv
-114.01,51.12,CALGARY INTL A,3031092,2026-06-07 09:00,2026,6,7,09:00,,10.9,,2.6,,57.0,,,,32.0,,15.0,,64.4,,87.95,,,,,,,19.31456953642381,0.8875,0.0,0.057437210697754246,0.0,0.057437210697754246,en_climate_hourly_AB_3031092_06-2026_P1H.csv
-114.01,51.12,CALGARY INTL A,3031092,2026-06-07 10:00,2026,6,7,10:00,,11.7,,2.1,,52.0,,,,36.0,,13.0,,64.4,,87.92,,,,,,,20.39510489510488,0.7875000000000001,0.0,0.04826525801474374,0.0,0.04826525801474374,en_climate_hourly_AB_3031092_06-2026_P1H.csv
-114.01,51.12,CALGARY INTL A,3031092,2026-06-07 11:00,2026,6,7,11:00,,12.2,,2.1,,50.0,,,,32.0,,7.0,,32.2,,87.87,,,,,,Thunderstorms,21.134057971014474,0.7250000000000001,0.0,0.042881021772672764,0.0,0.042881021772672764,en_climate_hourly_AB_3031092_06-2026_P1H.csv
-114.01,51.12,CALGARY INTL A,3031092,2026-06-07 12:00,2026,6,7,12:00,,6.0,,3.4,,83.0,,,,20.0,,9.0,,24.1,,88.01,,,,,,Rain Showers,14.5825,1.5,0.0,0.12857877593005315,0.0,0.12857877593005315,en_climate_hourly_AB_3031092_06-2026_P1H.csv
-114.01,51.12,CALGARY INTL A,3031092,2026-06-07 13:00,2026,6,7,13:00,,8.7,,3.7,,71.0,,,,6.0,,7.0,,32.2,,88.0,,,,,,Rain Showers,16.85838150289016,1.1625,0.0,0.08619599691410944,0.0,0.08619599691410944,en_climate_hourly_AB_3031092_06-2026_P1H.csv
-114.01,51.12,CALGARY INTL A,3031092,2026-06-07 14:00,2026,6,7,14:00,,11.1,,2.5,,55.0,,,,18.0,,7.0,,48.3,,87.92,,,,,,Mostly Cloudy,19.57382550335573,0.8625,0.0,0.05507993313903644,0.0,0.05507993313903644,en_climate_hourly_AB_3031092_06-2026_P1H.csv
-114.01,51.12,CALGARY INTL A,3031092,2026-06-07 15:00,2026,6,7,15:00,,9.8,,1.6,,57.0,,,,8.0,,8.0,,32.2,,87.88,,,,,,Rain Showers,18.003086419753096,1.025,0.0,0.07116835247728437,0.0,0.07116835247728437,en_climate_hourly_AB_3031092_06-2026_P1H.csv
-114.01,51.12,CALGARY INTL A,3031092,2026-06-07 16:00,2026,6,7,16:00,,11.2,,4.3,,63.0,,,,34.0,,20.0,,48.3,,87.93,,,,,,Rain Showers,19.706081081081063,0.8500000000000001,0.0,0.053917366706669,0.0,0.053917366706669,en_climate_hourly_AB_3031092_06-2026_P1H.csv
-114.01,51.12,CALGARY INTL A,3031092,2026-06-07 17:00,2026,6,7,17:00,,8.0,,4.0,,76.0,,,,34.0,,26.0,,64.4,,87.97,,,,,,Rain Showers,16.202777777777776,1.25,0.0,0.09643408194753986,0.0,0.09643408194753986,en_climate_hourly_AB_3031092_06-2026_P1H.csv
-114.01,51.12,CALGARY INTL A,3031092,2026-06-07 18:00,2026,6,7,18:00,,9.2,,4.4,,72.0,,,,36.0,,18.0,,48.3,,87.93,,,,,,,17.360119047619033,1.1,0.0,0.0792045259729128,0.0,0.0792045259729128,en_climate_hourly_AB_3031092_06-2026_P1H.csv
-114.01,51.12,CALGARY INTL A,3031092,2026-06-07 19:00,2026,6,7,19:00,,9.9,,3.4,,64.0,,,,33.0,,17.0,,32.2,,87.91,,,,,,,18.11490683229811,1.0125,0.0,0.06986649237099272,0.0,0.06986649237099272,en_climate_hourly_AB_3031092_06-2026_P1H.csv
-114.01,51.12,CALGARY INTL A,3031092,2026-06-07 20:00,2026,6,7,20:00,,10.6,,2.4,,57.0,,,,23.0,,13.0,,32.2,,87.88,,,,,,Cloudy,18.938311688311714,0.925,0.0,0.06105348877078682,0.0,0.06105348877078682,en_climate_hourly_AB_3031092_06-2026_P1H.csv
-114.01,51.12,CALGARY INTL A,3031092,2026-06-07 21:00,2026,6,7,21:00,,10.8,,1.7,,53.0,,,,26.0,,13.0,,32.2,,87.91,,,,,,,19.187500000000014,0.8999999999999999,0.0,0.058631921824104184,0.0,0.058631921824104184,en_climate_hourly_AB_3031092_06-2026_P1H.csv
-114.01,51.12,CALGARY INTL A,3031092,2026-06-07 22:00,2026,6,7,22:00,,9.5,,4.2,,69.0,,,,2.0,,12.0,,24.1,,87.96,,,,,,,17.675757575757576,1.0625,0.0,0.0751382221841248,0.0,0.0751382221841248,en_climate_hourly_AB_3031092_06-2026_P1H.csv
-114.01,51.12,CALGARY INTL A,3031092,2026-06-07 23:00,2026,6,7,23:00,,9.4,,3.2,,65.0,,,,,,0.0,,24.1,,87.89,,,,,,Cloudy,17.56927710843371,1.075,0.0,0.0764829418823934,0.0,0.0764829418823934,en_climate_hourly_AB_3031092_06-2026_P1H.csv
-114.01,51.12,CALGARY INTL A,3031092,2026-06-08 00:00,2026,6,8,00:00,,8.8,,4.5,,74.0,,,,20.0,,8.0,,24.1,,87.92,,,,,,,16.95639534883722,1.15,0.0,0.08477627292988164,0.0,0.08477627292988164,en_climate_hourly_AB_3031092_06-2026_P1H.csv
-114.01,51.12,CALGARY INTL A,3031092,2026-06-08 01:00,2026,6,8,01:00,,8.0,,5.5,,84.0,,,,9.0,,7.0,,24.1,,87.96,,,,,,,16.202777777777776,1.25,0.0,0.09643408194753986,0.0,0.09643408194753986,en_climate_hourly_AB_3031092_06-2026_P1H.csv
-114.01,51.12,CALGARY INTL A,3031092,2026-06-08 02:00,2026,6,8,02:00,,7.9,,4.9,,81.0,,,,10.0,,6.0,,24.1,,88.0,,,,,,Mostly Cloudy,16.113259668508267,1.2625,0.0,0.09793952511572102,0.0,0.09793952511572102,en_climate_hourly_AB_3031092_06-2026_P1H.csv
-114.01,51.12,CALGARY INTL A,3031092,2026-06-08 03:00,2026,6,8,03:00,,7.2,,4.7,,84.0,,,,19.0,,8.0,,24.1,,88.02,,,,,,,15.513297872340415,1.35,0.0,0.10877764443682504,0.0,0.10877764443682504,en_climate_hourly_AB_3031092_06-2026_P1H.csv
-114.01,51.12,CALGARY INTL A,3031092,2026-06-08 04:00,2026,6,8,04:00,,6.9,,4.9,,87.0,,,,20.0,,9.0,,32.2,,88.01,,,,,,,15.269633507853383,1.3875,0.0,0.11358327618721084,0.0,0.11358327618721084,en_climate_hourly_AB_3031092_06-2026_P1H.csv
-114.01,51.12,CALGARY INTL A,3031092,2026-06-08 05:00,2026,6,8,05:00,,7.2,,4.2,,81.0,,,,20.0,,3.0,,64.4,,87.99,,,,,,Mostly Cloudy,15.513297872340415,1.35,0.0,0.10877764443682504,0.0,0.10877764443682504,en_climate_hourly_AB_3031092_06-2026_P1H.csv
-114.01,51.12,CALGARY INTL A,3031092,2026-06-08 06:00,2026,6,8,06:00,,8.7,,2.8,,66.0,,,,25.0,,4.0,,64.4,,88.0,,,,,,,16.85838150289016,1.1625,0.0,0.08619599691410944,0.0,0.08619599691410944,en_climate_hourly_AB_3031092_06-2026_P1H.csv
-114.01,51.12,CALGARY INTL A,3031092,2026-06-08 07:00,2026,6,8,07:00,,12.9,,-0.9,,38.0,,,,27.0,,25.0,,64.4,,88.01,,,,,,,22.263358778625914,0.6375,0.0,0.0357931167495286,0.0,0.0357931167495286,en_climate_hourly_AB_3031092_06-2026_P1H.csv
-114.01,51.12,CALGARY INTL A,3031092,2026-06-08 08:00,2026,6,8,08:00,,14.2,,-2.4,,32.0,,,,27.0,,31.0,,64.4,,88.01,,,,,,Mainly Clear,24.716101694915228,0.4750000000000001,0.0,0.024022801302931624,0.0,0.024022801302931624,en_climate_hourly_AB_3031092_06-2026_P1H.csv
-114.01,51.12,CALGARY INTL A,3031092,2026-06-08 09:00,2026,6,8,09:00,,15.5,,-2.4,,29.0,,,,26.0,,24.0,,64.4,,88.02,,,,,,,27.776190476190475,0.3125,0.0,0.014063303617349561,0.0,0.014063303617349561,en_climate_hourly_AB_3031092_06-2026_P1H.csv
-114.01,51.12,CALGARY INTL A,3031092,2026-06-08 10:00,2026,6,8,10:00,,16.4,,-2.8,,27.0,,,,29.0,,24.0,,64.4,,88.03,,,,,,,30.380208333333258,0.20000000000000018,0.0,0.008229041659523428,0.0,0.008229041659523428,en_climate_hourly_AB_3031092_06-2026_P1H.csv
-114.01,51.12,CALGARY INTL A,3031092,2026-06-08 11:00,2026,6,8,11:00,,17.3,,-2.8,,25.0,,,,29.0,,18.0,,64.4,,88.04,,,,,,Mainly Clear,33.522988505747165,0.08749999999999991,0.0,0.0032626864392250915,0.0,0.0032626864392250915,en_climate_hourly_AB_3031092_06-2026_P1H.csv
-114.01,51.12,CALGARY INTL A,3031092,2026-06-08 12:00,2026,6,8,12:00,,16.9,,-3.9,,24.0,,,,27.0,,23.0,,64.4,,88.04,,,,,,,32.04945054945047,0.13750000000000018,0.0,0.005362806446082653,0.0,0.005362806446082653,en_climate_hourly_AB_3031092_06-2026_P1H.csv
-114.01,51.12,CALGARY INTL A,3031092,2026-06-08 13:00,2026,6,8,13:00,,17.9,,-4.0,,22.0,,,,25.0,,11.0,,64.4,,88.04,,,,,,,36.00617283950607,0.012500000000000178,0.0,0.00043395336876393676,0.0,0.00043395336876393676,en_climate_hourly_AB_3031092_06-2026_P1H.csv
-114.01,51.12,CALGARY INTL A,3031092,2026-06-08 14:00,2026,6,8,14:00,,18.8,,-6.3,,17.0,,,,26.0,,22.0,,64.4,,88.01,,,,,,Mainly Clear,40.50694444444451,0.0,0.13040000000000013,0.0,0.004024001371506941,0.004024001371506941,en_climate_hourly_AB_3031092_06-2026_P1H.csv
-114.01,51.12,CALGARY INTL A,3031092,2026-06-08 15:00,2026,6,8,15:00,,18.9,,-4.8,,19.0,,,,26.0,,7.0,,64.4,,87.98,,,,,,,41.07746478873226,0.0,0.14669999999999978,0.0,0.004464126521515523,0.004464126521515523,en_climate_hourly_AB_3031092_06-2026_P1H.csv
-114.01,51.12,CALGARY INTL A,3031092,2026-06-08 16:00,2026,6,8,16:00,,20.0,,-5.1,,18.0,,,,27.0,,13.0,,64.4,,87.95,,,,,,,48.60833333333333,0.0,0.326,0.0,0.008383336190639466,0.008383336190639466,en_climate_hourly_AB_3031092_06-2026_P1H.csv
-114.01,51.12,CALGARY INTL A,3031092,2026-06-08 17:00,2026,6,8,17:00,,20.0,,-5.5,,17.0,,,,27.0,,16.0,,64.4,,87.92,,,,,,Mainly Clear,48.60833333333333,0.0,0.326,0.0,0.008383336190639466,0.008383336190639466,en_climate_hourly_AB_3031092_06-2026_P1H.csv
-114.01,51.12,CALGARY INTL A,3031092,2026-06-08 18:00,2026,6,8,18:00,,19.5,,-4.6,,19.0,,,,28.0,,16.0,,64.4,,87.9,,,,,,,44.86923076923077,0.0,0.2445,0.0,0.006811460654894566,0.006811460654894566,en_climate_hourly_AB_3031092_06-2026_P1H.csv
-114.01,51.12,CALGARY INTL A,3031092,2026-06-08 19:00,2026,6,8,19:00,,19.1,,-2.8,,22.0,,,,30.0,,17.0,,32.2,,87.89,,,,,,,42.26811594202912,0.0,0.17930000000000024,0.0,0.005302460140579451,0.005302460140579451,en_climate_hourly_AB_3031092_06-2026_P1H.csv
-114.01,51.12,CALGARY INTL A,3031092,2026-06-08 20:00,2026,6,8,20:00,,18.1,,-3.2,,23.0,,,,27.0,,16.0,,32.2,,87.89,,,,,,Mainly Clear,36.91772151898744,0.0,0.01630000000000023,0.0,0.000551902965883771,0.000551902965883771,en_climate_hourly_AB_3031092_06-2026_P1H.csv
-114.01,51.12,CALGARY INTL A,3031092,2026-06-08 21:00,2026,6,8,21:00,,16.1,,-2.3,,28.0,,,,28.0,,12.0,,24.1,,87.93,,,,,,,29.459595959596026,0.23749999999999982,0.0,0.010077361563517885,0.0,0.010077361563517885,en_climate_hourly_AB_3031092_06-2026_P1H.csv
-114.01,51.12,CALGARY INTL A,3031092,2026-06-08 22:00,2026,6,8,22:00,,15.2,,-2.5,,29.0,,,,28.0,,13.0,,24.1,,87.94,,,,,,,27.004629629629598,0.3500000000000001,0.0,0.01620092576718672,0.0,0.01620092576718672,en_climate_hourly_AB_3031092_06-2026_P1H.csv
-114.01,51.12,CALGARY INTL A,3031092,2026-06-08 23:00,2026,6,8,23:00,,14.7,,-3.1,,29.0,,,,27.0,,12.0,,24.1,,87.94,,,,,,Mainly Clear,25.809734513274307,0.4125000000000001,0.0,0.019977927310132034,0.0,0.019977927310132034,en_climate_hourly_AB_3031092_06-2026_P1H.csv
-114.01,51.12,CALGARY INTL A,3031092,2026-06-09 00:00,2026,6,9,00:00,,12.9,,-2.1,,35.0,,,,28.0,,8.0,,24.1,,87.93,,,,,,,22.263358778625914,0.6375,0.0,0.0357931167495286,0.0,0.0357931167495286,en_climate_hourly_AB_3031092_06-2026_P1H.csv
-114.01,51.12,CALGARY INTL A,3031092,2026-06-09 01:00,2026,6,9,01:00,,10.6,,-0.1,,47.0,,,,21.0,,8.0,,24.1,,87.89,,,,,,,18.938311688311714,0.925,0.0,0.06105348877078682,0.0,0.06105348877078682,en_climate_hourly_AB_3031092_06-2026_P1H.csv
-114.01,51.12,CALGARY INTL A,3031092,2026-06-09 02:00,2026,6,9,02:00,,9.8,,0.5,,52.0,,,,,,0.0,,24.1,,87.87,,,,,,Mainly Clear,18.003086419753096,1.025,0.0,0.07116835247728437,0.0,0.07116835247728437,en_climate_hourly_AB_3031092_06-2026_P1H.csv
-114.01,51.12,CALGARY INTL A,3031092,2026-06-09 03:00,2026,6,9,03:00,,9.4,,0.9,,55.0,,,,,,0.0,,24.1,,87.85,,,,,,,17.56927710843371,1.075,0.0,0.0764829418823934,0.0,0.0764829418823934,en_climate_hourly_AB_3031092_06-2026_P1H.csv
-114.01,51.12,CALGARY INTL A,3031092,2026-06-09 04:00,2026,6,9,04:00,,9.3,,1.7,,59.0,,,,,,0.0,,24.1,,87.86,,,,,,,17.464071856287436,1.0875,0.0,0.07783837647865587,0.0,0.07783837647865587,en_climate_hourly_AB_3031092_06-2026_P1H.csv
-114.01,51.12,CALGARY INTL A,3031092,2026-06-09 05:00,2026,6,9,05:00,,9.1,,0.0,,53.0,,,,23.0,,12.0,,24.1,,87.87,,,,,,Mostly Cloudy,17.257396449704164,1.1125,0.0,0.08058139036516362,0.0,0.08058139036516362,en_climate_hourly_AB_3031092_06-2026_P1H.csv
-114.01,51.12,CALGARY INTL A,3031092,2026-06-09 06:00,2026,6,9,06:00,,11.0,,0.2,,47.0,,,,23.0,,15.0,,24.1,,87.91,,,,,,,19.44333333333333,0.875,0.0,0.05625321446939825,0.0,0.05625321446939825,en_climate_hourly_AB_3031092_06-2026_P1H.csv
-114.01,51.12,CALGARY INTL A,3031092,2026-06-09 07:00,2026,6,9,07:00,,12.1,,1.5,,48.0,,,,23.0,,8.0,,32.2,,87.89,,,,,,,20.98201438848924,0.7375,0.0,0.04393643922509851,0.0,0.04393643922509851,en_climate_hourly_AB_3031092_06-2026_P1H.csv
-114.01,51.12,CALGARY INTL A,3031092,2026-06-09 08:00,2026,6,9,08:00,,13.6,,1.9,,45.0,,,,24.0,,13.0,,48.3,,87.88,,,,,,Mostly Cloudy,23.520161290322623,0.55,0.0,0.029230241728098696,0.0,0.029230241728098696,en_climate_hourly_AB_3031092_06-2026_P1H.csv
-114.01,51.12,CALGARY INTL A,3031092,2026-06-09 09:00,2026,6,9,09:00,,14.9,,4.0,,47.0,,,,24.0,,11.0,,64.4,,87.86,,,,,,,26.27477477477472,0.38749999999999996,0.0,0.018434981998971405,0.0,0.018434981998971405,en_climate_hourly_AB_3031092_06-2026_P1H.csv
-114.01,51.12,CALGARY INTL A,3031092,2026-06-09 10:00,2026,6,9,10:00,,15.0,,2.9,,44.0,,,,31.0,,8.0,,64.4,,87.82,,,,,,,26.513636363636362,0.375,0.0,0.017679581690382307,0.0,0.017679581690382307,en_climate_hourly_AB_3031092_06-2026_P1H.csv
-114.01,51.12,CALGARY INTL A,3031092,2026-06-09 11:00,2026,6,9,11:00,,15.7,,2.0,,39.0,,,,22.0,,7.0,,64.4,,87.79,,,,,,Mostly Cloudy,28.31553398058249,0.2875000000000001,0.0,0.012691796674095682,0.0,0.012691796674095682,en_climate_hourly_AB_3031092_06-2026_P1H.csv
-114.01,51.12,CALGARY INTL A,3031092,2026-06-09 12:00,2026,6,9,12:00,,17.5,,2.2,,36.0,,,,26.0,,12.0,,64.4,,87.75,,,,,,,34.311764705882354,0.0625,0.0,0.0022769158237613573,0.0,0.0022769158237613573,en_climate_hourly_AB_3031092_06-2026_P1H.csv
-114.01,51.12,CALGARY INTL A,3031092,2026-06-09 13:00,2026,6,9,13:00,,17.6,,2.6,,36.0,,,,23.0,,17.0,,64.4,,87.73,,,,,,,34.72023809523819,0.04999999999999982,0.0,0.0018001028630207328,0.0,0.0018001028630207328,en_climate_hourly_AB_3031092_06-2026_P1H.csv
-114.01,51.12,CALGARY INTL A,3031092,2026-06-09 14:00,2026,6,9,14:00,,17.9,,2.5,,35.0,,,,21.0,,19.0,,64.4,,87.71,,,,,,Mostly Cloudy,36.00617283950607,0.012500000000000178,0.0,0.00043395336876393676,0.0,0.00043395336876393676,en_climate_hourly_AB_3031092_06-2026_P1H.csv
-114.01,51.12,CALGARY INTL A,3031092,2026-06-09 15:00,2026,6,9,15:00,,17.9,,3.2,,37.0,,,,18.0,,12.0,,64.4,,87.71,,,,,,,36.00617283950607,0.012500000000000178,0.0,0.00043395336876393676,0.0,0.00043395336876393676,en_climate_hourly_AB_3031092_06-2026_P1H.csv
-114.01,51.12,CALGARY INTL A,3031092,2026-06-09 16:00,2026,6,9,16:00,,20.1,,3.0,,32.0,,,,24.0,,13.0,,64.4,,87.68,,,,,,,49.4322033898307,0.0,0.34230000000000027,0.0,0.008655794616835221,0.008655794616835221,en_climate_hourly_AB_3031092_06-2026_P1H.csv
-114.01,51.12,CALGARY INTL A,3031092,2026-06-09 17:00,2026,6,9,17:00,,19.0,,3.5,,35.0,,,,36.0,,14.0,,64.4,,87.67,,,,,,Mostly Cloudy,41.66428571428571,0.0,0.163,0.0,0.004890279444539689,0.004890279444539689,en_climate_hourly_AB_3031092_06-2026_P1H.csv
-114.01,51.12,CALGARY INTL A,3031092,2026-06-09 18:00,2026,6,9,18:00,,15.7,,5.3,,50.0,,,,32.0,,28.0,,48.3,,87.72,,,,,,,28.31553398058249,0.2875000000000001,0.0,0.012691796674095682,0.0,0.012691796674095682,en_climate_hourly_AB_3031092_06-2026_P1H.csv
-114.01,51.12,CALGARY INTL A,3031092,2026-06-09 19:00,2026,6,9,19:00,,16.0,,4.8,,47.0,,,,34.0,,28.0,,32.2,,87.74,,,,,,,29.165,0.25,0.0,0.010714897994171095,0.0,0.010714897994171095,en_climate_hourly_AB_3031092_06-2026_P1H.csv
-114.01,51.12,CALGARY INTL A,3031092,2026-06-09 20:00,2026,6,9,20:00,,14.0,,4.4,,52.0,,,,33.0,,21.0,,32.2,,87.8,,,,,,Mostly Cloudy,24.304166666666664,0.5,0.0,0.02571575518601063,0.0,0.02571575518601063,en_climate_hourly_AB_3031092_06-2026_P1H.csv
-114.01,51.12,CALGARY INTL A,3031092,2026-06-09 21:00,2026,6,9,21:00,,13.2,,4.0,,53.0,,,,32.0,,21.0,,24.1,,87.82,,,,,,,22.78515624999998,0.6000000000000001,0.0,0.03291616663809364,0.0,0.03291616663809364,en_climate_hourly_AB_3031092_06-2026_P1H.csv
-114.01,51.12,CALGARY INTL A,3031092,2026-06-09 22:00,2026,6,9,22:00,,13.5,,4.7,,55.0,,,,31.0,,16.0,,24.1,,87.83,,,,,,,23.331999999999997,0.5625,0.0,0.03013565060860621,0.0,0.03013565060860621,en_climate_hourly_AB_3031092_06-2026_P1H.csv
-114.01,51.12,CALGARY INTL A,3031092,2026-06-09 23:00,2026,6,9,23:00,,12.7,,4.3,,56.0,,,,32.0,,10.0,,24.1,,87.83,,,,,,Mostly Cloudy,21.92857142857141,0.6625000000000001,0.0,0.037764657980456064,0.0,0.037764657980456064,en_climate_hourly_AB_3031092_06-2026_P1H.csv
-114.01,51.12,CALGARY INTL A,3031092,2026-06-10 00:00,2026,6,10,00:00,,12.5,,5.1,,60.0,,,,32.0,,17.0,,24.1,,87.85,,,,,,,21.6037037037037,0.6875,0.0,0.0397790588033602,0.0,0.0397790588033602,en_climate_hourly_AB_3031092_06-2026_P1H.csv
-114.01,51.12,CALGARY INTL A,3031092,2026-06-10 01:00,2026,6,10,01:00,,11.9,,6.1,,68.0,,,,29.0,,16.0,,24.1,,87.89,,,,,,,20.684397163120533,0.7625,0.0,0.04607941882393287,0.0,0.04607941882393287,en_climate_hourly_AB_3031092_06-2026_P1H.csv
-114.01,51.12,CALGARY INTL A,3031092,2026-06-10 02:00,2026,6,10,02:00,,10.0,,7.4,,84.0,,,,31.0,,15.0,,12.9,,87.92,,,,,,Rain,18.228125,1.0,0.0,0.06857534716269502,0.0,0.06857534716269502,en_climate_hourly_AB_3031092_06-2026_P1H.csv
-114.01,51.12,CALGARY INTL A,3031092,2026-06-10 03:00,2026,6,10,03:00,,10.2,,6.7,,79.0,,,,33.0,,14.0,,16.1,,87.91,,,,,,,18.458860759493657,0.9750000000000001,0.0,0.06602520144008234,0.0,0.06602520144008234,en_climate_hourly_AB_3031092_06-2026_P1H.csv
-114.01,51.12,CALGARY INTL A,3031092,2026-06-10 04:00,2026,6,10,04:00,,9.8,,6.8,,82.0,,,,30.0,,9.0,,12.9,,87.92,,,,,,Rain,18.003086419753096,1.025,0.0,0.07116835247728437,0.0,0.07116835247728437,en_climate_hourly_AB_3031092_06-2026_P1H.csv
-114.01,51.12,CALGARY INTL A,3031092,2026-06-10 05:00,2026,6,10,05:00,,10.1,,6.2,,77.0,,,,34.0,,12.0,,48.3,,87.95,,,,,,Cloudy,18.342767295597508,0.9875,0.0,0.06729491685239147,0.0,0.06729491685239147,en_climate_hourly_AB_3031092_06-2026_P1H.csv
-114.01,51.12,CALGARY INTL A,3031092,2026-06-10 06:00,2026,6,10,06:00,,9.9,,6.2,,77.0,,,,33.0,,18.0,,48.3,,87.99,,,,,,Rain,18.11490683229811,1.0125,0.0,0.06986649237099272,0.0,0.06986649237099272,en_climate_hourly_AB_3031092_06-2026_P1H.csv
-114.01,51.12,CALGARY INTL A,3031092,2026-06-10 07:00,2026,6,10,07:00,,9.6,,7.3,,86.0,,,,34.0,,20.0,,32.2,,88.03,,,,,,Rain,17.783536585365876,1.05,0.0,0.07380421738385042,0.0,0.07380421738385042,en_climate_hourly_AB_3031092_06-2026_P1H.csv
-114.01,51.12,CALGARY INTL A,3031092,2026-06-10 08:00,2026,6,10,08:00,,10.0,,7.6,,85.0,,,,33.0,,22.0,,32.2,,88.05,,,,,,Rain,18.228125,1.0,0.0,0.06857534716269502,0.0,0.06857534716269502,en_climate_hourly_AB_3031092_06-2026_P1H.csv
-114.01,51.12,CALGARY INTL A,3031092,2026-06-10 09:00,2026,6,10,09:00,,9.8,,7.0,,83.0,,,,34.0,,30.0,,32.2,,88.11,,,,,,Rain,18.003086419753096,1.025,0.0,0.07116835247728437,0.0,0.07116835247728437,en_climate_hourly_AB_3031092_06-2026_P1H.csv
-114.01,51.12,CALGARY INTL A,3031092,2026-06-10 10:00,2026,6,10,10:00,,10.2,,7.3,,82.0,,,,32.0,,29.0,,24.1,,88.12,,,,,,Rain,18.458860759493657,0.9750000000000001,0.0,0.06602520144008234,0.0,0.06602520144008234,en_climate_hourly_AB_3031092_06-2026_P1H.csv
-114.01,51.12,CALGARY INTL A,3031092,2026-06-10 11:00,2026,6,10,11:00,,11.6,,6.8,,72.0,,,,34.0,,35.0,,32.2,,88.16,,,,,,Mostly Cloudy,20.253472222222253,0.8,0.0,0.04937424995714033,0.0,0.04937424995714033,en_climate_hourly_AB_3031092_06-2026_P1H.csv
-114.01,51.12,CALGARY INTL A,3031092,2026-06-10 12:00,2026,6,10,12:00,,12.4,,6.7,,68.0,,,,33.0,,45.0,,32.2,,88.23,,,,,,Rain Showers,21.444852941176432,0.7,0.0,0.0408023315618036,0.0,0.0408023315618036,en_climate_hourly_AB_3031092_06-2026_P1H.csv
-114.01,51.12,CALGARY INTL A,3031092,2026-06-10 13:00,2026,6,10,13:00,,11.4,,6.2,,70.0,,,,34.0,,40.0,,32.2,,88.29,,,,,,Rain,19.976027397260243,0.825,0.0,0.051624378535916414,0.0,0.051624378535916414,en_climate_hourly_AB_3031092_06-2026_P1H.csv
-114.01,51.12,CALGARY INTL A,3031092,2026-06-10 14:00,2026,6,10,14:00,,13.2,,5.2,,58.0,,,,33.0,,50.0,,24.1,,88.35,,,,,,Mostly Cloudy,22.78515624999998,0.6000000000000001,0.0,0.03291616663809364,0.0,0.03291616663809364,en_climate_hourly_AB_3031092_06-2026_P1H.csv
-114.01,51.12,CALGARY INTL A,3031092,2026-06-10 15:00,2026,6,10,15:00,,13.8,,5.4,,57.0,,,,34.0,,48.0,,32.2,,88.4,,,,,,,23.905737704918053,0.5249999999999999,0.0,0.02745156866106632,0.0,0.02745156866106632,en_climate_hourly_AB_3031092_06-2026_P1H.csv
-114.01,51.12,CALGARY INTL A,3031092,2026-06-10 16:00,2026,6,10,16:00,,14.9,,5.0,,51.0,,,,32.0,,45.0,,48.3,,88.42,,,,,,,26.27477477477472,0.38749999999999996,0.0,0.018434981998971405,0.0,0.018434981998971405,en_climate_hourly_AB_3031092_06-2026_P1H.csv
-114.01,51.12,CALGARY INTL A,3031092,2026-06-10 17:00,2026,6,10,17:00,,15.0,,5.5,,53.0,,,,33.0,,41.0,,32.2,,88.49,,,,,,Mostly Cloudy,26.513636363636362,0.375,0.0,0.017679581690382307,0.0,0.017679581690382307,en_climate_hourly_AB_3031092_06-2026_P1H.csv
-114.01,51.12,CALGARY INTL A,3031092,2026-06-10 18:00,2026,6,10,18:00,,15.8,,5.3,,49.0,,,,33.0,,33.0,,48.3,,88.58,,,,,,,28.59313725490199,0.2749999999999999,0.0,0.012022115549459951,0.0,0.012022115549459951,en_climate_hourly_AB_3031092_06-2026_P1H.csv
-114.01,51.12,CALGARY INTL A,3031092,2026-06-10 19:00,2026,6,10,19:00,,13.3,,7.4,,67.0,,,,34.0,,24.0,,40.2,,88.66,,,,,,,22.964566929133877,0.5874999999999999,0.0,0.031978613063603605,0.0,0.031978613063603605,en_climate_hourly_AB_3031092_06-2026_P1H.csv
-114.01,51.12,CALGARY INTL A,3031092,2026-06-10 20:00,2026,6,10,20:00,,11.9,,6.1,,67.0,,,,33.0,,18.0,,24.1,,88.71,,,,,,Mostly Cloudy,20.684397163120533,0.7625,0.0,0.04607941882393287,0.0,0.04607941882393287,en_climate_hourly_AB_3031092_06-2026_P1H.csv
-114.01,51.12,CALGARY INTL A,3031092,2026-06-10 21:00,2026,6,10,21:00,,12.0,,5.6,,65.0,,,,32.0,,18.0,,24.1,,88.76,,,,,,,20.832142857142856,0.75,0.0,0.0450025715755186,0.0,0.0450025715755186,en_climate_hourly_AB_3031092_06-2026_P1H.csv
-114.01,51.12,CALGARY INTL A,3031092,2026-06-10 22:00,2026,6,10,22:00,,11.7,,5.7,,67.0,,,,33.0,,23.0,,24.1,,88.86,,,,,,,20.39510489510488,0.7875000000000001,0.0,0.04826525801474374,0.0,0.04826525801474374,en_climate_hourly_AB_3031092_06-2026_P1H.csv
-114.01,51.12,CALGARY INTL A,3031092,2026-06-10 23:00,2026,6,10,23:00,,10.4,,6.3,,75.0,,,,31.0,,25.0,,24.1,,88.86,,,,,,Mostly Cloudy,18.695512820512793,0.95,0.0,0.06351791530944634,0.0,0.06351791530944634,en_climate_hourly_AB_3031092_06-2026_P1H.csv
-114.01,51.12,CALGARY INTL A,3031092,2026-06-11 00:00,2026,6,11,00:00,,11.1,,4.7,,64.0,,,,31.0,,30.0,,24.1,,88.86,,,,,,,19.57382550335573,0.8625,0.0,0.05507993313903644,0.0,0.05507993313903644,en_climate_hourly_AB_3031092_06-2026_P1H.csv
-114.01,51.12,CALGARY INTL A,3031092,2026-06-11 01:00,2026,6,11,01:00,,10.6,,4.7,,66.0,,,,33.0,,22.0,,24.1,,88.88,,,,,,,18.938311688311714,0.925,0.0,0.06105348877078682,0.0,0.06105348877078682,en_climate_hourly_AB_3031092_06-2026_P1H.csv
-114.01,51.12,CALGARY INTL A,3031092,2026-06-11 02:00,2026,6,11,02:00,,10.9,,4.7,,65.0,,,,33.0,,17.0,,24.1,,88.91,,,,,,Mostly Cloudy,19.31456953642381,0.8875,0.0,0.057437210697754246,0.0,0.057437210697754246,en_climate_hourly_AB_3031092_06-2026_P1H.csv
-114.01,51.12,CALGARY INTL A,3031092,2026-06-11 03:00,2026,6,11,03:00,,10.8,,4.8,,66.0,,,,32.0,,12.0,,24.1,,88.93,,,,,,,19.187500000000014,0.8999999999999999,0.0,0.058631921824104184,0.0,0.058631921824104184,en_climate_hourly_AB_3031092_06-2026_P1H.csv
-114.01,51.12,CALGARY INTL A,3031092,2026-06-11 04:00,2026,6,11,04:00,,11.3,,4.8,,64.0,,,,31.0,,22.0,,24.1,,88.92,,,,,,,19.840136054421784,0.8374999999999999,0.0,0.05276551517229551,0.0,0.05276551517229551,en_climate_hourly_AB_3031092_06-2026_P1H.csv
-114.01,51.12,CALGARY INTL A,3031092,2026-06-11 05:00,2026,6,11,05:00,,11.2,,4.8,,64.0,,,,33.0,,18.0,,64.4,,88.94,,,,,,Mostly Cloudy,19.706081081081063,0.8500000000000001,0.0,0.053917366706669,0.0,0.053917366706669,en_climate_hourly_AB_3031092_06-2026_P1H.csv
-114.01,51.12,CALGARY INTL A,3031092,2026-06-11 06:00,2026,6,11,06:00,,11.1,,5.1,,66.0,,,,32.0,,17.0,,64.4,,88.94,,,,,,,19.57382550335573,0.8625,0.0,0.05507993313903644,0.0,0.05507993313903644,en_climate_hourly_AB_3031092_06-2026_P1H.csv
-114.01,51.12,CALGARY INTL A,3031092,2026-06-11 07:00,2026,6,11,07:00,,12.3,,5.1,,61.0,,,,33.0,,23.0,,64.4,,88.94,,,,,,,21.28832116788323,0.7124999999999999,0.0,0.041836319218241,0.0,0.041836319218241,en_climate_hourly_AB_3031092_06-2026_P1H.csv
-114.01,51.12,CALGARY INTL A,3031092,2026-06-11 08:00,2026,6,11,08:00,,13.1,,5.9,,61.0,,,,34.0,,19.0,,64.4,,88.95,,,,,,Mostly Cloudy,22.608527131782985,0.6125,0.0,0.03386443511057769,0.0,0.03386443511057769,en_climate_hourly_AB_3031092_06-2026_P1H.csv
-114.01,51.12,CALGARY INTL A,3031092,2026-06-11 09:00,2026,6,11,09:00,,13.8,,5.9,,58.0,,,,32.0,,17.0,,64.4,,88.96,,,,,,,23.905737704918053,0.5249999999999999,0.0,0.02745156866106632,0.0,0.02745156866106632,en_climate_hourly_AB_3031092_06-2026_P1H.csv
-114.01,51.12,CALGARY INTL A,3031092,2026-06-11 10:00,2026,6,11,10:00,,14.3,,6.1,,58.0,,,,34.0,,27.0,,64.4,,88.95,,,,,,,24.92735042735045,0.4624999999999999,0.0,0.023192396708383307,0.0,0.023192396708383307,en_climate_hourly_AB_3031092_06-2026_P1H.csv
-114.01,51.12,CALGARY INTL A,3031092,2026-06-11 11:00,2026,6,11,11:00,,15.8,,6.2,,52.0,,,,36.0,,25.0,,64.4,,88.91,,,,,,Mostly Cloudy,28.59313725490199,0.2749999999999999,0.0,0.012022115549459951,0.0,0.012022115549459951,en_climate_hourly_AB_3031092_06-2026_P1H.csv
-114.01,51.12,CALGARY INTL A,3031092,2026-06-11 12:00,2026,6,11,12:00,,16.9,,6.4,,50.0,,,,33.0,,20.0,,64.4,,88.86,,,,,,,32.04945054945047,0.13750000000000018,0.0,0.005362806446082653,0.0,0.005362806446082653,en_climate_hourly_AB_3031092_06-2026_P1H.csv
-114.01,51.12,CALGARY INTL A,3031092,2026-06-11 13:00,2026,6,11,13:00,,15.5,,4.6,,48.0,,,,33.0,,5.0,,64.4,,88.82,,,,,,Rain Showers,27.776190476190475,0.3125,0.0,0.014063303617349561,0.0,0.014063303617349561,en_climate_hourly_AB_3031092_06-2026_P1H.csv
-114.01,51.12,CALGARY INTL A,3031092,2026-06-11 14:00,2026,6,11,14:00,,12.8,,7.8,,71.0,,,,1.0,,29.0,,64.4,,88.86,,,,,,"Thunderstorms,Rain Showers",22.094696969696987,0.6499999999999999,0.0,0.03677352991599517,0.0,0.03677352991599517,en_climate_hourly_AB_3031092_06-2026_P1H.csv
-114.01,51.12,CALGARY INTL A,3031092,2026-06-11 15:00,2026,6,11,15:00,,13.4,,8.4,,71.0,,,,36.0,,17.0,,64.4,,88.89,,,,,,,23.146825396825353,0.575,0.0,0.031051774387107888,0.0,0.031051774387107888,en_climate_hourly_AB_3031092_06-2026_P1H.csv
-114.01,51.12,CALGARY INTL A,3031092,2026-06-11 16:00,2026,6,11,16:00,,11.3,,7.7,,78.0,,,,1.0,,27.0,,32.2,,88.87,,,,,,Rain Showers,19.840136054421784,0.8374999999999999,0.0,0.05276551517229551,0.0,0.05276551517229551,en_climate_hourly_AB_3031092_06-2026_P1H.csv
-114.01,51.12,CALGARY INTL A,3031092,2026-06-11 17:00,2026,6,11,17:00,,12.5,,7.9,,73.0,,,,35.0,,13.0,,32.2,,88.86,,,,,,Mostly Cloudy,21.6037037037037,0.6875,0.0,0.0397790588033602,0.0,0.0397790588033602,en_climate_hourly_AB_3031092_06-2026_P1H.csv
-114.01,51.12,CALGARY INTL A,3031092,2026-06-11 18:00,2026,6,11,18:00,,12.4,,6.4,,67.0,,,,31.0,,11.0,,24.1,,88.9,,,,,,,21.444852941176432,0.7,0.0,0.0408023315618036,0.0,0.0408023315618036,en_climate_hourly_AB_3031092_06-2026_P1H.csv
-114.01,51.12,CALGARY INTL A,3031092,2026-06-11 19:00,2026,6,11,19:00,,12.8,,6.9,,67.0,,,,36.0,,28.0,,24.1,,88.93,,,,,,,22.094696969696987,0.6499999999999999,0.0,0.03677352991599517,0.0,0.03677352991599517,en_climate_hourly_AB_3031092_06-2026_P1H.csv
-114.01,51.12,CALGARY INTL A,3031092,2026-06-11 20:00,2026,6,11,20:00,,9.8,,6.9,,82.0,,,,34.0,,27.0,,14.5,,88.99,,,,,,Rain,18.003086419753096,1.025,0.0,0.07116835247728437,0.0,0.07116835247728437,en_climate_hourly_AB_3031092_06-2026_P1H.csv
-114.01,51.12,CALGARY INTL A,3031092,2026-06-11 21:00,2026,6,11,21:00,,9.6,,7.1,,85.0,,,,29.0,,12.0,,32.2,,89.01,,,,,,,17.783536585365876,1.05,0.0,0.07380421738385042,0.0,0.07380421738385042,en_climate_hourly_AB_3031092_06-2026_P1H.csv
-114.01,51.12,CALGARY INTL A,3031092,2026-06-11 22:00,2026,6,11,22:00,,9.2,,6.7,,84.0,,,,29.0,,8.0,,24.1,,89.04,,,,,,,17.360119047619033,1.1,0.0,0.0792045259729128,0.0,0.0792045259729128,en_climate_hourly_AB_3031092_06-2026_P1H.csv
-114.01,51.12,CALGARY INTL A,3031092,2026-06-11 23:00,2026,6,11,23:00,,9.4,,5.6,,77.0,,,,31.0,,9.0,,24.1,,89.02,,,,,,Mostly Cloudy,17.56927710843371,1.075,0.0,0.0764829418823934,0.0,0.0764829418823934,en_climate_hourly_AB_3031092_06-2026_P1H.csv
-114.01,51.12,CALGARY INTL A,3031092,2026-06-12 00:00,2026,6,12,00:00,,8.8,,5.3,,78.0,,,,30.0,,16.0,,24.1,,89.01,,,,,,,16.95639534883722,1.15,0.0,0.08477627292988164,0.0,0.08477627292988164,en_climate_hourly_AB_3031092_06-2026_P1H.csv
-114.01,51.12,CALGARY INTL A,3031092,2026-06-12 01:00,2026,6,12,01:00,,8.3,,4.9,,79.0,,,,32.0,,10.0,,24.1,,89.03,,,,,,,16.477401129943512,1.2125,0.0,0.0919820418309617,0.0,0.0919820418309617,en_climate_hourly_AB_3031092_06-2026_P1H.csv
-114.01,51.12,CALGARY INTL A,3031092,2026-06-12 02:00,2026,6,12,02:00,,8.6,,5.1,,79.0,,,,34.0,,14.0,,24.1,,89.03,,,,,,Mostly Cloudy,16.761494252873582,1.175,0.0,0.08762643579633111,0.0,0.08762643579633111,en_climate_hourly_AB_3031092_06-2026_P1H.csv
-114.01,51.12,CALGARY INTL A,3031092,2026-06-12 03:00,2026,6,12,03:00,,8.6,,5.1,,79.0,,,,33.0,,14.0,,24.1,,89.03,,,,,,,16.761494252873582,1.175,0.0,0.08762643579633111,0.0,0.08762643579633111,en_climate_hourly_AB_3031092_06-2026_P1H.csv
-114.01,51.12,CALGARY INTL A,3031092,2026-06-12 04:00,2026,6,12,04:00,,8.5,,5.5,,81.0,,,,34.0,,17.0,,24.1,,89.04,,,,,,,16.665714285714284,1.1875,0.0,0.08906758957654724,0.0,0.08906758957654724,en_climate_hourly_AB_3031092_06-2026_P1H.csv
-114.01,51.12,CALGARY INTL A,3031092,2026-06-12 05:00,2026,6,12,05:00,,7.4,,6.3,,93.0,,,,3.0,,18.0,,4.0,,89.08,,,,,,Fog,15.6801075268817,1.325,0.0,0.10562746442653878,0.0,0.10562746442653878,en_climate_hourly_AB_3031092_06-2026_P1H.csv
-114.01,51.12,CALGARY INTL A,3031092,2026-06-12 06:00,2026,6,12,06:00,,6.9,,5.9,,94.0,,,,1.0,,15.0,,6.4,,89.12,,,,,,Fog,15.269633507853383,1.3875,0.0,0.11358327618721084,0.0,0.11358327618721084,en_climate_hourly_AB_3031092_06-2026_P1H.csv
-114.01,51.12,CALGARY INTL A,3031092,2026-06-12 07:00,2026,6,12,07:00,,7.7,,6.0,,89.0,,,,35.0,,14.0,,14.5,,89.16,,,,,,,15.937158469945343,1.2875,0.0,0.10098255614606556,0.0,0.10098255614606556,en_climate_hourly_AB_3031092_06-2026_P1H.csv
-114.01,51.12,CALGARY INTL A,3031092,2026-06-12 08:00,2026,6,12,08:00,,8.1,,5.7,,84.0,,,,36.0,,16.0,,24.1,,89.19,,,,,,Rain,16.293296089385493,1.2375,0.0,0.09493935367735289,0.0,0.09493935367735289,en_climate_hourly_AB_3031092_06-2026_P1H.csv
-114.01,51.12,CALGARY INTL A,3031092,2026-06-12 09:00,2026,6,12,09:00,,8.7,,5.0,,77.0,,,,35.0,,20.0,,24.1,,89.23,,,,,,,16.85838150289016,1.1625,0.0,0.08619599691410944,0.0,0.08619599691410944,en_climate_hourly_AB_3031092_06-2026_P1H.csv
-114.01,51.12,CALGARY INTL A,3031092,2026-06-12 10:00,2026,6,12,10:00,,10.6,,4.4,,65.0,,,,34.0,,24.0,,24.1,,89.25,,,,,,,18.938311688311714,0.925,0.0,0.06105348877078682,0.0,0.06105348877078682,en_climate_hourly_AB_3031092_06-2026_P1H.csv
-114.01,51.12,CALGARY INTL A,3031092,2026-06-12 11:00,2026,6,12,11:00,,10.6,,2.9,,59.0,,,,34.0,,30.0,,24.1,,89.29,,,,,,Mostly Cloudy,18.938311688311714,0.925,0.0,0.06105348877078682,0.0,0.06105348877078682,en_climate_hourly_AB_3031092_06-2026_P1H.csv
-114.01,51.12,CALGARY INTL A,3031092,2026-06-12 12:00,2026,6,12,12:00,,10.3,,4.5,,67.0,,,,36.0,,32.0,,24.1,,89.36,,,,,,,18.57643312101912,0.9624999999999999,0.0,0.06476620092576713,0.0,0.06476620092576713,en_climate_hourly_AB_3031092_06-2026_P1H.csv
-114.01,51.12,CALGARY INTL A,3031092,2026-06-12 13:00,2026,6,12,13:00,,11.2,,4.4,,63.0,,,,36.0,,22.0,,24.1,,89.39,,,,,,Rain Showers,19.706081081081063,0.8500000000000001,0.0,0.053917366706669,0.0,0.053917366706669,en_climate_hourly_AB_3031092_06-2026_P1H.csv
-114.01,51.12,CALGARY INTL A,3031092,2026-06-12 14:00,2026,6,12,14:00,,12.5,,5.0,,60.0,,,,36.0,,23.0,,24.1,,89.43,,,,,,Mostly Cloudy,21.6037037037037,0.6875,0.0,0.0397790588033602,0.0,0.0397790588033602,en_climate_hourly_AB_3031092_06-2026_P1H.csv
-114.01,51.12,CALGARY INTL A,3031092,2026-06-12 15:00,2026,6,12,15:00,,10.7,,4.8,,67.0,,,,1.0,,29.0,,24.1,,89.49,,,,,,Rain Showers,19.062091503267958,0.9125000000000001,0.0,0.05983734784844853,0.0,0.05983734784844853,en_climate_hourly_AB_3031092_06-2026_P1H.csv
-114.01,51.12,CALGARY INTL A,3031092,2026-06-12 16:00,2026,6,12,16:00,,10.6,,5.0,,68.0,,,,36.0,,29.0,,24.1,,89.55,,,,,,,18.938311688311714,0.925,0.0,0.06105348877078682,0.0,0.06105348877078682,en_climate_hourly_AB_3031092_06-2026_P1H.csv
-114.01,51.12,CALGARY INTL A,3031092,2026-06-12 17:00,2026,6,12,17:00,,11.3,,3.6,,59.0,,,,1.0,,33.0,,24.1,,89.58,,,,,,Mostly Cloudy,19.840136054421784,0.8374999999999999,0.0,0.05276551517229551,0.0,0.05276551517229551,en_climate_hourly_AB_3031092_06-2026_P1H.csv
-114.01,51.12,CALGARY INTL A,3031092,2026-06-12 18:00,2026,6,12,18:00,,12.1,,3.0,,53.0,,,,36.0,,30.0,,24.1,,89.62,,,,,,,20.98201438848924,0.7375,0.0,0.04393643922509851,0.0,0.04393643922509851,en_climate_hourly_AB_3031092_06-2026_P1H.csv
-114.01,51.12,CALGARY INTL A,3031092,2026-06-12 19:00,2026,6,12,19:00,,10.4,,4.0,,65.0,,,,36.0,,33.0,,24.1,,89.69,,,,,,,18.695512820512793,0.95,0.0,0.06351791530944634,0.0,0.06351791530944634,en_climate_hourly_AB_3031092_06-2026_P1H.csv
-114.01,51.12,CALGARY INTL A,3031092,2026-06-12 20:00,2026,6,12,20:00,,10.2,,3.0,,61.0,,,,34.0,,24.0,,24.1,,89.72,,,,,,Mainly Clear,18.458860759493657,0.9750000000000001,0.0,0.06602520144008234,0.0,0.06602520144008234,en_climate_hourly_AB_3031092_06-2026_P1H.csv
-114.01,51.12,CALGARY INTL A,3031092,2026-06-12 21:00,2026,6,12,21:00,,9.5,,3.7,,67.0,,,,34.0,,17.0,,24.1,,89.78,,,,,,,17.675757575757576,1.0625,0.0,0.0751382221841248,0.0,0.0751382221841248,en_climate_hourly_AB_3031092_06-2026_P1H.csv
-114.01,51.12,CALGARY INTL A,3031092,2026-06-12 22:00,2026,6,12,22:00,,8.0,,4.0,,76.0,,,,33.0,,8.0,,24.1,,89.86,,,,,,,16.202777777777776,1.25,0.0,0.09643408194753986,0.0,0.09643408194753986,en_climate_hourly_AB_3031092_06-2026_P1H.csv
-114.01,51.12,CALGARY INTL A,3031092,2026-06-12 23:00,2026,6,12,23:00,,7.7,,3.2,,73.0,,,,34.0,,11.0,,24.1,,89.89,,,,,,Clear,15.937158469945343,1.2875,0.0,0.10098255614606556,0.0,0.10098255614606556,en_climate_hourly_AB_3031092_06-2026_P1H.csv
-114.01,51.12,CALGARY INTL A,3031092,2026-06-13 00:00,2026,6,13,00:00,,7.9,,3.3,,73.0,,,,33.0,,14.0,,24.1,,89.92,,,,,,,16.113259668508267,1.2625,0.0,0.09793952511572102,0.0,0.09793952511572102,en_climate_hourly_AB_3031092_06-2026_P1H.csv
-114.01,51.12,CALGARY INTL A,3031092,2026-06-13 01:00,2026,6,13,01:00,,7.5,,3.3,,74.0,,,,33.0,,13.0,,24.1,,89.93,,,,,,,15.764864864864863,1.3125,0.0,0.10406844676838677,0.0,0.10406844676838677,en_climate_hourly_AB_3031092_06-2026_P1H.csv
-114.01,51.12,CALGARY INTL A,3031092,2026-06-13 02:00,2026,6,13,02:00,,6.3,,3.1,,80.0,,,,36.0,,14.0,,24.1,,89.96,,,,,,Mainly Clear,14.80456852791879,1.4625,0.0,0.12348384193382471,0.0,0.12348384193382471,en_climate_hourly_AB_3031092_06-2026_P1H.csv
-114.01,51.12,CALGARY INTL A,3031092,2026-06-13 03:00,2026,6,13,03:00,,5.8,,2.5,,79.0,,,,1.0,,15.0,,24.1,,89.99,,,,,,,14.438118811881195,1.525,0.0,0.13202897308417616,0.0,0.13202897308417616,en_climate_hourly_AB_3031092_06-2026_P1H.csv
-114.01,51.12,CALGARY INTL A,3031092,2026-06-13 04:00,2026,6,13,04:00,,6.0,,2.9,,81.0,,,,34.0,,14.0,,24.1,,89.99,,,,,,,14.5825,1.5,0.0,0.12857877593005315,0.0,0.12857877593005315,en_climate_hourly_AB_3031092_06-2026_P1H.csv
-114.01,51.12,CALGARY INTL A,3031092,2026-06-13 05:00,2026,6,13,05:00,,6.8,,2.5,,74.0,,,,33.0,,16.0,,24.1,,90.0,,,,,,Mainly Clear,15.190104166666675,1.4,0.0,0.11520658323332754,0.0,0.11520658323332754,en_climate_hourly_AB_3031092_06-2026_P1H.csv
-114.01,51.12,CALGARY INTL A,3031092,2026-06-13 06:00,2026,6,13,06:00,,8.1,,2.9,,70.0,,,,34.0,,17.0,,64.4,,90.05,,,,,,,16.293296089385493,1.2375,0.0,0.09493935367735289,0.0,0.09493935367735289,en_climate_hourly_AB_3031092_06-2026_P1H.csv
-114.01,51.12,CALGARY INTL A,3031092,2026-06-13 07:00,2026,6,13,07:00,,9.8,,3.8,,66.0,,,,34.0,,19.0,,64.4,,90.06,,,,,,,18.003086419753096,1.025,0.0,0.07116835247728437,0.0,0.07116835247728437,en_climate_hourly_AB_3031092_06-2026_P1H.csv
-114.01,51.12,CALGARY INTL A,3031092,2026-06-13 08:00,2026,6,13,08:00,,11.5,,4.4,,61.0,,,,33.0,,17.0,,64.4,,90.08,,,,,,Mainly Clear,20.113793103448273,0.8125,0.0,0.05049395679753129,0.0,0.05049395679753129,en_climate_hourly_AB_3031092_06-2026_P1H.csv
-114.01,51.12,CALGARY INTL A,3031092,2026-06-13 09:00,2026,6,13,09:00,,12.9,,3.8,,54.0,,,,36.0,,16.0,,64.4,,90.07,,,,,,,22.263358778625914,0.6375,0.0,0.0357931167495286,0.0,0.0357931167495286,en_climate_hourly_AB_3031092_06-2026_P1H.csv
-114.01,51.12,CALGARY INTL A,3031092,2026-06-13 10:00,2026,6,13,10:00,,14.2,,3.7,,49.0,,,,1.0,,13.0,,64.4,,90.07,,,,,,,24.716101694915228,0.4750000000000001,0.0,0.024022801302931624,0.0,0.024022801302931624,en_climate_hourly_AB_3031092_06-2026_P1H.csv
-114.01,51.12,CALGARY INTL A,3031092,2026-06-13 11:00,2026,6,13,11:00,,15.3,,2.8,,43.0,,,,36.0,,20.0,,64.4,,90.08,,,,,,Mainly Clear,27.25700934579442,0.3374999999999999,0.0,0.015477670152580128,0.0,0.015477670152580128,en_climate_hourly_AB_3031092_06-2026_P1H.csv
-114.01,51.12,CALGARY INTL A,3031092,2026-06-13 12:00,2026,6,13,12:00,,15.6,,2.8,,42.0,,,,35.0,,6.0,,64.4,,90.08,,,,,,,28.04326923076929,0.30000000000000004,0.0,0.0133721926967255,0.0,0.0133721926967255,en_climate_hourly_AB_3031092_06-2026_P1H.csv
-114.01,51.12,CALGARY INTL A,3031092,2026-06-13 13:00,2026,6,13,13:00,,15.9,,2.1,,39.0,,,,4.0,,10.0,,64.4,,90.07,,,,,,,28.876237623762307,0.26249999999999996,0.0,0.011363149322818471,0.0,0.011363149322818471,en_climate_hourly_AB_3031092_06-2026_P1H.csv
-114.01,51.12,CALGARY INTL A,3031092,2026-06-13 14:00,2026,6,13,14:00,,17.1,,3.5,,40.0,,,,5.0,,9.0,,64.4,,90.05,,,,,,Mostly Cloudy,32.7696629213484,0.11249999999999982,0.0,0.004291316646665506,0.0,0.004291316646665506,en_climate_hourly_AB_3031092_06-2026_P1H.csv
-114.01,51.12,CALGARY INTL A,3031092,2026-06-13 15:00,2026,6,13,15:00,,17.8,,0.8,,31.0,,,,4.0,,9.0,,64.4,,90.03,,,,,,,35.56707317073175,0.02499999999999991,0.0,0.0008786216355220255,0.0,0.0008786216355220255,en_climate_hourly_AB_3031092_06-2026_P1H.csv
-114.01,51.12,CALGARY INTL A,3031092,2026-06-13 16:00,2026,6,13,16:00,,17.9,,-0.4,,29.0,,,,32.0,,7.0,,64.4,,90.01,,,,,,,36.00617283950607,0.012500000000000178,0.0,0.00043395336876393676,0.0,0.00043395336876393676,en_climate_hourly_AB_3031092_06-2026_P1H.csv
-114.01,51.12,CALGARY INTL A,3031092,2026-06-13 17:00,2026,6,13,17:00,,18.4,,-0.5,,28.0,,,,7.0,,17.0,,64.4,,89.99,,,,,,Mainly Clear,38.37499999999988,0.0,0.06519999999999977,0.0,0.0021237785016286637,0.0021237785016286637,en_climate_hourly_AB_3031092_06-2026_P1H.csv
-114.01,51.12,CALGARY INTL A,3031092,2026-06-13 18:00,2026,6,13,18:00,,18.1,,-0.6,,28.0,,,,10.0,,7.0,,64.4,,89.96,,,,,,,36.91772151898744,0.0,0.01630000000000023,0.0,0.000551902965883771,0.000551902965883771,en_climate_hourly_AB_3031092_06-2026_P1H.csv
-114.01,51.12,CALGARY INTL A,3031092,2026-06-13 19:00,2026,6,13,19:00,,17.5,,-0.7,,29.0,,,,11.0,,13.0,,64.4,,89.97,,,,,,,34.311764705882354,0.0625,0.0,0.0022769158237613573,0.0,0.0022769158237613573,en_climate_hourly_AB_3031092_06-2026_P1H.csv
-114.01,51.12,CALGARY INTL A,3031092,2026-06-13 20:00,2026,6,13,20:00,,16.8,,-0.6,,31.0,,,,11.0,,15.0,,64.4,,89.99,,,,,,Mainly Clear,31.701086956521777,0.1499999999999999,0.0,0.005914623692782434,0.0,0.005914623692782434,en_climate_hourly_AB_3031092_06-2026_P1H.csv
-114.01,51.12,CALGARY INTL A,3031092,2026-06-13 21:00,2026,6,13,21:00,,15.4,,0.3,,36.0,,,,15.0,,16.0,,64.4,,90.01,,,,,,,27.514150943396164,0.32499999999999996,0.0,0.0147651294359678,0.0,0.0147651294359678,en_climate_hourly_AB_3031092_06-2026_P1H.csv
-114.01,51.12,CALGARY INTL A,3031092,2026-06-13 22:00,2026,6,13,22:00,,12.4,,1.2,,46.0,,,,16.0,,14.0,,32.2,,90.01,,,,,,,21.444852941176432,0.7,0.0,0.0408023315618036,0.0,0.0408023315618036,en_climate_hourly_AB_3031092_06-2026_P1H.csv
-114.01,51.12,CALGARY INTL A,3031092,2026-06-13 23:00,2026,6,13,23:00,,12.8,,1.6,,46.0,,,,19.0,,7.0,,24.1,,89.99,,,,,,Clear,22.094696969696987,0.6499999999999999,0.0,0.03677352991599517,0.0,0.03677352991599517,en_climate_hourly_AB_3031092_06-2026_P1H.csv
-114.01,51.12,CALGARY INTL A,3031092,2026-06-14 00:00,2026,6,14,00:00,,12.7,,1.8,,47.0,,,,22.0,,8.0,,24.1,,89.98,,,,,,,21.92857142857141,0.6625000000000001,0.0,0.037764657980456064,0.0,0.037764657980456064,en_climate_hourly_AB_3031092_06-2026_P1H.csv
-114.01,51.12,CALGARY INTL A,3031092,2026-06-14 01:00,2026,6,14,01:00,,10.8,,1.9,,54.0,,,,18.0,,6.0,,24.1,,89.93,,,,,,,19.187500000000014,0.8999999999999999,0.0,0.058631921824104184,0.0,0.058631921824104184,en_climate_hourly_AB_3031092_06-2026_P1H.csv
-114.01,51.12,CALGARY INTL A,3031092,2026-06-14 02:00,2026,6,14,02:00,,10.3,,1.7,,55.0,,,,23.0,,10.0,,24.1,,89.9,,,,,,Clear,18.57643312101912,0.9624999999999999,0.0,0.06476620092576713,0.0,0.06476620092576713,en_climate_hourly_AB_3031092_06-2026_P1H.csv
-114.01,51.12,CALGARY INTL A,3031092,2026-06-14 03:00,2026,6,14,03:00,,10.7,,2.2,,55.0,,,,23.0,,13.0,,24.1,,89.88,,,,,,,19.062091503267958,0.9125000000000001,0.0,0.05983734784844853,0.0,0.05983734784844853,en_climate_hourly_AB_3031092_06-2026_P1H.csv
-114.01,51.12,CALGARY INTL A,3031092,2026-06-14 04:00,2026,6,14,04:00,,8.2,,2.6,,67.0,,,,23.0,,9.0,,48.3,,89.86,,,,,,,16.384831460674146,1.225,0.0,0.09345534030516035,0.0,0.09345534030516035,en_climate_hourly_AB_3031092_06-2026_P1H.csv
-114.01,51.12,CALGARY INTL A,3031092,2026-06-14 05:00,2026,6,14,05:00,,10.3,,2.7,,59.0,,,,23.0,,11.0,,64.4,,89.85,,,,,,Mostly Cloudy,18.57643312101912,0.9624999999999999,0.0,0.06476620092576713,0.0,0.06476620092576713,en_climate_hourly_AB_3031092_06-2026_P1H.csv
-114.01,51.12,CALGARY INTL A,3031092,2026-06-14 06:00,2026,6,14,06:00,,10.4,,3.2,,61.0,,,,21.0,,7.0,,64.4,,89.86,,,,,,,18.695512820512793,0.95,0.0,0.06351791530944634,0.0,0.06351791530944634,en_climate_hourly_AB_3031092_06-2026_P1H.csv
-114.01,51.12,CALGARY INTL A,3031092,2026-06-14 07:00,2026,6,14,07:00,,14.1,,3.5,,49.0,,,,23.0,,5.0,,64.4,,89.86,,,,,,,24.508403361344584,0.48750000000000004,0.0,0.024863920795473983,0.0,0.024863920795473983,en_climate_hourly_AB_3031092_06-2026_P1H.csv
-114.01,51.12,CALGARY INTL A,3031092,2026-06-14 08:00,2026,6,14,08:00,,16.4,,4.9,,46.0,,,,,,0.0,,64.4,,89.86,,,,,,Mostly Cloudy,30.380208333333258,0.20000000000000018,0.0,0.008229041659523428,0.0,0.008229041659523428,en_climate_hourly_AB_3031092_06-2026_P1H.csv
-114.01,51.12,CALGARY INTL A,3031092,2026-06-14 09:00,2026,6,14,09:00,,18.3,,4.8,,40.0,,,,32.0,,15.0,,64.4,,89.85,,,,,,,37.87662337662343,0.0,0.04890000000000012,0.0,0.0016137922166980987,0.0016137922166980987,en_climate_hourly_AB_3031092_06-2026_P1H.csv
-114.01,51.12,CALGARY INTL A,3031092,2026-06-14 10:00,2026,6,14,10:00,,20.0,,3.8,,34.0,,,,1.0,,13.0,,64.4,,89.82,,,,,,,48.60833333333333,0.0,0.326,0.0,0.008383336190639466,0.008383336190639466,en_climate_hourly_AB_3031092_06-2026_P1H.csv
-114.01,51.12,CALGARY INTL A,3031092,2026-06-14 11:00,2026,6,14,11:00,,20.6,,4.5,,35.0,,,,34.0,,8.0,,64.4,,89.79,,,,,,Mainly Clear,54.00925925925948,0.0,0.42380000000000023,0.0,0.009808503343048138,0.009808503343048138,en_climate_hourly_AB_3031092_06-2026_P1H.csv
-114.01,51.12,CALGARY INTL A,3031092,2026-06-14 12:00,2026,6,14,12:00,,20.7,,2.2,,29.0,,,,32.0,,12.0,,64.4,,89.76,,,,,,,55.02830188679233,0.0,0.4400999999999999,0.0,0.009997128407337581,0.009997128407337581,en_climate_hourly_AB_3031092_06-2026_P1H.csv
-114.01,51.12,CALGARY INTL A,3031092,2026-06-14 13:00,2026,6,14,13:00,,21.9,,2.9,,28.0,,,,34.0,,13.0,,64.4,,89.74,,,,,,,49.4322033898307,0.0,0.6356999999999998,0.0,0.016075047145551108,0.016075047145551108,en_climate_hourly_AB_3031092_06-2026_P1H.csv
-114.01,51.12,CALGARY INTL A,3031092,2026-06-14 14:00,2026,6,14,14:00,,23.1,,3.1,,27.0,,,,1.0,,17.0,,64.4,,89.7,,,,,,Mostly Cloudy,41.07746478873226,0.0,0.8313000000000003,0.0,0.025296716955254678,0.025296716955254678,en_climate_hourly_AB_3031092_06-2026_P1H.csv
-114.01,51.12,CALGARY INTL A,3031092,2026-06-14 15:00,2026,6,14,15:00,,22.9,,4.2,,29.0,,,,35.0,,14.0,,64.4,,89.68,,,,,,,42.26811594202912,0.0,0.7986999999999997,0.0,0.02362004971712661,0.02362004971712661,en_climate_hourly_AB_3031092_06-2026_P1H.csv
-114.01,51.12,CALGARY INTL A,3031092,2026-06-14 16:00,2026,6,14,16:00,,22.1,,3.7,,30.0,,,,7.0,,8.0,,64.4,,89.63,,,,,,,47.811475409835886,0.0,0.6683000000000002,0.0,0.017472269843991157,0.017472269843991157,en_climate_hourly_AB_3031092_06-2026_P1H.csv
-114.01,51.12,CALGARY INTL A,3031092,2026-06-14 17:00,2026,6,14,17:00,,22.4,,2.5,,27.0,,,,2.0,,10.0,,64.4,,89.62,,,,,,Mostly Cloudy,45.570312500000156,0.0,0.7171999999999998,0.0,0.019672895594033873,0.019672895594033873,en_climate_hourly_AB_3031092_06-2026_P1H.csv
-114.01,51.12,CALGARY INTL A,3031092,2026-06-14 18:00,2026,6,14,18:00,,21.5,,4.5,,33.0,,,,5.0,,20.0,,64.4,,89.58,,,,,,,53.027272727272724,0.0,0.5705,0.0,0.013448268472484141,0.013448268472484141,en_climate_hourly_AB_3031092_06-2026_P1H.csv
-114.01,51.12,CALGARY INTL A,3031092,2026-06-14 19:00,2026,6,14,19:00,,20.4,,5.1,,36.0,,,,7.0,,13.0,,48.3,,89.59,,,,,,,52.080357142856926,0.0,0.39119999999999977,0.0,0.009389336533516235,0.009389336533516235,en_climate_hourly_AB_3031092_06-2026_P1H.csv
-114.01,51.12,CALGARY INTL A,3031092,2026-06-14 20:00,2026,6,14,20:00,,19.3,,5.9,,41.0,,,,10.0,,9.0,,48.3,,89.58,,,,,,Mostly Cloudy,43.52985074626873,0.0,0.21190000000000012,0.0,0.006084904851705805,0.006084904851705805,en_climate_hourly_AB_3031092_06-2026_P1H.csv
-114.01,51.12,CALGARY INTL A,3031092,2026-06-14 21:00,2026,6,14,21:00,,19.6,,4.7,,37.0,,,,19.0,,7.0,,32.2,,89.59,,,,,,,45.570312500000156,0.0,0.26080000000000025,0.0,0.007153780216012326,0.007153780216012326,en_climate_hourly_AB_3031092_06-2026_P1H.csv
-114.01,51.12,CALGARY INTL A,3031092,2026-06-14 22:00,2026,6,14,22:00,,18.3,,6.0,,44.0,,,,17.0,,7.0,,24.1,,89.61,,,,,,,37.87662337662343,0.0,0.04890000000000012,0.0,0.0016137922166980987,0.0016137922166980987,en_climate_hourly_AB_3031092_06-2026_P1H.csv
-114.01,51.12,CALGARY INTL A,3031092,2026-06-14 23:00,2026,6,14,23:00,,17.8,,5.7,,45.0,,,,23.0,,8.0,,24.1,,89.58,,,,,,Mostly Cloudy,35.56707317073175,0.02499999999999991,0.0,0.0008786216355220255,0.0,0.0008786216355220255,en_climate_hourly_AB_3031092_06-2026_P1H.csv
-114.01,51.12,CALGARY INTL A,3031092,2026-06-15 00:00,2026,6,15,00:00,,18.3,,5.6,,43.0,,,,29.0,,8.0,,24.1,,89.58,,,,,,,37.87662337662343,0.0,0.04890000000000012,0.0,0.0016137922166980987,0.0016137922166980987,en_climate_hourly_AB_3031092_06-2026_P1H.csv
-114.01,51.12,CALGARY INTL A,3031092,2026-06-15 01:00,2026,6,15,01:00,,16.8,,6.5,,50.0,,,,2.0,,13.0,,24.1,,89.57,,,,,,,31.701086956521777,0.1499999999999999,0.0,0.005914623692782434,0.0,0.005914623692782434,en_climate_hourly_AB_3031092_06-2026_P1H.csv
-114.01,51.12,CALGARY INTL A,3031092,2026-06-15 02:00,2026,6,15,02:00,,16.2,,7.0,,54.0,,,,31.0,,5.0,,24.1,,89.54,,,,,,Mostly Cloudy,29.760204081632615,0.2250000000000001,0.0,0.009450540030858922,0.0,0.009450540030858922,en_climate_hourly_AB_3031092_06-2026_P1H.csv
-114.01,51.12,CALGARY INTL A,3031092,2026-06-15 03:00,2026,6,15,03:00,,15.7,,7.3,,57.0,,,,33.0,,5.0,,24.1,,89.54,,,,,,,28.31553398058249,0.2875000000000001,0.0,0.012691796674095682,0.0,0.012691796674095682,en_climate_hourly_AB_3031092_06-2026_P1H.csv
-114.01,51.12,CALGARY INTL A,3031092,2026-06-15 04:00,2026,6,15,04:00,,15.6,,7.3,,58.0,,,,31.0,,4.0,,24.1,,89.52,,,,,,,28.04326923076929,0.30000000000000004,0.0,0.0133721926967255,0.0,0.0133721926967255,en_climate_hourly_AB_3031092_06-2026_P1H.csv
-114.01,51.12,CALGARY INTL A,3031092,2026-06-15 05:00,2026,6,15,05:00,,15.0,,7.4,,60.0,,,,31.0,,7.0,,64.4,,89.51,,,,,,Mostly Cloudy,26.513636363636362,0.375,0.0,0.017679581690382307,0.0,0.017679581690382307,en_climate_hourly_AB_3031092_06-2026_P1H.csv
-114.01,51.12,CALGARY INTL A,3031092,2026-06-15 06:00,2026,6,15,06:00,,15.2,,7.5,,60.0,,,,24.0,,7.0,,64.4,,89.53,,,,,,,27.004629629629598,0.3500000000000001,0.0,0.01620092576718672,0.0,0.01620092576718672,en_climate_hourly_AB_3031092_06-2026_P1H.csv
-114.01,51.12,CALGARY INTL A,3031092,2026-06-15 07:00,2026,6,15,07:00,,16.6,,7.6,,55.0,,,,26.0,,5.0,,64.4,,89.51,,,,,,,31.026595744680925,0.17499999999999982,0.0,0.007050402880164557,0.0,0.007050402880164557,en_climate_hourly_AB_3031092_06-2026_P1H.csv
-114.01,51.12,CALGARY INTL A,3031092,2026-06-15 08:00,2026,6,15,08:00,,19.0,,6.9,,45.0,,,,36.0,,4.0,,64.4,,89.48,,,,,,Mostly Cloudy,41.66428571428571,0.0,0.163,0.0,0.004890279444539689,0.004890279444539689,en_climate_hourly_AB_3031092_06-2026_P1H.csv
-114.01,51.12,CALGARY INTL A,3031092,2026-06-15 09:00,2026,6,15,09:00,,19.4,,6.1,,41.0,,,,23.0,,10.0,,64.4,,89.4,,,,,,,44.18939393939378,0.0,0.22819999999999976,0.0,0.006455168866792405,0.006455168866792405,en_climate_hourly_AB_3031092_06-2026_P1H.csv
-114.01,51.12,CALGARY INTL A,3031092,2026-06-15 10:00,2026,6,15,10:00,,20.7,,7.6,,42.0,,,,15.0,,8.0,,64.4,,89.36,,,,,,,55.02830188679233,0.0,0.4400999999999999,0.0,0.009997128407337581,0.009997128407337581,en_climate_hourly_AB_3031092_06-2026_P1H.csv
-114.01,51.12,CALGARY INTL A,3031092,2026-06-15 11:00,2026,6,15,11:00,,21.4,,8.1,,42.0,,,,18.0,,13.0,,64.4,,89.28,,,,,,Mostly Cloudy,54.00925925925948,0.0,0.5541999999999998,0.0,0.012826504371678324,0.012826504371678324,en_climate_hourly_AB_3031092_06-2026_P1H.csv
-114.01,51.12,CALGARY INTL A,3031092,2026-06-15 12:00,2026,6,15,12:00,,22.3,,8.9,,42.0,,,,18.0,,10.0,,64.4,,89.17,,,,,,,46.293650793650706,0.0,0.7009000000000002,0.0,0.018925381450368633,0.018925381450368633,en_climate_hourly_AB_3031092_06-2026_P1H.csv
-114.01,51.12,CALGARY INTL A,3031092,2026-06-15 13:00,2026,6,15,13:00,,23.5,,8.1,,37.0,,,,19.0,,13.0,,64.4,,89.11,,,,,,,38.88666666666666,0.0,0.8965000000000001,0.0,0.028817718155323167,0.028817718155323167,en_climate_hourly_AB_3031092_06-2026_P1H.csv
-114.01,51.12,CALGARY INTL A,3031092,2026-06-15 14:00,2026,6,15,14:00,,23.1,,6.9,,35.0,,,,14.0,,14.0,,64.4,,89.07,,,,,,Mostly Cloudy,41.07746478873226,0.0,0.8313000000000003,0.0,0.025296716955254678,0.025296716955254678,en_climate_hourly_AB_3031092_06-2026_P1H.csv
-114.01,51.12,CALGARY INTL A,3031092,2026-06-15 15:00,2026,6,15,15:00,,23.9,,8.1,,36.0,,,,14.0,,17.0,,64.4,,88.99,,,,,,,36.91772151898744,0.0,0.9616999999999998,0.0,0.03256227498714202,0.03256227498714202,en_climate_hourly_AB_3031092_06-2026_P1H.csv
-114.01,51.12,CALGARY INTL A,3031092,2026-06-15 16:00,2026,6,15,16:00,,23.3,,8.4,,38.0,,,,19.0,,13.0,,64.4,,88.92,,,,,,,39.952054794520485,0.0,0.8639000000000001,0.0,0.027029273101320122,0.027029273101320122,en_climate_hourly_AB_3031092_06-2026_P1H.csv
-114.01,51.12,CALGARY INTL A,3031092,2026-06-15 17:00,2026,6,15,17:00,,20.7,,10.4,,51.0,,,,5.0,,25.0,,64.4,,88.9,,,,,,Cloudy,55.02830188679233,0.0,0.4400999999999999,0.0,0.009997128407337581,0.009997128407337581,en_climate_hourly_AB_3031092_06-2026_P1H.csv
-114.01,51.12,CALGARY INTL A,3031092,2026-06-15 18:00,2026,6,15,18:00,,20.3,,10.5,,53.0,,,,10.0,,11.0,,64.4,,88.82,,,,,,,51.166666666666764,0.0,0.3749000000000001,0.0,0.0091587947882736,0.0091587947882736,en_climate_hourly_AB_3031092_06-2026_P1H.csv
-114.01,51.12,CALGARY INTL A,3031092,2026-06-15 19:00,2026,6,15,19:00,,19.9,,10.6,,55.0,,,,13.0,,13.0,,48.3,,88.76,,,,,,Rain,47.811475409835886,0.0,0.30969999999999975,0.0,0.008096905537459308,0.008096905537459308,en_climate_hourly_AB_3031092_06-2026_P1H.csv
-114.01,51.12,CALGARY INTL A,3031092,2026-06-15 20:00,2026,6,15,20:00,,21.2,,9.6,,47.0,,,,26.0,,9.0,,32.2,,88.72,,,,,,Mostly Cloudy,56.08653846153858,0.0,0.5216,0.0,0.011624892851020032,0.011624892851020032,en_climate_hourly_AB_3031092_06-2026_P1H.csv
-114.01,51.12,CALGARY INTL A,3031092,2026-06-15 21:00,2026,6,15,21:00,,21.6,,5.4,,34.0,,,,28.0,,14.0,,32.2,,88.69,,,,,,,52.080357142856926,0.0,0.5868000000000002,0.0,0.014084004800274365,0.014084004800274365,en_climate_hourly_AB_3031092_06-2026_P1H.csv
-114.01,51.12,CALGARY INTL A,3031092,2026-06-15 22:00,2026,6,15,22:00,,19.6,,5.8,,40.0,,,,29.0,,8.0,,24.1,,88.66,,,,,,,45.570312500000156,0.0,0.26080000000000025,0.0,0.007153780216012326,0.007153780216012326,en_climate_hourly_AB_3031092_06-2026_P1H.csv
-114.01,51.12,CALGARY INTL A,3031092,2026-06-15 23:00,2026,6,15,23:00,,19.8,,5.1,,38.0,,,,27.0,,10.0,,24.1,,88.59,,,,,,Mainly Clear,47.040322580645245,0.0,0.2934000000000001,0.0,0.00779650265729469,0.00779650265729469,en_climate_hourly_AB_3031092_06-2026_P1H.csv
-114.01,51.12,CALGARY INTL A,3031092,2026-06-16 00:00,2026,6,16,00:00,,19.3,,5.2,,39.0,,,,26.0,,11.0,,24.1,,88.55,,,,,,,43.52985074626873,0.0,0.21190000000000012,0.0,0.006084904851705805,0.006084904851705805,en_climate_hourly_AB_3031092_06-2026_P1H.csv
-114.01,51.12,CALGARY INTL A,3031092,2026-06-16 01:00,2026,6,16,01:00,,16.8,,5.6,,47.0,,,,32.0,,7.0,,24.1,,88.5,,,,,,,31.701086956521777,0.1499999999999999,0.0,0.005914623692782434,0.0,0.005914623692782434,en_climate_hourly_AB_3031092_06-2026_P1H.csv
-114.01,51.12,CALGARY INTL A,3031092,2026-06-16 02:00,2026,6,16,02:00,,17.0,,5.5,,46.0,,,,35.0,,5.0,,24.1,,88.45,,,,,,Mostly Cloudy,32.40555555555555,0.125,0.0,0.004821704097376993,0.0,0.004821704097376993,en_climate_hourly_AB_3031092_06-2026_P1H.csv
-114.01,51.12,CALGARY INTL A,3031092,2026-06-16 03:00,2026,6,16,03:00,,12.9,,6.9,,67.0,,,,4.0,,3.0,,24.1,,88.39,,,,,,,22.263358778625914,0.6375,0.0,0.0357931167495286,0.0,0.0357931167495286,en_climate_hourly_AB_3031092_06-2026_P1H.csv
-114.01,51.12,CALGARY INTL A,3031092,2026-06-16 04:00,2026,6,16,04:00,,14.6,,6.3,,57.0,,,,29.0,,8.0,,32.2,,88.31,,,,,,,25.583333333333382,0.42500000000000004,0.0,0.020765472312703544,0.0,0.020765472312703544,en_climate_hourly_AB_3031092_06-2026_P1H.csv
-114.01,51.12,CALGARY INTL A,3031092,2026-06-16 05:00,2026,6,16,05:00,,14.1,,7.2,,63.0,,,,2.0,,4.0,,32.2,,88.24,,,,,,Mostly Cloudy,24.508403361344584,0.48750000000000004,0.0,0.024863920795473983,0.0,0.024863920795473983,en_climate_hourly_AB_3031092_06-2026_P1H.csv
-114.01,51.12,CALGARY INTL A,3031092,2026-06-16 06:00,2026,6,16,06:00,,14.9,,7.6,,61.0,,,,,,0.0,,48.3,,88.2,,,,,,,26.27477477477472,0.38749999999999996,0.0,0.018434981998971405,0.0,0.018434981998971405,en_climate_hourly_AB_3031092_06-2026_P1H.csv
-114.01,51.12,CALGARY INTL A,3031092,2026-06-16 07:00,2026,6,16,07:00,,16.6,,8.4,,58.0,,,,30.0,,4.0,,64.4,,88.14,,,,,,,31.026595744680925,0.17499999999999982,0.0,0.007050402880164557,0.0,0.007050402880164557,en_climate_hourly_AB_3031092_06-2026_P1H.csv
-114.01,51.12,CALGARY INTL A,3031092,2026-06-16 08:00,2026,6,16,08:00,,19.7,,8.4,,48.0,,,,20.0,,5.0,,64.4,,88.06,,,,,,Mostly Cloudy,46.293650793650706,0.0,0.2770999999999999,0.0,0.0074821275501457335,0.0074821275501457335,en_climate_hourly_AB_3031092_06-2026_P1H.csv
-114.01,51.12,CALGARY INTL A,3031092,2026-06-16 09:00,2026,6,16,09:00,,20.4,,6.4,,40.0,,,,20.0,,9.0,,64.4,,87.95,,,,,,,52.080357142856926,0.0,0.39119999999999977,0.0,0.009389336533516235,0.009389336533516235,en_climate_hourly_AB_3031092_06-2026_P1H.csv
-114.01,51.12,CALGARY INTL A,3031092,2026-06-16 10:00,2026,6,16,10:00,,22.4,,6.6,,36.0,,,,32.0,,15.0,,64.4,,87.83,,,,,,,45.570312500000156,0.0,0.7171999999999998,0.0,0.019672895594033873,0.019672895594033873,en_climate_hourly_AB_3031092_06-2026_P1H.csv
-114.01,51.12,CALGARY INTL A,3031092,2026-06-16 11:00,2026,6,16,11:00,,23.4,,1.0,,23.0,,,,28.0,,26.0,,64.4,,87.73,,,,,,Mostly Cloudy,39.41216216216228,0.0,0.8801999999999998,0.0,0.027916509514829324,0.027916509514829324,en_climate_hourly_AB_3031092_06-2026_P1H.csv
-114.01,51.12,CALGARY INTL A,3031092,2026-06-16 12:00,2026,6,16,12:00,,15.7,,9.4,,66.0,,,,2.0,,49.0,,48.3,,87.85,,,,,,,28.31553398058249,0.2875000000000001,0.0,0.012691796674095682,0.0,0.012691796674095682,en_climate_hourly_AB_3031092_06-2026_P1H.csv
-114.01,51.12,CALGARY INTL A,3031092,2026-06-16 13:00,2026,6,16,13:00,,16.1,,8.1,,59.0,,,,2.0,,50.0,,32.2,,87.98,,,,,,,29.459595959596026,0.23749999999999982,0.0,0.010077361563517885,0.0,0.010077361563517885,en_climate_hourly_AB_3031092_06-2026_P1H.csv
-114.01,51.12,CALGARY INTL A,3031092,2026-06-16 14:00,2026,6,16,14:00,,13.4,,8.2,,70.0,,,,35.0,,47.0,,24.1,,88.12,,,,,,Mostly Cloudy,23.146825396825353,0.575,0.0,0.031051774387107888,0.0,0.031051774387107888,en_climate_hourly_AB_3031092_06-2026_P1H.csv
-114.01,51.12,CALGARY INTL A,3031092,2026-06-16 15:00,2026,6,16,15:00,,12.0,,8.5,,79.0,,,,36.0,,34.0,,19.3,,88.21,,,,,,Rain Showers,20.832142857142856,0.75,0.0,0.0450025715755186,0.0,0.0450025715755186,en_climate_hourly_AB_3031092_06-2026_P1H.csv
-114.01,51.12,CALGARY INTL A,3031092,2026-06-16 16:00,2026,6,16,16:00,,14.3,,9.3,,72.0,,,,34.0,,16.0,,24.1,,88.14,,,,,,,24.92735042735045,0.4624999999999999,0.0,0.023192396708383307,0.0,0.023192396708383307,en_climate_hourly_AB_3031092_06-2026_P1H.csv
-114.01,51.12,CALGARY INTL A,3031092,2026-06-16 17:00,2026,6,16,17:00,,11.7,,9.1,,84.0,,,,34.0,,36.0,,16.1,,88.24,,,,,,Rain Showers,20.39510489510488,0.7875000000000001,0.0,0.04826525801474374,0.0,0.04826525801474374,en_climate_hourly_AB_3031092_06-2026_P1H.csv
-114.01,51.12,CALGARY INTL A,3031092,2026-06-16 18:00,2026,6,16,18:00,,12.4,,7.7,,73.0,,,,35.0,,30.0,,24.1,,88.24,,,,,,,21.444852941176432,0.7,0.0,0.0408023315618036,0.0,0.0408023315618036,en_climate_hourly_AB_3031092_06-2026_P1H.csv
-114.01,51.12,CALGARY INTL A,3031092,2026-06-16 19:00,2026,6,16,19:00,,12.4,,5.0,,61.0,,,,33.0,,28.0,,32.2,,88.28,,,,,,,21.444852941176432,0.7,0.0,0.0408023315618036,0.0,0.0408023315618036,en_climate_hourly_AB_3031092_06-2026_P1H.csv
-114.01,51.12,CALGARY INTL A,3031092,2026-06-16 20:00,2026,6,16,20:00,,12.2,,5.0,,61.0,,,,27.0,,17.0,,32.2,,88.29,,,,,,Mostly Cloudy,21.134057971014474,0.7250000000000001,0.0,0.042881021772672764,0.0,0.042881021772672764,en_climate_hourly_AB_3031092_06-2026_P1H.csv
-114.01,51.12,CALGARY INTL A,3031092,2026-06-16 21:00,2026,6,16,21:00,,12.0,,5.6,,65.0,,,,27.0,,24.0,,32.2,,88.37,,,,,,,20.832142857142856,0.75,0.0,0.0450025715755186,0.0,0.0450025715755186,en_climate_hourly_AB_3031092_06-2026_P1H.csv
-114.01,51.12,CALGARY INTL A,3031092,2026-06-16 22:00,2026,6,16,22:00,,12.6,,4.2,,56.0,,,,27.0,,12.0,,24.1,,88.45,,,,,,,21.764925373134364,0.675,0.0,0.03876650094291096,0.0,0.03876650094291096,en_climate_hourly_AB_3031092_06-2026_P1H.csv
-114.01,51.12,CALGARY INTL A,3031092,2026-06-16 23:00,2026,6,16,23:00,,12.2,,4.0,,57.0,,,,31.0,,14.0,,24.1,,88.49,,,,,,Rain Showers,21.134057971014474,0.7250000000000001,0.0,0.042881021772672764,0.0,0.042881021772672764,en_climate_hourly_AB_3031092_06-2026_P1H.csv
-114.01,51.12,CALGARY INTL A,3031092,2026-06-17 00:00,2026,6,17,00:00,,11.6,,4.3,,61.0,,,,31.0,,16.0,,24.1,,88.51,,,,,,,20.253472222222253,0.8,0.0,0.04937424995714033,0.0,0.04937424995714033,en_climate_hourly_AB_3031092_06-2026_P1H.csv
-114.01,51.12,CALGARY INTL A,3031092,2026-06-17 01:00,2026,6,17,01:00,,10.5,,3.8,,63.0,,,,31.0,,17.0,,24.1,,88.5,,,,,,,18.816129032258065,0.9375,0.0,0.06228034459111949,0.0,0.06228034459111949,en_climate_hourly_AB_3031092_06-2026_P1H.csv
-114.01,51.12,CALGARY INTL A,3031092,2026-06-17 02:00,2026,6,17,02:00,,11.5,,3.6,,58.0,,,,32.0,,17.0,,24.1,,88.49,,,,,,Mostly Cloudy,20.113793103448273,0.8125,0.0,0.05049395679753129,0.0,0.05049395679753129,en_climate_hourly_AB_3031092_06-2026_P1H.csv
-114.01,51.12,CALGARY INTL A,3031092,2026-06-17 03:00,2026,6,17,03:00,,11.7,,3.7,,58.0,,,,33.0,,19.0,,24.1,,88.51,,,,,,,20.39510489510488,0.7875000000000001,0.0,0.04826525801474374,0.0,0.04826525801474374,en_climate_hourly_AB_3031092_06-2026_P1H.csv
-114.01,51.12,CALGARY INTL A,3031092,2026-06-17 04:00,2026,6,17,04:00,,11.4,,3.7,,59.0,,,,32.0,,23.0,,32.2,,88.54,,,,,,,19.976027397260243,0.825,0.0,0.051624378535916414,0.0,0.051624378535916414,en_climate_hourly_AB_3031092_06-2026_P1H.csv
-114.01,51.12,CALGARY INTL A,3031092,2026-06-17 05:00,2026,6,17,05:00,,11.1,,3.8,,60.0,,,,33.0,,17.0,,48.3,,88.55,,,,,,Cloudy,19.57382550335573,0.8625,0.0,0.05507993313903644,0.0,0.05507993313903644,en_climate_hourly_AB_3031092_06-2026_P1H.csv
-114.01,51.12,CALGARY INTL A,3031092,2026-06-17 06:00,2026,6,17,06:00,,11.2,,4.2,,62.0,,,,34.0,,18.0,,64.4,,88.58,,,,,,,19.706081081081063,0.8500000000000001,0.0,0.053917366706669,0.0,0.053917366706669,en_climate_hourly_AB_3031092_06-2026_P1H.csv
-114.01,51.12,CALGARY INTL A,3031092,2026-06-17 07:00,2026,6,17,07:00,,11.8,,4.3,,60.0,,,,33.0,,21.0,,64.4,,88.62,,,,,,,20.53873239436621,0.7749999999999999,0.0,0.047166980970341124,0.0,0.047166980970341124,en_climate_hourly_AB_3031092_06-2026_P1H.csv
-114.01,51.12,CALGARY INTL A,3031092,2026-06-17 08:00,2026,6,17,08:00,,12.6,,4.6,,58.0,,,,33.0,,28.0,,64.4,,88.64,,,,,,Mostly Cloudy,21.764925373134364,0.675,0.0,0.03876650094291096,0.0,0.03876650094291096,en_climate_hourly_AB_3031092_06-2026_P1H.csv
-114.01,51.12,CALGARY INTL A,3031092,2026-06-17 09:00,2026,6,17,09:00,,13.0,,5.1,,58.0,,,,35.0,,35.0,,64.4,,88.67,,,,,,,22.434615384615384,0.625,0.0,0.03482341848105606,0.0,0.03482341848105606,en_climate_hourly_AB_3031092_06-2026_P1H.csv
-114.01,51.12,CALGARY INTL A,3031092,2026-06-17 10:00,2026,6,17,10:00,,12.5,,5.5,,62.0,,,,35.0,,44.0,,64.4,,88.73,,,,,,,21.6037037037037,0.6875,0.0,0.0397790588033602,0.0,0.0397790588033602,en_climate_hourly_AB_3031092_06-2026_P1H.csv
-114.01,51.12,CALGARY INTL A,3031092,2026-06-17 11:00,2026,6,17,11:00,,13.2,,5.6,,60.0,,,,34.0,,51.0,,64.4,,88.78,,,,,,Rain Showers,22.78515624999998,0.6000000000000001,0.0,0.03291616663809364,0.0,0.03291616663809364,en_climate_hourly_AB_3031092_06-2026_P1H.csv
-114.01,51.12,CALGARY INTL A,3031092,2026-06-17 12:00,2026,6,17,12:00,,14.1,,5.5,,56.0,,,,35.0,,41.0,,64.4,,88.8,,,,,,,24.508403361344584,0.48750000000000004,0.0,0.024863920795473983,0.0,0.024863920795473983,en_climate_hourly_AB_3031092_06-2026_P1H.csv
-114.01,51.12,CALGARY INTL A,3031092,2026-06-17 13:00,2026,6,17,13:00,,14.7,,5.4,,53.0,,,,35.0,,39.0,,64.4,,88.82,,,,,,,25.809734513274307,0.4125000000000001,0.0,0.019977927310132034,0.0,0.019977927310132034,en_climate_hourly_AB_3031092_06-2026_P1H.csv
-114.01,51.12,CALGARY INTL A,3031092,2026-06-17 14:00,2026,6,17,14:00,,14.7,,4.8,,51.0,,,,36.0,,40.0,,48.3,,88.84,,,,,,Mostly Cloudy,25.809734513274307,0.4125000000000001,0.0,0.019977927310132034,0.0,0.019977927310132034,en_climate_hourly_AB_3031092_06-2026_P1H.csv
-114.01,51.12,CALGARY INTL A,3031092,2026-06-17 15:00,2026,6,17,15:00,,16.9,,6.0,,48.0,,,,36.0,,31.0,,48.3,,88.84,,,,,,,32.04945054945047,0.13750000000000018,0.0,0.005362806446082653,0.0,0.005362806446082653,en_climate_hourly_AB_3031092_06-2026_P1H.csv
-114.01,51.12,CALGARY INTL A,3031092,2026-06-17 16:00,2026,6,17,16:00,,17.9,,8.1,,52.0,,,,2.0,,21.0,,48.3,,88.83,,,,,,,36.00617283950607,0.012500000000000178,0.0,0.00043395336876393676,0.0,0.00043395336876393676,en_climate_hourly_AB_3031092_06-2026_P1H.csv
-114.01,51.12,CALGARY INTL A,3031092,2026-06-17 17:00,2026,6,17,17:00,,16.6,,6.3,,50.0,,,,2.0,,18.0,,48.3,,88.81,,,,,,Mostly Cloudy,31.026595744680925,0.17499999999999982,0.0,0.007050402880164557,0.0,0.007050402880164557,en_climate_hourly_AB_3031092_06-2026_P1H.csv
-114.01,51.12,CALGARY INTL A,3031092,2026-06-17 18:00,2026,6,17,18:00,,14.7,,7.5,,62.0,,,,3.0,,35.0,,48.3,,88.87,,,,,,Rain Showers,25.809734513274307,0.4125000000000001,0.0,0.019977927310132034,0.0,0.019977927310132034,en_climate_hourly_AB_3031092_06-2026_P1H.csv
-114.01,51.12,CALGARY INTL A,3031092,2026-06-17 19:00,2026,6,17,19:00,,10.4,,8.6,,89.0,,,,36.0,,14.0,,48.3,,88.94,,,,,,Rain Showers,18.695512820512793,0.95,0.0,0.06351791530944634,0.0,0.06351791530944634,en_climate_hourly_AB_3031092_06-2026_P1H.csv
-114.01,51.12,CALGARY INTL A,3031092,2026-06-17 20:00,2026,6,17,20:00,,10.5,,8.8,,89.0,,,,36.0,,8.0,,16.1,,88.94,,,,,,Rain Showers,18.816129032258065,0.9375,0.0,0.06228034459111949,0.0,0.06228034459111949,en_climate_hourly_AB_3031092_06-2026_P1H.csv
-114.01,51.12,CALGARY INTL A,3031092,2026-06-17 21:00,2026,6,17,21:00,,10.8,,8.6,,86.0,,,,27.0,,13.0,,14.5,,89.06,,,,,,Rain Showers,19.187500000000014,0.8999999999999999,0.0,0.058631921824104184,0.0,0.058631921824104184,en_climate_hourly_AB_3031092_06-2026_P1H.csv
-114.01,51.12,CALGARY INTL A,3031092,2026-06-17 22:00,2026,6,17,22:00,,11.0,,8.8,,86.0,,,,25.0,,7.0,,19.3,,89.04,,,,,,,19.44333333333333,0.875,0.0,0.05625321446939825,0.0,0.05625321446939825,en_climate_hourly_AB_3031092_06-2026_P1H.csv
-114.01,51.12,CALGARY INTL A,3031092,2026-06-17 23:00,2026,6,17,23:00,,10.4,,8.1,,86.0,,,,28.0,,7.0,,24.1,,89.03,,,,,,Mostly Cloudy,18.695512820512793,0.95,0.0,0.06351791530944634,0.0,0.06351791530944634,en_climate_hourly_AB_3031092_06-2026_P1H.csv
-114.01,51.12,CALGARY INTL A,3031092,2026-06-18 00:00,2026,6,18,00:00,,9.8,,7.6,,86.0,,,,24.0,,6.0,,24.1,,89.03,,,,,,,18.003086419753096,1.025,0.0,0.07116835247728437,0.0,0.07116835247728437,en_climate_hourly_AB_3031092_06-2026_P1H.csv
-114.01,51.12,CALGARY INTL A,3031092,2026-06-18 01:00,2026,6,18,01:00,,9.8,,6.9,,82.0,,,,26.0,,4.0,,24.1,,89.02,,,,,,,18.003086419753096,1.025,0.0,0.07116835247728437,0.0,0.07116835247728437,en_climate_hourly_AB_3031092_06-2026_P1H.csv
-114.01,51.12,CALGARY INTL A,3031092,2026-06-18 02:00,2026,6,18,02:00,,9.1,,7.7,,91.0,,,,23.0,,5.0,,24.1,,89.03,,,,,,Rain,17.257396449704164,1.1125,0.0,0.08058139036516362,0.0,0.08058139036516362,en_climate_hourly_AB_3031092_06-2026_P1H.csv
-114.01,51.12,CALGARY INTL A,3031092,2026-06-18 03:00,2026,6,18,03:00,,9.7,,6.7,,81.0,,,,29.0,,16.0,,24.1,,89.06,,,,,,,17.892638036809803,1.0375,0.0,0.07248092748157042,0.0,0.07248092748157042,en_climate_hourly_AB_3031092_06-2026_P1H.csv
-114.01,51.12,CALGARY INTL A,3031092,2026-06-18 04:00,2026,6,18,04:00,,9.3,,5.5,,77.0,,,,34.0,,13.0,,48.3,,89.08,,,,,,,17.464071856287436,1.0875,0.0,0.07783837647865587,0.0,0.07783837647865587,en_climate_hourly_AB_3031092_06-2026_P1H.csv
-114.01,51.12,CALGARY INTL A,3031092,2026-06-18 05:00,2026,6,18,05:00,,8.8,,5.5,,80.0,,,,33.0,,13.0,,64.4,,89.14,,,,,,Mostly Cloudy,16.95639534883722,1.15,0.0,0.08477627292988164,0.0,0.08477627292988164,en_climate_hourly_AB_3031092_06-2026_P1H.csv
-114.01,51.12,CALGARY INTL A,3031092,2026-06-18 06:00,2026,6,18,06:00,,9.2,,5.5,,78.0,,,,34.0,,14.0,,64.4,,89.19,,,,,,,17.360119047619033,1.1,0.0,0.0792045259729128,0.0,0.0792045259729128,en_climate_hourly_AB_3031092_06-2026_P1H.csv
-114.01,51.12,CALGARY INTL A,3031092,2026-06-18 07:00,2026,6,18,07:00,,8.8,,6.9,,88.0,,,,34.0,,20.0,,24.1,,89.22,,,,,,Rain,16.95639534883722,1.15,0.0,0.08477627292988164,0.0,0.08477627292988164,en_climate_hourly_AB_3031092_06-2026_P1H.csv
-114.01,51.12,CALGARY INTL A,3031092,2026-06-18 08:00,2026,6,18,08:00,,10.0,,6.8,,80.0,,,,35.0,,22.0,,32.2,,89.25,,,,,,Mostly Cloudy,18.228125,1.0,0.0,0.06857534716269502,0.0,0.06857534716269502,en_climate_hourly_AB_3031092_06-2026_P1H.csv
-114.01,51.12,CALGARY INTL A,3031092,2026-06-18 09:00,2026,6,18,09:00,,11.7,,5.5,,66.0,,,,35.0,,37.0,,32.2,,89.27,,,,,,,20.39510489510488,0.7875000000000001,0.0,0.04826525801474374,0.0,0.04826525801474374,en_climate_hourly_AB_3031092_06-2026_P1H.csv
-114.01,51.12,CALGARY INTL A,3031092,2026-06-18 10:00,2026,6,18,10:00,,12.2,,4.8,,60.0,,,,32.0,,30.0,,32.2,,89.29,,,,,,,21.134057971014474,0.7250000000000001,0.0,0.042881021772672764,0.0,0.042881021772672764,en_climate_hourly_AB_3031092_06-2026_P1H.csv
-114.01,51.12,CALGARY INTL A,3031092,2026-06-18 11:00,2026,6,18,11:00,,12.9,,5.0,,58.0,,,,35.0,,26.0,,32.2,,89.31,,,,,,Mostly Cloudy,22.263358778625914,0.6375,0.0,0.0357931167495286,0.0,0.0357931167495286,en_climate_hourly_AB_3031092_06-2026_P1H.csv
-114.01,51.12,CALGARY INTL A,3031092,2026-06-18 12:00,2026,6,18,12:00,,14.1,,3.1,,47.0,,,,35.0,,31.0,,32.2,,89.31,,,,,,,24.508403361344584,0.48750000000000004,0.0,0.024863920795473983,0.0,0.024863920795473983,en_climate_hourly_AB_3031092_06-2026_P1H.csv
-114.01,51.12,CALGARY INTL A,3031092,2026-06-18 13:00,2026,6,18,13:00,,15.0,,2.8,,44.0,,,,32.0,,27.0,,32.2,,89.31,,,,,,,26.513636363636362,0.375,0.0,0.017679581690382307,0.0,0.017679581690382307,en_climate_hourly_AB_3031092_06-2026_P1H.csv
-114.01,51.12,CALGARY INTL A,3031092,2026-06-18 14:00,2026,6,18,14:00,,16.6,,3.9,,42.0,,,,35.0,,26.0,,24.1,,89.28,,,,,,Mostly Cloudy,31.026595744680925,0.17499999999999982,0.0,0.007050402880164557,0.0,0.007050402880164557,en_climate_hourly_AB_3031092_06-2026_P1H.csv
-114.01,51.12,CALGARY INTL A,3031092,2026-06-18 15:00,2026,6,18,15:00,,15.3,,3.9,,46.0,,,,36.0,,29.0,,32.2,,89.31,,,,,,,27.25700934579442,0.3374999999999999,0.0,0.015477670152580128,0.0,0.015477670152580128,en_climate_hourly_AB_3031092_06-2026_P1H.csv
-114.01,51.12,CALGARY INTL A,3031092,2026-06-18 16:00,2026,6,18,16:00,,16.2,,4.7,,46.0,,,,1.0,,29.0,,48.3,,89.32,,,,,,,29.760204081632615,0.2250000000000001,0.0,0.009450540030858922,0.0,0.009450540030858922,en_climate_hourly_AB_3031092_06-2026_P1H.csv
-114.01,51.12,CALGARY INTL A,3031092,2026-06-18 17:00,2026,6,18,17:00,,16.3,,4.3,,45.0,,,,36.0,,26.0,,24.1,,89.34,,,,,,Mostly Cloudy,30.067010309278384,0.2124999999999999,0.0,0.008834433396194054,0.0,0.008834433396194054,en_climate_hourly_AB_3031092_06-2026_P1H.csv
-114.01,51.12,CALGARY INTL A,3031092,2026-06-18 18:00,2026,6,18,18:00,,16.0,,3.6,,43.0,,,,34.0,,20.0,,32.2,,89.36,,,,,,,29.165,0.25,0.0,0.010714897994171095,0.0,0.010714897994171095,en_climate_hourly_AB_3031092_06-2026_P1H.csv
-114.01,51.12,CALGARY INTL A,3031092,2026-06-18 19:00,2026,6,18,19:00,,14.6,,2.7,,45.0,,,,1.0,,15.0,,48.3,,89.39,,,,,,,25.583333333333382,0.42500000000000004,0.0,0.020765472312703544,0.0,0.020765472312703544,en_climate_hourly_AB_3031092_06-2026_P1H.csv
-114.01,51.12,CALGARY INTL A,3031092,2026-06-18 20:00,2026,6,18,20:00,,14.3,,3.3,,47.0,,,,5.0,,10.0,,24.1,,89.43,,,,,,Mostly Cloudy,24.92735042735045,0.4624999999999999,0.0,0.023192396708383307,0.0,0.023192396708383307,en_climate_hourly_AB_3031092_06-2026_P1H.csv
-114.01,51.12,CALGARY INTL A,3031092,2026-06-18 21:00,2026,6,18,21:00,,12.1,,4.2,,58.0,,,,8.0,,6.0,,32.2,,89.48,,,,,,,20.98201438848924,0.7375,0.0,0.04393643922509851,0.0,0.04393643922509851,en_climate_hourly_AB_3031092_06-2026_P1H.csv
-114.01,51.12,CALGARY INTL A,3031092,2026-06-18 22:00,2026,6,18,22:00,,12.3,,4.7,,60.0,,,,28.0,,8.0,,24.1,,89.5,,,,,,,21.28832116788323,0.7124999999999999,0.0,0.041836319218241,0.0,0.041836319218241,en_climate_hourly_AB_3031092_06-2026_P1H.csv
-114.01,51.12,CALGARY INTL A,3031092,2026-06-18 23:00,2026,6,18,23:00,,10.7,,5.7,,71.0,,,,30.0,,6.0,,24.1,,89.5,,,,,,Mainly Clear,19.062091503267958,0.9125000000000001,0.0,0.05983734784844853,0.0,0.05983734784844853,en_climate_hourly_AB_3031092_06-2026_P1H.csv
-114.01,51.12,CALGARY INTL A,3031092,2026-06-19 00:00,2026,6,19,00:00,,10.3,,5.9,,74.0,,,,24.0,,5.0,,24.1,,89.5,,,,,,,18.57643312101912,0.9624999999999999,0.0,0.06476620092576713,0.0,0.06476620092576713,en_climate_hourly_AB_3031092_06-2026_P1H.csv
-114.01,51.12,CALGARY INTL A,3031092,2026-06-19 01:00,2026,6,19,01:00,,9.7,,6.0,,78.0,,,,23.0,,5.0,,24.1,,89.49,,,,,,,17.892638036809803,1.0375,0.0,0.07248092748157042,0.0,0.07248092748157042,en_climate_hourly_AB_3031092_06-2026_P1H.csv
-114.01,51.12,CALGARY INTL A,3031092,2026-06-19 02:00,2026,6,19,02:00,,8.0,,5.6,,84.0,,,,21.0,,6.0,,24.1,,89.48,,,,,,Mainly Clear,16.202777777777776,1.25,0.0,0.09643408194753986,0.0,0.09643408194753986,en_climate_hourly_AB_3031092_06-2026_P1H.csv
-114.01,51.12,CALGARY INTL A,3031092,2026-06-19 03:00,2026,6,19,03:00,,7.3,,5.5,,89.0,,,,21.0,,4.0,,24.1,,89.46,,,,,,,15.596256684491987,1.3375,0.0,0.10719719698268466,0.0,0.10719719698268466,en_climate_hourly_AB_3031092_06-2026_P1H.csv
-114.01,51.12,CALGARY INTL A,3031092,2026-06-19 04:00,2026,6,19,04:00,,6.8,,5.2,,89.0,,,,19.0,,3.0,,24.1,,89.43,,,,,,,15.190104166666675,1.4,0.0,0.11520658323332754,0.0,0.11520658323332754,en_climate_hourly_AB_3031092_06-2026_P1H.csv
-114.01,51.12,CALGARY INTL A,3031092,2026-06-19 05:00,2026,6,19,05:00,,6.3,,4.8,,90.0,,,,,,0.0,,48.3,,89.41,,,,,,Clear,14.80456852791879,1.4625,0.0,0.12348384193382471,0.0,0.12348384193382471,en_climate_hourly_AB_3031092_06-2026_P1H.csv
-114.01,51.12,CALGARY INTL A,3031092,2026-06-19 06:00,2026,6,19,06:00,,7.7,,5.2,,84.0,,,,20.0,,5.0,,48.3,,89.4,,,,,,,15.937158469945343,1.2875,0.0,0.10098255614606556,0.0,0.10098255614606556,en_climate_hourly_AB_3031092_06-2026_P1H.csv
-114.01,51.12,CALGARY INTL A,3031092,2026-06-19 07:00,2026,6,19,07:00,,10.7,,5.7,,71.0,,,,22.0,,5.0,,64.4,,89.4,,,,,,,19.062091503267958,0.9125000000000001,0.0,0.05983734784844853,0.0,0.05983734784844853,en_climate_hourly_AB_3031092_06-2026_P1H.csv
-114.01,51.12,CALGARY INTL A,3031092,2026-06-19 08:00,2026,6,19,08:00,,12.8,,4.9,,58.0,,,,23.0,,11.0,,64.4,,89.39,,,,,,Mainly Clear,22.094696969696987,0.6499999999999999,0.0,0.03677352991599517,0.0,0.03677352991599517,en_climate_hourly_AB_3031092_06-2026_P1H.csv
-114.01,51.12,CALGARY INTL A,3031092,2026-06-19 09:00,2026,6,19,09:00,,16.0,,5.6,,50.0,,,,16.0,,4.0,,64.4,,89.33,,,,,,,29.165,0.25,0.0,0.010714897994171095,0.0,0.010714897994171095,en_climate_hourly_AB_3031092_06-2026_P1H.csv
-114.01,51.12,CALGARY INTL A,3031092,2026-06-19 10:00,2026,6,19,10:00,,17.1,,2.8,,38.0,,,,15.0,,10.0,,64.4,,89.29,,,,,,,32.7696629213484,0.11249999999999982,0.0,0.004291316646665506,0.0,0.004291316646665506,en_climate_hourly_AB_3031092_06-2026_P1H.csv
-114.01,51.12,CALGARY INTL A,3031092,2026-06-19 11:00,2026,6,19,11:00,,17.9,,3.6,,38.0,,,,20.0,,19.0,,64.4,,89.24,,,,,,Mostly Cloudy,36.00617283950607,0.012500000000000178,0.0,0.00043395336876393676,0.0,0.00043395336876393676,en_climate_hourly_AB_3031092_06-2026_P1H.csv
-114.01,51.12,CALGARY INTL A,3031092,2026-06-19 12:00,2026,6,19,12:00,,18.8,,3.6,,36.0,,,,14.0,,13.0,,64.4,,89.18,,,,,,,40.50694444444451,0.0,0.13040000000000013,0.0,0.004024001371506941,0.004024001371506941,en_climate_hourly_AB_3031092_06-2026_P1H.csv
-114.01,51.12,CALGARY INTL A,3031092,2026-06-19 13:00,2026,6,19,13:00,,18.4,,4.3,,39.0,,,,15.0,,12.0,,64.4,,89.12,,,,,,,38.37499999999988,0.0,0.06519999999999977,0.0,0.0021237785016286637,0.0021237785016286637,en_climate_hourly_AB_3031092_06-2026_P1H.csv
-114.01,51.12,CALGARY INTL A,3031092,2026-06-19 14:00,2026,6,19,14:00,,19.2,,4.0,,36.0,,,,14.0,,15.0,,64.4,,89.06,,,,,,Mostly Cloudy,42.889705882352864,0.0,0.19559999999999989,0.0,0.005700668609634843,0.005700668609634843,en_climate_hourly_AB_3031092_06-2026_P1H.csv
-114.01,51.12,CALGARY INTL A,3031092,2026-06-19 15:00,2026,6,19,15:00,,20.0,,4.0,,34.0,,,,14.0,,25.0,,64.4,,89.0,,,,,,,48.60833333333333,0.0,0.326,0.0,0.008383336190639466,0.008383336190639466,en_climate_hourly_AB_3031092_06-2026_P1H.csv
-114.01,51.12,CALGARY INTL A,3031092,2026-06-19 16:00,2026,6,19,16:00,,20.8,,5.1,,35.0,,,,14.0,,32.0,,48.3,,88.94,,,,,,,56.08653846153858,0.0,0.45640000000000014,0.0,0.010171781244642531,0.010171781244642531,en_climate_hourly_AB_3031092_06-2026_P1H.csv
-114.01,51.12,CALGARY INTL A,3031092,2026-06-19 17:00,2026,6,19,17:00,,20.4,,5.4,,37.0,,,,16.0,,28.0,,48.3,,88.88,,,,,,Mostly Cloudy,52.080357142856926,0.0,0.39119999999999977,0.0,0.009389336533516235,0.009389336533516235,en_climate_hourly_AB_3031092_06-2026_P1H.csv
-114.01,51.12,CALGARY INTL A,3031092,2026-06-19 18:00,2026,6,19,18:00,,19.4,,5.5,,40.0,,,,15.0,,27.0,,48.3,,88.83,,,,,,,44.18939393939378,0.0,0.22819999999999976,0.0,0.006455168866792405,0.006455168866792405,en_climate_hourly_AB_3031092_06-2026_P1H.csv
-114.01,51.12,CALGARY INTL A,3031092,2026-06-19 19:00,2026,6,19,19:00,,20.0,,6.2,,40.0,,,,14.0,,28.0,,48.3,,88.78,,,,,,,48.60833333333333,0.0,0.326,0.0,0.008383336190639466,0.008383336190639466,en_climate_hourly_AB_3031092_06-2026_P1H.csv
-114.01,51.12,CALGARY INTL A,3031092,2026-06-19 20:00,2026,6,19,20:00,,18.4,,7.2,,47.0,,,,13.0,,23.0,,48.3,,88.77,,,,,,Mostly Cloudy,38.37499999999988,0.0,0.06519999999999977,0.0,0.0021237785016286637,0.0021237785016286637,en_climate_hourly_AB_3031092_06-2026_P1H.csv
-114.01,51.12,CALGARY INTL A,3031092,2026-06-19 21:00,2026,6,19,21:00,,16.7,,6.7,,52.0,,,,14.0,,28.0,,48.3,,88.78,,,,,,,31.3602150537634,0.1625000000000001,0.0,0.006477155837476439,0.0,0.006477155837476439,en_climate_hourly_AB_3031092_06-2026_P1H.csv
-114.01,51.12,CALGARY INTL A,3031092,2026-06-19 22:00,2026,6,19,22:00,,15.5,,6.7,,55.0,,,,14.0,,28.0,,24.1,,88.77,,,,,,,27.776190476190475,0.3125,0.0,0.014063303617349561,0.0,0.014063303617349561,en_climate_hourly_AB_3031092_06-2026_P1H.csv
-114.01,51.12,CALGARY INTL A,3031092,2026-06-19 23:00,2026,6,19,23:00,,14.2,,6.0,,57.0,,,,15.0,,21.0,,16.1,,88.72,,,,,,Mostly Cloudy,24.716101694915228,0.4750000000000001,0.0,0.024022801302931624,0.0,0.024022801302931624,en_climate_hourly_AB_3031092_06-2026_P1H.csv
-114.01,51.12,CALGARY INTL A,3031092,2026-06-20 00:00,2026,6,20,00:00,,12.9,,6.0,,63.0,,,,17.0,,18.0,,24.1,,88.67,,,,,,,22.263358778625914,0.6375,0.0,0.0357931167495286,0.0,0.0357931167495286,en_climate_hourly_AB_3031092_06-2026_P1H.csv
-114.01,51.12,CALGARY INTL A,3031092,2026-06-20 01:00,2026,6,20,01:00,,12.1,,5.5,,64.0,,,,16.0,,14.0,,24.1,,88.6,,,,,,,20.98201438848924,0.7375,0.0,0.04393643922509851,0.0,0.04393643922509851,en_climate_hourly_AB_3031092_06-2026_P1H.csv
-114.01,51.12,CALGARY INTL A,3031092,2026-06-20 02:00,2026,6,20,02:00,,10.8,,5.6,,70.0,,,,8.0,,11.0,,24.1,,88.57,,,,,,Mostly Cloudy,19.187500000000014,0.8999999999999999,0.0,0.058631921824104184,0.0,0.058631921824104184,en_climate_hourly_AB_3031092_06-2026_P1H.csv
-114.01,51.12,CALGARY INTL A,3031092,2026-06-20 03:00,2026,6,20,03:00,,10.2,,6.4,,77.0,,,,10.0,,8.0,,24.1,,88.53,,,,,,,18.458860759493657,0.9750000000000001,0.0,0.06602520144008234,0.0,0.06602520144008234,en_climate_hourly_AB_3031092_06-2026_P1H.csv
-114.01,51.12,CALGARY INTL A,3031092,2026-06-20 04:00,2026,6,20,04:00,,10.4,,6.5,,76.0,,,,12.0,,21.0,,16.1,,88.42,,,,,,,18.695512820512793,0.95,0.0,0.06351791530944634,0.0,0.06351791530944634,en_climate_hourly_AB_3031092_06-2026_P1H.csv
-114.01,51.12,CALGARY INTL A,3031092,2026-06-20 05:00,2026,6,20,05:00,,10.1,,6.2,,77.0,,,,16.0,,9.0,,64.4,,88.44,,,,,,Mostly Cloudy,18.342767295597508,0.9875,0.0,0.06729491685239147,0.0,0.06729491685239147,en_climate_hourly_AB_3031092_06-2026_P1H.csv
-114.01,51.12,CALGARY INTL A,3031092,2026-06-20 06:00,2026,6,20,06:00,,10.4,,6.0,,74.0,,,,18.0,,8.0,,64.4,,88.41,,,,,,,18.695512820512793,0.95,0.0,0.06351791530944634,0.0,0.06351791530944634,en_climate_hourly_AB_3031092_06-2026_P1H.csv
-114.01,51.12,CALGARY INTL A,3031092,2026-06-20 07:00,2026,6,20,07:00,,11.3,,5.8,,68.0,,,,16.0,,18.0,,64.4,,88.36,,,,,,,19.840136054421784,0.8374999999999999,0.0,0.05276551517229551,0.0,0.05276551517229551,en_climate_hourly_AB_3031092_06-2026_P1H.csv
-114.01,51.12,CALGARY INTL A,3031092,2026-06-20 08:00,2026,6,20,08:00,,13.9,,6.6,,61.0,,,,17.0,,20.0,,64.4,,88.35,,,,,,Mostly Cloudy,24.10330578512392,0.5125,0.0,0.026578304474541452,0.0,0.026578304474541452,en_climate_hourly_AB_3031092_06-2026_P1H.csv
-114.01,51.12,CALGARY INTL A,3031092,2026-06-20 09:00,2026,6,20,09:00,,15.0,,7.2,,59.0,,,,15.0,,21.0,,64.4,,88.3,,,,,,,26.513636363636362,0.375,0.0,0.017679581690382307,0.0,0.017679581690382307,en_climate_hourly_AB_3031092_06-2026_P1H.csv
-114.01,51.12,CALGARY INTL A,3031092,2026-06-20 10:00,2026,6,20,10:00,,16.4,,8.9,,61.0,,,,15.0,,14.0,,48.3,,88.26,,,,,,,30.380208333333258,0.20000000000000018,0.0,0.008229041659523428,0.0,0.008229041659523428,en_climate_hourly_AB_3031092_06-2026_P1H.csv
-114.01,51.12,CALGARY INTL A,3031092,2026-06-20 11:00,2026,6,20,11:00,,19.5,,9.0,,50.0,,,,12.0,,12.0,,64.4,,88.21,,,,,,Mainly Clear,44.86923076923077,0.0,0.2445,0.0,0.006811460654894566,0.006811460654894566,en_climate_hourly_AB_3031092_06-2026_P1H.csv
-114.01,51.12,CALGARY INTL A,3031092,2026-06-20 12:00,2026,6,20,12:00,,21.1,,8.8,,45.0,,,,16.0,,12.0,,24.1,,88.21,,,,,,,57.18627450980366,0.0,0.5053000000000003,0.0,0.011045045431167551,0.011045045431167551,en_climate_hourly_AB_3031092_06-2026_P1H.csv
-114.01,51.12,CALGARY INTL A,3031092,2026-06-20 13:00,2026,6,20,13:00,,15.3,,10.9,,75.0,,,,35.0,,36.0,,24.1,,88.22,,,,,,"Thunderstorms,Rain Showers",27.25700934579442,0.3374999999999999,0.0,0.015477670152580128,0.0,0.015477670152580128,en_climate_hourly_AB_3031092_06-2026_P1H.csv
-114.01,51.12,CALGARY INTL A,3031092,2026-06-20 14:00,2026,6,20,14:00,,18.5,,11.4,,63.0,,,,1.0,,34.0,,24.1,,88.25,,,,,,Mostly Cloudy,38.88666666666666,0.0,0.0815,0.0,0.002619792559574833,0.002619792559574833,en_climate_hourly_AB_3031092_06-2026_P1H.csv
-114.01,51.12,CALGARY INTL A,3031092,2026-06-20 15:00,2026,6,20,15:00,,18.3,,9.6,,57.0,,,,35.0,,37.0,,24.1,,88.3,,,,,,,37.87662337662343,0.0,0.04890000000000012,0.0,0.0016137922166980987,0.0016137922166980987,en_climate_hourly_AB_3031092_06-2026_P1H.csv
-114.01,51.12,CALGARY INTL A,3031092,2026-06-20 16:00,2026,6,20,16:00,,18.4,,9.7,,57.0,,,,36.0,,39.0,,24.1,,88.35,,,,,,,38.37499999999988,0.0,0.06519999999999977,0.0,0.0021237785016286637,0.0021237785016286637,en_climate_hourly_AB_3031092_06-2026_P1H.csv
-114.01,51.12,CALGARY INTL A,3031092,2026-06-20 17:00,2026,6,20,17:00,,16.1,,9.1,,63.0,,,,35.0,,45.0,,24.1,,88.48,,,,,,Mostly Cloudy,29.459595959596026,0.23749999999999982,0.0,0.010077361563517885,0.0,0.010077361563517885,en_climate_hourly_AB_3031092_06-2026_P1H.csv
-114.01,51.12,CALGARY INTL A,3031092,2026-06-20 18:00,2026,6,20,18:00,,14.0,,4.5,,53.0,,,,34.0,,48.0,,24.1,,88.58,,,,,,,24.304166666666664,0.5,0.0,0.02571575518601063,0.0,0.02571575518601063,en_climate_hourly_AB_3031092_06-2026_P1H.csv
-114.01,51.12,CALGARY INTL A,3031092,2026-06-20 19:00,2026,6,20,19:00,,12.4,,4.7,,59.0,,,,36.0,,41.0,,48.3,,88.67,,,,,,,21.444852941176432,0.7,0.0,0.0408023315618036,0.0,0.0408023315618036,en_climate_hourly_AB_3031092_06-2026_P1H.csv
-114.01,51.12,CALGARY INTL A,3031092,2026-06-20 20:00,2026,6,20,20:00,,11.5,,5.8,,68.0,,,,36.0,,34.0,,48.3,,88.72,,,,,,Mostly Cloudy,20.113793103448273,0.8125,0.0,0.05049395679753129,0.0,0.05049395679753129,en_climate_hourly_AB_3031092_06-2026_P1H.csv
-114.01,51.12,CALGARY INTL A,3031092,2026-06-20 21:00,2026,6,20,21:00,,10.2,,4.1,,66.0,,,,34.0,,28.0,,48.3,,88.79,,,,,,,18.458860759493657,0.9750000000000001,0.0,0.06602520144008234,0.0,0.06602520144008234,en_climate_hourly_AB_3031092_06-2026_P1H.csv
-114.01,51.12,CALGARY INTL A,3031092,2026-06-20 22:00,2026,6,20,22:00,,9.5,,3.7,,67.0,,,,34.0,,42.0,,32.2,,88.8,,,,,,,17.675757575757576,1.0625,0.0,0.0751382221841248,0.0,0.0751382221841248,en_climate_hourly_AB_3031092_06-2026_P1H.csv
-114.01,51.12,CALGARY INTL A,3031092,2026-06-20 23:00,2026,6,20,23:00,,8.9,,2.9,,66.0,,,,33.0,,38.0,,24.1,,88.85,,,,,,Mainly Clear,17.055555555555532,1.1375,0.0,0.08336726384364831,0.0,0.08336726384364831,en_climate_hourly_AB_3031092_06-2026_P1H.csv
-114.01,51.12,CALGARY INTL A,3031092,2026-06-21 00:00,2026,6,21,00:00,,8.0,,2.9,,70.0,,,,32.0,,42.0,,24.1,,88.87,,,,,,,16.202777777777776,1.25,0.0,0.09643408194753986,0.0,0.09643408194753986,en_climate_hourly_AB_3031092_06-2026_P1H.csv
-114.01,51.12,CALGARY INTL A,3031092,2026-06-21 01:00,2026,6,21,01:00,,8.2,,2.8,,69.0,,,,32.0,,43.0,,24.1,,88.87,,,,,,,16.384831460674146,1.225,0.0,0.09345534030516035,0.0,0.09345534030516035,en_climate_hourly_AB_3031092_06-2026_P1H.csv
-114.01,51.12,CALGARY INTL A,3031092,2026-06-21 02:00,2026,6,21,02:00,,7.6,,3.0,,72.0,,,,32.0,,33.0,,24.1,,88.88,,,,,,Clear,15.850543478260889,1.3,0.0,0.10252014400822891,0.0,0.10252014400822891,en_climate_hourly_AB_3031092_06-2026_P1H.csv
-114.01,51.12,CALGARY INTL A,3031092,2026-06-21 03:00,2026,6,21,03:00,,8.4,,3.4,,71.0,,,,33.0,,34.0,,24.1,,88.89,,,,,,,16.571022727272705,1.2,0.0,0.09051945825475753,0.0,0.09051945825475753,en_climate_hourly_AB_3031092_06-2026_P1H.csv
-114.01,51.12,CALGARY INTL A,3031092,2026-06-21 04:00,2026,6,21,04:00,,8.3,,3.5,,71.0,,,,32.0,,30.0,,32.2,,88.9,,,,,,,16.477401129943512,1.2125,0.0,0.0919820418309617,0.0,0.0919820418309617,en_climate_hourly_AB_3031092_06-2026_P1H.csv
-114.01,51.12,CALGARY INTL A,3031092,2026-06-21 05:00,2026,6,21,05:00,,8.5,,3.5,,71.0,,,,31.0,,16.0,,64.4,,88.9,,,,,,Mainly Clear,16.665714285714284,1.1875,0.0,0.08906758957654724,0.0,0.08906758957654724,en_climate_hourly_AB_3031092_06-2026_P1H.csv
-114.01,51.12,CALGARY INTL A,3031092,2026-06-21 06:00,2026,6,21,06:00,,9.6,,3.9,,67.0,,,,32.0,,27.0,,64.4,,88.93,,,,,,,17.783536585365876,1.05,0.0,0.07380421738385042,0.0,0.07380421738385042,en_climate_hourly_AB_3031092_06-2026_P1H.csv
-114.01,51.12,CALGARY INTL A,3031092,2026-06-21 07:00,2026,6,21,07:00,,10.4,,4.2,,65.0,,,,32.0,,33.0,,64.4,,88.9,,,,,,,18.695512820512793,0.95,0.0,0.06351791530944634,0.0,0.06351791530944634,en_climate_hourly_AB_3031092_06-2026_P1H.csv
-114.01,51.12,CALGARY INTL A,3031092,2026-06-21 08:00,2026,6,21,08:00,,10.8,,4.4,,64.0,,,,33.0,,33.0,,64.4,,88.94,,,,,,Mostly Cloudy,19.187500000000014,0.8999999999999999,0.0,0.058631921824104184,0.0,0.058631921824104184,en_climate_hourly_AB_3031092_06-2026_P1H.csv
-114.01,51.12,CALGARY INTL A,3031092,2026-06-21 09:00,2026,6,21,09:00,,11.8,,4.3,,60.0,,,,32.0,,34.0,,64.4,,88.95,,,,,,,20.53873239436621,0.7749999999999999,0.0,0.047166980970341124,0.0,0.047166980970341124,en_climate_hourly_AB_3031092_06-2026_P1H.csv
-114.01,51.12,CALGARY INTL A,3031092,2026-06-21 10:00,2026,6,21,10:00,,12.2,,3.9,,57.0,,,,33.0,,40.0,,64.4,,88.97,,,,,,,21.134057971014474,0.7250000000000001,0.0,0.042881021772672764,0.0,0.042881021772672764,en_climate_hourly_AB_3031092_06-2026_P1H.csv
-114.01,51.12,CALGARY INTL A,3031092,2026-06-21 11:00,2026,6,21,11:00,,13.6,,4.5,,54.0,,,,33.0,,40.0,,48.3,,88.97,,,,,,Mostly Cloudy,23.520161290322623,0.55,0.0,0.029230241728098696,0.0,0.029230241728098696,en_climate_hourly_AB_3031092_06-2026_P1H.csv
-114.01,51.12,CALGARY INTL A,3031092,2026-06-21 12:00,2026,6,21,12:00,,13.1,,3.9,,53.0,,,,32.0,,36.0,,64.4,,88.99,,,,,,,22.608527131782985,0.6125,0.0,0.03386443511057769,0.0,0.03386443511057769,en_climate_hourly_AB_3031092_06-2026_P1H.csv
-114.01,51.12,CALGARY INTL A,3031092,2026-06-21 13:00,2026,6,21,13:00,,13.9,,3.4,,49.0,,,,32.0,,44.0,,48.3,,89.01,,,,,,,24.10330578512392,0.5125,0.0,0.026578304474541452,0.0,0.026578304474541452,en_climate_hourly_AB_3031092_06-2026_P1H.csv
-114.01,51.12,CALGARY INTL A,3031092,2026-06-21 14:00,2026,6,21,14:00,,14.5,,3.8,,48.0,,,,32.0,,47.0,,64.4,,89.02,,,,,,Mostly Cloudy,25.36086956521739,0.4375,0.0,0.021563732213269328,0.0,0.021563732213269328,en_climate_hourly_AB_3031092_06-2026_P1H.csv
-114.01,51.12,CALGARY INTL A,3031092,2026-06-21 15:00,2026,6,21,15:00,,14.6,,3.9,,49.0,,,,34.0,,47.0,,64.4,,89.03,,,,,,,25.583333333333382,0.42500000000000004,0.0,0.020765472312703544,0.0,0.020765472312703544,en_climate_hourly_AB_3031092_06-2026_P1H.csv
-114.01,51.12,CALGARY INTL A,3031092,2026-06-21 16:00,2026,6,21,16:00,,16.2,,3.5,,42.0,,,,32.0,,47.0,,64.4,,89.03,,,,,,,29.760204081632615,0.2250000000000001,0.0,0.009450540030858922,0.0,0.009450540030858922,en_climate_hourly_AB_3031092_06-2026_P1H.csv
-114.01,51.12,CALGARY INTL A,3031092,2026-06-21 17:00,2026,6,21,17:00,,14.1,,4.0,,51.0,,,,33.0,,39.0,,48.3,,89.07,,,,,,Mostly Cloudy,24.508403361344584,0.48750000000000004,0.0,0.024863920795473983,0.0,0.024863920795473983,en_climate_hourly_AB_3031092_06-2026_P1H.csv
-114.01,51.12,CALGARY INTL A,3031092,2026-06-21 18:00,2026,6,21,18:00,,13.5,,4.0,,52.0,,,,34.0,,45.0,,64.4,,89.1,,,,,,,23.331999999999997,0.5625,0.0,0.03013565060860621,0.0,0.03013565060860621,en_climate_hourly_AB_3031092_06-2026_P1H.csv
-114.01,51.12,CALGARY INTL A,3031092,2026-06-21 19:00,2026,6,21,19:00,,12.3,,3.8,,56.0,,,,33.0,,49.0,,32.2,,89.16,,,,,,,21.28832116788323,0.7124999999999999,0.0,0.041836319218241,0.0,0.041836319218241,en_climate_hourly_AB_3031092_06-2026_P1H.csv
-114.01,51.12,CALGARY INTL A,3031092,2026-06-21 20:00,2026,6,21,20:00,,11.2,,3.9,,60.0,,,,34.0,,42.0,,32.2,,89.18,,,,,,Mostly Cloudy,19.706081081081063,0.8500000000000001,0.0,0.053917366706669,0.0,0.053917366706669,en_climate_hourly_AB_3031092_06-2026_P1H.csv
-114.01,51.12,CALGARY INTL A,3031092,2026-06-21 21:00,2026,6,21,21:00,,10.5,,3.5,,62.0,,,,34.0,,35.0,,32.2,,89.24,,,,,,,18.816129032258065,0.9375,0.0,0.06228034459111949,0.0,0.06228034459111949,en_climate_hourly_AB_3031092_06-2026_P1H.csv
-114.01,51.12,CALGARY INTL A,3031092,2026-06-21 22:00,2026,6,21,22:00,,9.9,,3.9,,66.0,,,,34.0,,39.0,,24.1,,89.27,,,,,,,18.11490683229811,1.0125,0.0,0.06986649237099272,0.0,0.06986649237099272,en_climate_hourly_AB_3031092_06-2026_P1H.csv
-114.01,51.12,CALGARY INTL A,3031092,2026-06-21 23:00,2026,6,21,23:00,,9.4,,3.9,,68.0,,,,34.0,,41.0,,24.1,,89.28,,,,,,Mainly Clear,17.56927710843371,1.075,0.0,0.0764829418823934,0.0,0.0764829418823934,en_climate_hourly_AB_3031092_06-2026_P1H.csv
-114.01,51.12,CALGARY INTL A,3031092,2026-06-22 00:00,2026,6,22,00:00,,8.9,,3.7,,70.0,,,,32.0,,31.0,,24.1,,89.3,,,,,,,17.055555555555532,1.1375,0.0,0.08336726384364831,0.0,0.08336726384364831,en_climate_hourly_AB_3031092_06-2026_P1H.csv
-114.01,51.12,CALGARY INTL A,3031092,2026-06-22 01:00,2026,6,22,01:00,,8.4,,3.7,,72.0,,,,33.0,,27.0,,24.1,,89.33,,,,,,,16.571022727272705,1.2,0.0,0.09051945825475753,0.0,0.09051945825475753,en_climate_hourly_AB_3031092_06-2026_P1H.csv
-114.01,51.12,CALGARY INTL A,3031092,2026-06-22 02:00,2026,6,22,02:00,,8.5,,4.4,,75.0,,,,33.0,,36.0,,24.1,,89.33,,,,,,Mostly Cloudy,16.665714285714284,1.1875,0.0,0.08906758957654724,0.0,0.08906758957654724,en_climate_hourly_AB_3031092_06-2026_P1H.csv
-114.01,51.12,CALGARY INTL A,3031092,2026-06-22 03:00,2026,6,22,03:00,,8.4,,4.7,,77.0,,,,33.0,,34.0,,24.1,,89.37,,,,,,,16.571022727272705,1.2,0.0,0.09051945825475753,0.0,0.09051945825475753,en_climate_hourly_AB_3031092_06-2026_P1H.csv
-114.01,51.12,CALGARY INTL A,3031092,2026-06-22 04:00,2026,6,22,04:00,,8.4,,4.7,,77.0,,,,33.0,,32.0,,24.1,,89.4,,,,,,,16.571022727272705,1.2,0.0,0.09051945825475753,0.0,0.09051945825475753,en_climate_hourly_AB_3031092_06-2026_P1H.csv
-114.01,51.12,CALGARY INTL A,3031092,2026-06-22 05:00,2026,6,22,05:00,,8.2,,5.2,,81.0,,,,33.0,,24.0,,32.2,,89.45,,,,,,Cloudy,16.384831460674146,1.225,0.0,0.09345534030516035,0.0,0.09345534030516035,en_climate_hourly_AB_3031092_06-2026_P1H.csv
-114.01,51.12,CALGARY INTL A,3031092,2026-06-22 06:00,2026,6,22,06:00,,8.1,,5.6,,84.0,,,,33.0,,31.0,,32.2,,89.46,,,,,,Rain,16.293296089385493,1.2375,0.0,0.09493935367735289,0.0,0.09493935367735289,en_climate_hourly_AB_3031092_06-2026_P1H.csv
-114.01,51.12,CALGARY INTL A,3031092,2026-06-22 07:00,2026,6,22,07:00,,8.6,,6.0,,84.0,,,,32.0,,25.0,,32.2,,89.51,,,,,,Rain,16.761494252873582,1.175,0.0,0.08762643579633111,0.0,0.08762643579633111,en_climate_hourly_AB_3031092_06-2026_P1H.csv
-114.01,51.12,CALGARY INTL A,3031092,2026-06-22 08:00,2026,6,22,08:00,,9.0,,5.3,,77.0,,,,33.0,,33.0,,24.1,,89.54,,,,,,Rain,17.155882352941177,1.125,0.0,0.08196896965540887,0.0,0.08196896965540887,en_climate_hourly_AB_3031092_06-2026_P1H.csv
-114.01,51.12,CALGARY INTL A,3031092,2026-06-22 09:00,2026,6,22,09:00,,9.5,,6.8,,83.0,,,,33.0,,27.0,,24.1,,89.56,,,,,,Rain,17.675757575757576,1.0625,0.0,0.0751382221841248,0.0,0.0751382221841248,en_climate_hourly_AB_3031092_06-2026_P1H.csv
-114.01,51.12,CALGARY INTL A,3031092,2026-06-22 10:00,2026,6,22,10:00,,10.1,,6.6,,79.0,,,,34.0,,37.0,,48.3,,89.58,,,,,,Rain,18.342767295597508,0.9875,0.0,0.06729491685239147,0.0,0.06729491685239147,en_climate_hourly_AB_3031092_06-2026_P1H.csv
-114.01,51.12,CALGARY INTL A,3031092,2026-06-22 11:00,2026,6,22,11:00,,11.1,,7.3,,77.0,,,,35.0,,35.0,,48.3,,89.59,,,,,,Rain,19.57382550335573,0.8625,0.0,0.05507993313903644,0.0,0.05507993313903644,en_climate_hourly_AB_3031092_06-2026_P1H.csv
-114.01,51.12,CALGARY INTL A,3031092,2026-06-22 12:00,2026,6,22,12:00,,11.6,,5.1,,64.0,,,,33.0,,36.0,,64.4,,89.63,,,,,,Rain,20.253472222222253,0.8,0.0,0.04937424995714033,0.0,0.04937424995714033,en_climate_hourly_AB_3031092_06-2026_P1H.csv
-114.01,51.12,CALGARY INTL A,3031092,2026-06-22 13:00,2026,6,22,13:00,,13.7,,5.7,,58.0,,,,36.0,,32.0,,48.3,,89.67,,,,,,,23.711382113821113,0.5375000000000001,0.0,0.028335547745585495,0.0,0.028335547745585495,en_climate_hourly_AB_3031092_06-2026_P1H.csv
-114.01,51.12,CALGARY INTL A,3031092,2026-06-22 14:00,2026,6,22,14:00,,13.2,,6.4,,63.0,,,,35.0,,28.0,,48.3,,89.69,,,,,,Mostly Cloudy,22.78515624999998,0.6000000000000001,0.0,0.03291616663809364,0.0,0.03291616663809364,en_climate_hourly_AB_3031092_06-2026_P1H.csv
-114.01,51.12,CALGARY INTL A,3031092,2026-06-22 15:00,2026,6,22,15:00,,13.7,,6.2,,60.0,,,,35.0,,34.0,,48.3,,89.69,,,,,,,23.711382113821113,0.5375000000000001,0.0,0.028335547745585495,0.0,0.028335547745585495,en_climate_hourly_AB_3031092_06-2026_P1H.csv
-114.01,51.12,CALGARY INTL A,3031092,2026-06-22 16:00,2026,6,22,16:00,,15.7,,6.4,,54.0,,,,36.0,,32.0,,48.3,,89.7,,,,,,,28.31553398058249,0.2875000000000001,0.0,0.012691796674095682,0.0,0.012691796674095682,en_climate_hourly_AB_3031092_06-2026_P1H.csv
-114.01,51.12,CALGARY INTL A,3031092,2026-06-22 17:00,2026,6,22,17:00,,14.6,,6.5,,58.0,,,,36.0,,26.0,,64.4,,89.72,,,,,,Mostly Cloudy,25.583333333333382,0.42500000000000004,0.0,0.020765472312703544,0.0,0.020765472312703544,en_climate_hourly_AB_3031092_06-2026_P1H.csv
-114.01,51.12,CALGARY INTL A,3031092,2026-06-22 18:00,2026,6,22,18:00,,14.8,,6.2,,56.0,,,,36.0,,27.0,,64.4,,89.76,,,,,,,26.040178571428594,0.3999999999999999,0.0,0.01920109720555458,0.0,0.01920109720555458,en_climate_hourly_AB_3031092_06-2026_P1H.csv
-114.01,51.12,CALGARY INTL A,3031092,2026-06-22 19:00,2026,6,22,19:00,,13.9,,6.7,,62.0,,,,2.0,,23.0,,48.3,,89.79,,,,,,,24.10330578512392,0.5125,0.0,0.026578304474541452,0.0,0.026578304474541452,en_climate_hourly_AB_3031092_06-2026_P1H.csv
-114.01,51.12,CALGARY INTL A,3031092,2026-06-22 20:00,2026,6,22,20:00,,12.3,,6.8,,69.0,,,,4.0,,18.0,,32.2,,89.84,,,,,,Mainly Clear,21.28832116788323,0.7124999999999999,0.0,0.041836319218241,0.0,0.041836319218241,en_climate_hourly_AB_3031092_06-2026_P1H.csv
-114.01,51.12,CALGARY INTL A,3031092,2026-06-22 21:00,2026,6,22,21:00,,10.8,,6.9,,77.0,,,,36.0,,8.0,,24.1,,89.88,,,,,,,19.187500000000014,0.8999999999999999,0.0,0.058631921824104184,0.0,0.058631921824104184,en_climate_hourly_AB_3031092_06-2026_P1H.csv
-114.01,51.12,CALGARY INTL A,3031092,2026-06-22 22:00,2026,6,22,22:00,,11.1,,6.6,,74.0,,,,29.0,,5.0,,24.1,,89.9,,,,,,,19.57382550335573,0.8625,0.0,0.05507993313903644,0.0,0.05507993313903644,en_climate_hourly_AB_3031092_06-2026_P1H.csv
-114.01,51.12,CALGARY INTL A,3031092,2026-06-22 23:00,2026,6,22,23:00,,10.3,,6.7,,78.0,,,,25.0,,4.0,,24.1,,89.89,,,,,,Clear,18.57643312101912,0.9624999999999999,0.0,0.06476620092576713,0.0,0.06476620092576713,en_climate_hourly_AB_3031092_06-2026_P1H.csv
-114.01,51.12,CALGARY INTL A,3031092,2026-06-23 00:00,2026,6,23,00:00,,8.5,,6.2,,86.0,,,,19.0,,3.0,,24.1,,89.87,,,,,,,16.665714285714284,1.1875,0.0,0.08906758957654724,0.0,0.08906758957654724,en_climate_hourly_AB_3031092_06-2026_P1H.csv
-114.01,51.12,CALGARY INTL A,3031092,2026-06-23 01:00,2026,6,23,01:00,,9.1,,6.4,,83.0,,,,25.0,,6.0,,24.1,,89.86,,,,,,,17.257396449704164,1.1125,0.0,0.08058139036516362,0.0,0.08058139036516362,en_climate_hourly_AB_3031092_06-2026_P1H.csv
-114.01,51.12,CALGARY INTL A,3031092,2026-06-23 02:00,2026,6,23,02:00,,6.6,,4.2,,85.0,,,,,,0.0,,24.1,,89.86,,,,,,Clear,15.033505154639192,1.425,0.0,0.11848534201954383,0.0,0.11848534201954383,en_climate_hourly_AB_3031092_06-2026_P1H.csv
-114.01,51.12,CALGARY INTL A,3031092,2026-06-23 03:00,2026,6,23,03:00,,6.2,,4.3,,87.0,,,,30.0,,3.0,,24.1,,89.85,,,,,,,14.72979797979797,1.475,0.0,0.1251714383679068,0.0,0.1251714383679068,en_climate_hourly_AB_3031092_06-2026_P1H.csv
-114.01,51.12,CALGARY INTL A,3031092,2026-06-23 04:00,2026,6,23,04:00,,6.1,,4.1,,87.0,,,,,,0.0,,32.2,,89.85,,,,,,,14.655778894472377,1.4875,0.0,0.12686974969998271,0.0,0.12686974969998271,en_climate_hourly_AB_3031092_06-2026_P1H.csv
-114.01,51.12,CALGARY INTL A,3031092,2026-06-23 05:00,2026,6,23,05:00,,6.1,,4.4,,89.0,,,,23.0,,7.0,,48.3,,89.85,,,,,,Clear,14.655778894472377,1.4875,0.0,0.12686974969998271,0.0,0.12686974969998271,en_climate_hourly_AB_3031092_06-2026_P1H.csv
-114.01,51.12,CALGARY INTL A,3031092,2026-06-23 06:00,2026,6,23,06:00,,7.0,,4.9,,86.0,,,,,,0.0,,64.4,,89.88,,,,,,,15.35,1.375,0.0,0.11197068403908794,0.0,0.11197068403908794,en_climate_hourly_AB_3031092_06-2026_P1H.csv
-114.01,51.12,CALGARY INTL A,3031092,2026-06-23 07:00,2026,6,23,07:00,,9.6,,5.7,,76.0,,,,,,0.0,,64.4,,89.89,,,,,,,17.783536585365876,1.05,0.0,0.07380421738385042,0.0,0.07380421738385042,en_climate_hourly_AB_3031092_06-2026_P1H.csv
-114.01,51.12,CALGARY INTL A,3031092,2026-06-23 08:00,2026,6,23,08:00,,13.2,,7.7,,69.0,,,,,,0.0,,64.4,,89.9,,,,,,Clear,22.78515624999998,0.6000000000000001,0.0,0.03291616663809364,0.0,0.03291616663809364,en_climate_hourly_AB_3031092_06-2026_P1H.csv
-114.01,51.12,CALGARY INTL A,3031092,2026-06-23 09:00,2026,6,23,09:00,,15.1,,7.1,,58.0,,,,21.0,,4.0,,64.4,,89.9,,,,,,,26.756880733945007,0.36250000000000004,0.0,0.016934896279787386,0.0,0.016934896279787386,en_climate_hourly_AB_3031092_06-2026_P1H.csv
-114.01,51.12,CALGARY INTL A,3031092,2026-06-23 10:00,2026,6,23,10:00,,16.1,,5.2,,48.0,,,,,,0.0,,64.4,,89.9,,,,,,,29.459595959596026,0.23749999999999982,0.0,0.010077361563517885,0.0,0.010077361563517885,en_climate_hourly_AB_3031092_06-2026_P1H.csv
-114.01,51.12,CALGARY INTL A,3031092,2026-06-23 11:00,2026,6,23,11:00,,16.8,,5.2,,46.0,,,,4.0,,3.0,,64.4,,89.87,,,,,,Mainly Clear,31.701086956521777,0.1499999999999999,0.0,0.005914623692782434,0.0,0.005914623692782434,en_climate_hourly_AB_3031092_06-2026_P1H.csv
-114.01,51.12,CALGARY INTL A,3031092,2026-06-23 12:00,2026,6,23,12:00,,18.3,,5.3,,42.0,,,,13.0,,4.0,,64.4,,89.85,,,,,,,37.87662337662343,0.0,0.04890000000000012,0.0,0.0016137922166980987,0.0016137922166980987,en_climate_hourly_AB_3031092_06-2026_P1H.csv
-114.01,51.12,CALGARY INTL A,3031092,2026-06-23 13:00,2026,6,23,13:00,,19.7,,4.9,,37.0,,,,21.0,,9.0,,64.4,,89.84,,,,,,,46.293650793650706,0.0,0.2770999999999999,0.0,0.0074821275501457335,0.0074821275501457335,en_climate_hourly_AB_3031092_06-2026_P1H.csv
-114.01,51.12,CALGARY INTL A,3031092,2026-06-23 14:00,2026,6,23,14:00,,18.9,,4.0,,37.0,,,,,,0.0,,64.4,,89.83,,,,,,Mostly Cloudy,41.07746478873226,0.0,0.14669999999999978,0.0,0.004464126521515523,0.004464126521515523,en_climate_hourly_AB_3031092_06-2026_P1H.csv
-114.01,51.12,CALGARY INTL A,3031092,2026-06-23 15:00,2026,6,23,15:00,,19.9,,5.6,,39.0,,,,9.0,,16.0,,64.4,,89.81,,,,,,,47.811475409835886,0.0,0.30969999999999975,0.0,0.008096905537459308,0.008096905537459308,en_climate_hourly_AB_3031092_06-2026_P1H.csv
-114.01,51.12,CALGARY INTL A,3031092,2026-06-23 16:00,2026,6,23,16:00,,20.4,,6.5,,40.0,,,,10.0,,9.0,,64.4,,89.76,,,,,,,52.080357142856926,0.0,0.39119999999999977,0.0,0.009389336533516235,0.009389336533516235,en_climate_hourly_AB_3031092_06-2026_P1H.csv
-114.01,51.12,CALGARY INTL A,3031092,2026-06-23 17:00,2026,6,23,17:00,,19.7,,6.1,,41.0,,,,10.0,,10.0,,64.4,,89.76,,,,,,Mainly Clear,46.293650793650706,0.0,0.2770999999999999,0.0,0.0074821275501457335,0.0074821275501457335,en_climate_hourly_AB_3031092_06-2026_P1H.csv
-114.01,51.12,CALGARY INTL A,3031092,2026-06-23 18:00,2026,6,23,18:00,,20.2,,6.2,,40.0,,,,17.0,,12.0,,64.4,,89.73,,,,,,,50.284482758620584,0.0,0.3585999999999999,0.0,0.008914280816046647,0.008914280816046647,en_climate_hourly_AB_3031092_06-2026_P1H.csv
-114.01,51.12,CALGARY INTL A,3031092,2026-06-23 19:00,2026,6,23,19:00,,19.4,,5.9,,41.0,,,,13.0,,18.0,,32.2,,89.73,,,,,,,44.18939393939378,0.0,0.22819999999999976,0.0,0.006455168866792405,0.006455168866792405,en_climate_hourly_AB_3031092_06-2026_P1H.csv
-114.01,51.12,CALGARY INTL A,3031092,2026-06-23 20:00,2026,6,23,20:00,,18.1,,6.4,,46.0,,,,15.0,,18.0,,32.2,,89.75,,,,,,Mainly Clear,36.91772151898744,0.0,0.01630000000000023,0.0,0.000551902965883771,0.000551902965883771,en_climate_hourly_AB_3031092_06-2026_P1H.csv
-114.01,51.12,CALGARY INTL A,3031092,2026-06-23 21:00,2026,6,23,21:00,,16.8,,6.7,,51.0,,,,15.0,,18.0,,32.2,,89.75,,,,,,,31.701086956521777,0.1499999999999999,0.0,0.005914623692782434,0.0,0.005914623692782434,en_climate_hourly_AB_3031092_06-2026_P1H.csv
-114.01,51.12,CALGARY INTL A,3031092,2026-06-23 22:00,2026,6,23,22:00,,15.9,,6.4,,53.0,,,,15.0,,15.0,,24.1,,89.75,,,,,,,28.876237623762307,0.26249999999999996,0.0,0.011363149322818471,0.0,0.011363149322818471,en_climate_hourly_AB_3031092_06-2026_P1H.csv
-114.01,51.12,CALGARY INTL A,3031092,2026-06-23 23:00,2026,6,23,23:00,,14.6,,6.7,,59.0,,,,16.0,,13.0,,24.1,,89.73,,,,,,Clear,25.583333333333382,0.42500000000000004,0.0,0.020765472312703544,0.0,0.020765472312703544,en_climate_hourly_AB_3031092_06-2026_P1H.csv
-114.01,51.12,CALGARY INTL A,3031092,2026-06-24 00:00,2026,6,24,00:00,,12.5,,7.4,,71.0,,,,16.0,,13.0,,24.1,,89.69,,,,,,,21.6037037037037,0.6875,0.0,0.0397790588033602,0.0,0.0397790588033602,en_climate_hourly_AB_3031092_06-2026_P1H.csv
-114.01,51.12,CALGARY INTL A,3031092,2026-06-24 01:00,2026,6,24,01:00,,12.3,,7.7,,73.0,,,,18.0,,5.0,,24.1,,89.65,,,,,,,21.28832116788323,0.7124999999999999,0.0,0.041836319218241,0.0,0.041836319218241,en_climate_hourly_AB_3031092_06-2026_P1H.csv
-114.01,51.12,CALGARY INTL A,3031092,2026-06-24 02:00,2026,6,24,02:00,,11.5,,8.0,,79.0,,,,18.0,,4.0,,24.1,,89.63,,,,,,Mainly Clear,20.113793103448273,0.8125,0.0,0.05049395679753129,0.0,0.05049395679753129,en_climate_hourly_AB_3031092_06-2026_P1H.csv
-114.01,51.12,CALGARY INTL A,3031092,2026-06-24 03:00,2026,6,24,03:00,,10.7,,8.4,,85.0,,,,18.0,,5.0,,24.1,,89.6,,,,,,,19.062091503267958,0.9125000000000001,0.0,0.05983734784844853,0.0,0.05983734784844853,en_climate_hourly_AB_3031092_06-2026_P1H.csv
-114.01,51.12,CALGARY INTL A,3031092,2026-06-24 04:00,2026,6,24,04:00,,10.2,,7.8,,85.0,,,,18.0,,6.0,,24.1,,89.58,,,,,,,18.458860759493657,0.9750000000000001,0.0,0.06602520144008234,0.0,0.06602520144008234,en_climate_hourly_AB_3031092_06-2026_P1H.csv
-114.01,51.12,CALGARY INTL A,3031092,2026-06-24 05:00,2026,6,24,05:00,,9.2,,6.8,,85.0,,,,19.0,,8.0,,24.1,,89.58,,,,,,Clear,17.360119047619033,1.1,0.0,0.0792045259729128,0.0,0.0792045259729128,en_climate_hourly_AB_3031092_06-2026_P1H.csv
-114.01,51.12,CALGARY INTL A,3031092,2026-06-24 06:00,2026,6,24,06:00,,10.5,,6.9,,78.0,,,,23.0,,3.0,,32.2,,89.57,,,,,,,18.816129032258065,0.9375,0.0,0.06228034459111949,0.0,0.06228034459111949,en_climate_hourly_AB_3031092_06-2026_P1H.csv
-114.01,51.12,CALGARY INTL A,3031092,2026-06-24 07:00,2026,6,24,07:00,,12.6,,7.5,,71.0,,,,18.0,,8.0,,64.4,,89.56,,,,,,,21.764925373134364,0.675,0.0,0.03876650094291096,0.0,0.03876650094291096,en_climate_hourly_AB_3031092_06-2026_P1H.csv
-114.01,51.12,CALGARY INTL A,3031092,2026-06-24 08:00,2026,6,24,08:00,,15.4,,8.2,,62.0,,,,18.0,,11.0,,64.4,,89.55,,,,,,Clear,27.514150943396164,0.32499999999999996,0.0,0.0147651294359678,0.0,0.0147651294359678,en_climate_hourly_AB_3031092_06-2026_P1H.csv
-114.01,51.12,CALGARY INTL A,3031092,2026-06-24 09:00,2026,6,24,09:00,,17.5,,8.1,,54.0,,,,19.0,,18.0,,64.4,,89.54,,,,,,,34.311764705882354,0.0625,0.0,0.0022769158237613573,0.0,0.0022769158237613573,en_climate_hourly_AB_3031092_06-2026_P1H.csv
-114.01,51.12,CALGARY INTL A,3031092,2026-06-24 10:00,2026,6,24,10:00,,19.2,,8.8,,50.0,,,,17.0,,24.0,,64.4,,89.52,,,,,,,42.889705882352864,0.0,0.19559999999999989,0.0,0.005700668609634843,0.005700668609634843,en_climate_hourly_AB_3031092_06-2026_P1H.csv
-114.01,51.12,CALGARY INTL A,3031092,2026-06-24 11:00,2026,6,24,11:00,,20.6,,8.8,,46.0,,,,17.0,,23.0,,64.4,,89.48,,,,,,Mainly Clear,54.00925925925948,0.0,0.42380000000000023,0.0,0.009808503343048138,0.009808503343048138,en_climate_hourly_AB_3031092_06-2026_P1H.csv
-114.01,51.12,CALGARY INTL A,3031092,2026-06-24 12:00,2026,6,24,12:00,,21.5,,8.2,,42.0,,,,18.0,,26.0,,64.4,,89.45,,,,,,,53.027272727272724,0.0,0.5705,0.0,0.013448268472484141,0.013448268472484141,en_climate_hourly_AB_3031092_06-2026_P1H.csv
-114.01,51.12,CALGARY INTL A,3031092,2026-06-24 13:00,2026,6,24,13:00,,22.1,,6.8,,37.0,,,,18.0,,19.0,,64.4,,89.42,,,,,,,47.811475409835886,0.0,0.6683000000000002,0.0,0.017472269843991157,0.017472269843991157,en_climate_hourly_AB_3031092_06-2026_P1H.csv
-114.01,51.12,CALGARY INTL A,3031092,2026-06-24 14:00,2026,6,24,14:00,,22.7,,6.9,,36.0,,,,15.0,,18.0,,64.4,,89.37,,,,,,Mainly Clear,43.52985074626873,0.0,0.7660999999999999,0.0,0.021999271386936355,0.021999271386936355,en_climate_hourly_AB_3031092_06-2026_P1H.csv
-114.01,51.12,CALGARY INTL A,3031092,2026-06-24 15:00,2026,6,24,15:00,,23.0,,7.8,,37.0,,,,13.0,,22.0,,64.4,,89.3,,,,,,,41.66428571428571,0.0,0.8150000000000001,0.0,0.024451397222698446,0.024451397222698446,en_climate_hourly_AB_3031092_06-2026_P1H.csv
-114.01,51.12,CALGARY INTL A,3031092,2026-06-24 16:00,2026,6,24,16:00,,23.3,,7.4,,35.0,,,,14.0,,28.0,,64.4,,89.24,,,,,,,39.952054794520485,0.0,0.8639000000000001,0.0,0.027029273101320122,0.027029273101320122,en_climate_hourly_AB_3031092_06-2026_P1H.csv
-114.01,51.12,CALGARY INTL A,3031092,2026-06-24 17:00,2026,6,24,17:00,,23.3,,6.1,,33.0,,,,14.0,,26.0,,64.4,,89.2,,,,,,Mainly Clear,39.952054794520485,0.0,0.8639000000000001,0.0,0.027029273101320122,0.027029273101320122,en_climate_hourly_AB_3031092_06-2026_P1H.csv
-114.01,51.12,CALGARY INTL A,3031092,2026-06-24 18:00,2026,6,24,18:00,,22.5,,5.8,,33.0,,,,14.0,,27.0,,64.4,,89.14,,,,,,,44.86923076923077,0.0,0.7335,0.0,0.0204343819646837,0.0204343819646837,en_climate_hourly_AB_3031092_06-2026_P1H.csv
-114.01,51.12,CALGARY INTL A,3031092,2026-06-24 19:00,2026,6,24,19:00,,21.1,,8.0,,42.0,,,,14.0,,24.0,,48.3,,89.12,,,,,,,57.18627450980366,0.0,0.5053000000000003,0.0,0.011045045431167551,0.011045045431167551,en_climate_hourly_AB_3031092_06-2026_P1H.csv
-114.01,51.12,CALGARY INTL A,3031092,2026-06-24 20:00,2026,6,24,20:00,,19.7,,8.2,,47.0,,,,17.0,,24.0,,48.3,,89.11,,,,,,Mostly Cloudy,46.293650793650706,0.0,0.2770999999999999,0.0,0.0074821275501457335,0.0074821275501457335,en_climate_hourly_AB_3031092_06-2026_P1H.csv
-114.01,51.12,CALGARY INTL A,3031092,2026-06-24 21:00,2026,6,24,21:00,,18.2,,8.2,,52.0,,,,16.0,,21.0,,48.3,,89.09,,,,,,,37.391025641025585,0.0,0.032599999999999886,0.0,0.0010898337047831282,0.0010898337047831282,en_climate_hourly_AB_3031092_06-2026_P1H.csv
-114.01,51.12,CALGARY INTL A,3031092,2026-06-24 22:00,2026,6,24,22:00,,16.4,,8.8,,60.0,,,,17.0,,19.0,,24.1,,89.11,,,,,,,30.380208333333258,0.20000000000000018,0.0,0.008229041659523428,0.0,0.008229041659523428,en_climate_hourly_AB_3031092_06-2026_P1H.csv
-114.01,51.12,CALGARY INTL A,3031092,2026-06-24 23:00,2026,6,24,23:00,,15.6,,7.3,,57.0,,,,16.0,,18.0,,24.1,,89.07,,,,,,Mostly Cloudy,28.04326923076929,0.30000000000000004,0.0,0.0133721926967255,0.0,0.0133721926967255,en_climate_hourly_AB_3031092_06-2026_P1H.csv
-114.01,51.12,CALGARY INTL A,3031092,2026-06-25 00:00,2026,6,25,00:00,,14.3,,7.2,,62.0,,,,17.0,,17.0,,24.1,,89.02,,,,,,,24.92735042735045,0.4624999999999999,0.0,0.023192396708383307,0.0,0.023192396708383307,en_climate_hourly_AB_3031092_06-2026_P1H.csv
-114.01,51.12,CALGARY INTL A,3031092,2026-06-25 01:00,2026,6,25,01:00,,13.8,,7.4,,65.0,,,,16.0,,19.0,,24.1,,89.0,,,,,,,23.905737704918053,0.5249999999999999,0.0,0.02745156866106632,0.0,0.02745156866106632,en_climate_hourly_AB_3031092_06-2026_P1H.csv
-114.01,51.12,CALGARY INTL A,3031092,2026-06-25 02:00,2026,6,25,02:00,,13.0,,7.2,,68.0,,,,16.0,,16.0,,24.1,,88.96,,,,,,Mostly Cloudy,22.434615384615384,0.625,0.0,0.03482341848105606,0.0,0.03482341848105606,en_climate_hourly_AB_3031092_06-2026_P1H.csv
-114.01,51.12,CALGARY INTL A,3031092,2026-06-25 03:00,2026,6,25,03:00,,12.8,,7.2,,69.0,,,,17.0,,17.0,,24.1,,88.9,,,,,,,22.094696969696987,0.6499999999999999,0.0,0.03677352991599517,0.0,0.03677352991599517,en_climate_hourly_AB_3031092_06-2026_P1H.csv
-114.01,51.12,CALGARY INTL A,3031092,2026-06-25 04:00,2026,6,25,04:00,,11.7,,7.2,,74.0,,,,16.0,,13.0,,24.1,,88.85,,,,,,,20.39510489510488,0.7875000000000001,0.0,0.04826525801474374,0.0,0.04826525801474374,en_climate_hourly_AB_3031092_06-2026_P1H.csv
-114.01,51.12,CALGARY INTL A,3031092,2026-06-25 05:00,2026,6,25,05:00,,11.2,,7.1,,76.0,,,,17.0,,10.0,,48.3,,88.8,,,,,,Mainly Clear,19.706081081081063,0.8500000000000001,0.0,0.053917366706669,0.0,0.053917366706669,en_climate_hourly_AB_3031092_06-2026_P1H.csv
-114.01,51.12,CALGARY INTL A,3031092,2026-06-25 06:00,2026,6,25,06:00,,12.6,,8.0,,73.0,,,,17.0,,9.0,,32.2,,88.78,,,,,,,21.764925373134364,0.675,0.0,0.03876650094291096,0.0,0.03876650094291096,en_climate_hourly_AB_3031092_06-2026_P1H.csv
-114.01,51.12,CALGARY INTL A,3031092,2026-06-25 07:00,2026,6,25,07:00,,14.0,,8.3,,68.0,,,,19.0,,10.0,,32.2,,88.74,,,,,,,24.304166666666664,0.5,0.0,0.02571575518601063,0.0,0.02571575518601063,en_climate_hourly_AB_3031092_06-2026_P1H.csv
-114.01,51.12,CALGARY INTL A,3031092,2026-06-25 08:00,2026,6,25,08:00,,16.0,,8.2,,59.0,,,,17.0,,12.0,,32.2,,88.73,,,,,,Mostly Cloudy,29.165,0.25,0.0,0.010714897994171095,0.0,0.010714897994171095,en_climate_hourly_AB_3031092_06-2026_P1H.csv
-114.01,51.12,CALGARY INTL A,3031092,2026-06-25 09:00,2026,6,25,09:00,,17.2,,9.0,,58.0,,,,16.0,,16.0,,32.2,,88.71,,,,,,,33.14204545454541,0.10000000000000009,0.0,0.003771644093948234,0.0,0.003771644093948234,en_climate_hourly_AB_3031092_06-2026_P1H.csv
-114.01,51.12,CALGARY INTL A,3031092,2026-06-25 10:00,2026,6,25,10:00,,20.3,,10.0,,51.0,,,,16.0,,16.0,,32.2,,88.66,,,,,,,51.166666666666764,0.0,0.3749000000000001,0.0,0.0091587947882736,0.0091587947882736,en_climate_hourly_AB_3031092_06-2026_P1H.csv
-114.01,51.12,CALGARY INTL A,3031092,2026-06-25 11:00,2026,6,25,11:00,,22.0,,9.1,,43.0,,,,17.0,,30.0,,32.2,,88.62,,,,,,Mostly Cloudy,48.60833333333333,0.0,0.652,0.0,0.016766672381278932,0.016766672381278932,en_climate_hourly_AB_3031092_06-2026_P1H.csv
-114.01,51.12,CALGARY INTL A,3031092,2026-06-25 12:00,2026,6,25,12:00,,23.7,,7.2,,34.0,,,,16.0,,27.0,,32.2,,88.56,,,,,,,37.87662337662343,0.0,0.9290999999999999,0.0,0.030662052117263798,0.030662052117263798,en_climate_hourly_AB_3031092_06-2026_P1H.csv
-114.01,51.12,CALGARY INTL A,3031092,2026-06-25 13:00,2026,6,25,13:00,,23.1,,5.8,,32.0,,,,14.0,,32.0,,24.1,,88.57,,,,,,,41.07746478873226,0.0,0.8313000000000003,0.0,0.025296716955254678,0.025296716955254678,en_climate_hourly_AB_3031092_06-2026_P1H.csv
-114.01,51.12,CALGARY INTL A,3031092,2026-06-25 14:00,2026,6,25,14:00,,23.1,,6.4,,33.0,,,,16.0,,32.0,,24.1,,88.57,,,,,,Mostly Cloudy,41.07746478873226,0.0,0.8313000000000003,0.0,0.025296716955254678,0.025296716955254678,en_climate_hourly_AB_3031092_06-2026_P1H.csv
-114.01,51.12,CALGARY INTL A,3031092,2026-06-25 15:00,2026,6,25,15:00,,23.3,,6.4,,33.0,,,,17.0,,27.0,,24.1,,88.5,,,,,,,39.952054794520485,0.0,0.8639000000000001,0.0,0.027029273101320122,0.027029273101320122,en_climate_hourly_AB_3031092_06-2026_P1H.csv
-114.01,51.12,CALGARY INTL A,3031092,2026-06-25 16:00,2026,6,25,16:00,,23.8,,6.0,,31.0,,,,16.0,,27.0,,32.2,,88.46,,,,,,,37.391025641025585,0.0,0.9454000000000001,0.0,0.03160517743871083,0.03160517743871083,en_climate_hourly_AB_3031092_06-2026_P1H.csv
-114.01,51.12,CALGARY INTL A,3031092,2026-06-25 17:00,2026,6,25,17:00,,23.4,,7.7,,36.0,,,,16.0,,23.0,,24.1,,88.43,,,,,,Mostly Cloudy,39.41216216216228,0.0,0.8801999999999998,0.0,0.027916509514829324,0.027916509514829324,en_climate_hourly_AB_3031092_06-2026_P1H.csv
-114.01,51.12,CALGARY INTL A,3031092,2026-06-25 18:00,2026,6,25,18:00,,21.6,,6.5,,37.0,,,,15.0,,20.0,,32.2,,88.39,,,,,,,52.080357142856926,0.0,0.5868000000000002,0.0,0.014084004800274365,0.014084004800274365,en_climate_hourly_AB_3031092_06-2026_P1H.csv
-114.01,51.12,CALGARY INTL A,3031092,2026-06-25 19:00,2026,6,25,19:00,,21.4,,7.6,,40.0,,,,13.0,,26.0,,48.3,,88.36,,,,,,,54.00925925925948,0.0,0.5541999999999998,0.0,0.012826504371678324,0.012826504371678324,en_climate_hourly_AB_3031092_06-2026_P1H.csv
-114.01,51.12,CALGARY INTL A,3031092,2026-06-25 20:00,2026,6,25,20:00,,20.6,,8.0,,44.0,,,,16.0,,21.0,,32.2,,88.35,,,,,,Mainly Clear,54.00925925925948,0.0,0.42380000000000023,0.0,0.009808503343048138,0.009808503343048138,en_climate_hourly_AB_3031092_06-2026_P1H.csv
-114.01,51.12,CALGARY INTL A,3031092,2026-06-25 21:00,2026,6,25,21:00,,19.3,,8.3,,49.0,,,,15.0,,13.0,,32.2,,88.32,,,,,,,43.52985074626873,0.0,0.21190000000000012,0.0,0.006084904851705805,0.006084904851705805,en_climate_hourly_AB_3031092_06-2026_P1H.csv
-114.01,51.12,CALGARY INTL A,3031092,2026-06-25 22:00,2026,6,25,22:00,,17.8,,8.8,,55.0,,,,13.0,,13.0,,24.1,,88.29,,,,,,,35.56707317073175,0.02499999999999991,0.0,0.0008786216355220255,0.0,0.0008786216355220255,en_climate_hourly_AB_3031092_06-2026_P1H.csv
-114.01,51.12,CALGARY INTL A,3031092,2026-06-25 23:00,2026,6,25,23:00,,16.4,,8.7,,60.0,,,,15.0,,12.0,,24.1,,88.25,,,,,,Mainly Clear,30.380208333333258,0.20000000000000018,0.0,0.008229041659523428,0.0,0.008229041659523428,en_climate_hourly_AB_3031092_06-2026_P1H.csv
-114.01,51.12,CALGARY INTL A,3031092,2026-06-26 00:00,2026,6,26,00:00,,,,,,,,,,,,,,,,,,,,,,,,,,,,,en_climate_hourly_AB_3031092_06-2026_P1H.csv
-114.01,51.12,CALGARY INTL A,3031092,2026-06-26 01:00,2026,6,26,01:00,,,,,,,,,,,,,,,,,,,,,,,,,,,,,en_climate_hourly_AB_3031092_06-2026_P1H.csv
-114.01,51.12,CALGARY INTL A,3031092,2026-06-26 02:00,2026,6,26,02:00,,,,,,,,,,,,,,,,,,,,,,,,,,,,,en_climate_hourly_AB_3031092_06-2026_P1H.csv
-114.01,51.12,CALGARY INTL A,3031092,2026-06-26 03:00,2026,6,26,03:00,,,,,,,,,,,,,,,,,,,,,,,,,,,,,en_climate_hourly_AB_3031092_06-2026_P1H.csv
-114.01,51.12,CALGARY INTL A,3031092,2026-06-26 04:00,2026,6,26,04:00,,,,,,,,,,,,,,,,,,,,,,,,,,,,,en_climate_hourly_AB_3031092_06-2026_P1H.csv
-114.01,51.12,CALGARY INTL A,3031092,2026-06-26 05:00,2026,6,26,05:00,,,,,,,,,,,,,,,,,,,,,,,,,,,,,en_climate_hourly_AB_3031092_06-2026_P1H.csv
-114.01,51.12,CALGARY INTL A,3031092,2026-06-26 06:00,2026,6,26,06:00,,,,,,,,,,,,,,,,,,,,,,,,,,,,,en_climate_hourly_AB_3031092_06-2026_P1H.csv
-114.01,51.12,CALGARY INTL A,3031092,2026-06-26 07:00,2026,6,26,07:00,,,,,,,,,,,,,,,,,,,,,,,,,,,,,en_climate_hourly_AB_3031092_06-2026_P1H.csv
-114.01,51.12,CALGARY INTL A,3031092,2026-06-26 08:00,2026,6,26,08:00,,,,,,,,,,,,,,,,,,,,,,,,,,,,,en_climate_hourly_AB_3031092_06-2026_P1H.csv
-114.01,51.12,CALGARY INTL A,3031092,2026-06-26 09:00,2026,6,26,09:00,,,,,,,,,,,,,,,,,,,,,,,,,,,,,en_climate_hourly_AB_3031092_06-2026_P1H.csv
-114.01,51.12,CALGARY INTL A,3031092,2026-06-26 10:00,2026,6,26,10:00,,,,,,,,,,,,,,,,,,,,,,,,,,,,,en_climate_hourly_AB_3031092_06-2026_P1H.csv
-114.01,51.12,CALGARY INTL A,3031092,2026-06-26 11:00,2026,6,26,11:00,,,,,,,,,,,,,,,,,,,,,,,,,,,,,en_climate_hourly_AB_3031092_06-2026_P1H.csv
-114.01,51.12,CALGARY INTL A,3031092,2026-06-26 12:00,2026,6,26,12:00,,,,,,,,,,,,,,,,,,,,,,,,,,,,,en_climate_hourly_AB_3031092_06-2026_P1H.csv
-114.01,51.12,CALGARY INTL A,3031092,2026-06-26 13:00,2026,6,26,13:00,,,,,,,,,,,,,,,,,,,,,,,,,,,,,en_climate_hourly_AB_3031092_06-2026_P1H.csv
-114.01,51.12,CALGARY INTL A,3031092,2026-06-26 14:00,2026,6,26,14:00,,,,,,,,,,,,,,,,,,,,,,,,,,,,,en_climate_hourly_AB_3031092_06-2026_P1H.csv
-114.01,51.12,CALGARY INTL A,3031092,2026-06-26 15:00,2026,6,26,15:00,,,,,,,,,,,,,,,,,,,,,,,,,,,,,en_climate_hourly_AB_3031092_06-2026_P1H.csv
-114.01,51.12,CALGARY INTL A,3031092,2026-06-26 16:00,2026,6,26,16:00,,,,,,,,,,,,,,,,,,,,,,,,,,,,,en_climate_hourly_AB_3031092_06-2026_P1H.csv
-114.01,51.12,CALGARY INTL A,3031092,2026-06-26 17:00,2026,6,26,17:00,,,,,,,,,,,,,,,,,,,,,,,,,,,,,en_climate_hourly_AB_3031092_06-2026_P1H.csv
-114.01,51.12,CALGARY INTL A,3031092,2026-06-26 18:00,2026,6,26,18:00,,,,,,,,,,,,,,,,,,,,,,,,,,,,,en_climate_hourly_AB_3031092_06-2026_P1H.csv
-114.01,51.12,CALGARY INTL A,3031092,2026-06-26 19:00,2026,6,26,19:00,,,,,,,,,,,,,,,,,,,,,,,,,,,,,en_climate_hourly_AB_3031092_06-2026_P1H.csv
-114.01,51.12,CALGARY INTL A,3031092,2026-06-26 20:00,2026,6,26,20:00,,,,,,,,,,,,,,,,,,,,,,,,,,,,,en_climate_hourly_AB_3031092_06-2026_P1H.csv
-114.01,51.12,CALGARY INTL A,3031092,2026-06-26 21:00,2026,6,26,21:00,,,,,,,,,,,,,,,,,,,,,,,,,,,,,en_climate_hourly_AB_3031092_06-2026_P1H.csv
-114.01,51.12,CALGARY INTL A,3031092,2026-06-26 22:00,2026,6,26,22:00,,,,,,,,,,,,,,,,,,,,,,,,,,,,,en_climate_hourly_AB_3031092_06-2026_P1H.csv
-114.01,51.12,CALGARY INTL A,3031092,2026-06-26 23:00,2026,6,26,23:00,,,,,,,,,,,,,,,,,,,,,,,,,,,,,en_climate_hourly_AB_3031092_06-2026_P1H.csv
-114.01,51.12,CALGARY INTL A,3031092,2026-06-27 00:00,2026,6,27,00:00,,,,,,,,,,,,,,,,,,,,,,,,,,,,,en_climate_hourly_AB_3031092_06-2026_P1H.csv
-114.01,51.12,CALGARY INTL A,3031092,2026-06-27 01:00,2026,6,27,01:00,,,,,,,,,,,,,,,,,,,,,,,,,,,,,en_climate_hourly_AB_3031092_06-2026_P1H.csv
-114.01,51.12,CALGARY INTL A,3031092,2026-06-27 02:00,2026,6,27,02:00,,,,,,,,,,,,,,,,,,,,,,,,,,,,,en_climate_hourly_AB_3031092_06-2026_P1H.csv
-114.01,51.12,CALGARY INTL A,3031092,2026-06-27 03:00,2026,6,27,03:00,,,,,,,,,,,,,,,,,,,,,,,,,,,,,en_climate_hourly_AB_3031092_06-2026_P1H.csv
-114.01,51.12,CALGARY INTL A,3031092,2026-06-27 04:00,2026,6,27,04:00,,,,,,,,,,,,,,,,,,,,,,,,,,,,,en_climate_hourly_AB_3031092_06-2026_P1H.csv
-114.01,51.12,CALGARY INTL A,3031092,2026-06-27 05:00,2026,6,27,05:00,,,,,,,,,,,,,,,,,,,,,,,,,,,,,en_climate_hourly_AB_3031092_06-2026_P1H.csv
-114.01,51.12,CALGARY INTL A,3031092,2026-06-27 06:00,2026,6,27,06:00,,,,,,,,,,,,,,,,,,,,,,,,,,,,,en_climate_hourly_AB_3031092_06-2026_P1H.csv
-114.01,51.12,CALGARY INTL A,3031092,2026-06-27 07:00,2026,6,27,07:00,,,,,,,,,,,,,,,,,,,,,,,,,,,,,en_climate_hourly_AB_3031092_06-2026_P1H.csv
-114.01,51.12,CALGARY INTL A,3031092,2026-06-27 08:00,2026,6,27,08:00,,,,,,,,,,,,,,,,,,,,,,,,,,,,,en_climate_hourly_AB_3031092_06-2026_P1H.csv
-114.01,51.12,CALGARY INTL A,3031092,2026-06-27 09:00,2026,6,27,09:00,,,,,,,,,,,,,,,,,,,,,,,,,,,,,en_climate_hourly_AB_3031092_06-2026_P1H.csv
-114.01,51.12,CALGARY INTL A,3031092,2026-06-27 10:00,2026,6,27,10:00,,,,,,,,,,,,,,,,,,,,,,,,,,,,,en_climate_hourly_AB_3031092_06-2026_P1H.csv
-114.01,51.12,CALGARY INTL A,3031092,2026-06-27 11:00,2026,6,27,11:00,,,,,,,,,,,,,,,,,,,,,,,,,,,,,en_climate_hourly_AB_3031092_06-2026_P1H.csv
-114.01,51.12,CALGARY INTL A,3031092,2026-06-27 12:00,2026,6,27,12:00,,,,,,,,,,,,,,,,,,,,,,,,,,,,,en_climate_hourly_AB_3031092_06-2026_P1H.csv
-114.01,51.12,CALGARY INTL A,3031092,2026-06-27 13:00,2026,6,27,13:00,,,,,,,,,,,,,,,,,,,,,,,,,,,,,en_climate_hourly_AB_3031092_06-2026_P1H.csv
-114.01,51.12,CALGARY INTL A,3031092,2026-06-27 14:00,2026,6,27,14:00,,,,,,,,,,,,,,,,,,,,,,,,,,,,,en_climate_hourly_AB_3031092_06-2026_P1H.csv
-114.01,51.12,CALGARY INTL A,3031092,2026-06-27 15:00,2026,6,27,15:00,,,,,,,,,,,,,,,,,,,,,,,,,,,,,en_climate_hourly_AB_3031092_06-2026_P1H.csv
-114.01,51.12,CALGARY INTL A,3031092,2026-06-27 16:00,2026,6,27,16:00,,,,,,,,,,,,,,,,,,,,,,,,,,,,,en_climate_hourly_AB_3031092_06-2026_P1H.csv
-114.01,51.12,CALGARY INTL A,3031092,2026-06-27 17:00,2026,6,27,17:00,,,,,,,,,,,,,,,,,,,,,,,,,,,,,en_climate_hourly_AB_3031092_06-2026_P1H.csv
-114.01,51.12,CALGARY INTL A,3031092,2026-06-27 18:00,2026,6,27,18:00,,,,,,,,,,,,,,,,,,,,,,,,,,,,,en_climate_hourly_AB_3031092_06-2026_P1H.csv
-114.01,51.12,CALGARY INTL A,3031092,2026-06-27 19:00,2026,6,27,19:00,,,,,,,,,,,,,,,,,,,,,,,,,,,,,en_climate_hourly_AB_3031092_06-2026_P1H.csv
-114.01,51.12,CALGARY INTL A,3031092,2026-06-27 20:00,2026,6,27,20:00,,,,,,,,,,,,,,,,,,,,,,,,,,,,,en_climate_hourly_AB_3031092_06-2026_P1H.csv
-114.01,51.12,CALGARY INTL A,3031092,2026-06-27 21:00,2026,6,27,21:00,,,,,,,,,,,,,,,,,,,,,,,,,,,,,en_climate_hourly_AB_3031092_06-2026_P1H.csv
-114.01,51.12,CALGARY INTL A,3031092,2026-06-27 22:00,2026,6,27,22:00,,,,,,,,,,,,,,,,,,,,,,,,,,,,,en_climate_hourly_AB_3031092_06-2026_P1H.csv
-114.01,51.12,CALGARY INTL A,3031092,2026-06-27 23:00,2026,6,27,23:00,,,,,,,,,,,,,,,,,,,,,,,,,,,,,en_climate_hourly_AB_3031092_06-2026_P1H.csv
-114.01,51.12,CALGARY INTL A,3031092,2026-06-28 00:00,2026,6,28,00:00,,,,,,,,,,,,,,,,,,,,,,,,,,,,,en_climate_hourly_AB_3031092_06-2026_P1H.csv
-114.01,51.12,CALGARY INTL A,3031092,2026-06-28 01:00,2026,6,28,01:00,,,,,,,,,,,,,,,,,,,,,,,,,,,,,en_climate_hourly_AB_3031092_06-2026_P1H.csv
-114.01,51.12,CALGARY INTL A,3031092,2026-06-28 02:00,2026,6,28,02:00,,,,,,,,,,,,,,,,,,,,,,,,,,,,,en_climate_hourly_AB_3031092_06-2026_P1H.csv
-114.01,51.12,CALGARY INTL A,3031092,2026-06-28 03:00,2026,6,28,03:00,,,,,,,,,,,,,,,,,,,,,,,,,,,,,en_climate_hourly_AB_3031092_06-2026_P1H.csv
-114.01,51.12,CALGARY INTL A,3031092,2026-06-28 04:00,2026,6,28,04:00,,,,,,,,,,,,,,,,,,,,,,,,,,,,,en_climate_hourly_AB_3031092_06-2026_P1H.csv
-114.01,51.12,CALGARY INTL A,3031092,2026-06-28 05:00,2026,6,28,05:00,,,,,,,,,,,,,,,,,,,,,,,,,,,,,en_climate_hourly_AB_3031092_06-2026_P1H.csv
-114.01,51.12,CALGARY INTL A,3031092,2026-06-28 06:00,2026,6,28,06:00,,,,,,,,,,,,,,,,,,,,,,,,,,,,,en_climate_hourly_AB_3031092_06-2026_P1H.csv
-114.01,51.12,CALGARY INTL A,3031092,2026-06-28 07:00,2026,6,28,07:00,,,,,,,,,,,,,,,,,,,,,,,,,,,,,en_climate_hourly_AB_3031092_06-2026_P1H.csv
-114.01,51.12,CALGARY INTL A,3031092,2026-06-28 08:00,2026,6,28,08:00,,,,,,,,,,,,,,,,,,,,,,,,,,,,,en_climate_hourly_AB_3031092_06-2026_P1H.csv
-114.01,51.12,CALGARY INTL A,3031092,2026-06-28 09:00,2026,6,28,09:00,,,,,,,,,,,,,,,,,,,,,,,,,,,,,en_climate_hourly_AB_3031092_06-2026_P1H.csv
-114.01,51.12,CALGARY INTL A,3031092,2026-06-28 10:00,2026,6,28,10:00,,,,,,,,,,,,,,,,,,,,,,,,,,,,,en_climate_hourly_AB_3031092_06-2026_P1H.csv
-114.01,51.12,CALGARY INTL A,3031092,2026-06-28 11:00,2026,6,28,11:00,,,,,,,,,,,,,,,,,,,,,,,,,,,,,en_climate_hourly_AB_3031092_06-2026_P1H.csv
-114.01,51.12,CALGARY INTL A,3031092,2026-06-28 12:00,2026,6,28,12:00,,,,,,,,,,,,,,,,,,,,,,,,,,,,,en_climate_hourly_AB_3031092_06-2026_P1H.csv
-114.01,51.12,CALGARY INTL A,3031092,2026-06-28 13:00,2026,6,28,13:00,,,,,,,,,,,,,,,,,,,,,,,,,,,,,en_climate_hourly_AB_3031092_06-2026_P1H.csv
-114.01,51.12,CALGARY INTL A,3031092,2026-06-28 14:00,2026,6,28,14:00,,,,,,,,,,,,,,,,,,,,,,,,,,,,,en_climate_hourly_AB_3031092_06-2026_P1H.csv
-114.01,51.12,CALGARY INTL A,3031092,2026-06-28 15:00,2026,6,28,15:00,,,,,,,,,,,,,,,,,,,,,,,,,,,,,en_climate_hourly_AB_3031092_06-2026_P1H.csv
-114.01,51.12,CALGARY INTL A,3031092,2026-06-28 16:00,2026,6,28,16:00,,,,,,,,,,,,,,,,,,,,,,,,,,,,,en_climate_hourly_AB_3031092_06-2026_P1H.csv
-114.01,51.12,CALGARY INTL A,3031092,2026-06-28 17:00,2026,6,28,17:00,,,,,,,,,,,,,,,,,,,,,,,,,,,,,en_climate_hourly_AB_3031092_06-2026_P1H.csv
-114.01,51.12,CALGARY INTL A,3031092,2026-06-28 18:00,2026,6,28,18:00,,,,,,,,,,,,,,,,,,,,,,,,,,,,,en_climate_hourly_AB_3031092_06-2026_P1H.csv
-114.01,51.12,CALGARY INTL A,3031092,2026-06-28 19:00,2026,6,28,19:00,,,,,,,,,,,,,,,,,,,,,,,,,,,,,en_climate_hourly_AB_3031092_06-2026_P1H.csv
-114.01,51.12,CALGARY INTL A,3031092,2026-06-28 20:00,2026,6,28,20:00,,,,,,,,,,,,,,,,,,,,,,,,,,,,,en_climate_hourly_AB_3031092_06-2026_P1H.csv
-114.01,51.12,CALGARY INTL A,3031092,2026-06-28 21:00,2026,6,28,21:00,,,,,,,,,,,,,,,,,,,,,,,,,,,,,en_climate_hourly_AB_3031092_06-2026_P1H.csv
-114.01,51.12,CALGARY INTL A,3031092,2026-06-28 22:00,2026,6,28,22:00,,,,,,,,,,,,,,,,,,,,,,,,,,,,,en_climate_hourly_AB_3031092_06-2026_P1H.csv
-114.01,51.12,CALGARY INTL A,3031092,2026-06-28 23:00,2026,6,28,23:00,,,,,,,,,,,,,,,,,,,,,,,,,,,,,en_climate_hourly_AB_3031092_06-2026_P1H.csv
-114.01,51.12,CALGARY INTL A,3031092,2026-06-29 00:00,2026,6,29,00:00,,,,,,,,,,,,,,,,,,,,,,,,,,,,,en_climate_hourly_AB_3031092_06-2026_P1H.csv
-114.01,51.12,CALGARY INTL A,3031092,2026-06-29 01:00,2026,6,29,01:00,,,,,,,,,,,,,,,,,,,,,,,,,,,,,en_climate_hourly_AB_3031092_06-2026_P1H.csv
-114.01,51.12,CALGARY INTL A,3031092,2026-06-29 02:00,2026,6,29,02:00,,,,,,,,,,,,,,,,,,,,,,,,,,,,,en_climate_hourly_AB_3031092_06-2026_P1H.csv
-114.01,51.12,CALGARY INTL A,3031092,2026-06-29 03:00,2026,6,29,03:00,,,,,,,,,,,,,,,,,,,,,,,,,,,,,en_climate_hourly_AB_3031092_06-2026_P1H.csv
-114.01,51.12,CALGARY INTL A,3031092,2026-06-29 04:00,2026,6,29,04:00,,,,,,,,,,,,,,,,,,,,,,,,,,,,,en_climate_hourly_AB_3031092_06-2026_P1H.csv
-114.01,51.12,CALGARY INTL A,3031092,2026-06-29 05:00,2026,6,29,05:00,,,,,,,,,,,,,,,,,,,,,,,,,,,,,en_climate_hourly_AB_3031092_06-2026_P1H.csv
-114.01,51.12,CALGARY INTL A,3031092,2026-06-29 06:00,2026,6,29,06:00,,,,,,,,,,,,,,,,,,,,,,,,,,,,,en_climate_hourly_AB_3031092_06-2026_P1H.csv
-114.01,51.12,CALGARY INTL A,3031092,2026-06-29 07:00,2026,6,29,07:00,,,,,,,,,,,,,,,,,,,,,,,,,,,,,en_climate_hourly_AB_3031092_06-2026_P1H.csv
-114.01,51.12,CALGARY INTL A,3031092,2026-06-29 08:00,2026,6,29,08:00,,,,,,,,,,,,,,,,,,,,,,,,,,,,,en_climate_hourly_AB_3031092_06-2026_P1H.csv
-114.01,51.12,CALGARY INTL A,3031092,2026-06-29 09:00,2026,6,29,09:00,,,,,,,,,,,,,,,,,,,,,,,,,,,,,en_climate_hourly_AB_3031092_06-2026_P1H.csv
-114.01,51.12,CALGARY INTL A,3031092,2026-06-29 10:00,2026,6,29,10:00,,,,,,,,,,,,,,,,,,,,,,,,,,,,,en_climate_hourly_AB_3031092_06-2026_P1H.csv
-114.01,51.12,CALGARY INTL A,3031092,2026-06-29 11:00,2026,6,29,11:00,,,,,,,,,,,,,,,,,,,,,,,,,,,,,en_climate_hourly_AB_3031092_06-2026_P1H.csv
-114.01,51.12,CALGARY INTL A,3031092,2026-06-29 12:00,2026,6,29,12:00,,,,,,,,,,,,,,,,,,,,,,,,,,,,,en_climate_hourly_AB_3031092_06-2026_P1H.csv
-114.01,51.12,CALGARY INTL A,3031092,2026-06-29 13:00,2026,6,29,13:00,,,,,,,,,,,,,,,,,,,,,,,,,,,,,en_climate_hourly_AB_3031092_06-2026_P1H.csv
-114.01,51.12,CALGARY INTL A,3031092,2026-06-29 14:00,2026,6,29,14:00,,,,,,,,,,,,,,,,,,,,,,,,,,,,,en_climate_hourly_AB_3031092_06-2026_P1H.csv
-114.01,51.12,CALGARY INTL A,3031092,2026-06-29 15:00,2026,6,29,15:00,,,,,,,,,,,,,,,,,,,,,,,,,,,,,en_climate_hourly_AB_3031092_06-2026_P1H.csv
-114.01,51.12,CALGARY INTL A,3031092,2026-06-29 16:00,2026,6,29,16:00,,,,,,,,,,,,,,,,,,,,,,,,,,,,,en_climate_hourly_AB_3031092_06-2026_P1H.csv
-114.01,51.12,CALGARY INTL A,3031092,2026-06-29 17:00,2026,6,29,17:00,,,,,,,,,,,,,,,,,,,,,,,,,,,,,en_climate_hourly_AB_3031092_06-2026_P1H.csv
-114.01,51.12,CALGARY INTL A,3031092,2026-06-29 18:00,2026,6,29,18:00,,,,,,,,,,,,,,,,,,,,,,,,,,,,,en_climate_hourly_AB_3031092_06-2026_P1H.csv
-114.01,51.12,CALGARY INTL A,3031092,2026-06-29 19:00,2026,6,29,19:00,,,,,,,,,,,,,,,,,,,,,,,,,,,,,en_climate_hourly_AB_3031092_06-2026_P1H.csv
-114.01,51.12,CALGARY INTL A,3031092,2026-06-29 20:00,2026,6,29,20:00,,,,,,,,,,,,,,,,,,,,,,,,,,,,,en_climate_hourly_AB_3031092_06-2026_P1H.csv
-114.01,51.12,CALGARY INTL A,3031092,2026-06-29 21:00,2026,6,29,21:00,,,,,,,,,,,,,,,,,,,,,,,,,,,,,en_climate_hourly_AB_3031092_06-2026_P1H.csv
-114.01,51.12,CALGARY INTL A,3031092,2026-06-29 22:00,2026,6,29,22:00,,,,,,,,,,,,,,,,,,,,,,,,,,,,,en_climate_hourly_AB_3031092_06-2026_P1H.csv
-114.01,51.12,CALGARY INTL A,3031092,2026-06-29 23:00,2026,6,29,23:00,,,,,,,,,,,,,,,,,,,,,,,,,,,,,en_climate_hourly_AB_3031092_06-2026_P1H.csv
-114.01,51.12,CALGARY INTL A,3031092,2026-06-30 00:00,2026,6,30,00:00,,,,,,,,,,,,,,,,,,,,,,,,,,,,,en_climate_hourly_AB_3031092_06-2026_P1H.csv
-114.01,51.12,CALGARY INTL A,3031092,2026-06-30 01:00,2026,6,30,01:00,,,,,,,,,,,,,,,,,,,,,,,,,,,,,en_climate_hourly_AB_3031092_06-2026_P1H.csv
-114.01,51.12,CALGARY INTL A,3031092,2026-06-30 02:00,2026,6,30,02:00,,,,,,,,,,,,,,,,,,,,,,,,,,,,,en_climate_hourly_AB_3031092_06-2026_P1H.csv
-114.01,51.12,CALGARY INTL A,3031092,2026-06-30 03:00,2026,6,30,03:00,,,,,,,,,,,,,,,,,,,,,,,,,,,,,en_climate_hourly_AB_3031092_06-2026_P1H.csv
-114.01,51.12,CALGARY INTL A,3031092,2026-06-30 04:00,2026,6,30,04:00,,,,,,,,,,,,,,,,,,,,,,,,,,,,,en_climate_hourly_AB_3031092_06-2026_P1H.csv
-114.01,51.12,CALGARY INTL A,3031092,2026-06-30 05:00,2026,6,30,05:00,,,,,,,,,,,,,,,,,,,,,,,,,,,,,en_climate_hourly_AB_3031092_06-2026_P1H.csv
-114.01,51.12,CALGARY INTL A,3031092,2026-06-30 06:00,2026,6,30,06:00,,,,,,,,,,,,,,,,,,,,,,,,,,,,,en_climate_hourly_AB_3031092_06-2026_P1H.csv
-114.01,51.12,CALGARY INTL A,3031092,2026-06-30 07:00,2026,6,30,07:00,,,,,,,,,,,,,,,,,,,,,,,,,,,,,en_climate_hourly_AB_3031092_06-2026_P1H.csv
-114.01,51.12,CALGARY INTL A,3031092,2026-06-30 08:00,2026,6,30,08:00,,,,,,,,,,,,,,,,,,,,,,,,,,,,,en_climate_hourly_AB_3031092_06-2026_P1H.csv
-114.01,51.12,CALGARY INTL A,3031092,2026-06-30 09:00,2026,6,30,09:00,,,,,,,,,,,,,,,,,,,,,,,,,,,,,en_climate_hourly_AB_3031092_06-2026_P1H.csv
-114.01,51.12,CALGARY INTL A,3031092,2026-06-30 10:00,2026,6,30,10:00,,,,,,,,,,,,,,,,,,,,,,,,,,,,,en_climate_hourly_AB_3031092_06-2026_P1H.csv
-114.01,51.12,CALGARY INTL A,3031092,2026-06-30 11:00,2026,6,30,11:00,,,,,,,,,,,,,,,,,,,,,,,,,,,,,en_climate_hourly_AB_3031092_06-2026_P1H.csv
-114.01,51.12,CALGARY INTL A,3031092,2026-06-30 12:00,2026,6,30,12:00,,,,,,,,,,,,,,,,,,,,,,,,,,,,,en_climate_hourly_AB_3031092_06-2026_P1H.csv
-114.01,51.12,CALGARY INTL A,3031092,2026-06-30 13:00,2026,6,30,13:00,,,,,,,,,,,,,,,,,,,,,,,,,,,,,en_climate_hourly_AB_3031092_06-2026_P1H.csv
-114.01,51.12,CALGARY INTL A,3031092,2026-06-30 14:00,2026,6,30,14:00,,,,,,,,,,,,,,,,,,,,,,,,,,,,,en_climate_hourly_AB_3031092_06-2026_P1H.csv
-114.01,51.12,CALGARY INTL A,3031092,2026-06-30 15:00,2026,6,30,15:00,,,,,,,,,,,,,,,,,,,,,,,,,,,,,en_climate_hourly_AB_3031092_06-2026_P1H.csv
-114.01,51.12,CALGARY INTL A,3031092,2026-06-30 16:00,2026,6,30,16:00,,,,,,,,,,,,,,,,,,,,,,,,,,,,,en_climate_hourly_AB_3031092_06-2026_P1H.csv
-114.01,51.12,CALGARY INTL A,3031092,2026-06-30 17:00,2026,6,30,17:00,,,,,,,,,,,,,,,,,,,,,,,,,,,,,en_climate_hourly_AB_3031092_06-2026_P1H.csv
-114.01,51.12,CALGARY INTL A,3031092,2026-06-30 18:00,2026,6,30,18:00,,,,,,,,,,,,,,,,,,,,,,,,,,,,,en_climate_hourly_AB_3031092_06-2026_P1H.csv
-114.01,51.12,CALGARY INTL A,3031092,2026-06-30 19:00,2026,6,30,19:00,,,,,,,,,,,,,,,,,,,,,,,,,,,,,en_climate_hourly_AB_3031092_06-2026_P1H.csv
-114.01,51.12,CALGARY INTL A,3031092,2026-06-30 20:00,2026,6,30,20:00,,,,,,,,,,,,,,,,,,,,,,,,,,,,,en_climate_hourly_AB_3031092_06-2026_P1H.csv
-114.01,51.12,CALGARY INTL A,3031092,2026-06-30 21:00,2026,6,30,21:00,,,,,,,,,,,,,,,,,,,,,,,,,,,,,en_climate_hourly_AB_3031092_06-2026_P1H.csv
-114.01,51.12,CALGARY INTL A,3031092,2026-06-30 22:00,2026,6,30,22:00,,,,,,,,,,,,,,,,,,,,,,,,,,,,,en_climate_hourly_AB_3031092_06-2026_P1H.csv
-114.01,51.12,CALGARY INTL A,3031092,2026-06-30 23:00,2026,6,30,23:00,,,,,,,,,,,,,,,,,,,,,,,,,,,,,en_climate_hourly_AB_3031092_06-2026_P1H.csv
-114.0,51.11,CALGARY INT'L CS,3031094,2026-06-01 00:00,2026,6,1,00:00,,4.7,,3.4,,91.0,,0.0,,33.0,,43.0,,,,89.69,,,,,,,13.69248826291079,1.6625,0.0,0.1517711726384366,0.0,0.1517711726384366,en_climate_hourly_AB_3031094_06-2026_P1H.csv
-114.0,51.11,CALGARY INT'L CS,3031094,2026-06-01 01:00,2026,6,1,01:00,,4.5,,3.4,,92.0,,0.4,,33.0,,41.0,,,,89.66,,,,,,,13.565116279069766,1.6875,0.0,0.15549995714040804,0.0,0.15549995714040804,en_climate_hourly_AB_3031094_06-2026_P1H.csv
-114.0,51.11,CALGARY INT'L CS,3031094,2026-06-01 02:00,2026,6,1,02:00,,4.5,,3.7,,95.0,,0.7,,33.0,,42.0,,,,89.64,,,,,,,13.565116279069766,1.6875,0.0,0.15549995714040804,0.0,0.15549995714040804,en_climate_hourly_AB_3031094_06-2026_P1H.csv
-114.0,51.11,CALGARY INT'L CS,3031094,2026-06-01 03:00,2026,6,1,03:00,,4.8,,3.7,,93.0,,2.6,,33.0,,48.0,,,,89.56,,,,,,,13.75707547169812,1.65,0.0,0.1499228527344419,0.0,0.1499228527344419,en_climate_hourly_AB_3031094_06-2026_P1H.csv
-114.0,51.11,CALGARY INT'L CS,3031094,2026-06-01 04:00,2026,6,1,04:00,,4.7,,3.7,,93.0,,1.0,,33.0,,52.0,,,,89.52,,,,,,,13.69248826291079,1.6625,0.0,0.1517711726384366,0.0,0.1517711726384366,en_climate_hourly_AB_3031094_06-2026_P1H.csv
-114.0,51.11,CALGARY INT'L CS,3031094,2026-06-01 05:00,2026,6,1,05:00,,4.9,,3.8,,92.0,,1.0,,33.0,,52.0,,,,89.53,,,,,,,13.822274881516572,1.6375,0.0,0.14808524772844178,0.0,0.14808524772844178,en_climate_hourly_AB_3031094_06-2026_P1H.csv
-114.0,51.11,CALGARY INT'L CS,3031094,2026-06-01 06:00,2026,6,1,06:00,,5.7,,4.7,,94.0,,0.9,,33.0,,53.0,,,,89.5,,,,,,,14.366995073891616,1.5375,0.0,0.13377014400822912,0.0,0.13377014400822912,en_climate_hourly_AB_3031094_06-2026_P1H.csv
-114.0,51.11,CALGARY INT'L CS,3031094,2026-06-01 07:00,2026,6,1,07:00,,6.3,,5.4,,94.0,,1.7,,33.0,,49.0,,,,89.5,,,,,,,14.80456852791879,1.4625,0.0,0.12348384193382471,0.0,0.12348384193382471,en_climate_hourly_AB_3031094_06-2026_P1H.csv
-114.0,51.11,CALGARY INT'L CS,3031094,2026-06-01 08:00,2026,6,1,08:00,,6.8,,6.3,,97.0,,0.9,,34.0,,50.0,,,,89.5,,,,,,,15.190104166666675,1.4,0.0,0.11520658323332754,0.0,0.11520658323332754,en_climate_hourly_AB_3031094_06-2026_P1H.csv
-114.0,51.11,CALGARY INT'L CS,3031094,2026-06-01 09:00,2026,6,1,09:00,,7.0,,6.4,,96.0,,0.0,,34.0,,46.0,,,,89.53,,,,,,,15.35,1.375,0.0,0.11197068403908794,0.0,0.11197068403908794,en_climate_hourly_AB_3031094_06-2026_P1H.csv
-114.0,51.11,CALGARY INT'L CS,3031094,2026-06-01 10:00,2026,6,1,10:00,,7.4,,7.1,,98.0,,0.6,,34.0,,45.0,,,,89.57,,,,,,,15.6801075268817,1.325,0.0,0.10562746442653878,0.0,0.10562746442653878,en_climate_hourly_AB_3031094_06-2026_P1H.csv
-114.0,51.11,CALGARY INT'L CS,3031094,2026-06-01 11:00,2026,6,1,11:00,,7.3,,6.8,,97.0,,0.6,,34.0,,43.0,,,,89.65,,,,,,,15.596256684491987,1.3375,0.0,0.10719719698268466,0.0,0.10719719698268466,en_climate_hourly_AB_3031094_06-2026_P1H.csv
-114.0,51.11,CALGARY INT'L CS,3031094,2026-06-01 12:00,2026,6,1,12:00,,6.9,,6.3,,96.0,,1.8,,34.0,,51.0,,,,89.66,,,,,,,15.269633507853383,1.3875,0.0,0.11358327618721084,0.0,0.11358327618721084,en_climate_hourly_AB_3031094_06-2026_P1H.csv
-114.0,51.11,CALGARY INT'L CS,3031094,2026-06-01 13:00,2026,6,1,13:00,,6.7,,6.0,,95.0,,1.8,,34.0,,47.0,,,,89.75,,,,,,,15.11139896373056,1.4125,0.0,0.1168406051774388,0.0,0.1168406051774388,en_climate_hourly_AB_3031094_06-2026_P1H.csv
-114.0,51.11,CALGARY INT'L CS,3031094,2026-06-01 14:00,2026,6,1,14:00,,6.8,,6.0,,95.0,,0.9,,34.0,,47.0,,,,89.79,,,,,,,15.190104166666675,1.4,0.0,0.11520658323332754,0.0,0.11520658323332754,en_climate_hourly_AB_3031094_06-2026_P1H.csv
-114.0,51.11,CALGARY INT'L CS,3031094,2026-06-01 15:00,2026,6,1,15:00,,6.7,,6.2,,97.0,,1.0,,34.0,,47.0,,,,89.77,,,,,,,15.11139896373056,1.4125,0.0,0.1168406051774388,0.0,0.1168406051774388,en_climate_hourly_AB_3031094_06-2026_P1H.csv
-114.0,51.11,CALGARY INT'L CS,3031094,2026-06-01 16:00,2026,6,1,16:00,,7.1,,6.3,,95.0,,0.0,,33.0,,50.0,,,,89.74,,,,,,,15.431216931216948,1.3625,0.0,0.11036880678895925,0.0,0.11036880678895925,en_climate_hourly_AB_3031094_06-2026_P1H.csv
-114.0,51.11,CALGARY INT'L CS,3031094,2026-06-01 17:00,2026,6,1,17:00,,7.1,,6.7,,98.0,,0.0,,33.0,,45.0,,,,89.76,,,,,,,15.431216931216948,1.3625,0.0,0.11036880678895925,0.0,0.11036880678895925,en_climate_hourly_AB_3031094_06-2026_P1H.csv
-114.0,51.11,CALGARY INT'L CS,3031094,2026-06-01 18:00,2026,6,1,18:00,,7.3,,7.3,,100.0,,2.5,,33.0,,44.0,,,,89.78,,,,,,,15.596256684491987,1.3375,0.0,0.10719719698268466,0.0,0.10719719698268466,en_climate_hourly_AB_3031094_06-2026_P1H.csv
-114.0,51.11,CALGARY INT'L CS,3031094,2026-06-01 19:00,2026,6,1,19:00,,7.3,,7.0,,98.0,,2.7,,33.0,,40.0,,,,89.81,,,,,,,15.596256684491987,1.3375,0.0,0.10719719698268466,0.0,0.10719719698268466,en_climate_hourly_AB_3031094_06-2026_P1H.csv
-114.0,51.11,CALGARY INT'L CS,3031094,2026-06-01 20:00,2026,6,1,20:00,,7.3,,6.7,,96.0,,1.8,,33.0,,40.0,,,,89.81,,,,,,,15.596256684491987,1.3375,0.0,0.10719719698268466,0.0,0.10719719698268466,en_climate_hourly_AB_3031094_06-2026_P1H.csv
-114.0,51.11,CALGARY INT'L CS,3031094,2026-06-01 21:00,2026,6,1,21:00,,7.2,,6.9,,98.0,,0.7,,33.0,,44.0,,,,89.78,,,,,,,15.513297872340415,1.35,0.0,0.10877764443682504,0.0,0.10877764443682504,en_climate_hourly_AB_3031094_06-2026_P1H.csv
-114.0,51.11,CALGARY INT'L CS,3031094,2026-06-01 22:00,2026,6,1,22:00,,7.1,,7.1,,100.0,,1.5,,34.0,,39.0,,,,89.83,,,,,,,15.431216931216948,1.3625,0.0,0.11036880678895925,0.0,0.11036880678895925,en_climate_hourly_AB_3031094_06-2026_P1H.csv
-114.0,51.11,CALGARY INT'L CS,3031094,2026-06-01 23:00,2026,6,1,23:00,,7.3,,7.2,,99.0,,1.2,,33.0,,41.0,,,,89.78,,,,,,,15.596256684491987,1.3375,0.0,0.10719719698268466,0.0,0.10719719698268466,en_climate_hourly_AB_3031094_06-2026_P1H.csv
-114.0,51.11,CALGARY INT'L CS,3031094,2026-06-02 00:00,2026,6,2,00:00,,7.3,,7.1,,98.0,,1.4,,34.0,,45.0,,,,89.75,,,,,,,15.596256684491987,1.3375,0.0,0.10719719698268466,0.0,0.10719719698268466,en_climate_hourly_AB_3031094_06-2026_P1H.csv
-114.0,51.11,CALGARY INT'L CS,3031094,2026-06-02 01:00,2026,6,2,01:00,,7.1,,7.1,,100.0,,1.4,,34.0,,42.0,,,,89.72,,,,,,,15.431216931216948,1.3625,0.0,0.11036880678895925,0.0,0.11036880678895925,en_climate_hourly_AB_3031094_06-2026_P1H.csv
-114.0,51.11,CALGARY INT'L CS,3031094,2026-06-02 02:00,2026,6,2,02:00,,7.2,,6.8,,97.0,,0.6,,34.0,,39.0,,,,89.69,,,,,,,15.513297872340415,1.35,0.0,0.10877764443682504,0.0,0.10877764443682504,en_climate_hourly_AB_3031094_06-2026_P1H.csv
-114.0,51.11,CALGARY INT'L CS,3031094,2026-06-02 03:00,2026,6,2,03:00,,7.3,,6.7,,96.0,,0.0,,34.0,,42.0,,,,89.65,,,,,,,15.596256684491987,1.3375,0.0,0.10719719698268466,0.0,0.10719719698268466,en_climate_hourly_AB_3031094_06-2026_P1H.csv
-114.0,51.11,CALGARY INT'L CS,3031094,2026-06-02 04:00,2026,6,2,04:00,,7.2,,6.4,,95.0,,0.0,,34.0,,43.0,,,,89.61,,,,,,,15.513297872340415,1.35,0.0,0.10877764443682504,0.0,0.10877764443682504,en_climate_hourly_AB_3031094_06-2026_P1H.csv
-114.0,51.11,CALGARY INT'L CS,3031094,2026-06-02 05:00,2026,6,2,05:00,,7.1,,6.6,,97.0,,0.0,,34.0,,39.0,,,,89.67,,,,,,,15.431216931216948,1.3625,0.0,0.11036880678895925,0.0,0.11036880678895925,en_climate_hourly_AB_3031094_06-2026_P1H.csv
-114.0,51.11,CALGARY INT'L CS,3031094,2026-06-02 06:00,2026,6,2,06:00,,7.0,,7.0,,100.0,,1.1,,34.0,,37.0,,,,89.64,,,,,,,15.35,1.375,0.0,0.11197068403908794,0.0,0.11197068403908794,en_climate_hourly_AB_3031094_06-2026_P1H.csv
-114.0,51.11,CALGARY INT'L CS,3031094,2026-06-02 07:00,2026,6,2,07:00,,7.2,,7.1,,99.0,,0.8,,34.0,,33.0,,,,89.69,,,,,,,15.513297872340415,1.35,0.0,0.10877764443682504,0.0,0.10877764443682504,en_climate_hourly_AB_3031094_06-2026_P1H.csv
-114.0,51.11,CALGARY INT'L CS,3031094,2026-06-02 08:00,2026,6,2,08:00,,7.6,,6.5,,92.0,,0.0,,34.0,,33.0,,,,89.72,,,,,,,15.850543478260889,1.3,0.0,0.10252014400822891,0.0,0.10252014400822891,en_climate_hourly_AB_3031094_06-2026_P1H.csv
-114.0,51.11,CALGARY INT'L CS,3031094,2026-06-02 09:00,2026,6,2,09:00,,7.6,,6.6,,93.0,,0.0,,35.0,,34.0,,,,89.72,,,,,,,15.850543478260889,1.3,0.0,0.10252014400822891,0.0,0.10252014400822891,en_climate_hourly_AB_3031094_06-2026_P1H.csv
-114.0,51.11,CALGARY INT'L CS,3031094,2026-06-02 10:00,2026,6,2,10:00,,7.8,,6.8,,94.0,,0.0,,34.0,,35.0,,,,89.73,,,,,,,16.024725274725284,1.275,0.0,0.09945568318189604,0.0,0.09945568318189604,en_climate_hourly_AB_3031094_06-2026_P1H.csv
-114.0,51.11,CALGARY INT'L CS,3031094,2026-06-02 11:00,2026,6,2,11:00,,8.2,,6.3,,88.0,,0.0,,35.0,,36.0,,,,89.72,,,,,,,16.384831460674146,1.225,0.0,0.09345534030516035,0.0,0.09345534030516035,en_climate_hourly_AB_3031094_06-2026_P1H.csv
-114.0,51.11,CALGARY INT'L CS,3031094,2026-06-02 12:00,2026,6,2,12:00,,8.1,,6.9,,92.0,,0.0,,35.0,,41.0,,,,89.74,,,,,,,16.293296089385493,1.2375,0.0,0.09493935367735289,0.0,0.09493935367735289,en_climate_hourly_AB_3031094_06-2026_P1H.csv
-114.0,51.11,CALGARY INT'L CS,3031094,2026-06-02 13:00,2026,6,2,13:00,,7.9,,7.9,,100.0,,0.4,,35.0,,35.0,,,,89.76,,,,,,,16.113259668508267,1.2625,0.0,0.09793952511572102,0.0,0.09793952511572102,en_climate_hourly_AB_3031094_06-2026_P1H.csv
-114.0,51.11,CALGARY INT'L CS,3031094,2026-06-02 14:00,2026,6,2,14:00,,8.1,,8.1,,100.0,,0.0,,35.0,,34.0,,,,89.78,,,,,,,16.293296089385493,1.2375,0.0,0.09493935367735289,0.0,0.09493935367735289,en_climate_hourly_AB_3031094_06-2026_P1H.csv
-114.0,51.11,CALGARY INT'L CS,3031094,2026-06-02 15:00,2026,6,2,15:00,,8.1,,7.8,,98.0,,0.4,,35.0,,36.0,,,,89.81,,,,,,,16.293296089385493,1.2375,0.0,0.09493935367735289,0.0,0.09493935367735289,en_climate_hourly_AB_3031094_06-2026_P1H.csv
-114.0,51.11,CALGARY INT'L CS,3031094,2026-06-02 16:00,2026,6,2,16:00,,8.2,,8.2,,100.0,,0.7,,35.0,,30.0,,,,89.83,,,,,,,16.384831460674146,1.225,0.0,0.09345534030516035,0.0,0.09345534030516035,en_climate_hourly_AB_3031094_06-2026_P1H.csv
-114.0,51.11,CALGARY INT'L CS,3031094,2026-06-02 17:00,2026,6,2,17:00,,8.0,,8.0,,100.0,,0.0,,36.0,,29.0,,,,89.87,,,,,,,16.202777777777776,1.25,0.0,0.09643408194753986,0.0,0.09643408194753986,en_climate_hourly_AB_3031094_06-2026_P1H.csv
-114.0,51.11,CALGARY INT'L CS,3031094,2026-06-02 18:00,2026,6,2,18:00,,8.1,,8.1,,100.0,,0.0,,35.0,,25.0,,,,89.87,,,,,,,16.293296089385493,1.2375,0.0,0.09493935367735289,0.0,0.09493935367735289,en_climate_hourly_AB_3031094_06-2026_P1H.csv
-114.0,51.11,CALGARY INT'L CS,3031094,2026-06-02 19:00,2026,6,2,19:00,,8.1,,8.1,,100.0,,0.0,,34.0,,23.0,,,,89.87,,,,,,,16.293296089385493,1.2375,0.0,0.09493935367735289,0.0,0.09493935367735289,en_climate_hourly_AB_3031094_06-2026_P1H.csv
-114.0,51.11,CALGARY INT'L CS,3031094,2026-06-02 20:00,2026,6,2,20:00,,7.6,,7.6,,100.0,,0.0,,34.0,,24.0,,,,89.87,,,,,,,15.850543478260889,1.3,0.0,0.10252014400822891,0.0,0.10252014400822891,en_climate_hourly_AB_3031094_06-2026_P1H.csv
-114.0,51.11,CALGARY INT'L CS,3031094,2026-06-02 21:00,2026,6,2,21:00,,7.5,,7.5,,100.0,,0.0,,35.0,,24.0,,,,89.89,,,,,,,15.764864864864863,1.3125,0.0,0.10406844676838677,0.0,0.10406844676838677,en_climate_hourly_AB_3031094_06-2026_P1H.csv
-114.0,51.11,CALGARY INT'L CS,3031094,2026-06-02 22:00,2026,6,2,22:00,,7.4,,7.3,,100.0,,0.0,,34.0,,22.0,,,,89.89,,,,,,,15.6801075268817,1.325,0.0,0.10562746442653878,0.0,0.10562746442653878,en_climate_hourly_AB_3031094_06-2026_P1H.csv
-114.0,51.11,CALGARY INT'L CS,3031094,2026-06-02 23:00,2026,6,2,23:00,,7.4,,7.4,,100.0,,0.0,,35.0,,13.0,,,,89.89,,,,,,,15.6801075268817,1.325,0.0,0.10562746442653878,0.0,0.10562746442653878,en_climate_hourly_AB_3031094_06-2026_P1H.csv
-114.0,51.11,CALGARY INT'L CS,3031094,2026-06-03 00:00,2026,6,3,00:00,,7.3,,7.3,,100.0,,0.0,,34.0,,16.0,,,,89.86,,,,,,,15.596256684491987,1.3375,0.0,0.10719719698268466,0.0,0.10719719698268466,en_climate_hourly_AB_3031094_06-2026_P1H.csv
-114.0,51.11,CALGARY INT'L CS,3031094,2026-06-03 01:00,2026,6,3,01:00,,7.2,,7.2,,100.0,,0.0,,34.0,,12.0,,,,89.85,,,,,,,15.513297872340415,1.35,0.0,0.10877764443682504,0.0,0.10877764443682504,en_climate_hourly_AB_3031094_06-2026_P1H.csv
-114.0,51.11,CALGARY INT'L CS,3031094,2026-06-03 02:00,2026,6,3,02:00,,7.3,,7.2,,100.0,,0.0,,33.0,,15.0,,,,89.81,,,,,,,15.596256684491987,1.3375,0.0,0.10719719698268466,0.0,0.10719719698268466,en_climate_hourly_AB_3031094_06-2026_P1H.csv
-114.0,51.11,CALGARY INT'L CS,3031094,2026-06-03 03:00,2026,6,3,03:00,,7.1,,7.1,,100.0,,0.0,,32.0,,11.0,,,,89.78,,,,,,,15.431216931216948,1.3625,0.0,0.11036880678895925,0.0,0.11036880678895925,en_climate_hourly_AB_3031094_06-2026_P1H.csv
-114.0,51.11,CALGARY INT'L CS,3031094,2026-06-03 04:00,2026,6,3,04:00,,7.0,,7.0,,100.0,,0.0,,34.0,,13.0,,,,89.74,,,,,,,15.35,1.375,0.0,0.11197068403908794,0.0,0.11197068403908794,en_climate_hourly_AB_3031094_06-2026_P1H.csv
-114.0,51.11,CALGARY INT'L CS,3031094,2026-06-03 05:00,2026,6,3,05:00,,6.5,,6.5,,100.0,,0.0,,36.0,,12.0,,,,89.71,,,,,,,14.956410256410255,1.4375,0.0,0.12014079375964341,0.0,0.12014079375964341,en_climate_hourly_AB_3031094_06-2026_P1H.csv
-114.0,51.11,CALGARY INT'L CS,3031094,2026-06-03 06:00,2026,6,3,06:00,,5.8,,5.8,,100.0,,0.0,,,,0.0,,,,89.69,,,,,,,14.438118811881195,1.525,0.0,0.13202897308417616,0.0,0.13202897308417616,en_climate_hourly_AB_3031094_06-2026_P1H.csv
-114.0,51.11,CALGARY INT'L CS,3031094,2026-06-03 07:00,2026,6,3,07:00,,7.9,,6.4,,90.0,,0.0,,33.0,,4.0,,,,89.65,,,,,,,16.113259668508267,1.2625,0.0,0.09793952511572102,0.0,0.09793952511572102,en_climate_hourly_AB_3031094_06-2026_P1H.csv
-114.0,51.11,CALGARY INT'L CS,3031094,2026-06-03 08:00,2026,6,3,08:00,,9.7,,6.5,,81.0,,0.0,,6.0,,4.0,,,,89.63,,,,,,,17.892638036809803,1.0375,0.0,0.07248092748157042,0.0,0.07248092748157042,en_climate_hourly_AB_3031094_06-2026_P1H.csv
-114.0,51.11,CALGARY INT'L CS,3031094,2026-06-03 09:00,2026,6,3,09:00,,11.1,,5.9,,70.0,,0.0,,,,0.0,,,,89.61,,,,,,,19.57382550335573,0.8625,0.0,0.05507993313903644,0.0,0.05507993313903644,en_climate_hourly_AB_3031094_06-2026_P1H.csv
-114.0,51.11,CALGARY INT'L CS,3031094,2026-06-03 10:00,2026,6,3,10:00,,11.5,,6.9,,74.0,,0.0,,9.0,,8.0,,,,89.57,,,,,,,20.113793103448273,0.8125,0.0,0.05049395679753129,0.0,0.05049395679753129,en_climate_hourly_AB_3031094_06-2026_P1H.csv
-114.0,51.11,CALGARY INT'L CS,3031094,2026-06-03 11:00,2026,6,3,11:00,,13.1,,7.4,,68.0,,0.0,,11.0,,10.0,,,,89.53,,,,,,,22.608527131782985,0.6125,0.0,0.03386443511057769,0.0,0.03386443511057769,en_climate_hourly_AB_3031094_06-2026_P1H.csv
-114.0,51.11,CALGARY INT'L CS,3031094,2026-06-03 12:00,2026,6,3,12:00,,14.8,,8.6,,67.0,,0.0,,17.0,,13.0,,,,89.48,,,,,,,26.040178571428594,0.3999999999999999,0.0,0.01920109720555458,0.0,0.01920109720555458,en_climate_hourly_AB_3031094_06-2026_P1H.csv
-114.0,51.11,CALGARY INT'L CS,3031094,2026-06-03 13:00,2026,6,3,13:00,,15.4,,9.3,,67.0,,0.0,,15.0,,16.0,,,,89.42,,,,,,,27.514150943396164,0.32499999999999996,0.0,0.0147651294359678,0.0,0.0147651294359678,en_climate_hourly_AB_3031094_06-2026_P1H.csv
-114.0,51.11,CALGARY INT'L CS,3031094,2026-06-03 14:00,2026,6,3,14:00,,16.1,,8.5,,60.0,,0.0,,13.0,,17.0,,,,89.36,,,,,,,29.459595959596026,0.23749999999999982,0.0,0.010077361563517885,0.0,0.010077361563517885,en_climate_hourly_AB_3031094_06-2026_P1H.csv
-114.0,51.11,CALGARY INT'L CS,3031094,2026-06-03 15:00,2026,6,3,15:00,,16.8,,8.7,,59.0,,0.0,,13.0,,17.0,,,,89.3,,,,,,,31.701086956521777,0.1499999999999999,0.0,0.005914623692782434,0.0,0.005914623692782434,en_climate_hourly_AB_3031094_06-2026_P1H.csv
-114.0,51.11,CALGARY INT'L CS,3031094,2026-06-03 16:00,2026,6,3,16:00,,17.6,,9.7,,60.0,,0.0,,14.0,,17.0,,,,89.24,,,,,,,34.72023809523819,0.04999999999999982,0.0,0.0018001028630207328,0.0,0.0018001028630207328,en_climate_hourly_AB_3031094_06-2026_P1H.csv
-114.0,51.11,CALGARY INT'L CS,3031094,2026-06-03 17:00,2026,6,3,17:00,,17.6,,8.9,,56.0,,0.0,,15.0,,18.0,,,,89.17,,,,,,,34.72023809523819,0.04999999999999982,0.0,0.0018001028630207328,0.0,0.0018001028630207328,en_climate_hourly_AB_3031094_06-2026_P1H.csv
-114.0,51.11,CALGARY INT'L CS,3031094,2026-06-03 18:00,2026,6,3,18:00,,16.6,,9.2,,61.0,,0.0,,12.0,,20.0,,,,89.12,,,,,,,31.026595744680925,0.17499999999999982,0.0,0.007050402880164557,0.0,0.007050402880164557,en_climate_hourly_AB_3031094_06-2026_P1H.csv
-114.0,51.11,CALGARY INT'L CS,3031094,2026-06-03 19:00,2026,6,3,19:00,,15.8,,9.4,,66.0,,0.0,,12.0,,25.0,,,,89.11,,,,,,,28.59313725490199,0.2749999999999999,0.0,0.012022115549459951,0.0,0.012022115549459951,en_climate_hourly_AB_3031094_06-2026_P1H.csv
-114.0,51.11,CALGARY INT'L CS,3031094,2026-06-03 20:00,2026,6,3,20:00,,14.5,,9.0,,69.0,,0.0,,12.0,,21.0,,,,89.1,,,,,,,25.36086956521739,0.4375,0.0,0.021563732213269328,0.0,0.021563732213269328,en_climate_hourly_AB_3031094_06-2026_P1H.csv
-114.0,51.11,CALGARY INT'L CS,3031094,2026-06-03 21:00,2026,6,3,21:00,,12.6,,10.7,,88.0,,0.0,,13.0,,21.0,,,,89.1,,,,,,,21.764925373134364,0.675,0.0,0.03876650094291096,0.0,0.03876650094291096,en_climate_hourly_AB_3031094_06-2026_P1H.csv
-114.0,51.11,CALGARY INT'L CS,3031094,2026-06-03 22:00,2026,6,3,22:00,,11.5,,11.2,,98.0,,0.0,,13.0,,18.0,,,,89.08,,,,,,,20.113793103448273,0.8125,0.0,0.05049395679753129,0.0,0.05049395679753129,en_climate_hourly_AB_3031094_06-2026_P1H.csv
-114.0,51.11,CALGARY INT'L CS,3031094,2026-06-03 23:00,2026,6,3,23:00,,10.5,,10.5,,100.0,,0.0,,14.0,,18.0,,,,89.05,,,,,,,18.816129032258065,0.9375,0.0,0.06228034459111949,0.0,0.06228034459111949,en_climate_hourly_AB_3031094_06-2026_P1H.csv
-114.0,51.11,CALGARY INT'L CS,3031094,2026-06-04 00:00,2026,6,4,00:00,,10.1,,10.1,,100.0,,0.0,,15.0,,18.0,,,,89.01,,,,,,,18.342767295597508,0.9875,0.0,0.06729491685239147,0.0,0.06729491685239147,en_climate_hourly_AB_3031094_06-2026_P1H.csv
-114.0,51.11,CALGARY INT'L CS,3031094,2026-06-04 01:00,2026,6,4,01:00,,10.2,,10.2,,100.0,,0.0,,16.0,,15.0,,,,88.96,,,,,,,18.458860759493657,0.9750000000000001,0.0,0.06602520144008234,0.0,0.06602520144008234,en_climate_hourly_AB_3031094_06-2026_P1H.csv
-114.0,51.11,CALGARY INT'L CS,3031094,2026-06-04 02:00,2026,6,4,02:00,,10.2,,10.2,,100.0,,0.0,,16.0,,14.0,,,,88.9,,,,,,,18.458860759493657,0.9750000000000001,0.0,0.06602520144008234,0.0,0.06602520144008234,en_climate_hourly_AB_3031094_06-2026_P1H.csv
-114.0,51.11,CALGARY INT'L CS,3031094,2026-06-04 03:00,2026,6,4,03:00,,9.9,,9.9,,100.0,,0.0,,14.0,,11.0,,,,88.85,,,,,,,18.11490683229811,1.0125,0.0,0.06986649237099272,0.0,0.06986649237099272,en_climate_hourly_AB_3031094_06-2026_P1H.csv
-114.0,51.11,CALGARY INT'L CS,3031094,2026-06-04 04:00,2026,6,4,04:00,,9.8,,9.8,,100.0,,0.0,,12.0,,10.0,,,,88.79,,,,,,,18.003086419753096,1.025,0.0,0.07116835247728437,0.0,0.07116835247728437,en_climate_hourly_AB_3031094_06-2026_P1H.csv
-114.0,51.11,CALGARY INT'L CS,3031094,2026-06-04 05:00,2026,6,4,05:00,,9.7,,9.7,,100.0,,0.0,,14.0,,10.0,,,,88.78,,,,,,,17.892638036809803,1.0375,0.0,0.07248092748157042,0.0,0.07248092748157042,en_climate_hourly_AB_3031094_06-2026_P1H.csv
-114.0,51.11,CALGARY INT'L CS,3031094,2026-06-04 06:00,2026,6,4,06:00,,9.8,,9.8,,100.0,,0.0,,13.0,,10.0,,,,88.77,,,,,,,18.003086419753096,1.025,0.0,0.07116835247728437,0.0,0.07116835247728437,en_climate_hourly_AB_3031094_06-2026_P1H.csv
-114.0,51.11,CALGARY INT'L CS,3031094,2026-06-04 07:00,2026,6,4,07:00,,10.4,,10.4,,100.0,,0.0,,13.0,,6.0,,,,88.76,,,,,,,18.695512820512793,0.95,0.0,0.06351791530944634,0.0,0.06351791530944634,en_climate_hourly_AB_3031094_06-2026_P1H.csv
-114.0,51.11,CALGARY INT'L CS,3031094,2026-06-04 08:00,2026,6,4,08:00,,11.4,,10.5,,95.0,,0.0,,,,0.0,,,,88.75,,,,,,,19.976027397260243,0.825,0.0,0.051624378535916414,0.0,0.051624378535916414,en_climate_hourly_AB_3031094_06-2026_P1H.csv
-114.0,51.11,CALGARY INT'L CS,3031094,2026-06-04 09:00,2026,6,4,09:00,,13.6,,9.9,,78.0,,0.0,,18.0,,7.0,,,,88.73,,,,,,,23.520161290322623,0.55,0.0,0.029230241728098696,0.0,0.029230241728098696,en_climate_hourly_AB_3031094_06-2026_P1H.csv
-114.0,51.11,CALGARY INT'L CS,3031094,2026-06-04 10:00,2026,6,4,10:00,,14.7,,10.3,,75.0,,0.0,,18.0,,5.0,,,,88.74,,,,,,,25.809734513274307,0.4125000000000001,0.0,0.019977927310132034,0.0,0.019977927310132034,en_climate_hourly_AB_3031094_06-2026_P1H.csv
-114.0,51.11,CALGARY INT'L CS,3031094,2026-06-04 11:00,2026,6,4,11:00,,16.5,,9.0,,61.0,,0.0,,24.0,,5.0,,,,88.73,,,,,,,30.7,0.1875,0.0,0.007634364820846905,0.0,0.007634364820846905,en_climate_hourly_AB_3031094_06-2026_P1H.csv
-114.0,51.11,CALGARY INT'L CS,3031094,2026-06-04 12:00,2026,6,4,12:00,,16.9,,7.0,,52.0,,0.0,,32.0,,21.0,,,,88.73,,,,,,,32.04945054945047,0.13750000000000018,0.0,0.005362806446082653,0.0,0.005362806446082653,en_climate_hourly_AB_3031094_06-2026_P1H.csv
-114.0,51.11,CALGARY INT'L CS,3031094,2026-06-04 13:00,2026,6,4,13:00,,17.5,,7.6,,52.0,,0.0,,34.0,,16.0,,,,88.71,,,,,,,34.311764705882354,0.0625,0.0,0.0022769158237613573,0.0,0.0022769158237613573,en_climate_hourly_AB_3031094_06-2026_P1H.csv
-114.0,51.11,CALGARY INT'L CS,3031094,2026-06-04 14:00,2026,6,4,14:00,,18.3,,6.2,,45.0,,0.0,,4.0,,19.0,,,,88.67,,,,,,,37.87662337662343,0.0,0.04890000000000012,0.0,0.0016137922166980987,0.0016137922166980987,en_climate_hourly_AB_3031094_06-2026_P1H.csv
-114.0,51.11,CALGARY INT'L CS,3031094,2026-06-04 15:00,2026,6,4,15:00,,18.0,,8.6,,54.0,,0.0,,5.0,,12.0,,,,88.69,,,,,,,36.45625,0.0,0.0,0.0,0.0,0.0,en_climate_hourly_AB_3031094_06-2026_P1H.csv
-114.0,51.11,CALGARY INT'L CS,3031094,2026-06-04 16:00,2026,6,4,16:00,,15.7,,12.0,,78.0,,0.6,,13.0,,11.0,,,,88.74,,,,,,,28.31553398058249,0.2875000000000001,0.0,0.012691796674095682,0.0,0.012691796674095682,en_climate_hourly_AB_3031094_06-2026_P1H.csv
-114.0,51.11,CALGARY INT'L CS,3031094,2026-06-04 17:00,2026,6,4,17:00,,12.4,,11.3,,93.0,,3.1,,1.0,,24.0,,,,88.79,,,,,,,21.444852941176432,0.7,0.0,0.0408023315618036,0.0,0.0408023315618036,en_climate_hourly_AB_3031094_06-2026_P1H.csv
-114.0,51.11,CALGARY INT'L CS,3031094,2026-06-04 18:00,2026,6,4,18:00,,15.0,,11.1,,77.0,,7.6,,6.0,,20.0,,,,88.79,,,,,,,26.513636363636362,0.375,0.0,0.017679581690382307,0.0,0.017679581690382307,en_climate_hourly_AB_3031094_06-2026_P1H.csv
-114.0,51.11,CALGARY INT'L CS,3031094,2026-06-04 19:00,2026,6,4,19:00,,15.1,,10.1,,72.0,,0.0,,16.0,,4.0,,,,88.77,,,,,,,26.756880733945007,0.36250000000000004,0.0,0.016934896279787386,0.0,0.016934896279787386,en_climate_hourly_AB_3031094_06-2026_P1H.csv
-114.0,51.11,CALGARY INT'L CS,3031094,2026-06-04 20:00,2026,6,4,20:00,,15.1,,9.5,,69.0,,0.0,,,,0.0,,,,88.81,,,,,,,26.756880733945007,0.36250000000000004,0.0,0.016934896279787386,0.0,0.016934896279787386,en_climate_hourly_AB_3031094_06-2026_P1H.csv
-114.0,51.11,CALGARY INT'L CS,3031094,2026-06-04 21:00,2026,6,4,21:00,,12.9,,9.4,,80.0,,0.0,,,,0.0,,,,88.85,,,,,,,22.263358778625914,0.6375,0.0,0.0357931167495286,0.0,0.0357931167495286,en_climate_hourly_AB_3031094_06-2026_P1H.csv
-114.0,51.11,CALGARY INT'L CS,3031094,2026-06-04 22:00,2026,6,4,22:00,,11.6,,8.8,,83.0,,0.0,,21.0,,7.0,,,,88.86,,,,,,,20.253472222222253,0.8,0.0,0.04937424995714033,0.0,0.04937424995714033,en_climate_hourly_AB_3031094_06-2026_P1H.csv
-114.0,51.11,CALGARY INT'L CS,3031094,2026-06-04 23:00,2026,6,4,23:00,,10.3,,9.3,,94.0,,0.0,,22.0,,6.0,,,,88.83,,,,,,,18.57643312101912,0.9624999999999999,0.0,0.06476620092576713,0.0,0.06476620092576713,en_climate_hourly_AB_3031094_06-2026_P1H.csv
-114.0,51.11,CALGARY INT'L CS,3031094,2026-06-05 00:00,2026,6,5,00:00,,10.0,,9.7,,98.0,,0.0,,25.0,,9.0,,,,88.81,,,,,,,18.228125,1.0,0.0,0.06857534716269502,0.0,0.06857534716269502,en_climate_hourly_AB_3031094_06-2026_P1H.csv
-114.0,51.11,CALGARY INT'L CS,3031094,2026-06-05 01:00,2026,6,5,01:00,,10.4,,9.9,,97.0,,0.0,,22.0,,8.0,,,,88.77,,,,,,,18.695512820512793,0.95,0.0,0.06351791530944634,0.0,0.06351791530944634,en_climate_hourly_AB_3031094_06-2026_P1H.csv
-114.0,51.11,CALGARY INT'L CS,3031094,2026-06-05 02:00,2026,6,5,02:00,,9.1,,8.7,,98.0,,0.0,,17.0,,7.0,,,,88.72,,,,,,,17.257396449704164,1.1125,0.0,0.08058139036516362,0.0,0.08058139036516362,en_climate_hourly_AB_3031094_06-2026_P1H.csv
-114.0,51.11,CALGARY INT'L CS,3031094,2026-06-05 03:00,2026,6,5,03:00,,9.8,,8.7,,93.0,,0.0,,22.0,,6.0,,,,88.65,,,,,,,18.003086419753096,1.025,0.0,0.07116835247728437,0.0,0.07116835247728437,en_climate_hourly_AB_3031094_06-2026_P1H.csv
-114.0,51.11,CALGARY INT'L CS,3031094,2026-06-05 04:00,2026,6,5,04:00,,9.1,,7.8,,91.0,,0.0,,21.0,,6.0,,,,88.56,,,,,,,17.257396449704164,1.1125,0.0,0.08058139036516362,0.0,0.08058139036516362,en_climate_hourly_AB_3031094_06-2026_P1H.csv
-114.0,51.11,CALGARY INT'L CS,3031094,2026-06-05 05:00,2026,6,5,05:00,,8.5,,8.5,,100.0,,0.0,,20.0,,6.0,,,,88.53,,,,,,,16.665714285714284,1.1875,0.0,0.08906758957654724,0.0,0.08906758957654724,en_climate_hourly_AB_3031094_06-2026_P1H.csv
-114.0,51.11,CALGARY INT'L CS,3031094,2026-06-05 06:00,2026,6,5,06:00,,10.3,,7.6,,83.0,,0.0,,22.0,,8.0,,,,88.49,,,,,,,18.57643312101912,0.9624999999999999,0.0,0.06476620092576713,0.0,0.06476620092576713,en_climate_hourly_AB_3031094_06-2026_P1H.csv
-114.0,51.11,CALGARY INT'L CS,3031094,2026-06-05 07:00,2026,6,5,07:00,,12.5,,7.5,,71.0,,0.0,,16.0,,6.0,,,,88.38,,,,,,,21.6037037037037,0.6875,0.0,0.0397790588033602,0.0,0.0397790588033602,en_climate_hourly_AB_3031094_06-2026_P1H.csv
-114.0,51.11,CALGARY INT'L CS,3031094,2026-06-05 08:00,2026,6,5,08:00,,14.4,,6.6,,59.0,,0.0,,19.0,,13.0,,,,88.31,,,,,,,25.142241379310292,0.44999999999999996,0.0,0.022372707011829293,0.0,0.022372707011829293,en_climate_hourly_AB_3031094_06-2026_P1H.csv
-114.0,51.11,CALGARY INT'L CS,3031094,2026-06-05 09:00,2026,6,5,09:00,,16.3,,5.9,,50.0,,0.0,,20.0,,16.0,,,,88.26,,,,,,,30.067010309278384,0.2124999999999999,0.0,0.008834433396194054,0.0,0.008834433396194054,en_climate_hourly_AB_3031094_06-2026_P1H.csv
-114.0,51.11,CALGARY INT'L CS,3031094,2026-06-05 10:00,2026,6,5,10:00,,18.4,,3.5,,37.0,,0.0,,21.0,,11.0,,,,88.18,,,,,,,38.37499999999988,0.0,0.06519999999999977,0.0,0.0021237785016286637,0.0021237785016286637,en_climate_hourly_AB_3031094_06-2026_P1H.csv
-114.0,51.11,CALGARY INT'L CS,3031094,2026-06-05 11:00,2026,6,5,11:00,,19.2,,2.4,,33.0,,0.0,,23.0,,21.0,,,,88.11,,,,,,,42.889705882352864,0.0,0.19559999999999989,0.0,0.005700668609634843,0.005700668609634843,en_climate_hourly_AB_3031094_06-2026_P1H.csv
-114.0,51.11,CALGARY INT'L CS,3031094,2026-06-05 12:00,2026,6,5,12:00,,20.4,,1.8,,29.0,,0.0,,24.0,,14.0,,,,88.06,,,,,,,52.080357142856926,0.0,0.39119999999999977,0.0,0.009389336533516235,0.009389336533516235,en_climate_hourly_AB_3031094_06-2026_P1H.csv
-114.0,51.11,CALGARY INT'L CS,3031094,2026-06-05 13:00,2026,6,5,13:00,,20.1,,1.3,,29.0,,0.0,,27.0,,17.0,,,,88.02,,,,,,,49.4322033898307,0.0,0.34230000000000027,0.0,0.008655794616835221,0.008655794616835221,en_climate_hourly_AB_3031094_06-2026_P1H.csv
-114.0,51.11,CALGARY INT'L CS,3031094,2026-06-05 14:00,2026,6,5,14:00,,18.7,,-0.4,,27.0,,0.0,,25.0,,26.0,,,,88.0,,,,,,,39.952054794520485,0.0,0.11409999999999988,0.0,0.003569903994513974,0.003569903994513974,en_climate_hourly_AB_3031094_06-2026_P1H.csv
-114.0,51.11,CALGARY INT'L CS,3031094,2026-06-05 15:00,2026,6,5,15:00,,18.3,,-1.4,,26.0,,0.0,,25.0,,33.0,,,,87.99,,,,,,,37.87662337662343,0.0,0.04890000000000012,0.0,0.0016137922166980987,0.0016137922166980987,en_climate_hourly_AB_3031094_06-2026_P1H.csv
-114.0,51.11,CALGARY INT'L CS,3031094,2026-06-05 16:00,2026,6,5,16:00,,19.2,,-0.2,,27.0,,0.0,,24.0,,29.0,,,,87.98,,,,,,,42.889705882352864,0.0,0.19559999999999989,0.0,0.005700668609634843,0.005700668609634843,en_climate_hourly_AB_3031094_06-2026_P1H.csv
-114.0,51.11,CALGARY INT'L CS,3031094,2026-06-05 17:00,2026,6,5,17:00,,16.4,,1.6,,37.0,,0.0,,29.0,,32.0,,,,88.03,,,,,,,30.380208333333258,0.20000000000000018,0.0,0.008229041659523428,0.0,0.008229041659523428,en_climate_hourly_AB_3031094_06-2026_P1H.csv
-114.0,51.11,CALGARY INT'L CS,3031094,2026-06-05 18:00,2026,6,5,18:00,,12.4,,2.1,,49.0,,0.0,,28.0,,39.0,,,,88.16,,,,,,,21.444852941176432,0.7,0.0,0.0408023315618036,0.0,0.0408023315618036,en_climate_hourly_AB_3031094_06-2026_P1H.csv
-114.0,51.11,CALGARY INT'L CS,3031094,2026-06-05 19:00,2026,6,5,19:00,,12.3,,1.0,,46.0,,0.0,,26.0,,34.0,,,,88.19,,,,,,,21.28832116788323,0.7124999999999999,0.0,0.041836319218241,0.0,0.041836319218241,en_climate_hourly_AB_3031094_06-2026_P1H.csv
-114.0,51.11,CALGARY INT'L CS,3031094,2026-06-05 20:00,2026,6,5,20:00,,12.4,,0.8,,45.0,,0.0,,25.0,,32.0,,,,88.23,,,,,,,21.444852941176432,0.7,0.0,0.0408023315618036,0.0,0.0408023315618036,en_climate_hourly_AB_3031094_06-2026_P1H.csv
-114.0,51.11,CALGARY INT'L CS,3031094,2026-06-05 21:00,2026,6,5,21:00,,11.6,,-0.4,,43.0,,0.0,,26.0,,22.0,,,,88.26,,,,,,,20.253472222222253,0.8,0.0,0.04937424995714033,0.0,0.04937424995714033,en_climate_hourly_AB_3031094_06-2026_P1H.csv
-114.0,51.11,CALGARY INT'L CS,3031094,2026-06-05 22:00,2026,6,5,22:00,,10.7,,-1.3,,43.0,,0.0,,26.0,,22.0,,,,88.33,,,,,,,19.062091503267958,0.9125000000000001,0.0,0.05983734784844853,0.0,0.05983734784844853,en_climate_hourly_AB_3031094_06-2026_P1H.csv
-114.0,51.11,CALGARY INT'L CS,3031094,2026-06-05 23:00,2026,6,5,23:00,,9.7,,-1.4,,46.0,,0.0,,28.0,,17.0,,,,88.37,,,,,,,17.892638036809803,1.0375,0.0,0.07248092748157042,0.0,0.07248092748157042,en_climate_hourly_AB_3031094_06-2026_P1H.csv
-114.0,51.11,CALGARY INT'L CS,3031094,2026-06-06 00:00,2026,6,6,00:00,,7.4,,0.8,,63.0,,0.0,,32.0,,13.0,,,,88.44,,,,,,,15.6801075268817,1.325,0.0,0.10562746442653878,0.0,0.10562746442653878,en_climate_hourly_AB_3031094_06-2026_P1H.csv
-114.0,51.11,CALGARY INT'L CS,3031094,2026-06-06 01:00,2026,6,6,01:00,,5.2,,2.5,,83.0,,0.0,,,,0.0,,,,88.44,,,,,,,14.021634615384606,1.6,0.0,0.14263672209840572,0.0,0.14263672209840572,en_climate_hourly_AB_3031094_06-2026_P1H.csv
-114.0,51.11,CALGARY INT'L CS,3031094,2026-06-06 02:00,2026,6,6,02:00,,6.5,,5.6,,94.0,,0.0,,35.0,,6.0,,,,88.41,,,,,,,14.956410256410255,1.4375,0.0,0.12014079375964341,0.0,0.12014079375964341,en_climate_hourly_AB_3031094_06-2026_P1H.csv
-114.0,51.11,CALGARY INT'L CS,3031094,2026-06-06 03:00,2026,6,6,03:00,,5.9,,5.3,,96.0,,0.0,,30.0,,7.0,,,,88.41,,,,,,,14.509950248756201,1.5125,0.0,0.13029851705811774,0.0,0.13029851705811774,en_climate_hourly_AB_3031094_06-2026_P1H.csv
-114.0,51.11,CALGARY INT'L CS,3031094,2026-06-06 04:00,2026,6,6,04:00,,5.3,,4.4,,94.0,,0.0,,23.0,,5.0,,,,88.4,,,,,,,14.089371980676335,1.5875,0.0,0.1408419766843819,0.0,0.1408419766843819,en_climate_hourly_AB_3031094_06-2026_P1H.csv
-114.0,51.11,CALGARY INT'L CS,3031094,2026-06-06 05:00,2026,6,6,05:00,,5.5,,4.0,,90.0,,0.0,,,,0.0,,,,88.38,,,,,,,14.226829268292683,1.5625,0.0,0.13728463055031714,0.0,0.13728463055031714,en_climate_hourly_AB_3031094_06-2026_P1H.csv
-114.0,51.11,CALGARY INT'L CS,3031094,2026-06-06 06:00,2026,6,6,06:00,,5.9,,4.2,,89.0,,0.0,,23.0,,6.0,,,,88.4,,,,,,,14.509950248756201,1.5125,0.0,0.13029851705811774,0.0,0.13029851705811774,en_climate_hourly_AB_3031094_06-2026_P1H.csv
-114.0,51.11,CALGARY INT'L CS,3031094,2026-06-06 07:00,2026,6,6,07:00,,7.5,,2.8,,72.0,,0.0,,23.0,,3.0,,,,88.37,,,,,,,15.764864864864863,1.3125,0.0,0.10406844676838677,0.0,0.10406844676838677,en_climate_hourly_AB_3031094_06-2026_P1H.csv
-114.0,51.11,CALGARY INT'L CS,3031094,2026-06-06 08:00,2026,6,6,08:00,,10.1,,1.5,,55.0,,0.0,,23.0,,3.0,,,,88.35,,,,,,,18.342767295597508,0.9875,0.0,0.06729491685239147,0.0,0.06729491685239147,en_climate_hourly_AB_3031094_06-2026_P1H.csv
-114.0,51.11,CALGARY INT'L CS,3031094,2026-06-06 09:00,2026,6,6,09:00,,12.4,,1.6,,48.0,,0.0,,22.0,,7.0,,,,88.32,,,,,,,21.444852941176432,0.7,0.0,0.0408023315618036,0.0,0.0408023315618036,en_climate_hourly_AB_3031094_06-2026_P1H.csv
-114.0,51.11,CALGARY INT'L CS,3031094,2026-06-06 10:00,2026,6,6,10:00,,13.7,,1.2,,43.0,,0.0,,18.0,,5.0,,,,88.32,,,,,,,23.711382113821113,0.5375000000000001,0.0,0.028335547745585495,0.0,0.028335547745585495,en_climate_hourly_AB_3031094_06-2026_P1H.csv
-114.0,51.11,CALGARY INT'L CS,3031094,2026-06-06 11:00,2026,6,6,11:00,,15.0,,0.6,,37.0,,0.0,,12.0,,8.0,,,,88.26,,,,,,,26.513636363636362,0.375,0.0,0.017679581690382307,0.0,0.017679581690382307,en_climate_hourly_AB_3031094_06-2026_P1H.csv
-114.0,51.11,CALGARY INT'L CS,3031094,2026-06-06 12:00,2026,6,6,12:00,,15.5,,-1.7,,31.0,,0.0,,23.0,,4.0,,,,88.2,,,,,,,27.776190476190475,0.3125,0.0,0.014063303617349561,0.0,0.014063303617349561,en_climate_hourly_AB_3031094_06-2026_P1H.csv
-114.0,51.11,CALGARY INT'L CS,3031094,2026-06-06 13:00,2026,6,6,13:00,,17.4,,1.5,,34.0,,0.0,,16.0,,12.0,,,,88.15,,,,,,,33.912790697674325,0.07500000000000018,0.0,0.0027644436824961565,0.0,0.0027644436824961565,en_climate_hourly_AB_3031094_06-2026_P1H.csv
-114.0,51.11,CALGARY INT'L CS,3031094,2026-06-06 14:00,2026,6,6,14:00,,17.6,,-2.8,,25.0,,0.0,,14.0,,7.0,,,,88.06,,,,,,,34.72023809523819,0.04999999999999982,0.0,0.0018001028630207328,0.0,0.0018001028630207328,en_climate_hourly_AB_3031094_06-2026_P1H.csv
-114.0,51.11,CALGARY INT'L CS,3031094,2026-06-06 15:00,2026,6,6,15:00,,17.0,,2.1,,37.0,,0.0,,16.0,,27.0,,,,88.07,,,,,,,32.40555555555555,0.125,0.0,0.004821704097376993,0.0,0.004821704097376993,en_climate_hourly_AB_3031094_06-2026_P1H.csv
-114.0,51.11,CALGARY INT'L CS,3031094,2026-06-06 16:00,2026,6,6,16:00,,17.2,,0.2,,32.0,,0.0,,17.0,,15.0,,,,87.99,,,,,,,33.14204545454541,0.10000000000000009,0.0,0.003771644093948234,0.0,0.003771644093948234,en_climate_hourly_AB_3031094_06-2026_P1H.csv
-114.0,51.11,CALGARY INT'L CS,3031094,2026-06-06 17:00,2026,6,6,17:00,,14.8,,0.7,,38.0,,0.0,,5.0,,12.0,,,,88.01,,,,,,,26.040178571428594,0.3999999999999999,0.0,0.01920109720555458,0.0,0.01920109720555458,en_climate_hourly_AB_3031094_06-2026_P1H.csv
-114.0,51.11,CALGARY INT'L CS,3031094,2026-06-06 18:00,2026,6,6,18:00,,13.8,,3.7,,51.0,,0.0,,35.0,,23.0,,,,88.05,,,,,,,23.905737704918053,0.5249999999999999,0.0,0.02745156866106632,0.0,0.02745156866106632,en_climate_hourly_AB_3031094_06-2026_P1H.csv
-114.0,51.11,CALGARY INT'L CS,3031094,2026-06-06 19:00,2026,6,6,19:00,,11.3,,5.1,,66.0,,0.0,,1.0,,22.0,,,,88.13,,,,,,,19.840136054421784,0.8374999999999999,0.0,0.05276551517229551,0.0,0.05276551517229551,en_climate_hourly_AB_3031094_06-2026_P1H.csv
-114.0,51.11,CALGARY INT'L CS,3031094,2026-06-06 20:00,2026,6,6,20:00,,10.6,,4.5,,66.0,,0.0,,34.0,,20.0,,,,88.18,,,,,,,18.938311688311714,0.925,0.0,0.06105348877078682,0.0,0.06105348877078682,en_climate_hourly_AB_3031094_06-2026_P1H.csv
-114.0,51.11,CALGARY INT'L CS,3031094,2026-06-06 21:00,2026,6,6,21:00,,10.4,,5.2,,70.0,,0.0,,33.0,,21.0,,,,88.29,,,,,,,18.695512820512793,0.95,0.0,0.06351791530944634,0.0,0.06351791530944634,en_climate_hourly_AB_3031094_06-2026_P1H.csv
-114.0,51.11,CALGARY INT'L CS,3031094,2026-06-06 22:00,2026,6,6,22:00,,8.2,,5.7,,84.0,,0.0,,32.0,,12.0,,,,88.34,,,,,,,16.384831460674146,1.225,0.0,0.09345534030516035,0.0,0.09345534030516035,en_climate_hourly_AB_3031094_06-2026_P1H.csv
-114.0,51.11,CALGARY INT'L CS,3031094,2026-06-06 23:00,2026,6,6,23:00,,7.4,,4.1,,80.0,,0.3,,34.0,,12.0,,,,88.28,,,,,,,15.6801075268817,1.325,0.0,0.10562746442653878,0.0,0.10562746442653878,en_climate_hourly_AB_3031094_06-2026_P1H.csv
-114.0,51.11,CALGARY INT'L CS,3031094,2026-06-07 00:00,2026,6,7,00:00,,4.6,,3.2,,91.0,,0.0,,,,0.0,,,,88.24,,,,,,,13.62850467289721,1.675,0.0,0.15363020744042502,0.0,0.15363020744042502,en_climate_hourly_AB_3031094_06-2026_P1H.csv
-114.0,51.11,CALGARY INT'L CS,3031094,2026-06-07 01:00,2026,6,7,01:00,,6.2,,5.1,,93.0,,0.0,,25.0,,6.0,,,,88.22,,,,,,,14.72979797979797,1.475,0.0,0.1251714383679068,0.0,0.1251714383679068,en_climate_hourly_AB_3031094_06-2026_P1H.csv
-114.0,51.11,CALGARY INT'L CS,3031094,2026-06-07 02:00,2026,6,7,02:00,,5.2,,3.4,,88.0,,0.0,,25.0,,9.0,,,,88.18,,,,,,,14.021634615384606,1.6,0.0,0.14263672209840572,0.0,0.14263672209840572,en_climate_hourly_AB_3031094_06-2026_P1H.csv
-114.0,51.11,CALGARY INT'L CS,3031094,2026-06-07 03:00,2026,6,7,03:00,,3.6,,2.8,,94.0,,0.0,,,,0.0,,,,88.14,,,,,,,13.020089285714297,1.8,0.0,0.17280987484999127,0.0,0.17280987484999127,en_climate_hourly_AB_3031094_06-2026_P1H.csv
-114.0,51.11,CALGARY INT'L CS,3031094,2026-06-07 04:00,2026,6,7,04:00,,3.8,,3.4,,97.0,,0.0,,31.0,,3.0,,,,88.15,,,,,,,13.137387387387394,1.775,0.0,0.16888822218412472,0.0,0.16888822218412472,en_climate_hourly_AB_3031094_06-2026_P1H.csv
-114.0,51.11,CALGARY INT'L CS,3031094,2026-06-07 05:00,2026,6,7,05:00,,5.0,,1.3,,77.0,,0.0,,27.0,,10.0,,,,88.2,,,,,,,13.888095238095238,1.625,0.0,0.14625835762043543,0.0,0.14625835762043543,en_climate_hourly_AB_3031094_06-2026_P1H.csv
-114.0,51.11,CALGARY INT'L CS,3031094,2026-06-07 06:00,2026,6,7,06:00,,6.3,,4.2,,86.0,,0.0,,31.0,,16.0,,,,88.21,,,,,,,14.80456852791879,1.4625,0.0,0.12348384193382471,0.0,0.12348384193382471,en_climate_hourly_AB_3031094_06-2026_P1H.csv
-114.0,51.11,CALGARY INT'L CS,3031094,2026-06-07 07:00,2026,6,7,07:00,,7.9,,3.0,,71.0,,0.0,,34.0,,27.0,,,,88.18,,,,,,,16.113259668508267,1.2625,0.0,0.09793952511572102,0.0,0.09793952511572102,en_climate_hourly_AB_3031094_06-2026_P1H.csv
-114.0,51.11,CALGARY INT'L CS,3031094,2026-06-07 08:00,2026,6,7,08:00,,8.8,,3.6,,70.0,,0.0,,33.0,,20.0,,,,88.17,,,,,,,16.95639534883722,1.15,0.0,0.08477627292988164,0.0,0.08477627292988164,en_climate_hourly_AB_3031094_06-2026_P1H.csv
-114.0,51.11,CALGARY INT'L CS,3031094,2026-06-07 09:00,2026,6,7,09:00,,10.3,,2.8,,60.0,,0.0,,34.0,,15.0,,,,88.13,,,,,,,18.57643312101912,0.9624999999999999,0.0,0.06476620092576713,0.0,0.06476620092576713,en_climate_hourly_AB_3031094_06-2026_P1H.csv
-114.0,51.11,CALGARY INT'L CS,3031094,2026-06-07 10:00,2026,6,7,10:00,,11.3,,2.9,,56.0,,0.0,,32.0,,12.0,,,,88.11,,,,,,,19.840136054421784,0.8374999999999999,0.0,0.05276551517229551,0.0,0.05276551517229551,en_climate_hourly_AB_3031094_06-2026_P1H.csv
-114.0,51.11,CALGARY INT'L CS,3031094,2026-06-07 11:00,2026,6,7,11:00,,12.4,,2.5,,51.0,,0.0,,13.0,,6.0,,,,88.06,,,,,,,21.444852941176432,0.7,0.0,0.0408023315618036,0.0,0.0408023315618036,en_climate_hourly_AB_3031094_06-2026_P1H.csv
-114.0,51.11,CALGARY INT'L CS,3031094,2026-06-07 12:00,2026,6,7,12:00,,6.1,,5.1,,93.0,,4.2,,32.0,,7.0,,,,88.2,,,,,,,14.655778894472377,1.4875,0.0,0.12686974969998271,0.0,0.12686974969998271,en_climate_hourly_AB_3031094_06-2026_P1H.csv
-114.0,51.11,CALGARY INT'L CS,3031094,2026-06-07 13:00,2026,6,7,13:00,,8.6,,4.5,,75.0,,1.0,,34.0,,4.0,,,,88.19,,,,,,,16.761494252873582,1.175,0.0,0.08762643579633111,0.0,0.08762643579633111,en_climate_hourly_AB_3031094_06-2026_P1H.csv
-114.0,51.11,CALGARY INT'L CS,3031094,2026-06-07 14:00,2026,6,7,14:00,,11.3,,3.8,,60.0,,0.0,,15.0,,6.0,,,,88.11,,,,,,,19.840136054421784,0.8374999999999999,0.0,0.05276551517229551,0.0,0.05276551517229551,en_climate_hourly_AB_3031094_06-2026_P1H.csv
-114.0,51.11,CALGARY INT'L CS,3031094,2026-06-07 15:00,2026,6,7,15:00,,10.4,,2.0,,56.0,,0.0,,27.0,,21.0,,,,88.06,,,,,,,18.695512820512793,0.95,0.0,0.06351791530944634,0.0,0.06351791530944634,en_climate_hourly_AB_3031094_06-2026_P1H.csv
-114.0,51.11,CALGARY INT'L CS,3031094,2026-06-07 16:00,2026,6,7,16:00,,10.1,,3.9,,66.0,,0.0,,34.0,,10.0,,,,88.11,,,,,,,18.342767295597508,0.9875,0.0,0.06729491685239147,0.0,0.06729491685239147,en_climate_hourly_AB_3031094_06-2026_P1H.csv
-114.0,51.11,CALGARY INT'L CS,3031094,2026-06-07 17:00,2026,6,7,17:00,,8.0,,5.3,,83.0,,0.0,,34.0,,26.0,,,,88.18,,,,,,,16.202777777777776,1.25,0.0,0.09643408194753986,0.0,0.09643408194753986,en_climate_hourly_AB_3031094_06-2026_P1H.csv
-114.0,51.11,CALGARY INT'L CS,3031094,2026-06-07 18:00,2026,6,7,18:00,,8.9,,4.4,,73.0,,0.0,,34.0,,19.0,,,,88.13,,,,,,,17.055555555555532,1.1375,0.0,0.08336726384364831,0.0,0.08336726384364831,en_climate_hourly_AB_3031094_06-2026_P1H.csv
-114.0,51.11,CALGARY INT'L CS,3031094,2026-06-07 19:00,2026,6,7,19:00,,9.7,,3.8,,67.0,,0.0,,33.0,,20.0,,,,88.11,,,,,,,17.892638036809803,1.0375,0.0,0.07248092748157042,0.0,0.07248092748157042,en_climate_hourly_AB_3031094_06-2026_P1H.csv
-114.0,51.11,CALGARY INT'L CS,3031094,2026-06-07 20:00,2026,6,7,20:00,,10.1,,3.2,,62.0,,0.0,,24.0,,13.0,,,,88.07,,,,,,,18.342767295597508,0.9875,0.0,0.06729491685239147,0.0,0.06729491685239147,en_climate_hourly_AB_3031094_06-2026_P1H.csv
-114.0,51.11,CALGARY INT'L CS,3031094,2026-06-07 21:00,2026,6,7,21:00,,10.4,,2.5,,58.0,,0.0,,27.0,,15.0,,,,88.1,,,,,,,18.695512820512793,0.95,0.0,0.06351791530944634,0.0,0.06351791530944634,en_climate_hourly_AB_3031094_06-2026_P1H.csv
-114.0,51.11,CALGARY INT'L CS,3031094,2026-06-07 22:00,2026,6,7,22:00,,9.4,,4.1,,70.0,,0.0,,35.0,,9.0,,,,88.15,,,,,,,17.56927710843371,1.075,0.0,0.0764829418823934,0.0,0.0764829418823934,en_climate_hourly_AB_3031094_06-2026_P1H.csv
-114.0,51.11,CALGARY INT'L CS,3031094,2026-06-07 23:00,2026,6,7,23:00,,8.0,,5.1,,82.0,,0.0,,14.0,,4.0,,,,88.08,,,,,,,16.202777777777776,1.25,0.0,0.09643408194753986,0.0,0.09643408194753986,en_climate_hourly_AB_3031094_06-2026_P1H.csv
-114.0,51.11,CALGARY INT'L CS,3031094,2026-06-08 00:00,2026,6,8,00:00,,8.1,,6.5,,90.0,,0.0,,17.0,,11.0,,,,88.1,,,,,,,16.293296089385493,1.2375,0.0,0.09493935367735289,0.0,0.09493935367735289,en_climate_hourly_AB_3031094_06-2026_P1H.csv
-114.0,51.11,CALGARY INT'L CS,3031094,2026-06-08 01:00,2026,6,8,01:00,,7.3,,6.6,,95.0,,0.0,,9.0,,9.0,,,,88.15,,,,,,,15.596256684491987,1.3375,0.0,0.10719719698268466,0.0,0.10719719698268466,en_climate_hourly_AB_3031094_06-2026_P1H.csv
-114.0,51.11,CALGARY INT'L CS,3031094,2026-06-08 02:00,2026,6,8,02:00,,6.4,,5.5,,94.0,,0.0,,13.0,,6.0,,,,88.19,,,,,,,14.880102040816308,1.45,0.0,0.12180696039773717,0.0,0.12180696039773717,en_climate_hourly_AB_3031094_06-2026_P1H.csv
-114.0,51.11,CALGARY INT'L CS,3031094,2026-06-08 03:00,2026,6,8,03:00,,6.8,,6.3,,96.0,,0.0,,,,0.0,,,,88.21,,,,,,,15.190104166666675,1.4,0.0,0.11520658323332754,0.0,0.11520658323332754,en_climate_hourly_AB_3031094_06-2026_P1H.csv
-114.0,51.11,CALGARY INT'L CS,3031094,2026-06-08 04:00,2026,6,8,04:00,,6.8,,6.5,,98.0,,0.0,,20.0,,10.0,,,,88.19,,,,,,,15.190104166666675,1.4,0.0,0.11520658323332754,0.0,0.11520658323332754,en_climate_hourly_AB_3031094_06-2026_P1H.csv
-114.0,51.11,CALGARY INT'L CS,3031094,2026-06-08 05:00,2026,6,8,05:00,,6.3,,6.0,,98.0,,0.0,,14.0,,7.0,,,,88.18,,,,,,,14.80456852791879,1.4625,0.0,0.12348384193382471,0.0,0.12348384193382471,en_climate_hourly_AB_3031094_06-2026_P1H.csv
-114.0,51.11,CALGARY INT'L CS,3031094,2026-06-08 06:00,2026,6,8,06:00,,8.6,,2.3,,65.0,,0.0,,32.0,,5.0,,,,88.2,,,,,,,16.761494252873582,1.175,0.0,0.08762643579633111,0.0,0.08762643579633111,en_climate_hourly_AB_3031094_06-2026_P1H.csv
-114.0,51.11,CALGARY INT'L CS,3031094,2026-06-08 07:00,2026,6,8,07:00,,12.4,,1.0,,46.0,,0.0,,27.0,,27.0,,,,88.2,,,,,,,21.444852941176432,0.7,0.0,0.0408023315618036,0.0,0.0408023315618036,en_climate_hourly_AB_3031094_06-2026_P1H.csv
-114.0,51.11,CALGARY INT'L CS,3031094,2026-06-08 08:00,2026,6,8,08:00,,13.8,,0.1,,39.0,,0.0,,27.0,,29.0,,,,88.2,,,,,,,23.905737704918053,0.5249999999999999,0.0,0.02745156866106632,0.0,0.02745156866106632,en_climate_hourly_AB_3031094_06-2026_P1H.csv
-114.0,51.11,CALGARY INT'L CS,3031094,2026-06-08 09:00,2026,6,8,09:00,,15.0,,-0.1,,36.0,,0.0,,27.0,,30.0,,,,88.21,,,,,,,26.513636363636362,0.375,0.0,0.017679581690382307,0.0,0.017679581690382307,en_climate_hourly_AB_3031094_06-2026_P1H.csv
-114.0,51.11,CALGARY INT'L CS,3031094,2026-06-08 10:00,2026,6,8,10:00,,15.9,,0.1,,34.0,,0.0,,28.0,,22.0,,,,88.22,,,,,,,28.876237623762307,0.26249999999999996,0.0,0.011363149322818471,0.0,0.011363149322818471,en_climate_hourly_AB_3031094_06-2026_P1H.csv
-114.0,51.11,CALGARY INT'L CS,3031094,2026-06-08 11:00,2026,6,8,11:00,,16.7,,-0.8,,30.0,,0.0,,27.0,,14.0,,,,88.23,,,,,,,31.3602150537634,0.1625000000000001,0.0,0.006477155837476439,0.0,0.006477155837476439,en_climate_hourly_AB_3031094_06-2026_P1H.csv
-114.0,51.11,CALGARY INT'L CS,3031094,2026-06-08 12:00,2026,6,8,12:00,,17.7,,0.9,,32.0,,0.0,,28.0,,12.0,,,,88.24,,,,,,,35.13855421686742,0.03750000000000009,0.0,0.0013340048002743064,0.0,0.0013340048002743064,en_climate_hourly_AB_3031094_06-2026_P1H.csv
-114.0,51.11,CALGARY INT'L CS,3031094,2026-06-08 13:00,2026,6,8,13:00,,18.0,,-2.5,,25.0,,0.0,,27.0,,16.0,,,,88.24,,,,,,,36.45625,0.0,0.0,0.0,0.0,0.0,en_climate_hourly_AB_3031094_06-2026_P1H.csv
-114.0,51.11,CALGARY INT'L CS,3031094,2026-06-08 14:00,2026,6,8,14:00,,18.7,,-3.5,,22.0,,0.0,,26.0,,19.0,,,,88.2,,,,,,,39.952054794520485,0.0,0.11409999999999988,0.0,0.003569903994513974,0.003569903994513974,en_climate_hourly_AB_3031094_06-2026_P1H.csv
-114.0,51.11,CALGARY INT'L CS,3031094,2026-06-08 15:00,2026,6,8,15:00,,19.1,,-3.3,,22.0,,0.0,,26.0,,20.0,,,,88.18,,,,,,,42.26811594202912,0.0,0.17930000000000024,0.0,0.005302460140579451,0.005302460140579451,en_climate_hourly_AB_3031094_06-2026_P1H.csv
-114.0,51.11,CALGARY INT'L CS,3031094,2026-06-08 16:00,2026,6,8,16:00,,19.1,,-4.3,,20.0,,0.0,,28.0,,16.0,,,,88.15,,,,,,,42.26811594202912,0.0,0.17930000000000024,0.0,0.005302460140579451,0.005302460140579451,en_climate_hourly_AB_3031094_06-2026_P1H.csv
-114.0,51.11,CALGARY INT'L CS,3031094,2026-06-08 17:00,2026,6,8,17:00,,19.6,,-2.3,,23.0,,0.0,,26.0,,12.0,,,,88.12,,,,,,,45.570312500000156,0.0,0.26080000000000025,0.0,0.007153780216012326,0.007153780216012326,en_climate_hourly_AB_3031094_06-2026_P1H.csv
-114.0,51.11,CALGARY INT'L CS,3031094,2026-06-08 18:00,2026,6,8,18:00,,19.1,,-2.3,,23.0,,0.0,,29.0,,16.0,,,,88.09,,,,,,,42.26811594202912,0.0,0.17930000000000024,0.0,0.005302460140579451,0.005302460140579451,en_climate_hourly_AB_3031094_06-2026_P1H.csv
-114.0,51.11,CALGARY INT'L CS,3031094,2026-06-08 19:00,2026,6,8,19:00,,18.3,,-2.6,,24.0,,0.0,,31.0,,16.0,,,,88.09,,,,,,,37.87662337662343,0.0,0.04890000000000012,0.0,0.0016137922166980987,0.0016137922166980987,en_climate_hourly_AB_3031094_06-2026_P1H.csv
-114.0,51.11,CALGARY INT'L CS,3031094,2026-06-08 20:00,2026,6,8,20:00,,17.0,,-1.2,,29.0,,0.0,,27.0,,16.0,,,,88.09,,,,,,,32.40555555555555,0.125,0.0,0.004821704097376993,0.0,0.004821704097376993,en_climate_hourly_AB_3031094_06-2026_P1H.csv
-114.0,51.11,CALGARY INT'L CS,3031094,2026-06-08 21:00,2026,6,8,21:00,,14.3,,-0.6,,36.0,,0.0,,28.0,,11.0,,,,88.12,,,,,,,24.92735042735045,0.4624999999999999,0.0,0.023192396708383307,0.0,0.023192396708383307,en_climate_hourly_AB_3031094_06-2026_P1H.csv
-114.0,51.11,CALGARY INT'L CS,3031094,2026-06-08 22:00,2026,6,8,22:00,,13.1,,-0.4,,39.0,,0.0,,28.0,,13.0,,,,88.13,,,,,,,22.608527131782985,0.6125,0.0,0.03386443511057769,0.0,0.03386443511057769,en_climate_hourly_AB_3031094_06-2026_P1H.csv
-114.0,51.11,CALGARY INT'L CS,3031094,2026-06-08 23:00,2026,6,8,23:00,,12.0,,-0.8,,41.0,,0.0,,27.0,,8.0,,,,88.13,,,,,,,20.832142857142856,0.75,0.0,0.0450025715755186,0.0,0.0450025715755186,en_climate_hourly_AB_3031094_06-2026_P1H.csv
-114.0,51.11,CALGARY INT'L CS,3031094,2026-06-09 00:00,2026,6,9,00:00,,9.9,,0.3,,51.0,,0.0,,28.0,,8.0,,,,88.12,,,,,,,18.11490683229811,1.0125,0.0,0.06986649237099272,0.0,0.06986649237099272,en_climate_hourly_AB_3031094_06-2026_P1H.csv
-114.0,51.11,CALGARY INT'L CS,3031094,2026-06-09 01:00,2026,6,9,01:00,,7.5,,1.5,,66.0,,0.0,,21.0,,7.0,,,,88.08,,,,,,,15.764864864864863,1.3125,0.0,0.10406844676838677,0.0,0.10406844676838677,en_climate_hourly_AB_3031094_06-2026_P1H.csv
-114.0,51.11,CALGARY INT'L CS,3031094,2026-06-09 02:00,2026,6,9,02:00,,9.4,,1.3,,57.0,,0.0,,27.0,,4.0,,,,88.06,,,,,,,17.56927710843371,1.075,0.0,0.0764829418823934,0.0,0.0764829418823934,en_climate_hourly_AB_3031094_06-2026_P1H.csv
-114.0,51.11,CALGARY INT'L CS,3031094,2026-06-09 03:00,2026,6,9,03:00,,8.9,,2.7,,65.0,,0.0,,29.0,,3.0,,,,88.04,,,,,,,17.055555555555532,1.1375,0.0,0.08336726384364831,0.0,0.08336726384364831,en_climate_hourly_AB_3031094_06-2026_P1H.csv
-114.0,51.11,CALGARY INT'L CS,3031094,2026-06-09 04:00,2026,6,9,04:00,,9.2,,2.1,,61.0,,0.0,,,,0.0,,,,88.05,,,,,,,17.360119047619033,1.1,0.0,0.0792045259729128,0.0,0.0792045259729128,en_climate_hourly_AB_3031094_06-2026_P1H.csv
-114.0,51.11,CALGARY INT'L CS,3031094,2026-06-09 05:00,2026,6,9,05:00,,8.4,,1.6,,62.0,,0.0,,23.0,,9.0,,,,88.06,,,,,,,16.571022727272705,1.2,0.0,0.09051945825475753,0.0,0.09051945825475753,en_climate_hourly_AB_3031094_06-2026_P1H.csv
-114.0,51.11,CALGARY INT'L CS,3031094,2026-06-09 06:00,2026,6,9,06:00,,10.8,,1.8,,54.0,,0.0,,20.0,,8.0,,,,88.1,,,,,,,19.187500000000014,0.8999999999999999,0.0,0.058631921824104184,0.0,0.058631921824104184,en_climate_hourly_AB_3031094_06-2026_P1H.csv
-114.0,51.11,CALGARY INT'L CS,3031094,2026-06-09 07:00,2026,6,9,07:00,,12.0,,2.3,,52.0,,0.0,,24.0,,9.0,,,,88.08,,,,,,,20.832142857142856,0.75,0.0,0.0450025715755186,0.0,0.0450025715755186,en_climate_hourly_AB_3031094_06-2026_P1H.csv
-114.0,51.11,CALGARY INT'L CS,3031094,2026-06-09 08:00,2026,6,9,08:00,,13.3,,2.7,,49.0,,0.0,,25.0,,18.0,,,,88.06,,,,,,,22.964566929133877,0.5874999999999999,0.0,0.031978613063603605,0.0,0.031978613063603605,en_climate_hourly_AB_3031094_06-2026_P1H.csv
-114.0,51.11,CALGARY INT'L CS,3031094,2026-06-09 09:00,2026,6,9,09:00,,14.5,,4.6,,51.0,,0.0,,24.0,,14.0,,,,88.05,,,,,,,25.36086956521739,0.4375,0.0,0.021563732213269328,0.0,0.021563732213269328,en_climate_hourly_AB_3031094_06-2026_P1H.csv
-114.0,51.11,CALGARY INT'L CS,3031094,2026-06-09 10:00,2026,6,9,10:00,,15.1,,3.2,,45.0,,0.0,,29.0,,14.0,,,,88.01,,,,,,,26.756880733945007,0.36250000000000004,0.0,0.016934896279787386,0.0,0.016934896279787386,en_climate_hourly_AB_3031094_06-2026_P1H.csv
-114.0,51.11,CALGARY INT'L CS,3031094,2026-06-09 11:00,2026,6,9,11:00,,15.9,,1.9,,39.0,,0.0,,23.0,,7.0,,,,87.99,,,,,,,28.876237623762307,0.26249999999999996,0.0,0.011363149322818471,0.0,0.011363149322818471,en_climate_hourly_AB_3031094_06-2026_P1H.csv
-114.0,51.11,CALGARY INT'L CS,3031094,2026-06-09 12:00,2026,6,9,12:00,,17.7,,2.8,,37.0,,0.0,,27.0,,11.0,,,,87.94,,,,,,,35.13855421686742,0.03750000000000009,0.0,0.0013340048002743064,0.0,0.0013340048002743064,en_climate_hourly_AB_3031094_06-2026_P1H.csv
-114.0,51.11,CALGARY INT'L CS,3031094,2026-06-09 13:00,2026,6,9,13:00,,17.8,,3.2,,38.0,,0.0,,27.0,,20.0,,,,87.93,,,,,,,35.56707317073175,0.02499999999999991,0.0,0.0008786216355220255,0.0,0.0008786216355220255,en_climate_hourly_AB_3031094_06-2026_P1H.csv
-114.0,51.11,CALGARY INT'L CS,3031094,2026-06-09 14:00,2026,6,9,14:00,,18.7,,3.0,,35.0,,0.0,,21.0,,17.0,,,,87.9,,,,,,,39.952054794520485,0.0,0.11409999999999988,0.0,0.003569903994513974,0.003569903994513974,en_climate_hourly_AB_3031094_06-2026_P1H.csv
-114.0,51.11,CALGARY INT'L CS,3031094,2026-06-09 15:00,2026,6,9,15:00,,17.9,,3.3,,38.0,,0.0,,23.0,,12.0,,,,87.9,,,,,,,36.00617283950607,0.012500000000000178,0.0,0.00043395336876393676,0.0,0.00043395336876393676,en_climate_hourly_AB_3031094_06-2026_P1H.csv
-114.0,51.11,CALGARY INT'L CS,3031094,2026-06-09 16:00,2026,6,9,16:00,,19.2,,4.1,,37.0,,0.0,,15.0,,5.0,,,,87.88,,,,,,,42.889705882352864,0.0,0.19559999999999989,0.0,0.005700668609634843,0.005700668609634843,en_climate_hourly_AB_3031094_06-2026_P1H.csv
-114.0,51.11,CALGARY INT'L CS,3031094,2026-06-09 17:00,2026,6,9,17:00,,18.4,,4.0,,39.0,,0.0,,2.0,,16.0,,,,87.86,,,,,,,38.37499999999988,0.0,0.06519999999999977,0.0,0.0021237785016286637,0.0021237785016286637,en_climate_hourly_AB_3031094_06-2026_P1H.csv
-114.0,51.11,CALGARY INT'L CS,3031094,2026-06-09 18:00,2026,6,9,18:00,,15.5,,6.1,,54.0,,0.0,,32.0,,23.0,,,,87.92,,,,,,,27.776190476190475,0.3125,0.0,0.014063303617349561,0.0,0.014063303617349561,en_climate_hourly_AB_3031094_06-2026_P1H.csv
-114.0,51.11,CALGARY INT'L CS,3031094,2026-06-09 19:00,2026,6,9,19:00,,15.4,,5.0,,50.0,,0.0,,33.0,,29.0,,,,87.94,,,,,,,27.514150943396164,0.32499999999999996,0.0,0.0147651294359678,0.0,0.0147651294359678,en_climate_hourly_AB_3031094_06-2026_P1H.csv
-114.0,51.11,CALGARY INT'L CS,3031094,2026-06-09 20:00,2026,6,9,20:00,,13.6,,5.3,,57.0,,0.0,,33.0,,17.0,,,,87.99,,,,,,,23.520161290322623,0.55,0.0,0.029230241728098696,0.0,0.029230241728098696,en_climate_hourly_AB_3031094_06-2026_P1H.csv
-114.0,51.11,CALGARY INT'L CS,3031094,2026-06-09 21:00,2026,6,9,21:00,,12.3,,5.4,,63.0,,0.0,,31.0,,16.0,,,,88.02,,,,,,,21.28832116788323,0.7124999999999999,0.0,0.041836319218241,0.0,0.041836319218241,en_climate_hourly_AB_3031094_06-2026_P1H.csv
-114.0,51.11,CALGARY INT'L CS,3031094,2026-06-09 22:00,2026,6,9,22:00,,13.4,,5.1,,57.0,,0.0,,31.0,,19.0,,,,88.02,,,,,,,23.146825396825353,0.575,0.0,0.031051774387107888,0.0,0.031051774387107888,en_climate_hourly_AB_3031094_06-2026_P1H.csv
-114.0,51.11,CALGARY INT'L CS,3031094,2026-06-09 23:00,2026,6,9,23:00,,11.9,,5.7,,66.0,,0.0,,31.0,,11.0,,,,88.02,,,,,,,20.684397163120533,0.7625,0.0,0.04607941882393287,0.0,0.04607941882393287,en_climate_hourly_AB_3031094_06-2026_P1H.csv
-114.0,51.11,CALGARY INT'L CS,3031094,2026-06-10 00:00,2026,6,10,00:00,,12.0,,5.6,,65.0,,0.0,,32.0,,18.0,,,,88.04,,,,,,,20.832142857142856,0.75,0.0,0.0450025715755186,0.0,0.0450025715755186,en_climate_hourly_AB_3031094_06-2026_P1H.csv
-114.0,51.11,CALGARY INT'L CS,3031094,2026-06-10 01:00,2026,6,10,01:00,,11.7,,6.1,,69.0,,0.0,,30.0,,13.0,,,,88.08,,,,,,,20.39510489510488,0.7875000000000001,0.0,0.04826525801474374,0.0,0.04826525801474374,en_climate_hourly_AB_3031094_06-2026_P1H.csv
-114.0,51.11,CALGARY INT'L CS,3031094,2026-06-10 02:00,2026,6,10,02:00,,9.9,,8.8,,93.0,,0.3,,31.0,,17.0,,,,88.11,,,,,,,18.11490683229811,1.0125,0.0,0.06986649237099272,0.0,0.06986649237099272,en_climate_hourly_AB_3031094_06-2026_P1H.csv
-114.0,51.11,CALGARY INT'L CS,3031094,2026-06-10 03:00,2026,6,10,03:00,,10.1,,7.7,,85.0,,0.0,,34.0,,14.0,,,,88.1,,,,,,,18.342767295597508,0.9875,0.0,0.06729491685239147,0.0,0.06729491685239147,en_climate_hourly_AB_3031094_06-2026_P1H.csv
-114.0,51.11,CALGARY INT'L CS,3031094,2026-06-10 04:00,2026,6,10,04:00,,9.5,,7.2,,85.0,,0.2,,32.0,,14.0,,,,88.11,,,,,,,17.675757575757576,1.0625,0.0,0.0751382221841248,0.0,0.0751382221841248,en_climate_hourly_AB_3031094_06-2026_P1H.csv
-114.0,51.11,CALGARY INT'L CS,3031094,2026-06-10 05:00,2026,6,10,05:00,,9.7,,7.5,,86.0,,0.1,,32.0,,10.0,,,,88.14,,,,,,,17.892638036809803,1.0375,0.0,0.07248092748157042,0.0,0.07248092748157042,en_climate_hourly_AB_3031094_06-2026_P1H.csv
-114.0,51.11,CALGARY INT'L CS,3031094,2026-06-10 06:00,2026,6,10,06:00,,9.7,,6.6,,81.0,,0.0,,32.0,,17.0,,,,88.18,,,,,,,17.892638036809803,1.0375,0.0,0.07248092748157042,0.0,0.07248092748157042,en_climate_hourly_AB_3031094_06-2026_P1H.csv
-114.0,51.11,CALGARY INT'L CS,3031094,2026-06-10 07:00,2026,6,10,07:00,,9.6,,8.3,,91.0,,0.0,,33.0,,19.0,,,,88.22,,,,,,,17.783536585365876,1.05,0.0,0.07380421738385042,0.0,0.07380421738385042,en_climate_hourly_AB_3031094_06-2026_P1H.csv
-114.0,51.11,CALGARY INT'L CS,3031094,2026-06-10 08:00,2026,6,10,08:00,,10.2,,7.7,,85.0,,0.0,,32.0,,24.0,,,,88.25,,,,,,,18.458860759493657,0.9750000000000001,0.0,0.06602520144008234,0.0,0.06602520144008234,en_climate_hourly_AB_3031094_06-2026_P1H.csv
-114.0,51.11,CALGARY INT'L CS,3031094,2026-06-10 09:00,2026,6,10,09:00,,9.6,,7.6,,87.0,,0.0,,33.0,,35.0,,,,88.3,,,,,,,17.783536585365876,1.05,0.0,0.07380421738385042,0.0,0.07380421738385042,en_climate_hourly_AB_3031094_06-2026_P1H.csv
-114.0,51.11,CALGARY INT'L CS,3031094,2026-06-10 10:00,2026,6,10,10:00,,10.3,,7.5,,83.0,,0.0,,32.0,,31.0,,,,88.32,,,,,,,18.57643312101912,0.9624999999999999,0.0,0.06476620092576713,0.0,0.06476620092576713,en_climate_hourly_AB_3031094_06-2026_P1H.csv
-114.0,51.11,CALGARY INT'L CS,3031094,2026-06-10 11:00,2026,6,10,11:00,,11.4,,7.2,,76.0,,0.0,,33.0,,30.0,,,,88.36,,,,,,,19.976027397260243,0.825,0.0,0.051624378535916414,0.0,0.051624378535916414,en_climate_hourly_AB_3031094_06-2026_P1H.csv
-114.0,51.11,CALGARY INT'L CS,3031094,2026-06-10 12:00,2026,6,10,12:00,,12.2,,7.1,,71.0,,0.0,,33.0,,39.0,,,,88.43,,,,,,,21.134057971014474,0.7250000000000001,0.0,0.042881021772672764,0.0,0.042881021772672764,en_climate_hourly_AB_3031094_06-2026_P1H.csv
-114.0,51.11,CALGARY INT'L CS,3031094,2026-06-10 13:00,2026,6,10,13:00,,11.1,,7.2,,77.0,,0.0,,34.0,,42.0,,,,88.5,,,,,,,19.57382550335573,0.8625,0.0,0.05507993313903644,0.0,0.05507993313903644,en_climate_hourly_AB_3031094_06-2026_P1H.csv
-114.0,51.11,CALGARY INT'L CS,3031094,2026-06-10 14:00,2026,6,10,14:00,,13.2,,5.8,,61.0,,0.0,,34.0,,44.0,,,,88.57,,,,,,,22.78515624999998,0.6000000000000001,0.0,0.03291616663809364,0.0,0.03291616663809364,en_climate_hourly_AB_3031094_06-2026_P1H.csv
-114.0,51.11,CALGARY INT'L CS,3031094,2026-06-10 15:00,2026,6,10,15:00,,14.1,,6.1,,59.0,,0.0,,33.0,,43.0,,,,88.61,,,,,,,24.508403361344584,0.48750000000000004,0.0,0.024863920795473983,0.0,0.024863920795473983,en_climate_hourly_AB_3031094_06-2026_P1H.csv
-114.0,51.11,CALGARY INT'L CS,3031094,2026-06-10 16:00,2026,6,10,16:00,,13.9,,5.4,,56.0,,0.0,,33.0,,45.0,,,,88.63,,,,,,,24.10330578512392,0.5125,0.0,0.026578304474541452,0.0,0.026578304474541452,en_climate_hourly_AB_3031094_06-2026_P1H.csv
-114.0,51.11,CALGARY INT'L CS,3031094,2026-06-10 17:00,2026,6,10,17:00,,14.6,,6.0,,56.0,,0.0,,34.0,,44.0,,,,88.7,,,,,,,25.583333333333382,0.42500000000000004,0.0,0.020765472312703544,0.0,0.020765472312703544,en_climate_hourly_AB_3031094_06-2026_P1H.csv
-114.0,51.11,CALGARY INT'L CS,3031094,2026-06-10 18:00,2026,6,10,18:00,,14.9,,6.3,,56.0,,0.0,,33.0,,34.0,,,,88.77,,,,,,,26.27477477477472,0.38749999999999996,0.0,0.018434981998971405,0.0,0.018434981998971405,en_climate_hourly_AB_3031094_06-2026_P1H.csv
-114.0,51.11,CALGARY INT'L CS,3031094,2026-06-10 19:00,2026,6,10,19:00,,12.7,,7.7,,71.0,,0.0,,34.0,,27.0,,,,88.86,,,,,,,21.92857142857141,0.6625000000000001,0.0,0.037764657980456064,0.0,0.037764657980456064,en_climate_hourly_AB_3031094_06-2026_P1H.csv
-114.0,51.11,CALGARY INT'L CS,3031094,2026-06-10 20:00,2026,6,10,20:00,,11.8,,6.4,,70.0,,0.0,,33.0,,23.0,,,,88.91,,,,,,,20.53873239436621,0.7749999999999999,0.0,0.047166980970341124,0.0,0.047166980970341124,en_climate_hourly_AB_3031094_06-2026_P1H.csv
-114.0,51.11,CALGARY INT'L CS,3031094,2026-06-10 21:00,2026,6,10,21:00,,11.5,,6.3,,70.0,,0.0,,32.0,,17.0,,,,88.97,,,,,,,20.113793103448273,0.8125,0.0,0.05049395679753129,0.0,0.05049395679753129,en_climate_hourly_AB_3031094_06-2026_P1H.csv
-114.0,51.11,CALGARY INT'L CS,3031094,2026-06-10 22:00,2026,6,10,22:00,,11.3,,6.2,,71.0,,0.0,,33.0,,27.0,,,,89.06,,,,,,,19.840136054421784,0.8374999999999999,0.0,0.05276551517229551,0.0,0.05276551517229551,en_climate_hourly_AB_3031094_06-2026_P1H.csv
-114.0,51.11,CALGARY INT'L CS,3031094,2026-06-10 23:00,2026,6,10,23:00,,10.3,,7.0,,80.0,,0.0,,31.0,,21.0,,,,89.06,,,,,,,18.57643312101912,0.9624999999999999,0.0,0.06476620092576713,0.0,0.06476620092576713,en_climate_hourly_AB_3031094_06-2026_P1H.csv
-114.0,51.11,CALGARY INT'L CS,3031094,2026-06-11 00:00,2026,6,11,00:00,,10.5,,5.5,,71.0,,0.0,,31.0,,27.0,,,,89.07,,,,,,,18.816129032258065,0.9375,0.0,0.06228034459111949,0.0,0.06228034459111949,en_climate_hourly_AB_3031094_06-2026_P1H.csv
-114.0,51.11,CALGARY INT'L CS,3031094,2026-06-11 01:00,2026,6,11,01:00,,10.3,,5.3,,71.0,,0.0,,32.0,,24.0,,,,89.09,,,,,,,18.57643312101912,0.9624999999999999,0.0,0.06476620092576713,0.0,0.06476620092576713,en_climate_hourly_AB_3031094_06-2026_P1H.csv
-114.0,51.11,CALGARY INT'L CS,3031094,2026-06-11 02:00,2026,6,11,02:00,,10.4,,5.2,,70.0,,0.0,,32.0,,18.0,,,,89.11,,,,,,,18.695512820512793,0.95,0.0,0.06351791530944634,0.0,0.06351791530944634,en_climate_hourly_AB_3031094_06-2026_P1H.csv
-114.0,51.11,CALGARY INT'L CS,3031094,2026-06-11 03:00,2026,6,11,03:00,,10.3,,5.6,,73.0,,0.0,,32.0,,12.0,,,,89.13,,,,,,,18.57643312101912,0.9624999999999999,0.0,0.06476620092576713,0.0,0.06476620092576713,en_climate_hourly_AB_3031094_06-2026_P1H.csv
-114.0,51.11,CALGARY INT'L CS,3031094,2026-06-11 04:00,2026,6,11,04:00,,10.5,,5.8,,72.0,,0.0,,32.0,,15.0,,,,89.11,,,,,,,18.816129032258065,0.9375,0.0,0.06228034459111949,0.0,0.06228034459111949,en_climate_hourly_AB_3031094_06-2026_P1H.csv
-114.0,51.11,CALGARY INT'L CS,3031094,2026-06-11 05:00,2026,6,11,05:00,,10.8,,5.5,,70.0,,0.0,,32.0,,17.0,,,,89.13,,,,,,,19.187500000000014,0.8999999999999999,0.0,0.058631921824104184,0.0,0.058631921824104184,en_climate_hourly_AB_3031094_06-2026_P1H.csv
-114.0,51.11,CALGARY INT'L CS,3031094,2026-06-11 06:00,2026,6,11,06:00,,10.7,,5.8,,72.0,,0.0,,32.0,,14.0,,,,89.13,,,,,,,19.062091503267958,0.9125000000000001,0.0,0.05983734784844853,0.0,0.05983734784844853,en_climate_hourly_AB_3031094_06-2026_P1H.csv
-114.0,51.11,CALGARY INT'L CS,3031094,2026-06-11 07:00,2026,6,11,07:00,,12.0,,5.8,,65.0,,0.0,,32.0,,23.0,,,,89.13,,,,,,,20.832142857142856,0.75,0.0,0.0450025715755186,0.0,0.0450025715755186,en_climate_hourly_AB_3031094_06-2026_P1H.csv
-114.0,51.11,CALGARY INT'L CS,3031094,2026-06-11 08:00,2026,6,11,08:00,,12.9,,6.4,,65.0,,0.0,,33.0,,17.0,,,,89.15,,,,,,,22.263358778625914,0.6375,0.0,0.0357931167495286,0.0,0.0357931167495286,en_climate_hourly_AB_3031094_06-2026_P1H.csv
-114.0,51.11,CALGARY INT'L CS,3031094,2026-06-11 09:00,2026,6,11,09:00,,13.5,,6.1,,61.0,,0.0,,34.0,,22.0,,,,89.15,,,,,,,23.331999999999997,0.5625,0.0,0.03013565060860621,0.0,0.03013565060860621,en_climate_hourly_AB_3031094_06-2026_P1H.csv
-114.0,51.11,CALGARY INT'L CS,3031094,2026-06-11 10:00,2026,6,11,10:00,,14.0,,6.6,,61.0,,0.0,,34.0,,21.0,,,,89.14,,,,,,,24.304166666666664,0.5,0.0,0.02571575518601063,0.0,0.02571575518601063,en_climate_hourly_AB_3031094_06-2026_P1H.csv
-114.0,51.11,CALGARY INT'L CS,3031094,2026-06-11 11:00,2026,6,11,11:00,,14.9,,6.4,,57.0,,0.0,,36.0,,18.0,,,,89.1,,,,,,,26.27477477477472,0.38749999999999996,0.0,0.018434981998971405,0.0,0.018434981998971405,en_climate_hourly_AB_3031094_06-2026_P1H.csv
-114.0,51.11,CALGARY INT'L CS,3031094,2026-06-11 12:00,2026,6,11,12:00,,16.4,,7.4,,55.0,,0.0,,36.0,,14.0,,,,89.06,,,,,,,30.380208333333258,0.20000000000000018,0.0,0.008229041659523428,0.0,0.008229041659523428,en_climate_hourly_AB_3031094_06-2026_P1H.csv
-114.0,51.11,CALGARY INT'L CS,3031094,2026-06-11 13:00,2026,6,11,13:00,,15.6,,5.4,,50.0,,0.0,,35.0,,10.0,,,,89.01,,,,,,,28.04326923076929,0.30000000000000004,0.0,0.0133721926967255,0.0,0.0133721926967255,en_climate_hourly_AB_3031094_06-2026_P1H.csv
-114.0,51.11,CALGARY INT'L CS,3031094,2026-06-11 14:00,2026,6,11,14:00,,12.7,,7.2,,69.0,,0.4,,36.0,,23.0,,,,89.06,,,,,,,21.92857142857141,0.6625000000000001,0.0,0.037764657980456064,0.0,0.037764657980456064,en_climate_hourly_AB_3031094_06-2026_P1H.csv
-114.0,51.11,CALGARY INT'L CS,3031094,2026-06-11 15:00,2026,6,11,15:00,,13.1,,8.3,,73.0,,0.0,,35.0,,17.0,,,,89.09,,,,,,,22.608527131782985,0.6125,0.0,0.03386443511057769,0.0,0.03386443511057769,en_climate_hourly_AB_3031094_06-2026_P1H.csv
-114.0,51.11,CALGARY INT'L CS,3031094,2026-06-11 16:00,2026,6,11,16:00,,10.9,,7.0,,77.0,,0.0,,1.0,,25.0,,,,89.07,,,,,,,19.31456953642381,0.8875,0.0,0.057437210697754246,0.0,0.057437210697754246,en_climate_hourly_AB_3031094_06-2026_P1H.csv
-114.0,51.11,CALGARY INT'L CS,3031094,2026-06-11 17:00,2026,6,11,17:00,,12.0,,7.8,,75.0,,0.4,,35.0,,11.0,,,,89.06,,,,,,,20.832142857142856,0.75,0.0,0.0450025715755186,0.0,0.0450025715755186,en_climate_hourly_AB_3031094_06-2026_P1H.csv
-114.0,51.11,CALGARY INT'L CS,3031094,2026-06-11 18:00,2026,6,11,18:00,,12.2,,6.8,,69.0,,0.0,,31.0,,14.0,,,,89.11,,,,,,,21.134057971014474,0.7250000000000001,0.0,0.042881021772672764,0.0,0.042881021772672764,en_climate_hourly_AB_3031094_06-2026_P1H.csv
-114.0,51.11,CALGARY INT'L CS,3031094,2026-06-11 19:00,2026,6,11,19:00,,12.4,,7.2,,70.0,,0.0,,35.0,,26.0,,,,89.13,,,,,,,21.444852941176432,0.7,0.0,0.0408023315618036,0.0,0.0408023315618036,en_climate_hourly_AB_3031094_06-2026_P1H.csv
-114.0,51.11,CALGARY INT'L CS,3031094,2026-06-11 20:00,2026,6,11,20:00,,9.7,,7.3,,85.0,,0.0,,34.0,,28.0,,,,89.19,,,,,,,17.892638036809803,1.0375,0.0,0.07248092748157042,0.0,0.07248092748157042,en_climate_hourly_AB_3031094_06-2026_P1H.csv
-114.0,51.11,CALGARY INT'L CS,3031094,2026-06-11 21:00,2026,6,11,21:00,,9.5,,7.8,,89.0,,0.5,,28.0,,16.0,,,,89.21,,,,,,,17.675757575757576,1.0625,0.0,0.0751382221841248,0.0,0.0751382221841248,en_climate_hourly_AB_3031094_06-2026_P1H.csv
-114.0,51.11,CALGARY INT'L CS,3031094,2026-06-11 22:00,2026,6,11,22:00,,9.1,,7.2,,88.0,,0.0,,28.0,,14.0,,,,89.24,,,,,,,17.257396449704164,1.1125,0.0,0.08058139036516362,0.0,0.08058139036516362,en_climate_hourly_AB_3031094_06-2026_P1H.csv
-114.0,51.11,CALGARY INT'L CS,3031094,2026-06-11 23:00,2026,6,11,23:00,,9.1,,6.1,,81.0,,0.0,,31.0,,16.0,,,,89.22,,,,,,,17.257396449704164,1.1125,0.0,0.08058139036516362,0.0,0.08058139036516362,en_climate_hourly_AB_3031094_06-2026_P1H.csv
-114.0,51.11,CALGARY INT'L CS,3031094,2026-06-12 00:00,2026,6,12,00:00,,8.6,,5.8,,82.0,,0.0,,31.0,,12.0,,,,89.21,,,,,,,16.761494252873582,1.175,0.0,0.08762643579633111,0.0,0.08762643579633111,en_climate_hourly_AB_3031094_06-2026_P1H.csv
-114.0,51.11,CALGARY INT'L CS,3031094,2026-06-12 01:00,2026,6,12,01:00,,7.8,,5.7,,87.0,,0.0,,31.0,,13.0,,,,89.23,,,,,,,16.024725274725284,1.275,0.0,0.09945568318189604,0.0,0.09945568318189604,en_climate_hourly_AB_3031094_06-2026_P1H.csv
-114.0,51.11,CALGARY INT'L CS,3031094,2026-06-12 02:00,2026,6,12,02:00,,8.5,,5.6,,82.0,,0.0,,34.0,,16.0,,,,89.22,,,,,,,16.665714285714284,1.1875,0.0,0.08906758957654724,0.0,0.08906758957654724,en_climate_hourly_AB_3031094_06-2026_P1H.csv
-114.0,51.11,CALGARY INT'L CS,3031094,2026-06-12 03:00,2026,6,12,03:00,,8.5,,5.7,,83.0,,0.0,,32.0,,15.0,,,,89.23,,,,,,,16.665714285714284,1.1875,0.0,0.08906758957654724,0.0,0.08906758957654724,en_climate_hourly_AB_3031094_06-2026_P1H.csv
-114.0,51.11,CALGARY INT'L CS,3031094,2026-06-12 04:00,2026,6,12,04:00,,8.5,,6.1,,85.0,,0.0,,35.0,,17.0,,,,89.24,,,,,,,16.665714285714284,1.1875,0.0,0.08906758957654724,0.0,0.08906758957654724,en_climate_hourly_AB_3031094_06-2026_P1H.csv
-114.0,51.11,CALGARY INT'L CS,3031094,2026-06-12 05:00,2026,6,12,05:00,,7.3,,7.2,,100.0,,0.0,,3.0,,15.0,,,,89.27,,,,,,,15.596256684491987,1.3375,0.0,0.10719719698268466,0.0,0.10719719698268466,en_climate_hourly_AB_3031094_06-2026_P1H.csv
-114.0,51.11,CALGARY INT'L CS,3031094,2026-06-12 06:00,2026,6,12,06:00,,6.8,,6.8,,100.0,,0.0,,2.0,,15.0,,,,89.32,,,,,,,15.190104166666675,1.4,0.0,0.11520658323332754,0.0,0.11520658323332754,en_climate_hourly_AB_3031094_06-2026_P1H.csv
-114.0,51.11,CALGARY INT'L CS,3031094,2026-06-12 07:00,2026,6,12,07:00,,7.8,,7.4,,97.0,,0.0,,36.0,,12.0,,,,89.36,,,,,,,16.024725274725284,1.275,0.0,0.09945568318189604,0.0,0.09945568318189604,en_climate_hourly_AB_3031094_06-2026_P1H.csv
-114.0,51.11,CALGARY INT'L CS,3031094,2026-06-12 08:00,2026,6,12,08:00,,8.0,,7.0,,93.0,,0.0,,36.0,,13.0,,,,89.39,,,,,,,16.202777777777776,1.25,0.0,0.09643408194753986,0.0,0.09643408194753986,en_climate_hourly_AB_3031094_06-2026_P1H.csv
-114.0,51.11,CALGARY INT'L CS,3031094,2026-06-12 09:00,2026,6,12,09:00,,8.8,,6.2,,84.0,,0.0,,35.0,,20.0,,,,89.43,,,,,,,16.95639534883722,1.15,0.0,0.08477627292988164,0.0,0.08477627292988164,en_climate_hourly_AB_3031094_06-2026_P1H.csv
-114.0,51.11,CALGARY INT'L CS,3031094,2026-06-12 10:00,2026,6,12,10:00,,10.4,,5.7,,73.0,,0.0,,35.0,,20.0,,,,89.46,,,,,,,18.695512820512793,0.95,0.0,0.06351791530944634,0.0,0.06351791530944634,en_climate_hourly_AB_3031094_06-2026_P1H.csv
-114.0,51.11,CALGARY INT'L CS,3031094,2026-06-12 11:00,2026,6,12,11:00,,10.2,,4.0,,65.0,,0.0,,34.0,,25.0,,,,89.49,,,,,,,18.458860759493657,0.9750000000000001,0.0,0.06602520144008234,0.0,0.06602520144008234,en_climate_hourly_AB_3031094_06-2026_P1H.csv
-114.0,51.11,CALGARY INT'L CS,3031094,2026-06-12 12:00,2026,6,12,12:00,,9.6,,4.3,,70.0,,0.0,,36.0,,28.0,,,,89.56,,,,,,,17.783536585365876,1.05,0.0,0.07380421738385042,0.0,0.07380421738385042,en_climate_hourly_AB_3031094_06-2026_P1H.csv
-114.0,51.11,CALGARY INT'L CS,3031094,2026-06-12 13:00,2026,6,12,13:00,,10.1,,4.3,,67.0,,0.0,,34.0,,22.0,,,,89.6,,,,,,,18.342767295597508,0.9875,0.0,0.06729491685239147,0.0,0.06729491685239147,en_climate_hourly_AB_3031094_06-2026_P1H.csv
-114.0,51.11,CALGARY INT'L CS,3031094,2026-06-12 14:00,2026,6,12,14:00,,10.9,,4.4,,64.0,,0.0,,35.0,,22.0,,,,89.64,,,,,,,19.31456953642381,0.8875,0.0,0.057437210697754246,0.0,0.057437210697754246,en_climate_hourly_AB_3031094_06-2026_P1H.csv
-114.0,51.11,CALGARY INT'L CS,3031094,2026-06-12 15:00,2026,6,12,15:00,,9.7,,6.2,,79.0,,0.0,,1.0,,24.0,,,,89.69,,,,,,,17.892638036809803,1.0375,0.0,0.07248092748157042,0.0,0.07248092748157042,en_climate_hourly_AB_3031094_06-2026_P1H.csv
-114.0,51.11,CALGARY INT'L CS,3031094,2026-06-12 16:00,2026,6,12,16:00,,10.4,,4.8,,68.0,,0.0,,1.0,,29.0,,,,89.75,,,,,,,18.695512820512793,0.95,0.0,0.06351791530944634,0.0,0.06351791530944634,en_climate_hourly_AB_3031094_06-2026_P1H.csv
-114.0,51.11,CALGARY INT'L CS,3031094,2026-06-12 17:00,2026,6,12,17:00,,11.2,,4.0,,61.0,,0.0,,35.0,,29.0,,,,89.78,,,,,,,19.706081081081063,0.8500000000000001,0.0,0.053917366706669,0.0,0.053917366706669,en_climate_hourly_AB_3031094_06-2026_P1H.csv
-114.0,51.11,CALGARY INT'L CS,3031094,2026-06-12 18:00,2026,6,12,18:00,,11.7,,3.8,,58.0,,0.0,,35.0,,26.0,,,,89.82,,,,,,,20.39510489510488,0.7875000000000001,0.0,0.04826525801474374,0.0,0.04826525801474374,en_climate_hourly_AB_3031094_06-2026_P1H.csv
-114.0,51.11,CALGARY INT'L CS,3031094,2026-06-12 19:00,2026,6,12,19:00,,10.2,,4.8,,69.0,,0.0,,35.0,,23.0,,,,89.89,,,,,,,18.458860759493657,0.9750000000000001,0.0,0.06602520144008234,0.0,0.06602520144008234,en_climate_hourly_AB_3031094_06-2026_P1H.csv
-114.0,51.11,CALGARY INT'L CS,3031094,2026-06-12 20:00,2026,6,12,20:00,,9.9,,2.7,,61.0,,0.0,,34.0,,25.0,,,,89.92,,,,,,,18.11490683229811,1.0125,0.0,0.06986649237099272,0.0,0.06986649237099272,en_climate_hourly_AB_3031094_06-2026_P1H.csv
-114.0,51.11,CALGARY INT'L CS,3031094,2026-06-12 21:00,2026,6,12,21:00,,9.1,,4.0,,70.0,,0.0,,33.0,,22.0,,,,89.99,,,,,,,17.257396449704164,1.1125,0.0,0.08058139036516362,0.0,0.08058139036516362,en_climate_hourly_AB_3031094_06-2026_P1H.csv
-114.0,51.11,CALGARY INT'L CS,3031094,2026-06-12 22:00,2026,6,12,22:00,,7.6,,4.6,,81.0,,0.0,,32.0,,12.0,,,,90.06,,,,,,,15.850543478260889,1.3,0.0,0.10252014400822891,0.0,0.10252014400822891,en_climate_hourly_AB_3031094_06-2026_P1H.csv
-114.0,51.11,CALGARY INT'L CS,3031094,2026-06-12 23:00,2026,6,12,23:00,,6.0,,3.8,,86.0,,0.0,,32.0,,9.0,,,,90.09,,,,,,,14.5825,1.5,0.0,0.12857877593005315,0.0,0.12857877593005315,en_climate_hourly_AB_3031094_06-2026_P1H.csv
-114.0,51.11,CALGARY INT'L CS,3031094,2026-06-13 00:00,2026,6,13,00:00,,5.6,,4.2,,90.0,,0.0,,32.0,,11.0,,,,90.12,,,,,,,14.296568627450995,1.55,0.0,0.13552202983027586,0.0,0.13552202983027586,en_climate_hourly_AB_3031094_06-2026_P1H.csv
-114.0,51.11,CALGARY INT'L CS,3031094,2026-06-13 01:00,2026,6,13,01:00,,5.6,,3.6,,87.0,,0.0,,32.0,,12.0,,,,90.13,,,,,,,14.296568627450995,1.55,0.0,0.13552202983027586,0.0,0.13552202983027586,en_climate_hourly_AB_3031094_06-2026_P1H.csv
-114.0,51.11,CALGARY INT'L CS,3031094,2026-06-13 02:00,2026,6,13,02:00,,6.3,,3.8,,84.0,,0.0,,34.0,,16.0,,,,90.16,,,,,,,14.80456852791879,1.4625,0.0,0.12348384193382471,0.0,0.12348384193382471,en_climate_hourly_AB_3031094_06-2026_P1H.csv
-114.0,51.11,CALGARY INT'L CS,3031094,2026-06-13 03:00,2026,6,13,03:00,,5.3,,4.3,,94.0,,0.0,,33.0,,10.0,,,,90.19,,,,,,,14.089371980676335,1.5875,0.0,0.1408419766843819,0.0,0.1408419766843819,en_climate_hourly_AB_3031094_06-2026_P1H.csv
-114.0,51.11,CALGARY INT'L CS,3031094,2026-06-13 04:00,2026,6,13,04:00,,5.0,,3.1,,88.0,,0.0,,33.0,,9.0,,,,90.19,,,,,,,13.888095238095238,1.625,0.0,0.14625835762043543,0.0,0.14625835762043543,en_climate_hourly_AB_3031094_06-2026_P1H.csv
-114.0,51.11,CALGARY INT'L CS,3031094,2026-06-13 05:00,2026,6,13,05:00,,4.5,,3.7,,94.0,,0.0,,32.0,,11.0,,,,90.21,,,,,,,13.565116279069766,1.6875,0.0,0.15549995714040804,0.0,0.15549995714040804,en_climate_hourly_AB_3031094_06-2026_P1H.csv
-114.0,51.11,CALGARY INT'L CS,3031094,2026-06-13 06:00,2026,6,13,06:00,,7.7,,3.7,,76.0,,0.0,,33.0,,9.0,,,,90.25,,,,,,,15.937158469945343,1.2875,0.0,0.10098255614606556,0.0,0.10098255614606556,en_climate_hourly_AB_3031094_06-2026_P1H.csv
-114.0,51.11,CALGARY INT'L CS,3031094,2026-06-13 07:00,2026,6,13,07:00,,9.4,,4.2,,70.0,,0.0,,32.0,,18.0,,,,90.27,,,,,,,17.56927710843371,1.075,0.0,0.0764829418823934,0.0,0.0764829418823934,en_climate_hourly_AB_3031094_06-2026_P1H.csv
-114.0,51.11,CALGARY INT'L CS,3031094,2026-06-13 08:00,2026,6,13,08:00,,11.5,,5.2,,65.0,,0.0,,33.0,,19.0,,,,90.28,,,,,,,20.113793103448273,0.8125,0.0,0.05049395679753129,0.0,0.05049395679753129,en_climate_hourly_AB_3031094_06-2026_P1H.csv
-114.0,51.11,CALGARY INT'L CS,3031094,2026-06-13 09:00,2026,6,13,09:00,,12.9,,4.6,,57.0,,0.0,,36.0,,15.0,,,,90.27,,,,,,,22.263358778625914,0.6375,0.0,0.0357931167495286,0.0,0.0357931167495286,en_climate_hourly_AB_3031094_06-2026_P1H.csv
-114.0,51.11,CALGARY INT'L CS,3031094,2026-06-13 10:00,2026,6,13,10:00,,13.9,,2.8,,47.0,,0.0,,34.0,,18.0,,,,90.28,,,,,,,24.10330578512392,0.5125,0.0,0.026578304474541452,0.0,0.026578304474541452,en_climate_hourly_AB_3031094_06-2026_P1H.csv
-114.0,51.11,CALGARY INT'L CS,3031094,2026-06-13 11:00,2026,6,13,11:00,,15.2,,3.2,,45.0,,0.0,,36.0,,15.0,,,,90.28,,,,,,,27.004629629629598,0.3500000000000001,0.0,0.01620092576718672,0.0,0.01620092576718672,en_climate_hourly_AB_3031094_06-2026_P1H.csv
-114.0,51.11,CALGARY INT'L CS,3031094,2026-06-13 12:00,2026,6,13,12:00,,14.8,,1.0,,39.0,,0.0,,2.0,,13.0,,,,90.29,,,,,,,26.040178571428594,0.3999999999999999,0.0,0.01920109720555458,0.0,0.01920109720555458,en_climate_hourly_AB_3031094_06-2026_P1H.csv
-114.0,51.11,CALGARY INT'L CS,3031094,2026-06-13 13:00,2026,6,13,13:00,,16.7,,3.7,,42.0,,0.0,,36.0,,7.0,,,,90.27,,,,,,,31.3602150537634,0.1625000000000001,0.0,0.006477155837476439,0.0,0.006477155837476439,en_climate_hourly_AB_3031094_06-2026_P1H.csv
-114.0,51.11,CALGARY INT'L CS,3031094,2026-06-13 14:00,2026,6,13,14:00,,16.9,,1.4,,35.0,,0.0,,5.0,,7.0,,,,90.25,,,,,,,32.04945054945047,0.13750000000000018,0.0,0.005362806446082653,0.0,0.005362806446082653,en_climate_hourly_AB_3031094_06-2026_P1H.csv
-114.0,51.11,CALGARY INT'L CS,3031094,2026-06-13 15:00,2026,6,13,15:00,,17.9,,2.1,,35.0,,0.0,,30.0,,6.0,,,,90.23,,,,,,,36.00617283950607,0.012500000000000178,0.0,0.00043395336876393676,0.0,0.00043395336876393676,en_climate_hourly_AB_3031094_06-2026_P1H.csv
-114.0,51.11,CALGARY INT'L CS,3031094,2026-06-13 16:00,2026,6,13,16:00,,18.4,,0.5,,30.0,,0.0,,25.0,,4.0,,,,90.21,,,,,,,38.37499999999988,0.0,0.06519999999999977,0.0,0.0021237785016286637,0.0021237785016286637,en_climate_hourly_AB_3031094_06-2026_P1H.csv
-114.0,51.11,CALGARY INT'L CS,3031094,2026-06-13 17:00,2026,6,13,17:00,,18.4,,0.5,,30.0,,0.0,,5.0,,11.0,,,,90.19,,,,,,,38.37499999999988,0.0,0.06519999999999977,0.0,0.0021237785016286637,0.0021237785016286637,en_climate_hourly_AB_3031094_06-2026_P1H.csv
-114.0,51.11,CALGARY INT'L CS,3031094,2026-06-13 18:00,2026,6,13,18:00,,18.2,,-0.4,,28.0,,0.0,,9.0,,9.0,,,,90.17,,,,,,,37.391025641025585,0.0,0.032599999999999886,0.0,0.0010898337047831282,0.0010898337047831282,en_climate_hourly_AB_3031094_06-2026_P1H.csv
-114.0,51.11,CALGARY INT'L CS,3031094,2026-06-13 19:00,2026,6,13,19:00,,17.0,,1.2,,34.0,,0.0,,13.0,,12.0,,,,90.17,,,,,,,32.40555555555555,0.125,0.0,0.004821704097376993,0.0,0.004821704097376993,en_climate_hourly_AB_3031094_06-2026_P1H.csv
-114.0,51.11,CALGARY INT'L CS,3031094,2026-06-13 20:00,2026,6,13,20:00,,14.9,,1.1,,39.0,,0.0,,11.0,,12.0,,,,90.19,,,,,,,26.27477477477472,0.38749999999999996,0.0,0.018434981998971405,0.0,0.018434981998971405,en_climate_hourly_AB_3031094_06-2026_P1H.csv
-114.0,51.11,CALGARY INT'L CS,3031094,2026-06-13 21:00,2026,6,13,21:00,,12.2,,1.8,,49.0,,0.0,,14.0,,12.0,,,,90.21,,,,,,,21.134057971014474,0.7250000000000001,0.0,0.042881021772672764,0.0,0.042881021772672764,en_climate_hourly_AB_3031094_06-2026_P1H.csv
-114.0,51.11,CALGARY INT'L CS,3031094,2026-06-13 22:00,2026,6,13,22:00,,10.9,,2.7,,57.0,,0.0,,17.0,,12.0,,,,90.21,,,,,,,19.31456953642381,0.8875,0.0,0.057437210697754246,0.0,0.057437210697754246,en_climate_hourly_AB_3031094_06-2026_P1H.csv
-114.0,51.11,CALGARY INT'L CS,3031094,2026-06-13 23:00,2026,6,13,23:00,,11.2,,1.9,,53.0,,0.0,,18.0,,9.0,,,,90.19,,,,,,,19.706081081081063,0.8500000000000001,0.0,0.053917366706669,0.0,0.053917366706669,en_climate_hourly_AB_3031094_06-2026_P1H.csv
-114.0,51.11,CALGARY INT'L CS,3031094,2026-06-14 00:00,2026,6,14,00:00,,9.6,,2.0,,59.0,,0.0,,22.0,,5.0,,,,90.18,,,,,,,17.783536585365876,1.05,0.0,0.07380421738385042,0.0,0.07380421738385042,en_climate_hourly_AB_3031094_06-2026_P1H.csv
-114.0,51.11,CALGARY INT'L CS,3031094,2026-06-14 01:00,2026,6,14,01:00,,9.5,,2.6,,62.0,,0.0,,22.0,,6.0,,,,90.13,,,,,,,17.675757575757576,1.0625,0.0,0.0751382221841248,0.0,0.0751382221841248,en_climate_hourly_AB_3031094_06-2026_P1H.csv
-114.0,51.11,CALGARY INT'L CS,3031094,2026-06-14 02:00,2026,6,14,02:00,,8.6,,2.1,,64.0,,0.0,,22.0,,9.0,,,,90.1,,,,,,,16.761494252873582,1.175,0.0,0.08762643579633111,0.0,0.08762643579633111,en_climate_hourly_AB_3031094_06-2026_P1H.csv
-114.0,51.11,CALGARY INT'L CS,3031094,2026-06-14 03:00,2026,6,14,03:00,,8.9,,2.5,,64.0,,0.0,,23.0,,8.0,,,,90.08,,,,,,,17.055555555555532,1.1375,0.0,0.08336726384364831,0.0,0.08336726384364831,en_climate_hourly_AB_3031094_06-2026_P1H.csv
-114.0,51.11,CALGARY INT'L CS,3031094,2026-06-14 04:00,2026,6,14,04:00,,6.5,,2.4,,75.0,,0.0,,26.0,,4.0,,,,90.06,,,,,,,14.956410256410255,1.4375,0.0,0.12014079375964341,0.0,0.12014079375964341,en_climate_hourly_AB_3031094_06-2026_P1H.csv
-114.0,51.11,CALGARY INT'L CS,3031094,2026-06-14 05:00,2026,6,14,05:00,,7.5,,3.4,,75.0,,0.0,,22.0,,10.0,,,,90.05,,,,,,,15.764864864864863,1.3125,0.0,0.10406844676838677,0.0,0.10406844676838677,en_climate_hourly_AB_3031094_06-2026_P1H.csv
-114.0,51.11,CALGARY INT'L CS,3031094,2026-06-14 06:00,2026,6,14,06:00,,9.8,,4.6,,70.0,,0.0,,21.0,,7.0,,,,90.06,,,,,,,18.003086419753096,1.025,0.0,0.07116835247728437,0.0,0.07116835247728437,en_climate_hourly_AB_3031094_06-2026_P1H.csv
-114.0,51.11,CALGARY INT'L CS,3031094,2026-06-14 07:00,2026,6,14,07:00,,13.9,,4.5,,53.0,,0.0,,26.0,,6.0,,,,90.05,,,,,,,24.10330578512392,0.5125,0.0,0.026578304474541452,0.0,0.026578304474541452,en_climate_hourly_AB_3031094_06-2026_P1H.csv
-114.0,51.11,CALGARY INT'L CS,3031094,2026-06-14 08:00,2026,6,14,08:00,,16.7,,6.2,,50.0,,0.0,,31.0,,7.0,,,,90.06,,,,,,,31.3602150537634,0.1625000000000001,0.0,0.006477155837476439,0.0,0.006477155837476439,en_climate_hourly_AB_3031094_06-2026_P1H.csv
-114.0,51.11,CALGARY INT'L CS,3031094,2026-06-14 09:00,2026,6,14,09:00,,18.0,,5.0,,42.0,,0.0,,33.0,,12.0,,,,90.05,,,,,,,36.45625,0.0,0.0,0.0,0.0,0.0,en_climate_hourly_AB_3031094_06-2026_P1H.csv
-114.0,51.11,CALGARY INT'L CS,3031094,2026-06-14 10:00,2026,6,14,10:00,,19.9,,4.6,,36.0,,0.0,,36.0,,15.0,,,,90.03,,,,,,,47.811475409835886,0.0,0.30969999999999975,0.0,0.008096905537459308,0.008096905537459308,en_climate_hourly_AB_3031094_06-2026_P1H.csv
-114.0,51.11,CALGARY INT'L CS,3031094,2026-06-14 11:00,2026,6,14,11:00,,20.5,,3.8,,33.0,,0.0,,34.0,,13.0,,,,90.0,,,,,,,53.027272727272724,0.0,0.40750000000000003,0.0,0.009605906051774388,0.009605906051774388,en_climate_hourly_AB_3031094_06-2026_P1H.csv
-114.0,51.11,CALGARY INT'L CS,3031094,2026-06-14 12:00,2026,6,14,12:00,,21.9,,4.1,,31.0,,0.0,,34.0,,14.0,,,,89.98,,,,,,,49.4322033898307,0.0,0.6356999999999998,0.0,0.016075047145551108,0.016075047145551108,en_climate_hourly_AB_3031094_06-2026_P1H.csv
-114.0,51.11,CALGARY INT'L CS,3031094,2026-06-14 13:00,2026,6,14,13:00,,21.6,,2.6,,28.0,,0.0,,32.0,,12.0,,,,89.95,,,,,,,52.080357142856926,0.0,0.5868000000000002,0.0,0.014084004800274365,0.014084004800274365,en_climate_hourly_AB_3031094_06-2026_P1H.csv
-114.0,51.11,CALGARY INT'L CS,3031094,2026-06-14 14:00,2026,6,14,14:00,,22.2,,4.2,,31.0,,0.0,,33.0,,12.0,,,,89.92,,,,,,,47.040322580645245,0.0,0.6845999999999999,0.0,0.018191839533687602,0.018191839533687602,en_climate_hourly_AB_3031094_06-2026_P1H.csv
-114.0,51.11,CALGARY INT'L CS,3031094,2026-06-14 15:00,2026,6,14,15:00,,23.0,,4.0,,29.0,,0.0,,32.0,,12.0,,,,89.88,,,,,,,41.66428571428571,0.0,0.8150000000000001,0.0,0.024451397222698446,0.024451397222698446,en_climate_hourly_AB_3031094_06-2026_P1H.csv
-114.0,51.11,CALGARY INT'L CS,3031094,2026-06-14 16:00,2026,6,14,16:00,,21.5,,1.7,,27.0,,0.0,,32.0,,6.0,,,,89.84,,,,,,,53.027272727272724,0.0,0.5705,0.0,0.013448268472484141,0.013448268472484141,en_climate_hourly_AB_3031094_06-2026_P1H.csv
-114.0,51.11,CALGARY INT'L CS,3031094,2026-06-14 17:00,2026,6,14,17:00,,22.1,,2.5,,27.0,,0.0,,36.0,,12.0,,,,89.81,,,,,,,47.811475409835886,0.0,0.6683000000000002,0.0,0.017472269843991157,0.017472269843991157,en_climate_hourly_AB_3031094_06-2026_P1H.csv
-114.0,51.11,CALGARY INT'L CS,3031094,2026-06-14 18:00,2026,6,14,18:00,,21.3,,5.3,,35.0,,0.0,,5.0,,17.0,,,,89.79,,,,,,,55.02830188679233,0.0,0.5379000000000002,0.0,0.01221871249785705,0.01221871249785705,en_climate_hourly_AB_3031094_06-2026_P1H.csv
-114.0,51.11,CALGARY INT'L CS,3031094,2026-06-14 19:00,2026,6,14,19:00,,20.3,,4.9,,36.0,,0.0,,7.0,,14.0,,,,89.78,,,,,,,51.166666666666764,0.0,0.3749000000000001,0.0,0.0091587947882736,0.0091587947882736,en_climate_hourly_AB_3031094_06-2026_P1H.csv
-114.0,51.11,CALGARY INT'L CS,3031094,2026-06-14 20:00,2026,6,14,20:00,,19.2,,5.8,,42.0,,0.0,,8.0,,8.0,,,,89.77,,,,,,,42.889705882352864,0.0,0.19559999999999989,0.0,0.005700668609634843,0.005700668609634843,en_climate_hourly_AB_3031094_06-2026_P1H.csv
-114.0,51.11,CALGARY INT'L CS,3031094,2026-06-14 21:00,2026,6,14,21:00,,17.7,,6.2,,47.0,,0.0,,21.0,,6.0,,,,89.77,,,,,,,35.13855421686742,0.03750000000000009,0.0,0.0013340048002743064,0.0,0.0013340048002743064,en_climate_hourly_AB_3031094_06-2026_P1H.csv
-114.0,51.11,CALGARY INT'L CS,3031094,2026-06-14 22:00,2026,6,14,22:00,,17.1,,6.9,,51.0,,0.0,,16.0,,9.0,,,,89.8,,,,,,,32.7696629213484,0.11249999999999982,0.0,0.004291316646665506,0.0,0.004291316646665506,en_climate_hourly_AB_3031094_06-2026_P1H.csv
-114.0,51.11,CALGARY INT'L CS,3031094,2026-06-14 23:00,2026,6,14,23:00,,16.8,,6.3,,50.0,,0.0,,21.0,,8.0,,,,89.77,,,,,,,31.701086956521777,0.1499999999999999,0.0,0.005914623692782434,0.0,0.005914623692782434,en_climate_hourly_AB_3031094_06-2026_P1H.csv
-114.0,51.11,CALGARY INT'L CS,3031094,2026-06-15 00:00,2026,6,15,00:00,,16.9,,6.7,,51.0,,0.0,,26.0,,6.0,,,,89.77,,,,,,,32.04945054945047,0.13750000000000018,0.0,0.005362806446082653,0.0,0.005362806446082653,en_climate_hourly_AB_3031094_06-2026_P1H.csv
-114.0,51.11,CALGARY INT'L CS,3031094,2026-06-15 01:00,2026,6,15,01:00,,15.6,,8.0,,61.0,,0.0,,2.0,,10.0,,,,89.76,,,,,,,28.04326923076929,0.30000000000000004,0.0,0.0133721926967255,0.0,0.0133721926967255,en_climate_hourly_AB_3031094_06-2026_P1H.csv
-114.0,51.11,CALGARY INT'L CS,3031094,2026-06-15 02:00,2026,6,15,02:00,,14.9,,8.5,,65.0,,0.0,,29.0,,4.0,,,,89.73,,,,,,,26.27477477477472,0.38749999999999996,0.0,0.018434981998971405,0.0,0.018434981998971405,en_climate_hourly_AB_3031094_06-2026_P1H.csv
-114.0,51.11,CALGARY INT'L CS,3031094,2026-06-15 03:00,2026,6,15,03:00,,15.1,,8.2,,63.0,,0.0,,32.0,,5.0,,,,89.72,,,,,,,26.756880733945007,0.36250000000000004,0.0,0.016934896279787386,0.0,0.016934896279787386,en_climate_hourly_AB_3031094_06-2026_P1H.csv
-114.0,51.11,CALGARY INT'L CS,3031094,2026-06-15 04:00,2026,6,15,04:00,,14.6,,8.1,,65.0,,0.0,,30.0,,5.0,,,,89.71,,,,,,,25.583333333333382,0.42500000000000004,0.0,0.020765472312703544,0.0,0.020765472312703544,en_climate_hourly_AB_3031094_06-2026_P1H.csv
-114.0,51.11,CALGARY INT'L CS,3031094,2026-06-15 05:00,2026,6,15,05:00,,14.3,,8.6,,68.0,,0.0,,33.0,,3.0,,,,89.69,,,,,,,24.92735042735045,0.4624999999999999,0.0,0.023192396708383307,0.0,0.023192396708383307,en_climate_hourly_AB_3031094_06-2026_P1H.csv
-114.0,51.11,CALGARY INT'L CS,3031094,2026-06-15 06:00,2026,6,15,06:00,,14.9,,8.8,,67.0,,0.0,,27.0,,6.0,,,,89.71,,,,,,,26.27477477477472,0.38749999999999996,0.0,0.018434981998971405,0.0,0.018434981998971405,en_climate_hourly_AB_3031094_06-2026_P1H.csv
-114.0,51.11,CALGARY INT'L CS,3031094,2026-06-15 07:00,2026,6,15,07:00,,16.1,,8.7,,62.0,,0.0,,23.0,,7.0,,,,89.7,,,,,,,29.459595959596026,0.23749999999999982,0.0,0.010077361563517885,0.0,0.010077361563517885,en_climate_hourly_AB_3031094_06-2026_P1H.csv
-114.0,51.11,CALGARY INT'L CS,3031094,2026-06-15 08:00,2026,6,15,08:00,,18.2,,8.2,,52.0,,0.0,,26.0,,4.0,,,,89.67,,,,,,,37.391025641025585,0.0,0.032599999999999886,0.0,0.0010898337047831282,0.0010898337047831282,en_climate_hourly_AB_3031094_06-2026_P1H.csv
-114.0,51.11,CALGARY INT'L CS,3031094,2026-06-15 09:00,2026,6,15,09:00,,19.3,,6.8,,44.0,,0.0,,22.0,,7.0,,,,89.59,,,,,,,43.52985074626873,0.0,0.21190000000000012,0.0,0.006084904851705805,0.006084904851705805,en_climate_hourly_AB_3031094_06-2026_P1H.csv
-114.0,51.11,CALGARY INT'L CS,3031094,2026-06-15 10:00,2026,6,15,10:00,,20.7,,6.5,,40.0,,0.0,,17.0,,8.0,,,,89.55,,,,,,,55.02830188679233,0.0,0.4400999999999999,0.0,0.009997128407337581,0.009997128407337581,en_climate_hourly_AB_3031094_06-2026_P1H.csv
-114.0,51.11,CALGARY INT'L CS,3031094,2026-06-15 11:00,2026,6,15,11:00,,21.0,,7.1,,40.0,,0.0,,17.0,,11.0,,,,89.47,,,,,,,,,,,,,en_climate_hourly_AB_3031094_06-2026_P1H.csv
-114.0,51.11,CALGARY INT'L CS,3031094,2026-06-15 12:00,2026,6,15,12:00,,22.3,,7.4,,38.0,,0.0,,18.0,,12.0,,,,89.37,,,,,,,46.293650793650706,0.0,0.7009000000000002,0.0,0.018925381450368633,0.018925381450368633,en_climate_hourly_AB_3031094_06-2026_P1H.csv
-114.0,51.11,CALGARY INT'L CS,3031094,2026-06-15 13:00,2026,6,15,13:00,,23.5,,6.8,,34.0,,0.0,,19.0,,11.0,,,,89.3,,,,,,,38.88666666666666,0.0,0.8965000000000001,0.0,0.028817718155323167,0.028817718155323167,en_climate_hourly_AB_3031094_06-2026_P1H.csv
-114.0,51.11,CALGARY INT'L CS,3031094,2026-06-15 14:00,2026,6,15,14:00,,23.2,,5.9,,33.0,,0.0,,19.0,,4.0,,,,89.27,,,,,,,40.50694444444451,0.0,0.8475999999999999,0.0,0.026156008914795085,0.026156008914795085,en_climate_hourly_AB_3031094_06-2026_P1H.csv
-114.0,51.11,CALGARY INT'L CS,3031094,2026-06-15 15:00,2026,6,15,15:00,,23.3,,8.9,,40.0,,0.0,,14.0,,15.0,,,,89.18,,,,,,,39.952054794520485,0.0,0.8639000000000001,0.0,0.027029273101320122,0.027029273101320122,en_climate_hourly_AB_3031094_06-2026_P1H.csv
-114.0,51.11,CALGARY INT'L CS,3031094,2026-06-15 16:00,2026,6,15,16:00,,22.7,,8.7,,41.0,,0.0,,16.0,,13.0,,,,89.1,,,,,,,43.52985074626873,0.0,0.7660999999999999,0.0,0.021999271386936355,0.021999271386936355,en_climate_hourly_AB_3031094_06-2026_P1H.csv
-114.0,51.11,CALGARY INT'L CS,3031094,2026-06-15 17:00,2026,6,15,17:00,,20.2,,10.1,,52.0,,0.0,,3.0,,16.0,,,,89.08,,,,,,,50.284482758620584,0.0,0.3585999999999999,0.0,0.008914280816046647,0.008914280816046647,en_climate_hourly_AB_3031094_06-2026_P1H.csv
-114.0,51.11,CALGARY INT'L CS,3031094,2026-06-15 18:00,2026,6,15,18:00,,19.8,,10.3,,54.0,,0.0,,9.0,,8.0,,,,89.0,,,,,,,47.040322580645245,0.0,0.2934000000000001,0.0,0.00779650265729469,0.00779650265729469,en_climate_hourly_AB_3031094_06-2026_P1H.csv
-114.0,51.11,CALGARY INT'L CS,3031094,2026-06-15 19:00,2026,6,15,19:00,,18.4,,11.0,,62.0,,0.0,,12.0,,11.0,,,,88.95,,,,,,,38.37499999999988,0.0,0.06519999999999977,0.0,0.0021237785016286637,0.0021237785016286637,en_climate_hourly_AB_3031094_06-2026_P1H.csv
-114.0,51.11,CALGARY INT'L CS,3031094,2026-06-15 20:00,2026,6,15,20:00,,18.6,,10.9,,61.0,,0.0,,20.0,,4.0,,,,88.9,,,,,,,39.41216216216228,0.0,0.09780000000000023,0.0,0.0031018343905366,0.0031018343905366,en_climate_hourly_AB_3031094_06-2026_P1H.csv
-114.0,51.11,CALGARY INT'L CS,3031094,2026-06-15 21:00,2026,6,15,21:00,,19.5,,8.6,,49.0,,0.0,,31.0,,11.0,,,,88.88,,,,,,,44.86923076923077,0.0,0.2445,0.0,0.006811460654894566,0.006811460654894566,en_climate_hourly_AB_3031094_06-2026_P1H.csv
-114.0,51.11,CALGARY INT'L CS,3031094,2026-06-15 22:00,2026,6,15,22:00,,17.7,,8.3,,54.0,,0.0,,26.0,,7.0,,,,88.84,,,,,,,35.13855421686742,0.03750000000000009,0.0,0.0013340048002743064,0.0,0.0013340048002743064,en_climate_hourly_AB_3031094_06-2026_P1H.csv
-114.0,51.11,CALGARY INT'L CS,3031094,2026-06-15 23:00,2026,6,15,23:00,,18.4,,5.7,,43.0,,0.0,,29.0,,13.0,,,,88.78,,,,,,,38.37499999999988,0.0,0.06519999999999977,0.0,0.0021237785016286637,0.0021237785016286637,en_climate_hourly_AB_3031094_06-2026_P1H.csv
-114.0,51.11,CALGARY INT'L CS,3031094,2026-06-16 00:00,2026,6,16,00:00,,17.4,,6.0,,47.0,,0.0,,28.0,,13.0,,,,88.73,,,,,,,33.912790697674325,0.07500000000000018,0.0,0.0027644436824961565,0.0,0.0027644436824961565,en_climate_hourly_AB_3031094_06-2026_P1H.csv
-114.0,51.11,CALGARY INT'L CS,3031094,2026-06-16 01:00,2026,6,16,01:00,,14.8,,6.5,,57.0,,0.0,,31.0,,10.0,,,,88.68,,,,,,,26.040178571428594,0.3999999999999999,0.0,0.01920109720555458,0.0,0.01920109720555458,en_climate_hourly_AB_3031094_06-2026_P1H.csv
-114.0,51.11,CALGARY INT'L CS,3031094,2026-06-16 02:00,2026,6,16,02:00,,14.0,,7.0,,63.0,,0.0,,30.0,,6.0,,,,88.63,,,,,,,24.304166666666664,0.5,0.0,0.02571575518601063,0.0,0.02571575518601063,en_climate_hourly_AB_3031094_06-2026_P1H.csv
-114.0,51.11,CALGARY INT'L CS,3031094,2026-06-16 03:00,2026,6,16,03:00,,12.2,,6.8,,70.0,,0.0,,3.0,,11.0,,,,88.57,,,,,,,21.134057971014474,0.7250000000000001,0.0,0.042881021772672764,0.0,0.042881021772672764,en_climate_hourly_AB_3031094_06-2026_P1H.csv
-114.0,51.11,CALGARY INT'L CS,3031094,2026-06-16 04:00,2026,6,16,04:00,,13.1,,7.1,,67.0,,0.0,,30.0,,6.0,,,,88.49,,,,,,,22.608527131782985,0.6125,0.0,0.03386443511057769,0.0,0.03386443511057769,en_climate_hourly_AB_3031094_06-2026_P1H.csv
-114.0,51.11,CALGARY INT'L CS,3031094,2026-06-16 05:00,2026,6,16,05:00,,11.8,,7.3,,74.0,,0.0,,35.0,,3.0,,,,88.42,,,,,,,20.53873239436621,0.7749999999999999,0.0,0.047166980970341124,0.0,0.047166980970341124,en_climate_hourly_AB_3031094_06-2026_P1H.csv
-114.0,51.11,CALGARY INT'L CS,3031094,2026-06-16 06:00,2026,6,16,06:00,,14.5,,8.2,,66.0,,0.0,,,,0.0,,,,88.38,,,,,,,25.36086956521739,0.4375,0.0,0.021563732213269328,0.0,0.021563732213269328,en_climate_hourly_AB_3031094_06-2026_P1H.csv
-114.0,51.11,CALGARY INT'L CS,3031094,2026-06-16 07:00,2026,6,16,07:00,,16.6,,7.7,,56.0,,0.0,,,,0.0,,,,88.33,,,,,,,31.026595744680925,0.17499999999999982,0.0,0.007050402880164557,0.0,0.007050402880164557,en_climate_hourly_AB_3031094_06-2026_P1H.csv
-114.0,51.11,CALGARY INT'L CS,3031094,2026-06-16 08:00,2026,6,16,08:00,,19.6,,6.5,,42.0,,0.0,,17.0,,5.0,,,,88.25,,,,,,,45.570312500000156,0.0,0.26080000000000025,0.0,0.007153780216012326,0.007153780216012326,en_climate_hourly_AB_3031094_06-2026_P1H.csv
-114.0,51.11,CALGARY INT'L CS,3031094,2026-06-16 09:00,2026,6,16,09:00,,21.3,,7.1,,40.0,,0.0,,18.0,,5.0,,,,88.14,,,,,,,55.02830188679233,0.0,0.5379000000000002,0.0,0.01221871249785705,0.01221871249785705,en_climate_hourly_AB_3031094_06-2026_P1H.csv
-114.0,51.11,CALGARY INT'L CS,3031094,2026-06-16 10:00,2026,6,16,10:00,,22.5,,5.3,,33.0,,0.0,,20.0,,12.0,,,,88.02,,,,,,,44.86923076923077,0.0,0.7335,0.0,0.0204343819646837,0.0204343819646837,en_climate_hourly_AB_3031094_06-2026_P1H.csv
-114.0,51.11,CALGARY INT'L CS,3031094,2026-06-16 11:00,2026,6,16,11:00,,22.2,,2.5,,27.0,,0.0,,28.0,,27.0,,,,87.93,,,,,,,47.040322580645245,0.0,0.6845999999999999,0.0,0.018191839533687602,0.018191839533687602,en_climate_hourly_AB_3031094_06-2026_P1H.csv
-114.0,51.11,CALGARY INT'L CS,3031094,2026-06-16 12:00,2026,6,16,12:00,,15.2,,8.8,,66.0,,0.0,,1.0,,43.0,,,,88.04,,,,,,,27.004629629629598,0.3500000000000001,0.0,0.01620092576718672,0.0,0.01620092576718672,en_climate_hourly_AB_3031094_06-2026_P1H.csv
-114.0,51.11,CALGARY INT'L CS,3031094,2026-06-16 13:00,2026,6,16,13:00,,15.5,,7.8,,60.0,,0.0,,2.0,,40.0,,,,88.18,,,,,,,27.776190476190475,0.3125,0.0,0.014063303617349561,0.0,0.014063303617349561,en_climate_hourly_AB_3031094_06-2026_P1H.csv
-114.0,51.11,CALGARY INT'L CS,3031094,2026-06-16 14:00,2026,6,16,14:00,,13.7,,8.1,,69.0,,0.0,,36.0,,40.0,,,,88.31,,,,,,,23.711382113821113,0.5375000000000001,0.0,0.028335547745585495,0.0,0.028335547745585495,en_climate_hourly_AB_3031094_06-2026_P1H.csv
-114.0,51.11,CALGARY INT'L CS,3031094,2026-06-16 15:00,2026,6,16,15:00,,11.8,,8.2,,79.0,,0.4,,35.0,,29.0,,,,88.4,,,,,,,20.53873239436621,0.7749999999999999,0.0,0.047166980970341124,0.0,0.047166980970341124,en_climate_hourly_AB_3031094_06-2026_P1H.csv
-114.0,51.11,CALGARY INT'L CS,3031094,2026-06-16 16:00,2026,6,16,16:00,,13.7,,9.9,,78.0,,0.0,,33.0,,12.0,,,,88.33,,,,,,,23.711382113821113,0.5375000000000001,0.0,0.028335547745585495,0.0,0.028335547745585495,en_climate_hourly_AB_3031094_06-2026_P1H.csv
-114.0,51.11,CALGARY INT'L CS,3031094,2026-06-16 17:00,2026,6,16,17:00,,11.4,,9.1,,86.0,,0.0,,35.0,,35.0,,,,88.42,,,,,,,19.976027397260243,0.825,0.0,0.051624378535916414,0.0,0.051624378535916414,en_climate_hourly_AB_3031094_06-2026_P1H.csv
-114.0,51.11,CALGARY INT'L CS,3031094,2026-06-16 18:00,2026,6,16,18:00,,11.4,,7.1,,75.0,,1.0,,35.0,,26.0,,,,88.43,,,,,,,19.976027397260243,0.825,0.0,0.051624378535916414,0.0,0.051624378535916414,en_climate_hourly_AB_3031094_06-2026_P1H.csv
-114.0,51.11,CALGARY INT'L CS,3031094,2026-06-16 19:00,2026,6,16,19:00,,12.0,,5.2,,63.0,,0.0,,31.0,,21.0,,,,88.48,,,,,,,20.832142857142856,0.75,0.0,0.0450025715755186,0.0,0.0450025715755186,en_climate_hourly_AB_3031094_06-2026_P1H.csv
-114.0,51.11,CALGARY INT'L CS,3031094,2026-06-16 20:00,2026,6,16,20:00,,11.5,,6.0,,69.0,,0.0,,25.0,,20.0,,,,88.48,,,,,,,20.113793103448273,0.8125,0.0,0.05049395679753129,0.0,0.05049395679753129,en_climate_hourly_AB_3031094_06-2026_P1H.csv
-114.0,51.11,CALGARY INT'L CS,3031094,2026-06-16 21:00,2026,6,16,21:00,,11.3,,5.7,,68.0,,0.0,,28.0,,19.0,,,,88.56,,,,,,,19.840136054421784,0.8374999999999999,0.0,0.05276551517229551,0.0,0.05276551517229551,en_climate_hourly_AB_3031094_06-2026_P1H.csv
-114.0,51.11,CALGARY INT'L CS,3031094,2026-06-16 22:00,2026,6,16,22:00,,12.0,,4.3,,60.0,,0.0,,30.0,,15.0,,,,88.64,,,,,,,20.832142857142856,0.75,0.0,0.0450025715755186,0.0,0.0450025715755186,en_climate_hourly_AB_3031094_06-2026_P1H.csv
-114.0,51.11,CALGARY INT'L CS,3031094,2026-06-16 23:00,2026,6,16,23:00,,11.7,,4.4,,61.0,,0.0,,32.0,,17.0,,,,88.68,,,,,,,20.39510489510488,0.7875000000000001,0.0,0.04826525801474374,0.0,0.04826525801474374,en_climate_hourly_AB_3031094_06-2026_P1H.csv
-114.0,51.11,CALGARY INT'L CS,3031094,2026-06-17 00:00,2026,6,17,00:00,,11.4,,4.4,,62.0,,0.0,,30.0,,17.0,,,,88.69,,,,,,,19.976027397260243,0.825,0.0,0.051624378535916414,0.0,0.051624378535916414,en_climate_hourly_AB_3031094_06-2026_P1H.csv
-114.0,51.11,CALGARY INT'L CS,3031094,2026-06-17 01:00,2026,6,17,01:00,,10.5,,4.2,,65.0,,0.0,,30.0,,15.0,,,,88.68,,,,,,,18.816129032258065,0.9375,0.0,0.06228034459111949,0.0,0.06228034459111949,en_climate_hourly_AB_3031094_06-2026_P1H.csv
-114.0,51.11,CALGARY INT'L CS,3031094,2026-06-17 02:00,2026,6,17,02:00,,10.6,,4.4,,66.0,,0.0,,31.0,,15.0,,,,88.68,,,,,,,18.938311688311714,0.925,0.0,0.06105348877078682,0.0,0.06105348877078682,en_climate_hourly_AB_3031094_06-2026_P1H.csv
-114.0,51.11,CALGARY INT'L CS,3031094,2026-06-17 03:00,2026,6,17,03:00,,11.1,,4.2,,62.0,,0.0,,32.0,,17.0,,,,88.7,,,,,,,19.57382550335573,0.8625,0.0,0.05507993313903644,0.0,0.05507993313903644,en_climate_hourly_AB_3031094_06-2026_P1H.csv
-114.0,51.11,CALGARY INT'L CS,3031094,2026-06-17 04:00,2026,6,17,04:00,,10.9,,4.3,,64.0,,0.0,,32.0,,19.0,,,,88.73,,,,,,,19.31456953642381,0.8875,0.0,0.057437210697754246,0.0,0.057437210697754246,en_climate_hourly_AB_3031094_06-2026_P1H.csv
-114.0,51.11,CALGARY INT'L CS,3031094,2026-06-17 05:00,2026,6,17,05:00,,10.7,,4.4,,65.0,,0.0,,33.0,,17.0,,,,88.74,,,,,,,19.062091503267958,0.9125000000000001,0.0,0.05983734784844853,0.0,0.05983734784844853,en_climate_hourly_AB_3031094_06-2026_P1H.csv
-114.0,51.11,CALGARY INT'L CS,3031094,2026-06-17 06:00,2026,6,17,06:00,,10.9,,4.5,,65.0,,0.0,,33.0,,17.0,,,,88.77,,,,,,,19.31456953642381,0.8875,0.0,0.057437210697754246,0.0,0.057437210697754246,en_climate_hourly_AB_3031094_06-2026_P1H.csv
-114.0,51.11,CALGARY INT'L CS,3031094,2026-06-17 07:00,2026,6,17,07:00,,11.8,,4.7,,62.0,,0.0,,33.0,,21.0,,,,88.8,,,,,,,20.53873239436621,0.7749999999999999,0.0,0.047166980970341124,0.0,0.047166980970341124,en_climate_hourly_AB_3031094_06-2026_P1H.csv
-114.0,51.11,CALGARY INT'L CS,3031094,2026-06-17 08:00,2026,6,17,08:00,,12.5,,4.9,,60.0,,0.0,,33.0,,27.0,,,,88.82,,,,,,,21.6037037037037,0.6875,0.0,0.0397790588033602,0.0,0.0397790588033602,en_climate_hourly_AB_3031094_06-2026_P1H.csv
-114.0,51.11,CALGARY INT'L CS,3031094,2026-06-17 09:00,2026,6,17,09:00,,12.6,,4.9,,60.0,,0.0,,34.0,,37.0,,,,88.86,,,,,,,21.764925373134364,0.675,0.0,0.03876650094291096,0.0,0.03876650094291096,en_climate_hourly_AB_3031094_06-2026_P1H.csv
-114.0,51.11,CALGARY INT'L CS,3031094,2026-06-17 10:00,2026,6,17,10:00,,12.3,,5.5,,63.0,,0.0,,34.0,,38.0,,,,88.92,,,,,,,21.28832116788323,0.7124999999999999,0.0,0.041836319218241,0.0,0.041836319218241,en_climate_hourly_AB_3031094_06-2026_P1H.csv
-114.0,51.11,CALGARY INT'L CS,3031094,2026-06-17 11:00,2026,6,17,11:00,,12.7,,5.8,,63.0,,0.0,,35.0,,47.0,,,,88.97,,,,,,,21.92857142857141,0.6625000000000001,0.0,0.037764657980456064,0.0,0.037764657980456064,en_climate_hourly_AB_3031094_06-2026_P1H.csv
-114.0,51.11,CALGARY INT'L CS,3031094,2026-06-17 12:00,2026,6,17,12:00,,14.1,,5.5,,56.0,,0.0,,34.0,,39.0,,,,88.99,,,,,,,24.508403361344584,0.48750000000000004,0.0,0.024863920795473983,0.0,0.024863920795473983,en_climate_hourly_AB_3031094_06-2026_P1H.csv
-114.0,51.11,CALGARY INT'L CS,3031094,2026-06-17 13:00,2026,6,17,13:00,,14.5,,5.3,,54.0,,0.0,,35.0,,40.0,,,,89.01,,,,,,,25.36086956521739,0.4375,0.0,0.021563732213269328,0.0,0.021563732213269328,en_climate_hourly_AB_3031094_06-2026_P1H.csv
-114.0,51.11,CALGARY INT'L CS,3031094,2026-06-17 14:00,2026,6,17,14:00,,14.2,,4.5,,52.0,,0.0,,36.0,,39.0,,,,89.02,,,,,,,24.716101694915228,0.4750000000000001,0.0,0.024022801302931624,0.0,0.024022801302931624,en_climate_hourly_AB_3031094_06-2026_P1H.csv
-114.0,51.11,CALGARY INT'L CS,3031094,2026-06-17 15:00,2026,6,17,15:00,,17.1,,6.7,,50.0,,0.0,,36.0,,27.0,,,,89.02,,,,,,,32.7696629213484,0.11249999999999982,0.0,0.004291316646665506,0.0,0.004291316646665506,en_climate_hourly_AB_3031094_06-2026_P1H.csv
-114.0,51.11,CALGARY INT'L CS,3031094,2026-06-17 16:00,2026,6,17,16:00,,16.4,,6.8,,53.0,,0.0,,1.0,,23.0,,,,89.02,,,,,,,30.380208333333258,0.20000000000000018,0.0,0.008229041659523428,0.0,0.008229041659523428,en_climate_hourly_AB_3031094_06-2026_P1H.csv
-114.0,51.11,CALGARY INT'L CS,3031094,2026-06-17 17:00,2026,6,17,17:00,,16.4,,6.1,,50.0,,0.0,,3.0,,15.0,,,,88.99,,,,,,,30.380208333333258,0.20000000000000018,0.0,0.008229041659523428,0.0,0.008229041659523428,en_climate_hourly_AB_3031094_06-2026_P1H.csv
-114.0,51.11,CALGARY INT'L CS,3031094,2026-06-17 18:00,2026,6,17,18:00,,14.5,,7.2,,61.0,,0.0,,3.0,,27.0,,,,89.05,,,,,,,25.36086956521739,0.4375,0.0,0.021563732213269328,0.0,0.021563732213269328,en_climate_hourly_AB_3031094_06-2026_P1H.csv
-114.0,51.11,CALGARY INT'L CS,3031094,2026-06-17 19:00,2026,6,17,19:00,,10.4,,9.4,,93.0,,2.0,,1.0,,17.0,,,,89.13,,,,,,,18.695512820512793,0.95,0.0,0.06351791530944634,0.0,0.06351791530944634,en_climate_hourly_AB_3031094_06-2026_P1H.csv
-114.0,51.11,CALGARY INT'L CS,3031094,2026-06-17 20:00,2026,6,17,20:00,,10.5,,9.9,,96.0,,0.8,,36.0,,10.0,,,,89.13,,,,,,,18.816129032258065,0.9375,0.0,0.06228034459111949,0.0,0.06228034459111949,en_climate_hourly_AB_3031094_06-2026_P1H.csv
-114.0,51.11,CALGARY INT'L CS,3031094,2026-06-17 21:00,2026,6,17,21:00,,10.5,,10.2,,98.0,,0.1,,28.0,,15.0,,,,89.25,,,,,,,18.816129032258065,0.9375,0.0,0.06228034459111949,0.0,0.06228034459111949,en_climate_hourly_AB_3031094_06-2026_P1H.csv
-114.0,51.11,CALGARY INT'L CS,3031094,2026-06-17 22:00,2026,6,17,22:00,,10.5,,10.1,,97.0,,0.3,,32.0,,6.0,,,,89.23,,,,,,,18.816129032258065,0.9375,0.0,0.06228034459111949,0.0,0.06228034459111949,en_climate_hourly_AB_3031094_06-2026_P1H.csv
-114.0,51.11,CALGARY INT'L CS,3031094,2026-06-17 23:00,2026,6,17,23:00,,9.7,,9.4,,98.0,,0.0,,26.0,,9.0,,,,89.23,,,,,,,17.892638036809803,1.0375,0.0,0.07248092748157042,0.0,0.07248092748157042,en_climate_hourly_AB_3031094_06-2026_P1H.csv
-114.0,51.11,CALGARY INT'L CS,3031094,2026-06-18 00:00,2026,6,18,00:00,,8.9,,8.7,,99.0,,0.0,,26.0,,8.0,,,,89.23,,,,,,,17.055555555555532,1.1375,0.0,0.08336726384364831,0.0,0.08336726384364831,en_climate_hourly_AB_3031094_06-2026_P1H.csv
-114.0,51.11,CALGARY INT'L CS,3031094,2026-06-18 01:00,2026,6,18,01:00,,8.0,,7.9,,100.0,,0.0,,,,0.0,,,,89.22,,,,,,,16.202777777777776,1.25,0.0,0.09643408194753986,0.0,0.09643408194753986,en_climate_hourly_AB_3031094_06-2026_P1H.csv
-114.0,51.11,CALGARY INT'L CS,3031094,2026-06-18 02:00,2026,6,18,02:00,,8.0,,8.0,,100.0,,0.0,,,,0.0,,,,89.23,,,,,,,16.202777777777776,1.25,0.0,0.09643408194753986,0.0,0.09643408194753986,en_climate_hourly_AB_3031094_06-2026_P1H.csv
-114.0,51.11,CALGARY INT'L CS,3031094,2026-06-18 03:00,2026,6,18,03:00,,8.4,,7.3,,93.0,,0.0,,32.0,,14.0,,,,89.24,,,,,,,16.571022727272705,1.2,0.0,0.09051945825475753,0.0,0.09051945825475753,en_climate_hourly_AB_3031094_06-2026_P1H.csv
-114.0,51.11,CALGARY INT'L CS,3031094,2026-06-18 04:00,2026,6,18,04:00,,8.9,,6.2,,84.0,,0.0,,34.0,,15.0,,,,89.27,,,,,,,17.055555555555532,1.1375,0.0,0.08336726384364831,0.0,0.08336726384364831,en_climate_hourly_AB_3031094_06-2026_P1H.csv
-114.0,51.11,CALGARY INT'L CS,3031094,2026-06-18 05:00,2026,6,18,05:00,,8.4,,7.1,,92.0,,0.0,,32.0,,7.0,,,,89.33,,,,,,,16.571022727272705,1.2,0.0,0.09051945825475753,0.0,0.09051945825475753,en_climate_hourly_AB_3031094_06-2026_P1H.csv
-114.0,51.11,CALGARY INT'L CS,3031094,2026-06-18 06:00,2026,6,18,06:00,,9.2,,6.8,,85.0,,0.0,,32.0,,12.0,,,,89.39,,,,,,,17.360119047619033,1.1,0.0,0.0792045259729128,0.0,0.0792045259729128,en_climate_hourly_AB_3031094_06-2026_P1H.csv
-114.0,51.11,CALGARY INT'L CS,3031094,2026-06-18 07:00,2026,6,18,07:00,,8.7,,8.3,,97.0,,0.2,,33.0,,22.0,,,,89.42,,,,,,,16.85838150289016,1.1625,0.0,0.08619599691410944,0.0,0.08619599691410944,en_climate_hourly_AB_3031094_06-2026_P1H.csv
-114.0,51.11,CALGARY INT'L CS,3031094,2026-06-18 08:00,2026,6,18,08:00,,9.7,,6.9,,82.0,,0.2,,34.0,,26.0,,,,89.45,,,,,,,17.892638036809803,1.0375,0.0,0.07248092748157042,0.0,0.07248092748157042,en_climate_hourly_AB_3031094_06-2026_P1H.csv
-114.0,51.11,CALGARY INT'L CS,3031094,2026-06-18 09:00,2026,6,18,09:00,,11.1,,5.4,,68.0,,0.0,,34.0,,36.0,,,,89.47,,,,,,,19.57382550335573,0.8625,0.0,0.05507993313903644,0.0,0.05507993313903644,en_climate_hourly_AB_3031094_06-2026_P1H.csv
-114.0,51.11,CALGARY INT'L CS,3031094,2026-06-18 10:00,2026,6,18,10:00,,12.7,,6.0,,64.0,,0.0,,34.0,,26.0,,,,89.49,,,,,,,21.92857142857141,0.6625000000000001,0.0,0.037764657980456064,0.0,0.037764657980456064,en_climate_hourly_AB_3031094_06-2026_P1H.csv
-114.0,51.11,CALGARY INT'L CS,3031094,2026-06-18 11:00,2026,6,18,11:00,,12.7,,4.3,,57.0,,0.0,,35.0,,31.0,,,,89.52,,,,,,,21.92857142857141,0.6625000000000001,0.0,0.037764657980456064,0.0,0.037764657980456064,en_climate_hourly_AB_3031094_06-2026_P1H.csv
-114.0,51.11,CALGARY INT'L CS,3031094,2026-06-18 12:00,2026,6,18,12:00,,13.6,,2.7,,48.0,,0.0,,33.0,,26.0,,,,89.52,,,,,,,23.520161290322623,0.55,0.0,0.029230241728098696,0.0,0.029230241728098696,en_climate_hourly_AB_3031094_06-2026_P1H.csv
-114.0,51.11,CALGARY INT'L CS,3031094,2026-06-18 13:00,2026,6,18,13:00,,14.6,,3.7,,48.0,,0.0,,34.0,,27.0,,,,89.51,,,,,,,25.583333333333382,0.42500000000000004,0.0,0.020765472312703544,0.0,0.020765472312703544,en_climate_hourly_AB_3031094_06-2026_P1H.csv
-114.0,51.11,CALGARY INT'L CS,3031094,2026-06-18 14:00,2026,6,18,14:00,,15.9,,3.6,,44.0,,0.0,,35.0,,25.0,,,,89.49,,,,,,,28.876237623762307,0.26249999999999996,0.0,0.011363149322818471,0.0,0.011363149322818471,en_climate_hourly_AB_3031094_06-2026_P1H.csv
-114.0,51.11,CALGARY INT'L CS,3031094,2026-06-18 15:00,2026,6,18,15:00,,15.2,,4.0,,47.0,,0.0,,1.0,,25.0,,,,89.51,,,,,,,27.004629629629598,0.3500000000000001,0.0,0.01620092576718672,0.0,0.01620092576718672,en_climate_hourly_AB_3031094_06-2026_P1H.csv
-114.0,51.11,CALGARY INT'L CS,3031094,2026-06-18 16:00,2026,6,18,16:00,,15.8,,5.0,,49.0,,0.0,,1.0,,21.0,,,,89.52,,,,,,,28.59313725490199,0.2749999999999999,0.0,0.012022115549459951,0.0,0.012022115549459951,en_climate_hourly_AB_3031094_06-2026_P1H.csv
-114.0,51.11,CALGARY INT'L CS,3031094,2026-06-18 17:00,2026,6,18,17:00,,15.6,,3.7,,45.0,,0.0,,36.0,,23.0,,,,89.54,,,,,,,28.04326923076929,0.30000000000000004,0.0,0.0133721926967255,0.0,0.0133721926967255,en_climate_hourly_AB_3031094_06-2026_P1H.csv
-114.0,51.11,CALGARY INT'L CS,3031094,2026-06-18 18:00,2026,6,18,18:00,,15.4,,3.5,,45.0,,0.0,,34.0,,16.0,,,,89.56,,,,,,,27.514150943396164,0.32499999999999996,0.0,0.0147651294359678,0.0,0.0147651294359678,en_climate_hourly_AB_3031094_06-2026_P1H.csv
-114.0,51.11,CALGARY INT'L CS,3031094,2026-06-18 19:00,2026,6,18,19:00,,15.0,,2.6,,43.0,,0.0,,34.0,,16.0,,,,89.6,,,,,,,26.513636363636362,0.375,0.0,0.017679581690382307,0.0,0.017679581690382307,en_climate_hourly_AB_3031094_06-2026_P1H.csv
-114.0,51.11,CALGARY INT'L CS,3031094,2026-06-18 20:00,2026,6,18,20:00,,13.9,,3.0,,48.0,,0.0,,3.0,,12.0,,,,89.63,,,,,,,24.10330578512392,0.5125,0.0,0.026578304474541452,0.0,0.026578304474541452,en_climate_hourly_AB_3031094_06-2026_P1H.csv
-114.0,51.11,CALGARY INT'L CS,3031094,2026-06-18 21:00,2026,6,18,21:00,,11.2,,4.2,,62.0,,0.0,,6.0,,7.0,,,,89.68,,,,,,,19.706081081081063,0.8500000000000001,0.0,0.053917366706669,0.0,0.053917366706669,en_climate_hourly_AB_3031094_06-2026_P1H.csv
-114.0,51.11,CALGARY INT'L CS,3031094,2026-06-18 22:00,2026,6,18,22:00,,9.9,,4.2,,68.0,,0.0,,34.0,,3.0,,,,89.7,,,,,,,18.11490683229811,1.0125,0.0,0.06986649237099272,0.0,0.06986649237099272,en_climate_hourly_AB_3031094_06-2026_P1H.csv
-114.0,51.11,CALGARY INT'L CS,3031094,2026-06-18 23:00,2026,6,18,23:00,,9.0,,5.2,,77.0,,0.0,,29.0,,5.0,,,,89.7,,,,,,,17.155882352941177,1.125,0.0,0.08196896965540887,0.0,0.08196896965540887,en_climate_hourly_AB_3031094_06-2026_P1H.csv
-114.0,51.11,CALGARY INT'L CS,3031094,2026-06-19 00:00,2026,6,19,00:00,,7.6,,5.8,,88.0,,0.0,,25.0,,6.0,,,,89.7,,,,,,,15.850543478260889,1.3,0.0,0.10252014400822891,0.0,0.10252014400822891,en_climate_hourly_AB_3031094_06-2026_P1H.csv
-114.0,51.11,CALGARY INT'L CS,3031094,2026-06-19 01:00,2026,6,19,01:00,,7.2,,6.9,,98.0,,0.0,,27.0,,3.0,,,,89.69,,,,,,,15.513297872340415,1.35,0.0,0.10877764443682504,0.0,0.10877764443682504,en_climate_hourly_AB_3031094_06-2026_P1H.csv
-114.0,51.11,CALGARY INT'L CS,3031094,2026-06-19 02:00,2026,6,19,02:00,,7.4,,7.3,,100.0,,0.0,,,,0.0,,,,89.68,,,,,,,15.6801075268817,1.325,0.0,0.10562746442653878,0.0,0.10562746442653878,en_climate_hourly_AB_3031094_06-2026_P1H.csv
-114.0,51.11,CALGARY INT'L CS,3031094,2026-06-19 03:00,2026,6,19,03:00,,5.1,,5.1,,100.0,,0.0,,22.0,,4.0,,,,89.66,,,,,,,13.95454545454547,1.6125,0.0,0.14444218241042328,0.0,0.14444218241042328,en_climate_hourly_AB_3031094_06-2026_P1H.csv
-114.0,51.11,CALGARY INT'L CS,3031094,2026-06-19 04:00,2026,6,19,04:00,,5.4,,5.4,,100.0,,0.0,,,,0.0,,,,89.63,,,,,,,14.157766990291245,1.575,0.0,0.13905794616835265,0.0,0.13905794616835265,en_climate_hourly_AB_3031094_06-2026_P1H.csv
-114.0,51.11,CALGARY INT'L CS,3031094,2026-06-19 05:00,2026,6,19,05:00,,5.3,,4.9,,97.0,,0.0,,26.0,,3.0,,,,89.61,,,,,,,14.089371980676335,1.5875,0.0,0.1408419766843819,0.0,0.1408419766843819,en_climate_hourly_AB_3031094_06-2026_P1H.csv
-114.0,51.11,CALGARY INT'L CS,3031094,2026-06-19 06:00,2026,6,19,06:00,,7.7,,6.8,,94.0,,0.0,,22.0,,5.0,,,,89.6,,,,,,,15.937158469945343,1.2875,0.0,0.10098255614606556,0.0,0.10098255614606556,en_climate_hourly_AB_3031094_06-2026_P1H.csv
-114.0,51.11,CALGARY INT'L CS,3031094,2026-06-19 07:00,2026,6,19,07:00,,10.2,,5.4,,72.0,,0.0,,23.0,,4.0,,,,89.6,,,,,,,18.458860759493657,0.9750000000000001,0.0,0.06602520144008234,0.0,0.06602520144008234,en_climate_hourly_AB_3031094_06-2026_P1H.csv
-114.0,51.11,CALGARY INT'L CS,3031094,2026-06-19 08:00,2026,6,19,08:00,,12.9,,5.8,,62.0,,0.0,,21.0,,9.0,,,,89.59,,,,,,,22.263358778625914,0.6375,0.0,0.0357931167495286,0.0,0.0357931167495286,en_climate_hourly_AB_3031094_06-2026_P1H.csv
-114.0,51.11,CALGARY INT'L CS,3031094,2026-06-19 09:00,2026,6,19,09:00,,15.7,,3.1,,43.0,,0.0,,18.0,,6.0,,,,89.53,,,,,,,28.31553398058249,0.2875000000000001,0.0,0.012691796674095682,0.0,0.012691796674095682,en_climate_hourly_AB_3031094_06-2026_P1H.csv
-114.0,51.11,CALGARY INT'L CS,3031094,2026-06-19 10:00,2026,6,19,10:00,,16.7,,0.9,,34.0,,0.0,,21.0,,10.0,,,,89.49,,,,,,,31.3602150537634,0.1625000000000001,0.0,0.006477155837476439,0.0,0.006477155837476439,en_climate_hourly_AB_3031094_06-2026_P1H.csv
-114.0,51.11,CALGARY INT'L CS,3031094,2026-06-19 11:00,2026,6,19,11:00,,17.6,,3.8,,40.0,,0.0,,16.0,,15.0,,,,89.44,,,,,,,34.72023809523819,0.04999999999999982,0.0,0.0018001028630207328,0.0,0.0018001028630207328,en_climate_hourly_AB_3031094_06-2026_P1H.csv
-114.0,51.11,CALGARY INT'L CS,3031094,2026-06-19 12:00,2026,6,19,12:00,,18.6,,2.7,,35.0,,0.0,,21.0,,12.0,,,,89.38,,,,,,,39.41216216216228,0.0,0.09780000000000023,0.0,0.0031018343905366,0.0031018343905366,en_climate_hourly_AB_3031094_06-2026_P1H.csv
-114.0,51.11,CALGARY INT'L CS,3031094,2026-06-19 13:00,2026,6,19,13:00,,18.8,,4.3,,38.0,,0.0,,14.0,,17.0,,,,89.31,,,,,,,40.50694444444451,0.0,0.13040000000000013,0.0,0.004024001371506941,0.004024001371506941,en_climate_hourly_AB_3031094_06-2026_P1H.csv
-114.0,51.11,CALGARY INT'L CS,3031094,2026-06-19 14:00,2026,6,19,14:00,,19.6,,4.6,,37.0,,0.0,,14.0,,17.0,,,,89.25,,,,,,,45.570312500000156,0.0,0.26080000000000025,0.0,0.007153780216012326,0.007153780216012326,en_climate_hourly_AB_3031094_06-2026_P1H.csv
-114.0,51.11,CALGARY INT'L CS,3031094,2026-06-19 15:00,2026,6,19,15:00,,20.1,,5.7,,39.0,,0.0,,15.0,,21.0,,,,89.19,,,,,,,49.4322033898307,0.0,0.34230000000000027,0.0,0.008655794616835221,0.008655794616835221,en_climate_hourly_AB_3031094_06-2026_P1H.csv
-114.0,51.11,CALGARY INT'L CS,3031094,2026-06-19 16:00,2026,6,19,16:00,,20.0,,5.7,,39.0,,0.0,,15.0,,23.0,,,,89.12,,,,,,,48.60833333333333,0.0,0.326,0.0,0.008383336190639466,0.008383336190639466,en_climate_hourly_AB_3031094_06-2026_P1H.csv
-114.0,51.11,CALGARY INT'L CS,3031094,2026-06-19 17:00,2026,6,19,17:00,,19.2,,5.6,,41.0,,0.0,,16.0,,23.0,,,,89.06,,,,,,,42.889705882352864,0.0,0.19559999999999989,0.0,0.005700668609634843,0.005700668609634843,en_climate_hourly_AB_3031094_06-2026_P1H.csv
-114.0,51.11,CALGARY INT'L CS,3031094,2026-06-19 18:00,2026,6,19,18:00,,19.0,,5.5,,41.0,,0.0,,16.0,,22.0,,,,89.01,,,,,,,41.66428571428571,0.0,0.163,0.0,0.004890279444539689,0.004890279444539689,en_climate_hourly_AB_3031094_06-2026_P1H.csv
-114.0,51.11,CALGARY INT'L CS,3031094,2026-06-19 19:00,2026,6,19,19:00,,19.2,,6.3,,43.0,,0.0,,14.0,,25.0,,,,88.97,,,,,,,42.889705882352864,0.0,0.19559999999999989,0.0,0.005700668609634843,0.005700668609634843,en_climate_hourly_AB_3031094_06-2026_P1H.csv
-114.0,51.11,CALGARY INT'L CS,3031094,2026-06-19 20:00,2026,6,19,20:00,,17.4,,7.0,,50.0,,0.0,,13.0,,25.0,,,,88.96,,,,,,,33.912790697674325,0.07500000000000018,0.0,0.0027644436824961565,0.0,0.0027644436824961565,en_climate_hourly_AB_3031094_06-2026_P1H.csv
-114.0,51.11,CALGARY INT'L CS,3031094,2026-06-19 21:00,2026,6,19,21:00,,15.9,,6.7,,54.0,,0.0,,14.0,,25.0,,,,88.98,,,,,,,28.876237623762307,0.26249999999999996,0.0,0.011363149322818471,0.0,0.011363149322818471,en_climate_hourly_AB_3031094_06-2026_P1H.csv
-114.0,51.11,CALGARY INT'L CS,3031094,2026-06-19 22:00,2026,6,19,22:00,,14.5,,6.8,,60.0,,0.0,,14.0,,22.0,,,,88.96,,,,,,,25.36086956521739,0.4375,0.0,0.021563732213269328,0.0,0.021563732213269328,en_climate_hourly_AB_3031094_06-2026_P1H.csv
-114.0,51.11,CALGARY INT'L CS,3031094,2026-06-19 23:00,2026,6,19,23:00,,13.6,,6.1,,60.0,,0.0,,14.0,,22.0,,,,88.92,,,,,,,23.520161290322623,0.55,0.0,0.029230241728098696,0.0,0.029230241728098696,en_climate_hourly_AB_3031094_06-2026_P1H.csv
-114.0,51.11,CALGARY INT'L CS,3031094,2026-06-20 00:00,2026,6,20,00:00,,12.7,,5.8,,63.0,,0.0,,16.0,,17.0,,,,88.86,,,,,,,21.92857142857141,0.6625000000000001,0.0,0.037764657980456064,0.0,0.037764657980456064,en_climate_hourly_AB_3031094_06-2026_P1H.csv
-114.0,51.11,CALGARY INT'L CS,3031094,2026-06-20 01:00,2026,6,20,01:00,,11.7,,5.6,,67.0,,0.0,,16.0,,16.0,,,,88.78,,,,,,,20.39510489510488,0.7875000000000001,0.0,0.04826525801474374,0.0,0.04826525801474374,en_climate_hourly_AB_3031094_06-2026_P1H.csv
-114.0,51.11,CALGARY INT'L CS,3031094,2026-06-20 02:00,2026,6,20,02:00,,10.2,,5.9,,74.0,,0.0,,10.0,,11.0,,,,88.76,,,,,,,18.458860759493657,0.9750000000000001,0.0,0.06602520144008234,0.0,0.06602520144008234,en_climate_hourly_AB_3031094_06-2026_P1H.csv
-114.0,51.11,CALGARY INT'L CS,3031094,2026-06-20 03:00,2026,6,20,03:00,,10.1,,6.4,,78.0,,0.0,,10.0,,9.0,,,,88.71,,,,,,,18.342767295597508,0.9875,0.0,0.06729491685239147,0.0,0.06729491685239147,en_climate_hourly_AB_3031094_06-2026_P1H.csv
-114.0,51.11,CALGARY INT'L CS,3031094,2026-06-20 04:00,2026,6,20,04:00,,9.9,,6.7,,81.0,,0.0,,11.0,,21.0,,,,88.61,,,,,,,18.11490683229811,1.0125,0.0,0.06986649237099272,0.0,0.06986649237099272,en_climate_hourly_AB_3031094_06-2026_P1H.csv
-114.0,51.11,CALGARY INT'L CS,3031094,2026-06-20 05:00,2026,6,20,05:00,,9.2,,6.8,,85.0,,0.0,,14.0,,7.0,,,,88.63,,,,,,,17.360119047619033,1.1,0.0,0.0792045259729128,0.0,0.0792045259729128,en_climate_hourly_AB_3031094_06-2026_P1H.csv
-114.0,51.11,CALGARY INT'L CS,3031094,2026-06-20 06:00,2026,6,20,06:00,,9.8,,6.9,,82.0,,0.0,,15.0,,7.0,,,,88.6,,,,,,,18.003086419753096,1.025,0.0,0.07116835247728437,0.0,0.07116835247728437,en_climate_hourly_AB_3031094_06-2026_P1H.csv
-114.0,51.11,CALGARY INT'L CS,3031094,2026-06-20 07:00,2026,6,20,07:00,,11.1,,6.5,,73.0,,0.0,,15.0,,13.0,,,,88.55,,,,,,,19.57382550335573,0.8625,0.0,0.05507993313903644,0.0,0.05507993313903644,en_climate_hourly_AB_3031094_06-2026_P1H.csv
-114.0,51.11,CALGARY INT'L CS,3031094,2026-06-20 08:00,2026,6,20,08:00,,13.6,,6.5,,62.0,,0.0,,17.0,,20.0,,,,88.54,,,,,,,23.520161290322623,0.55,0.0,0.029230241728098696,0.0,0.029230241728098696,en_climate_hourly_AB_3031094_06-2026_P1H.csv
-114.0,51.11,CALGARY INT'L CS,3031094,2026-06-20 09:00,2026,6,20,09:00,,14.8,,7.4,,61.0,,0.0,,16.0,,22.0,,,,88.49,,,,,,,26.040178571428594,0.3999999999999999,0.0,0.01920109720555458,0.0,0.01920109720555458,en_climate_hourly_AB_3031094_06-2026_P1H.csv
-114.0,51.11,CALGARY INT'L CS,3031094,2026-06-20 10:00,2026,6,20,10:00,,16.3,,8.4,,59.0,,0.0,,14.0,,10.0,,,,88.44,,,,,,,30.067010309278384,0.2124999999999999,0.0,0.008834433396194054,0.0,0.008834433396194054,en_climate_hourly_AB_3031094_06-2026_P1H.csv
-114.0,51.11,CALGARY INT'L CS,3031094,2026-06-20 11:00,2026,6,20,11:00,,19.4,,9.7,,54.0,,0.0,,17.0,,13.0,,,,88.4,,,,,,,44.18939393939378,0.0,0.22819999999999976,0.0,0.006455168866792405,0.006455168866792405,en_climate_hourly_AB_3031094_06-2026_P1H.csv
-114.0,51.11,CALGARY INT'L CS,3031094,2026-06-20 12:00,2026,6,20,12:00,,20.6,,8.7,,46.0,,0.0,,13.0,,12.0,,,,88.41,,,,,,,54.00925925925948,0.0,0.42380000000000023,0.0,0.009808503343048138,0.009808503343048138,en_climate_hourly_AB_3031094_06-2026_P1H.csv
-114.0,51.11,CALGARY INT'L CS,3031094,2026-06-20 13:00,2026,6,20,13:00,,15.1,,10.2,,72.0,,0.0,,34.0,,36.0,,,,88.42,,,,,,,26.756880733945007,0.36250000000000004,0.0,0.016934896279787386,0.0,0.016934896279787386,en_climate_hourly_AB_3031094_06-2026_P1H.csv
-114.0,51.11,CALGARY INT'L CS,3031094,2026-06-20 14:00,2026,6,20,14:00,,16.8,,10.4,,66.0,,0.8,,36.0,,34.0,,,,88.45,,,,,,,31.701086956521777,0.1499999999999999,0.0,0.005914623692782434,0.0,0.005914623692782434,en_climate_hourly_AB_3031094_06-2026_P1H.csv
-114.0,51.11,CALGARY INT'L CS,3031094,2026-06-20 15:00,2026,6,20,15:00,,17.7,,9.3,,58.0,,0.0,,36.0,,35.0,,,,88.5,,,,,,,35.13855421686742,0.03750000000000009,0.0,0.0013340048002743064,0.0,0.0013340048002743064,en_climate_hourly_AB_3031094_06-2026_P1H.csv
-114.0,51.11,CALGARY INT'L CS,3031094,2026-06-20 16:00,2026,6,20,16:00,,17.4,,9.7,,60.0,,0.0,,36.0,,35.0,,,,88.56,,,,,,,33.912790697674325,0.07500000000000018,0.0,0.0027644436824961565,0.0,0.0027644436824961565,en_climate_hourly_AB_3031094_06-2026_P1H.csv
-114.0,51.11,CALGARY INT'L CS,3031094,2026-06-20 17:00,2026,6,20,17:00,,15.5,,9.2,,66.0,,0.0,,36.0,,41.0,,,,88.67,,,,,,,27.776190476190475,0.3125,0.0,0.014063303617349561,0.0,0.014063303617349561,en_climate_hourly_AB_3031094_06-2026_P1H.csv
-114.0,51.11,CALGARY INT'L CS,3031094,2026-06-20 18:00,2026,6,20,18:00,,13.9,,5.2,,56.0,,0.0,,35.0,,39.0,,,,88.78,,,,,,,24.10330578512392,0.5125,0.0,0.026578304474541452,0.0,0.026578304474541452,en_climate_hourly_AB_3031094_06-2026_P1H.csv
-114.0,51.11,CALGARY INT'L CS,3031094,2026-06-20 19:00,2026,6,20,19:00,,12.1,,4.6,,60.0,,0.0,,35.0,,36.0,,,,88.85,,,,,,,20.98201438848924,0.7375,0.0,0.04393643922509851,0.0,0.04393643922509851,en_climate_hourly_AB_3031094_06-2026_P1H.csv
-114.0,51.11,CALGARY INT'L CS,3031094,2026-06-20 20:00,2026,6,20,20:00,,11.2,,5.7,,69.0,,0.0,,35.0,,31.0,,,,88.91,,,,,,,19.706081081081063,0.8500000000000001,0.0,0.053917366706669,0.0,0.053917366706669,en_climate_hourly_AB_3031094_06-2026_P1H.csv
-114.0,51.11,CALGARY INT'L CS,3031094,2026-06-20 21:00,2026,6,20,21:00,,10.1,,4.2,,66.0,,0.0,,34.0,,34.0,,,,88.98,,,,,,,18.342767295597508,0.9875,0.0,0.06729491685239147,0.0,0.06729491685239147,en_climate_hourly_AB_3031094_06-2026_P1H.csv
-114.0,51.11,CALGARY INT'L CS,3031094,2026-06-20 22:00,2026,6,20,22:00,,9.2,,3.8,,69.0,,0.0,,34.0,,37.0,,,,88.99,,,,,,,17.360119047619033,1.1,0.0,0.0792045259729128,0.0,0.0792045259729128,en_climate_hourly_AB_3031094_06-2026_P1H.csv
-114.0,51.11,CALGARY INT'L CS,3031094,2026-06-20 23:00,2026,6,20,23:00,,8.7,,3.0,,68.0,,0.0,,33.0,,42.0,,,,89.04,,,,,,,16.85838150289016,1.1625,0.0,0.08619599691410944,0.0,0.08619599691410944,en_climate_hourly_AB_3031094_06-2026_P1H.csv
-114.0,51.11,CALGARY INT'L CS,3031094,2026-06-21 00:00,2026,6,21,00:00,,7.6,,3.2,,73.0,,0.0,,32.0,,36.0,,,,89.06,,,,,,,15.850543478260889,1.3,0.0,0.10252014400822891,0.0,0.10252014400822891,en_climate_hourly_AB_3031094_06-2026_P1H.csv
-114.0,51.11,CALGARY INT'L CS,3031094,2026-06-21 01:00,2026,6,21,01:00,,7.9,,3.0,,71.0,,0.0,,32.0,,41.0,,,,89.07,,,,,,,16.113259668508267,1.2625,0.0,0.09793952511572102,0.0,0.09793952511572102,en_climate_hourly_AB_3031094_06-2026_P1H.csv
-114.0,51.11,CALGARY INT'L CS,3031094,2026-06-21 02:00,2026,6,21,02:00,,7.6,,3.2,,74.0,,0.0,,32.0,,37.0,,,,89.07,,,,,,,15.850543478260889,1.3,0.0,0.10252014400822891,0.0,0.10252014400822891,en_climate_hourly_AB_3031094_06-2026_P1H.csv
-114.0,51.11,CALGARY INT'L CS,3031094,2026-06-21 03:00,2026,6,21,03:00,,8.1,,3.6,,73.0,,0.0,,33.0,,34.0,,,,89.08,,,,,,,16.293296089385493,1.2375,0.0,0.09493935367735289,0.0,0.09493935367735289,en_climate_hourly_AB_3031094_06-2026_P1H.csv
-114.0,51.11,CALGARY INT'L CS,3031094,2026-06-21 04:00,2026,6,21,04:00,,8.0,,3.6,,74.0,,0.0,,32.0,,30.0,,,,89.08,,,,,,,16.202777777777776,1.25,0.0,0.09643408194753986,0.0,0.09643408194753986,en_climate_hourly_AB_3031094_06-2026_P1H.csv
-114.0,51.11,CALGARY INT'L CS,3031094,2026-06-21 05:00,2026,6,21,05:00,,8.6,,3.8,,72.0,,0.0,,32.0,,24.0,,,,89.1,,,,,,,16.761494252873582,1.175,0.0,0.08762643579633111,0.0,0.08762643579633111,en_climate_hourly_AB_3031094_06-2026_P1H.csv
-114.0,51.11,CALGARY INT'L CS,3031094,2026-06-21 06:00,2026,6,21,06:00,,9.3,,4.1,,70.0,,0.0,,32.0,,24.0,,,,89.12,,,,,,,17.464071856287436,1.0875,0.0,0.07783837647865587,0.0,0.07783837647865587,en_climate_hourly_AB_3031094_06-2026_P1H.csv
-114.0,51.11,CALGARY INT'L CS,3031094,2026-06-21 07:00,2026,6,21,07:00,,10.1,,4.5,,68.0,,0.0,,31.0,,34.0,,,,89.1,,,,,,,18.342767295597508,0.9875,0.0,0.06729491685239147,0.0,0.06729491685239147,en_climate_hourly_AB_3031094_06-2026_P1H.csv
-114.0,51.11,CALGARY INT'L CS,3031094,2026-06-21 08:00,2026,6,21,08:00,,10.7,,4.7,,67.0,,0.0,,32.0,,33.0,,,,89.14,,,,,,,19.062091503267958,0.9125000000000001,0.0,0.05983734784844853,0.0,0.05983734784844853,en_climate_hourly_AB_3031094_06-2026_P1H.csv
-114.0,51.11,CALGARY INT'L CS,3031094,2026-06-21 09:00,2026,6,21,09:00,,11.9,,4.6,,61.0,,0.0,,32.0,,40.0,,,,89.15,,,,,,,20.684397163120533,0.7625,0.0,0.04607941882393287,0.0,0.04607941882393287,en_climate_hourly_AB_3031094_06-2026_P1H.csv
-114.0,51.11,CALGARY INT'L CS,3031094,2026-06-21 10:00,2026,6,21,10:00,,11.8,,4.1,,59.0,,0.0,,33.0,,40.0,,,,89.17,,,,,,,20.53873239436621,0.7749999999999999,0.0,0.047166980970341124,0.0,0.047166980970341124,en_climate_hourly_AB_3031094_06-2026_P1H.csv
-114.0,51.11,CALGARY INT'L CS,3031094,2026-06-21 11:00,2026,6,21,11:00,,12.9,,3.9,,54.0,,0.0,,33.0,,47.0,,,,89.17,,,,,,,22.263358778625914,0.6375,0.0,0.0357931167495286,0.0,0.0357931167495286,en_climate_hourly_AB_3031094_06-2026_P1H.csv
-114.0,51.11,CALGARY INT'L CS,3031094,2026-06-21 12:00,2026,6,21,12:00,,12.5,,4.0,,56.0,,0.0,,32.0,,37.0,,,,89.19,,,,,,,21.6037037037037,0.6875,0.0,0.0397790588033602,0.0,0.0397790588033602,en_climate_hourly_AB_3031094_06-2026_P1H.csv
-114.0,51.11,CALGARY INT'L CS,3031094,2026-06-21 13:00,2026,6,21,13:00,,13.5,,3.7,,52.0,,0.0,,32.0,,41.0,,,,89.21,,,,,,,23.331999999999997,0.5625,0.0,0.03013565060860621,0.0,0.03013565060860621,en_climate_hourly_AB_3031094_06-2026_P1H.csv
-114.0,51.11,CALGARY INT'L CS,3031094,2026-06-21 14:00,2026,6,21,14:00,,14.5,,4.4,,51.0,,0.0,,32.0,,41.0,,,,89.22,,,,,,,25.36086956521739,0.4375,0.0,0.021563732213269328,0.0,0.021563732213269328,en_climate_hourly_AB_3031094_06-2026_P1H.csv
-114.0,51.11,CALGARY INT'L CS,3031094,2026-06-21 15:00,2026,6,21,15:00,,15.1,,4.6,,50.0,,0.0,,33.0,,41.0,,,,89.23,,,,,,,26.756880733945007,0.36250000000000004,0.0,0.016934896279787386,0.0,0.016934896279787386,en_climate_hourly_AB_3031094_06-2026_P1H.csv
-114.0,51.11,CALGARY INT'L CS,3031094,2026-06-21 16:00,2026,6,21,16:00,,15.2,,3.1,,44.0,,0.0,,32.0,,45.0,,,,89.24,,,,,,,27.004629629629598,0.3500000000000001,0.0,0.01620092576718672,0.0,0.01620092576718672,en_climate_hourly_AB_3031094_06-2026_P1H.csv
-114.0,51.11,CALGARY INT'L CS,3031094,2026-06-21 17:00,2026,6,21,17:00,,13.2,,4.0,,53.0,,0.0,,33.0,,43.0,,,,89.28,,,,,,,22.78515624999998,0.6000000000000001,0.0,0.03291616663809364,0.0,0.03291616663809364,en_climate_hourly_AB_3031094_06-2026_P1H.csv
-114.0,51.11,CALGARY INT'L CS,3031094,2026-06-21 18:00,2026,6,21,18:00,,13.1,,4.5,,56.0,,0.0,,34.0,,39.0,,,,89.3,,,,,,,22.608527131782985,0.6125,0.0,0.03386443511057769,0.0,0.03386443511057769,en_climate_hourly_AB_3031094_06-2026_P1H.csv
-114.0,51.11,CALGARY INT'L CS,3031094,2026-06-21 19:00,2026,6,21,19:00,,11.9,,3.9,,58.0,,0.0,,33.0,,48.0,,,,89.37,,,,,,,20.684397163120533,0.7625,0.0,0.04607941882393287,0.0,0.04607941882393287,en_climate_hourly_AB_3031094_06-2026_P1H.csv
-114.0,51.11,CALGARY INT'L CS,3031094,2026-06-21 20:00,2026,6,21,20:00,,10.8,,4.0,,63.0,,0.0,,34.0,,39.0,,,,89.38,,,,,,,19.187500000000014,0.8999999999999999,0.0,0.058631921824104184,0.0,0.058631921824104184,en_climate_hourly_AB_3031094_06-2026_P1H.csv
-114.0,51.11,CALGARY INT'L CS,3031094,2026-06-21 21:00,2026,6,21,21:00,,10.3,,3.6,,63.0,,0.0,,34.0,,42.0,,,,89.44,,,,,,,18.57643312101912,0.9624999999999999,0.0,0.06476620092576713,0.0,0.06476620092576713,en_climate_hourly_AB_3031094_06-2026_P1H.csv
-114.0,51.11,CALGARY INT'L CS,3031094,2026-06-21 22:00,2026,6,21,22:00,,9.6,,4.1,,68.0,,0.0,,33.0,,37.0,,,,89.47,,,,,,,17.783536585365876,1.05,0.0,0.07380421738385042,0.0,0.07380421738385042,en_climate_hourly_AB_3031094_06-2026_P1H.csv
-114.0,51.11,CALGARY INT'L CS,3031094,2026-06-21 23:00,2026,6,21,23:00,,9.2,,4.1,,70.0,,0.0,,33.0,,38.0,,,,89.48,,,,,,,17.360119047619033,1.1,0.0,0.0792045259729128,0.0,0.0792045259729128,en_climate_hourly_AB_3031094_06-2026_P1H.csv
-114.0,51.11,CALGARY INT'L CS,3031094,2026-06-22 00:00,2026,6,22,00:00,,8.8,,4.0,,72.0,,0.0,,32.0,,32.0,,,,89.51,,,,,,,16.95639534883722,1.15,0.0,0.08477627292988164,0.0,0.08477627292988164,en_climate_hourly_AB_3031094_06-2026_P1H.csv
-114.0,51.11,CALGARY INT'L CS,3031094,2026-06-22 01:00,2026,6,22,01:00,,8.3,,3.8,,73.0,,0.0,,33.0,,32.0,,,,89.53,,,,,,,16.477401129943512,1.2125,0.0,0.0919820418309617,0.0,0.0919820418309617,en_climate_hourly_AB_3031094_06-2026_P1H.csv
-114.0,51.11,CALGARY INT'L CS,3031094,2026-06-22 02:00,2026,6,22,02:00,,8.1,,5.1,,81.0,,0.0,,33.0,,33.0,,,,89.53,,,,,,,16.293296089385493,1.2375,0.0,0.09493935367735289,0.0,0.09493935367735289,en_climate_hourly_AB_3031094_06-2026_P1H.csv
-114.0,51.11,CALGARY INT'L CS,3031094,2026-06-22 03:00,2026,6,22,03:00,,8.3,,4.9,,79.0,,0.0,,33.0,,32.0,,,,89.57,,,,,,,16.477401129943512,1.2125,0.0,0.0919820418309617,0.0,0.0919820418309617,en_climate_hourly_AB_3031094_06-2026_P1H.csv
-114.0,51.11,CALGARY INT'L CS,3031094,2026-06-22 04:00,2026,6,22,04:00,,8.2,,5.0,,80.0,,0.0,,33.0,,32.0,,,,89.59,,,,,,,16.384831460674146,1.225,0.0,0.09345534030516035,0.0,0.09345534030516035,en_climate_hourly_AB_3031094_06-2026_P1H.csv
-114.0,51.11,CALGARY INT'L CS,3031094,2026-06-22 05:00,2026,6,22,05:00,,8.0,,5.5,,84.0,,0.0,,33.0,,30.0,,,,89.64,,,,,,,16.202777777777776,1.25,0.0,0.09643408194753986,0.0,0.09643408194753986,en_climate_hourly_AB_3031094_06-2026_P1H.csv
-114.0,51.11,CALGARY INT'L CS,3031094,2026-06-22 06:00,2026,6,22,06:00,,7.9,,6.9,,93.0,,0.0,,33.0,,27.0,,,,89.66,,,,,,,16.113259668508267,1.2625,0.0,0.09793952511572102,0.0,0.09793952511572102,en_climate_hourly_AB_3031094_06-2026_P1H.csv
-114.0,51.11,CALGARY INT'L CS,3031094,2026-06-22 07:00,2026,6,22,07:00,,8.6,,6.1,,85.0,,0.0,,32.0,,26.0,,,,89.71,,,,,,,16.761494252873582,1.175,0.0,0.08762643579633111,0.0,0.08762643579633111,en_climate_hourly_AB_3031094_06-2026_P1H.csv
-114.0,51.11,CALGARY INT'L CS,3031094,2026-06-22 08:00,2026,6,22,08:00,,8.9,,5.7,,80.0,,0.0,,33.0,,32.0,,,,89.75,,,,,,,17.055555555555532,1.1375,0.0,0.08336726384364831,0.0,0.08336726384364831,en_climate_hourly_AB_3031094_06-2026_P1H.csv
-114.0,51.11,CALGARY INT'L CS,3031094,2026-06-22 09:00,2026,6,22,09:00,,9.6,,6.6,,81.0,,0.0,,33.0,,32.0,,,,89.76,,,,,,,17.783536585365876,1.05,0.0,0.07380421738385042,0.0,0.07380421738385042,en_climate_hourly_AB_3031094_06-2026_P1H.csv
-114.0,51.11,CALGARY INT'L CS,3031094,2026-06-22 10:00,2026,6,22,10:00,,10.4,,7.1,,80.0,,0.0,,33.0,,35.0,,,,89.79,,,,,,,18.695512820512793,0.95,0.0,0.06351791530944634,0.0,0.06351791530944634,en_climate_hourly_AB_3031094_06-2026_P1H.csv
-114.0,51.11,CALGARY INT'L CS,3031094,2026-06-22 11:00,2026,6,22,11:00,,10.7,,7.3,,79.0,,0.0,,34.0,,38.0,,,,89.81,,,,,,,19.062091503267958,0.9125000000000001,0.0,0.05983734784844853,0.0,0.05983734784844853,en_climate_hourly_AB_3031094_06-2026_P1H.csv
-114.0,51.11,CALGARY INT'L CS,3031094,2026-06-22 12:00,2026,6,22,12:00,,11.6,,5.8,,67.0,,0.0,,34.0,,36.0,,,,89.84,,,,,,,20.253472222222253,0.8,0.0,0.04937424995714033,0.0,0.04937424995714033,en_climate_hourly_AB_3031094_06-2026_P1H.csv
-114.0,51.11,CALGARY INT'L CS,3031094,2026-06-22 13:00,2026,6,22,13:00,,12.8,,5.5,,61.0,,0.0,,34.0,,31.0,,,,89.87,,,,,,,22.094696969696987,0.6499999999999999,0.0,0.03677352991599517,0.0,0.03677352991599517,en_climate_hourly_AB_3031094_06-2026_P1H.csv
-114.0,51.11,CALGARY INT'L CS,3031094,2026-06-22 14:00,2026,6,22,14:00,,13.3,,6.3,,63.0,,0.0,,34.0,,28.0,,,,89.9,,,,,,,22.964566929133877,0.5874999999999999,0.0,0.031978613063603605,0.0,0.031978613063603605,en_climate_hourly_AB_3031094_06-2026_P1H.csv
-114.0,51.11,CALGARY INT'L CS,3031094,2026-06-22 15:00,2026,6,22,15:00,,13.8,,5.9,,59.0,,0.0,,35.0,,36.0,,,,89.9,,,,,,,23.905737704918053,0.5249999999999999,0.0,0.02745156866106632,0.0,0.02745156866106632,en_climate_hourly_AB_3031094_06-2026_P1H.csv
-114.0,51.11,CALGARY INT'L CS,3031094,2026-06-22 16:00,2026,6,22,16:00,,14.9,,5.8,,54.0,,0.0,,35.0,,28.0,,,,89.9,,,,,,,26.27477477477472,0.38749999999999996,0.0,0.018434981998971405,0.0,0.018434981998971405,en_climate_hourly_AB_3031094_06-2026_P1H.csv
-114.0,51.11,CALGARY INT'L CS,3031094,2026-06-22 17:00,2026,6,22,17:00,,13.9,,6.1,,59.0,,0.0,,36.0,,27.0,,,,89.93,,,,,,,24.10330578512392,0.5125,0.0,0.026578304474541452,0.0,0.026578304474541452,en_climate_hourly_AB_3031094_06-2026_P1H.csv
-114.0,51.11,CALGARY INT'L CS,3031094,2026-06-22 18:00,2026,6,22,18:00,,13.1,,5.7,,61.0,,0.0,,36.0,,25.0,,,,89.96,,,,,,,22.608527131782985,0.6125,0.0,0.03386443511057769,0.0,0.03386443511057769,en_climate_hourly_AB_3031094_06-2026_P1H.csv
-114.0,51.11,CALGARY INT'L CS,3031094,2026-06-22 19:00,2026,6,22,19:00,,13.4,,6.5,,63.0,,0.0,,3.0,,21.0,,,,89.99,,,,,,,23.146825396825353,0.575,0.0,0.031051774387107888,0.0,0.031051774387107888,en_climate_hourly_AB_3031094_06-2026_P1H.csv
-114.0,51.11,CALGARY INT'L CS,3031094,2026-06-22 20:00,2026,6,22,20:00,,12.2,,6.8,,69.0,,0.0,,3.0,,18.0,,,,90.04,,,,,,,21.134057971014474,0.7250000000000001,0.0,0.042881021772672764,0.0,0.042881021772672764,en_climate_hourly_AB_3031094_06-2026_P1H.csv
-114.0,51.11,CALGARY INT'L CS,3031094,2026-06-22 21:00,2026,6,22,21:00,,10.5,,6.5,,76.0,,0.0,,2.0,,8.0,,,,90.07,,,,,,,18.816129032258065,0.9375,0.0,0.06228034459111949,0.0,0.06228034459111949,en_climate_hourly_AB_3031094_06-2026_P1H.csv
-114.0,51.11,CALGARY INT'L CS,3031094,2026-06-22 22:00,2026,6,22,22:00,,9.1,,6.7,,85.0,,0.0,,28.0,,8.0,,,,90.09,,,,,,,17.257396449704164,1.1125,0.0,0.08058139036516362,0.0,0.08058139036516362,en_climate_hourly_AB_3031094_06-2026_P1H.csv
-114.0,51.11,CALGARY INT'L CS,3031094,2026-06-22 23:00,2026,6,22,23:00,,8.2,,6.2,,87.0,,0.0,,26.0,,8.0,,,,90.09,,,,,,,16.384831460674146,1.225,0.0,0.09345534030516035,0.0,0.09345534030516035,en_climate_hourly_AB_3031094_06-2026_P1H.csv
-114.0,51.11,CALGARY INT'L CS,3031094,2026-06-23 00:00,2026,6,23,00:00,,7.3,,5.9,,91.0,,0.0,,31.0,,5.0,,,,90.07,,,,,,,15.596256684491987,1.3375,0.0,0.10719719698268466,0.0,0.10719719698268466,en_climate_hourly_AB_3031094_06-2026_P1H.csv
-114.0,51.11,CALGARY INT'L CS,3031094,2026-06-23 01:00,2026,6,23,01:00,,5.5,,5.2,,98.0,,0.0,,,,0.0,,,,90.06,,,,,,,14.226829268292683,1.5625,0.0,0.13728463055031714,0.0,0.13728463055031714,en_climate_hourly_AB_3031094_06-2026_P1H.csv
-114.0,51.11,CALGARY INT'L CS,3031094,2026-06-23 02:00,2026,6,23,02:00,,5.3,,5.2,,100.0,,0.0,,,,0.0,,,,90.05,,,,,,,14.089371980676335,1.5875,0.0,0.1408419766843819,0.0,0.1408419766843819,en_climate_hourly_AB_3031094_06-2026_P1H.csv
-114.0,51.11,CALGARY INT'L CS,3031094,2026-06-23 03:00,2026,6,23,03:00,,4.1,,4.1,,100.0,,0.0,,,,0.0,,,,90.05,,,,,,,13.317351598173529,1.7375,0.0,0.163086104920281,0.0,0.163086104920281,en_climate_hourly_AB_3031094_06-2026_P1H.csv
-114.0,51.11,CALGARY INT'L CS,3031094,2026-06-23 04:00,2026,6,23,04:00,,4.2,,4.2,,100.0,,0.0,,,,0.0,,,,90.04,,,,,,,13.37844036697247,1.725,0.0,0.1611734956283217,0.0,0.1611734956283217,en_climate_hourly_AB_3031094_06-2026_P1H.csv
-114.0,51.11,CALGARY INT'L CS,3031094,2026-06-23 05:00,2026,6,23,05:00,,4.1,,4.1,,100.0,,0.0,,23.0,,6.0,,,,90.05,,,,,,,13.317351598173529,1.7375,0.0,0.163086104920281,0.0,0.163086104920281,en_climate_hourly_AB_3031094_06-2026_P1H.csv
-114.0,51.11,CALGARY INT'L CS,3031094,2026-06-23 06:00,2026,6,23,06:00,,6.6,,6.3,,98.0,,0.0,,,,0.0,,,,90.08,,,,,,,15.033505154639192,1.425,0.0,0.11848534201954383,0.0,0.11848534201954383,en_climate_hourly_AB_3031094_06-2026_P1H.csv
-114.0,51.11,CALGARY INT'L CS,3031094,2026-06-23 07:00,2026,6,23,07:00,,9.9,,6.2,,78.0,,0.0,,,,0.0,,,,90.08,,,,,,,18.11490683229811,1.0125,0.0,0.06986649237099272,0.0,0.06986649237099272,en_climate_hourly_AB_3031094_06-2026_P1H.csv
-114.0,51.11,CALGARY INT'L CS,3031094,2026-06-23 08:00,2026,6,23,08:00,,13.2,,6.9,,66.0,,0.0,,,,0.0,,,,90.09,,,,,,,22.78515624999998,0.6000000000000001,0.0,0.03291616663809364,0.0,0.03291616663809364,en_climate_hourly_AB_3031094_06-2026_P1H.csv
-114.0,51.11,CALGARY INT'L CS,3031094,2026-06-23 09:00,2026,6,23,09:00,,15.1,,6.1,,55.0,,0.0,,12.0,,3.0,,,,90.1,,,,,,,26.756880733945007,0.36250000000000004,0.0,0.016934896279787386,0.0,0.016934896279787386,en_climate_hourly_AB_3031094_06-2026_P1H.csv
-114.0,51.11,CALGARY INT'L CS,3031094,2026-06-23 10:00,2026,6,23,10:00,,16.0,,4.1,,45.0,,0.0,,23.0,,5.0,,,,90.1,,,,,,,29.165,0.25,0.0,0.010714897994171095,0.0,0.010714897994171095,en_climate_hourly_AB_3031094_06-2026_P1H.csv
-114.0,51.11,CALGARY INT'L CS,3031094,2026-06-23 11:00,2026,6,23,11:00,,17.5,,4.7,,43.0,,0.0,,6.0,,4.0,,,,90.07,,,,,,,34.311764705882354,0.0625,0.0,0.0022769158237613573,0.0,0.0022769158237613573,en_climate_hourly_AB_3031094_06-2026_P1H.csv
-114.0,51.11,CALGARY INT'L CS,3031094,2026-06-23 12:00,2026,6,23,12:00,,17.3,,4.3,,42.0,,0.0,,36.0,,9.0,,,,90.05,,,,,,,33.522988505747165,0.08749999999999991,0.0,0.0032626864392250915,0.0,0.0032626864392250915,en_climate_hourly_AB_3031094_06-2026_P1H.csv
-114.0,51.11,CALGARY INT'L CS,3031094,2026-06-23 13:00,2026,6,23,13:00,,18.4,,4.5,,40.0,,0.0,,1.0,,8.0,,,,90.05,,,,,,,38.37499999999988,0.0,0.06519999999999977,0.0,0.0021237785016286637,0.0021237785016286637,en_climate_hourly_AB_3031094_06-2026_P1H.csv
-114.0,51.11,CALGARY INT'L CS,3031094,2026-06-23 14:00,2026,6,23,14:00,,19.2,,5.2,,40.0,,0.0,,9.0,,8.0,,,,90.03,,,,,,,42.889705882352864,0.0,0.19559999999999989,0.0,0.005700668609634843,0.005700668609634843,en_climate_hourly_AB_3031094_06-2026_P1H.csv
-114.0,51.11,CALGARY INT'L CS,3031094,2026-06-23 15:00,2026,6,23,15:00,,19.6,,5.6,,40.0,,0.0,,11.0,,14.0,,,,90.01,,,,,,,45.570312500000156,0.0,0.26080000000000025,0.0,0.007153780216012326,0.007153780216012326,en_climate_hourly_AB_3031094_06-2026_P1H.csv
-114.0,51.11,CALGARY INT'L CS,3031094,2026-06-23 16:00,2026,6,23,16:00,,20.2,,6.1,,40.0,,0.0,,,,0.0,,,,89.97,,,,,,,50.284482758620584,0.0,0.3585999999999999,0.0,0.008914280816046647,0.008914280816046647,en_climate_hourly_AB_3031094_06-2026_P1H.csv
-114.0,51.11,CALGARY INT'L CS,3031094,2026-06-23 17:00,2026,6,23,17:00,,19.6,,5.5,,39.0,,0.0,,13.0,,8.0,,,,89.96,,,,,,,45.570312500000156,0.0,0.26080000000000025,0.0,0.007153780216012326,0.007153780216012326,en_climate_hourly_AB_3031094_06-2026_P1H.csv
-114.0,51.11,CALGARY INT'L CS,3031094,2026-06-23 18:00,2026,6,23,18:00,,19.6,,5.6,,40.0,,0.0,,11.0,,11.0,,,,89.93,,,,,,,45.570312500000156,0.0,0.26080000000000025,0.0,0.007153780216012326,0.007153780216012326,en_climate_hourly_AB_3031094_06-2026_P1H.csv
-114.0,51.11,CALGARY INT'L CS,3031094,2026-06-23 19:00,2026,6,23,19:00,,18.7,,6.1,,44.0,,0.0,,13.0,,14.0,,,,89.93,,,,,,,39.952054794520485,0.0,0.11409999999999988,0.0,0.003569903994513974,0.003569903994513974,en_climate_hourly_AB_3031094_06-2026_P1H.csv
-114.0,51.11,CALGARY INT'L CS,3031094,2026-06-23 20:00,2026,6,23,20:00,,16.9,,6.2,,49.0,,0.0,,13.0,,16.0,,,,89.95,,,,,,,32.04945054945047,0.13750000000000018,0.0,0.005362806446082653,0.0,0.005362806446082653,en_climate_hourly_AB_3031094_06-2026_P1H.csv
-114.0,51.11,CALGARY INT'L CS,3031094,2026-06-23 21:00,2026,6,23,21:00,,14.6,,6.8,,59.0,,0.0,,15.0,,14.0,,,,89.94,,,,,,,25.583333333333382,0.42500000000000004,0.0,0.020765472312703544,0.0,0.020765472312703544,en_climate_hourly_AB_3031094_06-2026_P1H.csv
-114.0,51.11,CALGARY INT'L CS,3031094,2026-06-23 22:00,2026,6,23,22:00,,12.8,,6.8,,67.0,,0.0,,14.0,,12.0,,,,89.95,,,,,,,22.094696969696987,0.6499999999999999,0.0,0.03677352991599517,0.0,0.03677352991599517,en_climate_hourly_AB_3031094_06-2026_P1H.csv
-114.0,51.11,CALGARY INT'L CS,3031094,2026-06-23 23:00,2026,6,23,23:00,,11.7,,6.5,,70.0,,0.0,,14.0,,11.0,,,,89.92,,,,,,,20.39510489510488,0.7875000000000001,0.0,0.04826525801474374,0.0,0.04826525801474374,en_climate_hourly_AB_3031094_06-2026_P1H.csv
-114.0,51.11,CALGARY INT'L CS,3031094,2026-06-24 00:00,2026,6,24,00:00,,10.0,,6.9,,81.0,,0.0,,15.0,,13.0,,,,89.89,,,,,,,18.228125,1.0,0.0,0.06857534716269502,0.0,0.06857534716269502,en_climate_hourly_AB_3031094_06-2026_P1H.csv
-114.0,51.11,CALGARY INT'L CS,3031094,2026-06-24 01:00,2026,6,24,01:00,,10.1,,7.3,,83.0,,0.0,,16.0,,9.0,,,,89.85,,,,,,,18.342767295597508,0.9875,0.0,0.06729491685239147,0.0,0.06729491685239147,en_climate_hourly_AB_3031094_06-2026_P1H.csv
-114.0,51.11,CALGARY INT'L CS,3031094,2026-06-24 02:00,2026,6,24,02:00,,9.2,,7.9,,92.0,,0.0,,17.0,,8.0,,,,89.83,,,,,,,17.360119047619033,1.1,0.0,0.0792045259729128,0.0,0.0792045259729128,en_climate_hourly_AB_3031094_06-2026_P1H.csv
-114.0,51.11,CALGARY INT'L CS,3031094,2026-06-24 03:00,2026,6,24,03:00,,8.7,,7.9,,95.0,,0.0,,17.0,,8.0,,,,89.8,,,,,,,16.85838150289016,1.1625,0.0,0.08619599691410944,0.0,0.08619599691410944,en_climate_hourly_AB_3031094_06-2026_P1H.csv
-114.0,51.11,CALGARY INT'L CS,3031094,2026-06-24 04:00,2026,6,24,04:00,,7.4,,7.4,,100.0,,0.0,,22.0,,4.0,,,,89.78,,,,,,,15.6801075268817,1.325,0.0,0.10562746442653878,0.0,0.10562746442653878,en_climate_hourly_AB_3031094_06-2026_P1H.csv
-114.0,51.11,CALGARY INT'L CS,3031094,2026-06-24 05:00,2026,6,24,05:00,,7.6,,7.6,,100.0,,0.0,,15.0,,7.0,,,,89.78,,,,,,,15.850543478260889,1.3,0.0,0.10252014400822891,0.0,0.10252014400822891,en_climate_hourly_AB_3031094_06-2026_P1H.csv
-114.0,51.11,CALGARY INT'L CS,3031094,2026-06-24 06:00,2026,6,24,06:00,,10.1,,7.5,,84.0,,0.0,,25.0,,4.0,,,,89.77,,,,,,,18.342767295597508,0.9875,0.0,0.06729491685239147,0.0,0.06729491685239147,en_climate_hourly_AB_3031094_06-2026_P1H.csv
-114.0,51.11,CALGARY INT'L CS,3031094,2026-06-24 07:00,2026,6,24,07:00,,13.4,,7.9,,69.0,,0.0,,17.0,,3.0,,,,89.75,,,,,,,23.146825396825353,0.575,0.0,0.031051774387107888,0.0,0.031051774387107888,en_climate_hourly_AB_3031094_06-2026_P1H.csv
-114.0,51.11,CALGARY INT'L CS,3031094,2026-06-24 08:00,2026,6,24,08:00,,15.6,,7.7,,59.0,,0.0,,19.0,,8.0,,,,89.73,,,,,,,28.04326923076929,0.30000000000000004,0.0,0.0133721926967255,0.0,0.0133721926967255,en_climate_hourly_AB_3031094_06-2026_P1H.csv
-114.0,51.11,CALGARY INT'L CS,3031094,2026-06-24 09:00,2026,6,24,09:00,,17.3,,7.5,,52.0,,0.0,,20.0,,17.0,,,,89.72,,,,,,,33.522988505747165,0.08749999999999991,0.0,0.0032626864392250915,0.0,0.0032626864392250915,en_climate_hourly_AB_3031094_06-2026_P1H.csv
-114.0,51.11,CALGARY INT'L CS,3031094,2026-06-24 10:00,2026,6,24,10:00,,18.6,,8.5,,52.0,,0.0,,15.0,,20.0,,,,89.7,,,,,,,39.41216216216228,0.0,0.09780000000000023,0.0,0.0031018343905366,0.0031018343905366,en_climate_hourly_AB_3031094_06-2026_P1H.csv
-114.0,51.11,CALGARY INT'L CS,3031094,2026-06-24 11:00,2026,6,24,11:00,,20.0,,8.2,,47.0,,0.0,,16.0,,23.0,,,,89.66,,,,,,,48.60833333333333,0.0,0.326,0.0,0.008383336190639466,0.008383336190639466,en_climate_hourly_AB_3031094_06-2026_P1H.csv
-114.0,51.11,CALGARY INT'L CS,3031094,2026-06-24 12:00,2026,6,24,12:00,,20.9,,8.2,,44.0,,0.0,,16.0,,22.0,,,,89.63,,,,,,,57.18627450980366,0.0,0.4726999999999998,0.0,0.010332461854963183,0.010332461854963183,en_climate_hourly_AB_3031094_06-2026_P1H.csv
-114.0,51.11,CALGARY INT'L CS,3031094,2026-06-24 13:00,2026,6,24,13:00,,21.7,,8.5,,43.0,,0.0,,16.0,,22.0,,,,89.59,,,,,,,51.166666666666764,0.0,0.6030999999999999,0.0,0.014733713355048826,0.014733713355048826,en_climate_hourly_AB_3031094_06-2026_P1H.csv
-114.0,51.11,CALGARY INT'L CS,3031094,2026-06-24 14:00,2026,6,24,14:00,,22.6,,8.0,,39.0,,0.0,,15.0,,23.0,,,,89.53,,,,,,,44.18939393939378,0.0,0.7498000000000002,0.0,0.02120984056231793,0.02120984056231793,en_climate_hourly_AB_3031094_06-2026_P1H.csv
-114.0,51.11,CALGARY INT'L CS,3031094,2026-06-24 15:00,2026,6,24,15:00,,22.8,,7.5,,37.0,,0.0,,16.0,,22.0,,,,89.48,,,,,,,42.889705882352864,0.0,0.7824000000000001,0.0,0.02280267443853939,0.02280267443853939,en_climate_hourly_AB_3031094_06-2026_P1H.csv
-114.0,51.11,CALGARY INT'L CS,3031094,2026-06-24 16:00,2026,6,24,16:00,,22.6,,7.9,,39.0,,0.0,,16.0,,25.0,,,,89.43,,,,,,,44.18939393939378,0.0,0.7498000000000002,0.0,0.02120984056231793,0.02120984056231793,en_climate_hourly_AB_3031094_06-2026_P1H.csv
-114.0,51.11,CALGARY INT'L CS,3031094,2026-06-24 17:00,2026,6,24,17:00,,22.4,,6.3,,35.0,,0.0,,16.0,,25.0,,,,89.38,,,,,,,45.570312500000156,0.0,0.7171999999999998,0.0,0.019672895594033873,0.019672895594033873,en_climate_hourly_AB_3031094_06-2026_P1H.csv
-114.0,51.11,CALGARY INT'L CS,3031094,2026-06-24 18:00,2026,6,24,18:00,,21.8,,6.3,,37.0,,0.0,,14.0,,22.0,,,,89.34,,,,,,,50.284482758620584,0.0,0.6194000000000002,0.0,0.015397394136807853,0.015397394136807853,en_climate_hourly_AB_3031094_06-2026_P1H.csv
-114.0,51.11,CALGARY INT'L CS,3031094,2026-06-24 19:00,2026,6,24,19:00,,20.3,,7.5,,44.0,,0.0,,16.0,,27.0,,,,89.32,,,,,,,51.166666666666764,0.0,0.3749000000000001,0.0,0.0091587947882736,0.0091587947882736,en_climate_hourly_AB_3031094_06-2026_P1H.csv
-114.0,51.11,CALGARY INT'L CS,3031094,2026-06-24 20:00,2026,6,24,20:00,,19.1,,8.0,,49.0,,0.0,,16.0,,22.0,,,,89.3,,,,,,,42.26811594202912,0.0,0.17930000000000024,0.0,0.005302460140579451,0.005302460140579451,en_climate_hourly_AB_3031094_06-2026_P1H.csv
-114.0,51.11,CALGARY INT'L CS,3031094,2026-06-24 21:00,2026,6,24,21:00,,17.2,,8.2,,55.0,,0.0,,15.0,,16.0,,,,89.28,,,,,,,33.14204545454541,0.10000000000000009,0.0,0.003771644093948234,0.0,0.003771644093948234,en_climate_hourly_AB_3031094_06-2026_P1H.csv
-114.0,51.11,CALGARY INT'L CS,3031094,2026-06-24 22:00,2026,6,24,22:00,,15.2,,8.9,,66.0,,0.0,,16.0,,15.0,,,,89.29,,,,,,,27.004629629629598,0.3500000000000001,0.0,0.01620092576718672,0.0,0.01620092576718672,en_climate_hourly_AB_3031094_06-2026_P1H.csv
-114.0,51.11,CALGARY INT'L CS,3031094,2026-06-24 23:00,2026,6,24,23:00,,14.3,,7.6,,64.0,,0.0,,16.0,,17.0,,,,89.25,,,,,,,24.92735042735045,0.4624999999999999,0.0,0.023192396708383307,0.0,0.023192396708383307,en_climate_hourly_AB_3031094_06-2026_P1H.csv
-114.0,51.11,CALGARY INT'L CS,3031094,2026-06-25 00:00,2026,6,25,00:00,,13.4,,7.4,,67.0,,0.0,,16.0,,16.0,,,,89.22,,,,,,,23.146825396825353,0.575,0.0,0.031051774387107888,0.0,0.031051774387107888,en_climate_hourly_AB_3031094_06-2026_P1H.csv
-114.0,51.11,CALGARY INT'L CS,3031094,2026-06-25 01:00,2026,6,25,01:00,,12.5,,7.6,,72.0,,0.0,,16.0,,15.0,,,,89.18,,,,,,,21.6037037037037,0.6875,0.0,0.0397790588033602,0.0,0.0397790588033602,en_climate_hourly_AB_3031094_06-2026_P1H.csv
-114.0,51.11,CALGARY INT'L CS,3031094,2026-06-25 02:00,2026,6,25,02:00,,11.7,,7.5,,75.0,,0.0,,16.0,,14.0,,,,89.14,,,,,,,20.39510489510488,0.7875000000000001,0.0,0.04826525801474374,0.0,0.04826525801474374,en_climate_hourly_AB_3031094_06-2026_P1H.csv
-114.0,51.11,CALGARY INT'L CS,3031094,2026-06-25 03:00,2026,6,25,03:00,,11.9,,7.3,,73.0,,0.0,,16.0,,15.0,,,,89.08,,,,,,,20.684397163120533,0.7625,0.0,0.04607941882393287,0.0,0.04607941882393287,en_climate_hourly_AB_3031094_06-2026_P1H.csv
-114.0,51.11,CALGARY INT'L CS,3031094,2026-06-25 04:00,2026,6,25,04:00,,10.0,,7.0,,81.0,,0.0,,17.0,,11.0,,,,89.03,,,,,,,18.228125,1.0,0.0,0.06857534716269502,0.0,0.06857534716269502,en_climate_hourly_AB_3031094_06-2026_P1H.csv
-114.0,51.11,CALGARY INT'L CS,3031094,2026-06-25 05:00,2026,6,25,05:00,,9.8,,7.5,,86.0,,0.0,,15.0,,10.0,,,,88.98,,,,,,,18.003086419753096,1.025,0.0,0.07116835247728437,0.0,0.07116835247728437,en_climate_hourly_AB_3031094_06-2026_P1H.csv
-114.0,51.11,CALGARY INT'L CS,3031094,2026-06-25 06:00,2026,6,25,06:00,,12.3,,8.4,,77.0,,0.0,,15.0,,9.0,,,,88.97,,,,,,,21.28832116788323,0.7124999999999999,0.0,0.041836319218241,0.0,0.041836319218241,en_climate_hourly_AB_3031094_06-2026_P1H.csv
-114.0,51.11,CALGARY INT'L CS,3031094,2026-06-25 07:00,2026,6,25,07:00,,13.5,,8.3,,71.0,,0.0,,17.0,,8.0,,,,88.92,,,,,,,23.331999999999997,0.5625,0.0,0.03013565060860621,0.0,0.03013565060860621,en_climate_hourly_AB_3031094_06-2026_P1H.csv
-114.0,51.11,CALGARY INT'L CS,3031094,2026-06-25 08:00,2026,6,25,08:00,,16.1,,8.5,,61.0,,0.0,,15.0,,9.0,,,,88.91,,,,,,,29.459595959596026,0.23749999999999982,0.0,0.010077361563517885,0.0,0.010077361563517885,en_climate_hourly_AB_3031094_06-2026_P1H.csv
-114.0,51.11,CALGARY INT'L CS,3031094,2026-06-25 09:00,2026,6,25,09:00,,17.3,,9.7,,61.0,,0.0,,15.0,,14.0,,,,88.9,,,,,,,33.522988505747165,0.08749999999999991,0.0,0.0032626864392250915,0.0,0.0032626864392250915,en_climate_hourly_AB_3031094_06-2026_P1H.csv
-114.0,51.11,CALGARY INT'L CS,3031094,2026-06-25 10:00,2026,6,25,10:00,,20.1,,9.6,,51.0,,0.0,,16.0,,18.0,,,,88.85,,,,,,,49.4322033898307,0.0,0.34230000000000027,0.0,0.008655794616835221,0.008655794616835221,en_climate_hourly_AB_3031094_06-2026_P1H.csv
-114.0,51.11,CALGARY INT'L CS,3031094,2026-06-25 11:00,2026,6,25,11:00,,21.7,,9.8,,47.0,,0.0,,16.0,,29.0,,,,88.81,,,,,,,51.166666666666764,0.0,0.6030999999999999,0.0,0.014733713355048826,0.014733713355048826,en_climate_hourly_AB_3031094_06-2026_P1H.csv
-114.0,51.11,CALGARY INT'L CS,3031094,2026-06-25 12:00,2026,6,25,12:00,,22.9,,6.5,,35.0,,0.0,,16.0,,31.0,,,,88.76,,,,,,,42.26811594202912,0.0,0.7986999999999997,0.0,0.02362004971712661,0.02362004971712661,en_climate_hourly_AB_3031094_06-2026_P1H.csv
-114.0,51.11,CALGARY INT'L CS,3031094,2026-06-25 13:00,2026,6,25,13:00,,22.5,,6.2,,35.0,,0.0,,17.0,,30.0,,,,88.74,,,,,,,44.86923076923077,0.0,0.7335,0.0,0.0204343819646837,0.0204343819646837,en_climate_hourly_AB_3031094_06-2026_P1H.csv
-114.0,51.11,CALGARY INT'L CS,3031094,2026-06-25 14:00,2026,6,25,14:00,,22.8,,7.0,,36.0,,0.0,,16.0,,28.0,,,,88.75,,,,,,,42.889705882352864,0.0,0.7824000000000001,0.0,0.02280267443853939,0.02280267443853939,en_climate_hourly_AB_3031094_06-2026_P1H.csv
-114.0,51.11,CALGARY INT'L CS,3031094,2026-06-25 15:00,2026,6,25,15:00,,23.2,,6.6,,34.0,,0.0,,15.0,,25.0,,,,88.69,,,,,,,40.50694444444451,0.0,0.8475999999999999,0.0,0.026156008914795085,0.026156008914795085,en_climate_hourly_AB_3031094_06-2026_P1H.csv
-114.0,51.11,CALGARY INT'L CS,3031094,2026-06-25 16:00,2026,6,25,16:00,,23.0,,6.3,,34.0,,0.0,,16.0,,21.0,,,,88.65,,,,,,,41.66428571428571,0.0,0.8150000000000001,0.0,0.024451397222698446,0.024451397222698446,en_climate_hourly_AB_3031094_06-2026_P1H.csv
-114.0,51.11,CALGARY INT'L CS,3031094,2026-06-25 17:00,2026,6,25,17:00,,22.1,,7.4,,39.0,,0.0,,15.0,,19.0,,,,88.63,,,,,,,47.811475409835886,0.0,0.6683000000000002,0.0,0.017472269843991157,0.017472269843991157,en_climate_hourly_AB_3031094_06-2026_P1H.csv
-114.0,51.11,CALGARY INT'L CS,3031094,2026-06-25 18:00,2026,6,25,18:00,,21.3,,6.9,,39.0,,0.0,,16.0,,17.0,,,,88.59,,,,,,,55.02830188679233,0.0,0.5379000000000002,0.0,0.01221871249785705,0.01221871249785705,en_climate_hourly_AB_3031094_06-2026_P1H.csv
-114.0,51.11,CALGARY INT'L CS,3031094,2026-06-25 19:00,2026,6,25,19:00,,21.2,,8.0,,43.0,,0.0,,15.0,,22.0,,,,88.56,,,,,,,56.08653846153858,0.0,0.5216,0.0,0.011624892851020032,0.011624892851020032,en_climate_hourly_AB_3031094_06-2026_P1H.csv
-114.0,51.11,CALGARY INT'L CS,3031094,2026-06-25 20:00,2026,6,25,20:00,,19.3,,8.0,,48.0,,0.0,,15.0,,15.0,,,,88.54,,,,,,,43.52985074626873,0.0,0.21190000000000012,0.0,0.006084904851705805,0.006084904851705805,en_climate_hourly_AB_3031094_06-2026_P1H.csv
-114.0,51.11,CALGARY INT'L CS,3031094,2026-06-25 21:00,2026,6,25,21:00,,16.6,,8.4,,58.0,,0.0,,13.0,,12.0,,,,88.5,,,,,,,31.026595744680925,0.17499999999999982,0.0,0.007050402880164557,0.0,0.007050402880164557,en_climate_hourly_AB_3031094_06-2026_P1H.csv
-114.0,51.11,CALGARY INT'L CS,3031094,2026-06-25 22:00,2026,6,25,22:00,,14.4,,8.5,,68.0,,0.0,,13.0,,10.0,,,,88.48,,,,,,,25.142241379310292,0.44999999999999996,0.0,0.022372707011829293,0.0,0.022372707011829293,en_climate_hourly_AB_3031094_06-2026_P1H.csv
-114.0,51.11,CALGARY INT'L CS,3031094,2026-06-25 23:00,2026,6,25,23:00,,13.5,,8.8,,73.0,,0.0,,12.0,,9.0,,,,88.45,,,,,,,23.331999999999997,0.5625,0.0,0.03013565060860621,0.0,0.03013565060860621,en_climate_hourly_AB_3031094_06-2026_P1H.csv
-114.0,51.11,CALGARY INT'L CS,3031094,2026-06-26 00:00,2026,6,26,00:00,,,,,,,,,,,,,,,,,,,,,,,,,,,,,en_climate_hourly_AB_3031094_06-2026_P1H.csv
-114.0,51.11,CALGARY INT'L CS,3031094,2026-06-26 01:00,2026,6,26,01:00,,,,,,,,,,,,,,,,,,,,,,,,,,,,,en_climate_hourly_AB_3031094_06-2026_P1H.csv
-114.0,51.11,CALGARY INT'L CS,3031094,2026-06-26 02:00,2026,6,26,02:00,,,,,,,,,,,,,,,,,,,,,,,,,,,,,en_climate_hourly_AB_3031094_06-2026_P1H.csv
-114.0,51.11,CALGARY INT'L CS,3031094,2026-06-26 03:00,2026,6,26,03:00,,,,,,,,,,,,,,,,,,,,,,,,,,,,,en_climate_hourly_AB_3031094_06-2026_P1H.csv
-114.0,51.11,CALGARY INT'L CS,3031094,2026-06-26 04:00,2026,6,26,04:00,,,,,,,,,,,,,,,,,,,,,,,,,,,,,en_climate_hourly_AB_3031094_06-2026_P1H.csv
-114.0,51.11,CALGARY INT'L CS,3031094,2026-06-26 05:00,2026,6,26,05:00,,,,,,,,,,,,,,,,,,,,,,,,,,,,,en_climate_hourly_AB_3031094_06-2026_P1H.csv
-114.0,51.11,CALGARY INT'L CS,3031094,2026-06-26 06:00,2026,6,26,06:00,,,,,,,,,,,,,,,,,,,,,,,,,,,,,en_climate_hourly_AB_3031094_06-2026_P1H.csv
-114.0,51.11,CALGARY INT'L CS,3031094,2026-06-26 07:00,2026,6,26,07:00,,,,,,,,,,,,,,,,,,,,,,,,,,,,,en_climate_hourly_AB_3031094_06-2026_P1H.csv
-114.0,51.11,CALGARY INT'L CS,3031094,2026-06-26 08:00,2026,6,26,08:00,,,,,,,,,,,,,,,,,,,,,,,,,,,,,en_climate_hourly_AB_3031094_06-2026_P1H.csv
-114.0,51.11,CALGARY INT'L CS,3031094,2026-06-26 09:00,2026,6,26,09:00,,,,,,,,,,,,,,,,,,,,,,,,,,,,,en_climate_hourly_AB_3031094_06-2026_P1H.csv
-114.0,51.11,CALGARY INT'L CS,3031094,2026-06-26 10:00,2026,6,26,10:00,,,,,,,,,,,,,,,,,,,,,,,,,,,,,en_climate_hourly_AB_3031094_06-2026_P1H.csv
-114.0,51.11,CALGARY INT'L CS,3031094,2026-06-26 11:00,2026,6,26,11:00,,,,,,,,,,,,,,,,,,,,,,,,,,,,,en_climate_hourly_AB_3031094_06-2026_P1H.csv
-114.0,51.11,CALGARY INT'L CS,3031094,2026-06-26 12:00,2026,6,26,12:00,,,,,,,,,,,,,,,,,,,,,,,,,,,,,en_climate_hourly_AB_3031094_06-2026_P1H.csv
-114.0,51.11,CALGARY INT'L CS,3031094,2026-06-26 13:00,2026,6,26,13:00,,,,,,,,,,,,,,,,,,,,,,,,,,,,,en_climate_hourly_AB_3031094_06-2026_P1H.csv
-114.0,51.11,CALGARY INT'L CS,3031094,2026-06-26 14:00,2026,6,26,14:00,,,,,,,,,,,,,,,,,,,,,,,,,,,,,en_climate_hourly_AB_3031094_06-2026_P1H.csv
-114.0,51.11,CALGARY INT'L CS,3031094,2026-06-26 15:00,2026,6,26,15:00,,,,,,,,,,,,,,,,,,,,,,,,,,,,,en_climate_hourly_AB_3031094_06-2026_P1H.csv
-114.0,51.11,CALGARY INT'L CS,3031094,2026-06-26 16:00,2026,6,26,16:00,,,,,,,,,,,,,,,,,,,,,,,,,,,,,en_climate_hourly_AB_3031094_06-2026_P1H.csv
-114.0,51.11,CALGARY INT'L CS,3031094,2026-06-26 17:00,2026,6,26,17:00,,,,,,,,,,,,,,,,,,,,,,,,,,,,,en_climate_hourly_AB_3031094_06-2026_P1H.csv
-114.0,51.11,CALGARY INT'L CS,3031094,2026-06-26 18:00,2026,6,26,18:00,,,,,,,,,,,,,,,,,,,,,,,,,,,,,en_climate_hourly_AB_3031094_06-2026_P1H.csv
-114.0,51.11,CALGARY INT'L CS,3031094,2026-06-26 19:00,2026,6,26,19:00,,,,,,,,,,,,,,,,,,,,,,,,,,,,,en_climate_hourly_AB_3031094_06-2026_P1H.csv
-114.0,51.11,CALGARY INT'L CS,3031094,2026-06-26 20:00,2026,6,26,20:00,,,,,,,,,,,,,,,,,,,,,,,,,,,,,en_climate_hourly_AB_3031094_06-2026_P1H.csv
-114.0,51.11,CALGARY INT'L CS,3031094,2026-06-26 21:00,2026,6,26,21:00,,,,,,,,,,,,,,,,,,,,,,,,,,,,,en_climate_hourly_AB_3031094_06-2026_P1H.csv
-114.0,51.11,CALGARY INT'L CS,3031094,2026-06-26 22:00,2026,6,26,22:00,,,,,,,,,,,,,,,,,,,,,,,,,,,,,en_climate_hourly_AB_3031094_06-2026_P1H.csv
-114.0,51.11,CALGARY INT'L CS,3031094,2026-06-26 23:00,2026,6,26,23:00,,,,,,,,,,,,,,,,,,,,,,,,,,,,,en_climate_hourly_AB_3031094_06-2026_P1H.csv
-114.0,51.11,CALGARY INT'L CS,3031094,2026-06-27 00:00,2026,6,27,00:00,,,,,,,,,,,,,,,,,,,,,,,,,,,,,en_climate_hourly_AB_3031094_06-2026_P1H.csv
-114.0,51.11,CALGARY INT'L CS,3031094,2026-06-27 01:00,2026,6,27,01:00,,,,,,,,,,,,,,,,,,,,,,,,,,,,,en_climate_hourly_AB_3031094_06-2026_P1H.csv
-114.0,51.11,CALGARY INT'L CS,3031094,2026-06-27 02:00,2026,6,27,02:00,,,,,,,,,,,,,,,,,,,,,,,,,,,,,en_climate_hourly_AB_3031094_06-2026_P1H.csv
-114.0,51.11,CALGARY INT'L CS,3031094,2026-06-27 03:00,2026,6,27,03:00,,,,,,,,,,,,,,,,,,,,,,,,,,,,,en_climate_hourly_AB_3031094_06-2026_P1H.csv
-114.0,51.11,CALGARY INT'L CS,3031094,2026-06-27 04:00,2026,6,27,04:00,,,,,,,,,,,,,,,,,,,,,,,,,,,,,en_climate_hourly_AB_3031094_06-2026_P1H.csv
-114.0,51.11,CALGARY INT'L CS,3031094,2026-06-27 05:00,2026,6,27,05:00,,,,,,,,,,,,,,,,,,,,,,,,,,,,,en_climate_hourly_AB_3031094_06-2026_P1H.csv
-114.0,51.11,CALGARY INT'L CS,3031094,2026-06-27 06:00,2026,6,27,06:00,,,,,,,,,,,,,,,,,,,,,,,,,,,,,en_climate_hourly_AB_3031094_06-2026_P1H.csv
-114.0,51.11,CALGARY INT'L CS,3031094,2026-06-27 07:00,2026,6,27,07:00,,,,,,,,,,,,,,,,,,,,,,,,,,,,,en_climate_hourly_AB_3031094_06-2026_P1H.csv
-114.0,51.11,CALGARY INT'L CS,3031094,2026-06-27 08:00,2026,6,27,08:00,,,,,,,,,,,,,,,,,,,,,,,,,,,,,en_climate_hourly_AB_3031094_06-2026_P1H.csv
-114.0,51.11,CALGARY INT'L CS,3031094,2026-06-27 09:00,2026,6,27,09:00,,,,,,,,,,,,,,,,,,,,,,,,,,,,,en_climate_hourly_AB_3031094_06-2026_P1H.csv
-114.0,51.11,CALGARY INT'L CS,3031094,2026-06-27 10:00,2026,6,27,10:00,,,,,,,,,,,,,,,,,,,,,,,,,,,,,en_climate_hourly_AB_3031094_06-2026_P1H.csv
-114.0,51.11,CALGARY INT'L CS,3031094,2026-06-27 11:00,2026,6,27,11:00,,,,,,,,,,,,,,,,,,,,,,,,,,,,,en_climate_hourly_AB_3031094_06-2026_P1H.csv
-114.0,51.11,CALGARY INT'L CS,3031094,2026-06-27 12:00,2026,6,27,12:00,,,,,,,,,,,,,,,,,,,,,,,,,,,,,en_climate_hourly_AB_3031094_06-2026_P1H.csv
-114.0,51.11,CALGARY INT'L CS,3031094,2026-06-27 13:00,2026,6,27,13:00,,,,,,,,,,,,,,,,,,,,,,,,,,,,,en_climate_hourly_AB_3031094_06-2026_P1H.csv
-114.0,51.11,CALGARY INT'L CS,3031094,2026-06-27 14:00,2026,6,27,14:00,,,,,,,,,,,,,,,,,,,,,,,,,,,,,en_climate_hourly_AB_3031094_06-2026_P1H.csv
-114.0,51.11,CALGARY INT'L CS,3031094,2026-06-27 15:00,2026,6,27,15:00,,,,,,,,,,,,,,,,,,,,,,,,,,,,,en_climate_hourly_AB_3031094_06-2026_P1H.csv
-114.0,51.11,CALGARY INT'L CS,3031094,2026-06-27 16:00,2026,6,27,16:00,,,,,,,,,,,,,,,,,,,,,,,,,,,,,en_climate_hourly_AB_3031094_06-2026_P1H.csv
-114.0,51.11,CALGARY INT'L CS,3031094,2026-06-27 17:00,2026,6,27,17:00,,,,,,,,,,,,,,,,,,,,,,,,,,,,,en_climate_hourly_AB_3031094_06-2026_P1H.csv
-114.0,51.11,CALGARY INT'L CS,3031094,2026-06-27 18:00,2026,6,27,18:00,,,,,,,,,,,,,,,,,,,,,,,,,,,,,en_climate_hourly_AB_3031094_06-2026_P1H.csv
-114.0,51.11,CALGARY INT'L CS,3031094,2026-06-27 19:00,2026,6,27,19:00,,,,,,,,,,,,,,,,,,,,,,,,,,,,,en_climate_hourly_AB_3031094_06-2026_P1H.csv
-114.0,51.11,CALGARY INT'L CS,3031094,2026-06-27 20:00,2026,6,27,20:00,,,,,,,,,,,,,,,,,,,,,,,,,,,,,en_climate_hourly_AB_3031094_06-2026_P1H.csv
-114.0,51.11,CALGARY INT'L CS,3031094,2026-06-27 21:00,2026,6,27,21:00,,,,,,,,,,,,,,,,,,,,,,,,,,,,,en_climate_hourly_AB_3031094_06-2026_P1H.csv
-114.0,51.11,CALGARY INT'L CS,3031094,2026-06-27 22:00,2026,6,27,22:00,,,,,,,,,,,,,,,,,,,,,,,,,,,,,en_climate_hourly_AB_3031094_06-2026_P1H.csv
-114.0,51.11,CALGARY INT'L CS,3031094,2026-06-27 23:00,2026,6,27,23:00,,,,,,,,,,,,,,,,,,,,,,,,,,,,,en_climate_hourly_AB_3031094_06-2026_P1H.csv
-114.0,51.11,CALGARY INT'L CS,3031094,2026-06-28 00:00,2026,6,28,00:00,,,,,,,,,,,,,,,,,,,,,,,,,,,,,en_climate_hourly_AB_3031094_06-2026_P1H.csv
-114.0,51.11,CALGARY INT'L CS,3031094,2026-06-28 01:00,2026,6,28,01:00,,,,,,,,,,,,,,,,,,,,,,,,,,,,,en_climate_hourly_AB_3031094_06-2026_P1H.csv
-114.0,51.11,CALGARY INT'L CS,3031094,2026-06-28 02:00,2026,6,28,02:00,,,,,,,,,,,,,,,,,,,,,,,,,,,,,en_climate_hourly_AB_3031094_06-2026_P1H.csv
-114.0,51.11,CALGARY INT'L CS,3031094,2026-06-28 03:00,2026,6,28,03:00,,,,,,,,,,,,,,,,,,,,,,,,,,,,,en_climate_hourly_AB_3031094_06-2026_P1H.csv
-114.0,51.11,CALGARY INT'L CS,3031094,2026-06-28 04:00,2026,6,28,04:00,,,,,,,,,,,,,,,,,,,,,,,,,,,,,en_climate_hourly_AB_3031094_06-2026_P1H.csv
-114.0,51.11,CALGARY INT'L CS,3031094,2026-06-28 05:00,2026,6,28,05:00,,,,,,,,,,,,,,,,,,,,,,,,,,,,,en_climate_hourly_AB_3031094_06-2026_P1H.csv
-114.0,51.11,CALGARY INT'L CS,3031094,2026-06-28 06:00,2026,6,28,06:00,,,,,,,,,,,,,,,,,,,,,,,,,,,,,en_climate_hourly_AB_3031094_06-2026_P1H.csv
-114.0,51.11,CALGARY INT'L CS,3031094,2026-06-28 07:00,2026,6,28,07:00,,,,,,,,,,,,,,,,,,,,,,,,,,,,,en_climate_hourly_AB_3031094_06-2026_P1H.csv
-114.0,51.11,CALGARY INT'L CS,3031094,2026-06-28 08:00,2026,6,28,08:00,,,,,,,,,,,,,,,,,,,,,,,,,,,,,en_climate_hourly_AB_3031094_06-2026_P1H.csv
-114.0,51.11,CALGARY INT'L CS,3031094,2026-06-28 09:00,2026,6,28,09:00,,,,,,,,,,,,,,,,,,,,,,,,,,,,,en_climate_hourly_AB_3031094_06-2026_P1H.csv
-114.0,51.11,CALGARY INT'L CS,3031094,2026-06-28 10:00,2026,6,28,10:00,,,,,,,,,,,,,,,,,,,,,,,,,,,,,en_climate_hourly_AB_3031094_06-2026_P1H.csv
-114.0,51.11,CALGARY INT'L CS,3031094,2026-06-28 11:00,2026,6,28,11:00,,,,,,,,,,,,,,,,,,,,,,,,,,,,,en_climate_hourly_AB_3031094_06-2026_P1H.csv
-114.0,51.11,CALGARY INT'L CS,3031094,2026-06-28 12:00,2026,6,28,12:00,,,,,,,,,,,,,,,,,,,,,,,,,,,,,en_climate_hourly_AB_3031094_06-2026_P1H.csv
-114.0,51.11,CALGARY INT'L CS,3031094,2026-06-28 13:00,2026,6,28,13:00,,,,,,,,,,,,,,,,,,,,,,,,,,,,,en_climate_hourly_AB_3031094_06-2026_P1H.csv
-114.0,51.11,CALGARY INT'L CS,3031094,2026-06-28 14:00,2026,6,28,14:00,,,,,,,,,,,,,,,,,,,,,,,,,,,,,en_climate_hourly_AB_3031094_06-2026_P1H.csv
-114.0,51.11,CALGARY INT'L CS,3031094,2026-06-28 15:00,2026,6,28,15:00,,,,,,,,,,,,,,,,,,,,,,,,,,,,,en_climate_hourly_AB_3031094_06-2026_P1H.csv
-114.0,51.11,CALGARY INT'L CS,3031094,2026-06-28 16:00,2026,6,28,16:00,,,,,,,,,,,,,,,,,,,,,,,,,,,,,en_climate_hourly_AB_3031094_06-2026_P1H.csv
-114.0,51.11,CALGARY INT'L CS,3031094,2026-06-28 17:00,2026,6,28,17:00,,,,,,,,,,,,,,,,,,,,,,,,,,,,,en_climate_hourly_AB_3031094_06-2026_P1H.csv
-114.0,51.11,CALGARY INT'L CS,3031094,2026-06-28 18:00,2026,6,28,18:00,,,,,,,,,,,,,,,,,,,,,,,,,,,,,en_climate_hourly_AB_3031094_06-2026_P1H.csv
-114.0,51.11,CALGARY INT'L CS,3031094,2026-06-28 19:00,2026,6,28,19:00,,,,,,,,,,,,,,,,,,,,,,,,,,,,,en_climate_hourly_AB_3031094_06-2026_P1H.csv
-114.0,51.11,CALGARY INT'L CS,3031094,2026-06-28 20:00,2026,6,28,20:00,,,,,,,,,,,,,,,,,,,,,,,,,,,,,en_climate_hourly_AB_3031094_06-2026_P1H.csv
-114.0,51.11,CALGARY INT'L CS,3031094,2026-06-28 21:00,2026,6,28,21:00,,,,,,,,,,,,,,,,,,,,,,,,,,,,,en_climate_hourly_AB_3031094_06-2026_P1H.csv
-114.0,51.11,CALGARY INT'L CS,3031094,2026-06-28 22:00,2026,6,28,22:00,,,,,,,,,,,,,,,,,,,,,,,,,,,,,en_climate_hourly_AB_3031094_06-2026_P1H.csv
-114.0,51.11,CALGARY INT'L CS,3031094,2026-06-28 23:00,2026,6,28,23:00,,,,,,,,,,,,,,,,,,,,,,,,,,,,,en_climate_hourly_AB_3031094_06-2026_P1H.csv
-114.0,51.11,CALGARY INT'L CS,3031094,2026-06-29 00:00,2026,6,29,00:00,,,,,,,,,,,,,,,,,,,,,,,,,,,,,en_climate_hourly_AB_3031094_06-2026_P1H.csv
-114.0,51.11,CALGARY INT'L CS,3031094,2026-06-29 01:00,2026,6,29,01:00,,,,,,,,,,,,,,,,,,,,,,,,,,,,,en_climate_hourly_AB_3031094_06-2026_P1H.csv
-114.0,51.11,CALGARY INT'L CS,3031094,2026-06-29 02:00,2026,6,29,02:00,,,,,,,,,,,,,,,,,,,,,,,,,,,,,en_climate_hourly_AB_3031094_06-2026_P1H.csv
-114.0,51.11,CALGARY INT'L CS,3031094,2026-06-29 03:00,2026,6,29,03:00,,,,,,,,,,,,,,,,,,,,,,,,,,,,,en_climate_hourly_AB_3031094_06-2026_P1H.csv
-114.0,51.11,CALGARY INT'L CS,3031094,2026-06-29 04:00,2026,6,29,04:00,,,,,,,,,,,,,,,,,,,,,,,,,,,,,en_climate_hourly_AB_3031094_06-2026_P1H.csv
-114.0,51.11,CALGARY INT'L CS,3031094,2026-06-29 05:00,2026,6,29,05:00,,,,,,,,,,,,,,,,,,,,,,,,,,,,,en_climate_hourly_AB_3031094_06-2026_P1H.csv
-114.0,51.11,CALGARY INT'L CS,3031094,2026-06-29 06:00,2026,6,29,06:00,,,,,,,,,,,,,,,,,,,,,,,,,,,,,en_climate_hourly_AB_3031094_06-2026_P1H.csv
-114.0,51.11,CALGARY INT'L CS,3031094,2026-06-29 07:00,2026,6,29,07:00,,,,,,,,,,,,,,,,,,,,,,,,,,,,,en_climate_hourly_AB_3031094_06-2026_P1H.csv
-114.0,51.11,CALGARY INT'L CS,3031094,2026-06-29 08:00,2026,6,29,08:00,,,,,,,,,,,,,,,,,,,,,,,,,,,,,en_climate_hourly_AB_3031094_06-2026_P1H.csv
-114.0,51.11,CALGARY INT'L CS,3031094,2026-06-29 09:00,2026,6,29,09:00,,,,,,,,,,,,,,,,,,,,,,,,,,,,,en_climate_hourly_AB_3031094_06-2026_P1H.csv
-114.0,51.11,CALGARY INT'L CS,3031094,2026-06-29 10:00,2026,6,29,10:00,,,,,,,,,,,,,,,,,,,,,,,,,,,,,en_climate_hourly_AB_3031094_06-2026_P1H.csv
-114.0,51.11,CALGARY INT'L CS,3031094,2026-06-29 11:00,2026,6,29,11:00,,,,,,,,,,,,,,,,,,,,,,,,,,,,,en_climate_hourly_AB_3031094_06-2026_P1H.csv
-114.0,51.11,CALGARY INT'L CS,3031094,2026-06-29 12:00,2026,6,29,12:00,,,,,,,,,,,,,,,,,,,,,,,,,,,,,en_climate_hourly_AB_3031094_06-2026_P1H.csv
-114.0,51.11,CALGARY INT'L CS,3031094,2026-06-29 13:00,2026,6,29,13:00,,,,,,,,,,,,,,,,,,,,,,,,,,,,,en_climate_hourly_AB_3031094_06-2026_P1H.csv
-114.0,51.11,CALGARY INT'L CS,3031094,2026-06-29 14:00,2026,6,29,14:00,,,,,,,,,,,,,,,,,,,,,,,,,,,,,en_climate_hourly_AB_3031094_06-2026_P1H.csv
-114.0,51.11,CALGARY INT'L CS,3031094,2026-06-29 15:00,2026,6,29,15:00,,,,,,,,,,,,,,,,,,,,,,,,,,,,,en_climate_hourly_AB_3031094_06-2026_P1H.csv
-114.0,51.11,CALGARY INT'L CS,3031094,2026-06-29 16:00,2026,6,29,16:00,,,,,,,,,,,,,,,,,,,,,,,,,,,,,en_climate_hourly_AB_3031094_06-2026_P1H.csv
-114.0,51.11,CALGARY INT'L CS,3031094,2026-06-29 17:00,2026,6,29,17:00,,,,,,,,,,,,,,,,,,,,,,,,,,,,,en_climate_hourly_AB_3031094_06-2026_P1H.csv
-114.0,51.11,CALGARY INT'L CS,3031094,2026-06-29 18:00,2026,6,29,18:00,,,,,,,,,,,,,,,,,,,,,,,,,,,,,en_climate_hourly_AB_3031094_06-2026_P1H.csv
-114.0,51.11,CALGARY INT'L CS,3031094,2026-06-29 19:00,2026,6,29,19:00,,,,,,,,,,,,,,,,,,,,,,,,,,,,,en_climate_hourly_AB_3031094_06-2026_P1H.csv
-114.0,51.11,CALGARY INT'L CS,3031094,2026-06-29 20:00,2026,6,29,20:00,,,,,,,,,,,,,,,,,,,,,,,,,,,,,en_climate_hourly_AB_3031094_06-2026_P1H.csv
-114.0,51.11,CALGARY INT'L CS,3031094,2026-06-29 21:00,2026,6,29,21:00,,,,,,,,,,,,,,,,,,,,,,,,,,,,,en_climate_hourly_AB_3031094_06-2026_P1H.csv
-114.0,51.11,CALGARY INT'L CS,3031094,2026-06-29 22:00,2026,6,29,22:00,,,,,,,,,,,,,,,,,,,,,,,,,,,,,en_climate_hourly_AB_3031094_06-2026_P1H.csv
-114.0,51.11,CALGARY INT'L CS,3031094,2026-06-29 23:00,2026,6,29,23:00,,,,,,,,,,,,,,,,,,,,,,,,,,,,,en_climate_hourly_AB_3031094_06-2026_P1H.csv
-114.0,51.11,CALGARY INT'L CS,3031094,2026-06-30 00:00,2026,6,30,00:00,,,,,,,,,,,,,,,,,,,,,,,,,,,,,en_climate_hourly_AB_3031094_06-2026_P1H.csv
-114.0,51.11,CALGARY INT'L CS,3031094,2026-06-30 01:00,2026,6,30,01:00,,,,,,,,,,,,,,,,,,,,,,,,,,,,,en_climate_hourly_AB_3031094_06-2026_P1H.csv
-114.0,51.11,CALGARY INT'L CS,3031094,2026-06-30 02:00,2026,6,30,02:00,,,,,,,,,,,,,,,,,,,,,,,,,,,,,en_climate_hourly_AB_3031094_06-2026_P1H.csv
-114.0,51.11,CALGARY INT'L CS,3031094,2026-06-30 03:00,2026,6,30,03:00,,,,,,,,,,,,,,,,,,,,,,,,,,,,,en_climate_hourly_AB_3031094_06-2026_P1H.csv
-114.0,51.11,CALGARY INT'L CS,3031094,2026-06-30 04:00,2026,6,30,04:00,,,,,,,,,,,,,,,,,,,,,,,,,,,,,en_climate_hourly_AB_3031094_06-2026_P1H.csv
-114.0,51.11,CALGARY INT'L CS,3031094,2026-06-30 05:00,2026,6,30,05:00,,,,,,,,,,,,,,,,,,,,,,,,,,,,,en_climate_hourly_AB_3031094_06-2026_P1H.csv
-114.0,51.11,CALGARY INT'L CS,3031094,2026-06-30 06:00,2026,6,30,06:00,,,,,,,,,,,,,,,,,,,,,,,,,,,,,en_climate_hourly_AB_3031094_06-2026_P1H.csv
-114.0,51.11,CALGARY INT'L CS,3031094,2026-06-30 07:00,2026,6,30,07:00,,,,,,,,,,,,,,,,,,,,,,,,,,,,,en_climate_hourly_AB_3031094_06-2026_P1H.csv
-114.0,51.11,CALGARY INT'L CS,3031094,2026-06-30 08:00,2026,6,30,08:00,,,,,,,,,,,,,,,,,,,,,,,,,,,,,en_climate_hourly_AB_3031094_06-2026_P1H.csv
-114.0,51.11,CALGARY INT'L CS,3031094,2026-06-30 09:00,2026,6,30,09:00,,,,,,,,,,,,,,,,,,,,,,,,,,,,,en_climate_hourly_AB_3031094_06-2026_P1H.csv
-114.0,51.11,CALGARY INT'L CS,3031094,2026-06-30 10:00,2026,6,30,10:00,,,,,,,,,,,,,,,,,,,,,,,,,,,,,en_climate_hourly_AB_3031094_06-2026_P1H.csv
-114.0,51.11,CALGARY INT'L CS,3031094,2026-06-30 11:00,2026,6,30,11:00,,,,,,,,,,,,,,,,,,,,,,,,,,,,,en_climate_hourly_AB_3031094_06-2026_P1H.csv
-114.0,51.11,CALGARY INT'L CS,3031094,2026-06-30 12:00,2026,6,30,12:00,,,,,,,,,,,,,,,,,,,,,,,,,,,,,en_climate_hourly_AB_3031094_06-2026_P1H.csv
-114.0,51.11,CALGARY INT'L CS,3031094,2026-06-30 13:00,2026,6,30,13:00,,,,,,,,,,,,,,,,,,,,,,,,,,,,,en_climate_hourly_AB_3031094_06-2026_P1H.csv
-114.0,51.11,CALGARY INT'L CS,3031094,2026-06-30 14:00,2026,6,30,14:00,,,,,,,,,,,,,,,,,,,,,,,,,,,,,en_climate_hourly_AB_3031094_06-2026_P1H.csv
-114.0,51.11,CALGARY INT'L CS,3031094,2026-06-30 15:00,2026,6,30,15:00,,,,,,,,,,,,,,,,,,,,,,,,,,,,,en_climate_hourly_AB_3031094_06-2026_P1H.csv
-114.0,51.11,CALGARY INT'L CS,3031094,2026-06-30 16:00,2026,6,30,16:00,,,,,,,,,,,,,,,,,,,,,,,,,,,,,en_climate_hourly_AB_3031094_06-2026_P1H.csv
-114.0,51.11,CALGARY INT'L CS,3031094,2026-06-30 17:00,2026,6,30,17:00,,,,,,,,,,,,,,,,,,,,,,,,,,,,,en_climate_hourly_AB_3031094_06-2026_P1H.csv
-114.0,51.11,CALGARY INT'L CS,3031094,2026-06-30 18:00,2026,6,30,18:00,,,,,,,,,,,,,,,,,,,,,,,,,,,,,en_climate_hourly_AB_3031094_06-2026_P1H.csv
-114.0,51.11,CALGARY INT'L CS,3031094,2026-06-30 19:00,2026,6,30,19:00,,,,,,,,,,,,,,,,,,,,,,,,,,,,,en_climate_hourly_AB_3031094_06-2026_P1H.csv
-114.0,51.11,CALGARY INT'L CS,3031094,2026-06-30 20:00,2026,6,30,20:00,,,,,,,,,,,,,,,,,,,,,,,,,,,,,en_climate_hourly_AB_3031094_06-2026_P1H.csv
-114.0,51.11,CALGARY INT'L CS,3031094,2026-06-30 21:00,2026,6,30,21:00,,,,,,,,,,,,,,,,,,,,,,,,,,,,,en_climate_hourly_AB_3031094_06-2026_P1H.csv
-114.0,51.11,CALGARY INT'L CS,3031094,2026-06-30 22:00,2026,6,30,22:00,,,,,,,,,,,,,,,,,,,,,,,,,,,,,en_climate_hourly_AB_3031094_06-2026_P1H.csv
-114.0,51.11,CALGARY INT'L CS,3031094,2026-06-30 23:00,2026,6,30,23:00,,,,,,,,,,,,,,,,,,,,,,,,,,,,,en_climate_hourly_AB_3031094_06-2026_P1H.csv
