"Longitude (x)","Latitude (y)","Station Name","Climate ID","Date/Time (LST)","Year","Month","Day","Time (LST)","Flag","Temp (°C)","Temp Flag","Dew Point Temp (°C)","Dew Point Temp Flag","Rel Hum (%)","Rel Hum Flag","Precip. Amount (mm)","Precip. Amount Flag","Wind Dir (10s deg)","Wind Dir Flag","Wind Spd (km/h)","Wind Spd Flag","Visibility (km)","Visibility Flag","Stn Press (kPa)","Stn Press Flag","Hmdx","Hmdx Flag","Wind Chill","Wind Chill Flag","Weather"
"-114.01","51.12","CALGARY INTL A","3031092","2024-02-01 00:00","2024","02","01","00:00","","3.9","","-1.2","","69","","","","16","","8","","24.1","","87.66","","","","","","NA"
"-114.01","51.12","CALGARY INTL A","3031092","2024-02-01 01:00","2024","02","01","01:00","","5.5","","-1.4","","61","","","","19","","16","","24.1","","87.66","","","","","","NA"
"-114.01","51.12","CALGARY INTL A","3031092","2024-02-01 02:00","2024","02","01","02:00","","5.6","","-1.7","","59","","","","19","","10","","24.1","","87.68","","","","","","Clear"
"-114.01","51.12","CALGARY INTL A","3031092","2024-02-01 03:00","2024","02","01","03:00","","5.6","","-2.2","","57","","","","19","","9","","24.1","","87.69","","","","","","NA"
"-114.01","51.12","CALGARY INTL A","3031092","2024-02-01 04:00","2024","02","01","04:00","","5.7","","-2.1","","57","","","","21","","12","","24.1","","87.67","","","","","","NA"
"-114.01","51.12","CALGARY INTL A","3031092","2024-02-01 05:00","2024","02","01","05:00","","3.4","","-2.4","","66","","","","21","","3","","24.1","","87.66","","","","","","Clear"
"-114.01","51.12","CALGARY INTL A","3031092","2024-02-01 06:00","2024","02","01","06:00","","6.0","","-2.4","","55","","","","25","","8","","24.1","","87.64","","","","","","NA"
"-114.01","51.12","CALGARY INTL A","3031092","2024-02-01 07:00","2024","02","01","07:00","","5.7","","-2.6","","55","","","","20","","15","","24.1","","87.62","","","","","","NA"
"-114.01","51.12","CALGARY INTL A","3031092","2024-02-01 08:00","2024","02","01","08:00","","5.4","","-2.5","","57","","","","22","","16","","48.3","","87.60","","","","","","Clear"
"-114.01","51.12","CALGARY INTL A","3031092","2024-02-01 09:00","2024","02","01","09:00","","3.4","","-2.7","","64","","","","20","","7","","64.4","","87.61","","","","","","NA"
"-114.01","51.12","CALGARY INTL A","3031092","2024-02-01 10:00","2024","02","01","10:00","","4.7","","-2.0","","62","","","","18","","9","","64.4","","87.61","","","","","","NA"
"-114.01","51.12","CALGARY INTL A","3031092","2024-02-01 11:00","2024","02","01","11:00","","8.0","","-1.9","","50","","","","20","","10","","64.4","","87.61","","","","","","Clear"
"-114.01","51.12","CALGARY INTL A","3031092","2024-02-01 12:00","2024","02","01","12:00","","10.0","","-0.3","","49","","","","18","","12","","64.4","","87.60","","","","","","NA"
"-114.01","51.12","CALGARY INTL A","3031092","2024-02-01 13:00","2024","02","01","13:00","","10.9","","0.4","","48","","","","17","","13","","64.4","","87.57","","","","","","NA"
"-114.01","51.12","CALGARY INTL A","3031092","2024-02-01 14:00","2024","02","01","14:00","","12.0","","1.3","","48","","","","19","","16","","48.3","","87.51","","","","","","Mainly Clear"
"-114.01","51.12","CALGARY INTL A","3031092","2024-02-01 15:00","2024","02","01","15:00","","12.1","","1.7","","49","","","","17","","10","","48.3","","87.49","","","","","","NA"
"-114.01","51.12","CALGARY INTL A","3031092","2024-02-01 16:00","2024","02","01","16:00","","9.7","","1.1","","55","","","","16","","14","","48.3","","87.48","","","","","","NA"
"-114.01","51.12","CALGARY INTL A","3031092","2024-02-01 17:00","2024","02","01","17:00","","8.2","","1.7","","63","","","","17","","19","","48.3","","87.47","","","","","","Mostly Cloudy"
"-114.01","51.12","CALGARY INTL A","3031092","2024-02-01 18:00","2024","02","01","18:00","","6.2","","1.2","","70","","","","17","","13","","32.2","","87.47","","","","","","NA"
"-114.01","51.12","CALGARY INTL A","3031092","2024-02-01 19:00","2024","02","01","19:00","","7.4","","0.9","","63","","","","20","","8","","24.1","","87.47","","","","","","NA"
"-114.01","51.12","CALGARY INTL A","3031092","2024-02-01 20:00","2024","02","01","20:00","","6.8","","0.5","","64","","","","18","","12","","16.1","","87.45","","","","","","Mostly Cloudy"
"-114.01","51.12","CALGARY INTL A","3031092","2024-02-01 21:00","2024","02","01","21:00","","6.8","","-1.2","","57","","","","18","","9","","16.1","","87.41","","","","","","NA"
"-114.01","51.12","CALGARY INTL A","3031092","2024-02-01 22:00","2024","02","01","22:00","","4.0","","-1.2","","69","","","","18","","12","","16.1","","87.40","","","","","","NA"
"-114.01","51.12","CALGARY INTL A","3031092","2024-02-01 23:00","2024","02","01","23:00","","7.3","","-1.7","","53","","","","23","","11","","16.1","","87.37","","","","","","Mostly Cloudy"
"-114.01","51.12","CALGARY INTL A","3031092","2024-02-02 00:00","2024","02","02","00:00","","4.8","","-1.2","","65","","","","25","","5","","24.1","","87.37","","","","","","NA"
"-114.01","51.12","CALGARY INTL A","3031092","2024-02-02 01:00","2024","02","02","01:00","","4.0","","-1.6","","67","","","","21","","3","","24.1","","87.36","","","","","","NA"
"-114.01","51.12","CALGARY INTL A","3031092","2024-02-02 02:00","2024","02","02","02:00","","1.2","","-1.8","","80","","","","18","","3","","24.1","","87.39","","","","","","Clear"
"-114.01","51.12","CALGARY INTL A","3031092","2024-02-02 03:00","2024","02","02","03:00","","2.1","","-1.6","","77","","","","26","","4","","24.1","","87.39","","","","","","NA"
"-114.01","51.12","CALGARY INTL A","3031092","2024-02-02 04:00","2024","02","02","04:00","","0.3","","-1.6","","87","","","","16","","4","","24.1","","87.36","","","","","","NA"
"-114.01","51.12","CALGARY INTL A","3031092","2024-02-02 05:00","2024","02","02","05:00","","-0.1","","-1.9","","88","","","","36","","3","","24.1","","87.35","","","","-1","","Clear"
"-114.01","51.12","CALGARY INTL A","3031092","2024-02-02 06:00","2024","02","02","06:00","","-0.2","","-2.3","","85","","","","20","","10","","24.1","","87.35","","","","-4","","NA"
"-114.01","51.12","CALGARY INTL A","3031092","2024-02-02 07:00","2024","02","02","07:00","","1.1","","-2.3","","79","","","","22","","6","","24.1","","87.37","","","","","","NA"
"-114.01","51.12","CALGARY INTL A","3031092","2024-02-02 08:00","2024","02","02","08:00","","0.9","","-2.6","","78","","","","","","0","","64.4","","87.35","","","","","","Mostly Cloudy"
"-114.01","51.12","CALGARY INTL A","3031092","2024-02-02 09:00","2024","02","02","09:00","","1.7","","-1.4","","80","","","","17","","8","","64.4","","87.38","","","","","","NA"
"-114.01","51.12","CALGARY INTL A","3031092","2024-02-02 10:00","2024","02","02","10:00","","4.3","","-0.9","","68","","","","20","","10","","64.4","","87.41","","","","","","NA"
"-114.01","51.12","CALGARY INTL A","3031092","2024-02-02 11:00","2024","02","02","11:00","","6.8","","-0.2","","61","","","","21","","9","","64.4","","87.42","","","","","","Mostly Cloudy"
"-114.01","51.12","CALGARY INTL A","3031092","2024-02-02 12:00","2024","02","02","12:00","","8.9","","-0.1","","53","","","","18","","7","","64.4","","87.42","","","","","","NA"
"-114.01","51.12","CALGARY INTL A","3031092","2024-02-02 13:00","2024","02","02","13:00","","10.9","","-0.4","","45","","","","23","","8","","64.4","","87.41","","","","","","NA"
"-114.01","51.12","CALGARY INTL A","3031092","2024-02-02 14:00","2024","02","02","14:00","","11.9","","-0.6","","42","","","","19","","8","","64.4","","87.39","","","","","","Mostly Cloudy"
"-114.01","51.12","CALGARY INTL A","3031092","2024-02-02 15:00","2024","02","02","15:00","","11.3","","0.7","","48","","","","17","","9","","64.4","","87.40","","","","","","NA"
"-114.01","51.12","CALGARY INTL A","3031092","2024-02-02 16:00","2024","02","02","16:00","","9.9","","-0.3","","49","","","","18","","7","","48.3","","87.44","","","","","","NA"
"-114.01","51.12","CALGARY INTL A","3031092","2024-02-02 17:00","2024","02","02","17:00","","10.0","","-1.1","","46","","","","18","","5","","32.2","","87.46","","","","","","Cloudy"
"-114.01","51.12","CALGARY INTL A","3031092","2024-02-02 18:00","2024","02","02","18:00","","4.2","","0.0","","74","","","","5","","11","","24.1","","87.50","","","","","","NA"
"-114.01","51.12","CALGARY INTL A","3031092","2024-02-02 19:00","2024","02","02","19:00","","4.0","","0.4","","78","","","","1","","5","","24.1","","87.54","","","","","","NA"
"-114.01","51.12","CALGARY INTL A","3031092","2024-02-02 20:00","2024","02","02","20:00","","2.3","","0.6","","89","","","","34","","9","","16.1","","87.60","","","","","","Cloudy"
"-114.01","51.12","CALGARY INTL A","3031092","2024-02-02 21:00","2024","02","02","21:00","","2.2","","0.2","","86","","","","35","","5","","16.1","","87.62","","","","","","NA"
"-114.01","51.12","CALGARY INTL A","3031092","2024-02-02 22:00","2024","02","02","22:00","","3.1","","0.4","","82","","","","35","","8","","16.1","","87.63","","","","","","NA"
"-114.01","51.12","CALGARY INTL A","3031092","2024-02-02 23:00","2024","02","02","23:00","","2.5","","0.0","","84","","","","34","","8","","16.1","","87.67","","","","","","Mostly Cloudy"
"-114.01","51.12","CALGARY INTL A","3031092","2024-02-03 00:00","2024","02","03","00:00","","3.8","","-0.5","","74","","","","34","","7","","12.9","","87.74","","","","","","NA"
"-114.01","51.12","CALGARY INTL A","3031092","2024-02-03 01:00","2024","02","03","01:00","","2.9","","-0.9","","76","","","","36","","9","","16.1","","87.73","","","","","","NA"
"-114.01","51.12","CALGARY INTL A","3031092","2024-02-03 02:00","2024","02","03","02:00","","4.9","","-0.8","","66","","","","34","","18","","16.1","","87.78","","","","","","Mostly Cloudy"
"-114.01","51.12","CALGARY INTL A","3031092","2024-02-03 03:00","2024","02","03","03:00","","4.7","","-0.7","","68","","","","33","","14","","16.1","","87.82","","","","","","NA"
"-114.01","51.12","CALGARY INTL A","3031092","2024-02-03 04:00","2024","02","03","04:00","","5.1","","-0.3","","68","","","","34","","19","","16.1","","87.87","","","","","","NA"
"-114.01","51.12","CALGARY INTL A","3031092","2024-02-03 05:00","2024","02","03","05:00","","5.2","","-0.2","","68","","","","35","","14","","12.9","","87.93","","","","","","Cloudy"
"-114.01","51.12","CALGARY INTL A","3031092","2024-02-03 06:00","2024","02","03","06:00","","5.5","","0.4","","70","","","","34","","22","","12.9","","87.98","","","","","","NA"
"-114.01","51.12","CALGARY INTL A","3031092","2024-02-03 07:00","2024","02","03","07:00","","5.2","","0.4","","71","","","","33","","22","","12.9","","88.05","","","","","","NA"
"-114.01","51.12","CALGARY INTL A","3031092","2024-02-03 08:00","2024","02","03","08:00","","4.6","","0.0","","72","","","","34","","26","","24.1","","88.17","","","","","","Cloudy"
"-114.01","51.12","CALGARY INTL A","3031092","2024-02-03 09:00","2024","02","03","09:00","","3.8","","0.1","","77","","","","35","","31","","24.1","","88.27","","","","","","NA"
"-114.01","51.12","CALGARY INTL A","3031092","2024-02-03 10:00","2024","02","03","10:00","","3.5","","0.4","","81","","","","33","","26","","24.1","","88.36","","","","","","NA"
"-114.01","51.12","CALGARY INTL A","3031092","2024-02-03 11:00","2024","02","03","11:00","","3.4","","0.7","","82","","","","34","","32","","14.5","","88.44","","","","","","Rain"
"-114.01","51.12","CALGARY INTL A","3031092","2024-02-03 12:00","2024","02","03","12:00","","2.8","","1.2","","89","","","","34","","21","","8.1","","88.54","","","","","","Rain"
"-114.01","51.12","CALGARY INTL A","3031092","2024-02-03 13:00","2024","02","03","13:00","","2.1","","0.5","","89","","","","35","","23","","6.4","","88.61","","","","","","Rain"
"-114.01","51.12","CALGARY INTL A","3031092","2024-02-03 14:00","2024","02","03","14:00","","2.7","","-0.4","","80","","","","35","","29","","14.5","","88.64","","","","","","Cloudy"
"-114.01","51.12","CALGARY INTL A","3031092","2024-02-03 15:00","2024","02","03","15:00","","2.3","","-4.0","","63","","","","35","","31","","14.5","","88.72","","","","","","NA"
"-114.01","51.12","CALGARY INTL A","3031092","2024-02-03 16:00","2024","02","03","16:00","","1.7","","-5.0","","61","","","","36","","33","","24.1","","88.82","","","","","","NA"
"-114.01","51.12","CALGARY INTL A","3031092","2024-02-03 17:00","2024","02","03","17:00","","0.9","","-6.9","","56","","","","36","","25","","24.1","","88.94","","","","","","Cloudy"
"-114.01","51.12","CALGARY INTL A","3031092","2024-02-03 18:00","2024","02","03","18:00","","0.3","","-7.7","","55","","","","36","","31","","24.1","","89.08","","","","","","NA"
"-114.01","51.12","CALGARY INTL A","3031092","2024-02-03 19:00","2024","02","03","19:00","","-0.4","","-7.3","","59","","","","1","","26","","24.1","","89.18","","","","-7","","NA"
"-114.01","51.12","CALGARY INTL A","3031092","2024-02-03 20:00","2024","02","03","20:00","","-1.1","","-7.3","","63","","","","36","","25","","16.1","","89.27","","","","-7","","Cloudy"
"-114.01","51.12","CALGARY INTL A","3031092","2024-02-03 21:00","2024","02","03","21:00","","-2.2","","-6.1","","75","","","","36","","28","","9.7","","89.35","","","","-9","","Snow,Fog"
"-114.01","51.12","CALGARY INTL A","3031092","2024-02-03 22:00","2024","02","03","22:00","","-3.1","","-5.4","","84","","","","33","","21","","8.1","","89.36","","","","-9","","Snow,Fog"
"-114.01","51.12","CALGARY INTL A","3031092","2024-02-03 23:00","2024","02","03","23:00","","-3.0","","-6.3","","78","","","","33","","22","","12.9","","89.35","","","","-9","","Cloudy"
"-114.01","51.12","CALGARY INTL A","3031092","2024-02-04 00:00","2024","02","04","00:00","","-2.7","","-7.7","","68","","","","33","","16","","12.9","","89.37","","","","-8","","NA"
"-114.01","51.12","CALGARY INTL A","3031092","2024-02-04 01:00","2024","02","04","01:00","","-3.3","","-8.5","","67","","","","1","","14","","3.2","","89.40","","","","-8","","Snow,Fog"
"-114.01","51.12","CALGARY INTL A","3031092","2024-02-04 02:00","2024","02","04","02:00","","-4.0","","-6.7","","82","","","","1","","13","","2.0","","89.39","","","","-9","","Snow,Fog"
"-114.01","51.12","CALGARY INTL A","3031092","2024-02-04 03:00","2024","02","04","03:00","","-4.9","","-7.3","","83","","","","4","","20","","3.2","","89.42","","","","-11","","Snow,Fog"
"-114.01","51.12","CALGARY INTL A","3031092","2024-02-04 04:00","2024","02","04","04:00","","-5.4","","-7.5","","85","","","","4","","19","","6.4","","89.39","","","","-12","","Snow,Fog"
"-114.01","51.12","CALGARY INTL A","3031092","2024-02-04 05:00","2024","02","04","05:00","","-5.7","","-7.7","","86","","","","4","","22","","4.0","","89.39","","","","-13","","Snow,Fog"
"-114.01","51.12","CALGARY INTL A","3031092","2024-02-04 06:00","2024","02","04","06:00","","-6.3","","-8.4","","85","","","","5","","24","","4.0","","89.41","","","","-14","","Snow,Fog"
"-114.01","51.12","CALGARY INTL A","3031092","2024-02-04 07:00","2024","02","04","07:00","","-6.6","","-8.2","","89","","","","2","","14","","4.0","","89.39","","","","-12","","Snow,Fog"
"-114.01","51.12","CALGARY INTL A","3031092","2024-02-04 08:00","2024","02","04","08:00","","-6.9","","-8.6","","88","","","","36","","13","","2.8","","89.33","","","","-12","","Snow"
"-114.01","51.12","CALGARY INTL A","3031092","2024-02-04 09:00","2024","02","04","09:00","","-6.5","","-7.9","","90","","","","5","","10","","2.4","","89.27","","","","-11","","Snow"
"-114.01","51.12","CALGARY INTL A","3031092","2024-02-04 10:00","2024","02","04","10:00","","-6.1","","-7.8","","88","","","","1","","12","","1.6","","89.25","","","","-11","","Snow"
"-114.01","51.12","CALGARY INTL A","3031092","2024-02-04 11:00","2024","02","04","11:00","","-6.2","","-7.8","","88","","","","3","","10","","1.2","","89.22","","","","-11","","Snow"
"-114.01","51.12","CALGARY INTL A","3031092","2024-02-04 12:00","2024","02","04","12:00","","-6.0","","-7.7","","88","","","","2","","13","","1.0","","89.15","","","","-11","","Snow"
"-114.01","51.12","CALGARY INTL A","3031092","2024-02-04 13:00","2024","02","04","13:00","","-5.9","","-7.7","","87","","","","3","","15","","1.6","","89.05","","","","-12","","Snow"
"-114.01","51.12","CALGARY INTL A","3031092","2024-02-04 14:00","2024","02","04","14:00","","-5.8","","-7.9","","85","","","","4","","15","","2.4","","88.96","","","","-12","","Snow"
"-114.01","51.12","CALGARY INTL A","3031092","2024-02-04 15:00","2024","02","04","15:00","","-6.2","","-8.4","","85","","","","6","","13","","2.4","","88.91","","","","-12","","Snow"
"-114.01","51.12","CALGARY INTL A","3031092","2024-02-04 16:00","2024","02","04","16:00","","-6.0","","-8.2","","85","","","","3","","12","","2.4","","88.86","","","","-11","","Snow"
"-114.01","51.12","CALGARY INTL A","3031092","2024-02-04 17:00","2024","02","04","17:00","","-6.5","","-8.7","","84","","","","6","","15","","11.3","","88.81","","","","-12","","Cloudy"
"-114.01","51.12","CALGARY INTL A","3031092","2024-02-04 18:00","2024","02","04","18:00","","-6.7","","-8.6","","86","","","","10","","15","","16.1","","88.76","","","","-13","","NA"
"-114.01","51.12","CALGARY INTL A","3031092","2024-02-04 19:00","2024","02","04","19:00","","-7.0","","-8.6","","88","","","","10","","10","","16.1","","88.69","","","","-12","","NA"
"-114.01","51.12","CALGARY INTL A","3031092","2024-02-04 20:00","2024","02","04","20:00","","-7.0","","-8.7","","88","","","","12","","8","","9.7","","88.63","","","","-11","","Snow,Fog"
"-114.01","51.12","CALGARY INTL A","3031092","2024-02-04 21:00","2024","02","04","21:00","","-7.0","","-8.7","","88","","","","16","","14","","9.7","","88.61","","","","-13","","Snow,Fog"
"-114.01","51.12","CALGARY INTL A","3031092","2024-02-04 22:00","2024","02","04","22:00","","-7.1","","-8.8","","88","","","","14","","12","","9.7","","88.55","","","","-12","","Snow,Fog"
"-114.01","51.12","CALGARY INTL A","3031092","2024-02-04 23:00","2024","02","04","23:00","","-6.8","","-8.2","","90","","","","16","","12","","9.7","","88.48","","","","-12","","Fog"
"-114.01","51.12","CALGARY INTL A","3031092","2024-02-05 00:00","2024","02","05","00:00","","-6.6","","-8.1","","89","","","","15","","8","","8.1","","88.42","","","","-10","","Fog"
"-114.01","51.12","CALGARY INTL A","3031092","2024-02-05 01:00","2024","02","05","01:00","","-6.7","","-8.1","","90","","","","10","","7","","8.1","","88.34","","","","-10","","Fog"
"-114.01","51.12","CALGARY INTL A","3031092","2024-02-05 02:00","2024","02","05","02:00","","-7.0","","-8.2","","91","","","","17","","8","","9.7","","88.32","","","","-11","","Fog"
"-114.01","51.12","CALGARY INTL A","3031092","2024-02-05 03:00","2024","02","05","03:00","","-7.4","","-8.2","","94","","","","18","","8","","4.0","","88.28","","","","-11","","Fog"
"-114.01","51.12","CALGARY INTL A","3031092","2024-02-05 04:00","2024","02","05","04:00","","-8.2","","-8.7","","97","","","","17","","7","","4.0","","88.28","","","","-12","","Fog"
"-114.01","51.12","CALGARY INTL A","3031092","2024-02-05 05:00","2024","02","05","05:00","","-7.5","","-8.3","","94","","","","15","","10","","4.0","","88.27","","","","-12","","Fog"
"-114.01","51.12","CALGARY INTL A","3031092","2024-02-05 06:00","2024","02","05","06:00","","-8.2","","-9.1","","93","","","","5","","9","","2.0","","88.23","","","","-13","","Fog"
"-114.01","51.12","CALGARY INTL A","3031092","2024-02-05 07:00","2024","02","05","07:00","","-10.8","","-12.0","","91","","","","8","","10","","1.6","","88.24","","","","-16","","Fog"
"-114.01","51.12","CALGARY INTL A","3031092","2024-02-05 08:00","2024","02","05","08:00","","-9.0","","-10.1","","92","","","","30","","8","","6.4","","88.32","","","","-13","","Fog"
"-114.01","51.12","CALGARY INTL A","3031092","2024-02-05 09:00","2024","02","05","09:00","","-10.1","","-11.2","","91","","","","32","","4","","6.4","","88.32","","","","-12","","Fog"
"-114.01","51.12","CALGARY INTL A","3031092","2024-02-05 10:00","2024","02","05","10:00","","-8.2","","-9.2","","93","","","","20","","8","","8.1","","88.34","","","","-12","","Fog"
"-114.01","51.12","CALGARY INTL A","3031092","2024-02-05 11:00","2024","02","05","11:00","","-6.2","","-7.9","","88","","","","10","","3","","16.1","","88.36","","","","-8","","Mostly Cloudy"
"-114.01","51.12","CALGARY INTL A","3031092","2024-02-05 12:00","2024","02","05","12:00","","-4.2","","-8.2","","74","","","","9","","14","","12.9","","88.33","","","","-9","","NA"
"-114.01","51.12","CALGARY INTL A","3031092","2024-02-05 13:00","2024","02","05","13:00","","-3.4","","-7.9","","71","","","","9","","11","","16.1","","88.33","","","","-8","","NA"
"-114.01","51.12","CALGARY INTL A","3031092","2024-02-05 14:00","2024","02","05","14:00","","-2.5","","-7.4","","69","","","","10","","6","","12.9","","88.34","","","","-5","","Cloudy"
"-114.01","51.12","CALGARY INTL A","3031092","2024-02-05 15:00","2024","02","05","15:00","","-2.4","","-6.9","","71","","","","8","","14","","16.1","","88.35","","","","-7","","NA"
"-114.01","51.12","CALGARY INTL A","3031092","2024-02-05 16:00","2024","02","05","16:00","","-4.2","","-7.3","","79","","","","6","","15","","16.1","","88.40","","","","-10","","NA"
"-114.01","51.12","CALGARY INTL A","3031092","2024-02-05 17:00","2024","02","05","17:00","","-4.6","","-7.2","","83","","","","5","","12","","12.9","","88.44","","","","-9","","Cloudy"
"-114.01","51.12","CALGARY INTL A","3031092","2024-02-05 18:00","2024","02","05","18:00","","-5.0","","-7.4","","84","","","","8","","17","","12.9","","88.48","","","","-11","","NA"
"-114.01","51.12","CALGARY INTL A","3031092","2024-02-05 19:00","2024","02","05","19:00","","-5.1","","-7.4","","84","","","","9","","13","","12.9","","88.50","","","","-10","","NA"
"-114.01","51.12","CALGARY INTL A","3031092","2024-02-05 20:00","2024","02","05","20:00","","-5.4","","-7.6","","84","","","","9","","8","","12.9","","88.53","","","","-9","","Mostly Cloudy"
"-114.01","51.12","CALGARY INTL A","3031092","2024-02-05 21:00","2024","02","05","21:00","","-6.1","","-7.9","","87","","","","9","","16","","12.9","","88.53","","","","-12","","NA"
"-114.01","51.12","CALGARY INTL A","3031092","2024-02-05 22:00","2024","02","05","22:00","","-6.2","","-8.2","","86","","","","7","","17","","12.9","","88.54","","","","-12","","NA"
"-114.01","51.12","CALGARY INTL A","3031092","2024-02-05 23:00","2024","02","05","23:00","","-6.4","","-8.1","","88","","","","10","","11","","6.4","","88.54","","","","-11","","Snow"
"-114.01","51.12","CALGARY INTL A","3031092","2024-02-06 00:00","2024","02","06","00:00","","-7.2","","-8.6","","90","","","","11","","9","","6.4","","88.56","","","","-12","","Snow"
"-114.01","51.12","CALGARY INTL A","3031092","2024-02-06 01:00","2024","02","06","01:00","","-7.4","","-8.6","","92","","","","13","","11","","4.8","","88.53","","","","-12","","Fog"
"-114.01","51.12","CALGARY INTL A","3031092","2024-02-06 02:00","2024","02","06","02:00","","-8.1","","-9.1","","93","","","","13","","12","","4.8","","88.52","","","","-14","","Fog"
"-114.01","51.12","CALGARY INTL A","3031092","2024-02-06 03:00","2024","02","06","03:00","","-8.4","","-9.3","","93","","","","14","","11","","4.8","","88.50","","","","-14","","Fog"
"-114.01","51.12","CALGARY INTL A","3031092","2024-02-06 04:00","2024","02","06","04:00","","-8.3","","-9.2","","94","","","","18","","9","","4.8","","88.46","","","","-13","","Fog"
"-114.01","51.12","CALGARY INTL A","3031092","2024-02-06 05:00","2024","02","06","05:00","","-8.2","","-9.2","","93","","","","15","","10","","4.0","","88.44","","","","-13","","Fog"
"-114.01","51.12","CALGARY INTL A","3031092","2024-02-06 06:00","2024","02","06","06:00","","-8.4","","-9.2","","94","","","","16","","11","","4.0","","88.42","","","","-14","","Fog"
"-114.01","51.12","CALGARY INTL A","3031092","2024-02-06 07:00","2024","02","06","07:00","","-8.2","","-9.0","","94","","","","13","","9","","3.6","","88.34","","","","-13","","Fog"
"-114.01","51.12","CALGARY INTL A","3031092","2024-02-06 08:00","2024","02","06","08:00","","-8.2","","-8.9","","94","","","","14","","13","","2.8","","88.35","","","","-14","","Fog"
"-114.01","51.12","CALGARY INTL A","3031092","2024-02-06 09:00","2024","02","06","09:00","","-8.1","","-8.9","","94","","","","16","","12","","1.2","","88.36","","","","-14","","Fog"
"-114.01","51.12","CALGARY INTL A","3031092","2024-02-06 10:00","2024","02","06","10:00","","-7.9","","-8.7","","94","","","","15","","14","","0.8","","88.31","","","","-14","","Freezing Fog"
"-114.01","51.12","CALGARY INTL A","3031092","2024-02-06 11:00","2024","02","06","11:00","","-7.4","","-8.2","","94","","","","16","","14","","0.6","","88.28","","","","-13","","Freezing Fog"
"-114.01","51.12","CALGARY INTL A","3031092","2024-02-06 12:00","2024","02","06","12:00","","-7.0","","-7.7","","95","","","","16","","16","","0.6","","88.21","","","","-13","","Freezing Fog"
"-114.01","51.12","CALGARY INTL A","3031092","2024-02-06 13:00","2024","02","06","13:00","","-6.7","","-7.5","","94","","","","16","","19","","3.2","","88.16","","","","-14","","Fog"
"-114.01","51.12","CALGARY INTL A","3031092","2024-02-06 14:00","2024","02","06","14:00","","-6.7","","-7.4","","95","","","","18","","15","","3.2","","88.08","","","","-13","","Fog"
"-114.01","51.12","CALGARY INTL A","3031092","2024-02-06 15:00","2024","02","06","15:00","","-6.6","","-7.3","","95","","","","16","","16","","4.8","","88.04","","","","-13","","Fog"
"-114.01","51.12","CALGARY INTL A","3031092","2024-02-06 16:00","2024","02","06","16:00","","-6.5","","-7.3","","94","","","","16","","15","","4.8","","87.98","","","","-12","","Fog"
"-114.01","51.12","CALGARY INTL A","3031092","2024-02-06 17:00","2024","02","06","17:00","","-6.6","","-7.2","","95","","","","18","","12","","2.4","","87.96","","","","-12","","Fog"
"-114.01","51.12","CALGARY INTL A","3031092","2024-02-06 18:00","2024","02","06","18:00","","-7.2","","-7.9","","95","","","","15","","17","","1.6","","87.97","","","","-14","","Fog"
"-114.01","51.12","CALGARY INTL A","3031092","2024-02-06 19:00","2024","02","06","19:00","","-7.0","","-7.7","","95","","","","18","","12","","3.2","","87.96","","","","-12","","Fog"
"-114.01","51.12","CALGARY INTL A","3031092","2024-02-06 20:00","2024","02","06","20:00","","-7.2","","-7.9","","94","","","","15","","10","","0.8","","87.95","","","","-12","","Freezing Fog"
"-114.01","51.12","CALGARY INTL A","3031092","2024-02-06 21:00","2024","02","06","21:00","","-7.2","","-8.0","","94","","","","17","","10","","0.4","","87.93","","","","-12","","Freezing Fog"
"-114.01","51.12","CALGARY INTL A","3031092","2024-02-06 22:00","2024","02","06","22:00","","-7.3","","-8.1","","94","","","","16","","10","","1.0","","87.95","","","","-12","","Fog"
"-114.01","51.12","CALGARY INTL A","3031092","2024-02-06 23:00","2024","02","06","23:00","","-7.4","","-8.2","","94","","","","16","","9","","1.0","","87.94","","","","-12","","Fog"
"-114.01","51.12","CALGARY INTL A","3031092","2024-02-07 00:00","2024","02","07","00:00","","-7.5","","-8.3","","94","","","","16","","5","","0.8","","87.94","","","","-10","","Freezing Fog"
"-114.01","51.12","CALGARY INTL A","3031092","2024-02-07 01:00","2024","02","07","01:00","","-7.5","","-8.2","","94","","","","29","","5","","2.0","","87.92","","","","-10","","Fog"
"-114.01","51.12","CALGARY INTL A","3031092","2024-02-07 02:00","2024","02","07","02:00","","-7.5","","-8.3","","94","","","","12","","6","","2.8","","87.93","","","","-11","","Fog"
"-114.01","51.12","CALGARY INTL A","3031092","2024-02-07 03:00","2024","02","07","03:00","","-7.4","","-8.2","","94","","","","8","","4","","2.0","","87.92","","","","-9","","Fog"
"-114.01","51.12","CALGARY INTL A","3031092","2024-02-07 04:00","2024","02","07","04:00","","-7.4","","-8.2","","94","","","","19","","5","","1.0","","87.94","","","","-10","","Fog"
"-114.01","51.12","CALGARY INTL A","3031092","2024-02-07 05:00","2024","02","07","05:00","","-7.3","","-8.1","","94","","","","3","","8","","1.0","","87.97","","","","-11","","Fog"
"-114.01","51.12","CALGARY INTL A","3031092","2024-02-07 06:00","2024","02","07","06:00","","-7.8","","-8.6","","94","","","","33","","10","","1.6","","87.98","","","","-13","","Fog"
"-114.01","51.12","CALGARY INTL A","3031092","2024-02-07 07:00","2024","02","07","07:00","","-7.8","","-8.7","","94","","","","35","","11","","2.4","","87.96","","","","-13","","Fog"
"-114.01","51.12","CALGARY INTL A","3031092","2024-02-07 08:00","2024","02","07","08:00","","-7.7","","-8.6","","94","","","","2","","14","","1.6","","87.95","","","","-14","","Fog"
"-114.01","51.12","CALGARY INTL A","3031092","2024-02-07 09:00","2024","02","07","09:00","","-7.9","","-8.8","","94","","","","1","","11","","0.4","","88.01","","","","-13","","Snow Grains,Freezing Fog"
"-114.01","51.12","CALGARY INTL A","3031092","2024-02-07 10:00","2024","02","07","10:00","","-7.5","","-8.3","","94","","","","3","","17","","0.8","","88.04","","","","-14","","Snow Grains,Freezing Fog"
"-114.01","51.12","CALGARY INTL A","3031092","2024-02-07 11:00","2024","02","07","11:00","","-7.4","","-8.2","","94","","","","2","","14","","0.4","","88.08","","","","-13","","Snow Grains,Freezing Fog"
"-114.01","51.12","CALGARY INTL A","3031092","2024-02-07 12:00","2024","02","07","12:00","","-7.2","","-8.0","","94","","","","2","","11","","2.0","","88.08","","","","-12","","Snow Grains,Fog"
"-114.01","51.12","CALGARY INTL A","3031092","2024-02-07 13:00","2024","02","07","13:00","","-7.2","","-8.0","","94","","","","2","","14","","1.0","","88.06","","","","-13","","Snow Grains,Fog"
"-114.01","51.12","CALGARY INTL A","3031092","2024-02-07 14:00","2024","02","07","14:00","","-7.2","","-7.9","","94","","","","3","","16","","2.4","","88.04","","","","-14","","Fog"
"-114.01","51.12","CALGARY INTL A","3031092","2024-02-07 15:00","2024","02","07","15:00","","-7.1","","-7.9","","94","","","","4","","17","","1.2","","88.04","","","","-14","","Fog"
"-114.01","51.12","CALGARY INTL A","3031092","2024-02-07 16:00","2024","02","07","16:00","","-7.5","","-8.3","","94","","","","36","","12","","1.2","","88.06","","","","-13","","Fog"
"-114.01","51.12","CALGARY INTL A","3031092","2024-02-07 17:00","2024","02","07","17:00","","-7.7","","-8.5","","94","","","","36","","13","","1.6","","88.11","","","","-13","","Fog"
"-114.01","51.12","CALGARY INTL A","3031092","2024-02-07 18:00","2024","02","07","18:00","","-8.1","","-9.0","","93","","","","4","","17","","2.8","","88.17","","","","-15","","Fog"
"-114.01","51.12","CALGARY INTL A","3031092","2024-02-07 19:00","2024","02","07","19:00","","-8.1","","-9.0","","93","","","","3","","12","","2.8","","88.20","","","","-14","","Fog"
"-114.01","51.12","CALGARY INTL A","3031092","2024-02-07 20:00","2024","02","07","20:00","","-8.0","","-8.9","","93","","","","1","","12","","1.2","","88.20","","","","-13","","Fog"
"-114.01","51.12","CALGARY INTL A","3031092","2024-02-07 21:00","2024","02","07","21:00","","-7.9","","-8.8","","94","","","","4","","10","","2.4","","88.19","","","","-13","","Fog"
"-114.01","51.12","CALGARY INTL A","3031092","2024-02-07 22:00","2024","02","07","22:00","","-7.7","","-8.6","","94","","","","4","","11","","2.4","","88.19","","","","-13","","Snow Grains,Fog"
"-114.01","51.12","CALGARY INTL A","3031092","2024-02-07 23:00","2024","02","07","23:00","","-7.7","","-8.5","","94","","","","6","","10","","2.4","","88.17","","","","-13","","Fog"
"-114.01","51.12","CALGARY INTL A","3031092","2024-02-08 00:00","2024","02","08","00:00","","-7.5","","-8.3","","94","","","","6","","10","","3.2","","88.17","","","","-12","","Fog"
"-114.01","51.12","CALGARY INTL A","3031092","2024-02-08 01:00","2024","02","08","01:00","","-7.5","","-8.3","","94","","","","8","","13","","4.0","","88.17","","","","-13","","Fog"
"-114.01","51.12","CALGARY INTL A","3031092","2024-02-08 02:00","2024","02","08","02:00","","-7.4","","-8.2","","94","","","","8","","17","","4.0","","88.15","","","","-14","","Fog"
"-114.01","51.12","CALGARY INTL A","3031092","2024-02-08 03:00","2024","02","08","03:00","","-7.3","","-8.1","","94","","","","9","","17","","2.4","","88.16","","","","-14","","Fog"
"-114.01","51.12","CALGARY INTL A","3031092","2024-02-08 04:00","2024","02","08","04:00","","-7.2","","-8.0","","94","","","","10","","15","","2.0","","88.16","","","","-13","","Fog"
"-114.01","51.12","CALGARY INTL A","3031092","2024-02-08 05:00","2024","02","08","05:00","","-7.0","","-7.8","","95","","","","16","","14","","1.6","","88.17","","","","-13","","Fog"
"-114.01","51.12","CALGARY INTL A","3031092","2024-02-08 06:00","2024","02","08","06:00","","-6.8","","-7.5","","95","","","","13","","9","","1.6","","88.17","","","","-11","","Fog"
"-114.01","51.12","CALGARY INTL A","3031092","2024-02-08 07:00","2024","02","08","07:00","","-6.8","","-7.5","","95","","","","13","","9","","1.6","","88.19","","","","-11","","Fog"
"-114.01","51.12","CALGARY INTL A","3031092","2024-02-08 08:00","2024","02","08","08:00","","-6.8","","-7.5","","95","","","","15","","9","","1.2","","88.20","","","","-11","","Fog"
"-114.01","51.12","CALGARY INTL A","3031092","2024-02-08 09:00","2024","02","08","09:00","","-6.5","","-7.1","","95","","","","16","","13","","0.8","","88.21","","","","-12","","Freezing Fog"
"-114.01","51.12","CALGARY INTL A","3031092","2024-02-08 10:00","2024","02","08","10:00","","-6.1","","-6.7","","95","","","","17","","12","","1.6","","88.21","","","","-11","","Fog"
"-114.01","51.12","CALGARY INTL A","3031092","2024-02-08 11:00","2024","02","08","11:00","","-5.6","","-6.2","","96","","","","15","","6","","2.0","","88.23","","","","-8","","Fog"
"-114.01","51.12","CALGARY INTL A","3031092","2024-02-08 12:00","2024","02","08","12:00","","-5.2","","-5.7","","96","","","","14","","12","","6.4","","88.22","","","","-10","","Fog"
"-114.01","51.12","CALGARY INTL A","3031092","2024-02-08 13:00","2024","02","08","13:00","","-5.2","","-5.7","","97","","","","16","","3","","8.1","","88.19","","","","-7","","Fog"
"-114.01","51.12","CALGARY INTL A","3031092","2024-02-08 14:00","2024","02","08","14:00","","-5.1","","-5.5","","97","","","","16","","9","","8.1","","88.16","","","","-9","","Fog"
"-114.01","51.12","CALGARY INTL A","3031092","2024-02-08 15:00","2024","02","08","15:00","","-5.0","","-5.4","","97","","","","36","","3","","8.1","","88.18","","","","-6","","Fog"
"-114.01","51.12","CALGARY INTL A","3031092","2024-02-08 16:00","2024","02","08","16:00","","-4.8","","-5.2","","97","","","","8","","12","","8.1","","88.22","","","","-10","","Fog"
"-114.01","51.12","CALGARY INTL A","3031092","2024-02-08 17:00","2024","02","08","17:00","","-4.9","","-5.5","","96","","","","1","","13","","8.1","","88.27","","","","-10","","Fog"
"-114.01","51.12","CALGARY INTL A","3031092","2024-02-08 18:00","2024","02","08","18:00","","-5.0","","-6.0","","93","","","","3","","17","","9.7","","88.32","","","","-11","","Fog"
"-114.01","51.12","CALGARY INTL A","3031092","2024-02-08 19:00","2024","02","08","19:00","","-5.0","","-6.9","","86","","","","36","","11","","9.7","","88.37","","","","-10","","Fog"
"-114.01","51.12","CALGARY INTL A","3031092","2024-02-08 20:00","2024","02","08","20:00","","-5.5","","-7.0","","89","","","","3","","15","","6.4","","88.41","","","","-11","","Snow,Fog"
"-114.01","51.12","CALGARY INTL A","3031092","2024-02-08 21:00","2024","02","08","21:00","","-5.7","","-7.1","","90","","","","36","","13","","4.8","","88.45","","","","-11","","Fog"
"-114.01","51.12","CALGARY INTL A","3031092","2024-02-08 22:00","2024","02","08","22:00","","-5.7","","-7.1","","90","","","","36","","12","","4.8","","88.49","","","","-11","","Snow,Fog"
"-114.01","51.12","CALGARY INTL A","3031092","2024-02-08 23:00","2024","02","08","23:00","","-5.8","","-7.1","","90","","","","3","","17","","3.2","","88.51","","","","-12","","Snow"
"-114.01","51.12","CALGARY INTL A","3031092","2024-02-09 00:00","2024","02","09","00:00","","-5.7","","-6.7","","92","","","","1","","7","","2.4","","88.58","","","","-9","","Snow,Fog"
"-114.01","51.12","CALGARY INTL A","3031092","2024-02-09 01:00","2024","02","09","01:00","","-5.3","","-6.8","","89","","","","36","","12","","2.4","","88.62","","","","-10","","Snow,Fog"
"-114.01","51.12","CALGARY INTL A","3031092","2024-02-09 02:00","2024","02","09","02:00","","-5.4","","-7.3","","87","","","","36","","20","","4.0","","88.64","","","","-12","","Snow,Fog"
"-114.01","51.12","CALGARY INTL A","3031092","2024-02-09 03:00","2024","02","09","03:00","","-5.8","","-7.7","","86","","","","34","","13","","9.7","","88.72","","","","-11","","Snow,Fog"
"-114.01","51.12","CALGARY INTL A","3031092","2024-02-09 04:00","2024","02","09","04:00","","-6.1","","-8.4","","84","","","","36","","12","","9.7","","88.74","","","","-11","","Fog"
"-114.01","51.12","CALGARY INTL A","3031092","2024-02-09 05:00","2024","02","09","05:00","","-6.5","","-8.8","","84","","","","35","","12","","14.5","","88.78","","","","-12","","Cloudy"
"-114.01","51.12","CALGARY INTL A","3031092","2024-02-09 06:00","2024","02","09","06:00","","-6.2","","-8.7","","83","","","","36","","12","","14.5","","88.83","","","","-11","","NA"
"-114.01","51.12","CALGARY INTL A","3031092","2024-02-09 07:00","2024","02","09","07:00","","-6.2","","-8.7","","83","","","","4","","10","","14.5","","88.89","","","","-11","","NA"
"-114.01","51.12","CALGARY INTL A","3031092","2024-02-09 08:00","2024","02","09","08:00","","-6.4","","-8.6","","84","","","","5","","10","","14.5","","88.95","","","","-11","","Cloudy"
"-114.01","51.12","CALGARY INTL A","3031092","2024-02-09 09:00","2024","02","09","09:00","","-6.4","","-9.2","","81","","","","5","","10","","24.1","","89.00","","","","-11","","NA"
"-114.01","51.12","CALGARY INTL A","3031092","2024-02-09 10:00","2024","02","09","10:00","","-7.2","","-9.8","","82","","","","1","","13","","24.1","","89.04","","","","-13","","NA"
"-114.01","51.12","CALGARY INTL A","3031092","2024-02-09 11:00","2024","02","09","11:00","","-6.5","","-9.4","","80","","","","4","","10","","32.2","","89.09","","","","-11","","Mostly Cloudy"
"-114.01","51.12","CALGARY INTL A","3031092","2024-02-09 12:00","2024","02","09","12:00","","-5.5","","-9.4","","74","","","","5","","11","","24.1","","89.11","","","","-10","","NA"
"-114.01","51.12","CALGARY INTL A","3031092","2024-02-09 13:00","2024","02","09","13:00","","-5.4","","-10.5","","68","","","","7","","14","","24.1","","89.10","","","","-11","","NA"
"-114.01","51.12","CALGARY INTL A","3031092","2024-02-09 14:00","2024","02","09","14:00","","-4.9","","-10.8","","64","","","","9","","17","","24.1","","89.06","","","","-11","","Mainly Clear"
"-114.01","51.12","CALGARY INTL A","3031092","2024-02-09 15:00","2024","02","09","15:00","","-4.8","","-10.2","","66","","","","10","","13","","24.1","","89.05","","","","-10","","NA"
"-114.01","51.12","CALGARY INTL A","3031092","2024-02-09 16:00","2024","02","09","16:00","","-5.1","","-10.5","","66","","","","13","","22","","24.1","","89.04","","","","-12","","NA"
"-114.01","51.12","CALGARY INTL A","3031092","2024-02-09 17:00","2024","02","09","17:00","","-5.8","","-10.2","","72","","","","13","","20","","24.1","","89.06","","","","-13","","Clear"
"-114.01","51.12","CALGARY INTL A","3031092","2024-02-09 18:00","2024","02","09","18:00","","-7.2","","-10.0","","80","","","","13","","19","","24.1","","89.09","","","","-14","","NA"
"-114.01","51.12","CALGARY INTL A","3031092","2024-02-09 19:00","2024","02","09","19:00","","-7.4","","-9.4","","86","","","","13","","16","","24.1","","89.12","","","","-14","","NA"
"-114.01","51.12","CALGARY INTL A","3031092","2024-02-09 20:00","2024","02","09","20:00","","-9.0","","-10.7","","87","","","","13","","13","","24.1","","89.10","","","","-15","","Clear"
"-114.01","51.12","CALGARY INTL A","3031092","2024-02-09 21:00","2024","02","09","21:00","","-8.9","","-10.0","","92","","","","13","","10","","24.1","","89.09","","","","-14","","NA"
"-114.01","51.12","CALGARY INTL A","3031092","2024-02-09 22:00","2024","02","09","22:00","","-9.3","","-10.5","","91","","","","15","","15","","24.1","","89.06","","","","-16","","NA"
"-114.01","51.12","CALGARY INTL A","3031092","2024-02-09 23:00","2024","02","09","23:00","","-9.5","","-11.1","","88","","","","14","","10","","24.1","","89.03","","","","-15","","Clear"
"-114.01","51.12","CALGARY INTL A","3031092","2024-02-10 00:00","2024","02","10","00:00","","-12.7","","-14.5","","86","","","","9","","12","","24.1","","89.03","","","","-19","","NA"
"-114.01","51.12","CALGARY INTL A","3031092","2024-02-10 01:00","2024","02","10","01:00","","-14.7","","-16.9","","84","","","","10","","10","","16.1","","89.00","","","","-21","","NA"
"-114.01","51.12","CALGARY INTL A","3031092","2024-02-10 02:00","2024","02","10","02:00","","-13.5","","-14.7","","91","","","","10","","11","","16.1","","88.96","","","","-20","","Clear"
"-114.01","51.12","CALGARY INTL A","3031092","2024-02-10 03:00","2024","02","10","03:00","","-13.1","","-14.6","","89","","","","9","","11","","16.1","","88.93","","","","-19","","NA"
"-114.01","51.12","CALGARY INTL A","3031092","2024-02-10 04:00","2024","02","10","04:00","","-13.7","","-15.3","","88","","","","12","","10","","16.1","","88.87","","","","-20","","NA"
"-114.01","51.12","CALGARY INTL A","3031092","2024-02-10 05:00","2024","02","10","05:00","","-12.7","","-14.9","","84","","","","18","","16","","16.1","","88.83","","","","-20","","Clear"
"-114.01","51.12","CALGARY INTL A","3031092","2024-02-10 06:00","2024","02","10","06:00","","-13.8","","-16.0","","83","","","","16","","13","","16.1","","88.78","","","","-21","","NA"
"-114.01","51.12","CALGARY INTL A","3031092","2024-02-10 07:00","2024","02","10","07:00","","-11.4","","-14.6","","78","","","","20","","15","","16.1","","88.72","","","","-18","","NA"
"-114.01","51.12","CALGARY INTL A","3031092","2024-02-10 08:00","2024","02","10","08:00","","-10.4","","-14.2","","74","","","","18","","15","","64.4","","88.68","","","","-17","","Mostly Cloudy"
"-114.01","51.12","CALGARY INTL A","3031092","2024-02-10 09:00","2024","02","10","09:00","","-8.6","","-13.7","","67","","","","18","","14","","64.4","","88.65","","","","-15","","NA"
"-114.01","51.12","CALGARY INTL A","3031092","2024-02-10 10:00","2024","02","10","10:00","","-6.7","","-12.9","","62","","","","18","","12","","64.4","","88.61","","","","-12","","NA"
"-114.01","51.12","CALGARY INTL A","3031092","2024-02-10 11:00","2024","02","10","11:00","","-2.9","","-12.1","","50","","","","20","","13","","48.3","","88.58","","","","-8","","Mostly Cloudy"
"-114.01","51.12","CALGARY INTL A","3031092","2024-02-10 12:00","2024","02","10","12:00","","-0.6","","-10.8","","46","","","","19","","16","","48.3","","88.51","","","","-5","","NA"
"-114.01","51.12","CALGARY INTL A","3031092","2024-02-10 13:00","2024","02","10","13:00","","0.4","","-10.2","","45","","","","19","","16","","64.4","","88.44","","","","","","NA"
"-114.01","51.12","CALGARY INTL A","3031092","2024-02-10 14:00","2024","02","10","14:00","","1.6","","-8.2","","48","","","","17","","10","","64.4","","88.39","","","","","","Mostly Cloudy"
"-114.01","51.12","CALGARY INTL A","3031092","2024-02-10 15:00","2024","02","10","15:00","","2.5","","-6.8","","50","","","","17","","7","","48.3","","88.41","","","","","","NA"
"-114.01","51.12","CALGARY INTL A","3031092","2024-02-10 16:00","2024","02","10","16:00","","4.8","","-6.7","","43","","","","9","","4","","48.3","","88.42","","","","","","NA"
"-114.01","51.12","CALGARY INTL A","3031092","2024-02-10 17:00","2024","02","10","17:00","","3.7","","-6.0","","49","","","","36","","9","","48.3","","88.45","","","","","","Mostly Cloudy"
"-114.01","51.12","CALGARY INTL A","3031092","2024-02-10 18:00","2024","02","10","18:00","","2.6","","-5.7","","54","","","","8","","13","","32.2","","88.45","","","","","","NA"
"-114.01","51.12","CALGARY INTL A","3031092","2024-02-10 19:00","2024","02","10","19:00","","2.1","","-6.1","","55","","","","9","","10","","24.1","","88.42","","","","","","NA"
"-114.01","51.12","CALGARY INTL A","3031092","2024-02-10 20:00","2024","02","10","20:00","","1.1","","-6.9","","56","","","","20","","12","","24.1","","88.44","","","","","","Mainly Clear"
"-114.01","51.12","CALGARY INTL A","3031092","2024-02-10 21:00","2024","02","10","21:00","","0.9","","-6.8","","57","","","","18","","9","","24.1","","88.44","","","","","","NA"
"-114.01","51.12","CALGARY INTL A","3031092","2024-02-10 22:00","2024","02","10","22:00","","0.8","","-6.7","","57","","","","21","","11","","24.1","","88.44","","","","","","NA"
"-114.01","51.12","CALGARY INTL A","3031092","2024-02-10 23:00","2024","02","10","23:00","","0.0","","-5.9","","65","","","","20","","13","","24.1","","88.43","","","","-4","","Clear"
"-114.01","51.12","CALGARY INTL A","3031092","2024-02-11 00:00","2024","02","11","00:00","","2.2","","-6.8","","52","","","","11","","9","","24.1","","88.43","","","","","","NA"
"-114.01","51.12","CALGARY INTL A","3031092","2024-02-11 01:00","2024","02","11","01:00","","1.5","","-6.2","","57","","","","3","","11","","24.1","","88.48","","","","","","NA"
"-114.01","51.12","CALGARY INTL A","3031092","2024-02-11 02:00","2024","02","11","02:00","","0.1","","-6.5","","61","","","","2","","11","","22.5","","88.51","","","","","","Mainly Clear"
"-114.01","51.12","CALGARY INTL A","3031092","2024-02-11 03:00","2024","02","11","03:00","","0.5","","-6.1","","62","","","","34","","12","","24.1","","88.60","","","","","","NA"
"-114.01","51.12","CALGARY INTL A","3031092","2024-02-11 04:00","2024","02","11","04:00","","-0.6","","-5.8","","68","","","","36","","9","","16.1","","88.67","","","","-4","","NA"
"-114.01","51.12","CALGARY INTL A","3031092","2024-02-11 05:00","2024","02","11","05:00","","-0.2","","-5.0","","70","","","","36","","21","","16.1","","88.76","","","","-6","","Mostly Cloudy"
"-114.01","51.12","CALGARY INTL A","3031092","2024-02-11 06:00","2024","02","11","06:00","","-3.7","","-6.5","","81","","","","36","","12","","16.1","","88.84","","","","-8","","NA"
"-114.01","51.12","CALGARY INTL A","3031092","2024-02-11 07:00","2024","02","11","07:00","","-2.9","","-6.6","","76","","","","3","","10","","16.1","","88.88","","","","-7","","NA"
"-114.01","51.12","CALGARY INTL A","3031092","2024-02-11 08:00","2024","02","11","08:00","","-1.2","","-7.4","","63","","","","20","","9","","24.1","","88.94","","","","-4","","Mostly Cloudy"
"-114.01","51.12","CALGARY INTL A","3031092","2024-02-11 09:00","2024","02","11","09:00","","-1.2","","-7.6","","62","","","","8","","9","","24.1","","88.96","","","","-4","","NA"
"-114.01","51.12","CALGARY INTL A","3031092","2024-02-11 10:00","2024","02","11","10:00","","-0.4","","-7.1","","60","","","","12","","8","","64.4","","88.98","","","","-3","","NA"
"-114.01","51.12","CALGARY INTL A","3031092","2024-02-11 11:00","2024","02","11","11:00","","1.1","","-6.8","","56","","","","13","","8","","64.4","","88.98","","","","","","Mostly Cloudy"
"-114.01","51.12","CALGARY INTL A","3031092","2024-02-11 12:00","2024","02","11","12:00","","1.7","","-7.6","","50","","","","20","","8","","64.4","","88.96","","","","","","NA"
"-114.01","51.12","CALGARY INTL A","3031092","2024-02-11 13:00","2024","02","11","13:00","","1.6","","-7.8","","50","","","","16","","8","","64.4","","88.90","","","","","","NA"
"-114.01","51.12","CALGARY INTL A","3031092","2024-02-11 14:00","2024","02","11","14:00","","1.6","","-8.0","","49","","","","13","","14","","24.1","","88.85","","","","","","Mostly Cloudy"
"-114.01","51.12","CALGARY INTL A","3031092","2024-02-11 15:00","2024","02","11","15:00","","1.7","","-8.1","","48","","","","13","","16","","24.1","","88.80","","","","","","NA"
"-114.01","51.12","CALGARY INTL A","3031092","2024-02-11 16:00","2024","02","11","16:00","","1.2","","-8.3","","49","","","","13","","17","","24.1","","88.76","","","","","","NA"
"-114.01","51.12","CALGARY INTL A","3031092","2024-02-11 17:00","2024","02","11","17:00","","0.6","","-7.1","","56","","","","13","","17","","24.1","","88.74","","","","","","Cloudy"
"-114.01","51.12","CALGARY INTL A","3031092","2024-02-11 18:00","2024","02","11","18:00","","-0.2","","-8.3","","55","","","","14","","13","","24.1","","88.71","","","","-4","","NA"
"-114.01","51.12","CALGARY INTL A","3031092","2024-02-11 19:00","2024","02","11","19:00","","-1.0","","-7.1","","63","","","","16","","10","","24.1","","88.68","","","","-5","","NA"
"-114.01","51.12","CALGARY INTL A","3031092","2024-02-11 20:00","2024","02","11","20:00","","-0.9","","-6.8","","64","","","","16","","9","","16.1","","88.63","","","","-4","","Mostly Cloudy"
"-114.01","51.12","CALGARY INTL A","3031092","2024-02-11 21:00","2024","02","11","21:00","","-1.2","","-6.0","","70","","","","18","","8","","12.9","","88.58","","","","-4","","NA"
"-114.01","51.12","CALGARY INTL A","3031092","2024-02-11 22:00","2024","02","11","22:00","","-1.6","","-5.6","","74","","","","17","","6","","12.9","","88.53","","","","-4","","NA"
"-114.01","51.12","CALGARY INTL A","3031092","2024-02-11 23:00","2024","02","11","23:00","","-1.3","","-5.2","","75","","","","15","","6","","12.9","","88.53","","","","-4","","Cloudy"
"-114.01","51.12","CALGARY INTL A","3031092","2024-02-12 00:00","2024","02","12","00:00","","-1.8","","-4.6","","81","","","","14","","9","","12.9","","88.49","","","","-5","","NA"
"-114.01","51.12","CALGARY INTL A","3031092","2024-02-12 01:00","2024","02","12","01:00","","-2.0","","-4.5","","83","","","","15","","4","","12.9","","88.48","","","","-3","","NA"
"-114.01","51.12","CALGARY INTL A","3031092","2024-02-12 02:00","2024","02","12","02:00","","-2.5","","-4.3","","87","","","","20","","12","","16.1","","88.44","","","","-7","","Cloudy"
"-114.01","51.12","CALGARY INTL A","3031092","2024-02-12 03:00","2024","02","12","03:00","","-2.9","","-4.6","","88","","","","20","","8","","12.9","","88.44","","","","-6","","NA"
"-114.01","51.12","CALGARY INTL A","3031092","2024-02-12 04:00","2024","02","12","04:00","","-4.3","","-6.5","","85","","","","19","","4","","16.1","","88.41","","","","-6","","NA"
"-114.01","51.12","CALGARY INTL A","3031092","2024-02-12 05:00","2024","02","12","05:00","","-5.8","","-7.2","","90","","","","7","","10","","16.1","","88.40","","","","-10","","Mostly Cloudy"
"-114.01","51.12","CALGARY INTL A","3031092","2024-02-12 06:00","2024","02","12","06:00","","-5.4","","-6.8","","90","","","","9","","7","","24.1","","88.40","","","","-9","","NA"
"-114.01","51.12","CALGARY INTL A","3031092","2024-02-12 07:00","2024","02","12","07:00","","-5.6","","-8.6","","80","","","","36","","13","","16.1","","88.45","","","","-11","","NA"
"-114.01","51.12","CALGARY INTL A","3031092","2024-02-12 08:00","2024","02","12","08:00","","-2.5","","-4.7","","85","","","","35","","13","","24.1","","88.52","","","","-7","","Clear"
"-114.01","51.12","CALGARY INTL A","3031092","2024-02-12 09:00","2024","02","12","09:00","","-1.5","","-3.4","","87","","","","35","","13","","24.1","","88.55","","","","-6","","NA"
"-114.01","51.12","CALGARY INTL A","3031092","2024-02-12 10:00","2024","02","12","10:00","","0.6","","-4.9","","66","","","","33","","32","","24.1","","88.59","","","","","","NA"
"-114.01","51.12","CALGARY INTL A","3031092","2024-02-12 11:00","2024","02","12","11:00","","0.5","","-4.1","","71","","","","34","","35","","24.1","","88.62","","","","","","Mostly Cloudy"
"-114.01","51.12","CALGARY INTL A","3031092","2024-02-12 12:00","2024","02","12","12:00","","1.3","","-4.8","","64","","","","34","","21","","24.1","","88.64","","","","","","NA"
"-114.01","51.12","CALGARY INTL A","3031092","2024-02-12 13:00","2024","02","12","13:00","","2.8","","-7.1","","48","","","","35","","16","","24.1","","88.61","","","","","","NA"
"-114.01","51.12","CALGARY INTL A","3031092","2024-02-12 14:00","2024","02","12","14:00","","1.7","","-10.1","","41","","","","35","","30","","24.1","","88.63","","","","","","Cloudy"
"-114.01","51.12","CALGARY INTL A","3031092","2024-02-12 15:00","2024","02","12","15:00","","0.8","","-11.3","","40","","","","36","","29","","24.1","","88.65","","","","","","NA"
"-114.01","51.12","CALGARY INTL A","3031092","2024-02-12 16:00","2024","02","12","16:00","","0.3","","-10.2","","46","","","","3","","17","","24.1","","88.66","","","","","","NA"
"-114.01","51.12","CALGARY INTL A","3031092","2024-02-12 17:00","2024","02","12","17:00","","-0.7","","-10.1","","49","","","","2","","17","","24.1","","88.65","","","","-6","","Mainly Clear"
"-114.01","51.12","CALGARY INTL A","3031092","2024-02-12 18:00","2024","02","12","18:00","","-2.7","","-12.3","","48","","","","5","","25","","24.1","","88.66","","","","-9","","NA"
"-114.01","51.12","CALGARY INTL A","3031092","2024-02-12 19:00","2024","02","12","19:00","","-2.2","","-13.1","","43","","","","8","","9","","24.1","","88.72","","","","-6","","NA"
"-114.01","51.12","CALGARY INTL A","3031092","2024-02-12 20:00","2024","02","12","20:00","","-2.9","","-13.2","","45","","","","8","","10","","24.1","","88.70","","","","-7","","Mostly Cloudy"
"-114.01","51.12","CALGARY INTL A","3031092","2024-02-12 21:00","2024","02","12","21:00","","-3.0","","-11.9","","51","","","","3","","8","","24.1","","88.72","","","","-6","","NA"
"-114.01","51.12","CALGARY INTL A","3031092","2024-02-12 22:00","2024","02","12","22:00","","-4.5","","-11.4","","59","","","","9","","13","","24.1","","88.73","","","","-10","","NA"
"-114.01","51.12","CALGARY INTL A","3031092","2024-02-12 23:00","2024","02","12","23:00","","-5.8","","-10.7","","69","","","","6","","12","","24.1","","88.82","","","","-11","","Mostly Cloudy"
"-114.01","51.12","CALGARY INTL A","3031092","2024-02-13 00:00","2024","02","13","00:00","","-4.7","","-8.2","","77","","","","11","","12","","16.1","","88.89","","","","-9","","NA"
"-114.01","51.12","CALGARY INTL A","3031092","2024-02-13 01:00","2024","02","13","01:00","","-4.7","","-8.9","","72","","","","7","","13","","9.7","","88.95","","","","-10","","Snow"
"-114.01","51.12","CALGARY INTL A","3031092","2024-02-13 02:00","2024","02","13","02:00","","-4.7","","-7.2","","83","","","","5","","4","","3.2","","89.00","","","","-6","","Snow"
"-114.01","51.12","CALGARY INTL A","3031092","2024-02-13 03:00","2024","02","13","03:00","","-5.2","","-7.6","","83","","","","34","","9","","3.2","","89.02","","","","-9","","Snow"
"-114.01","51.12","CALGARY INTL A","3031092","2024-02-13 04:00","2024","02","13","04:00","","-5.0","","-7.4","","83","","","","15","","5","","24.1","","89.01","","","","-7","","NA"
"-114.01","51.12","CALGARY INTL A","3031092","2024-02-13 05:00","2024","02","13","05:00","","-4.8","","-6.9","","85","","","","30","","12","","8.1","","89.04","","","","-10","","Mostly Cloudy"
"-114.01","51.12","CALGARY INTL A","3031092","2024-02-13 06:00","2024","02","13","06:00","","-4.3","","-8.3","","74","","","","33","","16","","24.1","","89.06","","","","-10","","NA"
"-114.01","51.12","CALGARY INTL A","3031092","2024-02-13 07:00","2024","02","13","07:00","","-4.7","","-9.8","","67","","","","32","","17","","24.1","","89.08","","","","-11","","NA"
"-114.01","51.12","CALGARY INTL A","3031092","2024-02-13 08:00","2024","02","13","08:00","","-4.9","","-9.3","","72","","","","36","","10","","24.1","","89.13","","","","-9","","Cloudy"
"-114.01","51.12","CALGARY INTL A","3031092","2024-02-13 09:00","2024","02","13","09:00","","-4.8","","-9.7","","69","","","","36","","10","","24.1","","89.16","","","","-9","","NA"
"-114.01","51.12","CALGARY INTL A","3031092","2024-02-13 10:00","2024","02","13","10:00","","-5.0","","-9.2","","73","","","","1","","12","","24.1","","89.21","","","","-10","","NA"
"-114.01","51.12","CALGARY INTL A","3031092","2024-02-13 11:00","2024","02","13","11:00","","-4.9","","-9.0","","73","","","","35","","22","","24.1","","89.24","","","","-12","","Mostly Cloudy"
"-114.01","51.12","CALGARY INTL A","3031092","2024-02-13 12:00","2024","02","13","12:00","","-4.6","","-9.0","","72","","","","36","","32","","24.1","","89.26","","","","-13","","NA"
"-114.01","51.12","CALGARY INTL A","3031092","2024-02-13 13:00","2024","02","13","13:00","","-4.2","","-9.1","","69","","","","1","","18","","24.1","","89.22","","","","-10","","NA"
"-114.01","51.12","CALGARY INTL A","3031092","2024-02-13 14:00","2024","02","13","14:00","","-4.3","","-8.5","","72","","","","1","","26","","24.1","","89.20","","","","-12","","Mostly Cloudy"
"-114.01","51.12","CALGARY INTL A","3031092","2024-02-13 15:00","2024","02","13","15:00","","-4.7","","-10.4","","64","","","","36","","36","","24.1","","89.19","","","","-13","","NA"
"-114.01","51.12","CALGARY INTL A","3031092","2024-02-13 16:00","2024","02","13","16:00","","-5.4","","-9.9","","71","","","","36","","14","","24.1","","89.22","","","","-11","","NA"
"-114.01","51.12","CALGARY INTL A","3031092","2024-02-13 17:00","2024","02","13","17:00","","-5.7","","-10.2","","71","","","","3","","18","","24.1","","89.24","","","","-12","","Mainly Clear"
"-114.01","51.12","CALGARY INTL A","3031092","2024-02-13 18:00","2024","02","13","18:00","","-7.6","","-10.7","","78","","","","1","","14","","24.1","","89.28","","","","-14","","NA"
"-114.01","51.12","CALGARY INTL A","3031092","2024-02-13 19:00","2024","02","13","19:00","","-8.5","","-11.0","","82","","","","4","","10","","24.1","","89.30","","","","-13","","NA"
"-114.01","51.12","CALGARY INTL A","3031092","2024-02-13 20:00","2024","02","13","20:00","","-9.0","","-11.1","","85","","","","6","","10","","24.1","","89.32","","","","-14","","Mainly Clear"
"-114.01","51.12","CALGARY INTL A","3031092","2024-02-13 21:00","2024","02","13","21:00","","-9.2","","-11.8","","82","","","","10","","8","","24.1","","89.30","","","","-14","","NA"
"-114.01","51.12","CALGARY INTL A","3031092","2024-02-13 22:00","2024","02","13","22:00","","-11.4","","-13.3","","86","","","","6","","6","","24.1","","89.29","","","","-15","","NA"
"-114.01","51.12","CALGARY INTL A","3031092","2024-02-13 23:00","2024","02","13","23:00","","-13.0","","-15.2","","83","","","","10","","13","","24.1","","89.26","","","","-20","","Mainly Clear"
"-114.01","51.12","CALGARY INTL A","3031092","2024-02-14 00:00","2024","02","14","00:00","","-13.6","","-16.2","","81","","","","8","","15","","24.1","","89.25","","","","-21","","NA"
"-114.01","51.12","CALGARY INTL A","3031092","2024-02-14 01:00","2024","02","14","01:00"
"-114.01","51.12","CALGARY INTL A","3031092","2024-02-14 02:00","2024","02","14","02:00","","-11.8","","-13.1","","90","","","","11","","10","","24.1","","89.19","","","","-17","","Clear"
"-114.01","51.12","CALGARY INTL A","3031092","2024-02-14 03:00","2024","02","14","03:00","","-12.9","","-14.8","","86","","","","11","","10","","24.1","","89.20","","","","-19","","NA"
"-114.01","51.12","CALGARY INTL A","3031092","2024-02-14 04:00","2024","02","14","04:00","","-13.4","","-15.7","","83","","","","11","","9","","24.1","","89.17","","","","-19","","NA"
"-114.01","51.12","CALGARY INTL A","3031092","2024-02-14 05:00","2024","02","14","05:00","","-14.1","","-16.3","","83","","","","10","","10","","24.1","","89.18","","","","-20","","Mostly Cloudy"
"-114.01","51.12","CALGARY INTL A","3031092","2024-02-14 06:00","2024","02","14","06:00","","-12.1","","-15.3","","77","","","","9","","9","","24.1","","89.18","","","","-17","","NA"
"-114.01","51.12","CALGARY INTL A","3031092","2024-02-14 07:00","2024","02","14","07:00","","-12.6","","-15.5","","80","","","","9","","9","","24.1","","89.19","","","","-18","","NA"
"-114.01","51.12","CALGARY INTL A","3031092","2024-02-14 08:00","2024","02","14","08:00","","-11.0","","-15.1","","72","","","","34","","10","","64.4","","89.23","","","","-16","","Mainly Clear"
"-114.01","51.12","CALGARY INTL A","3031092","2024-02-14 09:00","2024","02","14","09:00","","-8.9","","-14.3","","65","","","","33","","20","","64.4","","89.26","","","","-16","","NA"
"-114.01","51.12","CALGARY INTL A","3031092","2024-02-14 10:00","2024","02","14","10:00","","-7.4","","-14.0","","60","","","","34","","17","","64.4","","89.29","","","","-14","","NA"
"-114.01","51.12","CALGARY INTL A","3031092","2024-02-14 11:00","2024","02","14","11:00","","-6.6","","-12.7","","62","","","","32","","22","","48.3","","89.32","","","","-14","","Mostly Cloudy"
"-114.01","51.12","CALGARY INTL A","3031092","2024-02-14 12:00","2024","02","14","12:00","","-5.6","","-12.2","","60","","","","35","","11","","32.2","","89.32","","","","-10","","NA"
"-114.01","51.12","CALGARY INTL A","3031092","2024-02-14 13:00","2024","02","14","13:00","","-5.3","","-13.4","","53","","","","33","","19","","32.2","","89.28","","","","-12","","NA"
"-114.01","51.12","CALGARY INTL A","3031092","2024-02-14 14:00","2024","02","14","14:00","","-4.9","","-14.5","","47","","","","1","","10","","32.2","","89.26","","","","-9","","Mostly Cloudy"
"-114.01","51.12","CALGARY INTL A","3031092","2024-02-14 15:00","2024","02","14","15:00","","-6.0","","-10.8","","69","","","","5","","24","","24.1","","89.30","","","","-13","","NA"
"-114.01","51.12","CALGARY INTL A","3031092","2024-02-14 16:00","2024","02","14","16:00","","-7.0","","-9.9","","80","","","","4","","19","","1.2","","89.35","","","","-14","","Snow"
"-114.01","51.12","CALGARY INTL A","3031092","2024-02-14 17:00","2024","02","14","17:00","","-7.8","","-11.8","","73","","","","5","","19","","8.1","","89.38","","","","-15","","Snow"
"-114.01","51.12","CALGARY INTL A","3031092","2024-02-14 18:00","2024","02","14","18:00","","-8.8","","-12.6","","74","","","","5","","22","","24.1","","89.42","","","","-17","","NA"
"-114.01","51.12","CALGARY INTL A","3031092","2024-02-14 19:00","2024","02","14","19:00","","-10.0","","-12.6","","82","","","","4","","13","","24.1","","89.50","","","","-16","","NA"
"-114.01","51.12","CALGARY INTL A","3031092","2024-02-14 20:00","2024","02","14","20:00","","-10.6","","-12.4","","87","","","","7","","17","","24.1","","89.54","","","","-18","","Mostly Cloudy"
"-114.01","51.12","CALGARY INTL A","3031092","2024-02-14 21:00","2024","02","14","21:00","","-10.8","","-12.6","","86","","","","8","","17","","24.1","","89.56","","","","-18","","NA"
"-114.01","51.12","CALGARY INTL A","3031092","2024-02-14 22:00","2024","02","14","22:00","","-10.7","","-12.4","","87","","","","9","","16","","16.1","","89.61","","","","-18","","NA"
"-114.01","51.12","CALGARY INTL A","3031092","2024-02-14 23:00","2024","02","14","23:00","","-11.2","","-13.9","","81","","","","9","","17","","16.1","","89.58","","","","-19","","Mostly Cloudy"
"-114.01","51.12","CALGARY INTL A","3031092","2024-02-15 00:00","2024","02","15","00:00","","-12.3","","-14.8","","82","","","","10","","16","","24.1","","89.57","","","","-20","","NA"
"-114.01","51.12","CALGARY INTL A","3031092","2024-02-15 01:00","2024","02","15","01:00","","-12.5","","-14.1","","88","","","","13","","10","","8.1","","89.56","","","","-18","","Fog"
"-114.01","51.12","CALGARY INTL A","3031092","2024-02-15 02:00","2024","02","15","02:00","","-11.5","","-13.0","","88","","","","13","","18","","8.1","","89.56","","","","-19","","Fog"
"-114.01","51.12","CALGARY INTL A","3031092","2024-02-15 03:00","2024","02","15","03:00","","-11.7","","-13.3","","88","","","","13","","17","","8.1","","89.56","","","","-19","","Fog"
"-114.01","51.12","CALGARY INTL A","3031092","2024-02-15 04:00","2024","02","15","04:00","","-11.7","","-13.4","","87","","","","15","","16","","8.1","","89.58","","","","-19","","Fog"
"-114.01","51.12","CALGARY INTL A","3031092","2024-02-15 05:00","2024","02","15","05:00","","-12.1","","-13.8","","88","","","","13","","15","","8.1","","89.59","","","","-19","","Fog"
"-114.01","51.12","CALGARY INTL A","3031092","2024-02-15 06:00","2024","02","15","06:00","","-11.9","","-13.8","","86","","","","15","","13","","4.8","","89.61","","","","-19","","Snow,Fog"
"-114.01","51.12","CALGARY INTL A","3031092","2024-02-15 07:00","2024","02","15","07:00","","-12.1","","-13.9","","86","","","","16","","16","","9.7","","89.62","","","","-20","","Fog"
"-114.01","51.12","CALGARY INTL A","3031092","2024-02-15 08:00","2024","02","15","08:00","","-11.9","","-13.8","","86","","","","16","","13","","8.1","","89.65","","","","-19","","Fog"
"-114.01","51.12","CALGARY INTL A","3031092","2024-02-15 09:00","2024","02","15","09:00","","-11.4","","-13.3","","86","","","","16","","12","","14.5","","89.70","","","","-18","","NA"
"-114.01","51.12","CALGARY INTL A","3031092","2024-02-15 10:00","2024","02","15","10:00","","-10.8","","-13.2","","83","","","","16","","13","","14.5","","89.74","","","","-17","","NA"
"-114.01","51.12","CALGARY INTL A","3031092","2024-02-15 11:00","2024","02","15","11:00","","-9.7","","-14.0","","71","","","","4","","10","","24.1","","89.76","","","","-15","","Mostly Cloudy"
"-114.01","51.12","CALGARY INTL A","3031092","2024-02-15 12:00","2024","02","15","12:00","","-9.6","","-14.1","","70","","","","4","","12","","24.1","","89.77","","","","-15","","NA"
"-114.01","51.12","CALGARY INTL A","3031092","2024-02-15 13:00","2024","02","15","13:00","","-8.7","","-14.9","","61","","","","6","","14","","32.2","","89.76","","","","-15","","NA"
"-114.01","51.12","CALGARY INTL A","3031092","2024-02-15 14:00","2024","02","15","14:00","","-8.5","","-15.4","","58","","","","7","","17","","32.2","","89.75","","","","-15","","Mainly Clear"
"-114.01","51.12","CALGARY INTL A","3031092","2024-02-15 15:00","2024","02","15","15:00","","-8.7","","-15.6","","58","","","","9","","17","","24.1","","89.75","","","","-16","","NA"
"-114.01","51.12","CALGARY INTL A","3031092","2024-02-15 16:00","2024","02","15","16:00","","-8.7","","-16.0","","56","","","","8","","16","","24.1","","89.76","","","","-15","","NA"
"-114.01","51.12","CALGARY INTL A","3031092","2024-02-15 17:00","2024","02","15","17:00","","-9.1","","-15.9","","58","","","","8","","16","","24.1","","89.78","","","","-16","","Clear"
"-114.01","51.12","CALGARY INTL A","3031092","2024-02-15 18:00","2024","02","15","18:00","","-12.1","","-16.1","","72","","","","15","","13","","24.1","","89.83","","","","-19","","NA"
"-114.01","51.12","CALGARY INTL A","3031092","2024-02-15 19:00","2024","02","15","19:00","","-10.7","","-14.7","","73","","","","13","","8","","24.1","","89.87","","","","-15","","NA"
"-114.01","51.12","CALGARY INTL A","3031092","2024-02-15 20:00","2024","02","15","20:00","","-13.1","","-16.7","","75","","","","11","","10","","16.1","","89.89","","","","-19","","Clear"
"-114.01","51.12","CALGARY INTL A","3031092","2024-02-15 21:00","2024","02","15","21:00","","-15.2","","-18.4","","77","","","","8","","11","","16.1","","89.93","","","","-22","","NA"
"-114.01","51.12","CALGARY INTL A","3031092","2024-02-15 22:00","2024","02","15","22:00","","-16.3","","-19.9","","74","","","","9","","12","","16.1","","89.96","","","","-24","","NA"
"-114.01","51.12","CALGARY INTL A","3031092","2024-02-15 23:00","2024","02","15","23:00","","-15.7","","-19.0","","76","","","","9","","14","","12.9","","89.95","","","","-23","","Clear"
"-114.01","51.12","CALGARY INTL A","3031092","2024-02-16 00:00","2024","02","16","00:00","","-16.3","","-19.7","","76","","","","9","","11","","12.9","","89.95","","","","-23","","NA"
"-114.01","51.12","CALGARY INTL A","3031092","2024-02-16 01:00","2024","02","16","01:00","","-16.2","","-18.8","","81","","","","9","","11","","16.1","","89.98","","","","-23","","NA"
"-114.01","51.12","CALGARY INTL A","3031092","2024-02-16 02:00","2024","02","16","02:00","","-16.4","","-18.9","","81","","","","12","","9","","16.1","","89.99","","","","-22","","Clear"
"-114.01","51.12","CALGARY INTL A","3031092","2024-02-16 03:00","2024","02","16","03:00","","-16.0","","-18.9","","79","","","","18","","4","","16.1","","89.97","","","","-19","","NA"
"-114.01","51.12","CALGARY INTL A","3031092","2024-02-16 04:00","2024","02","16","04:00","","-15.8","","-19.1","","76","","","","19","","5","","16.1","","89.99","","","","-20","","NA"
"-114.01","51.12","CALGARY INTL A","3031092","2024-02-16 05:00","2024","02","16","05:00","","-16.1","","-19.5","","76","","","","18","","4","","24.1","","89.97","","","","-19","","Clear"
"-114.01","51.12","CALGARY INTL A","3031092","2024-02-16 06:00","2024","02","16","06:00","","-15.7","","-19.9","","70","","","","8","","4","","24.1","","89.97","","","","-19","","NA"
"-114.01","51.12","CALGARY INTL A","3031092","2024-02-16 07:00","2024","02","16","07:00","","-15.1","","-19.4","","70","","","","17","","6","","24.1","","89.99","","","","-19","","NA"
"-114.01","51.12","CALGARY INTL A","3031092","2024-02-16 08:00","2024","02","16","08:00","","-14.0","","-19.1","","66","","","","21","","8","","64.4","","89.99","","","","-19","","Clear"
"-114.01","51.12","CALGARY INTL A","3031092","2024-02-16 09:00","2024","02","16","09:00","","-11.6","","-18.6","","56","","","","19","","5","","64.4","","90.01","","","","-15","","NA"
"-114.01","51.12","CALGARY INTL A","3031092","2024-02-16 10:00","2024","02","16","10:00","","-8.2","","-17.3","","48","","","","","","0","","64.4","","90.01","","","","","","NA"
"-114.01","51.12","CALGARY INTL A","3031092","2024-02-16 11:00","2024","02","16","11:00","","-5.4","","-16.5","","42","","","","12","","3","","64.4","","90.03","","","","-7","","Clear"
"-114.01","51.12","CALGARY INTL A","3031092","2024-02-16 12:00","2024","02","16","12:00","","-1.7","","-15.2","","35","","","","7","","9","","64.4","","90.02","","","","-5","","NA"
"-114.01","51.12","CALGARY INTL A","3031092","2024-02-16 13:00","2024","02","16","13:00","","-0.9","","-14.8","","34","","","","22","","9","","64.4","","90.01","","","","-4","","NA"
"-114.01","51.12","CALGARY INTL A","3031092","2024-02-16 14:00","2024","02","16","14:00","","1.6","","-16.2","","25","","","","6","","9","","64.4","","89.98","","","","","","Clear"
"-114.01","51.12","CALGARY INTL A","3031092","2024-02-16 15:00","2024","02","16","15:00","","1.3","","-14.3","","30","","","","4","","10","","64.4","","89.94","","","","","","NA"
"-114.01","51.12","CALGARY INTL A","3031092","2024-02-16 16:00","2024","02","16","16:00","","2.4","","-20.2","","17","","","","5","","5","","48.3","","89.89","","","","","","NA"
"-114.01","51.12","CALGARY INTL A","3031092","2024-02-16 17:00","2024","02","16","17:00","","2.3","","-15.8","","25","","","","18","","8","","32.2","","89.88","","","","","","Clear"
"-114.01","51.12","CALGARY INTL A","3031092","2024-02-16 18:00","2024","02","16","18:00","","-1.2","","-13.9","","38","","","","18","","12","","32.2","","89.82","","","","-5","","NA"
"-114.01","51.12","CALGARY INTL A","3031092","2024-02-16 19:00","2024","02","16","19:00","","-2.8","","-13.9","","42","","","","20","","9","","24.1","","89.78","","","","-6","","NA"
"-114.01","51.12","CALGARY INTL A","3031092","2024-02-16 20:00","2024","02","16","20:00","","-3.2","","-15.2","","39","","","","19","","9","","24.1","","89.73","","","","-7","","Clear"
"-114.01","51.12","CALGARY INTL A","3031092","2024-02-16 21:00","2024","02","16","21:00","","-4.3","","-14.3","","46","","","","18","","8","","24.1","","89.69","","","","-8","","NA"
"-114.01","51.12","CALGARY INTL A","3031092","2024-02-16 22:00","2024","02","16","22:00","","-7.0","","-13.2","","62","","","","21","","5","","16.1","","89.67","","","","-10","","NA"
"-114.01","51.12","CALGARY INTL A","3031092","2024-02-16 23:00","2024","02","16","23:00","","-6.6","","-14.9","","52","","","","23","","8","","16.1","","89.63","","","","-10","","Clear"
"-114.01","51.12","CALGARY INTL A","3031092","2024-02-17 00:00","2024","02","17","00:00","","-8.5","","-14.9","","60","","","","36","","3","","24.1","","89.59","","","","-10","","NA"
"-114.01","51.12","CALGARY INTL A","3031092","2024-02-17 01:00","2024","02","17","01:00","","-7.4","","-14.3","","58","","","","20","","7","","24.1","","89.57","","","","-11","","NA"
"-114.01","51.12","CALGARY INTL A","3031092","2024-02-17 02:00","2024","02","17","02:00","","-7.2","","-14.5","","56","","","","16","","4","","24.1","","89.53","","","","-9","","Clear"
"-114.01","51.12","CALGARY INTL A","3031092","2024-02-17 03:00","2024","02","17","03:00","","-5.8","","-15.2","","48","","","","28","","4","","24.1","","89.52","","","","-8","","NA"
"-114.01","51.12","CALGARY INTL A","3031092","2024-02-17 04:00","2024","02","17","04:00","","-8.1","","-15.3","","56","","","","21","","7","","24.1","","89.47","","","","-12","","NA"
"-114.01","51.12","CALGARY INTL A","3031092","2024-02-17 05:00","2024","02","17","05:00","","-8.0","","-16.8","","50","","","","25","","4","","24.1","","89.43","","","","-10","","Clear"
"-114.01","51.12","CALGARY INTL A","3031092","2024-02-17 06:00","2024","02","17","06:00","","-7.8","","-16.5","","50","","","","7","","4","","24.1","","89.41","","","","-10","","NA"
"-114.01","51.12","CALGARY INTL A","3031092","2024-02-17 07:00","2024","02","17","07:00","","-7.0","","-15.2","","53","","","","3","","7","","24.1","","89.37","","","","-11","","NA"
"-114.01","51.12","CALGARY INTL A","3031092","2024-02-17 08:00","2024","02","17","08:00","","-11.5","","-17.5","","62","","","","13","","4","","64.4","","89.35","","","","-14","","Clear"
"-114.01","51.12","CALGARY INTL A","3031092","2024-02-17 09:00","2024","02","17","09:00","","-8.2","","-15.8","","54","","","","13","","3","","64.4","","89.30","","","","-10","","NA"
"-114.01","51.12","CALGARY INTL A","3031092","2024-02-17 10:00","2024","02","17","10:00","","-3.1","","-14.0","","43","","","","18","","3","","64.4","","89.29","","","","-4","","NA"
"-114.01","51.12","CALGARY INTL A","3031092","2024-02-17 11:00","2024","02","17","11:00","","-1.3","","-13.7","","39","","","","8","","4","","64.4","","89.24","","","","-3","","Clear"
"-114.01","51.12","CALGARY INTL A","3031092","2024-02-17 12:00","2024","02","17","12:00","","0.3","","-12.1","","39","","","","18","","3","","64.4","","89.21","","","","","","NA"
"-114.01","51.12","CALGARY INTL A","3031092","2024-02-17 13:00","2024","02","17","13:00","","1.8","","-11.8","","36","","","","36","","3","","64.4","","89.15","","","","","","NA"
"-114.01","51.12","CALGARY INTL A","3031092","2024-02-17 14:00","2024","02","17","14:00","","3.6","","-11.0","","34","","","","16","","4","","64.4","","89.06","","","","","","Clear"
"-114.01","51.12","CALGARY INTL A","3031092","2024-02-17 15:00","2024","02","17","15:00","","4.7","","-10.2","","33","","","","17","","9","","64.4","","88.97","","","","","","NA"
"-114.01","51.12","CALGARY INTL A","3031092","2024-02-17 16:00","2024","02","17","16:00","","4.1","","-10.8","","33","","","","18","","13","","48.3","","88.90","","","","","","NA"
"-114.01","51.12","CALGARY INTL A","3031092","2024-02-17 17:00","2024","02","17","17:00","","2.2","","-10.6","","38","","","","15","","13","","32.2","","88.80","","","","","","Clear"
"-114.01","51.12","CALGARY INTL A","3031092","2024-02-17 18:00","2024","02","17","18:00","","-0.8","","-10.8","","47","","","","16","","13","","32.2","","88.73","","","","-5","","NA"
"-114.01","51.12","CALGARY INTL A","3031092","2024-02-17 19:00","2024","02","17","19:00","","-1.1","","-11.1","","47","","","","18","","9","","24.1","","88.66","","","","-4","","NA"
"-114.01","51.12","CALGARY INTL A","3031092","2024-02-17 20:00","2024","02","17","20:00","","-2.0","","-11.8","","47","","","","18","","13","","24.1","","88.56","","","","-6","","Clear"
"-114.01","51.12","CALGARY INTL A","3031092","2024-02-17 21:00","2024","02","17","21:00","","-3.6","","-12.0","","52","","","","19","","8","","24.1","","88.49","","","","-7","","NA"
"-114.01","51.12","CALGARY INTL A","3031092","2024-02-17 22:00","2024","02","17","22:00","","-7.5","","-13.0","","65","","","","36","","3","","24.1","","88.41","","","","-9","","NA"
"-114.01","51.12","CALGARY INTL A","3031092","2024-02-17 23:00","2024","02","17","23:00","","-7.9","","-12.9","","68","","","","36","","3","","24.1","","88.35","","","","-9","","Clear"
"-114.01","51.12","CALGARY INTL A","3031092","2024-02-18 00:00","2024","02","18","00:00","","-6.8","","-12.5","","64","","","","17","","6","","24.1","","88.28","","","","-10","","NA"
"-114.01","51.12","CALGARY INTL A","3031092","2024-02-18 01:00","2024","02","18","01:00","","-9.8","","-14.5","","69","","","","6","","6","","24.1","","88.25","","","","-13","","NA"
"-114.01","51.12","CALGARY INTL A","3031092","2024-02-18 02:00","2024","02","18","02:00","","-9.9","","-14.0","","72","","","","15","","4","","24.1","","88.15","","","","-12","","Clear"
"-114.01","51.12","CALGARY INTL A","3031092","2024-02-18 03:00","2024","02","18","03:00","","-8.2","","-13.3","","67","","","","","","0","","24.1","","88.10","","","","","","NA"
"-114.01","51.12","CALGARY INTL A","3031092","2024-02-18 04:00","2024","02","18","04:00","","-8.0","","-14.2","","61","","","","2","","4","","24.1","","88.02","","","","-10","","NA"
"-114.01","51.12","CALGARY INTL A","3031092","2024-02-18 05:00","2024","02","18","05:00","","-7.9","","-13.6","","64","","","","24","","3","","24.1","","87.98","","","","-9","","Mainly Clear"
"-114.01","51.12","CALGARY INTL A","3031092","2024-02-18 06:00","2024","02","18","06:00","","-7.1","","-14.7","","55","","","","19","","7","","24.1","","87.95","","","","-11","","NA"
"-114.01","51.12","CALGARY INTL A","3031092","2024-02-18 07:00","2024","02","18","07:00","","-4.3","","-15.0","","43","","","","34","","5","","24.1","","87.90","","","","-6","","NA"
"-114.01","51.12","CALGARY INTL A","3031092","2024-02-18 08:00","2024","02","18","08:00","","-3.6","","-14.4","","43","","","","20","","3","","64.4","","87.91","","","","-5","","Mainly Clear"
"-114.01","51.12","CALGARY INTL A","3031092","2024-02-18 09:00","2024","02","18","09:00","","-2.3","","-13.6","","42","","","","32","","11","","64.4","","87.89","","","","-6","","NA"
"-114.01","51.12","CALGARY INTL A","3031092","2024-02-18 10:00","2024","02","18","10:00","","0.4","","-13.1","","36","","","","29","","5","","64.4","","87.89","","","","","","NA"
"-114.01","51.12","CALGARY INTL A","3031092","2024-02-18 11:00","2024","02","18","11:00","","-0.9","","-12.2","","42","","","","7","","4","","64.4","","87.94","","","","-2","","Mainly Clear"
"-114.01","51.12","CALGARY INTL A","3031092","2024-02-18 12:00","2024","02","18","12:00","","2.9","","-13.7","","28","","","","33","","17","","64.4","","87.97","","","","","","NA"
"-114.01","51.12","CALGARY INTL A","3031092","2024-02-18 13:00","2024","02","18","13:00","","4.8","","-13.2","","26","","","","34","","18","","64.4","","88.00","","","","","","NA"
"-114.01","51.12","CALGARY INTL A","3031092","2024-02-18 14:00","2024","02","18","14:00","","4.7","","-12.0","","29","","","","3","","12","","64.4","","88.01","","","","","","Mainly Clear"
"-114.01","51.12","CALGARY INTL A","3031092","2024-02-18 15:00","2024","02","18","15:00","","4.0","","-10.2","","35","","","","2","","20","","64.4","","88.04","","","","","","NA"
"-114.01","51.12","CALGARY INTL A","3031092","2024-02-18 16:00","2024","02","18","16:00","","2.7","","-10.5","","37","","","","3","","17","","64.4","","88.09","","","","","","NA"
"-114.01","51.12","CALGARY INTL A","3031092","2024-02-18 17:00","2024","02","18","17:00","","2.0","","-10.7","","39","","","","2","","11","","64.4","","88.12","","","","","","Mainly Clear"
"-114.01","51.12","CALGARY INTL A","3031092","2024-02-18 18:00","2024","02","18","18:00","","0.5","","-12.3","","38","","","","9","","8","","64.4","","88.15","","","","","","NA"
"-114.01","51.12","CALGARY INTL A","3031092","2024-02-18 19:00","2024","02","18","19:00","","-1.1","","-12.2","","43","","","","3","","10","","24.1","","88.18","","","","-5","","NA"
"-114.01","51.12","CALGARY INTL A","3031092","2024-02-18 20:00","2024","02","18","20:00","","-2.6","","-11.6","","50","","","","13","","7","","16.1","","88.23","","","","-5","","Clear"
"-114.01","51.12","CALGARY INTL A","3031092","2024-02-18 21:00","2024","02","18","21:00","","-6.6","","-13.0","","61","","","","5","","8","","24.1","","88.27","","","","-10","","NA"
"-114.01","51.12","CALGARY INTL A","3031092","2024-02-18 22:00","2024","02","18","22:00","","-5.8","","-12.6","","59","","","","7","","10","","16.1","","88.32","","","","-10","","NA"
"-114.01","51.12","CALGARY INTL A","3031092","2024-02-18 23:00","2024","02","18","23:00","","-7.2","","-13.0","","64","","","","5","","9","","16.1","","88.36","","","","-12","","Mostly Cloudy"
"-114.01","51.12","CALGARY INTL A","3031092","2024-02-19 00:00","2024","02","19","00:00","","-6.1","","-12.3","","62","","","","8","","10","","24.1","","88.39","","","","-11","","NA"
"-114.01","51.12","CALGARY INTL A","3031092","2024-02-19 01:00","2024","02","19","01:00","","-8.0","","-12.7","","69","","","","17","","3","","24.1","","88.41","","","","-10","","NA"
"-114.01","51.12","CALGARY INTL A","3031092","2024-02-19 02:00","2024","02","19","02:00","","-8.6","","-13.3","","69","","","","9","","3","","24.1","","88.45","","","","-10","","Mainly Clear"
"-114.01","51.12","CALGARY INTL A","3031092","2024-02-19 03:00","2024","02","19","03:00","","-11.2","","-16.1","","67","","","","13","","3","","24.1","","88.46","","","","-13","","NA"
"-114.01","51.12","CALGARY INTL A","3031092","2024-02-19 04:00","2024","02","19","04:00","","-8.9","","-13.7","","68","","","","19","","5","","24.1","","88.47","","","","-12","","NA"
"-114.01","51.12","CALGARY INTL A","3031092","2024-02-19 05:00","2024","02","19","05:00","","-7.7","","-13.0","","66","","","","21","","3","","24.1","","88.43","","","","-9","","Mainly Clear"
"-114.01","51.12","CALGARY INTL A","3031092","2024-02-19 06:00","2024","02","19","06:00","","-9.4","","-13.6","","72","","","","","","0","","24.1","","88.40","","","","","","NA"
"-114.01","51.12","CALGARY INTL A","3031092","2024-02-19 07:00","2024","02","19","07:00","","-8.8","","-13.7","","68","","","","","","0","","24.1","","88.42","","","","","","NA"
"-114.01","51.12","CALGARY INTL A","3031092","2024-02-19 08:00","2024","02","19","08:00","","-9.6","","-13.7","","72","","","","","","0","","64.4","","88.41","","","","","","Mainly Clear"
"-114.01","51.12","CALGARY INTL A","3031092","2024-02-19 09:00","2024","02","19","09:00","","-7.5","","-11.8","","71","","","","7","","10","","64.4","","88.38","","","","-12","","NA"
"-114.01","51.12","CALGARY INTL A","3031092","2024-02-19 10:00","2024","02","19","10:00","","-2.2","","-10.3","","54","","","","7","","10","","64.4","","88.42","","","","-6","","NA"
"-114.01","51.12","CALGARY INTL A","3031092","2024-02-19 11:00","2024","02","19","11:00","","-0.9","","-9.5","","52","","","","9","","3","","64.4","","88.42","","","","-2","","Mainly Clear"
"-114.01","51.12","CALGARY INTL A","3031092","2024-02-19 12:00","2024","02","19","12:00","","2.8","","-10.9","","36","","","","11","","7","","64.4","","88.40","","","","","","NA"
"-114.01","51.12","CALGARY INTL A","3031092","2024-02-19 13:00","2024","02","19","13:00","","3.9","","-9.5","","37","","","","2","","8","","64.4","","88.35","","","","","","NA"
"-114.01","51.12","CALGARY INTL A","3031092","2024-02-19 14:00","2024","02","19","14:00","","3.9","","-7.2","","44","","","","11","","15","","24.1","","88.34","","","","","","Mainly Clear"
"-114.01","51.12","CALGARY INTL A","3031092","2024-02-19 15:00","2024","02","19","15:00","","3.8","","-6.8","","46","","","","14","","10","","24.1","","88.35","","","","","","NA"
"-114.01","51.12","CALGARY INTL A","3031092","2024-02-19 16:00","2024","02","19","16:00","","3.3","","-7.7","","44","","","","13","","9","","24.1","","88.30","","","","","","NA"
"-114.01","51.12","CALGARY INTL A","3031092","2024-02-19 17:00","2024","02","19","17:00","","1.3","","-7.0","","54","","","","16","","10","","24.1","","88.31","","","","","","Mainly Clear"
"-114.01","51.12","CALGARY INTL A","3031092","2024-02-19 18:00","2024","02","19","18:00","","-1.2","","-7.1","","64","","","","17","","10","","24.1","","88.28","","","","-5","","NA"
"-114.01","51.12","CALGARY INTL A","3031092","2024-02-19 19:00","2024","02","19","19:00","","-2.1","","-8.0","","64","","","","15","","8","","24.1","","88.25","","","","-5","","NA"
"-114.01","51.12","CALGARY INTL A","3031092","2024-02-19 20:00","2024","02","19","20:00","","-2.5","","-7.7","","68","","","","17","","8","","24.1","","88.24","","","","-6","","Clear"
"-114.01","51.12","CALGARY INTL A","3031092","2024-02-19 21:00","2024","02","19","21:00","","-3.4","","-7.7","","72","","","","18","","8","","24.1","","88.25","","","","-7","","NA"
"-114.01","51.12","CALGARY INTL A","3031092","2024-02-19 22:00","2024","02","19","22:00","","-3.5","","-7.2","","76","","","","17","","4","","24.1","","88.26","","","","-5","","NA"
"-114.01","51.12","CALGARY INTL A","3031092","2024-02-19 23:00","2024","02","19","23:00","","-5.5","","-7.9","","83","","","","35","","5","","24.1","","88.24","","","","-8","","Mainly Clear"
"-114.01","51.12","CALGARY INTL A","3031092","2024-02-20 00:00","2024","02","20","00:00","","-6.0","","-8.9","","81","","","","34","","10","","24.1","","88.22","","","","-10","","NA"
"-114.01","51.12","CALGARY INTL A","3031092","2024-02-20 01:00","2024","02","20","01:00","","-7.2","","-9.9","","81","","","","1","","5","","24.1","","88.20","","","","-10","","NA"
"-114.01","51.12","CALGARY INTL A","3031092","2024-02-20 02:00","2024","02","20","02:00","","-6.0","","-9.3","","78","","","","20","","3","","24.1","","88.18","","","","-7","","Mostly Cloudy"
"-114.01","51.12","CALGARY INTL A","3031092","2024-02-20 03:00","2024","02","20","03:00","","-4.9","","-7.9","","80","","","","16","","9","","24.1","","88.19","","","","-9","","NA"
"-114.01","51.12","CALGARY INTL A","3031092","2024-02-20 04:00","2024","02","20","04:00","","-5.8","","-8.7","","80","","","","1","","4","","24.1","","88.18","","","","-8","","NA"
"-114.01","51.12","CALGARY INTL A","3031092","2024-02-20 05:00","2024","02","20","05:00","","-4.8","","-8.0","","79","","","","","","0","","24.1","","88.14","","","","","","Mostly Cloudy"
"-114.01","51.12","CALGARY INTL A","3031092","2024-02-20 06:00","2024","02","20","06:00","","-3.5","","-7.4","","75","","","","16","","7","","24.1","","88.13","","","","-6","","NA"
"-114.01","51.12","CALGARY INTL A","3031092","2024-02-20 07:00","2024","02","20","07:00","","-4.8","","-7.4","","82","","","","17","","3","","24.1","","88.10","","","","-6","","NA"
"-114.01","51.12","CALGARY INTL A","3031092","2024-02-20 08:00","2024","02","20","08:00","","-3.5","","-6.4","","81","","","","16","","5","","24.1","","88.13","","","","-6","","Mostly Cloudy"
"-114.01","51.12","CALGARY INTL A","3031092","2024-02-20 09:00","2024","02","20","09:00","","-1.0","","-5.7","","71","","","","18","","6","","64.4","","88.14","","","","-3","","NA"
"-114.01","51.12","CALGARY INTL A","3031092","2024-02-20 10:00","2024","02","20","10:00","","5.8","","-5.3","","45","","","","27","","22","","64.4","","88.18","","","","","","NA"
"-114.01","51.12","CALGARY INTL A","3031092","2024-02-20 11:00","2024","02","20","11:00","","7.3","","-4.9","","41","","","","31","","20","","64.4","","88.21","","","","","","Mostly Cloudy"
"-114.01","51.12","CALGARY INTL A","3031092","2024-02-20 12:00","2024","02","20","12:00","","6.1","","-2.9","","52","","","","3","","17","","64.4","","88.23","","","","","","NA"
"-114.01","51.12","CALGARY INTL A","3031092","2024-02-20 13:00","2024","02","20","13:00","","6.4","","-3.9","","48","","","","2","","15","","24.1","","88.19","","","","","","NA"
"-114.01","51.12","CALGARY INTL A","3031092","2024-02-20 14:00","2024","02","20","14:00","","6.5","","-3.6","","49","","","","5","","10","","24.1","","88.18","","","","","","Mostly Cloudy"
"-114.01","51.12","CALGARY INTL A","3031092","2024-02-20 15:00","2024","02","20","15:00","","4.7","","-3.2","","56","","","","14","","13","","24.1","","88.18","","","","","","NA"
"-114.01","51.12","CALGARY INTL A","3031092","2024-02-20 16:00","2024","02","20","16:00","","4.6","","-4.1","","53","","","","14","","8","","24.1","","88.18","","","","","","NA"
"-114.01","51.12","CALGARY INTL A","3031092","2024-02-20 17:00","2024","02","20","17:00","","4.8","","-3.1","","57","","","","18","","8","","24.1","","88.17","","","","","","Mostly Cloudy"
"-114.01","51.12","CALGARY INTL A","3031092","2024-02-20 18:00","2024","02","20","18:00","","3.6","","-4.5","","55","","","","21","","7","","24.1","","88.16","","","","","","NA"
"-114.01","51.12","CALGARY INTL A","3031092","2024-02-20 19:00","2024","02","20","19:00","","1.0","","-4.7","","66","","","","12","","7","","16.1","","88.16","","","","","","NA"
"-114.01","51.12","CALGARY INTL A","3031092","2024-02-20 20:00","2024","02","20","20:00","","0.7","","-4.3","","69","","","","18","","7","","24.1","","88.15","","","","","","Mostly Cloudy"
"-114.01","51.12","CALGARY INTL A","3031092","2024-02-20 21:00","2024","02","20","21:00","","1.0","","-3.7","","71","","","","21","","10","","24.1","","88.15","","","","","","NA"
"-114.01","51.12","CALGARY INTL A","3031092","2024-02-20 22:00","2024","02","20","22:00","","-0.1","","-4.2","","74","","","","22","","9","","24.1","","88.16","","","","-3","","NA"
"-114.01","51.12","CALGARY INTL A","3031092","2024-02-20 23:00","2024","02","20","23:00","","-1.7","","-4.7","","80","","","","2","","12","","24.1","","88.21","","","","-6","","Mostly Cloudy"
"-114.01","51.12","CALGARY INTL A","3031092","2024-02-21 00:00","2024","02","21","00:00","","-0.2","","-4.1","","75","","","","35","","13","","24.1","","88.24","","","","-4","","NA"
"-114.01","51.12","CALGARY INTL A","3031092","2024-02-21 01:00","2024","02","21","01:00","","-1.1","","-4.8","","76","","","","1","","12","","24.1","","88.29","","","","-5","","NA"
"-114.01","51.12","CALGARY INTL A","3031092","2024-02-21 02:00","2024","02","21","02:00","","-1.2","","-6.1","","70","","","","35","","12","","24.1","","88.34","","","","-5","","Mostly Cloudy"
"-114.01","51.12","CALGARY INTL A","3031092","2024-02-21 03:00","2024","02","21","03:00","","-1.2","","-6.3","","68","","","","36","","14","","24.1","","88.39","","","","-6","","NA"
"-114.01","51.12","CALGARY INTL A","3031092","2024-02-21 04:00","2024","02","21","04:00","","-1.6","","-7.0","","67","","","","34","","11","","24.1","","88.39","","","","-5","","NA"
"-114.01","51.12","CALGARY INTL A","3031092","2024-02-21 05:00","2024","02","21","05:00","","-2.1","","-7.5","","67","","","","1","","8","","24.1","","88.42","","","","-5","","Mostly Cloudy"
"-114.01","51.12","CALGARY INTL A","3031092","2024-02-21 06:00","2024","02","21","06:00","","-2.6","","-7.7","","68","","","","35","","9","","24.1","","88.45","","","","-6","","NA"
"-114.01","51.12","CALGARY INTL A","3031092","2024-02-21 07:00","2024","02","21","07:00","","-3.6","","-7.8","","73","","","","35","","9","","24.1","","88.48","","","","-7","","NA"
"-114.01","51.12","CALGARY INTL A","3031092","2024-02-21 08:00","2024","02","21","08:00","","-4.1","","-7.6","","77","","","","35","","11","","64.4","","88.54","","","","-9","","Mostly Cloudy"
"-114.01","51.12","CALGARY INTL A","3031092","2024-02-21 09:00","2024","02","21","09:00","","-2.6","","-6.6","","74","","","","5","","9","","24.1","","88.58","","","","-6","","NA"
"-114.01","51.12","CALGARY INTL A","3031092","2024-02-21 10:00","2024","02","21","10:00","","-1.1","","-6.2","","68","","","","","","0","","24.1","","88.60","","","","","","NA"
"-114.01","51.12","CALGARY INTL A","3031092","2024-02-21 11:00","2024","02","21","11:00","","1.3","","-5.9","","59","","","","19","","4","","64.4","","88.62","","","","","","Mainly Clear"
"-114.01","51.12","CALGARY INTL A","3031092","2024-02-21 12:00","2024","02","21","12:00","","3.1","","-5.0","","55","","","","19","","7","","64.4","","88.61","","","","","","NA"
"-114.01","51.12","CALGARY INTL A","3031092","2024-02-21 13:00","2024","02","21","13:00","","4.4","","-4.9","","51","","","","17","","16","","24.1","","88.57","","","","","","NA"
"-114.01","51.12","CALGARY INTL A","3031092","2024-02-21 14:00","2024","02","21","14:00","","4.7","","-3.9","","54","","","","15","","13","","24.1","","88.55","","","","","","Mainly Clear"
"-114.01","51.12","CALGARY INTL A","3031092","2024-02-21 15:00","2024","02","21","15:00","","4.8","","-4.1","","53","","","","16","","16","","24.1","","88.54","","","","","","NA"
"-114.01","51.12","CALGARY INTL A","3031092","2024-02-21 16:00","2024","02","21","16:00","","4.7","","-4.8","","50","","","","16","","16","","24.1","","88.58","","","","","","NA"
"-114.01","51.12","CALGARY INTL A","3031092","2024-02-21 17:00","2024","02","21","17:00","","3.6","","-4.9","","54","","","","16","","15","","24.1","","88.59","","","","","","Clear"
"-114.01","51.12","CALGARY INTL A","3031092","2024-02-21 18:00","2024","02","21","18:00","","1.9","","-4.8","","61","","","","18","","17","","24.1","","88.59","","","","","","NA"
"-114.01","51.12","CALGARY INTL A","3031092","2024-02-21 19:00","2024","02","21","19:00","","1.0","","-6.1","","59","","","","19","","17","","24.1","","88.59","","","","","","NA"
"-114.01","51.12","CALGARY INTL A","3031092","2024-02-21 20:00","2024","02","21","20:00","","-1.5","","-6.4","","70","","","","18","","14","","24.1","","88.60","","","","-6","","Clear"
"-114.01","51.12","CALGARY INTL A","3031092","2024-02-21 21:00","2024","02","21","21:00","","0.1","","-6.4","","62","","","","20","","8","","24.1","","88.63","","","","","","NA"
"-114.01","51.12","CALGARY INTL A","3031092","2024-02-21 22:00","2024","02","21","22:00","","5.1","","-6.9","","41","","","","28","","17","","24.1","","88.67","","","","","","NA"
"-114.01","51.12","CALGARY INTL A","3031092","2024-02-21 23:00","2024","02","21","23:00","","0.6","","-6.7","","58","","","","23","","7","","24.1","","88.71","","","","","","Clear"
"-114.01","51.12","CALGARY INTL A","3031092","2024-02-22 00:00","2024","02","22","00:00","","4.2","","-7.3","","43","","","","27","","10","","24.1","","88.75","","","","","","NA"
"-114.01","51.12","CALGARY INTL A","3031092","2024-02-22 01:00","2024","02","22","01:00","","-0.7","","-7.0","","62","","","","18","","7","","24.1","","88.78","","","","-3","","NA"
"-114.01","51.12","CALGARY INTL A","3031092","2024-02-22 02:00","2024","02","22","02:00","","-2.9","","-8.0","","68","","","","18","","8","","24.1","","88.80","","","","-6","","Clear"
"-114.01","51.12","CALGARY INTL A","3031092","2024-02-22 03:00","2024","02","22","03:00","","-1.9","","-7.8","","64","","","","17","","6","","24.1","","88.80","","","","-4","","NA"
"-114.01","51.12","CALGARY INTL A","3031092","2024-02-22 04:00","2024","02","22","04:00","","-2.2","","-7.8","","66","","","","14","","6","","24.1","","88.82","","","","-5","","NA"
"-114.01","51.12","CALGARY INTL A","3031092","2024-02-22 05:00","2024","02","22","05:00","","-0.2","","-7.9","","56","","","","14","","4","","24.1","","88.83","","","","-1","","Clear"
"-114.01","51.12","CALGARY INTL A","3031092","2024-02-22 06:00","2024","02","22","06:00","","-2.4","","-8.6","","62","","","","2","","5","","24.1","","88.84","","","","-4","","NA"
"-114.01","51.12","CALGARY INTL A","3031092","2024-02-22 07:00","2024","02","22","07:00","","-2.2","","-8.6","","62","","","","5","","7","","32.2","","88.86","","","","-5","","NA"
"-114.01","51.12","CALGARY INTL A","3031092","2024-02-22 08:00","2024","02","22","08:00","","-0.3","","-7.9","","56","","","","5","","4","","64.4","","88.90","","","","-2","","Cloudy"
"-114.01","51.12","CALGARY INTL A","3031092","2024-02-22 09:00","2024","02","22","09:00","","2.4","","-7.1","","50","","","","","","0","","64.4","","88.93","","","","","","NA"
"-114.01","51.12","CALGARY INTL A","3031092","2024-02-22 10:00","2024","02","22","10:00","","6.1","","-8.0","","36","","","","29","","25","","64.4","","88.95","","","","","","NA"
"-114.01","51.12","CALGARY INTL A","3031092","2024-02-22 11:00","2024","02","22","11:00","","7.3","","-7.8","","33","","","","28","","27","","64.4","","88.96","","","","","","Mostly Cloudy"
"-114.01","51.12","CALGARY INTL A","3031092","2024-02-22 12:00","2024","02","22","12:00","","8.4","","-7.4","","32","","","","29","","10","","64.4","","88.94","","","","","","NA"
"-114.01","51.12","CALGARY INTL A","3031092","2024-02-22 13:00","2024","02","22","13:00","","9.3","","-7.9","","29","","","","29","","14","","64.4","","88.94","","","","","","NA"
"-114.01","51.12","CALGARY INTL A","3031092","2024-02-22 14:00","2024","02","22","14:00","","9.9","","-6.7","","31","","","","31","","21","","64.4","","88.93","","","","","","Mostly Cloudy"
"-114.01","51.12","CALGARY INTL A","3031092","2024-02-22 15:00","2024","02","22","15:00","","10.3","","-6.8","","29","","","","31","","5","","64.4","","88.93","","","","","","NA"
"-114.01","51.12","CALGARY INTL A","3031092","2024-02-22 16:00","2024","02","22","16:00","","10.0","","-7.3","","29","","","","28","","23","","48.3","","88.91","","","","","","NA"
"-114.01","51.12","CALGARY INTL A","3031092","2024-02-22 17:00","2024","02","22","17:00","","8.6","","-7.0","","32","","","","27","","15","","48.3","","88.91","","","","","","Mostly Cloudy"
"-114.01","51.12","CALGARY INTL A","3031092","2024-02-22 18:00","2024","02","22","18:00","","7.1","","-6.6","","37","","","","28","","12","","32.2","","88.89","","","","","","NA"
"-114.01","51.12","CALGARY INTL A","3031092","2024-02-22 19:00","2024","02","22","19:00","","5.9","","-6.8","","40","","","","27","","10","","24.1","","88.90","","","","","","NA"
"-114.01","51.12","CALGARY INTL A","3031092","2024-02-22 20:00","2024","02","22","20:00","","5.7","","-7.5","","38","","","","27","","14","","24.1","","88.91","","","","","","Clear"
"-114.01","51.12","CALGARY INTL A","3031092","2024-02-22 21:00","2024","02","22","21:00","","5.7","","-8.0","","37","","","","28","","25","","24.1","","88.95","","","","","","NA"
"-114.01","51.12","CALGARY INTL A","3031092","2024-02-22 22:00","2024","02","22","22:00","","5.8","","-8.2","","36","","","","28","","21","","24.1","","88.95","","","","","","NA"
"-114.01","51.12","CALGARY INTL A","3031092","2024-02-22 23:00","2024","02","22","23:00","","5.5","","-8.3","","36","","","","28","","27","","24.1","","88.96","","","","","","Mainly Clear"
"-114.01","51.12","CALGARY INTL A","3031092","2024-02-23 00:00","2024","02","23","00:00","","5.7","","-8.4","","36","","","","27","","30","","24.1","","88.95","","","","","","NA"
"-114.01","51.12","CALGARY INTL A","3031092","2024-02-23 01:00","2024","02","23","01:00","","5.4","","-8.3","","37","","","","27","","25","","24.1","","88.95","","","","","","NA"
"-114.01","51.12","CALGARY INTL A","3031092","2024-02-23 02:00","2024","02","23","02:00","","4.9","","-8.3","","38","","","","27","","13","","24.1","","88.93","","","","","","Mainly Clear"
"-114.01","51.12","CALGARY INTL A","3031092","2024-02-23 03:00","2024","02","23","03:00","","5.0","","-8.8","","36","","","","28","","14","","24.1","","88.91","","","","","","NA"
"-114.01","51.12","CALGARY INTL A","3031092","2024-02-23 04:00","2024","02","23","04:00","","5.0","","-9.2","","35","","","","28","","24","","24.1","","88.88","","","","","","NA"
"-114.01","51.12","CALGARY INTL A","3031092","2024-02-23 05:00","2024","02","23","05:00","","4.9","","-9.4","","35","","","","27","","22","","24.1","","88.87","","","","","","Clear"
"-114.01","51.12","CALGARY INTL A","3031092","2024-02-23 06:00","2024","02","23","06:00","","4.8","","-9.7","","34","","","","27","","16","","24.1","","88.84","","","","","","NA"
"-114.01","51.12","CALGARY INTL A","3031092","2024-02-23 07:00","2024","02","23","07:00","","4.6","","-10.0","","34","","","","27","","25","","24.1","","88.82","","","","","","NA"
"-114.01","51.12","CALGARY INTL A","3031092","2024-02-23 08:00","2024","02","23","08:00","","4.7","","-10.5","","32","","","","26","","16","","64.4","","88.80","","","","","","Mainly Clear"
"-114.01","51.12","CALGARY INTL A","3031092","2024-02-23 09:00","2024","02","23","09:00","","5.3","","-10.1","","32","","","","27","","17","","64.4","","88.76","","","","","","NA"
"-114.01","51.12","CALGARY INTL A","3031092","2024-02-23 10:00","2024","02","23","10:00","","6.7","","-10.1","","29","","","","27","","30","","64.4","","88.72","","","","","","NA"
"-114.01","51.12","CALGARY INTL A","3031092","2024-02-23 11:00","2024","02","23","11:00","","8.3","","-10.7","","25","","","","27","","26","","64.4","","88.61","","","","","","Mainly Clear"
"-114.01","51.12","CALGARY INTL A","3031092","2024-02-23 12:00","2024","02","23","12:00","","9.2","","-11.0","","23","","","","27","","34","","64.4","","88.50","","","","","","NA"
"-114.01","51.12","CALGARY INTL A","3031092","2024-02-23 13:00","2024","02","23","13:00","","10.1","","-10.3","","23","","","","27","","21","","64.4","","88.39","","","","","","NA"
"-114.01","51.12","CALGARY INTL A","3031092","2024-02-23 14:00","2024","02","23","14:00","","10.3","","-10.7","","22","","","","26","","31","","64.4","","88.25","","","","","","Mainly Clear"
"-114.01","51.12","CALGARY INTL A","3031092","2024-02-23 15:00","2024","02","23","15:00","","10.5","","-10.8","","21","","","","27","","33","","64.4","","88.20","","","","","","NA"
"-114.01","51.12","CALGARY INTL A","3031092","2024-02-23 16:00","2024","02","23","16:00","","9.7","","-10.1","","24","","","","28","","42","","48.3","","88.11","","","","","","NA"
"-114.01","51.12","CALGARY INTL A","3031092","2024-02-23 17:00","2024","02","23","17:00","","8.4","","-9.7","","27","","","","27","","15","","48.3","","88.08","","","","","","Mostly Cloudy"
"-114.01","51.12","CALGARY INTL A","3031092","2024-02-23 18:00","2024","02","23","18:00","","7.7","","-9.9","","28","","","","29","","12","","48.3","","88.01","","","","","","NA"
"-114.01","51.12","CALGARY INTL A","3031092","2024-02-23 19:00","2024","02","23","19:00","","6.6","","-9.1","","32","","","","29","","13","","24.1","","88.02","","","","","","NA"
"-114.01","51.12","CALGARY INTL A","3031092","2024-02-23 20:00","2024","02","23","20:00","","6.2","","-8.5","","34","","","","30","","25","","16.1","","88.03","","","","","","Cloudy"
"-114.01","51.12","CALGARY INTL A","3031092","2024-02-23 21:00","2024","02","23","21:00","","6.5","","-9.5","","31","","","","28","","46","","16.1","","87.97","","","","","","NA"
"-114.01","51.12","CALGARY INTL A","3031092","2024-02-23 22:00","2024","02","23","22:00","","6.3","","-9.6","","31","","","","27","","7","","16.1","","88.02","","","","","","NA"
"-114.01","51.12","CALGARY INTL A","3031092","2024-02-23 23:00","2024","02","23","23:00","","4.6","","-8.7","","38","","","","16","","8","","16.1","","87.99","","","","","","Mostly Cloudy"
"-114.01","51.12","CALGARY INTL A","3031092","2024-02-24 00:00","2024","02","24","00:00","","4.8","","-8.4","","38","","","","20","","3","","16.1","","87.94","","","","","","NA"
"-114.01","51.12","CALGARY INTL A","3031092","2024-02-24 01:00","2024","02","24","01:00","","4.1","","-8.3","","40","","","","17","","9","","16.1","","87.92","","","","","","NA"
"-114.01","51.12","CALGARY INTL A","3031092","2024-02-24 02:00","2024","02","24","02:00","","3.2","","-8.4","","43","","","","18","","7","","16.1","","87.88","","","","","","Mostly Cloudy"
"-114.01","51.12","CALGARY INTL A","3031092","2024-02-24 03:00","2024","02","24","03:00","","3.3","","-8.3","","42","","","","22","","13","","24.1","","87.86","","","","","","NA"
"-114.01","51.12","CALGARY INTL A","3031092","2024-02-24 04:00","2024","02","24","04:00","","2.0","","-8.1","","47","","","","22","","12","","24.1","","87.83","","","","","","NA"
"-114.01","51.12","CALGARY INTL A","3031092","2024-02-24 05:00","2024","02","24","05:00","","2.9","","-8.6","","43","","","","26","","11","","24.1","","87.83","","","","","","Mainly Clear"
"-114.01","51.12","CALGARY INTL A","3031092","2024-02-24 06:00","2024","02","24","06:00","","-2.0","","-4.5","","83","","","","1","","33","","9.7","","88.11","","","","-9","","Fog"
"-114.01","51.12","CALGARY INTL A","3031092","2024-02-24 07:00","2024","02","24","07:00","","-2.8","","-5.8","","80","","","","4","","29","","9.7","","88.08","","","","-10","","Fog"
"-114.01","51.12","CALGARY INTL A","3031092","2024-02-24 08:00","2024","02","24","08:00","","-2.7","","-5.9","","79","","","","3","","16","","24.1","","88.12","","","","-8","","Cloudy"
"-114.01","51.12","CALGARY INTL A","3031092","2024-02-24 09:00","2024","02","24","09:00","","-3.0","","-6.5","","77","","","","3","","24","","24.1","","88.19","","","","-10","","NA"
"-114.01","51.12","CALGARY INTL A","3031092","2024-02-24 10:00","2024","02","24","10:00","","-3.8","","-7.6","","75","","","","1","","36","","9.7","","88.25","","","","-12","","Snow,Fog"
"-114.01","51.12","CALGARY INTL A","3031092","2024-02-24 11:00","2024","02","24","11:00","","-4.2","","-7.2","","79","","","","2","","23","","4.0","","88.26","","","","-11","","Snow,Fog"
"-114.01","51.12","CALGARY INTL A","3031092","2024-02-24 12:00","2024","02","24","12:00","","-4.2","","-7.0","","81","","","","1","","23","","1.2","","88.27","","","","-11","","Snow"
"-114.01","51.12","CALGARY INTL A","3031092","2024-02-24 13:00","2024","02","24","13:00","","-3.9","","-7.0","","79","","","","3","","18","","2.0","","88.27","","","","-10","","Snow"
"-114.01","51.12","CALGARY INTL A","3031092","2024-02-24 14:00","2024","02","24","14:00","","-3.1","","-7.7","","70","","","","4","","14","","9.7","","88.21","","","","-8","","Snow"
"-114.01","51.12","CALGARY INTL A","3031092","2024-02-24 15:00","2024","02","24","15:00","","-2.9","","-8.5","","66","","","","12","","12","","24.1","","88.15","","","","-7","","NA"
"-114.01","51.12","CALGARY INTL A","3031092","2024-02-24 16:00","2024","02","24","16:00","","-2.8","","-9.5","","60","","","","11","","10","","24.1","","88.07","","","","-7","","NA"
"-114.01","51.12","CALGARY INTL A","3031092","2024-02-24 17:00","2024","02","24","17:00","","-2.8","","-8.4","","65","","","","15","","14","","24.1","","88.02","","","","-8","","Mostly Cloudy"
"-114.01","51.12","CALGARY INTL A","3031092","2024-02-24 18:00","2024","02","24","18:00","","-3.3","","-8.6","","67","","","","17","","20","","24.1","","87.97","","","","-9","","NA"
"-114.01","51.12","CALGARY INTL A","3031092","2024-02-24 19:00","2024","02","24","19:00","","-3.6","","-8.2","","71","","","","15","","18","","24.1","","87.91","","","","-9","","NA"
"-114.01","51.12","CALGARY INTL A","3031092","2024-02-24 20:00","2024","02","24","20:00","","-3.8","","-8.8","","68","","","","14","","19","","16.1","","87.86","","","","-10","","Mostly Cloudy"
"-114.01","51.12","CALGARY INTL A","3031092","2024-02-24 21:00","2024","02","24","21:00","","-3.8","","-7.6","","75","","","","15","","21","","16.1","","87.83","","","","-10","","NA"
"-114.01","51.12","CALGARY INTL A","3031092","2024-02-24 22:00","2024","02","24","22:00","","-4.0","","-7.8","","75","","","","15","","23","","16.1","","87.81","","","","-11","","NA"
"-114.01","51.12","CALGARY INTL A","3031092","2024-02-24 23:00","2024","02","24","23:00","","-3.9","","-7.6","","76","","","","13","","18","","16.1","","87.76","","","","-10","","Mostly Cloudy"
"-114.01","51.12","CALGARY INTL A","3031092","2024-02-25 00:00","2024","02","25","00:00","","-3.9","","-8.5","","71","","","","15","","22","","16.1","","87.74","","","","-10","","NA"
"-114.01","51.12","CALGARY INTL A","3031092","2024-02-25 01:00","2024","02","25","01:00","","-3.9","","-8.0","","74","","","","13","","19","","16.1","","87.78","","","","-10","","NA"
"-114.01","51.12","CALGARY INTL A","3031092","2024-02-25 02:00","2024","02","25","02:00","","-4.1","","-7.5","","77","","","","17","","21","","16.1","","87.70","","","","-11","","Cloudy"
"-114.01","51.12","CALGARY INTL A","3031092","2024-02-25 03:00","2024","02","25","03:00","","-4.4","","-8.0","","76","","","","17","","20","","16.1","","87.71","","","","-11","","NA"
"-114.01","51.12","CALGARY INTL A","3031092","2024-02-25 04:00","2024","02","25","04:00","","-5.7","","-8.6","","80","","","","15","","14","","16.1","","87.66","","","","-11","","NA"
"-114.01","51.12","CALGARY INTL A","3031092","2024-02-25 05:00","2024","02","25","05:00","","-6.5","","-9.4","","80","","","","16","","13","","16.1","","87.64","","","","-12","","Mainly Clear"
"-114.01","51.12","CALGARY INTL A","3031092","2024-02-25 06:00","2024","02","25","06:00","","-7.5","","-9.5","","85","","","","17","","11","","16.1","","87.61","","","","-13","","NA"
"-114.01","51.12","CALGARY INTL A","3031092","2024-02-25 07:00","2024","02","25","07:00","","-7.4","","-9.6","","84","","","","17","","15","","12.9","","87.51","","","","-14","","NA"
"-114.01","51.12","CALGARY INTL A","3031092","2024-02-25 08:00","2024","02","25","08:00","","-7.2","","-9.5","","84","","","","17","","16","","24.1","","87.48","","","","-14","","Mostly Cloudy"
"-114.01","51.12","CALGARY INTL A","3031092","2024-02-25 09:00","2024","02","25","09:00","","-6.4","","-9.4","","79","","","","18","","17","","24.1","","87.40","","","","-13","","NA"
"-114.01","51.12","CALGARY INTL A","3031092","2024-02-25 10:00","2024","02","25","10:00","","-4.5","","-9.1","","70","","","","17","","23","","24.1","","87.28","","","","-11","","NA"
"-114.01","51.12","CALGARY INTL A","3031092","2024-02-25 11:00","2024","02","25","11:00","","-4.1","","-8.5","","71","","","","17","","21","","24.1","","87.14","","","","-11","","Mostly Cloudy"
"-114.01","51.12","CALGARY INTL A","3031092","2024-02-25 12:00","2024","02","25","12:00","","-3.1","","-7.7","","71","","","","14","","22","","24.1","","86.98","","","","-9","","NA"
"-114.01","51.12","CALGARY INTL A","3031092","2024-02-25 13:00","2024","02","25","13:00","","-2.4","","-6.7","","72","","","","13","","21","","24.1","","86.79","","","","-8","","NA"
"-114.01","51.12","CALGARY INTL A","3031092","2024-02-25 14:00","2024","02","25","14:00","","-1.5","","-6.5","","69","","","","13","","15","","24.1","","86.59","","","","-6","","Cloudy"
"-114.01","51.12","CALGARY INTL A","3031092","2024-02-25 15:00","2024","02","25","15:00","","-0.6","","-5.9","","68","","","","13","","17","","24.1","","86.43","","","","-6","","NA"
"-114.01","51.12","CALGARY INTL A","3031092","2024-02-25 16:00","2024","02","25","16:00","","-0.4","","-5.5","","68","","","","17","","10","","24.1","","86.33","","","","-4","","NA"
"-114.01","51.12","CALGARY INTL A","3031092","2024-02-25 17:00","2024","02","25","17:00","","0.5","","-5.2","","66","","","","19","","10","","24.1","","86.21","","","","","","Mostly Cloudy"
"-114.01","51.12","CALGARY INTL A","3031092","2024-02-25 18:00","2024","02","25","18:00","","3.0","","-4.3","","59","","","","20","","16","","24.1","","86.16","","","","","","NA"
"-114.01","51.12","CALGARY INTL A","3031092","2024-02-25 19:00","2024","02","25","19:00","","4.2","","-3.4","","58","","","","22","","25","","16.1","","86.16","","","","","","NA"
"-114.01","51.12","CALGARY INTL A","3031092","2024-02-25 20:00","2024","02","25","20:00","","3.4","","-2.5","","65","","","","18","","16","","12.9","","86.14","","","","","","Mostly Cloudy"
"-114.01","51.12","CALGARY INTL A","3031092","2024-02-25 21:00","2024","02","25","21:00","","2.6","","-2.5","","69","","","","14","","8","","16.1","","86.13","","","","","","NA"
"-114.01","51.12","CALGARY INTL A","3031092","2024-02-25 22:00","2024","02","25","22:00","","1.8","","-2.4","","74","","","","9","","9","","16.1","","86.15","","","","","","NA"
"-114.01","51.12","CALGARY INTL A","3031092","2024-02-25 23:00","2024","02","25","23:00","","-4.7","","-5.0","","98","","","","2","","22","","1.0","","86.27","","","","-12","","Fog"
"-114.01","51.12","CALGARY INTL A","3031092","2024-02-26 00:00","2024","02","26","00:00","","-4.3","","-4.6","","98","","","","36","","35","","2.0","","86.39","","","","-13","","Fog"
"-114.01","51.12","CALGARY INTL A","3031092","2024-02-26 01:00","2024","02","26","01:00","","-4.0","","-5.2","","91","","","","35","","35","","8.1","","86.52","","","","-12","","Snow,Fog"
"-114.01","51.12","CALGARY INTL A","3031092","2024-02-26 02:00","2024","02","26","02:00","","-8.3","","-10.4","","85","","","","36","","34","","2.0","","86.85","","","","-18","","Snow,Fog"
"-114.01","51.12","CALGARY INTL A","3031092","2024-02-26 03:00","2024","02","26","03:00","","-9.9","","-12.9","","79","","","","36","","52","","2.0","","86.98","","","","-22","","Snow,Fog"
"-114.01","51.12","CALGARY INTL A","3031092","2024-02-26 04:00","2024","02","26","04:00","","-11.7","","-14.5","","80","","","","36","","39","","4.0","","87.15","","","","-23","","Snow,Fog"
"-114.01","51.12","CALGARY INTL A","3031092","2024-02-26 05:00","2024","02","26","05:00","","-13.4","","-16.3","","79","","","","1","","40","","2.0","","87.36","","","","-25","","Snow,Fog,Blowing Snow"
"-114.01","51.12","CALGARY INTL A","3031092","2024-02-26 06:00","2024","02","26","06:00","","-13.7","","-16.3","","81","","","","2","","28","","2.0","","87.51","","","","-24","","Snow,Fog,Blowing Snow"
"-114.01","51.12","CALGARY INTL A","3031092","2024-02-26 07:00","2024","02","26","07:00","","-14.9","","-18.4","","75","","","","3","","36","","6.4","","87.68","","","","-27","","Snow,Fog,Blowing Snow"
"-114.01","51.12","CALGARY INTL A","3031092","2024-02-26 08:00","2024","02","26","08:00","","-15.7","","-18.9","","76","","","","2","","32","","2.8","","87.78","","","","-27","","Snow"
"-114.01","51.12","CALGARY INTL A","3031092","2024-02-26 09:00","2024","02","26","09:00","","-16.8","","-20.9","","71","","","","1","","28","","3.2","","87.95","","","","-28","","Snow"
"-114.01","51.12","CALGARY INTL A","3031092","2024-02-26 10:00","2024","02","26","10:00","","-16.7","","-20.6","","72","","","","1","","29","","2.8","","88.06","","","","-28","","Snow"
"-114.01","51.12","CALGARY INTL A","3031092","2024-02-26 11:00","2024","02","26","11:00","","-16.1","","-20.1","","72","","","","1","","28","","2.8","","88.13","","","","-27","","Snow"
"-114.01","51.12","CALGARY INTL A","3031092","2024-02-26 12:00","2024","02","26","12:00","","-16.5","","-20.6","","71","","","","35","","27","","2.4","","88.19","","","","-27","","Snow"
"-114.01","51.12","CALGARY INTL A","3031092","2024-02-26 13:00","2024","02","26","13:00","","-16.0","","-20.9","","67","","","","36","","21","","6.4","","88.24","","","","-26","","Snow"
"-114.01","51.12","CALGARY INTL A","3031092","2024-02-26 14:00","2024","02","26","14:00","","-15.5","","-20.7","","65","","","","1","","22","","8.1","","88.27","","","","-25","","Snow"
"-114.01","51.12","CALGARY INTL A","3031092","2024-02-26 15:00","2024","02","26","15:00","","-16.7","","-21.5","","67","","","","5","","26","","11.3","","88.28","","","","-28","","NA"
"-114.01","51.12","CALGARY INTL A","3031092","2024-02-26 16:00","2024","02","26","16:00","","-16.4","","-21.7","","64","","","","5","","25","","24.1","","88.33","","","","-27","","NA"
"-114.01","51.12","CALGARY INTL A","3031092","2024-02-26 17:00","2024","02","26","17:00","","-17.6","","-22.6","","66","","","","5","","23","","24.1","","88.37","","","","-28","","Mainly Clear"
"-114.01","51.12","CALGARY INTL A","3031092","2024-02-26 18:00","2024","02","26","18:00","","-19.0","","-23.1","","71","","","","4","","19","","24.1","","88.43","","","","-29","","NA"
"-114.01","51.12","CALGARY INTL A","3031092","2024-02-26 19:00","2024","02","26","19:00","","-19.6","","-23.5","","72","","","","3","","12","","16.1","","88.52","","","","-28","","NA"
"-114.01","51.12","CALGARY INTL A","3031092","2024-02-26 20:00","2024","02","26","20:00","","-19.9","","-23.4","","74","","","","4","","13","","14.5","","88.57","","","","-28","","Ice Crystals"
"-114.01","51.12","CALGARY INTL A","3031092","2024-02-26 21:00","2024","02","26","21:00","","-20.4","","-23.7","","76","","","","8","","22","","16.1","","88.60","","","","-31","","Ice Crystals"
"-114.01","51.12","CALGARY INTL A","3031092","2024-02-26 22:00","2024","02","26","22:00","","-20.7","","-23.7","","77","","","","8","","20","","12.9","","88.62","","","","-31","","Ice Crystals"
"-114.01","51.12","CALGARY INTL A","3031092","2024-02-26 23:00","2024","02","26","23:00","","-20.9","","-23.9","","78","","","","8","","21","","6.4","","88.64","","","","-32","","Ice Crystals"
"-114.01","51.12","CALGARY INTL A","3031092","2024-02-27 00:00","2024","02","27","00:00","","-21.2","","-24.1","","78","","","","9","","18","","6.4","","88.64","","","","-31","","Ice Crystals"
"-114.01","51.12","CALGARY INTL A","3031092","2024-02-27 01:00","2024","02","27","01:00","","-21.4","","-24.5","","77","","","","9","","19","","4.8","","88.64","","","","-32","","Ice Crystals"
"-114.01","51.12","CALGARY INTL A","3031092","2024-02-27 02:00","2024","02","27","02:00","","-21.4","","-24.6","","76","","","","9","","21","","4.8","","88.65","","","","-32","","Ice Crystals"
"-114.01","51.12","CALGARY INTL A","3031092","2024-02-27 03:00","2024","02","27","03:00","","-21.6","","-25.0","","74","","","","10","","17","","8.1","","88.64","","","","-32","","Ice Crystals"
"-114.01","51.12","CALGARY INTL A","3031092","2024-02-27 04:00","2024","02","27","04:00","","-21.8","","-25.0","","76","","","","9","","20","","24.1","","88.64","","","","-33","","NA"
"-114.01","51.12","CALGARY INTL A","3031092","2024-02-27 05:00","2024","02","27","05:00","","-22.3","","-25.7","","74","","","","9","","22","","8.1","","88.63","","","","-34","","Ice Crystals"
"-114.01","51.12","CALGARY INTL A","3031092","2024-02-27 06:00","2024","02","27","06:00","","-22.2","","-25.7","","74","","","","9","","17","","4.8","","88.67","","","","-32","","Snow"
"-114.01","51.12","CALGARY INTL A","3031092","2024-02-27 07:00","2024","02","27","07:00","","-22.2","","-25.6","","74","","","","7","","10","","2.4","","88.69","","","","-30","","Snow"
"-114.01","51.12","CALGARY INTL A","3031092","2024-02-27 08:00","2024","02","27","08:00","","-22.0","","-25.4","","75","","","","8","","15","","1.6","","88.75","","","","-32","","Snow"
"-114.01","51.12","CALGARY INTL A","3031092","2024-02-27 09:00","2024","02","27","09:00","","-21.6","","-25.2","","73","","","","8","","16","","2.0","","88.79","","","","-31","","Snow"
"-114.01","51.12","CALGARY INTL A","3031092","2024-02-27 10:00","2024","02","27","10:00","","-20.6","","-25.4","","66","","","","8","","14","","11.3","","88.80","","","","-29","","NA"
"-114.01","51.12","CALGARY INTL A","3031092","2024-02-27 11:00","2024","02","27","11:00","","-20.0","","-25.3","","63","","","","9","","13","","11.3","","88.80","","","","-28","","Mainly Clear"
"-114.01","51.12","CALGARY INTL A","3031092","2024-02-27 12:00","2024","02","27","12:00","","-18.9","","-24.9","","59","","","","9","","17","","24.1","","88.78","","","","-28","","NA"
"-114.01","51.12","CALGARY INTL A","3031092","2024-02-27 13:00","2024","02","27","13:00","","-18.6","","-23.9","","64","","","","9","","16","","24.1","","88.74","","","","-28","","NA"
"-114.01","51.12","CALGARY INTL A","3031092","2024-02-27 14:00","2024","02","27","14:00","","-18.0","","-23.6","","62","","","","15","","13","","11.3","","88.68","","","","-26","","Mostly Cloudy"
"-114.01","51.12","CALGARY INTL A","3031092","2024-02-27 15:00","2024","02","27","15:00","","-17.9","","-24.1","","59","","","","13","","14","","11.3","","88.65","","","","-26","","NA"
"-114.01","51.12","CALGARY INTL A","3031092","2024-02-27 16:00","2024","02","27","16:00","","-17.5","","-23.7","","59","","","","13","","21","","16.1","","88.63","","","","-28","","NA"
"-114.01","51.12","CALGARY INTL A","3031092","2024-02-27 17:00","2024","02","27","17:00","","-17.9","","-24.1","","59","","","","14","","22","","16.1","","88.60","","","","-28","","Mainly Clear"
"-114.01","51.12","CALGARY INTL A","3031092","2024-02-27 18:00","2024","02","27","18:00","","-18.9","","-24.0","","65","","","","14","","25","","16.1","","88.57","","","","-30","","NA"
"-114.01","51.12","CALGARY INTL A","3031092","2024-02-27 19:00","2024","02","27","19:00","","-19.2","","-23.8","","67","","","","16","","26","","16.1","","88.50","","","","-31","","NA"
"-114.01","51.12","CALGARY INTL A","3031092","2024-02-27 20:00","2024","02","27","20:00","","-19.6","","-23.8","","70","","","","16","","22","","24.1","","88.39","","","","-30","","Mainly Clear"
"-114.01","51.12","CALGARY INTL A","3031092","2024-02-27 21:00","2024","02","27","21:00","","-19.6","","-23.3","","73","","","","17","","24","","24.1","","88.34","","","","-31","","NA"
"-114.01","51.12","CALGARY INTL A","3031092","2024-02-27 22:00","2024","02","27","22:00","","-19.8","","-23.0","","76","","","","17","","25","","24.1","","88.24","","","","-31","","NA"
"-114.01","51.12","CALGARY INTL A","3031092","2024-02-27 23:00","2024","02","27","23:00","","-19.3","","-22.4","","77","","","","17","","22","","19.3","","88.16","","","","-30","","Mostly Cloudy"
"-114.01","51.12","CALGARY INTL A","3031092","2024-02-28 00:00","2024","02","28","00:00","","-19.1","","-22.7","","74","","","","17","","20","","24.1","","88.06","","","","-29","","NA"
"-114.01","51.12","CALGARY INTL A","3031092","2024-02-28 01:00","2024","02","28","01:00","","-19.2","","-22.6","","75","","","","18","","27","","16.1","","87.91","","","","-31","","NA"
"-114.01","51.12","CALGARY INTL A","3031092","2024-02-28 02:00","2024","02","28","02:00","","-19.3","","-22.4","","77","","","","17","","19","","16.1","","87.83","","","","-29","","Mostly Cloudy"
"-114.01","51.12","CALGARY INTL A","3031092","2024-02-28 03:00","2024","02","28","03:00","","-18.8","","-21.7","","78","","","","17","","18","","16.1","","87.79","","","","-28","","NA"
"-114.01","51.12","CALGARY INTL A","3031092","2024-02-28 04:00","2024","02","28","04:00","","-18.5","","-21.2","","80","","","","16","","21","","16.1","","87.74","","","","-29","","NA"
"-114.01","51.12","CALGARY INTL A","3031092","2024-02-28 05:00","2024","02","28","05:00","","-17.5","","-20.4","","79","","","","16","","14","","24.1","","87.66","","","","-26","","Mostly Cloudy"
"-114.01","51.12","CALGARY INTL A","3031092","2024-02-28 06:00","2024","02","28","06:00","","-16.6","","-19.7","","78","","","","16","","13","","16.1","","87.61","","","","-24","","NA"
"-114.01","51.12","CALGARY INTL A","3031092","2024-02-28 07:00","2024","02","28","07:00","","-15.6","","-19.0","","76","","","","16","","12","","32.2","","87.55","","","","-23","","NA"
"-114.01","51.12","CALGARY INTL A","3031092","2024-02-28 08:00","2024","02","28","08:00","","-15.2","","-18.8","","75","","","","16","","12","","48.3","","87.49","","","","-22","","Cloudy"
"-114.01","51.12","CALGARY INTL A","3031092","2024-02-28 09:00","2024","02","28","09:00","","-14.3","","-18.1","","73","","","","17","","9","","48.3","","87.48","","","","-20","","NA"
"-114.01","51.12","CALGARY INTL A","3031092","2024-02-28 10:00","2024","02","28","10:00","","-12.9","","-17.2","","71","","","","16","","11","","48.3","","87.45","","","","-19","","NA"
"-114.01","51.12","CALGARY INTL A","3031092","2024-02-28 11:00","2024","02","28","11:00","","-9.7","","-15.2","","64","","","","15","","12","","48.3","","87.40","","","","-16","","Mostly Cloudy"
"-114.01","51.12","CALGARY INTL A","3031092","2024-02-28 12:00","2024","02","28","12:00","","-6.0","","-14.1","","53","","","","14","","11","","32.2","","87.34","","","","-11","","NA"
"-114.01","51.12","CALGARY INTL A","3031092","2024-02-28 13:00","2024","02","28","13:00","","-1.2","","-9.9","","52","","","","18","","7","","24.1","","87.26","","","","-4","","NA"
"-114.01","51.12","CALGARY INTL A","3031092","2024-02-28 14:00","2024","02","28","14:00","","-1.3","","-9.8","","53","","","","11","","10","","24.1","","87.17","","","","-5","","Mostly Cloudy"
"-114.01","51.12","CALGARY INTL A","3031092","2024-02-28 15:00","2024","02","28","15:00","","1.6","","-7.5","","51","","","","10","","10","","24.1","","87.13","","","","","","NA"
"-114.01","51.12","CALGARY INTL A","3031092","2024-02-28 16:00","2024","02","28","16:00","","1.4","","-6.0","","58","","","","5","","15","","24.1","","87.04","","","","","","NA"
"-114.01","51.12","CALGARY INTL A","3031092","2024-02-28 17:00","2024","02","28","17:00","","0.4","","-6.1","","62","","","","6","","17","","24.1","","87.00","","","","","","Mostly Cloudy"
"-114.01","51.12","CALGARY INTL A","3031092","2024-02-28 18:00","2024","02","28","18:00","","-1.8","","-6.7","","69","","","","6","","16","","14.5","","86.98","","","","-7","","NA"
"-114.01","51.12","CALGARY INTL A","3031092","2024-02-28 19:00","2024","02","28","19:00","","-4.7","","-8.7","","74","","","","8","","16","","24.1","","86.94","","","","-10","","NA"
"-114.01","51.12","CALGARY INTL A","3031092","2024-02-28 20:00","2024","02","28","20:00","","-3.5","","-7.9","","71","","","","10","","17","","24.1","","86.91","","","","-9","","Mainly Clear"
"-114.01","51.12","CALGARY INTL A","3031092","2024-02-28 21:00","2024","02","28","21:00","","-2.6","","-7.9","","67","","","","14","","13","","24.1","","86.85","","","","-7","","NA"
"-114.01","51.12","CALGARY INTL A","3031092","2024-02-28 22:00","2024","02","28","22:00","","-1.3","","-7.0","","65","","","","16","","7","","24.1","","86.84","","","","-4","","NA"
"-114.01","51.12","CALGARY INTL A","3031092","2024-02-28 23:00","2024","02","28","23:00","","-3.6","","-7.9","","72","","","","16","","14","","24.1","","86.74","","","","-9","","Mainly Clear"
"-114.01","51.12","CALGARY INTL A","3031092","2024-02-29 00:00","2024","02","29","00:00","","-0.1","","-6.8","","61","","","","14","","12","","24.1","","86.72","","","","-4","","NA"
"-114.01","51.12","CALGARY INTL A","3031092","2024-02-29 01:00","2024","02","29","01:00","","2.8","","-6.2","","52","","","","17","","9","","24.1","","86.67","","","","","","NA"
"-114.01","51.12","CALGARY INTL A","3031092","2024-02-29 02:00","2024","02","29","02:00","","2.1","","-5.2","","59","","","","16","","25","","24.1","","86.61","","","","","","Mainly Clear"
"-114.01","51.12","CALGARY INTL A","3031092","2024-02-29 03:00","2024","02","29","03:00","","2.3","","-5.1","","58","","","","14","","22","","24.1","","86.55","","","","","","NA"
"-114.01","51.12","CALGARY INTL A","3031092","2024-02-29 04:00","2024","02","29","04:00","","1.3","","-5.0","","63","","","","12","","10","","24.1","","86.52","","","","","","NA"
"-114.01","51.12","CALGARY INTL A","3031092","2024-02-29 05:00","2024","02","29","05:00","","1.5","","-5.2","","61","","","","15","","10","","24.1","","86.46","","","","","","Mostly Cloudy"
"-114.01","51.12","CALGARY INTL A","3031092","2024-02-29 06:00","2024","02","29","06:00","","3.9","","-4.2","","56","","","","18","","9","","24.1","","86.39","","","","","","NA"
"-114.01","51.12","CALGARY INTL A","3031092","2024-02-29 07:00","2024","02","29","07:00","","5.4","","-3.3","","53","","","","21","","27","","24.1","","86.38","","","","","","NA"
"-114.01","51.12","CALGARY INTL A","3031092","2024-02-29 08:00","2024","02","29","08:00","","4.4","","-2.5","","61","","","","19","","18","","24.1","","86.37","","","","","","Mainly Clear"
"-114.01","51.12","CALGARY INTL A","3031092","2024-02-29 09:00","2024","02","29","09:00","","5.7","","-1.9","","58","","","","17","","21","","24.1","","86.32","","","","","","NA"
"-114.01","51.12","CALGARY INTL A","3031092","2024-02-29 10:00","2024","02","29","10:00","","7.3","","-1.4","","54","","","","20","","32","","24.1","","86.30","","","","","","NA"
"-114.01","51.12","CALGARY INTL A","3031092","2024-02-29 11:00","2024","02","29","11:00","","8.6","","-1.6","","48","","","","20","","37","","24.1","","86.29","","","","","","Mostly Cloudy"
"-114.01","51.12","CALGARY INTL A","3031092","2024-02-29 12:00","2024","02","29","12:00","","9.2","","-1.3","","47","","","","20","","34","","24.1","","86.30","","","","","","NA"
"-114.01","51.12","CALGARY INTL A","3031092","2024-02-29 13:00","2024","02","29","13:00","","-4.0","","-8.6","","71","","","","2","","48","","24.1","","86.41","","","","-13","","NA"
"-114.01","51.12","CALGARY INTL A","3031092","2024-02-29 14:00","2024","02","29","14:00","","-4.9","","-10.0","","68","","","","36","","40","","24.1","","86.50","","","","-14","","Mostly Cloudy"
"-114.01","51.12","CALGARY INTL A","3031092","2024-02-29 15:00","2024","02","29","15:00","","-5.4","","-10.3","","69","","","","35","","39","","24.1","","86.58","","","","-15","","NA"
"-114.01","51.12","CALGARY INTL A","3031092","2024-02-29 16:00","2024","02","29","16:00","","-6.3","","-10.4","","73","","","","35","","31","","24.1","","86.61","","","","-15","","NA"
"-114.01","51.12","CALGARY INTL A","3031092","2024-02-29 17:00","2024","02","29","17:00","","-7.0","","-9.7","","81","","","","1","","33","","1.6","","86.73","","","","-16","","Snow Grains"
"-114.01","51.12","CALGARY INTL A","3031092","2024-02-29 18:00","2024","02","29","18:00","","-8.8","","-10.9","","85","","","","36","","24","","6.4","","86.85","","","","-17","","Snow"
"-114.01","51.12","CALGARY INTL A","3031092","2024-02-29 19:00","2024","02","29","19:00","","-9.7","","-12.2","","82","","","","4","","23","","24.1","","86.85","","","","-18","","NA"
"-114.01","51.12","CALGARY INTL A","3031092","2024-02-29 20:00","2024","02","29","20:00","","-10.7","","-13.4","","80","","","","1","","27","","9.7","","86.92","","","","-20","","Snow,Fog"
"-114.01","51.12","CALGARY INTL A","3031092","2024-02-29 21:00","2024","02","29","21:00","","-10.2","","-12.5","","84","","","","35","","26","","4.0","","87.11","","","","-19","","Snow,Fog"
"-114.01","51.12","CALGARY INTL A","3031092","2024-02-29 22:00","2024","02","29","22:00","","-10.4","","-12.3","","86","","","","3","","16","","2.0","","87.20","","","","-17","","Snow,Fog"
"-114.01","51.12","CALGARY INTL A","3031092","2024-02-29 23:00","2024","02","29","23:00","","-9.4","","-11.3","","86","","","","35","","12","","2.0","","87.30","","","","-15","","Snow,Fog"
