"Longitude (x)","Latitude (y)","Station Name","Climate ID","Date/Time (LST)","Year","Month","Day","Time (LST)","Flag","Temp (°C)","Temp Flag","Dew Point Temp (°C)","Dew Point Temp Flag","Rel Hum (%)","Rel Hum Flag","Precip. Amount (mm)","Precip. Amount Flag","Wind Dir (10s deg)","Wind Dir Flag","Wind Spd (km/h)","Wind Spd Flag","Visibility (km)","Visibility Flag","Stn Press (kPa)","Stn Press Flag","Hmdx","Hmdx Flag","Wind Chill","Wind Chill Flag","Weather"
"-114.01","51.12","CALGARY INTL A","3031092","2024-01-01 00:00","2024","01","01","00:00","","3.0","","1.7","","91","","","","34","","8","","8.1","","88.92","","","","","","Rain,Fog"
"-114.01","51.12","CALGARY INTL A","3031092","2024-01-01 01:00","2024","01","01","01:00","","3.0","","1.9","","92","","","","26","","5","","12.9","","88.92","","","","","","Rain"
"-114.01","51.12","CALGARY INTL A","3031092","2024-01-01 02:00","2024","01","01","02:00","","3.2","","1.2","","87","","","","32","","5","","19.3","","88.96","","","","","","Cloudy"
"-114.01","51.12","CALGARY INTL A","3031092","2024-01-01 03:00","2024","01","01","03:00","","2.9","","0.4","","84","","","","36","","16","","24.1","","89.02","","","","","","NA"
"-114.01","51.12","CALGARY INTL A","3031092","2024-01-01 04:00","2024","01","01","04:00","","2.4","","-1.3","","77","","","","1","","19","","24.1","","89.07","","","","","","NA"
"-114.01","51.12","CALGARY INTL A","3031092","2024-01-01 05:00","2024","01","01","05:00","","1.7","","-1.7","","79","","","","30","","9","","24.1","","89.17","","","","","","Mostly Cloudy"
"-114.01","51.12","CALGARY INTL A","3031092","2024-01-01 06:00","2024","01","01","06:00","","1.7","","-2.7","","73","","","","34","","8","","24.1","","89.22","","","","","","NA"
"-114.01","51.12","CALGARY INTL A","3031092","2024-01-01 07:00","2024","01","01","07:00","","1.3","","-2.6","","75","","","","36","","4","","24.1","","89.24","","","","","","NA"
"-114.01","51.12","CALGARY INTL A","3031092","2024-01-01 08:00","2024","01","01","08:00","","0.6","","-2.8","","79","","","","35","","3","","32.2","","89.26","","","","","","Mainly Clear"
"-114.01","51.12","CALGARY INTL A","3031092","2024-01-01 09:00","2024","01","01","09:00","","-0.7","","-3.8","","79","","","","","","0","","64.4","","89.32","","","","","","NA"
"-114.01","51.12","CALGARY INTL A","3031092","2024-01-01 10:00","2024","01","01","10:00","","-0.6","","-2.5","","87","","","","","","0","","64.4","","89.38","","","","","","NA"
"-114.01","51.12","CALGARY INTL A","3031092","2024-01-01 11:00","2024","01","01","11:00","","1.3","","-3.7","","70","","","","7","","4","","64.4","","89.39","","","","","","Mainly Clear"
"-114.01","51.12","CALGARY INTL A","3031092","2024-01-01 12:00","2024","01","01","12:00","","2.8","","-4.5","","59","","","","4","","6","","64.4","","89.33","","","","","","NA"
"-114.01","51.12","CALGARY INTL A","3031092","2024-01-01 13:00","2024","01","01","13:00","","3.5","","-5.3","","53","","","","36","","3","","64.4","","89.30","","","","","","NA"
"-114.01","51.12","CALGARY INTL A","3031092","2024-01-01 14:00","2024","01","01","14:00","","4.0","","-5.6","","50","","","","15","","9","","64.4","","89.29","","","","","","Mostly Cloudy"
"-114.01","51.12","CALGARY INTL A","3031092","2024-01-01 15:00","2024","01","01","15:00","","3.6","","-6.0","","50","","","","14","","13","","48.3","","89.28","","","","","","NA"
"-114.01","51.12","CALGARY INTL A","3031092","2024-01-01 16:00","2024","01","01","16:00","","2.0","","-6.1","","55","","","","16","","9","","32.2","","89.29","","","","","","NA"
"-114.01","51.12","CALGARY INTL A","3031092","2024-01-01 17:00","2024","01","01","17:00","","0.9","","-5.0","","64","","","","16","","8","","24.1","","89.31","","","","","","Mainly Clear"
"-114.01","51.12","CALGARY INTL A","3031092","2024-01-01 18:00","2024","01","01","18:00","","0.2","","-4.9","","69","","","","17","","8","","24.1","","89.31","","","","","","NA"
"-114.01","51.12","CALGARY INTL A","3031092","2024-01-01 19:00","2024","01","01","19:00","","-2.1","","-6.6","","71","","","","19","","5","","24.1","","89.30","","","","-4","","NA"
"-114.01","51.12","CALGARY INTL A","3031092","2024-01-01 20:00","2024","01","01","20:00","","-1.7","","-5.4","","76","","","","36","","3","","24.1","","89.27","","","","-3","","Mainly Clear"
"-114.01","51.12","CALGARY INTL A","3031092","2024-01-01 21:00","2024","01","01","21:00","","-2.9","","-5.6","","81","","","","18","","5","","24.1","","89.21","","","","-5","","NA"
"-114.01","51.12","CALGARY INTL A","3031092","2024-01-01 22:00","2024","01","01","22:00","","-3.8","","-5.9","","85","","","","18","","7","","24.1","","89.16","","","","-7","","NA"
"-114.01","51.12","CALGARY INTL A","3031092","2024-01-01 23:00","2024","01","01","23:00","","-3.0","","-5.3","","84","","","","13","","3","","24.1","","89.13","","","","-4","","Mostly Cloudy"
"-114.01","51.12","CALGARY INTL A","3031092","2024-01-02 00:00","2024","01","02","00:00","","-4.3","","-6.2","","87","","","","28","","4","","24.1","","89.10","","","","-6","","NA"
"-114.01","51.12","CALGARY INTL A","3031092","2024-01-02 01:00","2024","01","02","01:00","","-5.4","","-7.1","","88","","","","36","","3","","24.1","","89.11","","","","-7","","NA"
"-114.01","51.12","CALGARY INTL A","3031092","2024-01-02 02:00","2024","01","02","02:00","","-4.8","","-6.7","","87","","","","","","0","","24.1","","89.12","","","","","","Mostly Cloudy"
"-114.01","51.12","CALGARY INTL A","3031092","2024-01-02 03:00","2024","01","02","03:00","","-4.7","","-6.4","","88","","","","17","","4","","24.1","","89.12","","","","-6","","NA"
"-114.01","51.12","CALGARY INTL A","3031092","2024-01-02 04:00","2024","01","02","04:00","","-4.4","","-6.3","","87","","","","10","","5","","24.1","","89.12","","","","-7","","NA"
"-114.01","51.12","CALGARY INTL A","3031092","2024-01-02 05:00","2024","01","02","05:00","","-2.0","","-7.5","","66","","","","","","0","","24.1","","89.13","","","","","","Mostly Cloudy"
"-114.01","51.12","CALGARY INTL A","3031092","2024-01-02 06:00","2024","01","02","06:00","","-2.0","","-7.5","","66","","","","35","","5","","24.1","","89.15","","","","-4","","NA"
"-114.01","51.12","CALGARY INTL A","3031092","2024-01-02 07:00","2024","01","02","07:00","","-0.5","","-8.2","","56","","","","2","","7","","24.1","","89.15","","","","-3","","NA"
"-114.01","51.12","CALGARY INTL A","3031092","2024-01-02 08:00","2024","01","02","08:00","","-1.3","","-7.5","","63","","","","6","","3","","24.1","","89.15","","","","-2","","Mostly Cloudy"
"-114.01","51.12","CALGARY INTL A","3031092","2024-01-02 09:00","2024","01","02","09:00","","-1.5","","-6.6","","68","","","","34","","10","","64.4","","89.18","","","","-5","","NA"
"-114.01","51.12","CALGARY INTL A","3031092","2024-01-02 10:00","2024","01","02","10:00","","-1.6","","-7.4","","65","","","","32","","7","","64.4","","89.20","","","","-4","","NA"
"-114.01","51.12","CALGARY INTL A","3031092","2024-01-02 11:00","2024","01","02","11:00","","0.2","","-6.8","","60","","","","34","","12","","64.4","","89.20","","","","","","Mostly Cloudy"
"-114.01","51.12","CALGARY INTL A","3031092","2024-01-02 12:00","2024","01","02","12:00","","1.8","","-7.2","","52","","","","35","","13","","64.4","","89.16","","","","","","NA"
"-114.01","51.12","CALGARY INTL A","3031092","2024-01-02 13:00","2024","01","02","13:00","","2.7","","-6.8","","50","","","","2","","11","","64.4","","89.15","","","","","","NA"
"-114.01","51.12","CALGARY INTL A","3031092","2024-01-02 14:00","2024","01","02","14:00","","2.0","","-6.3","","54","","","","5","","8","","64.4","","89.11","","","","","","Mostly Cloudy"
"-114.01","51.12","CALGARY INTL A","3031092","2024-01-02 15:00","2024","01","02","15:00","","1.3","","-5.8","","59","","","","7","","7","","64.4","","89.10","","","","","","NA"
"-114.01","51.12","CALGARY INTL A","3031092","2024-01-02 16:00","2024","01","02","16:00","","-1.0","","-5.2","","73","","","","7","","11","","48.3","","89.13","","","","-5","","NA"
"-114.01","51.12","CALGARY INTL A","3031092","2024-01-02 17:00","2024","01","02","17:00","","-3.3","","-5.8","","83","","","","7","","14","","32.2","","89.14","","","","-8","","Mainly Clear"
"-114.01","51.12","CALGARY INTL A","3031092","2024-01-02 18:00","2024","01","02","18:00","","-3.8","","-5.9","","85","","","","4","","9","","24.1","","89.15","","","","-8","","NA"
"-114.01","51.12","CALGARY INTL A","3031092","2024-01-02 19:00","2024","01","02","19:00","","-3.7","","-5.5","","88","","","","","","0","","16.1","","89.17","","","","","","NA"
"-114.01","51.12","CALGARY INTL A","3031092","2024-01-02 20:00","2024","01","02","20:00","","-4.5","","-6.0","","90","","","","9","","9","","11.3","","89.16","","","","-8","","Cloudy"
"-114.01","51.12","CALGARY INTL A","3031092","2024-01-02 21:00","2024","01","02","21:00","","-6.5","","-7.2","","94","","","","9","","8","","0.8","","89.12","","","","-10","","Freezing Fog"
"-114.01","51.12","CALGARY INTL A","3031092","2024-01-02 22:00","2024","01","02","22:00","","-6.6","","-7.2","","95","","","","","","0","","1.2","","89.09","","","","","","Fog"
"-114.01","51.12","CALGARY INTL A","3031092","2024-01-02 23:00","2024","01","02","23:00","","-6.9","","-7.6","","95","","","","14","","4","","0.4","","89.08","","","","-9","","Freezing Fog"
"-114.01","51.12","CALGARY INTL A","3031092","2024-01-03 00:00","2024","01","03","00:00","","-7.4","","-8.1","","95","","","","10","","4","","0.4","","89.04","","","","-9","","Freezing Fog"
"-114.01","51.12","CALGARY INTL A","3031092","2024-01-03 01:00","2024","01","03","01:00","","-7.1","","-7.8","","95","","","","17","","6","","0.6","","89.04","","","","-10","","Freezing Fog"
"-114.01","51.12","CALGARY INTL A","3031092","2024-01-03 02:00","2024","01","03","02:00","","-7.2","","-7.9","","95","","","","18","","6","","0.4","","88.99","","","","-10","","Freezing Fog"
"-114.01","51.12","CALGARY INTL A","3031092","2024-01-03 03:00","2024","01","03","03:00","","-6.8","","-7.5","","95","","","","17","","9","","0.4","","88.95","","","","-11","","Freezing Fog"
"-114.01","51.12","CALGARY INTL A","3031092","2024-01-03 04:00","2024","01","03","04:00","","-6.8","","-7.5","","95","","","","17","","7","","0.6","","88.92","","","","-10","","Freezing Fog"
"-114.01","51.12","CALGARY INTL A","3031092","2024-01-03 05:00","2024","01","03","05:00","","-6.6","","-7.3","","95","","","","17","","7","","0.8","","88.88","","","","-10","","Freezing Fog"
"-114.01","51.12","CALGARY INTL A","3031092","2024-01-03 06:00","2024","01","03","06:00","","-6.4","","-7.0","","96","","","","17","","12","","0.8","","88.84","","","","-12","","Freezing Fog"
"-114.01","51.12","CALGARY INTL A","3031092","2024-01-03 07:00","2024","01","03","07:00","","-6.1","","-6.7","","96","","","","14","","10","","0.4","","88.80","","","","-11","","Freezing Fog"
"-114.01","51.12","CALGARY INTL A","3031092","2024-01-03 08:00","2024","01","03","08:00","","-5.8","","-6.3","","96","","","","15","","14","","0.4","","88.76","","","","-11","","Freezing Fog"
"-114.01","51.12","CALGARY INTL A","3031092","2024-01-03 09:00","2024","01","03","09:00","","-5.5","","-6.0","","97","","","","16","","16","","0.6","","88.73","","","","-11","","Freezing Fog"
"-114.01","51.12","CALGARY INTL A","3031092","2024-01-03 10:00","2024","01","03","10:00","","-5.3","","-5.7","","97","","","","18","","13","","1.6","","88.74","","","","-10","","Fog"
"-114.01","51.12","CALGARY INTL A","3031092","2024-01-03 11:00","2024","01","03","11:00","","-5.3","","-5.7","","97","","","","16","","9","","0.6","","88.71","","","","-9","","Freezing Fog"
"-114.01","51.12","CALGARY INTL A","3031092","2024-01-03 12:00","2024","01","03","12:00","","-5.1","","-5.5","","97","","","","16","","12","","0.4","","88.63","","","","-10","","Freezing Fog"
"-114.01","51.12","CALGARY INTL A","3031092","2024-01-03 13:00","2024","01","03","13:00","","-4.7","","-5.1","","98","","","","18","","14","","1.6","","88.57","","","","-10","","Fog"
"-114.01","51.12","CALGARY INTL A","3031092","2024-01-03 14:00","2024","01","03","14:00","","-4.3","","-4.5","","98","","","","17","","10","","2.0","","88.50","","","","-8","","Fog"
"-114.01","51.12","CALGARY INTL A","3031092","2024-01-03 15:00","2024","01","03","15:00","","-4.2","","-4.5","","98","","","","17","","15","","2.0","","88.47","","","","-10","","Fog"
"-114.01","51.12","CALGARY INTL A","3031092","2024-01-03 16:00","2024","01","03","16:00","","-4.2","","-4.4","","98","","","","18","","12","","2.4","","88.45","","","","-9","","Fog"
"-114.01","51.12","CALGARY INTL A","3031092","2024-01-03 17:00","2024","01","03","17:00","","-4.4","","-4.7","","98","","","","17","","12","","3.2","","88.44","","","","-9","","Fog"
"-114.01","51.12","CALGARY INTL A","3031092","2024-01-03 18:00","2024","01","03","18:00","","-4.5","","-4.8","","98","","","","18","","10","","3.2","","88.43","","","","-9","","Fog"
"-114.01","51.12","CALGARY INTL A","3031092","2024-01-03 19:00","2024","01","03","19:00","","-4.2","","-4.4","","98","","","","18","","13","","3.2","","88.41","","","","-9","","Fog"
"-114.01","51.12","CALGARY INTL A","3031092","2024-01-03 20:00","2024","01","03","20:00","","-4.2","","-4.4","","98","","","","18","","7","","1.2","","88.41","","","","-7","","Fog"
"-114.01","51.12","CALGARY INTL A","3031092","2024-01-03 21:00","2024","01","03","21:00","","-4.2","","-4.4","","98","","","","22","","7","","0.8","","88.39","","","","-7","","Freezing Fog"
"-114.01","51.12","CALGARY INTL A","3031092","2024-01-03 22:00","2024","01","03","22:00","","-4.4","","-4.6","","98","","","","21","","8","","1.2","","88.37","","","","-8","","Fog"
"-114.01","51.12","CALGARY INTL A","3031092","2024-01-03 23:00","2024","01","03","23:00","","-5.0","","-5.4","","97","","","","23","","4","","9.7","","88.38","","","","-7","","Fog"
"-114.01","51.12","CALGARY INTL A","3031092","2024-01-04 00:00","2024","01","04","00:00","","-6.5","","-7.1","","96","","","","36","","3","","9.7","","88.42","","","","-8","","Fog"
"-114.01","51.12","CALGARY INTL A","3031092","2024-01-04 01:00","2024","01","04","01:00","","-7.8","","-8.6","","94","","","","3","","4","","11.3","","88.44","","","","-10","","NA"
"-114.01","51.12","CALGARY INTL A","3031092","2024-01-04 02:00","2024","01","04","02:00","","-7.7","","-8.4","","95","","","","36","","3","","12.9","","88.46","","","","-9","","Clear"
"-114.01","51.12","CALGARY INTL A","3031092","2024-01-04 03:00","2024","01","04","03:00","","-8.0","","-8.8","","94","","","","","","0","","24.1","","88.49","","","","","","NA"
"-114.01","51.12","CALGARY INTL A","3031092","2024-01-04 04:00","2024","01","04","04:00","","-6.5","","-7.2","","95","","","","","","0","","24.1","","88.49","","","","","","NA"
"-114.01","51.12","CALGARY INTL A","3031092","2024-01-04 05:00","2024","01","04","05:00","","-4.8","","-5.1","","98","","","","6","","4","","24.1","","88.50","","","","-7","","Clear"
"-114.01","51.12","CALGARY INTL A","3031092","2024-01-04 06:00","2024","01","04","06:00","","-5.9","","-6.3","","97","","","","11","","4","","24.1","","88.50","","","","-8","","NA"
"-114.01","51.12","CALGARY INTL A","3031092","2024-01-04 07:00","2024","01","04","07:00","","-5.5","","-6.5","","93","","","","18","","7","","24.1","","88.53","","","","-9","","NA"
"-114.01","51.12","CALGARY INTL A","3031092","2024-01-04 08:00","2024","01","04","08:00","","-4.8","","-6.1","","91","","","","18","","7","","24.1","","88.53","","","","-8","","Clear"
"-114.01","51.12","CALGARY INTL A","3031092","2024-01-04 09:00","2024","01","04","09:00","","-4.9","","-7.0","","85","","","","20","","7","","24.1","","88.55","","","","-8","","NA"
"-114.01","51.12","CALGARY INTL A","3031092","2024-01-04 10:00","2024","01","04","10:00","","-2.6","","-5.1","","83","","","","22","","13","","64.4","","88.57","","","","-7","","NA"
"-114.01","51.12","CALGARY INTL A","3031092","2024-01-04 11:00","2024","01","04","11:00","","-1.9","","-3.8","","87","","","","17","","9","","64.4","","88.54","","","","-5","","Mainly Clear"
"-114.01","51.12","CALGARY INTL A","3031092","2024-01-04 12:00","2024","01","04","12:00","","0.7","","-3.8","","72","","","","20","","11","","64.4","","88.47","","","","","","NA"
"-114.01","51.12","CALGARY INTL A","3031092","2024-01-04 13:00","2024","01","04","13:00","","2.1","","-4.2","","63","","","","19","","12","","64.4","","88.39","","","","","","NA"
"-114.01","51.12","CALGARY INTL A","3031092","2024-01-04 14:00","2024","01","04","14:00","","3.6","","-4.1","","57","","","","19","","5","","24.1","","88.30","","","","","","Clear"
"-114.01","51.12","CALGARY INTL A","3031092","2024-01-04 15:00","2024","01","04","15:00","","3.7","","-3.8","","58","","","","19","","14","","24.1","","88.24","","","","","","NA"
"-114.01","51.12","CALGARY INTL A","3031092","2024-01-04 16:00","2024","01","04","16:00","","2.4","","-4.5","","60","","","","18","","9","","24.1","","88.21","","","","","","NA"
"-114.01","51.12","CALGARY INTL A","3031092","2024-01-04 17:00","2024","01","04","17:00","","3.8","","-6.1","","48","","","","24","","5","","24.1","","88.18","","","","","","Mainly Clear"
"-114.01","51.12","CALGARY INTL A","3031092","2024-01-04 18:00","2024","01","04","18:00","","0.3","","-6.7","","59","","","","18","","6","","24.1","","88.16","","","","","","NA"
"-114.01","51.12","CALGARY INTL A","3031092","2024-01-04 19:00","2024","01","04","19:00","","-0.2","","-6.9","","61","","","","10","","3","","24.1","","88.15","","","","-1","","NA"
"-114.01","51.12","CALGARY INTL A","3031092","2024-01-04 20:00","2024","01","04","20:00","","2.8","","-7.5","","47","","","","34","","6","","24.1","","88.14","","","","","","Mainly Clear"
"-114.01","51.12","CALGARY INTL A","3031092","2024-01-04 21:00","2024","01","04","21:00","","4.2","","-7.5","","42","","","","28","","19","","16.1","","88.13","","","","","","NA"
"-114.01","51.12","CALGARY INTL A","3031092","2024-01-04 22:00","2024","01","04","22:00","","3.3","","-7.6","","45","","","","30","","14","","16.1","","88.17","","","","","","NA"
"-114.01","51.12","CALGARY INTL A","3031092","2024-01-04 23:00","2024","01","04","23:00","","3.9","","-7.9","","42","","","","28","","21","","16.1","","88.17","","","","","","Mostly Cloudy"
"-114.01","51.12","CALGARY INTL A","3031092","2024-01-05 00:00","2024","01","05","00:00","","3.7","","-8.4","","41","","","","28","","21","","16.1","","88.21","","","","","","NA"
"-114.01","51.12","CALGARY INTL A","3031092","2024-01-05 01:00","2024","01","05","01:00","","-1.1","","-3.8","","82","","","","34","","37","","11.3","","88.38","","","","-9","","NA"
"-114.01","51.12","CALGARY INTL A","3031092","2024-01-05 02:00","2024","01","05","02:00","","-1.4","","-4.2","","81","","","","35","","29","","11.3","","88.45","","","","-8","","Cloudy"
"-114.01","51.12","CALGARY INTL A","3031092","2024-01-05 03:00","2024","01","05","03:00","","-1.5","","-4.3","","81","","","","35","","28","","11.3","","88.54","","","","-8","","NA"
"-114.01","51.12","CALGARY INTL A","3031092","2024-01-05 04:00","2024","01","05","04:00","","-1.6","","-4.6","","80","","","","35","","24","","11.3","","88.61","","","","-8","","NA"
"-114.01","51.12","CALGARY INTL A","3031092","2024-01-05 05:00","2024","01","05","05:00","","-1.8","","-5.1","","78","","","","30","","8","","11.3","","88.65","","","","-5","","Cloudy"
"-114.01","51.12","CALGARY INTL A","3031092","2024-01-05 06:00","2024","01","05","06:00","","-1.4","","-5.0","","77","","","","17","","10","","12.9","","88.66","","","","-5","","NA"
"-114.01","51.12","CALGARY INTL A","3031092","2024-01-05 07:00","2024","01","05","07:00","","-1.7","","-5.4","","76","","","","22","","11","","16.1","","88.69","","","","-6","","NA"
"-114.01","51.12","CALGARY INTL A","3031092","2024-01-05 08:00","2024","01","05","08:00","","-2.0","","-6.1","","74","","","","24","","7","","24.1","","88.68","","","","-5","","Mainly Clear"
"-114.01","51.12","CALGARY INTL A","3031092","2024-01-05 09:00","2024","01","05","09:00","","-2.5","","-6.8","","73","","","","23","","5","","64.4","","88.74","","","","-4","","NA"
"-114.01","51.12","CALGARY INTL A","3031092","2024-01-05 10:00","2024","01","05","10:00","","-1.8","","-6.3","","71","","","","14","","5","","64.4","","88.76","","","","-4","","NA"
"-114.01","51.12","CALGARY INTL A","3031092","2024-01-05 11:00","2024","01","05","11:00","","-0.5","","-6.4","","64","","","","22","","10","","64.4","","88.74","","","","-4","","Mainly Clear"
"-114.01","51.12","CALGARY INTL A","3031092","2024-01-05 12:00","2024","01","05","12:00","","0.8","","-6.4","","59","","","","18","","10","","64.4","","88.71","","","","","","NA"
"-114.01","51.12","CALGARY INTL A","3031092","2024-01-05 13:00","2024","01","05","13:00","","1.9","","-6.7","","53","","","","19","","13","","64.4","","88.60","","","","","","NA"
"-114.01","51.12","CALGARY INTL A","3031092","2024-01-05 14:00","2024","01","05","14:00","","2.6","","-9.4","","41","","","","20","","16","","48.3","","88.57","","","","","","Mainly Clear"
"-114.01","51.12","CALGARY INTL A","3031092","2024-01-05 15:00","2024","01","05","15:00","","2.5","","-9.2","","42","","","","18","","7","","32.2","","88.52","","","","","","NA"
"-114.01","51.12","CALGARY INTL A","3031092","2024-01-05 16:00","2024","01","05","16:00","","2.3","","-13.0","","31","","","","23","","9","","48.3","","88.43","","","","","","NA"
"-114.01","51.12","CALGARY INTL A","3031092","2024-01-05 17:00","2024","01","05","17:00","","1.5","","-12.9","","34","","","","25","","3","","48.3","","88.42","","","","","","Cloudy"
"-114.01","51.12","CALGARY INTL A","3031092","2024-01-05 18:00","2024","01","05","18:00","","-1.0","","-11.3","","46","","","","18","","9","","24.1","","88.36","","","","-4","","NA"
"-114.01","51.12","CALGARY INTL A","3031092","2024-01-05 19:00","2024","01","05","19:00","","0.0","","-9.3","","50","","","","22","","7","","24.1","","88.27","","","","-2","","NA"
"-114.01","51.12","CALGARY INTL A","3031092","2024-01-05 20:00","2024","01","05","20:00","","-0.4","","-9.4","","51","","","","21","","4","","16.1","","88.20","","","","-2","","Mostly Cloudy"
"-114.01","51.12","CALGARY INTL A","3031092","2024-01-05 21:00","2024","01","05","21:00","","-1.0","","-11.0","","47","","","","17","","7","","16.1","","88.10","","","","-4","","NA"
"-114.01","51.12","CALGARY INTL A","3031092","2024-01-05 22:00","2024","01","05","22:00","","-2.0","","-9.7","","56","","","","20","","8","","16.1","","88.06","","","","-5","","NA"
"-114.01","51.12","CALGARY INTL A","3031092","2024-01-05 23:00","2024","01","05","23:00","","-1.1","","-11.8","","44","","","","23","","7","","24.1","","88.02","","","","-4","","Mainly Clear"
"-114.01","51.12","CALGARY INTL A","3031092","2024-01-06 00:00","2024","01","06","00:00","","-1.4","","-12.2","","44","","","","22","","11","","24.1","","87.96","","","","-5","","NA"
"-114.01","51.12","CALGARY INTL A","3031092","2024-01-06 01:00","2024","01","06","01:00","","-2.0","","-11.9","","47","","","","24","","7","","24.1","","87.92","","","","-5","","NA"
"-114.01","51.12","CALGARY INTL A","3031092","2024-01-06 02:00","2024","01","06","02:00","","-6.1","","-12.4","","61","","","","36","","3","","24.1","","87.87","","","","-8","","Mainly Clear"
"-114.01","51.12","CALGARY INTL A","3031092","2024-01-06 03:00","2024","01","06","03:00","","-5.8","","-11.7","","63","","","","","","0","","24.1","","87.81","","","","","","NA"
"-114.01","51.12","CALGARY INTL A","3031092","2024-01-06 04:00","2024","01","06","04:00","","-7.1","","-11.7","","70","","","","","","0","","24.1","","87.78","","","","","","NA"
"-114.01","51.12","CALGARY INTL A","3031092","2024-01-06 05:00","2024","01","06","05:00","","-7.8","","-11.4","","75","","","","","","0","","24.1","","87.73","","","","","","Mostly Cloudy"
"-114.01","51.12","CALGARY INTL A","3031092","2024-01-06 06:00","2024","01","06","06:00","","-6.3","","-10.7","","71","","","","","","0","","24.1","","87.67","","","","","","NA"
"-114.01","51.12","CALGARY INTL A","3031092","2024-01-06 07:00","2024","01","06","07:00","","-5.6","","-10.5","","69","","","","","","0","","24.1","","87.64","","","","","","NA"
"-114.01","51.12","CALGARY INTL A","3031092","2024-01-06 08:00","2024","01","06","08:00","","-5.0","","-9.2","","73","","","","","","0","","24.1","","87.60","","","","","","Cloudy"
"-114.01","51.12","CALGARY INTL A","3031092","2024-01-06 09:00","2024","01","06","09:00","","-5.0","","-8.7","","76","","","","36","","8","","64.4","","87.57","","","","-9","","NA"
"-114.01","51.12","CALGARY INTL A","3031092","2024-01-06 10:00","2024","01","06","10:00","","-4.1","","-9.3","","67","","","","36","","3","","64.4","","87.55","","","","-5","","NA"
"-114.01","51.12","CALGARY INTL A","3031092","2024-01-06 11:00","2024","01","06","11:00","","-1.5","","-7.2","","65","","","","3","","10","","64.4","","87.58","","","","-5","","Cloudy"
"-114.01","51.12","CALGARY INTL A","3031092","2024-01-06 12:00","2024","01","06","12:00","","-1.7","","-9.4","","56","","","","1","","10","","64.4","","87.54","","","","-5","","NA"
"-114.01","51.12","CALGARY INTL A","3031092","2024-01-06 13:00","2024","01","06","13:00","","-0.8","","-8.5","","56","","","","1","","17","","32.2","","87.49","","","","-6","","NA"
"-114.01","51.12","CALGARY INTL A","3031092","2024-01-06 14:00","2024","01","06","14:00","","-1.0","","-10.1","","50","","","","2","","13","","24.1","","87.49","","","","-5","","Cloudy"
"-114.01","51.12","CALGARY INTL A","3031092","2024-01-06 15:00","2024","01","06","15:00","","-1.4","","-10.0","","52","","","","3","","18","","24.1","","87.53","","","","-7","","NA"
"-114.01","51.12","CALGARY INTL A","3031092","2024-01-06 16:00","2024","01","06","16:00","","-2.2","","-8.6","","62","","","","4","","20","","24.1","","87.62","","","","-8","","NA"
"-114.01","51.12","CALGARY INTL A","3031092","2024-01-06 17:00","2024","01","06","17:00","","-4.3","","-9.1","","70","","","","1","","23","","16.1","","87.71","","","","-11","","Cloudy"
"-114.01","51.12","CALGARY INTL A","3031092","2024-01-06 18:00","2024","01","06","18:00","","-6.0","","-8.8","","80","","","","1","","24","","16.1","","87.79","","","","-13","","NA"
"-114.01","51.12","CALGARY INTL A","3031092","2024-01-06 19:00","2024","01","06","19:00","","-6.7","","-8.6","","86","","","","36","","28","","3.6","","87.86","","","","-15","","Fog"
"-114.01","51.12","CALGARY INTL A","3031092","2024-01-06 20:00","2024","01","06","20:00","","-6.7","","-8.7","","86","","","","36","","23","","2.0","","87.92","","","","-14","","Snow,Fog,Blowing Snow"
"-114.01","51.12","CALGARY INTL A","3031092","2024-01-06 21:00","2024","01","06","21:00","","-8.4","","-10.8","","83","","","","36","","31","","2.0","","88.05","","","","-18","","Snow,Fog,Blowing Snow"
"-114.01","51.12","CALGARY INTL A","3031092","2024-01-06 22:00","2024","01","06","22:00","","-9.2","","-11.4","","84","","","","1","","30","","2.0","","88.15","","","","-18","","Snow,Fog,Blowing Snow"
"-114.01","51.12","CALGARY INTL A","3031092","2024-01-06 23:00","2024","01","06","23:00","","-9.6","","-12.2","","81","","","","36","","27","","2.0","","88.25","","","","-19","","Snow,Fog,Blowing Snow"
"-114.01","51.12","CALGARY INTL A","3031092","2024-01-07 00:00","2024","01","07","00:00","","-9.9","","-13.0","","78","","","","1","","28","","4.8","","88.34","","","","-19","","Snow,Fog,Blowing Snow"
"-114.01","51.12","CALGARY INTL A","3031092","2024-01-07 01:00","2024","01","07","01:00","","-10.2","","-13.0","","80","","","","35","","26","","6.4","","88.38","","","","-19","","Snow,Fog,Blowing Snow"
"-114.01","51.12","CALGARY INTL A","3031092","2024-01-07 02:00","2024","01","07","02:00","","-10.5","","-13.3","","81","","","","1","","28","","4.8","","88.42","","","","-20","","Snow,Fog,Blowing Snow"
"-114.01","51.12","CALGARY INTL A","3031092","2024-01-07 03:00","2024","01","07","03:00","","-10.6","","-13.8","","78","","","","36","","26","","4.0","","88.52","","","","-20","","Snow,Fog"
"-114.01","51.12","CALGARY INTL A","3031092","2024-01-07 04:00","2024","01","07","04:00","","-11.2","","-14.0","","80","","","","35","","26","","1.6","","88.59","","","","-20","","Snow,Fog,Blowing Snow"
"-114.01","51.12","CALGARY INTL A","3031092","2024-01-07 05:00","2024","01","07","05:00","","-12.1","","-14.9","","80","","","","35","","28","","2.0","","88.62","","","","-22","","Snow,Fog,Blowing Snow"
"-114.01","51.12","CALGARY INTL A","3031092","2024-01-07 06:00","2024","01","07","06:00","","-13.2","","-15.7","","82","","","","2","","19","","3.2","","88.68","","","","-22","","Snow,Fog,Blowing Snow"
"-114.01","51.12","CALGARY INTL A","3031092","2024-01-07 07:00","2024","01","07","07:00","","-13.6","","-16.7","","78","","","","1","","21","","3.2","","88.76","","","","-23","","Snow,Fog,Blowing Snow"
"-114.01","51.12","CALGARY INTL A","3031092","2024-01-07 08:00","2024","01","07","08:00","","-13.9","","-16.5","","80","","","","3","","17","","3.2","","88.79","","","","-22","","Snow"
"-114.01","51.12","CALGARY INTL A","3031092","2024-01-07 09:00","2024","01","07","09:00","","-14.0","","-16.6","","81","","","","36","","13","","2.4","","88.85","","","","-21","","Snow"
"-114.01","51.12","CALGARY INTL A","3031092","2024-01-07 10:00","2024","01","07","10:00","","-14.0","","-17.2","","77","","","","3","","18","","2.4","","88.89","","","","-22","","Snow"
"-114.01","51.12","CALGARY INTL A","3031092","2024-01-07 11:00","2024","01","07","11:00","","-14.0","","-17.5","","75","","","","3","","21","","2.4","","88.90","","","","-23","","Snow"
"-114.01","51.12","CALGARY INTL A","3031092","2024-01-07 12:00","2024","01","07","12:00","","-13.9","","-17.7","","73","","","","4","","20","","4.0","","88.90","","","","-23","","Snow"
"-114.01","51.12","CALGARY INTL A","3031092","2024-01-07 13:00","2024","01","07","13:00","","-14.1","","-17.8","","73","","","","2","","16","","6.4","","88.88","","","","-22","","Snow"
"-114.01","51.12","CALGARY INTL A","3031092","2024-01-07 14:00","2024","01","07","14:00","","-14.2","","-18.2","","72","","","","3","","12","","12.9","","88.86","","","","-21","","Mostly Cloudy"
"-114.01","51.12","CALGARY INTL A","3031092","2024-01-07 15:00","2024","01","07","15:00","","-13.8","","-17.9","","71","","","","2","","9","","12.9","","88.88","","","","-19","","NA"
"-114.01","51.12","CALGARY INTL A","3031092","2024-01-07 16:00","2024","01","07","16:00","","-14.4","","-18.2","","73","","","","9","","16","","24.1","","88.89","","","","-22","","NA"
"-114.01","51.12","CALGARY INTL A","3031092","2024-01-07 17:00","2024","01","07","17:00","","-14.5","","-18.1","","75","","","","10","","8","","24.1","","88.92","","","","-20","","Mainly Clear"
"-114.01","51.12","CALGARY INTL A","3031092","2024-01-07 18:00","2024","01","07","18:00","","-15.9","","-18.4","","82","","","","16","","13","","24.1","","88.93","","","","-23","","NA"
"-114.01","51.12","CALGARY INTL A","3031092","2024-01-07 19:00","2024","01","07","19:00","","-16.4","","-18.7","","83","","","","17","","11","","24.1","","88.95","","","","-23","","NA"
"-114.01","51.12","CALGARY INTL A","3031092","2024-01-07 20:00","2024","01","07","20:00","","-16.5","","-18.5","","85","","","","16","","7","","24.1","","88.95","","","","-22","","Clear"
"-114.01","51.12","CALGARY INTL A","3031092","2024-01-07 21:00","2024","01","07","21:00","","-16.8","","-18.5","","87","","","","17","","8","","24.1","","88.93","","","","-22","","NA"
"-114.01","51.12","CALGARY INTL A","3031092","2024-01-07 22:00","2024","01","07","22:00","","-17.3","","-19.2","","85","","","","17","","10","","8.1","","88.89","","","","-24","","Ice Crystals,Fog"
"-114.01","51.12","CALGARY INTL A","3031092","2024-01-07 23:00","2024","01","07","23:00","","-17.4","","-19.6","","83","","","","18","","9","","9.7","","88.86","","","","-24","","Ice Crystals,Fog"
"-114.01","51.12","CALGARY INTL A","3031092","2024-01-08 00:00","2024","01","08","00:00","","-17.1","","-19.2","","84","","","","18","","13","","12.9","","88.82","","","","-25","","NA"
"-114.01","51.12","CALGARY INTL A","3031092","2024-01-08 01:00","2024","01","08","01:00","","-17.6","","-19.8","","83","","","","19","","13","","16.1","","88.76","","","","-25","","NA"
"-114.01","51.12","CALGARY INTL A","3031092","2024-01-08 02:00","2024","01","08","02:00","","-18.6","","-21.0","","82","","","","18","","11","","16.1","","88.73","","","","-26","","Clear"
"-114.01","51.12","CALGARY INTL A","3031092","2024-01-08 03:00","2024","01","08","03:00","","-18.7","","-21.2","","81","","","","18","","11","","16.1","","88.71","","","","-26","","NA"
"-114.01","51.12","CALGARY INTL A","3031092","2024-01-08 04:00","2024","01","08","04:00","","-19.1","","-21.7","","80","","","","18","","11","","16.1","","88.66","","","","-27","","NA"
"-114.01","51.12","CALGARY INTL A","3031092","2024-01-08 05:00","2024","01","08","05:00","","-19.0","","-21.4","","81","","","","19","","10","","16.1","","88.60","","","","-26","","Clear"
"-114.01","51.12","CALGARY INTL A","3031092","2024-01-08 06:00","2024","01","08","06:00","","-18.8","","-21.4","","80","","","","18","","7","","16.1","","88.58","","","","-24","","NA"
"-114.01","51.12","CALGARY INTL A","3031092","2024-01-08 07:00","2024","01","08","07:00","","-18.4","","-21.2","","79","","","","21","","9","","16.1","","88.52","","","","-25","","NA"
"-114.01","51.12","CALGARY INTL A","3031092","2024-01-08 08:00","2024","01","08","08:00","","-17.9","","-20.6","","80","","","","17","","7","","24.1","","88.49","","","","-23","","Mainly Clear"
"-114.01","51.12","CALGARY INTL A","3031092","2024-01-08 09:00","2024","01","08","09:00","","-16.9","","-19.6","","80","","","","18","","7","","24.1","","88.50","","","","-22","","NA"
"-114.01","51.12","CALGARY INTL A","3031092","2024-01-08 10:00","2024","01","08","10:00","","-15.6","","-18.4","","79","","","","19","","7","","24.1","","88.47","","","","-21","","NA"
"-114.01","51.12","CALGARY INTL A","3031092","2024-01-08 11:00","2024","01","08","11:00","","-12.5","","-15.9","","76","","","","19","","9","","24.1","","88.45","","","","-18","","Cloudy"
"-114.01","51.12","CALGARY INTL A","3031092","2024-01-08 12:00","2024","01","08","12:00","","-9.1","","-15.0","","63","","","","22","","14","","64.4","","88.39","","","","-15","","NA"
"-114.01","51.12","CALGARY INTL A","3031092","2024-01-08 13:00","2024","01","08","13:00","","-7.4","","-13.5","","62","","","","17","","11","","64.4","","88.33","","","","-12","","NA"
"-114.01","51.12","CALGARY INTL A","3031092","2024-01-08 14:00","2024","01","08","14:00","","-1.9","","-15.0","","37","","","","28","","22","","24.1","","88.27","","","","-8","","Mostly Cloudy"
"-114.01","51.12","CALGARY INTL A","3031092","2024-01-08 15:00","2024","01","08","15:00","","-2.5","","-15.5","","36","","","","29","","18","","24.1","","88.23","","","","-8","","NA"
"-114.01","51.12","CALGARY INTL A","3031092","2024-01-08 16:00","2024","01","08","16:00","","-2.9","","-15.7","","37","","","","28","","10","","24.1","","88.22","","","","-7","","NA"
"-114.01","51.12","CALGARY INTL A","3031092","2024-01-08 17:00","2024","01","08","17:00","","-6.7","","-14.1","","56","","","","12","","7","","24.1","","88.20","","","","-10","","Mainly Clear"
"-114.01","51.12","CALGARY INTL A","3031092","2024-01-08 18:00","2024","01","08","18:00","","-7.0","","-14.5","","55","","","","17","","9","","24.1","","88.14","","","","-11","","NA"
"-114.01","51.12","CALGARY INTL A","3031092","2024-01-08 19:00","2024","01","08","19:00","","-9.2","","-14.2","","68","","","","16","","5","","24.1","","88.10","","","","-12","","NA"
"-114.01","51.12","CALGARY INTL A","3031092","2024-01-08 20:00","2024","01","08","20:00","","-8.8","","-13.1","","71","","","","14","","7","","24.1","","88.01","","","","-13","","Mostly Cloudy"
"-114.01","51.12","CALGARY INTL A","3031092","2024-01-08 21:00","2024","01","08","21:00","","-10.2","","-13.8","","75","","","","","","0","","24.1","","87.92","","","","","","NA"
"-114.01","51.12","CALGARY INTL A","3031092","2024-01-08 22:00","2024","01","08","22:00","","-9.9","","-13.0","","78","","","","18","","4","","24.1","","87.84","","","","-12","","NA"
"-114.01","51.12","CALGARY INTL A","3031092","2024-01-08 23:00","2024","01","08","23:00","","-9.6","","-12.4","","80","","","","7","","5","","24.1","","87.71","","","","-12","","Mostly Cloudy"
"-114.01","51.12","CALGARY INTL A","3031092","2024-01-09 00:00","2024","01","09","00:00","","-9.6","","-12.5","","79","","","","17","","5","","24.1","","87.59","","","","-12","","NA"
"-114.01","51.12","CALGARY INTL A","3031092","2024-01-09 01:00","2024","01","09","01:00","","-8.4","","-11.3","","80","","","","17","","5","","24.1","","87.42","","","","-11","","NA"
"-114.01","51.12","CALGARY INTL A","3031092","2024-01-09 02:00","2024","01","09","02:00","","-8.1","","-11.1","","79","","","","19","","5","","24.1","","87.23","","","","-11","","Mostly Cloudy"
"-114.01","51.12","CALGARY INTL A","3031092","2024-01-09 03:00","2024","01","09","03:00","","-8.8","","-12.0","","78","","","","17","","7","","24.1","","87.10","","","","-13","","NA"
"-114.01","51.12","CALGARY INTL A","3031092","2024-01-09 04:00","2024","01","09","04:00","","-8.2","","-11.7","","77","","","","17","","5","","24.1","","86.88","","","","-11","","NA"
"-114.01","51.12","CALGARY INTL A","3031092","2024-01-09 05:00","2024","01","09","05:00","","-9.0","","-12.1","","78","","","","11","","7","","24.1","","86.65","","","","-13","","Mostly Cloudy"
"-114.01","51.12","CALGARY INTL A","3031092","2024-01-09 06:00","2024","01","09","06:00","","-9.4","","-13.1","","75","","","","16","","4","","24.1","","86.47","","","","-12","","NA"
"-114.01","51.12","CALGARY INTL A","3031092","2024-01-09 07:00","2024","01","09","07:00","","-10.9","","-13.8","","80","","","","6","","11","","24.1","","86.34","","","","-17","","NA"
"-114.01","51.12","CALGARY INTL A","3031092","2024-01-09 08:00","2024","01","09","08:00","","-11.1","","-13.9","","80","","","","1","","8","","24.1","","86.26","","","","-16","","Mostly Cloudy"
"-114.01","51.12","CALGARY INTL A","3031092","2024-01-09 09:00","2024","01","09","09:00","","-10.2","","-12.7","","82","","","","15","","5","","64.4","","86.18","","","","-13","","NA"
"-114.01","51.12","CALGARY INTL A","3031092","2024-01-09 10:00","2024","01","09","10:00","","-7.9","","-11.6","","75","","","","20","","10","","64.4","","86.15","","","","-13","","NA"
"-114.01","51.12","CALGARY INTL A","3031092","2024-01-09 11:00","2024","01","09","11:00","","-0.7","","-11.6","","44","","","","28","","23","","64.4","","86.13","","","","-7","","Mostly Cloudy"
"-114.01","51.12","CALGARY INTL A","3031092","2024-01-09 12:00","2024","01","09","12:00","","-9.3","","-12.7","","76","","","","1","","20","","64.4","","86.20","","","","-17","","NA"
"-114.01","51.12","CALGARY INTL A","3031092","2024-01-09 13:00","2024","01","09","13:00","","-9.2","","-12.6","","76","","","","3","","16","","24.1","","86.21","","","","-16","","NA"
"-114.01","51.12","CALGARY INTL A","3031092","2024-01-09 14:00","2024","01","09","14:00","","-8.9","","-12.7","","74","","","","2","","28","","24.1","","86.22","","","","-18","","Mostly Cloudy"
"-114.01","51.12","CALGARY INTL A","3031092","2024-01-09 15:00","2024","01","09","15:00","","-10.6","","-13.8","","78","","","","1","","29","","24.1","","86.32","","","","-20","","NA"
"-114.01","51.12","CALGARY INTL A","3031092","2024-01-09 16:00","2024","01","09","16:00","","-11.6","","-14.5","","79","","","","1","","27","","9.7","","86.46","","","","-21","","Haze"
"-114.01","51.12","CALGARY INTL A","3031092","2024-01-09 17:00","2024","01","09","17:00","","-12.9","","-15.7","","80","","","","36","","27","","8.1","","86.64","","","","-23","","Haze"
"-114.01","51.12","CALGARY INTL A","3031092","2024-01-09 18:00","2024","01","09","18:00","","-13.3","","-15.9","","81","","","","1","","34","","1.6","","86.76","","","","-24","","Ice Crystals"
"-114.01","51.12","CALGARY INTL A","3031092","2024-01-09 19:00","2024","01","09","19:00","","-14.5","","-17.5","","78","","","","1","","29","","3.2","","86.89","","","","-25","","Snow"
"-114.01","51.12","CALGARY INTL A","3031092","2024-01-09 20:00","2024","01","09","20:00","","-15.1","","-19.1","","72","","","","36","","30","","11.3","","87.01","","","","-26","","Mostly Cloudy"
"-114.01","51.12","CALGARY INTL A","3031092","2024-01-09 21:00","2024","01","09","21:00","","-15.0","","-18.1","","77","","","","1","","21","","6.4","","87.10","","","","-24","","Snow"
"-114.01","51.12","CALGARY INTL A","3031092","2024-01-09 22:00","2024","01","09","22:00","","-15.0","","-17.8","","79","","","","1","","21","","2.0","","87.19","","","","-24","","Snow"
"-114.01","51.12","CALGARY INTL A","3031092","2024-01-09 23:00","2024","01","09","23:00","","-15.4","","-18.0","","81","","","","2","","27","","2.4","","87.25","","","","-26","","Snow"
"-114.01","51.12","CALGARY INTL A","3031092","2024-01-10 00:00","2024","01","10","00:00","","-15.8","","-18.9","","77","","","","36","","27","","2.4","","87.33","","","","-27","","Snow"
"-114.01","51.12","CALGARY INTL A","3031092","2024-01-10 01:00","2024","01","10","01:00","","-16.7","","-19.6","","79","","","","2","","25","","2.4","","87.36","","","","-27","","Snow"
"-114.01","51.12","CALGARY INTL A","3031092","2024-01-10 02:00","2024","01","10","02:00","","-17.2","","-20.0","","79","","","","3","","17","","2.0","","87.44","","","","-26","","Snow"
"-114.01","51.12","CALGARY INTL A","3031092","2024-01-10 03:00","2024","01","10","03:00","","-17.2","","-20.1","","78","","","","3","","20","","2.0","","87.48","","","","-27","","Snow"
"-114.01","51.12","CALGARY INTL A","3031092","2024-01-10 04:00","2024","01","10","04:00","","-17.4","","-20.4","","78","","","","2","","24","","2.0","","87.54","","","","-28","","Snow"
"-114.01","51.12","CALGARY INTL A","3031092","2024-01-10 05:00","2024","01","10","05:00","","-18.2","","-21.1","","78","","","","2","","22","","2.0","","87.60","","","","-29","","Snow"
"-114.01","51.12","CALGARY INTL A","3031092","2024-01-10 06:00","2024","01","10","06:00","","-18.9","","-22.1","","76","","","","36","","24","","2.0","","87.66","","","","-30","","Snow"
"-114.01","51.12","CALGARY INTL A","3031092","2024-01-10 07:00","2024","01","10","07:00","","-19.5","","-22.7","","76","","","","1","","25","","1.6","","87.76","","","","-31","","Snow"
"-114.01","51.12","CALGARY INTL A","3031092","2024-01-10 08:00","2024","01","10","08:00","","-19.8","","-23.0","","76","","","","36","","23","","2.0","","87.81","","","","-31","","Snow"
"-114.01","51.12","CALGARY INTL A","3031092","2024-01-10 09:00","2024","01","10","09:00","","-20.3","","-23.6","","75","","","","1","","27","","1.2","","87.88","","","","-32","","Snow"
"-114.01","51.12","CALGARY INTL A","3031092","2024-01-10 10:00","2024","01","10","10:00","","-20.6","","-24.3","","73","","","","4","","21","","3.6","","87.97","","","","-31","","Snow"
"-114.01","51.12","CALGARY INTL A","3031092","2024-01-10 11:00","2024","01","10","11:00","","-20.8","","-24.5","","72","","","","36","","29","","4.8","","88.04","","","","-33","","Snow"
"-114.01","51.12","CALGARY INTL A","3031092","2024-01-10 12:00","2024","01","10","12:00","","-20.9","","-24.8","","71","","","","1","","27","","4.8","","88.05","","","","-33","","Snow"
"-114.01","51.12","CALGARY INTL A","3031092","2024-01-10 13:00","2024","01","10","13:00","","-21.1","","-25.1","","71","","","","1","","27","","4.0","","88.05","","","","-33","","Snow"
"-114.01","51.12","CALGARY INTL A","3031092","2024-01-10 14:00","2024","01","10","14:00","","-21.4","","-25.5","","70","","","","36","","29","","4.8","","88.05","","","","-34","","Snow"
"-114.01","51.12","CALGARY INTL A","3031092","2024-01-10 15:00","2024","01","10","15:00","","-21.5","","-25.8","","69","","","","36","","28","","4.8","","88.10","","","","-34","","Snow"
"-114.01","51.12","CALGARY INTL A","3031092","2024-01-10 16:00","2024","01","10","16:00","","-21.9","","-25.6","","72","","","","3","","25","","2.4","","88.20","","","","-34","","Snow"
"-114.01","51.12","CALGARY INTL A","3031092","2024-01-10 17:00","2024","01","10","17:00","","-22.5","","-26.1","","73","","","","3","","22","","4.0","","88.26","","","","-34","","Snow"
"-114.01","51.12","CALGARY INTL A","3031092","2024-01-10 18:00","2024","01","10","18:00","","-23.0","","-26.9","","71","","","","2","","23","","4.0","","88.32","","","","-35","","Snow"
"-114.01","51.12","CALGARY INTL A","3031092","2024-01-10 19:00","2024","01","10","19:00","","-23.1","","-27.0","","71","","","","2","","28","","12.9","","88.38","","","","-36","","NA"
"-114.01","51.12","CALGARY INTL A","3031092","2024-01-10 20:00","2024","01","10","20:00","","-23.4","","-27.3","","71","","","","3","","23","","11.3","","88.42","","","","-36","","Cloudy"
"-114.01","51.12","CALGARY INTL A","3031092","2024-01-10 21:00","2024","01","10","21:00","","-23.8","","-27.9","","69","","","","3","","22","","11.3","","88.46","","","","-36","","NA"
"-114.01","51.12","CALGARY INTL A","3031092","2024-01-10 22:00","2024","01","10","22:00","","-24.0","","-28.0","","70","","","","4","","22","","6.4","","88.48","","","","-36","","Snow"
"-114.01","51.12","CALGARY INTL A","3031092","2024-01-10 23:00","2024","01","10","23:00","","-24.4","","-28.4","","71","","","","5","","27","","6.4","","88.54","","","","-38","","Snow"
"-114.01","51.12","CALGARY INTL A","3031092","2024-01-11 00:00","2024","01","11","00:00","","-24.8","","-28.6","","71","","","","5","","31","","2.8","","88.56","","","","-39","","Snow"
"-114.01","51.12","CALGARY INTL A","3031092","2024-01-11 01:00","2024","01","11","01:00","","-25.5","","-29.6","","69","","","","2","","26","","4.0","","88.61","","","","-39","","Snow"
"-114.01","51.12","CALGARY INTL A","3031092","2024-01-11 02:00","2024","01","11","02:00","","-25.8","","-30.0","","69","","","","4","","21","","4.0","","88.68","","","","-38","","Snow"
"-114.01","51.12","CALGARY INTL A","3031092","2024-01-11 03:00","2024","01","11","03:00","","-26.4","","-30.4","","70","","","","5","","24","","4.0","","88.74","","","","-40","","Snow"
"-114.01","51.12","CALGARY INTL A","3031092","2024-01-11 04:00","2024","01","11","04:00","","-27.3","","-31.5","","68","","","","1","","26","","4.0","","88.79","","","","-41","","Snow"
"-114.01","51.12","CALGARY INTL A","3031092","2024-01-11 05:00","2024","01","11","05:00","","-28.4","","-32.7","","67","","","","1","","36","","4.8","","88.80","","","","-45","","Snow,Blowing Snow"
"-114.01","51.12","CALGARY INTL A","3031092","2024-01-11 06:00","2024","01","11","06:00","","-28.8","","-33.2","","67","","","","1","","28","","4.8","","88.88","","","","-44","","Snow,Blowing Snow"
"-114.01","51.12","CALGARY INTL A","3031092","2024-01-11 07:00","2024","01","11","07:00","","-29.0","","-33.5","","66","","","","1","","37","","4.8","","88.93","","","","-46","","Snow"
"-114.01","51.12","CALGARY INTL A","3031092","2024-01-11 08:00","2024","01","11","08:00","","-29.0","","-33.2","","68","","","","2","","17","","2.8","","88.96","","","","-41","","Snow"
"-114.01","51.12","CALGARY INTL A","3031092","2024-01-11 09:00","2024","01","11","09:00","","-29.3","","-33.9","","66","","","","1","","26","","4.8","","89.04","","","","-44","","Fog"
"-114.01","51.12","CALGARY INTL A","3031092","2024-01-11 10:00","2024","01","11","10:00","","-29.6","","-34.1","","66","","","","2","","16","","2.8","","89.08","","","","-41","","Snow,Fog"
"-114.01","51.12","CALGARY INTL A","3031092","2024-01-11 11:00","2024","01","11","11:00","","-29.3","","-34.0","","64","","","","3","","21","","6.4","","89.12","","","","-43","","Fog"
"-114.01","51.12","CALGARY INTL A","3031092","2024-01-11 12:00","2024","01","11","12:00","","-29.6","","-34.8","","62","","","","2","","18","","8.1","","89.10","","","","-42","","Fog"
"-114.01","51.12","CALGARY INTL A","3031092","2024-01-11 13:00","2024","01","11","13:00","","-30.1","","-35.1","","63","","","","1","","25","","4.0","","89.11","","","","-45","","Fog"
"-114.01","51.12","CALGARY INTL A","3031092","2024-01-11 14:00","2024","01","11","14:00","","-29.8","","-35.3","","60","","","","1","","18","","14.5","","89.11","","","","-42","","Cloudy"
"-114.01","51.12","CALGARY INTL A","3031092","2024-01-11 15:00","2024","01","11","15:00","","-30.1","","-35.3","","61","","","","1","","25","","14.5","","89.13","","","","-45","","NA"
"-114.01","51.12","CALGARY INTL A","3031092","2024-01-11 16:00","2024","01","11","16:00","","-30.2","","-35.5","","61","","","","36","","18","","9.7","","89.21","","","","-43","","Fog"
"-114.01","51.12","CALGARY INTL A","3031092","2024-01-11 17:00","2024","01","11","17:00","","-30.5","","-34.9","","67","","","","1","","18","","3.6","","89.28","","","","-43","","Fog"
"-114.01","51.12","CALGARY INTL A","3031092","2024-01-11 18:00","2024","01","11","18:00","","-31.1","","-35.4","","67","","","","36","","11","","12.9","","89.34","","","","-41","","NA"
"-114.01","51.12","CALGARY INTL A","3031092","2024-01-11 19:00","2024","01","11","19:00","","-31.3","","-35.4","","68","","","","3","","14","","6.4","","89.36","","","","-43","","Fog"
"-114.01","51.12","CALGARY INTL A","3031092","2024-01-11 20:00","2024","01","11","20:00","","-31.0","","-35.3","","67","","","","2","","12","","6.4","","89.36","","","","-41","","Fog"
"-114.01","51.12","CALGARY INTL A","3031092","2024-01-11 21:00","2024","01","11","21:00","","-31.2","","-35.8","","65","","","","2","","20","","4.8","","89.39","","","","-45","","Fog"
"-114.01","51.12","CALGARY INTL A","3031092","2024-01-11 22:00","2024","01","11","22:00","","-31.7","","-36.1","","66","","","","1","","25","","4.8","","89.42","","","","-47","","Fog"
"-114.01","51.12","CALGARY INTL A","3031092","2024-01-11 23:00","2024","01","11","23:00","","-32.3","","-36.5","","67","","","","1","","12","","11.3","","89.46","","","","-43","","Ice Crystals"
"-114.01","51.12","CALGARY INTL A","3031092","2024-01-12 00:00","2024","01","12","00:00","","-33.0","","-37.1","","68","","","","3","","15","","11.3","","89.47","","","","-45","","Ice Crystals"
"-114.01","51.12","CALGARY INTL A","3031092","2024-01-12 01:00","2024","01","12","01:00","","-33.5","","-37.6","","67","","","","35","","11","","11.3","","89.50","","","","-44","","Ice Crystals"
"-114.01","51.12","CALGARY INTL A","3031092","2024-01-12 02:00","2024","01","12","02:00","","-33.7","","-38.0","","66","","","","36","","10","","6.4","","89.49","","","","-44","","Ice Crystals"
"-114.01","51.12","CALGARY INTL A","3031092","2024-01-12 03:00","2024","01","12","03:00","","-33.8","","-38.3","","65","","","","34","","15","","6.4","","89.49","","","","-46","","Ice Crystals"
"-114.01","51.12","CALGARY INTL A","3031092","2024-01-12 04:00","2024","01","12","04:00","","-34.4","","-39.0","","64","","","","35","","10","","11.3","","89.50","","","","-44","","NA"
"-114.01","51.12","CALGARY INTL A","3031092","2024-01-12 05:00","2024","01","12","05:00","","-34.8","","-39.4","","64","","","","33","","12","","16.1","","89.48","","","","-46","","Mainly Clear"
"-114.01","51.12","CALGARY INTL A","3031092","2024-01-12 06:00","2024","01","12","06:00","","-35.1","","-39.9","","63","","","","34","","13","","24.1","","89.48","","","","-47","","NA"
"-114.01","51.12","CALGARY INTL A","3031092","2024-01-12 07:00","2024","01","12","07:00","","-35.5","","-40.2","","63","","","","35","","12","","24.1","","89.49","","","","-47","","NA"
"-114.01","51.12","CALGARY INTL A","3031092","2024-01-12 08:00","2024","01","12","08:00","","-35.5","","-40.4","","62","","","","34","","9","","24.1","","89.53","","","","-45","","Mainly Clear"
"-114.01","51.12","CALGARY INTL A","3031092","2024-01-12 09:00","2024","01","12","09:00","","-35.1","","-40.2","","61","","","","35","","11","","24.1","","89.56","","","","-46","","NA"
"-114.01","51.12","CALGARY INTL A","3031092","2024-01-12 10:00","2024","01","12","10:00","","-34.3","","-40.1","","57","","","","32","","15","","24.1","","89.57","","","","-47","","NA"
"-114.01","51.12","CALGARY INTL A","3031092","2024-01-12 11:00","2024","01","12","11:00","","-33.5","","-40.0","","54","","","","34","","15","","24.1","","89.56","","","","-46","","Mainly Clear"
"-114.01","51.12","CALGARY INTL A","3031092","2024-01-12 12:00","2024","01","12","12:00","","-32.8","","-39.3","","54","","","","1","","14","","32.2","","89.49","","","","-44","","NA"
"-114.01","51.12","CALGARY INTL A","3031092","2024-01-12 13:00","2024","01","12","13:00","","-31.9","","-38.8","","52","","","","32","","14","","32.2","","89.45","","","","-43","","NA"
"-114.01","51.12","CALGARY INTL A","3031092","2024-01-12 14:00","2024","01","12","14:00","","-31.4","","-38.3","","52","","","","2","","14","","32.2","","89.43","","","","-43","","Clear"
"-114.01","51.12","CALGARY INTL A","3031092","2024-01-12 15:00","2024","01","12","15:00","","-30.9","","-37.6","","53","","","","1","","11","","32.2","","89.41","","","","-41","","NA"
"-114.01","51.12","CALGARY INTL A","3031092","2024-01-12 16:00","2024","01","12","16:00","","-31.3","","-37.6","","55","","","","1","","12","","32.2","","89.41","","","","-42","","NA"
"-114.01","51.12","CALGARY INTL A","3031092","2024-01-12 17:00","2024","01","12","17:00","","-32.3","","-38.0","","58","","","","2","","7","","24.1","","89.43","","","","-40","","Clear"
"-114.01","51.12","CALGARY INTL A","3031092","2024-01-12 18:00","2024","01","12","18:00","","-32.4","","-37.6","","61","","","","8","","11","","24.1","","89.44","","","","-43","","NA"
"-114.01","51.12","CALGARY INTL A","3031092","2024-01-12 19:00","2024","01","12","19:00","","-31.3","","-35.5","","68","","","","18","","7","","24.1","","89.45","","","","-39","","NA"
"-114.01","51.12","CALGARY INTL A","3031092","2024-01-12 20:00","2024","01","12","20:00","","-30.9","","-35.6","","64","","","","26","","5","","12.9","","89.43","","","","-37","","Clear"
"-114.01","51.12","CALGARY INTL A","3031092","2024-01-12 21:00","2024","01","12","21:00","","-33.1","","-37.4","","67","","","","36","","3","","12.9","","89.42","","","","-37","","NA"
"-114.01","51.12","CALGARY INTL A","3031092","2024-01-12 22:00","2024","01","12","22:00","","-31.1","","-35.0","","69","","","","22","","5","","12.9","","89.41","","","","-37","","NA"
"-114.01","51.12","CALGARY INTL A","3031092","2024-01-12 23:00","2024","01","12","23:00","","-32.3","","-36.0","","70","","","","22","","8","","12.9","","89.40","","","","-41","","Clear"
"-114.01","51.12","CALGARY INTL A","3031092","2024-01-13 00:00","2024","01","13","00:00","","-33.3","","-37.0","","70","","","","22","","12","","12.9","","89.40","","","","-44","","NA"
"-114.01","51.12","CALGARY INTL A","3031092","2024-01-13 01:00","2024","01","13","01:00","","-33.4","","-37.2","","69","","","","23","","12","","16.1","","89.40","","","","-44","","NA"
"-114.01","51.12","CALGARY INTL A","3031092","2024-01-13 02:00","2024","01","13","02:00","","-33.3","","-37.3","","68","","","","23","","11","","16.1","","89.40","","","","-44","","Clear"
"-114.01","51.12","CALGARY INTL A","3031092","2024-01-13 03:00","2024","01","13","03:00","","-33.7","","-37.6","","68","","","","20","","9","","16.1","","89.37","","","","-43","","NA"
"-114.01","51.12","CALGARY INTL A","3031092","2024-01-13 04:00","2024","01","13","04:00","","-32.6","","-36.5","","69","","","","20","","5","","16.1","","89.33","","","","-39","","NA"
"-114.01","51.12","CALGARY INTL A","3031092","2024-01-13 05:00","2024","01","13","05:00","","-33.8","","-37.2","","72","","","","18","","7","","16.1","","89.27","","","","-42","","Clear"
"-114.01","51.12","CALGARY INTL A","3031092","2024-01-13 06:00","2024","01","13","06:00","","-34.0","","-37.4","","72","","","","21","","8","","16.1","","89.27","","","","-43","","NA"
"-114.01","51.12","CALGARY INTL A","3031092","2024-01-13 07:00","2024","01","13","07:00","","-34.0","","-37.5","","72","","","","21","","6","","16.1","","89.25","","","","-41","","NA"
"-114.01","51.12","CALGARY INTL A","3031092","2024-01-13 08:00","2024","01","13","08:00","","-33.5","","-36.9","","72","","","","","","0","","16.1","","89.28","","","","","","Clear"
"-114.01","51.12","CALGARY INTL A","3031092","2024-01-13 09:00","2024","01","13","09:00","","-33.5","","-37.0","","71","","","","20","","7","","64.4","","89.29","","","","-41","","NA"
"-114.01","51.12","CALGARY INTL A","3031092","2024-01-13 10:00","2024","01","13","10:00","","-31.5","","-35.2","","71","","","","21","","11","","64.4","","89.32","","","","-41","","NA"
"-114.01","51.12","CALGARY INTL A","3031092","2024-01-13 11:00","2024","01","13","11:00","","-29.9","","-33.5","","71","","","","17","","9","","64.4","","89.31","","","","-38","","Ice Crystals"
"-114.01","51.12","CALGARY INTL A","3031092","2024-01-13 12:00","2024","01","13","12:00","","-28.4","","-34.0","","60","","","","18","","13","","64.4","","89.27","","","","-39","","NA"
"-114.01","51.12","CALGARY INTL A","3031092","2024-01-13 13:00","2024","01","13","13:00","","-27.4","","-33.9","","55","","","","18","","12","","48.3","","89.20","","","","-37","","NA"
"-114.01","51.12","CALGARY INTL A","3031092","2024-01-13 14:00","2024","01","13","14:00","","-27.0","","-34.0","","53","","","","14","","15","","32.2","","89.19","","","","-38","","Clear"
"-114.01","51.12","CALGARY INTL A","3031092","2024-01-13 15:00","2024","01","13","15:00","","-27.5","","-34.7","","52","","","","16","","23","","32.2","","89.17","","","","-41","","NA"
"-114.01","51.12","CALGARY INTL A","3031092","2024-01-13 16:00","2024","01","13","16:00","","-28.3","","-35.2","","53","","","","17","","23","","32.2","","89.19","","","","-42","","NA"
"-114.01","51.12","CALGARY INTL A","3031092","2024-01-13 17:00","2024","01","13","17:00","","-29.7","","-35.6","","58","","","","17","","17","","32.2","","89.21","","","","-42","","Clear"
"-114.01","51.12","CALGARY INTL A","3031092","2024-01-13 18:00","2024","01","13","18:00","","-30.9","","-36.1","","61","","","","16","","14","","24.1","","89.21","","","","-42","","NA"
"-114.01","51.12","CALGARY INTL A","3031092","2024-01-13 19:00","2024","01","13","19:00","","-31.5","","-35.6","","68","","","","16","","9","","16.1","","89.20","","","","-40","","NA"
"-114.01","51.12","CALGARY INTL A","3031092","2024-01-13 20:00","2024","01","13","20:00","","-31.8","","-35.9","","68","","","","16","","11","","16.1","","89.18","","","","-42","","Clear"
"-114.01","51.12","CALGARY INTL A","3031092","2024-01-13 21:00","2024","01","13","21:00","","-31.8","","-35.8","","69","","","","16","","10","","16.1","","89.17","","","","-41","","NA"
"-114.01","51.12","CALGARY INTL A","3031092","2024-01-13 22:00","2024","01","13","22:00","","-31.8","","-35.3","","72","","","","14","","8","","16.1","","89.16","","","","-40","","NA"
"-114.01","51.12","CALGARY INTL A","3031092","2024-01-13 23:00","2024","01","13","23:00","","-32.3","","-35.8","","72","","","","17","","8","","16.1","","89.15","","","","-41","","Clear"
"-114.01","51.12","CALGARY INTL A","3031092","2024-01-14 00:00","2024","01","14","00:00","","-33.1","","-37.0","","69","","","","17","","9","","16.1","","89.17","","","","-42","","NA"
"-114.01","51.12","CALGARY INTL A","3031092","2024-01-14 01:00","2024","01","14","01:00","","-33.1","","-36.7","","71","","","","17","","5","","16.1","","89.16","","","","-39","","NA"
"-114.01","51.12","CALGARY INTL A","3031092","2024-01-14 02:00","2024","01","14","02:00","","-34.2","","-37.6","","72","","","","9","","5","","9.7","","89.20","","","","-40","","Fog"
"-114.01","51.12","CALGARY INTL A","3031092","2024-01-14 03:00","2024","01","14","03:00","","-33.1","","-36.3","","74","","","","18","","5","","6.4","","89.27","","","","-39","","Fog"
"-114.01","51.12","CALGARY INTL A","3031092","2024-01-14 04:00","2024","01","14","04:00","","-33.3","","-36.7","","72","","","","33","","4","","9.7","","89.28","","","","-38","","Fog"
"-114.01","51.12","CALGARY INTL A","3031092","2024-01-14 05:00","2024","01","14","05:00","","-34.5","","-38.0","","71","","","","36","","3","","9.7","","89.30","","","","-38","","Fog"
"-114.01","51.12","CALGARY INTL A","3031092","2024-01-14 06:00","2024","01","14","06:00","","-36.2","","-39.9","","70","","","","2","","8","","9.7","","89.33","","","","-45","","Fog"
"-114.01","51.12","CALGARY INTL A","3031092","2024-01-14 07:00","2024","01","14","07:00","","-35.3","","-39.0","","70","","","","35","","8","","2.0","","89.42","","","","-44","","Fog"
"-114.01","51.12","CALGARY INTL A","3031092","2024-01-14 08:00","2024","01","14","08:00","","-34.8","","-38.5","","70","","","","35","","8","","8.1","","89.45","","","","-44","","Ice Crystals"
"-114.01","51.12","CALGARY INTL A","3031092","2024-01-14 09:00","2024","01","14","09:00","","-35.2","","-39.0","","69","","","","35","","5","","8.1","","89.55","","","","-42","","Ice Crystals"
"-114.01","51.12","CALGARY INTL A","3031092","2024-01-14 10:00","2024","01","14","10:00","","-34.3","","-38.0","","70","","","","2","","10","","8.1","","89.63","","","","-44","","Ice Crystals"
"-114.01","51.12","CALGARY INTL A","3031092","2024-01-14 11:00","2024","01","14","11:00","","-32.0","","-35.8","","70","","","","1","","10","","8.1","","89.72","","","","-42","","Ice Crystals"
"-114.01","51.12","CALGARY INTL A","3031092","2024-01-14 12:00","2024","01","14","12:00","","-30.1","","-34.2","","68","","","","1","","11","","11.3","","89.73","","","","-40","","Ice Crystals"
"-114.01","51.12","CALGARY INTL A","3031092","2024-01-14 13:00","2024","01","14","13:00","","-28.2","","-33.8","","60","","","","35","","9","","11.3","","89.67","","","","-36","","Ice Crystals"
"-114.01","51.12","CALGARY INTL A","3031092","2024-01-14 14:00","2024","01","14","14:00","","-27.7","","-33.5","","59","","","","3","","8","","12.9","","89.69","","","","-35","","Ice Crystals"
"-114.01","51.12","CALGARY INTL A","3031092","2024-01-14 15:00","2024","01","14","15:00","","-27.3","","-33.0","","60","","","","7","","17","","12.9","","89.73","","","","-39","","Ice Crystals"
"-114.01","51.12","CALGARY INTL A","3031092","2024-01-14 16:00","2024","01","14","16:00","","-27.7","","-33.4","","59","","","","5","","7","","12.9","","89.81","","","","-35","","Ice Crystals"
"-114.01","51.12","CALGARY INTL A","3031092","2024-01-14 17:00","2024","01","14","17:00","","-29.3","","-34.1","","64","","","","11","","9","","12.9","","89.89","","","","-38","","Ice Crystals"
"-114.01","51.12","CALGARY INTL A","3031092","2024-01-14 18:00","2024","01","14","18:00","","-29.1","","-32.9","","71","","","","17","","5","","11.3","","89.96","","","","-35","","Ice Crystals"
"-114.01","51.12","CALGARY INTL A","3031092","2024-01-14 19:00","2024","01","14","19:00","","-30.2","","-33.6","","73","","","","17","","4","","16.1","","90.03","","","","-35","","NA"
"-114.01","51.12","CALGARY INTL A","3031092","2024-01-14 20:00","2024","01","14","20:00","","-30.2","","-33.5","","74","","","","29","","5","","16.1","","90.09","","","","-36","","Clear"
"-114.01","51.12","CALGARY INTL A","3031092","2024-01-14 21:00","2024","01","14","21:00","","-30.2","","-33.3","","75","","","","18","","5","","9.7","","90.13","","","","-36","","Fog"
"-114.01","51.12","CALGARY INTL A","3031092","2024-01-14 22:00","2024","01","14","22:00","","-29.5","","-32.6","","75","","","","21","","5","","12.9","","90.14","","","","-35","","NA"
"-114.01","51.12","CALGARY INTL A","3031092","2024-01-14 23:00","2024","01","14","23:00","","-30.3","","-33.6","","73","","","","22","","9","","12.9","","90.13","","","","-39","","Clear"
"-114.01","51.12","CALGARY INTL A","3031092","2024-01-15 00:00","2024","01","15","00:00","","-30.2","","-33.6","","73","","","","22","","5","","16.1","","90.11","","","","-36","","NA"
"-114.01","51.12","CALGARY INTL A","3031092","2024-01-15 01:00","2024","01","15","01:00","","-30.4","","-33.9","","73","","","","20","","7","","12.9","","90.12","","","","-38","","NA"
"-114.01","51.12","CALGARY INTL A","3031092","2024-01-15 02:00","2024","01","15","02:00","","-29.8","","-33.2","","73","","","","22","","7","","12.9","","90.08","","","","-37","","Clear"
"-114.01","51.12","CALGARY INTL A","3031092","2024-01-15 03:00","2024","01","15","03:00","","-29.7","","-33.1","","73","","","","21","","9","","16.1","","90.08","","","","-38","","NA"
"-114.01","51.12","CALGARY INTL A","3031092","2024-01-15 04:00","2024","01","15","04:00","","-28.4","","-31.9","","73","","","","22","","14","","16.1","","90.04","","","","-39","","NA"
"-114.01","51.12","CALGARY INTL A","3031092","2024-01-15 05:00","2024","01","15","05:00","","-29.3","","-32.8","","73","","","","21","","10","","16.1","","90.03","","","","-38","","Clear"
"-114.01","51.12","CALGARY INTL A","3031092","2024-01-15 06:00","2024","01","15","06:00","","-29.6","","-33.0","","73","","","","21","","11","","16.1","","89.93","","","","-39","","NA"
"-114.01","51.12","CALGARY INTL A","3031092","2024-01-15 07:00","2024","01","15","07:00","","-29.2","","-32.5","","73","","","","18","","7","","16.1","","89.87","","","","-36","","NA"
"-114.01","51.12","CALGARY INTL A","3031092","2024-01-15 08:00","2024","01","15","08:00","","-27.9","","-31.2","","74","","","","20","","6","","16.1","","89.84","","","","-34","","Clear"
"-114.01","51.12","CALGARY INTL A","3031092","2024-01-15 09:00","2024","01","15","09:00","","-28.6","","-31.7","","75","","","","18","","9","","64.4","","89.82","","","","-37","","NA"
"-114.01","51.12","CALGARY INTL A","3031092","2024-01-15 10:00","2024","01","15","10:00","","-24.9","","-28.6","","72","","","","20","","10","","64.4","","89.76","","","","-33","","NA"
"-114.01","51.12","CALGARY INTL A","3031092","2024-01-15 11:00","2024","01","15","11:00","","-21.7","","-27.3","","61","","","","21","","12","","64.4","","89.68","","","","-30","","Mostly Cloudy"
"-114.01","51.12","CALGARY INTL A","3031092","2024-01-15 12:00","2024","01","15","12:00","","-18.7","","-26.2","","53","","","","21","","13","","64.4","","89.59","","","","-27","","NA"
"-114.01","51.12","CALGARY INTL A","3031092","2024-01-15 13:00","2024","01","15","13:00","","-16.1","","-25.7","","44","","","","23","","12","","64.4","","89.48","","","","-23","","NA"
"-114.01","51.12","CALGARY INTL A","3031092","2024-01-15 14:00","2024","01","15","14:00","","-13.7","","-24.5","","41","","","","22","","8","","24.1","","89.38","","","","-19","","Mostly Cloudy"
"-114.01","51.12","CALGARY INTL A","3031092","2024-01-15 15:00","2024","01","15","15:00","","-12.6","","-23.2","","41","","","","20","","8","","24.1","","89.32","","","","-18","","NA"
"-114.01","51.12","CALGARY INTL A","3031092","2024-01-15 16:00","2024","01","15","16:00","","-11.7","","-20.9","","47","","","","21","","12","","24.1","","89.24","","","","-18","","NA"
"-114.01","51.12","CALGARY INTL A","3031092","2024-01-15 17:00","2024","01","15","17:00","","-10.9","","-20.4","","46","","","","25","","5","","64.4","","89.19","","","","-14","","Cloudy"
"-114.01","51.12","CALGARY INTL A","3031092","2024-01-15 18:00","2024","01","15","18:00","","-10.0","","-19.9","","45","","","","36","","3","","24.1","","89.16","","","","-12","","NA"
"-114.01","51.12","CALGARY INTL A","3031092","2024-01-15 19:00","2024","01","15","19:00","","-9.8","","-19.7","","45","","","","","","0","","24.1","","89.16","","","","","","NA"
"-114.01","51.12","CALGARY INTL A","3031092","2024-01-15 20:00","2024","01","15","20:00","","-10.9","","-17.7","","58","","","","15","","5","","24.1","","89.13","","","","-14","","Mostly Cloudy"
"-114.01","51.12","CALGARY INTL A","3031092","2024-01-15 21:00","2024","01","15","21:00","","-8.8","","-17.4","","50","","","","29","","10","","24.1","","89.07","","","","-14","","NA"
"-114.01","51.12","CALGARY INTL A","3031092","2024-01-15 22:00","2024","01","15","22:00","","-9.0","","-16.8","","54","","","","23","","5","","24.1","","89.05","","","","-12","","NA"
"-114.01","51.12","CALGARY INTL A","3031092","2024-01-15 23:00","2024","01","15","23:00","","-8.1","","-15.2","","57","","","","25","","7","","24.1","","89.01","","","","-12","","Mostly Cloudy"
"-114.01","51.12","CALGARY INTL A","3031092","2024-01-16 00:00","2024","01","16","00:00","","-8.7","","-14.6","","63","","","","23","","7","","24.1","","88.98","","","","-13","","NA"
"-114.01","51.12","CALGARY INTL A","3031092","2024-01-16 01:00","2024","01","16","01:00","","-9.1","","-15.9","","58","","","","22","","7","","24.1","","88.92","","","","-13","","NA"
"-114.01","51.12","CALGARY INTL A","3031092","2024-01-16 02:00","2024","01","16","02:00","","-8.0","","-16.1","","52","","","","26","","10","","24.1","","88.90","","","","-13","","Mostly Cloudy"
"-114.01","51.12","CALGARY INTL A","3031092","2024-01-16 03:00","2024","01","16","03:00","","-7.9","","-16.3","","52","","","","28","","15","","24.1","","88.87","","","","-14","","NA"
"-114.01","51.12","CALGARY INTL A","3031092","2024-01-16 04:00","2024","01","16","04:00","","-8.9","","-16.5","","54","","","","26","","11","","24.1","","88.83","","","","-14","","NA"
"-114.01","51.12","CALGARY INTL A","3031092","2024-01-16 05:00","2024","01","16","05:00","","-9.5","","-16.3","","58","","","","26","","8","","24.1","","88.77","","","","-14","","Mostly Cloudy"
"-114.01","51.12","CALGARY INTL A","3031092","2024-01-16 06:00","2024","01","16","06:00","","-10.0","","-16.4","","60","","","","22","","7","","24.1","","88.75","","","","-14","","NA"
"-114.01","51.12","CALGARY INTL A","3031092","2024-01-16 07:00","2024","01","16","07:00","","-9.4","","-15.6","","61","","","","25","","6","","24.1","","88.71","","","","-13","","NA"
"-114.01","51.12","CALGARY INTL A","3031092","2024-01-16 08:00","2024","01","16","08:00","","-9.6","","-15.3","","64","","","","27","","9","","24.1","","88.66","","","","-14","","Cloudy"
"-114.01","51.12","CALGARY INTL A","3031092","2024-01-16 09:00","2024","01","16","09:00","","-10.6","","-15.7","","66","","","","19","","5","","24.1","","88.64","","","","-14","","NA"
"-114.01","51.12","CALGARY INTL A","3031092","2024-01-16 10:00","2024","01","16","10:00","","-10.0","","-15.3","","65","","","","22","","8","","24.1","","88.61","","","","-14","","NA"
"-114.01","51.12","CALGARY INTL A","3031092","2024-01-16 11:00","2024","01","16","11:00","","-7.9","","-13.8","","63","","","","20","","5","","24.1","","88.56","","","","-11","","Cloudy"
"-114.01","51.12","CALGARY INTL A","3031092","2024-01-16 12:00","2024","01","16","12:00","","-8.1","","-12.1","","74","","","","22","","9","","3.2","","88.55","","","","-13","","Snow"
"-114.01","51.12","CALGARY INTL A","3031092","2024-01-16 13:00","2024","01","16","13:00","","-7.9","","-10.1","","85","","","","22","","8","","1.6","","88.49","","","","-12","","Snow"
"-114.01","51.12","CALGARY INTL A","3031092","2024-01-16 14:00","2024","01","16","14:00","","-7.4","","-9.2","","87","","","","23","","6","","1.2","","88.42","","","","-11","","Snow"
"-114.01","51.12","CALGARY INTL A","3031092","2024-01-16 15:00","2024","01","16","15:00","","-6.4","","-7.8","","90","","","","35","","12","","1.0","","88.40","","","","-12","","Snow"
"-114.01","51.12","CALGARY INTL A","3031092","2024-01-16 16:00","2024","01","16","16:00","","-7.1","","-9.0","","87","","","","1","","29","","2.0","","88.42","","","","-16","","Snow"
"-114.01","51.12","CALGARY INTL A","3031092","2024-01-16 17:00","2024","01","16","17:00","","-8.4","","-10.3","","86","","","","3","","25","","3.6","","88.44","","","","-17","","Snow"
"-114.01","51.12","CALGARY INTL A","3031092","2024-01-16 18:00","2024","01","16","18:00","","-9.8","","-11.6","","87","","","","4","","16","","2.8","","88.43","","","","-17","","Snow"
"-114.01","51.12","CALGARY INTL A","3031092","2024-01-16 19:00","2024","01","16","19:00","","-10.9","","-13.0","","85","","","","4","","17","","2.8","","88.45","","","","-18","","Snow"
"-114.01","51.12","CALGARY INTL A","3031092","2024-01-16 20:00","2024","01","16","20:00","","-13.0","","-15.4","","82","","","","4","","24","","2.4","","88.47","","","","-22","","Snow"
"-114.01","51.12","CALGARY INTL A","3031092","2024-01-16 21:00","2024","01","16","21:00","","-14.2","","-17.0","","80","","","","3","","27","","2.4","","88.45","","","","-25","","Snow"
"-114.01","51.12","CALGARY INTL A","3031092","2024-01-16 22:00","2024","01","16","22:00","","-14.9","","-17.6","","80","","","","3","","25","","4.0","","88.46","","","","-25","","Snow"
"-114.01","51.12","CALGARY INTL A","3031092","2024-01-16 23:00","2024","01","16","23:00","","-15.0","","-17.6","","80","","","","36","","13","","4.8","","88.44","","","","-22","","Snow"
"-114.01","51.12","CALGARY INTL A","3031092","2024-01-17 00:00","2024","01","17","00:00","","-15.2","","-18.1","","79","","","","3","","15","","4.8","","88.41","","","","-23","","Snow"
"-114.01","51.12","CALGARY INTL A","3031092","2024-01-17 01:00","2024","01","17","01:00","","-15.3","","-18.3","","78","","","","2","","15","","4.8","","88.37","","","","-23","","Snow"
"-114.01","51.12","CALGARY INTL A","3031092","2024-01-17 02:00","2024","01","17","02:00","","-15.4","","-18.2","","80","","","","35","","12","","4.0","","88.33","","","","-22","","Snow"
"-114.01","51.12","CALGARY INTL A","3031092","2024-01-17 03:00","2024","01","17","03:00","","-15.7","","-18.8","","78","","","","36","","15","","4.0","","88.31","","","","-24","","Snow"
"-114.01","51.12","CALGARY INTL A","3031092","2024-01-17 04:00","2024","01","17","04:00","","-15.7","","-18.8","","77","","","","35","","11","","6.4","","88.28","","","","-22","","Ice Crystals"
"-114.01","51.12","CALGARY INTL A","3031092","2024-01-17 05:00","2024","01","17","05:00","","-15.8","","-18.7","","78","","","","35","","12","","4.8","","88.28","","","","-23","","Ice Crystals"
"-114.01","51.12","CALGARY INTL A","3031092","2024-01-17 06:00","2024","01","17","06:00","","-16.2","","-18.8","","80","","","","1","","14","","3.2","","88.24","","","","-24","","Snow"
"-114.01","51.12","CALGARY INTL A","3031092","2024-01-17 07:00","2024","01","17","07:00","","-16.1","","-19.0","","79","","","","36","","11","","3.2","","88.27","","","","-23","","Snow"
"-114.01","51.12","CALGARY INTL A","3031092","2024-01-17 08:00","2024","01","17","08:00","","-16.6","","-19.1","","81","","","","4","","11","","2.8","","88.32","","","","-24","","Snow"
"-114.01","51.12","CALGARY INTL A","3031092","2024-01-17 09:00","2024","01","17","09:00","","-16.7","","-19.4","","80","","","","5","","12","","2.0","","88.32","","","","-24","","Snow"
"-114.01","51.12","CALGARY INTL A","3031092","2024-01-17 10:00","2024","01","17","10:00","","-16.6","","-19.6","","78","","","","7","","14","","4.8","","88.37","","","","-25","","Ice Crystals"
"-114.01","51.12","CALGARY INTL A","3031092","2024-01-17 11:00","2024","01","17","11:00","","-16.4","","-19.4","","78","","","","9","","15","","3.6","","88.38","","","","-25","","Snow"
"-114.01","51.12","CALGARY INTL A","3031092","2024-01-17 12:00","2024","01","17","12:00","","-16.2","","-19.3","","78","","","","8","","16","","1.6","","88.36","","","","-25","","Snow"
"-114.01","51.12","CALGARY INTL A","3031092","2024-01-17 13:00","2024","01","17","13:00","","-16.5","","-19.5","","78","","","","6","","16","","2.4","","88.35","","","","-25","","Snow"
"-114.01","51.12","CALGARY INTL A","3031092","2024-01-17 14:00","2024","01","17","14:00","","-16.6","","-19.8","","76","","","","5","","13","","1.6","","88.33","","","","-24","","Snow"
"-114.01","51.12","CALGARY INTL A","3031092","2024-01-17 15:00","2024","01","17","15:00","","-16.7","","-20.3","","74","","","","5","","13","","2.4","","88.35","","","","-24","","Snow"
"-114.01","51.12","CALGARY INTL A","3031092","2024-01-17 16:00","2024","01","17","16:00","","-16.7","","-19.9","","76","","","","2","","12","","2.4","","88.40","","","","-24","","Snow"
"-114.01","51.12","CALGARY INTL A","3031092","2024-01-17 17:00","2024","01","17","17:00","","-16.8","","-19.5","","80","","","","5","","18","","0.8","","88.47","","","","-26","","Snow,Freezing Fog"
"-114.01","51.12","CALGARY INTL A","3031092","2024-01-17 18:00","2024","01","17","18:00","","-17.1","","-19.9","","79","","","","4","","19","","2.8","","88.53","","","","-27","","Snow"
"-114.01","51.12","CALGARY INTL A","3031092","2024-01-17 19:00","2024","01","17","19:00","","-17.2","","-19.8","","80","","","","4","","17","","1.2","","88.66","","","","-26","","Snow"
"-114.01","51.12","CALGARY INTL A","3031092","2024-01-17 20:00","2024","01","17","20:00","","-17.2","","-20.0","","80","","","","3","","16","","4.0","","88.75","","","","-26","","Snow"
"-114.01","51.12","CALGARY INTL A","3031092","2024-01-17 21:00","2024","01","17","21:00","","-17.8","","-20.7","","78","","","","4","","21","","2.4","","88.89","","","","-28","","Snow"
"-114.01","51.12","CALGARY INTL A","3031092","2024-01-17 22:00","2024","01","17","22:00","","-18.2","","-21.4","","76","","","","36","","19","","2.4","","89.01","","","","-28","","Snow"
"-114.01","51.12","CALGARY INTL A","3031092","2024-01-17 23:00","2024","01","17","23:00","","-18.3","","-21.7","","75","","","","35","","14","","6.4","","89.13","","","","-27","","Ice Crystals"
"-114.01","51.12","CALGARY INTL A","3031092","2024-01-18 00:00","2024","01","18","00:00","","-18.4","","-21.9","","74","","","","35","","12","","6.4","","89.27","","","","-26","","Ice Crystals"
"-114.01","51.12","CALGARY INTL A","3031092","2024-01-18 01:00","2024","01","18","01:00","","-18.6","","-22.1","","75","","","","36","","13","","8.1","","89.40","","","","-27","","Ice Crystals"
"-114.01","51.12","CALGARY INTL A","3031092","2024-01-18 02:00","2024","01","18","02:00","","-19.6","","-22.9","","75","","","","1","","13","","11.3","","89.50","","","","-28","","Ice Crystals"
"-114.01","51.12","CALGARY INTL A","3031092","2024-01-18 03:00","2024","01","18","03:00","","-20.6","","-23.8","","76","","","","35","","13","","11.3","","89.68","","","","-29","","NA"
"-114.01","51.12","CALGARY INTL A","3031092","2024-01-18 04:00","2024","01","18","04:00","","-21.3","","-24.1","","79","","","","30","","7","","12.9","","89.81","","","","-27","","NA"
"-114.01","51.12","CALGARY INTL A","3031092","2024-01-18 05:00","2024","01","18","05:00","","-19.3","","-22.9","","73","","","","32","","14","","16.1","","89.91","","","","-28","","Mostly Cloudy"
"-114.01","51.12","CALGARY INTL A","3031092","2024-01-18 06:00","2024","01","18","06:00","","-18.7","","-22.4","","73","","","","1","","12","","14.5","","89.98","","","","-26","","NA"
"-114.01","51.12","CALGARY INTL A","3031092","2024-01-18 07:00","2024","01","18","07:00","","-18.4","","-22.1","","73","","","","2","","13","","11.3","","90.06","","","","-26","","NA"
"-114.01","51.12","CALGARY INTL A","3031092","2024-01-18 08:00","2024","01","18","08:00","","-18.1","","-22.1","","71","","","","34","","12","","16.1","","90.15","","","","-26","","Cloudy"
"-114.01","51.12","CALGARY INTL A","3031092","2024-01-18 09:00","2024","01","18","09:00","","-17.8","","-22.0","","70","","","","33","","14","","14.5","","90.23","","","","-26","","NA"
"-114.01","51.12","CALGARY INTL A","3031092","2024-01-18 10:00","2024","01","18","10:00","","-17.3","","-21.9","","68","","","","36","","13","","9.7","","90.32","","","","-25","","Fog"
"-114.01","51.12","CALGARY INTL A","3031092","2024-01-18 11:00","2024","01","18","11:00","","-17.0","","-21.9","","66","","","","30","","15","","8.1","","90.42","","","","-25","","Fog"
"-114.01","51.12","CALGARY INTL A","3031092","2024-01-18 12:00","2024","01","18","12:00","","-16.1","","-21.8","","62","","","","33","","13","","8.1","","90.41","","","","-24","","Fog"
"-114.01","51.12","CALGARY INTL A","3031092","2024-01-18 13:00","2024","01","18","13:00","","-16.0","","-21.5","","63","","","","33","","6","","8.1","","90.38","","","","-20","","Fog"
"-114.01","51.12","CALGARY INTL A","3031092","2024-01-18 14:00","2024","01","18","14:00","","-15.2","","-22.3","","55","","","","6","","10","","14.5","","90.40","","","","-21","","Mostly Cloudy"
"-114.01","51.12","CALGARY INTL A","3031092","2024-01-18 15:00","2024","01","18","15:00","","-15.8","","-23.0","","55","","","","3","","10","","14.5","","90.41","","","","-22","","NA"
"-114.01","51.12","CALGARY INTL A","3031092","2024-01-18 16:00","2024","01","18","16:00","","-17.1","","-23.2","","60","","","","6","","13","","14.5","","90.42","","","","-25","","NA"
"-114.01","51.12","CALGARY INTL A","3031092","2024-01-18 17:00","2024","01","18","17:00","","-17.2","","-22.6","","63","","","","9","","13","","24.1","","90.44","","","","-25","","Cloudy"
"-114.01","51.12","CALGARY INTL A","3031092","2024-01-18 18:00","2024","01","18","18:00","","-19.3","","-22.9","","74","","","","10","","11","","24.1","","90.47","","","","-27","","NA"
"-114.01","51.12","CALGARY INTL A","3031092","2024-01-18 19:00","2024","01","18","19:00","","-18.8","","-22.2","","75","","","","17","","15","","16.1","","90.47","","","","-28","","NA"
"-114.01","51.12","CALGARY INTL A","3031092","2024-01-18 20:00","2024","01","18","20:00","","-18.9","","-21.6","","79","","","","15","","9","","12.9","","90.45","","","","-25","","Mainly Clear"
"-114.01","51.12","CALGARY INTL A","3031092","2024-01-18 21:00","2024","01","18","21:00","","-19.6","","-22.0","","82","","","","17","","7","","12.9","","90.41","","","","-25","","NA"
"-114.01","51.12","CALGARY INTL A","3031092","2024-01-18 22:00","2024","01","18","22:00","","-20.2","","-22.7","","81","","","","18","","7","","12.9","","90.41","","","","-26","","NA"
"-114.01","51.12","CALGARY INTL A","3031092","2024-01-18 23:00","2024","01","18","23:00","","-22.5","","-25.1","","80","","","","10","","7","","12.9","","90.39","","","","-29","","Clear"
"-114.01","51.12","CALGARY INTL A","3031092","2024-01-19 00:00","2024","01","19","00:00","","-23.8","","-26.5","","79","","","","33","","3","","12.9","","90.34","","","","-27","","NA"
"-114.01","51.12","CALGARY INTL A","3031092","2024-01-19 01:00","2024","01","19","01:00","","-24.5","","-27.4","","77","","","","17","","6","","9.7","","90.24","","","","-30","","Fog"
"-114.01","51.12","CALGARY INTL A","3031092","2024-01-19 02:00","2024","01","19","02:00","","-23.0","","-25.7","","79","","","","18","","6","","9.7","","90.17","","","","-28","","Fog"
"-114.01","51.12","CALGARY INTL A","3031092","2024-01-19 03:00","2024","01","19","03:00","","-22.6","","-25.3","","79","","","","19","","8","","12.9","","90.12","","","","-29","","NA"
"-114.01","51.12","CALGARY INTL A","3031092","2024-01-19 04:00","2024","01","19","04:00","","-22.6","","-25.2","","79","","","","18","","7","","12.9","","90.04","","","","-29","","NA"
"-114.01","51.12","CALGARY INTL A","3031092","2024-01-19 05:00","2024","01","19","05:00","","-22.6","","-25.4","","79","","","","18","","7","","12.9","","89.95","","","","-29","","Mainly Clear"
"-114.01","51.12","CALGARY INTL A","3031092","2024-01-19 06:00","2024","01","19","06:00","","-22.0","","-24.6","","80","","","","19","","4","","12.9","","89.87","","","","-26","","NA"
"-114.01","51.12","CALGARY INTL A","3031092","2024-01-19 07:00","2024","01","19","07:00","","-21.5","","-24.1","","80","","","","19","","8","","9.7","","89.78","","","","-28","","Haze"
"-114.01","51.12","CALGARY INTL A","3031092","2024-01-19 08:00","2024","01","19","08:00","","-21.7","","-24.3","","80","","","","17","","8","","16.1","","89.70","","","","-28","","Cloudy"
"-114.01","51.12","CALGARY INTL A","3031092","2024-01-19 09:00","2024","01","19","09:00","","-21.2","","-23.8","","80","","","","16","","14","","32.2","","89.66","","","","-30","","NA"
"-114.01","51.12","CALGARY INTL A","3031092","2024-01-19 10:00","2024","01","19","10:00","","-20.7","","-23.3","","80","","","","18","","18","","32.2","","89.63","","","","-31","","NA"
"-114.01","51.12","CALGARY INTL A","3031092","2024-01-19 11:00","2024","01","19","11:00","","-19.5","","-22.0","","81","","","","18","","19","","32.2","","89.55","","","","-30","","Cloudy"
"-114.01","51.12","CALGARY INTL A","3031092","2024-01-19 12:00","2024","01","19","12:00","","-18.8","","-21.3","","81","","","","18","","21","","32.2","","89.45","","","","-29","","NA"
"-114.01","51.12","CALGARY INTL A","3031092","2024-01-19 13:00","2024","01","19","13:00","","-17.9","","-22.5","","68","","","","17","","24","","32.2","","89.29","","","","-29","","NA"
"-114.01","51.12","CALGARY INTL A","3031092","2024-01-19 14:00","2024","01","19","14:00","","-17.5","","-22.1","","68","","","","17","","19","","32.2","","89.15","","","","-27","","Cloudy"
"-114.01","51.12","CALGARY INTL A","3031092","2024-01-19 15:00","2024","01","19","15:00","","-17.9","","-22.2","","69","","","","17","","20","","24.1","","89.04","","","","-28","","NA"
"-114.01","51.12","CALGARY INTL A","3031092","2024-01-19 16:00","2024","01","19","16:00","","-17.8","","-21.6","","73","","","","17","","23","","32.2","","88.92","","","","-28","","NA"
"-114.01","51.12","CALGARY INTL A","3031092","2024-01-19 17:00","2024","01","19","17:00","","-18.0","","-21.3","","76","","","","18","","23","","32.2","","88.82","","","","-29","","Cloudy"
"-114.01","51.12","CALGARY INTL A","3031092","2024-01-19 18:00","2024","01","19","18:00","","-17.8","","-20.7","","78","","","","18","","21","","24.1","","88.76","","","","-28","","NA"
"-114.01","51.12","CALGARY INTL A","3031092","2024-01-19 19:00","2024","01","19","19:00","","-17.5","","-20.3","","79","","","","18","","15","","16.1","","88.65","","","","-26","","NA"
"-114.01","51.12","CALGARY INTL A","3031092","2024-01-19 20:00","2024","01","19","20:00","","-17.1","","-19.7","","80","","","","18","","18","","12.9","","88.58","","","","-26","","Cloudy"
"-114.01","51.12","CALGARY INTL A","3031092","2024-01-19 21:00","2024","01","19","21:00","","-16.9","","-19.5","","81","","","","19","","16","","12.9","","88.49","","","","-26","","NA"
"-114.01","51.12","CALGARY INTL A","3031092","2024-01-19 22:00","2024","01","19","22:00","","-16.5","","-19.0","","81","","","","18","","10","","16.1","","88.42","","","","-23","","NA"
"-114.01","51.12","CALGARY INTL A","3031092","2024-01-19 23:00","2024","01","19","23:00","","-15.7","","-18.6","","79","","","","","","0","","16.1","","88.35","","","","","","Mostly Cloudy"
"-114.01","51.12","CALGARY INTL A","3031092","2024-01-20 00:00","2024","01","20","00:00","","-14.8","","-18.1","","77","","","","17","","4","","16.1","","88.29","","","","-18","","NA"
"-114.01","51.12","CALGARY INTL A","3031092","2024-01-20 01:00","2024","01","20","01:00","","-13.9","","-17.6","","74","","","","4","","4","","16.1","","88.24","","","","-17","","NA"
"-114.01","51.12","CALGARY INTL A","3031092","2024-01-20 02:00","2024","01","20","02:00","","-12.6","","-16.1","","75","","","","3","","7","","16.1","","88.19","","","","-17","","Mostly Cloudy"
"-114.01","51.12","CALGARY INTL A","3031092","2024-01-20 03:00","2024","01","20","03:00","","-11.9","","-15.5","","75","","","","2","","5","","16.1","","88.16","","","","-15","","NA"
"-114.01","51.12","CALGARY INTL A","3031092","2024-01-20 04:00","2024","01","20","04:00","","-12.5","","-16.1","","75","","","","8","","4","","12.9","","88.09","","","","-15","","NA"
"-114.01","51.12","CALGARY INTL A","3031092","2024-01-20 05:00","2024","01","20","05:00","","-13.0","","-16.4","","76","","","","9","","5","","16.1","","88.05","","","","-16","","Mostly Cloudy"
"-114.01","51.12","CALGARY INTL A","3031092","2024-01-20 06:00","2024","01","20","06:00","","-13.8","","-17.0","","77","","","","","","0","","16.1","","87.97","","","","","","NA"
"-114.01","51.12","CALGARY INTL A","3031092","2024-01-20 07:00","2024","01","20","07:00","","-13.0","","-15.7","","80","","","","20","","10","","16.1","","87.89","","","","-19","","NA"
"-114.01","51.12","CALGARY INTL A","3031092","2024-01-20 08:00","2024","01","20","08:00","","-12.0","","-15.1","","78","","","","20","","8","","16.1","","87.81","","","","-17","","Mostly Cloudy"
"-114.01","51.12","CALGARY INTL A","3031092","2024-01-20 09:00","2024","01","20","09:00","","-11.9","","-14.7","","80","","","","17","","7","","32.2","","87.78","","","","-16","","NA"
"-114.01","51.12","CALGARY INTL A","3031092","2024-01-20 10:00","2024","01","20","10:00","","-10.0","","-13.7","","75","","","","16","","10","","24.1","","87.75","","","","-15","","NA"
"-114.01","51.12","CALGARY INTL A","3031092","2024-01-20 11:00","2024","01","20","11:00","","-8.8","","-13.3","","70","","","","17","","6","","9.7","","87.75","","","","-12","","Haze"
"-114.01","51.12","CALGARY INTL A","3031092","2024-01-20 12:00","2024","01","20","12:00","","-8.1","","-12.6","","70","","","","15","","8","","9.7","","87.72","","","","-12","","Haze"
"-114.01","51.12","CALGARY INTL A","3031092","2024-01-20 13:00","2024","01","20","13:00","","-10.8","","-14.8","","73","","","","4","","18","","9.7","","87.73","","","","-18","","Haze"
"-114.01","51.12","CALGARY INTL A","3031092","2024-01-20 14:00","2024","01","20","14:00","","-10.6","","-14.5","","73","","","","2","","17","","9.7","","87.67","","","","-18","","Haze"
"-114.01","51.12","CALGARY INTL A","3031092","2024-01-20 15:00","2024","01","20","15:00","","-10.8","","-14.3","","75","","","","2","","20","","8.1","","87.66","","","","-19","","Haze"
"-114.01","51.12","CALGARY INTL A","3031092","2024-01-20 16:00","2024","01","20","16:00","","-10.9","","-14.3","","76","","","","3","","18","","6.4","","87.69","","","","-19","","Haze"
"-114.01","51.12","CALGARY INTL A","3031092","2024-01-20 17:00","2024","01","20","17:00","","-11.1","","-13.9","","80","","","","3","","17","","6.4","","87.73","","","","-19","","Haze"
"-114.01","51.12","CALGARY INTL A","3031092","2024-01-20 18:00","2024","01","20","18:00","","-11.6","","-14.0","","83","","","","3","","13","","12.9","","87.72","","","","-18","","NA"
"-114.01","51.12","CALGARY INTL A","3031092","2024-01-20 19:00","2024","01","20","19:00","","-10.8","","-13.2","","82","","","","3","","10","","16.1","","87.71","","","","-16","","NA"
"-114.01","51.12","CALGARY INTL A","3031092","2024-01-20 20:00","2024","01","20","20:00","","-11.8","","-13.7","","86","","","","8","","13","","12.9","","87.71","","","","-18","","Mostly Cloudy"
"-114.01","51.12","CALGARY INTL A","3031092","2024-01-20 21:00","2024","01","20","21:00","","-11.6","","-13.7","","85","","","","9","","15","","12.9","","87.71","","","","-19","","NA"
"-114.01","51.12","CALGARY INTL A","3031092","2024-01-20 22:00","2024","01","20","22:00","","-11.8","","-14.0","","84","","","","5","","6","","9.7","","87.70","","","","-16","","Haze"
"-114.01","51.12","CALGARY INTL A","3031092","2024-01-20 23:00","2024","01","20","23:00","","-11.7","","-13.8","","84","","","","4","","5","","9.7","","87.72","","","","-15","","Haze"
"-114.01","51.12","CALGARY INTL A","3031092","2024-01-21 00:00","2024","01","21","00:00","","-12.7","","-14.4","","87","","","","8","","9","","9.7","","87.70","","","","-18","","Haze"
"-114.01","51.12","CALGARY INTL A","3031092","2024-01-21 01:00","2024","01","21","01:00","","-12.0","","-14.0","","85","","","","20","","6","","9.7","","87.69","","","","-16","","Haze"
"-114.01","51.12","CALGARY INTL A","3031092","2024-01-21 02:00","2024","01","21","02:00","","-12.8","","-14.7","","86","","","","10","","8","","6.4","","87.65","","","","-18","","Haze"
"-114.01","51.12","CALGARY INTL A","3031092","2024-01-21 03:00","2024","01","21","03:00","","-12.5","","-14.5","","85","","","","17","","12","","6.4","","87.66","","","","-19","","Haze"
"-114.01","51.12","CALGARY INTL A","3031092","2024-01-21 04:00","2024","01","21","04:00","","-12.1","","-14.6","","82","","","","12","","7","","6.4","","87.66","","","","-16","","Haze"
"-114.01","51.12","CALGARY INTL A","3031092","2024-01-21 05:00","2024","01","21","05:00","","-12.0","","-14.4","","83","","","","16","","8","","6.4","","87.62","","","","-17","","Haze"
"-114.01","51.12","CALGARY INTL A","3031092","2024-01-21 06:00","2024","01","21","06:00","","-12.0","","-14.4","","82","","","","16","","10","","8.1","","87.63","","","","-18","","Haze"
"-114.01","51.12","CALGARY INTL A","3031092","2024-01-21 07:00","2024","01","21","07:00","","-12.1","","-14.6","","82","","","","13","","7","","9.7","","87.63","","","","-16","","Haze"
"-114.01","51.12","CALGARY INTL A","3031092","2024-01-21 08:00","2024","01","21","08:00","","-12.3","","-15.0","","81","","","","11","","10","","9.7","","87.62","","","","-18","","Haze"
"-114.01","51.12","CALGARY INTL A","3031092","2024-01-21 09:00","2024","01","21","09:00","","-12.8","","-15.6","","80","","","","16","","10","","4.8","","87.69","","","","-19","","Haze"
"-114.01","51.12","CALGARY INTL A","3031092","2024-01-21 10:00","2024","01","21","10:00","","-12.7","","-15.5","","80","","","","15","","3","","4.8","","87.73","","","","-15","","Haze"
"-114.01","51.12","CALGARY INTL A","3031092","2024-01-21 11:00","2024","01","21","11:00","","-11.9","","-15.2","","77","","","","7","","7","","6.4","","87.75","","","","-16","","Haze"
"-114.01","51.12","CALGARY INTL A","3031092","2024-01-21 12:00","2024","01","21","12:00","","-12.4","","-15.8","","76","","","","5","","14","","6.4","","87.76","","","","-19","","Haze"
"-114.01","51.12","CALGARY INTL A","3031092","2024-01-21 13:00","2024","01","21","13:00","","-12.4","","-15.8","","76","","","","2","","14","","6.4","","87.80","","","","-19","","Haze"
"-114.01","51.12","CALGARY INTL A","3031092","2024-01-21 14:00","2024","01","21","14:00","","-12.7","","-15.8","","78","","","","3","","17","","6.4","","87.83","","","","-21","","Haze"
"-114.01","51.12","CALGARY INTL A","3031092","2024-01-21 15:00","2024","01","21","15:00","","-12.6","","-15.8","","77","","","","1","","17","","6.4","","87.86","","","","-20","","Haze"
"-114.01","51.12","CALGARY INTL A","3031092","2024-01-21 16:00","2024","01","21","16:00","","-12.6","","-15.5","","79","","","","3","","17","","6.4","","87.96","","","","-20","","Haze"
"-114.01","51.12","CALGARY INTL A","3031092","2024-01-21 17:00","2024","01","21","17:00","","-12.4","","-15.2","","80","","","","2","","15","","6.4","","88.04","","","","-20","","Haze"
"-114.01","51.12","CALGARY INTL A","3031092","2024-01-21 18:00","2024","01","21","18:00","","-12.1","","-14.4","","83","","","","1","","15","","4.8","","88.11","","","","-19","","Haze"
"-114.01","51.12","CALGARY INTL A","3031092","2024-01-21 19:00","2024","01","21","19:00","","-11.8","","-14.0","","84","","","","1","","14","","4.0","","88.18","","","","-19","","Haze"
"-114.01","51.12","CALGARY INTL A","3031092","2024-01-21 20:00","2024","01","21","20:00","","-11.9","","-14.2","","83","","","","2","","12","","4.8","","88.23","","","","-18","","Snow,Fog"
"-114.01","51.12","CALGARY INTL A","3031092","2024-01-21 21:00","2024","01","21","21:00","","-12.2","","-14.4","","84","","","","3","","10","","4.0","","88.24","","","","-18","","Snow,Fog"
"-114.01","51.12","CALGARY INTL A","3031092","2024-01-21 22:00","2024","01","21","22:00","","-12.5","","-14.5","","85","","","","2","","10","","4.0","","88.26","","","","-18","","Snow,Fog"
"-114.01","51.12","CALGARY INTL A","3031092","2024-01-21 23:00","2024","01","21","23:00","","-12.8","","-14.6","","87","","","","3","","9","","3.2","","88.29","","","","-18","","Snow,Fog"
"-114.01","51.12","CALGARY INTL A","3031092","2024-01-22 00:00","2024","01","22","00:00","","-13.3","","-14.8","","89","","","","8","","19","","2.0","","88.32","","","","-22","","Snow,Fog"
"-114.01","51.12","CALGARY INTL A","3031092","2024-01-22 01:00","2024","01","22","01:00","","-13.6","","-15.3","","87","","","","7","","11","","1.6","","88.31","","","","-20","","Snow,Fog"
"-114.01","51.12","CALGARY INTL A","3031092","2024-01-22 02:00","2024","01","22","02:00","","-13.6","","-15.4","","87","","","","9","","6","","4.8","","88.29","","","","-18","","Snow,Fog"
"-114.01","51.12","CALGARY INTL A","3031092","2024-01-22 03:00","2024","01","22","03:00","","-13.9","","-15.5","","88","","","","13","","8","","4.0","","88.27","","","","-19","","Snow,Fog"
"-114.01","51.12","CALGARY INTL A","3031092","2024-01-22 04:00","2024","01","22","04:00","","-14.0","","-15.5","","88","","","","14","","14","","3.2","","88.25","","","","-21","","Snow,Fog"
"-114.01","51.12","CALGARY INTL A","3031092","2024-01-22 05:00","2024","01","22","05:00","","-14.3","","-16.0","","87","","","","14","","13","","3.2","","88.26","","","","-21","","Snow,Fog"
"-114.01","51.12","CALGARY INTL A","3031092","2024-01-22 06:00","2024","01","22","06:00","","-14.3","","-16.0","","87","","","","14","","14","","3.2","","88.25","","","","-22","","Snow,Fog"
"-114.01","51.12","CALGARY INTL A","3031092","2024-01-22 07:00","2024","01","22","07:00","","-14.2","","-15.9","","87","","","","16","","14","","2.0","","88.22","","","","-22","","Snow,Fog"
"-114.01","51.12","CALGARY INTL A","3031092","2024-01-22 08:00","2024","01","22","08:00","","-14.0","","-15.7","","87","","","","17","","16","","2.0","","88.20","","","","-22","","Snow"
"-114.01","51.12","CALGARY INTL A","3031092","2024-01-22 09:00","2024","01","22","09:00","","-13.9","","-15.7","","87","","","","16","","13","","2.0","","88.19","","","","-21","","Snow,Haze"
"-114.01","51.12","CALGARY INTL A","3031092","2024-01-22 10:00","2024","01","22","10:00","","-13.8","","-15.5","","87","","","","16","","16","","2.0","","88.18","","","","-22","","Snow,Haze"
"-114.01","51.12","CALGARY INTL A","3031092","2024-01-22 11:00","2024","01","22","11:00","","-13.2","","-15.0","","87","","","","18","","21","","2.0","","88.18","","","","-22","","Snow,Haze"
"-114.01","51.12","CALGARY INTL A","3031092","2024-01-22 12:00","2024","01","22","12:00","","-13.0","","-14.8","","87","","","","18","","22","","2.0","","88.12","","","","-22","","Snow,Haze"
"-114.01","51.12","CALGARY INTL A","3031092","2024-01-22 13:00","2024","01","22","13:00","","-12.7","","-14.8","","85","","","","17","","22","","2.0","","88.05","","","","-22","","Snow,Haze"
"-114.01","51.12","CALGARY INTL A","3031092","2024-01-22 14:00","2024","01","22","14:00","","-13.1","","-15.4","","83","","","","17","","25","","2.0","","88.00","","","","-23","","Snow,Haze"
"-114.01","51.12","CALGARY INTL A","3031092","2024-01-22 15:00","2024","01","22","15:00","","-13.1","","-15.3","","84","","","","17","","21","","2.0","","87.95","","","","-22","","Snow,Haze"
"-114.01","51.12","CALGARY INTL A","3031092","2024-01-22 16:00","2024","01","22","16:00","","-13.1","","-15.2","","84","","","","17","","19","","2.4","","87.95","","","","-22","","Snow,Haze"
"-114.01","51.12","CALGARY INTL A","3031092","2024-01-22 17:00","2024","01","22","17:00","","-12.8","","-14.7","","86","","","","18","","21","","2.4","","87.96","","","","-22","","Snow,Haze"
"-114.01","51.12","CALGARY INTL A","3031092","2024-01-22 18:00","2024","01","22","18:00","","-12.4","","-14.2","","87","","","","18","","21","","2.8","","87.91","","","","-21","","Snow,Haze"
"-114.01","51.12","CALGARY INTL A","3031092","2024-01-22 19:00","2024","01","22","19:00","","-12.6","","-14.4","","86","","","","17","","17","","2.8","","87.89","","","","-20","","Haze"
"-114.01","51.12","CALGARY INTL A","3031092","2024-01-22 20:00","2024","01","22","20:00","","-12.5","","-14.3","","86","","","","19","","16","","4.0","","87.87","","","","-20","","Fog"
"-114.01","51.12","CALGARY INTL A","3031092","2024-01-22 21:00","2024","01","22","21:00","","-12.5","","-14.3","","86","","","","18","","15","","4.0","","87.81","","","","-20","","Fog"
"-114.01","51.12","CALGARY INTL A","3031092","2024-01-22 22:00","2024","01","22","22:00","","-12.6","","-14.4","","86","","","","18","","14","","4.8","","87.75","","","","-20","","Fog"
"-114.01","51.12","CALGARY INTL A","3031092","2024-01-22 23:00","2024","01","22","23:00","","-12.3","","-14.3","","85","","","","18","","21","","6.4","","87.71","","","","-21","","Fog"
"-114.01","51.12","CALGARY INTL A","3031092","2024-01-23 00:00","2024","01","23","00:00","","-10.2","","-12.9","","81","","","","16","","13","","12.9","","87.67","","","","-16","","NA"
"-114.01","51.12","CALGARY INTL A","3031092","2024-01-23 01:00","2024","01","23","01:00","","-9.8","","-12.6","","80","","","","19","","10","","11.3","","87.63","","","","-15","","NA"
"-114.01","51.12","CALGARY INTL A","3031092","2024-01-23 02:00","2024","01","23","02:00","","-7.4","","-10.2","","81","","","","19","","4","","14.5","","87.64","","","","-9","","Mostly Cloudy"
"-114.01","51.12","CALGARY INTL A","3031092","2024-01-23 03:00","2024","01","23","03:00","","-5.6","","-8.0","","83","","","","19","","10","","16.1","","87.63","","","","-10","","NA"
"-114.01","51.12","CALGARY INTL A","3031092","2024-01-23 04:00","2024","01","23","04:00","","-2.4","","-5.2","","81","","","","21","","12","","19.3","","87.62","","","","-7","","NA"
"-114.01","51.12","CALGARY INTL A","3031092","2024-01-23 05:00","2024","01","23","05:00","","-0.6","","-4.7","","74","","","","22","","9","","24.1","","87.63","","","","-4","","Mostly Cloudy"
"-114.01","51.12","CALGARY INTL A","3031092","2024-01-23 06:00","2024","01","23","06:00","","-1.9","","-5.2","","78","","","","17","","11","","24.1","","87.65","","","","-6","","NA"
"-114.01","51.12","CALGARY INTL A","3031092","2024-01-23 07:00","2024","01","23","07:00","","0.8","","-4.4","","68","","","","20","","8","","24.1","","87.68","","","","","","NA"
"-114.01","51.12","CALGARY INTL A","3031092","2024-01-23 08:00","2024","01","23","08:00","","-0.2","","-4.3","","73","","","","19","","12","","24.1","","87.72","","","","-4","","Mostly Cloudy"
"-114.01","51.12","CALGARY INTL A","3031092","2024-01-23 09:00","2024","01","23","09:00","","0.6","","-4.1","","71","","","","19","","7","","24.1","","87.79","","","","","","NA"
"-114.01","51.12","CALGARY INTL A","3031092","2024-01-23 10:00","2024","01","23","10:00","","2.6","","-3.9","","62","","","","22","","6","","64.4","","87.88","","","","","","NA"
"-114.01","51.12","CALGARY INTL A","3031092","2024-01-23 11:00","2024","01","23","11:00","","5.9","","-4.0","","49","","","","23","","8","","64.4","","87.93","","","","","","Mostly Cloudy"
"-114.01","51.12","CALGARY INTL A","3031092","2024-01-23 12:00","2024","01","23","12:00","","5.0","","-3.1","","56","","","","22","","7","","64.4","","87.94","","","","","","NA"
"-114.01","51.12","CALGARY INTL A","3031092","2024-01-23 13:00","2024","01","23","13:00","","7.7","","-4.2","","43","","","","26","","10","","64.4","","87.94","","","","","","NA"
"-114.01","51.12","CALGARY INTL A","3031092","2024-01-23 14:00","2024","01","23","14:00","","7.2","","-4.1","","45","","","","25","","13","","64.4","","87.94","","","","","","Mostly Cloudy"
"-114.01","51.12","CALGARY INTL A","3031092","2024-01-23 15:00","2024","01","23","15:00","","7.3","","-4.8","","42","","","","28","","14","","64.4","","87.97","","","","","","NA"
"-114.01","51.12","CALGARY INTL A","3031092","2024-01-23 16:00","2024","01","23","16:00","","6.3","","-4.2","","47","","","","28","","6","","24.1","","88.01","","","","","","NA"
"-114.01","51.12","CALGARY INTL A","3031092","2024-01-23 17:00","2024","01","23","17:00","","7.1","","-5.2","","41","","","","28","","17","","24.1","","88.09","","","","","","Mostly Cloudy"
"-114.01","51.12","CALGARY INTL A","3031092","2024-01-23 18:00","2024","01","23","18:00","","3.2","","-5.7","","52","","","","12","","6","","24.1","","88.14","","","","","","NA"
"-114.01","51.12","CALGARY INTL A","3031092","2024-01-23 19:00","2024","01","23","19:00","","1.1","","-5.6","","61","","","","6","","14","","24.1","","88.19","","","","","","NA"
"-114.01","51.12","CALGARY INTL A","3031092","2024-01-23 20:00","2024","01","23","20:00","","0.8","","-4.8","","66","","","","10","","4","","24.1","","88.22","","","","","","Mostly Cloudy"
"-114.01","51.12","CALGARY INTL A","3031092","2024-01-23 21:00","2024","01","23","21:00","","2.5","","-5.1","","58","","","","25","","5","","24.1","","88.24","","","","","","NA"
"-114.01","51.12","CALGARY INTL A","3031092","2024-01-23 22:00","2024","01","23","22:00","","0.0","","-4.0","","75","","","","","","0","","24.1","","88.24","","","","","","NA"
"-114.01","51.12","CALGARY INTL A","3031092","2024-01-23 23:00","2024","01","23","23:00","","-2.5","","-6.8","","73","","","","8","","5","","24.1","","88.28","","","","-4","","Mostly Cloudy"
"-114.01","51.12","CALGARY INTL A","3031092","2024-01-24 00:00","2024","01","24","00:00","","-1.6","","-4.9","","78","","","","20","","7","","24.1","","88.29","","","","-4","","NA"
"-114.01","51.12","CALGARY INTL A","3031092","2024-01-24 01:00","2024","01","24","01:00","","-0.3","","-4.2","","75","","","","20","","9","","24.1","","88.28","","","","-3","","NA"
"-114.01","51.12","CALGARY INTL A","3031092","2024-01-24 02:00","2024","01","24","02:00","","0.1","","-4.2","","73","","","","20","","7","","24.1","","88.29","","","","","","Mainly Clear"
"-114.01","51.12","CALGARY INTL A","3031092","2024-01-24 03:00","2024","01","24","03:00","","-2.7","","-6.7","","74","","","","19","","8","","24.1","","88.34","","","","-6","","NA"
"-114.01","51.12","CALGARY INTL A","3031092","2024-01-24 04:00","2024","01","24","04:00","","-6.1","","-8.4","","84","","","","18","","7","","24.1","","88.32","","","","-9","","NA"
"-114.01","51.12","CALGARY INTL A","3031092","2024-01-24 05:00","2024","01","24","05:00","","-4.5","","-7.8","","78","","","","21","","6","","24.1","","88.30","","","","-7","","Clear"
"-114.01","51.12","CALGARY INTL A","3031092","2024-01-24 06:00","2024","01","24","06:00","","-4.5","","-6.7","","85","","","","20","","10","","24.1","","88.30","","","","-9","","NA"
"-114.01","51.12","CALGARY INTL A","3031092","2024-01-24 07:00","2024","01","24","07:00","","-3.2","","-6.3","","79","","","","20","","7","","24.1","","88.27","","","","-6","","NA"
"-114.01","51.12","CALGARY INTL A","3031092","2024-01-24 08:00","2024","01","24","08:00","","-4.2","","-7.1","","80","","","","20","","7","","24.1","","88.25","","","","-7","","Mainly Clear"
"-114.01","51.12","CALGARY INTL A","3031092","2024-01-24 09:00","2024","01","24","09:00","","-3.9","","-7.0","","79","","","","20","","7","","24.1","","88.23","","","","-7","","NA"
"-114.01","51.12","CALGARY INTL A","3031092","2024-01-24 10:00","2024","01","24","10:00","","-0.4","","-7.4","","59","","","","22","","12","","64.4","","88.25","","","","-4","","NA"
"-114.01","51.12","CALGARY INTL A","3031092","2024-01-24 11:00","2024","01","24","11:00","","1.6","","-6.7","","54","","","","20","","7","","64.4","","88.23","","","","","","Cloudy"
"-114.01","51.12","CALGARY INTL A","3031092","2024-01-24 12:00","2024","01","24","12:00","","3.3","","-5.9","","51","","","","21","","9","","64.4","","88.17","","","","","","NA"
"-114.01","51.12","CALGARY INTL A","3031092","2024-01-24 13:00","2024","01","24","13:00","","3.9","","-5.2","","51","","","","17","","9","","64.4","","88.10","","","","","","NA"
"-114.01","51.12","CALGARY INTL A","3031092","2024-01-24 14:00","2024","01","24","14:00","","4.8","","-5.3","","48","","","","18","","10","","64.4","","88.04","","","","","","Mainly Clear"
"-114.01","51.12","CALGARY INTL A","3031092","2024-01-24 15:00","2024","01","24","15:00","","4.3","","-5.3","","49","","","","17","","10","","12.9","","87.99","","","","","","NA"
"-114.01","51.12","CALGARY INTL A","3031092","2024-01-24 16:00","2024","01","24","16:00","","3.6","","-5.5","","52","","","","16","","9","","12.9","","87.96","","","","","","NA"
"-114.01","51.12","CALGARY INTL A","3031092","2024-01-24 17:00","2024","01","24","17:00","","4.1","","-5.7","","49","","","","","","0","","12.9","","87.95","","","","","","Mostly Cloudy"
"-114.01","51.12","CALGARY INTL A","3031092","2024-01-24 18:00","2024","01","24","18:00","","0.4","","-4.9","","68","","","","20","","5","","12.9","","87.95","","","","","","NA"
"-114.01","51.12","CALGARY INTL A","3031092","2024-01-24 19:00","2024","01","24","19:00","","1.7","","-4.6","","63","","","","26","","5","","16.1","","87.94","","","","","","NA"
"-114.01","51.12","CALGARY INTL A","3031092","2024-01-24 20:00","2024","01","24","20:00","","3.0","","-7.0","","48","","","","24","","4","","24.1","","87.92","","","","","","Mostly Cloudy"
"-114.01","51.12","CALGARY INTL A","3031092","2024-01-24 21:00","2024","01","24","21:00","","0.6","","-6.9","","57","","","","20","","5","","24.1","","87.90","","","","","","NA"
"-114.01","51.12","CALGARY INTL A","3031092","2024-01-24 22:00","2024","01","24","22:00","","1.5","","-7.0","","53","","","","12","","8","","24.1","","87.91","","","","","","NA"
"-114.01","51.12","CALGARY INTL A","3031092","2024-01-24 23:00","2024","01","24","23:00","","1.8","","-7.0","","52","","","","14","","10","","24.1","","87.94","","","","","","Mostly Cloudy"
"-114.01","51.12","CALGARY INTL A","3031092","2024-01-25 00:00","2024","01","25","00:00","","2.6","","-6.5","","51","","","","18","","3","","24.1","","87.95","","","","","","NA"
"-114.01","51.12","CALGARY INTL A","3031092","2024-01-25 01:00","2024","01","25","01:00","","2.8","","-6.2","","52","","","","10","","6","","24.1","","87.95","","","","","","NA"
"-114.01","51.12","CALGARY INTL A","3031092","2024-01-25 02:00","2024","01","25","02:00","","2.8","","-5.5","","54","","","","24","","7","","24.1","","87.97","","","","","","Mostly Cloudy"
"-114.01","51.12","CALGARY INTL A","3031092","2024-01-25 03:00","2024","01","25","03:00","","3.7","","-5.0","","53","","","","33","","12","","24.1","","88.02","","","","","","NA"
"-114.01","51.12","CALGARY INTL A","3031092","2024-01-25 04:00","2024","01","25","04:00","","4.2","","-5.3","","50","","","","28","","21","","24.1","","88.04","","","","","","NA"
"-114.01","51.12","CALGARY INTL A","3031092","2024-01-25 05:00","2024","01","25","05:00","","4.9","","-5.5","","47","","","","27","","21","","24.1","","88.05","","","","","","Mostly Cloudy"
"-114.01","51.12","CALGARY INTL A","3031092","2024-01-25 06:00","2024","01","25","06:00","","5.1","","-5.6","","46","","","","27","","15","","24.1","","88.08","","","","","","NA"
"-114.01","51.12","CALGARY INTL A","3031092","2024-01-25 07:00","2024","01","25","07:00","","2.6","","-3.9","","62","","","","2","","15","","24.1","","88.15","","","","","","NA"
"-114.01","51.12","CALGARY INTL A","3031092","2024-01-25 08:00","2024","01","25","08:00","","2.5","","-4.0","","62","","","","","","0","","24.1","","88.21","","","","","","Mostly Cloudy"
"-114.01","51.12","CALGARY INTL A","3031092","2024-01-25 09:00","2024","01","25","09:00","","-0.4","","-4.1","","76","","","","2","","8","","48.3","","88.26","","","","-3","","NA"
"-114.01","51.12","CALGARY INTL A","3031092","2024-01-25 10:00","2024","01","25","10:00","","2.8","","-4.1","","61","","","","","","0","","48.3","","88.32","","","","","","NA"
"-114.01","51.12","CALGARY INTL A","3031092","2024-01-25 11:00","2024","01","25","11:00","","4.4","","-3.8","","55","","","","1","","4","","64.4","","88.37","","","","","","Mostly Cloudy"
"-114.01","51.12","CALGARY INTL A","3031092","2024-01-25 12:00","2024","01","25","12:00","","4.5","","-3.6","","56","","","","6","","4","","64.4","","88.38","","","","","","NA"
"-114.01","51.12","CALGARY INTL A","3031092","2024-01-25 13:00","2024","01","25","13:00","","4.6","","-3.9","","54","","","","6","","4","","64.4","","88.39","","","","","","NA"
"-114.01","51.12","CALGARY INTL A","3031092","2024-01-25 14:00","2024","01","25","14:00","","6.6","","-4.9","","44","","","","","","0","","64.4","","88.38","","","","","","Mostly Cloudy"
"-114.01","51.12","CALGARY INTL A","3031092","2024-01-25 15:00","2024","01","25","15:00","","8.1","","-6.9","","34","","","","27","","13","","48.3","","88.39","","","","","","NA"
"-114.01","51.12","CALGARY INTL A","3031092","2024-01-25 16:00","2024","01","25","16:00","","7.8","","-7.1","","34","","","","27","","18","","48.3","","88.45","","","","","","NA"
"-114.01","51.12","CALGARY INTL A","3031092","2024-01-25 17:00","2024","01","25","17:00","","6.1","","-7.1","","38","","","","27","","14","","32.2","","88.49","","","","","","Mainly Clear"
"-114.01","51.12","CALGARY INTL A","3031092","2024-01-25 18:00","2024","01","25","18:00","","5.2","","-7.4","","40","","","","28","","22","","32.2","","88.56","","","","","","NA"
"-114.01","51.12","CALGARY INTL A","3031092","2024-01-25 19:00","2024","01","25","19:00","","4.7","","-7.5","","41","","","","27","","20","","24.1","","88.60","","","","","","NA"
"-114.01","51.12","CALGARY INTL A","3031092","2024-01-25 20:00","2024","01","25","20:00","","4.0","","-7.6","","43","","","","28","","23","","24.1","","88.64","","","","","","Clear"
"-114.01","51.12","CALGARY INTL A","3031092","2024-01-25 21:00","2024","01","25","21:00","","4.1","","-8.0","","41","","","","28","","18","","24.1","","88.65","","","","","","NA"
"-114.01","51.12","CALGARY INTL A","3031092","2024-01-25 22:00","2024","01","25","22:00","","4.0","","-8.5","","40","","","","28","","24","","24.1","","88.68","","","","","","NA"
"-114.01","51.12","CALGARY INTL A","3031092","2024-01-25 23:00","2024","01","25","23:00","","4.0","","-8.7","","39","","","","27","","26","","24.1","","88.71","","","","","","Clear"
"-114.01","51.12","CALGARY INTL A","3031092","2024-01-26 00:00","2024","01","26","00:00","","3.8","","-8.6","","40","","","","27","","17","","24.1","","88.74","","","","","","NA"
"-114.01","51.12","CALGARY INTL A","3031092","2024-01-26 01:00","2024","01","26","01:00","","3.2","","-8.4","","42","","","","26","","5","","24.1","","88.76","","","","","","NA"
"-114.01","51.12","CALGARY INTL A","3031092","2024-01-26 02:00","2024","01","26","02:00","","-0.2","","-8.8","","52","","","","9","","11","","24.1","","88.80","","","","-4","","Clear"
"-114.01","51.12","CALGARY INTL A","3031092","2024-01-26 03:00","2024","01","26","03:00","","-1.2","","-9.2","","55","","","","14","","7","","24.1","","88.82","","","","-4","","NA"
"-114.01","51.12","CALGARY INTL A","3031092","2024-01-26 04:00","2024","01","26","04:00","","-0.2","","-9.2","","51","","","","13","","6","","24.1","","88.85","","","","-2","","NA"
"-114.01","51.12","CALGARY INTL A","3031092","2024-01-26 05:00","2024","01","26","05:00","","3.8","","-7.6","","43","","","","28","","14","","24.1","","88.87","","","","","","Mainly Clear"
"-114.01","51.12","CALGARY INTL A","3031092","2024-01-26 06:00","2024","01","26","06:00","","4.5","","-7.5","","41","","","","27","","26","","24.1","","88.89","","","","","","NA"
"-114.01","51.12","CALGARY INTL A","3031092","2024-01-26 07:00","2024","01","26","07:00","","5.0","","-7.5","","40","","","","27","","25","","24.1","","88.90","","","","","","NA"
"-114.01","51.12","CALGARY INTL A","3031092","2024-01-26 08:00","2024","01","26","08:00","","3.3","","-7.2","","46","","","","16","","6","","48.3","","88.97","","","","","","Mainly Clear"
"-114.01","51.12","CALGARY INTL A","3031092","2024-01-26 09:00","2024","01","26","09:00","","2.4","","-7.0","","50","","","","15","","5","","64.4","","89.02","","","","","","NA"
"-114.01","51.12","CALGARY INTL A","3031092","2024-01-26 10:00","2024","01","26","10:00","","2.1","","-6.8","","52","","","","22","","15","","64.4","","89.05","","","","","","NA"
"-114.01","51.12","CALGARY INTL A","3031092","2024-01-26 11:00","2024","01","26","11:00","","3.9","","-6.8","","46","","","","21","","5","","64.4","","89.08","","","","","","Mostly Cloudy"
"-114.01","51.12","CALGARY INTL A","3031092","2024-01-26 12:00","2024","01","26","12:00","","5.6","","-7.3","","39","","","","18","","3","","64.4","","89.03","","","","","","NA"
"-114.01","51.12","CALGARY INTL A","3031092","2024-01-26 13:00","2024","01","26","13:00","","6.6","","-7.0","","37","","","","15","","5","","64.4","","88.96","","","","","","NA"
"-114.01","51.12","CALGARY INTL A","3031092","2024-01-26 14:00","2024","01","26","14:00","","7.7","","-7.1","","34","","","","25","","9","","64.4","","88.92","","","","","","Mostly Cloudy"
"-114.01","51.12","CALGARY INTL A","3031092","2024-01-26 15:00","2024","01","26","15:00","","8.0","","-7.0","","34","","","","25","","13","","48.3","","88.91","","","","","","NA"
"-114.01","51.12","CALGARY INTL A","3031092","2024-01-26 16:00","2024","01","26","16:00","","7.1","","-6.6","","37","","","","26","","10","","48.3","","88.96","","","","","","NA"
"-114.01","51.12","CALGARY INTL A","3031092","2024-01-26 17:00","2024","01","26","17:00","","5.7","","-6.3","","42","","","","25","","7","","32.2","","88.95","","","","","","Mainly Clear"
"-114.01","51.12","CALGARY INTL A","3031092","2024-01-26 18:00","2024","01","26","18:00","","3.7","","-5.9","","50","","","","21","","7","","24.1","","89.00","","","","","","NA"
"-114.01","51.12","CALGARY INTL A","3031092","2024-01-26 19:00","2024","01","26","19:00","","1.9","","-6.8","","52","","","","19","","12","","24.1","","88.98","","","","","","NA"
"-114.01","51.12","CALGARY INTL A","3031092","2024-01-26 20:00","2024","01","26","20:00","","1.2","","-6.7","","56","","","","18","","9","","24.1","","88.94","","","","","","Clear"
"-114.01","51.12","CALGARY INTL A","3031092","2024-01-26 21:00","2024","01","26","21:00","","1.1","","-6.3","","58","","","","19","","10","","24.1","","88.91","","","","","","NA"
"-114.01","51.12","CALGARY INTL A","3031092","2024-01-26 22:00","2024","01","26","22:00","","0.4","","-7.0","","58","","","","18","","8","","24.1","","88.88","","","","","","NA"
"-114.01","51.12","CALGARY INTL A","3031092","2024-01-26 23:00","2024","01","26","23:00","","-1.9","","-7.3","","67","","","","18","","10","","24.1","","88.85","","","","-6","","Mainly Clear"
"-114.01","51.12","CALGARY INTL A","3031092","2024-01-27 00:00","2024","01","27","00:00","","-2.9","","-8.0","","68","","","","27","","3","","24.1","","88.83","","","","-4","","NA"
"-114.01","51.12","CALGARY INTL A","3031092","2024-01-27 01:00","2024","01","27","01:00","","-3.2","","-7.5","","72","","","","16","","3","","24.1","","88.76","","","","-4","","NA"
"-114.01","51.12","CALGARY INTL A","3031092","2024-01-27 02:00","2024","01","27","02:00","","-2.4","","-7.1","","70","","","","17","","3","","24.1","","88.74","","","","-4","","Mainly Clear"
"-114.01","51.12","CALGARY INTL A","3031092","2024-01-27 03:00","2024","01","27","03:00","","-2.7","","-8.4","","65","","","","","","0","","16.1","","88.70","","","","","","NA"
"-114.01","51.12","CALGARY INTL A","3031092","2024-01-27 04:00","2024","01","27","04:00","","-2.2","","-7.2","","68","","","","17","","7","","16.1","","88.67","","","","-5","","NA"
"-114.01","51.12","CALGARY INTL A","3031092","2024-01-27 05:00","2024","01","27","05:00","","-1.7","","-5.9","","73","","","","","","0","","16.1","","88.61","","","","","","Mostly Cloudy"
"-114.01","51.12","CALGARY INTL A","3031092","2024-01-27 06:00","2024","01","27","06:00","","1.3","","-5.3","","61","","","","","","0","","16.1","","88.62","","","","","","NA"
"-114.01","51.12","CALGARY INTL A","3031092","2024-01-27 07:00","2024","01","27","07:00","","7.2","","-4.3","","44","","","","27","","14","","16.1","","88.57","","","","","","NA"
"-114.01","51.12","CALGARY INTL A","3031092","2024-01-27 08:00","2024","01","27","08:00","","5.7","","-4.0","","50","","","","5","","9","","32.2","","88.63","","","","","","Mostly Cloudy"
"-114.01","51.12","CALGARY INTL A","3031092","2024-01-27 09:00","2024","01","27","09:00","","7.2","","-4.2","","44","","","","27","","30","","64.4","","88.69","","","","","","NA"
"-114.01","51.12","CALGARY INTL A","3031092","2024-01-27 10:00","2024","01","27","10:00","","8.1","","-4.2","","42","","","","27","","14","","64.4","","88.77","","","","","","NA"
"-114.01","51.12","CALGARY INTL A","3031092","2024-01-27 11:00","2024","01","27","11:00","","8.6","","-3.6","","42","","","","25","","8","","64.4","","88.81","","","","","","Mainly Clear"
"-114.01","51.12","CALGARY INTL A","3031092","2024-01-27 12:00","2024","01","27","12:00","","10.1","","-3.5","","38","","","","27","","14","","64.4","","88.77","","","","","","NA"
"-114.01","51.12","CALGARY INTL A","3031092","2024-01-27 13:00","2024","01","27","13:00","","10.5","","-3.2","","38","","","","30","","9","","64.4","","88.76","","","","","","NA"
"-114.01","51.12","CALGARY INTL A","3031092","2024-01-27 14:00","2024","01","27","14:00","","11.3","","-2.9","","37","","","","30","","6","","64.4","","88.77","","","","","","Mostly Cloudy"
"-114.01","51.12","CALGARY INTL A","3031092","2024-01-27 15:00","2024","01","27","15:00","","10.7","","-2.5","","40","","","","7","","8","","64.4","","88.81","","","","","","NA"
"-114.01","51.12","CALGARY INTL A","3031092","2024-01-27 16:00","2024","01","27","16:00","","10.8","","-2.3","","40","","","","27","","29","","48.3","","88.86","","","","","","NA"
"-114.01","51.12","CALGARY INTL A","3031092","2024-01-27 17:00","2024","01","27","17:00","","5.5","","-1.3","","62","","","","10","","20","","48.3","","88.87","","","","","","Cloudy"
"-114.01","51.12","CALGARY INTL A","3031092","2024-01-27 18:00","2024","01","27","18:00","","7.3","","-1.7","","53","","","","11","","9","","24.1","","88.84","","","","","","NA"
"-114.01","51.12","CALGARY INTL A","3031092","2024-01-27 19:00","2024","01","27","19:00","","5.9","","-1.4","","59","","","","18","","13","","24.1","","88.84","","","","","","NA"
"-114.01","51.12","CALGARY INTL A","3031092","2024-01-27 20:00","2024","01","27","20:00","","4.9","","-1.2","","65","","","","22","","9","","16.1","","88.82","","","","","","Mostly Cloudy"
"-114.01","51.12","CALGARY INTL A","3031092","2024-01-27 21:00","2024","01","27","21:00","","3.1","","-1.2","","74","","","","8","","13","","16.1","","88.78","","","","","","NA"
"-114.01","51.12","CALGARY INTL A","3031092","2024-01-27 22:00","2024","01","27","22:00","","4.8","","-1.4","","64","","","","21","","6","","16.1","","88.73","","","","","","NA"
"-114.01","51.12","CALGARY INTL A","3031092","2024-01-27 23:00","2024","01","27","23:00","","4.8","","-1.2","","65","","","","17","","8","","16.1","","88.75","","","","","","Mostly Cloudy"
"-114.01","51.12","CALGARY INTL A","3031092","2024-01-28 00:00","2024","01","28","00:00","","4.7","","-1.3","","65","","","","21","","13","","16.1","","88.70","","","","","","NA"
"-114.01","51.12","CALGARY INTL A","3031092","2024-01-28 01:00","2024","01","28","01:00","","4.9","","-1.2","","65","","","","21","","13","","16.1","","88.71","","","","","","NA"
"-114.01","51.12","CALGARY INTL A","3031092","2024-01-28 02:00","2024","01","28","02:00","","7.1","","-1.6","","54","","","","23","","11","","12.9","","88.69","","","","","","Mostly Cloudy"
"-114.01","51.12","CALGARY INTL A","3031092","2024-01-28 03:00","2024","01","28","03:00","","5.6","","-1.4","","61","","","","21","","14","","16.1","","88.72","","","","","","NA"
"-114.01","51.12","CALGARY INTL A","3031092","2024-01-28 04:00","2024","01","28","04:00","","8.0","","-1.5","","51","","","","23","","9","","16.1","","88.75","","","","","","NA"
"-114.01","51.12","CALGARY INTL A","3031092","2024-01-28 05:00","2024","01","28","05:00","","5.0","","-1.4","","63","","","","13","","5","","16.1","","88.73","","","","","","Mostly Cloudy"
"-114.01","51.12","CALGARY INTL A","3031092","2024-01-28 06:00","2024","01","28","06:00","","1.7","","-1.9","","77","","","","16","","6","","16.1","","88.72","","","","","","NA"
"-114.01","51.12","CALGARY INTL A","3031092","2024-01-28 07:00","2024","01","28","07:00","","1.8","","-2.0","","76","","","","16","","6","","24.1","","88.68","","","","","","NA"
"-114.01","51.12","CALGARY INTL A","3031092","2024-01-28 08:00","2024","01","28","08:00","","0.0","","-3.1","","80","","","","19","","6","","24.1","","88.68","","","","-2","","Mostly Cloudy"
"-114.01","51.12","CALGARY INTL A","3031092","2024-01-28 09:00","2024","01","28","09:00","","0.1","","-2.5","","82","","","","17","","10","","64.4","","88.72","","","","","","NA"
"-114.01","51.12","CALGARY INTL A","3031092","2024-01-28 10:00","2024","01","28","10:00","","4.4","","-1.8","","64","","","","22","","12","","64.4","","88.74","","","","","","NA"
"-114.01","51.12","CALGARY INTL A","3031092","2024-01-28 11:00","2024","01","28","11:00","","6.4","","-1.3","","58","","","","21","","11","","64.4","","88.74","","","","","","Mostly Cloudy"
"-114.01","51.12","CALGARY INTL A","3031092","2024-01-28 12:00","2024","01","28","12:00","","8.9","","-0.4","","52","","","","23","","7","","64.4","","88.74","","","","","","NA"
"-114.01","51.12","CALGARY INTL A","3031092","2024-01-28 13:00","2024","01","28","13:00","","9.1","","0.6","","55","","","","6","","8","","64.4","","88.81","","","","","","NA"
"-114.01","51.12","CALGARY INTL A","3031092","2024-01-28 14:00","2024","01","28","14:00","","11.2","","1.3","","50","","","","35","","4","","24.1","","88.89","","","","","","Mostly Cloudy"
"-114.01","51.12","CALGARY INTL A","3031092","2024-01-28 15:00","2024","01","28","15:00","","11.9","","0.3","","45","","","","28","","19","","24.1","","88.91","","","","","","NA"
"-114.01","51.12","CALGARY INTL A","3031092","2024-01-28 16:00","2024","01","28","16:00","","11.5","","0.6","","47","","","","28","","15","","24.1","","89.02","","","","","","NA"
"-114.01","51.12","CALGARY INTL A","3031092","2024-01-28 17:00","2024","01","28","17:00","","9.9","","0.3","","51","","","","30","","13","","24.1","","89.13","","","","","","Mainly Clear"
"-114.01","51.12","CALGARY INTL A","3031092","2024-01-28 18:00","2024","01","28","18:00","","5.3","","0.2","","69","","","","9","","17","","24.1","","89.17","","","","","","NA"
"-114.01","51.12","CALGARY INTL A","3031092","2024-01-28 19:00","2024","01","28","19:00","","4.2","","-0.1","","74","","","","","","0","","24.1","","89.28","","","","","","NA"
"-114.01","51.12","CALGARY INTL A","3031092","2024-01-28 20:00","2024","01","28","20:00","","3.7","","-0.9","","72","","","","2","","14","","24.1","","89.32","","","","","","Clear"
"-114.01","51.12","CALGARY INTL A","3031092","2024-01-28 21:00","2024","01","28","21:00","","3.0","","-0.1","","80","","","","4","","4","","24.1","","89.37","","","","","","NA"
"-114.01","51.12","CALGARY INTL A","3031092","2024-01-28 22:00","2024","01","28","22:00","","1.9","","-0.3","","85","","","","22","","3","","24.1","","89.41","","","","","","NA"
"-114.01","51.12","CALGARY INTL A","3031092","2024-01-28 23:00","2024","01","28","23:00","","1.1","","-1.0","","86","","","","23","","4","","24.1","","89.41","","","","","","Mainly Clear"
"-114.01","51.12","CALGARY INTL A","3031092","2024-01-29 00:00","2024","01","29","00:00","","4.7","","-0.6","","69","","","","23","","14","","24.1","","89.39","","","","","","NA"
"-114.01","51.12","CALGARY INTL A","3031092","2024-01-29 01:00","2024","01","29","01:00","","2.5","","-1.2","","76","","","","23","","6","","24.1","","89.40","","","","","","NA"
"-114.01","51.12","CALGARY INTL A","3031092","2024-01-29 02:00","2024","01","29","02:00","","-0.2","","-2.8","","83","","","","17","","7","","24.1","","89.33","","","","-3","","Mostly Cloudy"
"-114.01","51.12","CALGARY INTL A","3031092","2024-01-29 03:00","2024","01","29","03:00","","1.3","","-2.5","","76","","","","14","","10","","24.1","","89.31","","","","","","NA"
"-114.01","51.12","CALGARY INTL A","3031092","2024-01-29 04:00","2024","01","29","04:00","","0.5","","-2.8","","79","","","","13","","7","","24.1","","89.28","","","","","","NA"
"-114.01","51.12","CALGARY INTL A","3031092","2024-01-29 05:00","2024","01","29","05:00","","3.0","","-2.5","","67","","","","21","","6","","24.1","","89.21","","","","","","Mostly Cloudy"
"-114.01","51.12","CALGARY INTL A","3031092","2024-01-29 06:00","2024","01","29","06:00","","6.1","","-2.5","","54","","","","23","","10","","24.1","","89.14","","","","","","NA"
"-114.01","51.12","CALGARY INTL A","3031092","2024-01-29 07:00","2024","01","29","07:00","","5.9","","-2.1","","56","","","","23","","17","","24.1","","89.12","","","","","","NA"
"-114.01","51.12","CALGARY INTL A","3031092","2024-01-29 08:00","2024","01","29","08:00","","3.2","","-2.9","","65","","","","19","","10","","64.4","","89.10","","","","","","Mainly Clear"
"-114.01","51.12","CALGARY INTL A","3031092","2024-01-29 09:00","2024","01","29","09:00","","4.6","","-1.7","","63","","","","21","","13","","64.4","","89.12","","","","","","NA"
"-114.01","51.12","CALGARY INTL A","3031092","2024-01-29 10:00","2024","01","29","10:00","","7.4","","-1.3","","54","","","","20","","10","","24.1","","89.09","","","","","","NA"
"-114.01","51.12","CALGARY INTL A","3031092","2024-01-29 11:00","2024","01","29","11:00","","5.9","","-1.2","","60","","","","20","","11","","64.4","","89.09","","","","","","Mostly Cloudy"
"-114.01","51.12","CALGARY INTL A","3031092","2024-01-29 12:00","2024","01","29","12:00","","8.0","","-1.0","","53","","","","21","","10","","64.4","","89.06","","","","","","NA"
"-114.01","51.12","CALGARY INTL A","3031092","2024-01-29 13:00","2024","01","29","13:00","","8.1","","-0.7","","54","","","","21","","10","","64.4","","89.05","","","","","","NA"
"-114.01","51.12","CALGARY INTL A","3031092","2024-01-29 14:00","2024","01","29","14:00","","6.4","","-0.2","","63","","","","11","","8","","64.4","","89.02","","","","","","Cloudy"
"-114.01","51.12","CALGARY INTL A","3031092","2024-01-29 15:00","2024","01","29","15:00","","6.1","","0.6","","68","","","","18","","9","","64.4","","89.02","","","","","","NA"
"-114.01","51.12","CALGARY INTL A","3031092","2024-01-29 16:00","2024","01","29","16:00","","6.0","","0.9","","70","","","","20","","10","","24.1","","89.01","","","","","","NA"
"-114.01","51.12","CALGARY INTL A","3031092","2024-01-29 17:00","2024","01","29","17:00","","6.0","","0.3","","67","","","","20","","11","","24.1","","89.00","","","","","","Mostly Cloudy"
"-114.01","51.12","CALGARY INTL A","3031092","2024-01-29 18:00","2024","01","29","18:00","","7.0","","0.4","","63","","","","19","","9","","24.1","","89.02","","","","","","NA"
"-114.01","51.12","CALGARY INTL A","3031092","2024-01-29 19:00","2024","01","29","19:00","","8.4","","0.3","","57","","","","17","","8","","24.1","","89.00","","","","","","NA"
"-114.01","51.12","CALGARY INTL A","3031092","2024-01-29 20:00","2024","01","29","20:00","","4.8","","0.4","","73","","","","29","","5","","24.1","","88.95","","","","","","Mostly Cloudy"
"-114.01","51.12","CALGARY INTL A","3031092","2024-01-29 21:00","2024","01","29","21:00","","6.2","","0.0","","65","","","","14","","14","","24.1","","88.89","","","","","","NA"
"-114.01","51.12","CALGARY INTL A","3031092","2024-01-29 22:00","2024","01","29","22:00","","5.4","","0.2","","69","","","","","","0","","24.1","","88.84","","","","","","NA"
"-114.01","51.12","CALGARY INTL A","3031092","2024-01-29 23:00","2024","01","29","23:00","","4.7","","-0.4","","69","","","","19","","11","","24.1","","88.78","","","","","","Mostly Cloudy"
"-114.01","51.12","CALGARY INTL A","3031092","2024-01-30 00:00","2024","01","30","00:00","","6.0","","0.1","","66","","","","19","","20","","24.1","","88.71","","","","","","NA"
"-114.01","51.12","CALGARY INTL A","3031092","2024-01-30 01:00","2024","01","30","01:00","","3.9","","-0.6","","73","","","","18","","17","","24.1","","88.69","","","","","","NA"
"-114.01","51.12","CALGARY INTL A","3031092","2024-01-30 02:00","2024","01","30","02:00","","6.5","","-0.4","","62","","","","17","","7","","24.1","","88.57","","","","","","Mainly Clear"
"-114.01","51.12","CALGARY INTL A","3031092","2024-01-30 03:00","2024","01","30","03:00","","1.5","","-2.8","","73","","","","7","","5","","24.1","","88.51","","","","","","NA"
"-114.01","51.12","CALGARY INTL A","3031092","2024-01-30 04:00","2024","01","30","04:00","","4.6","","-0.2","","71","","","","13","","8","","24.1","","88.42","","","","","","NA"
"-114.01","51.12","CALGARY INTL A","3031092","2024-01-30 05:00","2024","01","30","05:00","","4.9","","-0.3","","69","","","","17","","12","","24.1","","88.29","","","","","","Mainly Clear"
"-114.01","51.12","CALGARY INTL A","3031092","2024-01-30 06:00","2024","01","30","06:00","","4.9","","-0.6","","68","","","","17","","5","","24.1","","88.22","","","","","","NA"
"-114.01","51.12","CALGARY INTL A","3031092","2024-01-30 07:00","2024","01","30","07:00","","9.1","","-0.2","","52","","","","21","","17","","24.1","","88.29","","","","","","NA"
"-114.01","51.12","CALGARY INTL A","3031092","2024-01-30 08:00","2024","01","30","08:00","","7.2","","-0.2","","60","","","","19","","12","","64.4","","88.31","","","","","","Mostly Cloudy"
"-114.01","51.12","CALGARY INTL A","3031092","2024-01-30 09:00","2024","01","30","09:00","","8.5","","0.1","","56","","","","24","","10","","64.4","","88.42","","","","","","NA"
"-114.01","51.12","CALGARY INTL A","3031092","2024-01-30 10:00","2024","01","30","10:00","","8.7","","-0.4","","52","","","","20","","15","","64.4","","88.48","","","","","","NA"
"-114.01","51.12","CALGARY INTL A","3031092","2024-01-30 11:00","2024","01","30","11:00","","10.3","","0.6","","51","","","","11","","10","","64.4","","88.58","","","","","","Mostly Cloudy"
"-114.01","51.12","CALGARY INTL A","3031092","2024-01-30 12:00","2024","01","30","12:00","","15.1","","-4.7","","25","","","","26","","9","","64.4","","88.57","","","","","","NA"
"-114.01","51.12","CALGARY INTL A","3031092","2024-01-30 13:00","2024","01","30","13:00","","11.9","","-0.2","","43","","","","13","","11","","64.4","","88.56","","","","","","NA"
"-114.01","51.12","CALGARY INTL A","3031092","2024-01-30 14:00","2024","01","30","14:00","","11.8","","-1.0","","41","","","","16","","13","","24.1","","88.49","","","","","","Mostly Cloudy"
"-114.01","51.12","CALGARY INTL A","3031092","2024-01-30 15:00","2024","01","30","15:00","","8.9","","-0.7","","51","","","","8","","11","","24.1","","88.46","","","","","","NA"
"-114.01","51.12","CALGARY INTL A","3031092","2024-01-30 16:00","2024","01","30","16:00","","11.2","","-2.4","","38","","","","19","","12","","24.1","","88.44","","","","","","NA"
"-114.01","51.12","CALGARY INTL A","3031092","2024-01-30 17:00","2024","01","30","17:00","","9.7","","-1.5","","45","","","","20","","8","","24.1","","88.40","","","","","","Cloudy"
"-114.01","51.12","CALGARY INTL A","3031092","2024-01-30 18:00","2024","01","30","18:00","","10.3","","-2.9","","39","","","","25","","11","","24.1","","88.45","","","","","","NA"
"-114.01","51.12","CALGARY INTL A","3031092","2024-01-30 19:00","2024","01","30","19:00","","6.7","","-2.5","","52","","","","4","","12","","24.1","","88.52","","","","","","NA"
"-114.01","51.12","CALGARY INTL A","3031092","2024-01-30 20:00","2024","01","30","20:00","","11.1","","-4.5","","33","","","","27","","18","","24.1","","88.56","","","","","","Mostly Cloudy"
"-114.01","51.12","CALGARY INTL A","3031092","2024-01-30 21:00","2024","01","30","21:00","","8.4","","-3.3","","43","","","","3","","14","","24.1","","88.55","","","","","","NA"
"-114.01","51.12","CALGARY INTL A","3031092","2024-01-30 22:00","2024","01","30","22:00","","10.4","","-4.0","","36","","","","35","","10","","24.1","","88.57","","","","","","NA"
"-114.01","51.12","CALGARY INTL A","3031092","2024-01-30 23:00","2024","01","30","23:00","","8.3","","-3.3","","44","","","","21","","8","","24.1","","88.54","","","","","","Mostly Cloudy"
"-114.01","51.12","CALGARY INTL A","3031092","2024-01-31 00:00","2024","01","31","00:00","","4.1","","-3.0","","60","","","","6","","3","","24.1","","88.52","","","","","","NA"
"-114.01","51.12","CALGARY INTL A","3031092","2024-01-31 01:00","2024","01","31","01:00","","4.5","","-1.8","","64","","","","2","","10","","24.1","","88.53","","","","","","NA"
"-114.01","51.12","CALGARY INTL A","3031092","2024-01-31 02:00","2024","01","31","02:00","","3.7","","-1.5","","69","","","","36","","9","","24.1","","88.49","","","","","","Clear"
"-114.01","51.12","CALGARY INTL A","3031092","2024-01-31 03:00","2024","01","31","03:00","","2.5","","-3.1","","67","","","","7","","7","","24.1","","88.57","","","","","","NA"
"-114.01","51.12","CALGARY INTL A","3031092","2024-01-31 04:00","2024","01","31","04:00","","0.4","","-3.3","","76","","","","36","","3","","24.1","","88.51","","","","","","NA"
"-114.01","51.12","CALGARY INTL A","3031092","2024-01-31 05:00","2024","01","31","05:00","","0.1","","-3.1","","79","","","","","","0","","24.1","","88.47","","","","","","Clear"
"-114.01","51.12","CALGARY INTL A","3031092","2024-01-31 06:00","2024","01","31","06:00","","-0.6","","-3.0","","84","","","","19","","7","","24.1","","88.43","","","","-3","","NA"
"-114.01","51.12","CALGARY INTL A","3031092","2024-01-31 07:00","2024","01","31","07:00","","-1.9","","-4.1","","85","","","","2","","6","","24.1","","88.37","","","","-4","","NA"
"-114.01","51.12","CALGARY INTL A","3031092","2024-01-31 08:00","2024","01","31","08:00","","-1.9","","-4.0","","86","","","","17","","4","","48.3","","88.36","","","","-3","","Mostly Cloudy"
"-114.01","51.12","CALGARY INTL A","3031092","2024-01-31 09:00","2024","01","31","09:00","","-1.3","","-3.5","","85","","","","","","0","","64.4","","88.34","","","","","","NA"
"-114.01","51.12","CALGARY INTL A","3031092","2024-01-31 10:00","2024","01","31","10:00","","1.0","","-2.2","","79","","","","4","","4","","64.4","","88.28","","","","","","NA"
"-114.01","51.12","CALGARY INTL A","3031092","2024-01-31 11:00","2024","01","31","11:00","","4.2","","-0.9","","69","","","","18","","6","","64.4","","88.22","","","","","","Mostly Cloudy"
"-114.01","51.12","CALGARY INTL A","3031092","2024-01-31 12:00","2024","01","31","12:00","","5.4","","-1.1","","63","","","","18","","12","","32.2","","88.17","","","","","","NA"
"-114.01","51.12","CALGARY INTL A","3031092","2024-01-31 13:00","2024","01","31","13:00","","5.9","","-0.9","","62","","","","20","","4","","32.2","","88.07","","","","","","NA"
"-114.01","51.12","CALGARY INTL A","3031092","2024-01-31 14:00","2024","01","31","14:00","","5.7","","0.5","","69","","","","17","","14","","48.3","","88.02","","","","","","Mostly Cloudy"
"-114.01","51.12","CALGARY INTL A","3031092","2024-01-31 15:00","2024","01","31","15:00","","6.5","","1.2","","69","","","","18","","7","","32.2","","87.96","","","","","","NA"
"-114.01","51.12","CALGARY INTL A","3031092","2024-01-31 16:00","2024","01","31","16:00","","5.9","","1.1","","71","","","","11","","6","","32.2","","87.91","","","","","","NA"
"-114.01","51.12","CALGARY INTL A","3031092","2024-01-31 17:00","2024","01","31","17:00","","6.0","","1.1","","70","","","","19","","11","","48.3","","87.85","","","","","","Cloudy"
"-114.01","51.12","CALGARY INTL A","3031092","2024-01-31 18:00","2024","01","31","18:00","","7.1","","0.4","","62","","","","18","","15","","24.1","","87.81","","","","","","NA"
"-114.01","51.12","CALGARY INTL A","3031092","2024-01-31 19:00","2024","01","31","19:00","","7.1","","-0.2","","60","","","","18","","15","","24.1","","87.77","","","","","","NA"
"-114.01","51.12","CALGARY INTL A","3031092","2024-01-31 20:00","2024","01","31","20:00","","6.6","","-0.1","","62","","","","18","","18","","24.1","","87.71","","","","","","Mainly Clear"
"-114.01","51.12","CALGARY INTL A","3031092","2024-01-31 21:00","2024","01","31","21:00","","6.9","","-0.4","","59","","","","19","","16","","24.1","","87.68","","","","","","NA"
"-114.01","51.12","CALGARY INTL A","3031092","2024-01-31 22:00","2024","01","31","22:00","","7.6","","-0.6","","56","","","","20","","7","","24.1","","87.67","","","","","","NA"
"-114.01","51.12","CALGARY INTL A","3031092","2024-01-31 23:00","2024","01","31","23:00","","6.5","","-0.8","","60","","","","21","","11","","24.1","","87.66","","","","","","Mainly Clear"
