"Longitude (x)","Latitude (y)","Station Name","Climate ID","Date/Time (LST)","Year","Month","Day","Time (LST)","Flag","Temp (°C)","Temp Flag","Dew Point Temp (°C)","Dew Point Temp Flag","Rel Hum (%)","Rel Hum Flag","Precip. Amount (mm)","Precip. Amount Flag","Wind Dir (10s deg)","Wind Dir Flag","Wind Spd (km/h)","Wind Spd Flag","Visibility (km)","Visibility Flag","Stn Press (kPa)","Stn Press Flag","Hmdx","Hmdx Flag","Wind Chill","Wind Chill Flag","Weather"
"-114.01","51.12","CALGARY INTL A","3031092","2024-09-01 00:00","2024","09","01","00:00","","15.1","","8.5","","65","","","","18","","8","","24.1","","89.54","","","","","","NA"
"-114.01","51.12","CALGARY INTL A","3031092","2024-09-01 01:00","2024","09","01","01:00","","13.8","","8.1","","68","","","","18","","14","","24.1","","89.52","","","","","","NA"
"-114.01","51.12","CALGARY INTL A","3031092","2024-09-01 02:00","2024","09","01","02:00","","12.8","","8.0","","73","","","","18","","13","","24.1","","89.46","","","","","","Clear"
"-114.01","51.12","CALGARY INTL A","3031092","2024-09-01 03:00","2024","09","01","03:00","","13.3","","8.4","","72","","","","22","","5","","24.1","","89.41","","","","","","NA"
"-114.01","51.12","CALGARY INTL A","3031092","2024-09-01 04:00","2024","09","01","04:00","","13.1","","8.2","","72","","","","23","","8","","24.1","","89.38","","","","","","NA"
"-114.01","51.12","CALGARY INTL A","3031092","2024-09-01 05:00","2024","09","01","05:00","","11.7","","8.1","","78","","","","21","","6","","24.1","","89.34","","","","","","Clear"
"-114.01","51.12","CALGARY INTL A","3031092","2024-09-01 06:00","2024","09","01","06:00","","10.6","","7.6","","82","","","","19","","7","","64.4","","89.31","","","","","","NA"
"-114.01","51.12","CALGARY INTL A","3031092","2024-09-01 07:00","2024","09","01","07:00","","12.3","","8.2","","76","","","","20","","8","","64.4","","89.29","","","","","","NA"
"-114.01","51.12","CALGARY INTL A","3031092","2024-09-01 08:00","2024","09","01","08:00","","15.7","","9.1","","64","","","","21","","3","","64.4","","89.27","","","","","","Mostly Cloudy"
"-114.01","51.12","CALGARY INTL A","3031092","2024-09-01 09:00","2024","09","01","09:00","","18.8","","10.2","","57","","","","20","","6","","64.4","","89.26","","","","","","NA"
"-114.01","51.12","CALGARY INTL A","3031092","2024-09-01 10:00","2024","09","01","10:00","","22.6","","11.0","","48","","","","20","","4","","64.4","","89.24","","","","","","NA"
"-114.01","51.12","CALGARY INTL A","3031092","2024-09-01 11:00","2024","09","01","11:00","","25.6","","10.6","","38","","","","17","","7","","64.4","","89.21","","27","","","","Mostly Cloudy"
"-114.01","51.12","CALGARY INTL A","3031092","2024-09-01 12:00","2024","09","01","12:00","","27.1","","10.5","","35","","","","18","","10","","64.4","","89.15","","29","","","","NA"
"-114.01","51.12","CALGARY INTL A","3031092","2024-09-01 13:00","2024","09","01","13:00","","28.5","","10.5","","32","","","","16","","12","","64.4","","89.10","","30","","","","NA"
"-114.01","51.12","CALGARY INTL A","3031092","2024-09-01 14:00","2024","09","01","14:00","","29.1","","6.8","","24","","","","19","","12","","24.1","","89.04","","29","","","","Mainly Clear"
"-114.01","51.12","CALGARY INTL A","3031092","2024-09-01 15:00","2024","09","01","15:00","","29.4","","5.5","","22","","","","12","","10","","24.1","","88.99","","29","","","","NA"
"-114.01","51.12","CALGARY INTL A","3031092","2024-09-01 16:00","2024","09","01","16:00","","29.7","","5.5","","21","","","","12","","8","","24.1","","88.95","","29","","","","NA"
"-114.01","51.12","CALGARY INTL A","3031092","2024-09-01 17:00","2024","09","01","17:00","","29.3","","7.5","","25","","","","21","","10","","24.1","","88.92","","30","","","","Mainly Clear"
"-114.01","51.12","CALGARY INTL A","3031092","2024-09-01 18:00","2024","09","01","18:00","","27.9","","7.8","","28","","","","18","","13","","24.1","","88.88","","28","","","","NA"
"-114.01","51.12","CALGARY INTL A","3031092","2024-09-01 19:00","2024","09","01","19:00","","26.1","","7.2","","30","","","","17","","9","","32.2","","88.88","","26","","","","NA"
"-114.01","51.12","CALGARY INTL A","3031092","2024-09-01 20:00","2024","09","01","20:00","","23.9","","10.7","","43","","","","14","","20","","24.1","","88.91","","26","","","","Clear"
"-114.01","51.12","CALGARY INTL A","3031092","2024-09-01 21:00","2024","09","01","21:00","","21.5","","11.0","","51","","","","19","","6","","24.1","","88.93","","","","","","NA"
"-114.01","51.12","CALGARY INTL A","3031092","2024-09-01 22:00","2024","09","01","22:00","","19.6","","10.3","","55","","","","20","","11","","24.1","","88.93","","","","","","NA"
"-114.01","51.12","CALGARY INTL A","3031092","2024-09-01 23:00","2024","09","01","23:00","","20.0","","9.7","","51","","","","21","","8","","24.1","","88.91","","","","","","Clear"
"-114.01","51.12","CALGARY INTL A","3031092","2024-09-02 00:00","2024","09","02","00:00","","18.4","","9.5","","56","","","","21","","10","","24.1","","88.89","","","","","","NA"
"-114.01","51.12","CALGARY INTL A","3031092","2024-09-02 01:00","2024","09","02","01:00","","17.3","","9.0","","58","","","","22","","4","","24.1","","88.89","","","","","","NA"
"-114.01","51.12","CALGARY INTL A","3031092","2024-09-02 02:00","2024","09","02","02:00","","15.3","","9.0","","66","","","","21","","3","","24.1","","88.87","","","","","","Clear"
"-114.01","51.12","CALGARY INTL A","3031092","2024-09-02 03:00","2024","09","02","03:00","","14.1","","7.0","","62","","","","22","","5","","24.1","","88.87","","","","","","NA"
"-114.01","51.12","CALGARY INTL A","3031092","2024-09-02 04:00","2024","09","02","04:00","","13.2","","6.3","","63","","","","20","","5","","24.1","","88.87","","","","","","NA"
"-114.01","51.12","CALGARY INTL A","3031092","2024-09-02 05:00","2024","09","02","05:00","","14.0","","5.9","","58","","","","15","","4","","24.1","","88.88","","","","","","Mainly Clear"
"-114.01","51.12","CALGARY INTL A","3031092","2024-09-02 06:00","2024","09","02","06:00","","14.4","","5.7","","56","","","","21","","3","","24.1","","88.89","","","","","","NA"
"-114.01","51.12","CALGARY INTL A","3031092","2024-09-02 07:00","2024","09","02","07:00","","14.6","","6.6","","58","","","","21","","5","","24.1","","88.90","","","","","","NA"
"-114.01","51.12","CALGARY INTL A","3031092","2024-09-02 08:00","2024","09","02","08:00","","17.8","","7.9","","52","","","","18","","7","","24.1","","88.90","","","","","","Mainly Clear"
"-114.01","51.12","CALGARY INTL A","3031092","2024-09-02 09:00","2024","09","02","09:00","","21.7","","8.1","","41","","","","21","","7","","12.9","","88.90","","","","","","NA"
"-114.01","51.12","CALGARY INTL A","3031092","2024-09-02 10:00","2024","09","02","10:00","","24.8","","10.4","","40","","","","20","","6","","12.9","","88.91","","26","","","","NA"
"-114.01","51.12","CALGARY INTL A","3031092","2024-09-02 11:00","2024","09","02","11:00","","26.5","","10.0","","35","","","","21","","10","","24.1","","88.88","","28","","","","Mostly Cloudy"
"-114.01","51.12","CALGARY INTL A","3031092","2024-09-02 12:00","2024","09","02","12:00","","28.6","","8.0","","27","","","","22","","4","","24.1","","88.83","","29","","","","NA"
"-114.01","51.12","CALGARY INTL A","3031092","2024-09-02 13:00","2024","09","02","13:00","","30.6","","6.7","","22","","","","13","","3","","24.1","","88.78","","30","","","","NA"
"-114.01","51.12","CALGARY INTL A","3031092","2024-09-02 14:00","2024","09","02","14:00","","30.9","","6.5","","21","","","","8","","4","","12.9","","88.77","","31","","","","Mostly Cloudy"
"-114.01","51.12","CALGARY INTL A","3031092","2024-09-02 15:00","2024","09","02","15:00","","29.7","","3.0","","18","","","","30","","23","","24.1","","88.76","","28","","","","NA"
"-114.01","51.12","CALGARY INTL A","3031092","2024-09-02 16:00","2024","09","02","16:00","","28.8","","4.8","","21","","","","30","","25","","24.1","","88.75","","28","","","","NA"
"-114.01","51.12","CALGARY INTL A","3031092","2024-09-02 17:00","2024","09","02","17:00","","26.3","","5.4","","26","","","","36","","21","","24.1","","88.72","","26","","","","Mostly Cloudy"
"-114.01","51.12","CALGARY INTL A","3031092","2024-09-02 18:00","2024","09","02","18:00","","26.4","","5.7","","26","","","","29","","13","","24.1","","88.73","","26","","","","NA"
"-114.01","51.12","CALGARY INTL A","3031092","2024-09-02 19:00","2024","09","02","19:00","","23.2","","8.2","","38","","","","6","","5","","24.1","","88.70","","","","","","NA"
"-114.01","51.12","CALGARY INTL A","3031092","2024-09-02 20:00","2024","09","02","20:00","","23.8","","7.3","","34","","","","","","0","","24.1","","88.73","","","","","","Cloudy"
"-114.01","51.12","CALGARY INTL A","3031092","2024-09-02 21:00","2024","09","02","21:00","","21.0","","9.3","","47","","","","35","","19","","24.1","","88.75","","","","","","NA"
"-114.01","51.12","CALGARY INTL A","3031092","2024-09-02 22:00","2024","09","02","22:00","","19.4","","10.1","","54","","","","34","","24","","24.1","","88.76","","","","","","Rain Showers"
"-114.01","51.12","CALGARY INTL A","3031092","2024-09-02 23:00","2024","09","02","23:00","","17.9","","11.4","","65","","","","1","","17","","24.1","","88.82","","","","","","Mostly Cloudy"
"-114.01","51.12","CALGARY INTL A","3031092","2024-09-03 00:00","2024","09","03","00:00","","18.4","","8.9","","53","","","","36","","23","","24.1","","88.82","","","","","","NA"
"-114.01","51.12","CALGARY INTL A","3031092","2024-09-03 01:00","2024","09","03","01:00","","18.2","","8.8","","54","","","","33","","25","","24.1","","88.87","","","","","","NA"
"-114.01","51.12","CALGARY INTL A","3031092","2024-09-03 02:00","2024","09","03","02:00","","18.0","","8.7","","54","","","","32","","16","","24.1","","88.85","","","","","","Mostly Cloudy"
"-114.01","51.12","CALGARY INTL A","3031092","2024-09-03 03:00","2024","09","03","03:00","","19.2","","7.8","","47","","","","30","","7","","24.1","","88.83","","","","","","NA"
"-114.01","51.12","CALGARY INTL A","3031092","2024-09-03 04:00","2024","09","03","04:00","","18.1","","8.5","","53","","","","34","","11","","24.1","","88.80","","","","","","NA"
"-114.01","51.12","CALGARY INTL A","3031092","2024-09-03 05:00","2024","09","03","05:00","","16.9","","9.1","","60","","","","35","","17","","24.1","","88.91","","","","","","Mostly Cloudy"
"-114.01","51.12","CALGARY INTL A","3031092","2024-09-03 06:00","2024","09","03","06:00","","16.2","","9.5","","64","","","","33","","28","","32.2","","89.02","","","","","","NA"
"-114.01","51.12","CALGARY INTL A","3031092","2024-09-03 07:00","2024","09","03","07:00","","15.9","","9.2","","64","","","","34","","30","","24.1","","89.07","","","","","","NA"
"-114.01","51.12","CALGARY INTL A","3031092","2024-09-03 08:00","2024","09","03","08:00","","16.4","","8.9","","61","","","","35","","13","","12.9","","89.17","","","","","","Mainly Clear"
"-114.01","51.12","CALGARY INTL A","3031092","2024-09-03 09:00","2024","09","03","09:00","","18.3","","10.2","","59","","","","36","","17","","12.9","","89.20","","","","","","NA"
"-114.01","51.12","CALGARY INTL A","3031092","2024-09-03 10:00","2024","09","03","10:00","","19.2","","10.2","","55","","","","3","","11","","12.9","","89.18","","","","","","NA"
"-114.01","51.12","CALGARY INTL A","3031092","2024-09-03 11:00","2024","09","03","11:00","","20.4","","10.3","","52","","","","4","","9","","12.9","","89.20","","","","","","Mainly Clear"
"-114.01","51.12","CALGARY INTL A","3031092","2024-09-03 12:00","2024","09","03","12:00","","22.3","","10.9","","48","","","","","","0","","16.1","","89.17","","","","","","NA"
"-114.01","51.12","CALGARY INTL A","3031092","2024-09-03 13:00","2024","09","03","13:00","","22.6","","10.9","","47","","","","24","","4","","16.1","","89.12","","","","","","NA"
"-114.01","51.12","CALGARY INTL A","3031092","2024-09-03 14:00","2024","09","03","14:00","","24.4","","9.6","","39","","","","14","","8","","12.9","","89.05","","25","","","","Mostly Cloudy"
"-114.01","51.12","CALGARY INTL A","3031092","2024-09-03 15:00","2024","09","03","15:00","","24.5","","8.6","","36","","","","14","","5","","12.9","","89.04","","25","","","","NA"
"-114.01","51.12","CALGARY INTL A","3031092","2024-09-03 16:00","2024","09","03","16:00","","24.8","","9.1","","36","","","","17","","5","","12.9","","89.03","","26","","","","NA"
"-114.01","51.12","CALGARY INTL A","3031092","2024-09-03 17:00","2024","09","03","17:00","","24.7","","9.2","","37","","","","16","","14","","12.9","","89.06","","26","","","","Mostly Cloudy"
"-114.01","51.12","CALGARY INTL A","3031092","2024-09-03 18:00","2024","09","03","18:00","","24.0","","9.3","","39","","","","16","","13","","12.9","","89.06","","25","","","","NA"
"-114.01","51.12","CALGARY INTL A","3031092","2024-09-03 19:00","2024","09","03","19:00","","22.1","","9.5","","44","","","","11","","13","","24.1","","89.11","","","","","","NA"
"-114.01","51.12","CALGARY INTL A","3031092","2024-09-03 20:00","2024","09","03","20:00","","20.0","","9.1","","49","","","","10","","12","","24.1","","89.16","","","","","","Mainly Clear"
"-114.01","51.12","CALGARY INTL A","3031092","2024-09-03 21:00","2024","09","03","21:00","","18.9","","9.0","","52","","","","13","","11","","24.1","","89.21","","","","","","NA"
"-114.01","51.12","CALGARY INTL A","3031092","2024-09-03 22:00","2024","09","03","22:00","","18.0","","9.0","","55","","","","3","","3","","24.1","","89.27","","","","","","NA"
"-114.01","51.12","CALGARY INTL A","3031092","2024-09-03 23:00","2024","09","03","23:00","","15.3","","9.4","","68","","","","35","","9","","24.1","","89.34","","","","","","Clear"
"-114.01","51.12","CALGARY INTL A","3031092","2024-09-04 00:00","2024","09","04","00:00","","14.5","","9.1","","70","","","","35","","18","","24.1","","89.45","","","","","","NA"
"-114.01","51.12","CALGARY INTL A","3031092","2024-09-04 01:00","2024","09","04","01:00","","14.5","","8.9","","69","","","","1","","23","","24.1","","89.55","","","","","","NA"
"-114.01","51.12","CALGARY INTL A","3031092","2024-09-04 02:00","2024","09","04","02:00","","13.3","","8.5","","72","","","","36","","20","","24.1","","89.67","","","","","","Clear"
"-114.01","51.12","CALGARY INTL A","3031092","2024-09-04 03:00","2024","09","04","03:00","","11.9","","8.4","","79","","","","34","","11","","24.1","","89.79","","","","","","NA"
"-114.01","51.12","CALGARY INTL A","3031092","2024-09-04 04:00","2024","09","04","04:00","","11.2","","8.3","","82","","","","33","","9","","24.1","","89.86","","","","","","NA"
"-114.01","51.12","CALGARY INTL A","3031092","2024-09-04 05:00","2024","09","04","05:00","","12.2","","8.6","","78","","","","30","","5","","24.1","","89.90","","","","","","Clear"
"-114.01","51.12","CALGARY INTL A","3031092","2024-09-04 06:00","2024","09","04","06:00","","13.4","","9.1","","75","","","","30","","6","","19.3","","89.96","","","","","","NA"
"-114.01","51.12","CALGARY INTL A","3031092","2024-09-04 07:00","2024","09","04","07:00","","13.2","","9.2","","77","","","","16","","4","","24.1","","90.01","","","","","","NA"
"-114.01","51.12","CALGARY INTL A","3031092","2024-09-04 08:00","2024","09","04","08:00","","14.6","","9.0","","69","","","","","","0","","24.1","","90.04","","","","","","Cloudy"
"-114.01","51.12","CALGARY INTL A","3031092","2024-09-04 09:00","2024","09","04","09:00","","15.3","","8.1","","62","","","","4","","4","","24.1","","90.12","","","","","","NA"
"-114.01","51.12","CALGARY INTL A","3031092","2024-09-04 10:00","2024","09","04","10:00","","16.4","","6.7","","53","","","","2","","4","","24.1","","90.15","","","","","","NA"
"-114.01","51.12","CALGARY INTL A","3031092","2024-09-04 11:00","2024","09","04","11:00","","17.0","","7.2","","52","","","","11","","3","","24.1","","90.16","","","","","","Cloudy"
"-114.01","51.12","CALGARY INTL A","3031092","2024-09-04 12:00","2024","09","04","12:00","","17.1","","6.9","","51","","","","13","","4","","24.1","","90.19","","","","","","NA"
"-114.01","51.12","CALGARY INTL A","3031092","2024-09-04 13:00","2024","09","04","13:00","","17.7","","6.8","","48","","","","2","","7","","24.1","","90.22","","","","","","NA"
"-114.01","51.12","CALGARY INTL A","3031092","2024-09-04 14:00","2024","09","04","14:00","","18.4","","7.0","","47","","","","7","","8","","24.1","","90.24","","","","","","Mostly Cloudy"
"-114.01","51.12","CALGARY INTL A","3031092","2024-09-04 15:00","2024","09","04","15:00","","17.5","","6.9","","49","","","","8","","11","","24.1","","90.26","","","","","","NA"
"-114.01","51.12","CALGARY INTL A","3031092","2024-09-04 16:00","2024","09","04","16:00","","17.1","","8.4","","56","","","","7","","17","","24.1","","90.28","","","","","","NA"
"-114.01","51.12","CALGARY INTL A","3031092","2024-09-04 17:00","2024","09","04","17:00","","16.6","","6.8","","52","","","","7","","17","","24.1","","90.28","","","","","","Cloudy"
"-114.01","51.12","CALGARY INTL A","3031092","2024-09-04 18:00","2024","09","04","18:00","","16.3","","6.0","","50","","","","8","","10","","24.1","","90.30","","","","","","NA"
"-114.01","51.12","CALGARY INTL A","3031092","2024-09-04 19:00","2024","09","04","19:00","","15.9","","5.2","","49","","","","10","","13","","24.1","","90.29","","","","","","NA"
"-114.01","51.12","CALGARY INTL A","3031092","2024-09-04 20:00","2024","09","04","20:00","","15.3","","5.5","","52","","","","11","","12","","24.1","","90.32","","","","","","Mostly Cloudy"
"-114.01","51.12","CALGARY INTL A","3031092","2024-09-04 21:00","2024","09","04","21:00","","15.0","","6.0","","55","","","","14","","9","","24.1","","90.34","","","","","","NA"
"-114.01","51.12","CALGARY INTL A","3031092","2024-09-04 22:00","2024","09","04","22:00","","13.5","","6.3","","61","","","","14","","7","","24.1","","90.32","","","","","","NA"
"-114.01","51.12","CALGARY INTL A","3031092","2024-09-04 23:00","2024","09","04","23:00","","12.4","","6.9","","69","","","","17","","9","","24.1","","90.33","","","","","","Clear"
"-114.01","51.12","CALGARY INTL A","3031092","2024-09-05 00:00","2024","09","05","00:00","","11.0","","6.9","","75","","","","17","","13","","24.1","","90.31","","","","","","NA"
"-114.01","51.12","CALGARY INTL A","3031092","2024-09-05 01:00","2024","09","05","01:00","","11.7","","6.7","","71","","","","19","","17","","24.1","","90.28","","","","","","NA"
"-114.01","51.12","CALGARY INTL A","3031092","2024-09-05 02:00","2024","09","05","02:00","","11.5","","6.6","","72","","","","19","","17","","24.1","","90.23","","","","","","Clear"
"-114.01","51.12","CALGARY INTL A","3031092","2024-09-05 03:00","2024","09","05","03:00","","9.7","","6.4","","80","","","","19","","11","","24.1","","90.21","","","","","","NA"
"-114.01","51.12","CALGARY INTL A","3031092","2024-09-05 04:00","2024","09","05","04:00","","10.3","","6.7","","78","","","","21","","7","","24.1","","90.18","","","","","","NA"
"-114.01","51.12","CALGARY INTL A","3031092","2024-09-05 05:00","2024","09","05","05:00","","9.5","","6.4","","81","","","","24","","7","","24.1","","90.16","","","","","","Clear"
"-114.01","51.12","CALGARY INTL A","3031092","2024-09-05 06:00","2024","09","05","06:00","","8.9","","6.2","","83","","","","23","","10","","32.2","","90.15","","","","","","NA"
"-114.01","51.12","CALGARY INTL A","3031092","2024-09-05 07:00","2024","09","05","07:00","","11.5","","7.0","","74","","","","21","","9","","48.3","","90.14","","","","","","NA"
"-114.01","51.12","CALGARY INTL A","3031092","2024-09-05 08:00","2024","09","05","08:00","","14.8","","8.0","","64","","","","23","","7","","48.3","","90.13","","","","","","Mainly Clear"
"-114.01","51.12","CALGARY INTL A","3031092","2024-09-05 09:00","2024","09","05","09:00","","17.2","","8.9","","58","","","","","","0","","48.3","","90.13","","","","","","NA"
"-114.01","51.12","CALGARY INTL A","3031092","2024-09-05 10:00","2024","09","05","10:00","","21.0","","9.0","","46","","","","","","0","","32.2","","90.12","","","","","","NA"
"-114.01","51.12","CALGARY INTL A","3031092","2024-09-05 11:00","2024","09","05","11:00","","23.1","","7.8","","37","","","","2","","5","","32.2","","90.11","","","","","","Mainly Clear"
"-114.01","51.12","CALGARY INTL A","3031092","2024-09-05 12:00","2024","09","05","12:00","","23.5","","6.4","","33","","","","5","","6","","32.2","","90.09","","","","","","NA"
"-114.01","51.12","CALGARY INTL A","3031092","2024-09-05 13:00","2024","09","05","13:00","","25.0","","7.4","","32","","","","8","","6","","32.2","","90.07","","25","","","","NA"
"-114.01","51.12","CALGARY INTL A","3031092","2024-09-05 14:00","2024","09","05","14:00","","25.6","","6.0","","28","","","","11","","4","","32.2","","90.03","","25","","","","Clear"
"-114.01","51.12","CALGARY INTL A","3031092","2024-09-05 15:00","2024","09","05","15:00","","26.6","","6.2","","27","","","","14","","8","","32.2","","89.97","","26","","","","NA"
"-114.01","51.12","CALGARY INTL A","3031092","2024-09-05 16:00","2024","09","05","16:00","","26.9","","5.7","","25","","","","18","","6","","32.2","","89.94","","26","","","","NA"
"-114.01","51.12","CALGARY INTL A","3031092","2024-09-05 17:00","2024","09","05","17:00","","26.5","","6.8","","28","","","","13","","8","","24.1","","89.92","","26","","","","Clear"
"-114.01","51.12","CALGARY INTL A","3031092","2024-09-05 18:00","2024","09","05","18:00","","25.0","","6.3","","30","","","","16","","17","","24.1","","89.88","","25","","","","NA"
"-114.01","51.12","CALGARY INTL A","3031092","2024-09-05 19:00","2024","09","05","19:00","","23.0","","7.1","","36","","","","14","","16","","32.2","","89.86","","","","","","NA"
"-114.01","51.12","CALGARY INTL A","3031092","2024-09-05 20:00","2024","09","05","20:00","","21.3","","6.9","","39","","","","15","","19","","24.1","","89.88","","","","","","Clear"
"-114.01","51.12","CALGARY INTL A","3031092","2024-09-05 21:00","2024","09","05","21:00","","18.4","","7.3","","48","","","","17","","14","","24.1","","89.86","","","","","","NA"
"-114.01","51.12","CALGARY INTL A","3031092","2024-09-05 22:00","2024","09","05","22:00","","17.1","","7.8","","54","","","","18","","10","","24.1","","89.83","","","","","","NA"
"-114.01","51.12","CALGARY INTL A","3031092","2024-09-05 23:00","2024","09","05","23:00","","16.8","","7.7","","55","","","","18","","9","","24.1","","89.79","","","","","","Clear"
"-114.01","51.12","CALGARY INTL A","3031092","2024-09-06 00:00","2024","09","06","00:00","","15.9","","8.1","","60","","","","17","","7","","24.1","","89.75","","","","","","NA"
"-114.01","51.12","CALGARY INTL A","3031092","2024-09-06 01:00","2024","09","06","01:00","","14.9","","8.0","","63","","","","18","","8","","24.1","","89.72","","","","","","NA"
"-114.01","51.12","CALGARY INTL A","3031092","2024-09-06 02:00","2024","09","06","02:00","","12.5","","7.8","","73","","","","20","","8","","24.1","","89.70","","","","","","Clear"
"-114.01","51.12","CALGARY INTL A","3031092","2024-09-06 03:00","2024","09","06","03:00","","12.3","","7.7","","73","","","","22","","13","","24.1","","89.68","","","","","","NA"
"-114.01","51.12","CALGARY INTL A","3031092","2024-09-06 04:00","2024","09","06","04:00","","11.4","","7.0","","74","","","","22","","10","","24.1","","89.65","","","","","","NA"
"-114.01","51.12","CALGARY INTL A","3031092","2024-09-06 05:00","2024","09","06","05:00","","10.4","","5.8","","73","","","","19","","8","","24.1","","89.61","","","","","","Clear"
"-114.01","51.12","CALGARY INTL A","3031092","2024-09-06 06:00","2024","09","06","06:00","","10.7","","5.0","","68","","","","18","","4","","32.2","","89.60","","","","","","NA"
"-114.01","51.12","CALGARY INTL A","3031092","2024-09-06 07:00","2024","09","06","07:00","","11.7","","6.0","","68","","","","16","","3","","64.4","","89.61","","","","","","NA"
"-114.01","51.12","CALGARY INTL A","3031092","2024-09-06 08:00","2024","09","06","08:00","","15.8","","6.6","","54","","","","19","","6","","64.4","","89.61","","","","","","Clear"
"-114.01","51.12","CALGARY INTL A","3031092","2024-09-06 09:00","2024","09","06","09:00","","20.0","","6.2","","40","","","","20","","7","","64.4","","89.59","","","","","","NA"
"-114.01","51.12","CALGARY INTL A","3031092","2024-09-06 10:00","2024","09","06","10:00","","23.7","","7.7","","36","","","","21","","6","","64.4","","89.59","","","","","","NA"
"-114.01","51.12","CALGARY INTL A","3031092","2024-09-06 11:00","2024","09","06","11:00","","26.6","","4.8","","24","","","","20","","7","","64.4","","89.56","","26","","","","Clear"
"-114.01","51.12","CALGARY INTL A","3031092","2024-09-06 12:00","2024","09","06","12:00","","28.6","","4.2","","21","","","","17","","8","","64.4","","89.52","","28","","","","NA"
"-114.01","51.12","CALGARY INTL A","3031092","2024-09-06 13:00","2024","09","06","13:00","","29.9","","0.2","","14","","","","13","","7","","48.3","","89.47","","28","","","","NA"
"-114.01","51.12","CALGARY INTL A","3031092","2024-09-06 14:00","2024","09","06","14:00","","30.8","","1.1","","15","","","","18","","12","","32.2","","89.42","","29","","","","Clear"
"-114.01","51.12","CALGARY INTL A","3031092","2024-09-06 15:00","2024","09","06","15:00","","31.3","","-1.2","","12","","","","21","","10","","32.2","","89.37","","29","","","","NA"
"-114.01","51.12","CALGARY INTL A","3031092","2024-09-06 16:00","2024","09","06","16:00","","31.6","","-0.4","","12","","","","18","","8","","32.2","","89.34","","29","","","","NA"
"-114.01","51.12","CALGARY INTL A","3031092","2024-09-06 17:00","2024","09","06","17:00","","30.9","","0.5","","14","","","","19","","13","","32.2","","89.30","","29","","","","Clear"
"-114.01","51.12","CALGARY INTL A","3031092","2024-09-06 18:00","2024","09","06","18:00","","29.3","","-0.4","","14","","","","16","","16","","32.2","","89.27","","27","","","","NA"
"-114.01","51.12","CALGARY INTL A","3031092","2024-09-06 19:00","2024","09","06","19:00","","26.6","","2.9","","21","","","","17","","10","","64.4","","89.26","","25","","","","NA"
"-114.01","51.12","CALGARY INTL A","3031092","2024-09-06 20:00","2024","09","06","20:00","","26.0","","2.6","","22","","","","19","","6","","64.4","","89.26","","25","","","","Clear"
"-114.01","51.12","CALGARY INTL A","3031092","2024-09-06 21:00","2024","09","06","21:00","","23.5","","3.4","","27","","","","","","0","","24.1","","89.25","","","","","","NA"
"-114.01","51.12","CALGARY INTL A","3031092","2024-09-06 22:00","2024","09","06","22:00","","21.1","","4.8","","34","","","","24","","6","","24.1","","89.23","","","","","","NA"
"-114.01","51.12","CALGARY INTL A","3031092","2024-09-06 23:00","2024","09","06","23:00","","17.4","","5.5","","45","","","","26","","5","","24.1","","89.24","","","","","","Clear"
"-114.01","51.12","CALGARY INTL A","3031092","2024-09-07 00:00","2024","09","07","00:00","","15.2","","6.0","","54","","","","19","","6","","24.1","","89.23","","","","","","NA"
"-114.01","51.12","CALGARY INTL A","3031092","2024-09-07 01:00","2024","09","07","01:00","","14.7","","4.0","","49","","","","18","","9","","24.1","","89.22","","","","","","NA"
"-114.01","51.12","CALGARY INTL A","3031092","2024-09-07 02:00","2024","09","07","02:00","","13.8","","4.2","","52","","","","17","","7","","24.1","","89.21","","","","","","Clear"
"-114.01","51.12","CALGARY INTL A","3031092","2024-09-07 03:00","2024","09","07","03:00","","11.8","","3.7","","57","","","","18","","9","","24.1","","89.22","","","","","","NA"
"-114.01","51.12","CALGARY INTL A","3031092","2024-09-07 04:00","2024","09","07","04:00","","12.9","","4.2","","55","","","","35","","3","","24.1","","89.23","","","","","","NA"
"-114.01","51.12","CALGARY INTL A","3031092","2024-09-07 05:00","2024","09","07","05:00","","12.5","","3.5","","54","","","","","","0","","24.1","","89.23","","","","","","Clear"
"-114.01","51.12","CALGARY INTL A","3031092","2024-09-07 06:00","2024","09","07","06:00","","11.3","","4.0","","61","","","","20","","7","","32.2","","89.22","","","","","","NA"
"-114.01","51.12","CALGARY INTL A","3031092","2024-09-07 07:00","2024","09","07","07:00","","13.0","","5.0","","58","","","","17","","3","","64.4","","89.24","","","","","","NA"
"-114.01","51.12","CALGARY INTL A","3031092","2024-09-07 08:00","2024","09","07","08:00","","17.4","","6.7","","49","","","","","","0","","64.4","","89.25","","","","","","Mainly Clear"
"-114.01","51.12","CALGARY INTL A","3031092","2024-09-07 09:00","2024","09","07","09:00","","20.9","","7.9","","43","","","","16","","8","","48.3","","89.24","","","","","","NA"
"-114.01","51.12","CALGARY INTL A","3031092","2024-09-07 10:00","2024","09","07","10:00","","25.7","","8.2","","32","","","","","","0","","48.3","","89.23","","26","","","","NA"
"-114.01","51.12","CALGARY INTL A","3031092","2024-09-07 11:00","2024","09","07","11:00","","28.9","","3.5","","19","","","","36","","5","","48.3","","89.21","","28","","","","Clear"
"-114.01","51.12","CALGARY INTL A","3031092","2024-09-07 12:00","2024","09","07","12:00","","28.9","","2.9","","18","","","","9","","6","","48.3","","89.16","","28","","","","NA"
"-114.01","51.12","CALGARY INTL A","3031092","2024-09-07 13:00","2024","09","07","13:00","","29.6","","3.5","","18","","","","18","","4","","32.2","","89.11","","28","","","","NA"
"-114.01","51.12","CALGARY INTL A","3031092","2024-09-07 14:00","2024","09","07","14:00","","30.1","","2.1","","16","","","","3","","6","","32.2","","89.08","","28","","","","Clear"
"-114.01","51.12","CALGARY INTL A","3031092","2024-09-07 15:00","2024","09","07","15:00","","30.1","","0.1","","14","","","","4","","4","","32.2","","89.03","","28","","","","NA"
"-114.01","51.12","CALGARY INTL A","3031092","2024-09-07 16:00","2024","09","07","16:00","","30.3","","-0.3","","14","","","","5","","9","","32.2","","89.00","","28","","","","NA"
"-114.01","51.12","CALGARY INTL A","3031092","2024-09-07 17:00","2024","09","07","17:00","","29.7","","1.6","","16","","","","7","","5","","32.2","","88.94","","28","","","","Clear"
"-114.01","51.12","CALGARY INTL A","3031092","2024-09-07 18:00","2024","09","07","18:00","","27.4","","4.5","","23","","","","11","","7","","32.2","","88.93","","27","","","","NA"
"-114.01","51.12","CALGARY INTL A","3031092","2024-09-07 19:00","2024","09","07","19:00","","26.7","","0.8","","18","","","","14","","9","","64.4","","88.92","","25","","","","NA"
"-114.01","51.12","CALGARY INTL A","3031092","2024-09-07 20:00","2024","09","07","20:00","","24.3","","1.3","","22","","","","13","","10","","64.4","","88.95","","","","","","Clear"
"-114.01","51.12","CALGARY INTL A","3031092","2024-09-07 21:00","2024","09","07","21:00","","20.6","","3.8","","33","","","","11","","12","","24.1","","88.97","","","","","","NA"
"-114.01","51.12","CALGARY INTL A","3031092","2024-09-07 22:00","2024","09","07","22:00","","21.2","","3.9","","32","","","","28","","4","","24.1","","88.98","","","","","","NA"
"-114.01","51.12","CALGARY INTL A","3031092","2024-09-07 23:00","2024","09","07","23:00","","19.1","","4.5","","38","","","","25","","3","","24.1","","88.99","","","","","","Clear"
"-114.01","51.12","CALGARY INTL A","3031092","2024-09-08 00:00","2024","09","08","00:00","","17.1","","5.1","","45","","","","6","","4","","24.1","","88.99","","","","","","NA"
"-114.01","51.12","CALGARY INTL A","3031092","2024-09-08 01:00","2024","09","08","01:00","","14.3","","5.4","","55","","","","","","0","","24.1","","88.97","","","","","","NA"
"-114.01","51.12","CALGARY INTL A","3031092","2024-09-08 02:00","2024","09","08","02:00","","13.2","","5.0","","57","","","","31","","3","","24.1","","88.97","","","","","","Clear"
"-114.01","51.12","CALGARY INTL A","3031092","2024-09-08 03:00","2024","09","08","03:00","","11.7","","4.6","","61","","","","","","0","","24.1","","88.97","","","","","","NA"
"-114.01","51.12","CALGARY INTL A","3031092","2024-09-08 04:00","2024","09","08","04:00","","12.3","","6.0","","65","","","","22","","3","","24.1","","88.97","","","","","","NA"
"-114.01","51.12","CALGARY INTL A","3031092","2024-09-08 05:00","2024","09","08","05:00","","11.7","","5.5","","66","","","","23","","5","","32.2","","88.97","","","","","","Clear"
"-114.01","51.12","CALGARY INTL A","3031092","2024-09-08 06:00","2024","09","08","06:00","","10.7","","5.3","","69","","","","33","","4","","32.2","","88.96","","","","","","NA"
"-114.01","51.12","CALGARY INTL A","3031092","2024-09-08 07:00","2024","09","08","07:00","","12.0","","5.6","","65","","","","","","0","","12.9","","88.97","","","","","","NA"
"-114.01","51.12","CALGARY INTL A","3031092","2024-09-08 08:00","2024","09","08","08:00","","15.7","","6.0","","52","","","","21","","4","","12.9","","88.97","","","","","","Clear"
"-114.01","51.12","CALGARY INTL A","3031092","2024-09-08 09:00","2024","09","08","09:00","","19.3","","6.4","","43","","","","","","0","","12.9","","88.95","","","","","","NA"
"-114.01","51.12","CALGARY INTL A","3031092","2024-09-08 10:00","2024","09","08","10:00","","23.3","","8.0","","37","","","","","","0","","12.9","","88.93","","","","","","NA"
"-114.01","51.12","CALGARY INTL A","3031092","2024-09-08 11:00","2024","09","08","11:00","","26.6","","7.2","","29","","","","13","","3","","14.5","","88.88","","27","","","","Mainly Clear"
"-114.01","51.12","CALGARY INTL A","3031092","2024-09-08 12:00","2024","09","08","12:00","","27.4","","6.5","","26","","","","19","","4","","14.5","","88.83","","27","","","","NA"
"-114.01","51.12","CALGARY INTL A","3031092","2024-09-08 13:00","2024","09","08","13:00","","28.8","","2.4","","18","","","","18","","8","","16.1","","88.76","","27","","","","NA"
"-114.01","51.12","CALGARY INTL A","3031092","2024-09-08 14:00","2024","09","08","14:00","","29.3","","1.2","","16","","","","15","","7","","16.1","","88.70","","27","","","","Mostly Cloudy"
"-114.01","51.12","CALGARY INTL A","3031092","2024-09-08 15:00","2024","09","08","15:00","","29.6","","-0.4","","14","","","","17","","8","","16.1","","88.65","","27","","","","NA"
"-114.01","51.12","CALGARY INTL A","3031092","2024-09-08 16:00","2024","09","08","16:00","","29.6","","1.1","","16","","","","17","","10","","16.1","","88.60","","28","","","","NA"
"-114.01","51.12","CALGARY INTL A","3031092","2024-09-08 17:00","2024","09","08","17:00","","27.5","","3.3","","21","","","","17","","12","","16.1","","88.56","","26","","","","Mostly Cloudy"
"-114.01","51.12","CALGARY INTL A","3031092","2024-09-08 18:00","2024","09","08","18:00","","26.3","","4.7","","24","","","","18","","10","","16.1","","88.51","","25","","","","NA"
"-114.01","51.12","CALGARY INTL A","3031092","2024-09-08 19:00","2024","09","08","19:00","","26.0","","3.3","","23","","","","19","","8","","12.9","","88.48","","25","","","","NA"
"-114.01","51.12","CALGARY INTL A","3031092","2024-09-08 20:00","2024","09","08","20:00","","24.4","","3.1","","25","","","","20","","9","","16.1","","88.49","","","","","","Mainly Clear"
"-114.01","51.12","CALGARY INTL A","3031092","2024-09-08 21:00","2024","09","08","21:00","","23.4","","4.0","","28","","","","20","","8","","16.1","","88.53","","","","","","NA"
"-114.01","51.12","CALGARY INTL A","3031092","2024-09-08 22:00","2024","09","08","22:00","","22.4","","4.5","","31","","","","23","","9","","16.1","","88.49","","","","","","NA"
"-114.01","51.12","CALGARY INTL A","3031092","2024-09-08 23:00","2024","09","08","23:00","","18.4","","6.0","","44","","","","18","","6","","16.1","","88.44","","","","","","Clear"
"-114.01","51.12","CALGARY INTL A","3031092","2024-09-09 00:00","2024","09","09","00:00","","17.8","","5.1","","43","","","","20","","4","","16.1","","88.42","","","","","","NA"
"-114.01","51.12","CALGARY INTL A","3031092","2024-09-09 01:00","2024","09","09","01:00","","16.5","","5.8","","49","","","","22","","11","","16.1","","88.37","","","","","","NA"
"-114.01","51.12","CALGARY INTL A","3031092","2024-09-09 02:00","2024","09","09","02:00","","16.0","","5.7","","50","","","","21","","12","","16.1","","88.31","","","","","","Clear"
"-114.01","51.12","CALGARY INTL A","3031092","2024-09-09 03:00","2024","09","09","03:00","","15.8","","5.7","","51","","","","20","","9","","16.1","","88.29","","","","","","NA"
"-114.01","51.12","CALGARY INTL A","3031092","2024-09-09 04:00","2024","09","09","04:00","","16.9","","5.4","","46","","","","22","","11","","16.1","","88.25","","","","","","NA"
"-114.01","51.12","CALGARY INTL A","3031092","2024-09-09 05:00","2024","09","09","05:00","","17.7","","5.0","","43","","","","22","","9","","16.1","","88.22","","","","","","Clear"
"-114.01","51.12","CALGARY INTL A","3031092","2024-09-09 06:00","2024","09","09","06:00","","14.7","","5.3","","53","","","","22","","8","","12.9","","88.20","","","","","","NA"
"-114.01","51.12","CALGARY INTL A","3031092","2024-09-09 07:00","2024","09","09","07:00","","14.4","","5.8","","56","","","","20","","9","","8.1","","88.18","","","","","","Smoke"
"-114.01","51.12","CALGARY INTL A","3031092","2024-09-09 08:00","2024","09","09","08:00","","19.5","","5.9","","41","","","","21","","8","","8.1","","88.18","","","","","","Smoke"
"-114.01","51.12","CALGARY INTL A","3031092","2024-09-09 09:00","2024","09","09","09:00","","21.6","","6.9","","38","","","","22","","10","","9.7","","88.18","","","","","","Smoke"
"-114.01","51.12","CALGARY INTL A","3031092","2024-09-09 10:00","2024","09","09","10:00","","24.3","","6.1","","31","","","","22","","10","","8.1","","88.21","","","","","","Smoke"
"-114.01","51.12","CALGARY INTL A","3031092","2024-09-09 11:00","2024","09","09","11:00","","27.4","","3.9","","22","","","","28","","28","","6.4","","88.23","","26","","","","Smoke"
"-114.01","51.12","CALGARY INTL A","3031092","2024-09-09 12:00","2024","09","09","12:00","","24.9","","9.7","","38","","","","36","","30","","6.4","","88.30","","26","","","","Smoke"
"-114.01","51.12","CALGARY INTL A","3031092","2024-09-09 13:00","2024","09","09","13:00","","16.6","","9.9","","64","","","","36","","37","","6.4","","88.41","","","","","","Smoke"
"-114.01","51.12","CALGARY INTL A","3031092","2024-09-09 14:00","2024","09","09","14:00","","16.4","","9.1","","62","","","","36","","36","","8.1","","88.48","","","","","","Smoke"
"-114.01","51.12","CALGARY INTL A","3031092","2024-09-09 15:00","2024","09","09","15:00","","16.3","","6.8","","53","","","","36","","34","","12.9","","88.60","","","","","","NA"
"-114.01","51.12","CALGARY INTL A","3031092","2024-09-09 16:00","2024","09","09","16:00","","17.1","","6.5","","49","","","","36","","30","","16.1","","88.69","","","","","","NA"
"-114.01","51.12","CALGARY INTL A","3031092","2024-09-09 17:00","2024","09","09","17:00","","16.4","","5.4","","48","","","","36","","31","","16.1","","88.75","","","","","","Cloudy"
"-114.01","51.12","CALGARY INTL A","3031092","2024-09-09 18:00","2024","09","09","18:00","","15.4","","6.2","","54","","","","36","","22","","12.9","","88.81","","","","","","NA"
"-114.01","51.12","CALGARY INTL A","3031092","2024-09-09 19:00","2024","09","09","19:00","","14.3","","3.8","","49","","","","36","","23","","16.1","","88.88","","","","","","NA"
"-114.01","51.12","CALGARY INTL A","3031092","2024-09-09 20:00","2024","09","09","20:00","","14.0","","4.9","","54","","","","33","","13","","16.1","","88.96","","","","","","Mostly Cloudy"
"-114.01","51.12","CALGARY INTL A","3031092","2024-09-09 21:00","2024","09","09","21:00","","13.7","","3.8","","51","","","","35","","8","","24.1","","89.01","","","","","","NA"
"-114.01","51.12","CALGARY INTL A","3031092","2024-09-09 22:00","2024","09","09","22:00","","13.9","","4.1","","51","","","","33","","16","","24.1","","89.07","","","","","","NA"
"-114.01","51.12","CALGARY INTL A","3031092","2024-09-09 23:00","2024","09","09","23:00","","12.8","","4.2","","55","","","","33","","19","","24.1","","89.14","","","","","","Cloudy"
"-114.01","51.12","CALGARY INTL A","3031092","2024-09-10 00:00","2024","09","10","00:00","","9.6","","7.4","","86","","","","1","","18","","19.3","","89.17","","","","","","NA"
"-114.01","51.12","CALGARY INTL A","3031092","2024-09-10 01:00","2024","09","10","01:00","","9.7","","7.8","","88","","","","1","","4","","11.3","","89.19","","","","","","Rain"
"-114.01","51.12","CALGARY INTL A","3031092","2024-09-10 02:00","2024","09","10","02:00","","9.8","","8.6","","92","","","","25","","7","","8.1","","89.22","","","","","","Rain,Fog"
"-114.01","51.12","CALGARY INTL A","3031092","2024-09-10 03:00","2024","09","10","03:00","","9.5","","7.8","","89","","","","","","0","","19.3","","89.19","","","","","","NA"
"-114.01","51.12","CALGARY INTL A","3031092","2024-09-10 04:00","2024","09","10","04:00","","9.3","","8.7","","96","","","","1","","10","","19.3","","89.17","","","","","","NA"
"-114.01","51.12","CALGARY INTL A","3031092","2024-09-10 05:00","2024","09","10","05:00","","9.2","","8.5","","95","","","","5","","7","","12.9","","89.16","","","","","","Rain"
"-114.01","51.12","CALGARY INTL A","3031092","2024-09-10 06:00","2024","09","10","06:00","","8.6","","7.6","","93","","","","14","","10","","12.9","","89.14","","","","","","NA"
"-114.01","51.12","CALGARY INTL A","3031092","2024-09-10 07:00","2024","09","10","07:00","","8.9","","7.4","","90","","","","15","","7","","12.9","","89.15","","","","","","NA"
"-114.01","51.12","CALGARY INTL A","3031092","2024-09-10 08:00","2024","09","10","08:00","","9.7","","6.3","","79","","","","15","","7","","12.9","","89.14","","","","","","Mostly Cloudy"
"-114.01","51.12","CALGARY INTL A","3031092","2024-09-10 09:00","2024","09","10","09:00","","10.2","","7.1","","81","","","","20","","9","","16.1","","89.11","","","","","","NA"
"-114.01","51.12","CALGARY INTL A","3031092","2024-09-10 10:00","2024","09","10","10:00","","11.0","","6.8","","75","","","","16","","14","","12.9","","89.07","","","","","","NA"
"-114.01","51.12","CALGARY INTL A","3031092","2024-09-10 11:00","2024","09","10","11:00","","11.6","","6.5","","71","","","","14","","17","","16.1","","88.99","","","","","","Cloudy"
"-114.01","51.12","CALGARY INTL A","3031092","2024-09-10 12:00","2024","09","10","12:00","","13.3","","5.9","","60","","","","13","","20","","16.1","","88.91","","","","","","NA"
"-114.01","51.12","CALGARY INTL A","3031092","2024-09-10 13:00","2024","09","10","13:00","","13.9","","6.1","","59","","","","18","","20","","16.1","","88.85","","","","","","NA"
"-114.01","51.12","CALGARY INTL A","3031092","2024-09-10 14:00","2024","09","10","14:00","","14.9","","5.4","","52","","","","19","","19","","24.1","","88.80","","","","","","Mostly Cloudy"
"-114.01","51.12","CALGARY INTL A","3031092","2024-09-10 15:00","2024","09","10","15:00","","16.7","","5.5","","47","","","","17","","17","","24.1","","88.74","","","","","","NA"
"-114.01","51.12","CALGARY INTL A","3031092","2024-09-10 16:00","2024","09","10","16:00","","15.9","","5.3","","49","","","","14","","14","","24.1","","88.69","","","","","","NA"
"-114.01","51.12","CALGARY INTL A","3031092","2024-09-10 17:00","2024","09","10","17:00","","15.8","","5.3","","49","","","","14","","16","","12.9","","88.68","","","","","","Cloudy"
"-114.01","51.12","CALGARY INTL A","3031092","2024-09-10 18:00","2024","09","10","18:00","","14.1","","8.2","","67","","","","7","","7","","11.3","","88.65","","","","","","NA"
"-114.01","51.12","CALGARY INTL A","3031092","2024-09-10 19:00","2024","09","10","19:00","","12.5","","9.7","","83","","","","11","","5","","14.5","","88.67","","","","","","Thunderstorms,Rain Showers"
"-114.01","51.12","CALGARY INTL A","3031092","2024-09-10 20:00","2024","09","10","20:00","","11.4","","9.4","","88","","","","4","","15","","12.9","","88.71","","","","","","Cloudy"
"-114.01","51.12","CALGARY INTL A","3031092","2024-09-10 21:00","2024","09","10","21:00","","11.0","","8.7","","86","","","","7","","13","","11.3","","88.71","","","","","","Rain Showers"
"-114.01","51.12","CALGARY INTL A","3031092","2024-09-10 22:00","2024","09","10","22:00","","10.0","","8.5","","90","","","","9","","18","","9.7","","88.67","","","","","","Moderate Rain Showers,Fog"
"-114.01","51.12","CALGARY INTL A","3031092","2024-09-10 23:00","2024","09","10","23:00","","10.0","","8.3","","89","","","","11","","15","","16.1","","88.63","","","","","","Rain Showers"
"-114.01","51.12","CALGARY INTL A","3031092","2024-09-11 00:00","2024","09","11","00:00","","10.1","","8.5","","89","","","","34","","8","","16.1","","88.66","","","","","","NA"
"-114.01","51.12","CALGARY INTL A","3031092","2024-09-11 01:00","2024","09","11","01:00","","10.0","","7.7","","86","","","","2","","8","","24.1","","88.60","","","","","","NA"
"-114.01","51.12","CALGARY INTL A","3031092","2024-09-11 02:00","2024","09","11","02:00","","9.7","","8.3","","91","","","","33","","8","","24.1","","88.59","","","","","","Mostly Cloudy"
"-114.01","51.12","CALGARY INTL A","3031092","2024-09-11 03:00","2024","09","11","03:00","","9.0","","7.9","","92","","","","34","","9","","24.1","","88.57","","","","","","NA"
"-114.01","51.12","CALGARY INTL A","3031092","2024-09-11 04:00","2024","09","11","04:00","","8.6","","7.4","","92","","","","1","","10","","24.1","","88.56","","","","","","NA"
"-114.01","51.12","CALGARY INTL A","3031092","2024-09-11 05:00","2024","09","11","05:00","","8.4","","7.4","","93","","","","35","","8","","24.1","","88.54","","","","","","Mostly Cloudy"
"-114.01","51.12","CALGARY INTL A","3031092","2024-09-11 06:00","2024","09","11","06:00","","8.5","","7.0","","91","","","","36","","10","","16.1","","88.50","","","","","","NA"
"-114.01","51.12","CALGARY INTL A","3031092","2024-09-11 07:00","2024","09","11","07:00","","8.9","","7.2","","89","","","","36","","12","","24.1","","88.48","","","","","","NA"
"-114.01","51.12","CALGARY INTL A","3031092","2024-09-11 08:00","2024","09","11","08:00","","9.7","","7.2","","84","","","","1","","14","","24.1","","88.46","","","","","","Mostly Cloudy"
"-114.01","51.12","CALGARY INTL A","3031092","2024-09-11 09:00","2024","09","11","09:00","","11.0","","7.7","","80","","","","36","","16","","14.5","","88.46","","","","","","NA"
"-114.01","51.12","CALGARY INTL A","3031092","2024-09-11 10:00","2024","09","11","10:00","","12.4","","8.0","","74","","","","2","","10","","14.5","","88.45","","","","","","NA"
"-114.01","51.12","CALGARY INTL A","3031092","2024-09-11 11:00","2024","09","11","11:00","","12.7","","7.3","","69","","","","36","","14","","24.1","","88.39","","","","","","Cloudy"
"-114.01","51.12","CALGARY INTL A","3031092","2024-09-11 12:00","2024","09","11","12:00","","12.8","","6.8","","67","","","","36","","15","","24.1","","88.35","","","","","","NA"
"-114.01","51.12","CALGARY INTL A","3031092","2024-09-11 13:00","2024","09","11","13:00","","13.6","","7.5","","66","","","","2","","11","","24.1","","88.38","","","","","","NA"
"-114.01","51.12","CALGARY INTL A","3031092","2024-09-11 14:00","2024","09","11","14:00","","12.4","","7.3","","71","","","","4","","17","","14.5","","88.33","","","","","","Rain"
"-114.01","51.12","CALGARY INTL A","3031092","2024-09-11 15:00","2024","09","11","15:00","","12.6","","8.0","","74","","","","1","","17","","14.5","","88.28","","","","","","NA"
"-114.01","51.12","CALGARY INTL A","3031092","2024-09-11 16:00","2024","09","11","16:00","","11.5","","8.6","","82","","","","35","","8","","8.1","","88.35","","","","","","Moderate Rain,Fog"
"-114.01","51.12","CALGARY INTL A","3031092","2024-09-11 17:00","2024","09","11","17:00","","11.6","","9.5","","87","","","","36","","13","","24.1","","88.29","","","","","","Cloudy"
"-114.01","51.12","CALGARY INTL A","3031092","2024-09-11 18:00","2024","09","11","18:00","","11.3","","9.3","","88","","","","34","","13","","24.1","","88.30","","","","","","NA"
"-114.01","51.12","CALGARY INTL A","3031092","2024-09-11 19:00","2024","09","11","19:00","","11.2","","8.7","","84","","","","33","","10","","24.1","","88.28","","","","","","NA"
"-114.01","51.12","CALGARY INTL A","3031092","2024-09-11 20:00","2024","09","11","20:00","","11.2","","8.7","","84","","","","34","","10","","24.1","","88.31","","","","","","Cloudy"
"-114.01","51.12","CALGARY INTL A","3031092","2024-09-11 21:00","2024","09","11","21:00","","10.9","","9.0","","88","","","","34","","13","","24.1","","88.31","","","","","","NA"
"-114.01","51.12","CALGARY INTL A","3031092","2024-09-11 22:00","2024","09","11","22:00","","10.8","","9.1","","89","","","","35","","17","","24.1","","88.27","","","","","","NA"
"-114.01","51.12","CALGARY INTL A","3031092","2024-09-11 23:00","2024","09","11","23:00","","10.8","","9.1","","89","","","","33","","16","","24.1","","88.27","","","","","","Cloudy"
"-114.01","51.12","CALGARY INTL A","3031092","2024-09-12 00:00","2024","09","12","00:00","","10.7","","9.2","","90","","","","34","","14","","16.1","","88.29","","","","","","NA"
"-114.01","51.12","CALGARY INTL A","3031092","2024-09-12 01:00","2024","09","12","01:00","","10.7","","9.1","","90","","","","35","","16","","16.1","","88.20","","","","","","NA"
"-114.01","51.12","CALGARY INTL A","3031092","2024-09-12 02:00","2024","09","12","02:00","","10.6","","9.2","","91","","","","34","","17","","16.1","","88.20","","","","","","Cloudy"
"-114.01","51.12","CALGARY INTL A","3031092","2024-09-12 03:00","2024","09","12","03:00","","10.5","","9.2","","91","","","","34","","19","","12.9","","88.12","","","","","","NA"
"-114.01","51.12","CALGARY INTL A","3031092","2024-09-12 04:00","2024","09","12","04:00","","10.3","","9.1","","92","","","","34","","24","","9.7","","88.12","","","","","","Rain"
"-114.01","51.12","CALGARY INTL A","3031092","2024-09-12 05:00","2024","09","12","05:00","","10.0","","9.4","","96","","","","34","","21","","8.1","","88.11","","","","","","Rain,Fog"
"-114.01","51.12","CALGARY INTL A","3031092","2024-09-12 06:00","2024","09","12","06:00","","9.8","","9.3","","96","","","","33","","11","","6.4","","88.19","","","","","","Moderate Rain,Fog"
"-114.01","51.12","CALGARY INTL A","3031092","2024-09-12 07:00","2024","09","12","07:00","","9.5","","9.2","","98","","","","34","","21","","3.6","","88.21","","","","","","Moderate Rain,Fog"
"-114.01","51.12","CALGARY INTL A","3031092","2024-09-12 08:00","2024","09","12","08:00","","9.4","","8.9","","96","","","","34","","23","","6.4","","88.22","","","","","","Moderate Rain,Fog"
"-114.01","51.12","CALGARY INTL A","3031092","2024-09-12 09:00","2024","09","12","09:00","","9.3","","8.7","","96","","","","34","","33","","3.6","","88.20","","","","","","Moderate Rain,Fog"
"-114.01","51.12","CALGARY INTL A","3031092","2024-09-12 10:00","2024","09","12","10:00","","9.4","","8.7","","95","","","","34","","29","","4.0","","88.25","","","","","","Moderate Rain,Fog"
"-114.01","51.12","CALGARY INTL A","3031092","2024-09-12 11:00","2024","09","12","11:00","","9.4","","8.8","","96","","","","34","","24","","6.4","","88.27","","","","","","Rain,Fog"
"-114.01","51.12","CALGARY INTL A","3031092","2024-09-12 12:00","2024","09","12","12:00","","9.7","","9.1","","96","","","","34","","26","","6.4","","88.27","","","","","","Rain,Fog"
"-114.01","51.12","CALGARY INTL A","3031092","2024-09-12 13:00","2024","09","12","13:00","","9.8","","9.0","","95","","","","34","","27","","6.4","","88.28","","","","","","Moderate Rain,Fog"
"-114.01","51.12","CALGARY INTL A","3031092","2024-09-12 14:00","2024","09","12","14:00","","9.7","","8.8","","94","","","","35","","27","","6.4","","88.28","","","","","","Rain,Fog"
"-114.01","51.12","CALGARY INTL A","3031092","2024-09-12 15:00","2024","09","12","15:00","","9.9","","9.1","","95","","","","34","","26","","6.4","","88.28","","","","","","Rain,Fog"
"-114.01","51.12","CALGARY INTL A","3031092","2024-09-12 16:00","2024","09","12","16:00","","9.8","","8.8","","93","","","","35","","34","","8.1","","88.31","","","","","","Rain,Fog"
"-114.01","51.12","CALGARY INTL A","3031092","2024-09-12 17:00","2024","09","12","17:00","","9.9","","8.8","","93","","","","34","","34","","9.7","","88.33","","","","","","Rain,Fog"
"-114.01","51.12","CALGARY INTL A","3031092","2024-09-12 18:00","2024","09","12","18:00","","10.1","","9.1","","94","","","","35","","21","","9.7","","88.36","","","","","","Rain,Fog"
"-114.01","51.12","CALGARY INTL A","3031092","2024-09-12 19:00","2024","09","12","19:00","","10.2","","9.0","","93","","","","34","","31","","8.1","","88.38","","","","","","Rain,Fog"
"-114.01","51.12","CALGARY INTL A","3031092","2024-09-12 20:00","2024","09","12","20:00","","10.1","","9.1","","94","","","","34","","25","","8.1","","88.41","","","","","","Rain,Fog"
"-114.01","51.12","CALGARY INTL A","3031092","2024-09-12 21:00","2024","09","12","21:00","","10.2","","9.2","","94","","","","34","","25","","9.7","","88.42","","","","","","Rain,Fog"
"-114.01","51.12","CALGARY INTL A","3031092","2024-09-12 22:00","2024","09","12","22:00","","10.2","","9.1","","93","","","","34","","23","","8.1","","88.41","","","","","","Rain,Fog"
"-114.01","51.12","CALGARY INTL A","3031092","2024-09-12 23:00","2024","09","12","23:00","","10.6","","8.8","","89","","","","34","","25","","9.7","","88.39","","","","","","Rain,Fog"
"-114.01","51.12","CALGARY INTL A","3031092","2024-09-13 00:00","2024","09","13","00:00","","10.7","","8.9","","89","","","","34","","26","","12.9","","88.37","","","","","","Rain"
"-114.01","51.12","CALGARY INTL A","3031092","2024-09-13 01:00","2024","09","13","01:00","","10.7","","8.7","","88","","","","34","","23","","16.1","","88.35","","","","","","NA"
"-114.01","51.12","CALGARY INTL A","3031092","2024-09-13 02:00","2024","09","13","02:00","","10.6","","8.7","","88","","","","34","","23","","16.1","","88.34","","","","","","Mostly Cloudy"
"-114.01","51.12","CALGARY INTL A","3031092","2024-09-13 03:00","2024","09","13","03:00","","10.4","","8.4","","87","","","","33","","21","","16.1","","88.33","","","","","","NA"
"-114.01","51.12","CALGARY INTL A","3031092","2024-09-13 04:00","2024","09","13","04:00","","10.3","","8.1","","86","","","","34","","23","","16.1","","88.35","","","","","","NA"
"-114.01","51.12","CALGARY INTL A","3031092","2024-09-13 05:00","2024","09","13","05:00","","10.1","","7.8","","85","","","","33","","18","","16.1","","88.35","","","","","","Cloudy"
"-114.01","51.12","CALGARY INTL A","3031092","2024-09-13 06:00","2024","09","13","06:00","","10.2","","6.9","","80","","","","31","","21","","32.2","","88.35","","","","","","NA"
"-114.01","51.12","CALGARY INTL A","3031092","2024-09-13 07:00","2024","09","13","07:00","","10.3","","5.8","","73","","","","31","","19","","64.4","","88.37","","","","","","NA"
"-114.01","51.12","CALGARY INTL A","3031092","2024-09-13 08:00","2024","09","13","08:00","","11.3","","5.4","","67","","","","32","","23","","64.4","","88.37","","","","","","Mostly Cloudy"
"-114.01","51.12","CALGARY INTL A","3031092","2024-09-13 09:00","2024","09","13","09:00","","12.9","","5.9","","62","","","","33","","31","","64.4","","88.38","","","","","","NA"
"-114.01","51.12","CALGARY INTL A","3031092","2024-09-13 10:00","2024","09","13","10:00","","14.8","","6.5","","57","","","","34","","32","","48.3","","88.39","","","","","","NA"
"-114.01","51.12","CALGARY INTL A","3031092","2024-09-13 11:00","2024","09","13","11:00","","16.3","","5.1","","47","","","","32","","26","","64.4","","88.36","","","","","","Mostly Cloudy"
"-114.01","51.12","CALGARY INTL A","3031092","2024-09-13 12:00","2024","09","13","12:00","","17.0","","5.1","","45","","","","32","","22","","64.4","","88.33","","","","","","NA"
"-114.01","51.12","CALGARY INTL A","3031092","2024-09-13 13:00","2024","09","13","13:00","","18.6","","5.1","","41","","","","31","","19","","64.4","","88.31","","","","","","NA"
"-114.01","51.12","CALGARY INTL A","3031092","2024-09-13 14:00","2024","09","13","14:00","","19.2","","6.5","","43","","","","30","","3","","64.4","","88.29","","","","","","Mostly Cloudy"
"-114.01","51.12","CALGARY INTL A","3031092","2024-09-13 15:00","2024","09","13","15:00","","18.5","","4.5","","39","","","","34","","8","","48.3","","88.27","","","","","","NA"
"-114.01","51.12","CALGARY INTL A","3031092","2024-09-13 16:00","2024","09","13","16:00","","17.6","","5.8","","45","","","","6","","14","","48.3","","88.29","","","","","","NA"
"-114.01","51.12","CALGARY INTL A","3031092","2024-09-13 17:00","2024","09","13","17:00","","17.8","","6.5","","47","","","","7","","8","","32.2","","88.30","","","","","","Mostly Cloudy"
"-114.01","51.12","CALGARY INTL A","3031092","2024-09-13 18:00","2024","09","13","18:00","","16.1","","6.2","","52","","","","11","","12","","32.2","","88.33","","","","","","NA"
"-114.01","51.12","CALGARY INTL A","3031092","2024-09-13 19:00","2024","09","13","19:00","","15.2","","6.3","","55","","","","12","","13","","24.1","","88.37","","","","","","NA"
"-114.01","51.12","CALGARY INTL A","3031092","2024-09-13 20:00","2024","09","13","20:00","","14.9","","7.2","","60","","","","14","","13","","16.1","","88.43","","","","","","Mostly Cloudy"
"-114.01","51.12","CALGARY INTL A","3031092","2024-09-13 21:00","2024","09","13","21:00","","14.1","","7.0","","62","","","","20","","5","","24.1","","88.43","","","","","","NA"
"-114.01","51.12","CALGARY INTL A","3031092","2024-09-13 22:00","2024","09","13","22:00","","13.2","","7.4","","68","","","","20","","4","","24.1","","88.45","","","","","","NA"
"-114.01","51.12","CALGARY INTL A","3031092","2024-09-13 23:00","2024","09","13","23:00","","11.4","","7.2","","76","","","","","","0","","16.1","","88.44","","","","","","Mainly Clear"
"-114.01","51.12","CALGARY INTL A","3031092","2024-09-14 00:00","2024","09","14","00:00","","9.8","","6.8","","81","","","","6","","4","","24.1","","88.41","","","","","","NA"
"-114.01","51.12","CALGARY INTL A","3031092","2024-09-14 01:00","2024","09","14","01:00","","9.4","","7.0","","85","","","","","","0","","16.1","","88.39","","","","","","NA"
"-114.01","51.12","CALGARY INTL A","3031092","2024-09-14 02:00","2024","09","14","02:00","","9.3","","7.0","","85","","","","","","0","","16.1","","88.35","","","","","","Mostly Cloudy"
"-114.01","51.12","CALGARY INTL A","3031092","2024-09-14 03:00","2024","09","14","03:00","","9.0","","6.9","","87","","","","19","","5","","16.1","","88.32","","","","","","NA"
"-114.01","51.12","CALGARY INTL A","3031092","2024-09-14 04:00","2024","09","14","04:00","","8.4","","6.6","","88","","","","19","","6","","16.1","","88.29","","","","","","NA"
"-114.01","51.12","CALGARY INTL A","3031092","2024-09-14 05:00","2024","09","14","05:00","","6.9","","5.6","","92","","","","19","","10","","24.1","","88.27","","","","","","Mainly Clear"
"-114.01","51.12","CALGARY INTL A","3031092","2024-09-14 06:00","2024","09","14","06:00","","6.8","","5.7","","93","","","","19","","7","","16.1","","88.25","","","","","","NA"
"-114.01","51.12","CALGARY INTL A","3031092","2024-09-14 07:00","2024","09","14","07:00","","8.8","","6.6","","86","","","","20","","9","","24.1","","88.26","","","","","","NA"
"-114.01","51.12","CALGARY INTL A","3031092","2024-09-14 08:00","2024","09","14","08:00","","9.9","","7.2","","83","","","","20","","8","","32.2","","88.24","","","","","","Mostly Cloudy"
"-114.01","51.12","CALGARY INTL A","3031092","2024-09-14 09:00","2024","09","14","09:00","","11.8","","6.4","","69","","","","20","","10","","32.2","","88.21","","","","","","NA"
"-114.01","51.12","CALGARY INTL A","3031092","2024-09-14 10:00","2024","09","14","10:00","","13.1","","5.6","","60","","","","21","","17","","24.1","","88.21","","","","","","NA"
"-114.01","51.12","CALGARY INTL A","3031092","2024-09-14 11:00","2024","09","14","11:00","","15.1","","7.2","","59","","","","22","","13","","24.1","","88.20","","","","","","Mostly Cloudy"
"-114.01","51.12","CALGARY INTL A","3031092","2024-09-14 12:00","2024","09","14","12:00","","14.8","","8.1","","64","","","","26","","11","","24.1","","88.23","","","","","","Rain"
"-114.01","51.12","CALGARY INTL A","3031092","2024-09-14 13:00","2024","09","14","13:00","","14.6","","7.6","","63","","","","31","","5","","48.3","","88.24","","","","","","NA"
"-114.01","51.12","CALGARY INTL A","3031092","2024-09-14 14:00","2024","09","14","14:00","","14.4","","8.5","","67","","","","35","","17","","48.3","","88.28","","","","","","Rain Showers"
"-114.01","51.12","CALGARY INTL A","3031092","2024-09-14 15:00","2024","09","14","15:00","","14.1","","9.2","","72","","","","3","","18","","48.3","","88.26","","","","","","Rain Showers"
"-114.01","51.12","CALGARY INTL A","3031092","2024-09-14 16:00","2024","09","14","16:00","","14.8","","7.9","","63","","","","2","","18","","32.2","","88.29","","","","","","NA"
"-114.01","51.12","CALGARY INTL A","3031092","2024-09-14 17:00","2024","09","14","17:00","","14.2","","9.7","","74","","","","36","","18","","32.2","","88.33","","","","","","Rain Showers"
"-114.01","51.12","CALGARY INTL A","3031092","2024-09-14 18:00","2024","09","14","18:00","","12.7","","9.1","","79","","","","2","","8","","24.1","","88.33","","","","","","NA"
"-114.01","51.12","CALGARY INTL A","3031092","2024-09-14 19:00","2024","09","14","19:00","","10.5","","8.5","","87","","","","1","","9","","24.1","","88.39","","","","","","NA"
"-114.01","51.12","CALGARY INTL A","3031092","2024-09-14 20:00","2024","09","14","20:00","","10.5","","8.6","","88","","","","32","","7","","24.1","","88.43","","","","","","Mainly Clear"
"-114.01","51.12","CALGARY INTL A","3031092","2024-09-14 21:00","2024","09","14","21:00","","9.3","","7.4","","88","","","","32","","3","","24.1","","88.48","","","","","","NA"
"-114.01","51.12","CALGARY INTL A","3031092","2024-09-14 22:00","2024","09","14","22:00","","10.0","","7.4","","84","","","","30","","5","","24.1","","88.52","","","","","","NA"
"-114.01","51.12","CALGARY INTL A","3031092","2024-09-14 23:00","2024","09","14","23:00","","7.2","","6.2","","93","","","","33","","5","","24.1","","88.58","","","","","","Mainly Clear"
"-114.01","51.12","CALGARY INTL A","3031092","2024-09-15 00:00","2024","09","15","00:00","","7.3","","6.3","","94","","","","29","","5","","24.1","","88.59","","","","","","NA"
"-114.01","51.12","CALGARY INTL A","3031092","2024-09-15 01:00","2024","09","15","01:00","","6.9","","6.0","","94","","","","21","","7","","24.1","","88.61","","","","","","NA"
"-114.01","51.12","CALGARY INTL A","3031092","2024-09-15 02:00","2024","09","15","02:00","","5.9","","5.1","","95","","","","19","","9","","24.1","","88.63","","","","","","Mainly Clear"
"-114.01","51.12","CALGARY INTL A","3031092","2024-09-15 03:00","2024","09","15","03:00","","6.3","","5.6","","95","","","","","","0","","24.1","","88.66","","","","","","NA"
"-114.01","51.12","CALGARY INTL A","3031092","2024-09-15 04:00","2024","09","15","04:00","","5.5","","4.8","","95","","","","","","0","","24.1","","88.69","","","","","","NA"
"-114.01","51.12","CALGARY INTL A","3031092","2024-09-15 05:00","2024","09","15","05:00","","4.7","","3.2","","90","","","","5","","8","","24.1","","88.72","","","","","","Clear"
"-114.01","51.12","CALGARY INTL A","3031092","2024-09-15 06:00","2024","09","15","06:00","","4.5","","3.8","","95","","","","2","","3","","32.2","","88.76","","","","","","NA"
"-114.01","51.12","CALGARY INTL A","3031092","2024-09-15 07:00","2024","09","15","07:00","","6.5","","4.3","","86","","","","30","","5","","24.1","","88.82","","","","","","NA"
"-114.01","51.12","CALGARY INTL A","3031092","2024-09-15 08:00","2024","09","15","08:00","","7.9","","5.5","","85","","","","22","","5","","24.1","","88.87","","","","","","Mostly Cloudy"
"-114.01","51.12","CALGARY INTL A","3031092","2024-09-15 09:00","2024","09","15","09:00","","10.7","","6.9","","77","","","","","","0","","24.1","","88.90","","","","","","NA"
"-114.01","51.12","CALGARY INTL A","3031092","2024-09-15 10:00","2024","09","15","10:00","","12.7","","6.8","","67","","","","35","","8","","64.4","","88.92","","","","","","NA"
"-114.01","51.12","CALGARY INTL A","3031092","2024-09-15 11:00","2024","09","15","11:00","","14.2","","6.5","","60","","","","34","","6","","64.4","","88.93","","","","","","Mostly Cloudy"
"-114.01","51.12","CALGARY INTL A","3031092","2024-09-15 12:00","2024","09","15","12:00","","15.4","","7.0","","57","","","","1","","6","","24.1","","88.92","","","","","","NA"
"-114.01","51.12","CALGARY INTL A","3031092","2024-09-15 13:00","2024","09","15","13:00","","16.5","","5.9","","49","","","","19","","6","","24.1","","88.90","","","","","","NA"
"-114.01","51.12","CALGARY INTL A","3031092","2024-09-15 14:00","2024","09","15","14:00","","17.6","","4.7","","42","","","","13","","9","","24.1","","88.86","","","","","","Mostly Cloudy"
"-114.01","51.12","CALGARY INTL A","3031092","2024-09-15 15:00","2024","09","15","15:00","","18.5","","6.6","","45","","","","13","","16","","24.1","","88.88","","","","","","NA"
"-114.01","51.12","CALGARY INTL A","3031092","2024-09-15 16:00","2024","09","15","16:00","","16.8","","6.3","","50","","","","13","","12","","24.1","","88.85","","","","","","NA"
"-114.01","51.12","CALGARY INTL A","3031092","2024-09-15 17:00","2024","09","15","17:00","","17.0","","7.2","","52","","","","15","","9","","24.1","","88.87","","","","","","Mostly Cloudy"
"-114.01","51.12","CALGARY INTL A","3031092","2024-09-15 18:00","2024","09","15","18:00","","16.4","","6.8","","52","","","","15","","19","","24.1","","88.89","","","","","","NA"
"-114.01","51.12","CALGARY INTL A","3031092","2024-09-15 19:00","2024","09","15","19:00","","14.6","","6.8","","59","","","","16","","12","","48.3","","88.92","","","","","","NA"
"-114.01","51.12","CALGARY INTL A","3031092","2024-09-15 20:00","2024","09","15","20:00","","14.6","","7.4","","62","","","","16","","14","","16.1","","88.97","","","","","","Mostly Cloudy"
"-114.01","51.12","CALGARY INTL A","3031092","2024-09-15 21:00","2024","09","15","21:00","","12.3","","7.6","","73","","","","16","","15","","24.1","","88.96","","","","","","NA"
"-114.01","51.12","CALGARY INTL A","3031092","2024-09-15 22:00","2024","09","15","22:00","","11.4","","7.4","","76","","","","19","","8","","24.1","","88.97","","","","","","NA"
"-114.01","51.12","CALGARY INTL A","3031092","2024-09-15 23:00","2024","09","15","23:00","","9.4","","7.2","","86","","","","18","","14","","24.1","","88.94","","","","","","Clear"
"-114.01","51.12","CALGARY INTL A","3031092","2024-09-16 00:00","2024","09","16","00:00","","9.3","","7.4","","88","","","","18","","12","","24.1","","88.93","","","","","","NA"
"-114.01","51.12","CALGARY INTL A","3031092","2024-09-16 01:00","2024","09","16","01:00","","10.8","","7.8","","82","","","","20","","11","","16.1","","88.91","","","","","","NA"
"-114.01","51.12","CALGARY INTL A","3031092","2024-09-16 02:00","2024","09","16","02:00","","8.4","","6.3","","86","","","","20","","9","","24.1","","88.88","","","","","","Mainly Clear"
"-114.01","51.12","CALGARY INTL A","3031092","2024-09-16 03:00","2024","09","16","03:00","","7.8","","5.9","","88","","","","26","","7","","24.1","","88.87","","","","","","NA"
"-114.01","51.12","CALGARY INTL A","3031092","2024-09-16 04:00","2024","09","16","04:00","","5.8","","4.5","","91","","","","20","","8","","24.1","","88.87","","","","","","NA"
"-114.01","51.12","CALGARY INTL A","3031092","2024-09-16 05:00","2024","09","16","05:00","","6.6","","4.0","","83","","","","22","","12","","24.1","","88.86","","","","","","Clear"
"-114.01","51.12","CALGARY INTL A","3031092","2024-09-16 06:00","2024","09","16","06:00","","5.3","","3.3","","87","","","","20","","11","","32.2","","88.85","","","","","","NA"
"-114.01","51.12","CALGARY INTL A","3031092","2024-09-16 07:00","2024","09","16","07:00","","7.0","","3.5","","78","","","","21","","4","","64.4","","88.82","","","","","","NA"
"-114.01","51.12","CALGARY INTL A","3031092","2024-09-16 08:00","2024","09","16","08:00","","9.0","","4.2","","72","","","","","","0","","64.4","","88.80","","","","","","Clear"
"-114.01","51.12","CALGARY INTL A","3031092","2024-09-16 09:00","2024","09","16","09:00","","12.3","","5.5","","63","","","","","","0","","64.4","","88.80","","","","","","NA"
"-114.01","51.12","CALGARY INTL A","3031092","2024-09-16 10:00","2024","09","16","10:00","","15.9","","6.7","","54","","","","14","","4","","64.4","","88.79","","","","","","NA"
"-114.01","51.12","CALGARY INTL A","3031092","2024-09-16 11:00","2024","09","16","11:00","","17.0","","6.3","","49","","","","","","0","","64.4","","88.76","","","","","","Clear"
"-114.01","51.12","CALGARY INTL A","3031092","2024-09-16 12:00","2024","09","16","12:00","","18.2","","6.3","","45","","","","6","","4","","64.4","","88.68","","","","","","NA"
"-114.01","51.12","CALGARY INTL A","3031092","2024-09-16 13:00","2024","09","16","13:00","","19.9","","3.4","","33","","","","3","","5","","64.4","","88.65","","","","","","NA"
"-114.01","51.12","CALGARY INTL A","3031092","2024-09-16 14:00","2024","09","16","14:00","","20.8","","5.0","","35","","","","11","","8","","48.3","","88.58","","","","","","Clear"
"-114.01","51.12","CALGARY INTL A","3031092","2024-09-16 15:00","2024","09","16","15:00","","20.7","","2.9","","30","","","","12","","12","","32.2","","88.53","","","","","","NA"
"-114.01","51.12","CALGARY INTL A","3031092","2024-09-16 16:00","2024","09","16","16:00","","21.0","","3.4","","31","","","","11","","5","","32.2","","88.52","","","","","","NA"
"-114.01","51.12","CALGARY INTL A","3031092","2024-09-16 17:00","2024","09","16","17:00","","20.8","","2.5","","30","","","","10","","6","","32.2","","88.50","","","","","","Clear"
"-114.01","51.12","CALGARY INTL A","3031092","2024-09-16 18:00","2024","09","16","18:00","","19.1","","3.4","","35","","","","7","","9","","32.2","","88.51","","","","","","NA"
"-114.01","51.12","CALGARY INTL A","3031092","2024-09-16 19:00","2024","09","16","19:00","","17.5","","8.2","","54","","","","11","","15","","32.2","","88.52","","","","","","NA"
"-114.01","51.12","CALGARY INTL A","3031092","2024-09-16 20:00","2024","09","16","20:00","","16.0","","8.5","","61","","","","13","","17","","24.1","","88.53","","","","","","Clear"
"-114.01","51.12","CALGARY INTL A","3031092","2024-09-16 21:00","2024","09","16","21:00","","14.0","","7.9","","66","","","","18","","9","","24.1","","88.56","","","","","","NA"
"-114.01","51.12","CALGARY INTL A","3031092","2024-09-16 22:00","2024","09","16","22:00","","13.8","","8.1","","68","","","","19","","5","","24.1","","88.56","","","","","","NA"
"-114.01","51.12","CALGARY INTL A","3031092","2024-09-16 23:00","2024","09","16","23:00","","12.0","","7.7","","75","","","","","","0","","24.1","","88.55","","","","","","Clear"
"-114.01","51.12","CALGARY INTL A","3031092","2024-09-17 00:00","2024","09","17","00:00","","10.2","","6.8","","80","","","","33","","4","","24.1","","88.55","","","","","","NA"
"-114.01","51.12","CALGARY INTL A","3031092","2024-09-17 01:00","2024","09","17","01:00","","8.9","","6.0","","82","","","","","","0","","24.1","","88.55","","","","","","NA"
"-114.01","51.12","CALGARY INTL A","3031092","2024-09-17 02:00","2024","09","17","02:00","","8.3","","6.1","","86","","","","1","","3","","24.1","","88.54","","","","","","Mostly Cloudy"
"-114.01","51.12","CALGARY INTL A","3031092","2024-09-17 03:00","2024","09","17","03:00","","8.0","","5.9","","87","","","","35","","3","","24.1","","88.50","","","","","","NA"
"-114.01","51.12","CALGARY INTL A","3031092","2024-09-17 04:00","2024","09","17","04:00","","7.4","","5.4","","87","","","","35","","8","","24.1","","88.48","","","","","","NA"
"-114.01","51.12","CALGARY INTL A","3031092","2024-09-17 05:00","2024","09","17","05:00","","7.5","","5.2","","85","","","","","","0","","24.1","","88.49","","","","","","Mainly Clear"
"-114.01","51.12","CALGARY INTL A","3031092","2024-09-17 06:00","2024","09","17","06:00","","6.5","","4.4","","86","","","","21","","9","","24.1","","88.54","","","","","","NA"
"-114.01","51.12","CALGARY INTL A","3031092","2024-09-17 07:00","2024","09","17","07:00","","8.3","","5.0","","80","","","","28","","3","","16.1","","88.53","","","","","","NA"
"-114.01","51.12","CALGARY INTL A","3031092","2024-09-17 08:00","2024","09","17","08:00","","9.5","","6.0","","79","","","","","","0","","16.1","","88.48","","","","","","Mainly Clear"
"-114.01","51.12","CALGARY INTL A","3031092","2024-09-17 09:00","2024","09","17","09:00","","12.8","","6.6","","66","","","","21","","4","","12.9","","88.47","","","","","","NA"
"-114.01","51.12","CALGARY INTL A","3031092","2024-09-17 10:00","2024","09","17","10:00","","16.1","","8.0","","58","","","","","","0","","12.9","","88.44","","","","","","NA"
"-114.01","51.12","CALGARY INTL A","3031092","2024-09-17 11:00","2024","09","17","11:00","","18.1","","8.5","","53","","","","14","","10","","12.9","","88.42","","","","","","Mostly Cloudy"
"-114.01","51.12","CALGARY INTL A","3031092","2024-09-17 12:00","2024","09","17","12:00","","19.1","","7.8","","48","","","","13","","23","","12.9","","88.39","","","","","","NA"
"-114.01","51.12","CALGARY INTL A","3031092","2024-09-17 13:00","2024","09","17","13:00","","19.7","","9.2","","50","","","","13","","22","","14.5","","88.35","","","","","","NA"
"-114.01","51.12","CALGARY INTL A","3031092","2024-09-17 14:00","2024","09","17","14:00","","20.1","","7.6","","44","","","","18","","19","","16.1","","88.28","","","","","","Mostly Cloudy"
"-114.01","51.12","CALGARY INTL A","3031092","2024-09-17 15:00","2024","09","17","15:00","","19.7","","7.7","","45","","","","17","","15","","16.1","","88.26","","","","","","NA"
"-114.01","51.12","CALGARY INTL A","3031092","2024-09-17 16:00","2024","09","17","16:00","","18.5","","8.3","","51","","","","13","","17","","16.1","","88.28","","","","","","NA"
"-114.01","51.12","CALGARY INTL A","3031092","2024-09-17 17:00","2024","09","17","17:00","","17.9","","8.1","","52","","","","15","","23","","16.1","","88.31","","","","","","Cloudy"
"-114.01","51.12","CALGARY INTL A","3031092","2024-09-17 18:00","2024","09","17","18:00","","15.8","","8.6","","62","","","","13","","23","","24.1","","88.33","","","","","","NA"
"-114.01","51.12","CALGARY INTL A","3031092","2024-09-17 19:00","2024","09","17","19:00","","14.2","","8.9","","70","","","","17","","13","","24.1","","88.34","","","","","","NA"
"-114.01","51.12","CALGARY INTL A","3031092","2024-09-17 20:00","2024","09","17","20:00","","12.9","","8.8","","75","","","","15","","10","","24.1","","88.37","","","","","","Mainly Clear"
"-114.01","51.12","CALGARY INTL A","3031092","2024-09-17 21:00","2024","09","17","21:00","","13.1","","8.9","","75","","","","18","","5","","24.1","","88.33","","","","","","NA"
"-114.01","51.12","CALGARY INTL A","3031092","2024-09-17 22:00","2024","09","17","22:00","","11.0","","8.0","","82","","","","","","0","","24.1","","88.36","","","","","","NA"
"-114.01","51.12","CALGARY INTL A","3031092","2024-09-17 23:00","2024","09","17","23:00","","10.3","","7.8","","84","","","","36","","3","","24.1","","88.34","","","","","","Clear"
"-114.01","51.12","CALGARY INTL A","3031092","2024-09-18 00:00","2024","09","18","00:00","","8.7","","6.8","","88","","","","1","","4","","24.1","","88.31","","","","","","NA"
"-114.01","51.12","CALGARY INTL A","3031092","2024-09-18 01:00","2024","09","18","01:00","","8.6","","6.7","","88","","","","29","","5","","24.1","","88.33","","","","","","NA"
"-114.01","51.12","CALGARY INTL A","3031092","2024-09-18 02:00","2024","09","18","02:00","","8.4","","6.5","","88","","","","32","","5","","24.1","","88.32","","","","","","Mainly Clear"
"-114.01","51.12","CALGARY INTL A","3031092","2024-09-18 03:00","2024","09","18","03:00","","7.3","","6.0","","91","","","","6","","4","","24.1","","88.30","","","","","","NA"
"-114.01","51.12","CALGARY INTL A","3031092","2024-09-18 04:00","2024","09","18","04:00","","7.9","","6.4","","90","","","","","","0","","24.1","","88.39","","","","","","NA"
"-114.01","51.12","CALGARY INTL A","3031092","2024-09-18 05:00","2024","09","18","05:00","","8.3","","6.7","","90","","","","26","","5","","24.1","","88.39","","","","","","Clear"
"-114.01","51.12","CALGARY INTL A","3031092","2024-09-18 06:00","2024","09","18","06:00","","8.8","","7.0","","88","","","","29","","4","","24.1","","88.33","","","","","","NA"
"-114.01","51.12","CALGARY INTL A","3031092","2024-09-18 07:00","2024","09","18","07:00","","8.8","","6.8","","88","","","","30","","5","","12.9","","88.28","","","","","","NA"
"-114.01","51.12","CALGARY INTL A","3031092","2024-09-18 08:00","2024","09","18","08:00","","13.9","","8.5","","70","","","","33","","32","","12.9","","88.26","","","","","","Mostly Cloudy"
"-114.01","51.12","CALGARY INTL A","3031092","2024-09-18 09:00","2024","09","18","09:00","","15.9","","8.7","","62","","","","33","","28","","12.9","","88.30","","","","","","NA"
"-114.01","51.12","CALGARY INTL A","3031092","2024-09-18 10:00","2024","09","18","10:00","","18.2","","9.2","","55","","","","36","","30","","12.9","","88.43","","","","","","NA"
"-114.01","51.12","CALGARY INTL A","3031092","2024-09-18 11:00","2024","09","18","11:00","","18.6","","9.4","","55","","","","36","","32","","12.9","","88.48","","","","","","Mainly Clear"
"-114.01","51.12","CALGARY INTL A","3031092","2024-09-18 12:00","2024","09","18","12:00","","19.3","","9.5","","53","","","","36","","35","","12.9","","88.48","","","","","","NA"
"-114.01","51.12","CALGARY INTL A","3031092","2024-09-18 13:00","2024","09","18","13:00","","20.1","","8.9","","48","","","","36","","30","","16.1","","88.45","","","","","","NA"
"-114.01","51.12","CALGARY INTL A","3031092","2024-09-18 14:00","2024","09","18","14:00","","20.4","","9.2","","48","","","","36","","24","","16.1","","88.41","","","","","","Mainly Clear"
"-114.01","51.12","CALGARY INTL A","3031092","2024-09-18 15:00","2024","09","18","15:00","","19.4","","9.1","","51","","","","36","","27","","16.1","","88.40","","","","","","NA"
"-114.01","51.12","CALGARY INTL A","3031092","2024-09-18 16:00","2024","09","18","16:00","","20.3","","8.8","","47","","","","1","","25","","12.9","","88.40","","","","","","NA"
"-114.01","51.12","CALGARY INTL A","3031092","2024-09-18 17:00","2024","09","18","17:00","","19.3","","8.2","","48","","","","36","","25","","12.9","","88.41","","","","","","Mainly Clear"
"-114.01","51.12","CALGARY INTL A","3031092","2024-09-18 18:00","2024","09","18","18:00","","17.1","","7.7","","53","","","","35","","16","","12.9","","88.44","","","","","","NA"
"-114.01","51.12","CALGARY INTL A","3031092","2024-09-18 19:00","2024","09","18","19:00","","15.6","","8.0","","60","","","","35","","10","","32.2","","88.45","","","","","","NA"
"-114.01","51.12","CALGARY INTL A","3031092","2024-09-18 20:00","2024","09","18","20:00","","15.3","","8.1","","62","","","","35","","12","","24.1","","88.49","","","","","","Mostly Cloudy"
"-114.01","51.12","CALGARY INTL A","3031092","2024-09-18 21:00","2024","09","18","21:00","","14.7","","9.2","","69","","","","30","","7","","16.1","","88.53","","","","","","Rain"
"-114.01","51.12","CALGARY INTL A","3031092","2024-09-18 22:00","2024","09","18","22:00","","14.5","","9.9","","74","","","","31","","4","","24.1","","88.53","","","","","","NA"
"-114.01","51.12","CALGARY INTL A","3031092","2024-09-18 23:00","2024","09","18","23:00","","11.8","","10.3","","90","","","","35","","6","","24.1","","88.54","","","","","","Mainly Clear"
"-114.01","51.12","CALGARY INTL A","3031092","2024-09-19 00:00","2024","09","19","00:00","","10.9","","9.6","","91","","","","34","","4","","24.1","","88.55","","","","","","NA"
"-114.01","51.12","CALGARY INTL A","3031092","2024-09-19 01:00","2024","09","19","01:00","","10.2","","8.3","","88","","","","","","0","","24.1","","88.55","","","","","","NA"
"-114.01","51.12","CALGARY INTL A","3031092","2024-09-19 02:00","2024","09","19","02:00","","9.5","","8.2","","91","","","","30","","4","","24.1","","88.56","","","","","","Mainly Clear"
"-114.01","51.12","CALGARY INTL A","3031092","2024-09-19 03:00","2024","09","19","03:00","","8.3","","7.4","","94","","","","31","","7","","24.1","","88.57","","","","","","NA"
"-114.01","51.12","CALGARY INTL A","3031092","2024-09-19 04:00","2024","09","19","04:00","","7.6","","6.5","","93","","","","36","","4","","24.1","","88.57","","","","","","NA"
"-114.01","51.12","CALGARY INTL A","3031092","2024-09-19 05:00","2024","09","19","05:00","","6.6","","6.0","","96","","","","","","0","","24.1","","88.60","","","","","","Mainly Clear"
"-114.01","51.12","CALGARY INTL A","3031092","2024-09-19 06:00","2024","09","19","06:00","","6.8","","5.9","","94","","","","","","0","","32.2","","88.60","","","","","","NA"
"-114.01","51.12","CALGARY INTL A","3031092","2024-09-19 07:00","2024","09","19","07:00","","6.8","","5.4","","91","","","","2","","3","","12.9","","88.61","","","","","","NA"
"-114.01","51.12","CALGARY INTL A","3031092","2024-09-19 08:00","2024","09","19","08:00","","8.7","","6.8","","88","","","","","","0","","12.9","","88.63","","","","","","Mainly Clear"
"-114.01","51.12","CALGARY INTL A","3031092","2024-09-19 09:00","2024","09","19","09:00","","11.9","","8.1","","77","","","","33","","4","","12.9","","88.62","","","","","","NA"
"-114.01","51.12","CALGARY INTL A","3031092","2024-09-19 10:00","2024","09","19","10:00","","14.1","","6.7","","61","","","","11","","7","","12.9","","88.60","","","","","","NA"
"-114.01","51.12","CALGARY INTL A","3031092","2024-09-19 11:00","2024","09","19","11:00","","15.3","","5.3","","51","","","","16","","9","","14.5","","88.56","","","","","","Mostly Cloudy"
"-114.01","51.12","CALGARY INTL A","3031092","2024-09-19 12:00","2024","09","19","12:00","","16.6","","6.8","","52","","","","17","","16","","12.9","","88.50","","","","","","NA"
"-114.01","51.12","CALGARY INTL A","3031092","2024-09-19 13:00","2024","09","19","13:00","","16.9","","7.3","","53","","","","16","","10","","12.9","","88.43","","","","","","NA"
"-114.01","51.12","CALGARY INTL A","3031092","2024-09-19 14:00","2024","09","19","14:00","","18.8","","6.0","","43","","","","14","","19","","14.5","","88.33","","","","","","Mostly Cloudy"
"-114.01","51.12","CALGARY INTL A","3031092","2024-09-19 15:00","2024","09","19","15:00","","18.4","","7.1","","48","","","","18","","13","","16.1","","88.27","","","","","","NA"
"-114.01","51.12","CALGARY INTL A","3031092","2024-09-19 16:00","2024","09","19","16:00","","17.6","","7.0","","49","","","","18","","16","","16.1","","88.22","","","","","","NA"
"-114.01","51.12","CALGARY INTL A","3031092","2024-09-19 17:00","2024","09","19","17:00","","17.4","","6.9","","50","","","","15","","16","","24.1","","88.15","","","","","","Mostly Cloudy"
"-114.01","51.12","CALGARY INTL A","3031092","2024-09-19 18:00","2024","09","19","18:00","","16.7","","7.2","","53","","","","16","","18","","24.1","","88.12","","","","","","NA"
"-114.01","51.12","CALGARY INTL A","3031092","2024-09-19 19:00","2024","09","19","19:00","","14.8","","8.0","","64","","","","18","","13","","24.1","","88.09","","","","","","NA"
"-114.01","51.12","CALGARY INTL A","3031092","2024-09-19 20:00","2024","09","19","20:00","","15.0","","7.9","","62","","","","15","","10","","24.1","","88.08","","","","","","Mostly Cloudy"
"-114.01","51.12","CALGARY INTL A","3031092","2024-09-19 21:00","2024","09","19","21:00","","14.2","","8.2","","67","","","","32","","18","","24.1","","88.14","","","","","","NA"
"-114.01","51.12","CALGARY INTL A","3031092","2024-09-19 22:00","2024","09","19","22:00","","12.6","","6.2","","65","","","","31","","17","","24.1","","88.24","","","","","","Thunderstorms"
"-114.01","51.12","CALGARY INTL A","3031092","2024-09-19 23:00","2024","09","19","23:00","","10.2","","7.8","","85","","","","36","","20","","16.1","","88.27","","","","","","Rain Showers"
"-114.01","51.12","CALGARY INTL A","3031092","2024-09-20 00:00","2024","09","20","00:00","","9.7","","8.2","","91","","","","5","","20","","6.4","","88.27","","","","","","Rain Showers,Fog"
"-114.01","51.12","CALGARY INTL A","3031092","2024-09-20 01:00","2024","09","20","01:00","","8.6","","7.4","","92","","","","35","","8","","24.1","","88.21","","","","","","NA"
"-114.01","51.12","CALGARY INTL A","3031092","2024-09-20 02:00","2024","09","20","02:00","","8.5","","7.6","","94","","","","35","","23","","24.1","","88.26","","","","","","Mostly Cloudy"
"-114.01","51.12","CALGARY INTL A","3031092","2024-09-20 03:00","2024","09","20","03:00","","7.8","","6.7","","93","","","","35","","11","","24.1","","88.26","","","","","","NA"
"-114.01","51.12","CALGARY INTL A","3031092","2024-09-20 04:00","2024","09","20","04:00","","7.9","","6.4","","91","","","","35","","13","","24.1","","88.26","","","","","","NA"
"-114.01","51.12","CALGARY INTL A","3031092","2024-09-20 05:00","2024","09","20","05:00","","7.3","","6.7","","96","","","","36","","10","","12.9","","88.25","","","","","","Mostly Cloudy"
"-114.01","51.12","CALGARY INTL A","3031092","2024-09-20 06:00","2024","09","20","06:00","","7.4","","6.7","","95","","","","35","","12","","11.3","","88.31","","","","","","NA"
"-114.01","51.12","CALGARY INTL A","3031092","2024-09-20 07:00","2024","09","20","07:00","","7.0","","6.3","","95","","","","1","","18","","9.7","","88.32","","","","","","Moderate Rain,Fog"
"-114.01","51.12","CALGARY INTL A","3031092","2024-09-20 08:00","2024","09","20","08:00","","6.7","","5.7","","93","","","","34","","23","","8.1","","88.38","","","","","","Rain,Fog"
"-114.01","51.12","CALGARY INTL A","3031092","2024-09-20 09:00","2024","09","20","09:00","","6.7","","5.8","","94","","","","35","","17","","14.5","","88.43","","","","","","Rain"
"-114.01","51.12","CALGARY INTL A","3031092","2024-09-20 10:00","2024","09","20","10:00","","6.8","","6.0","","94","","","","36","","16","","8.1","","88.51","","","","","","Rain,Fog"
"-114.01","51.12","CALGARY INTL A","3031092","2024-09-20 11:00","2024","09","20","11:00","","6.1","","4.7","","91","","","","35","","25","","6.4","","88.62","","","","","","Rain,Fog"
"-114.01","51.12","CALGARY INTL A","3031092","2024-09-20 12:00","2024","09","20","12:00","","4.6","","3.1","","90","","","","32","","29","","8.1","","88.73","","","","","","Rain,Fog"
"-114.01","51.12","CALGARY INTL A","3031092","2024-09-20 13:00","2024","09","20","13:00","","4.4","","2.8","","90","","","","33","","34","","24.1","","88.83","","","","","","Rain"
"-114.01","51.12","CALGARY INTL A","3031092","2024-09-20 14:00","2024","09","20","14:00","","6.5","","3.6","","82","","","","34","","32","","32.2","","88.87","","","","","","Mostly Cloudy"
"-114.01","51.12","CALGARY INTL A","3031092","2024-09-20 15:00","2024","09","20","15:00","","9.9","","3.9","","66","","","","34","","25","","32.2","","88.92","","","","","","NA"
"-114.01","51.12","CALGARY INTL A","3031092","2024-09-20 16:00","2024","09","20","16:00","","11.1","","2.6","","56","","","","36","","29","","32.2","","88.97","","","","","","NA"
"-114.01","51.12","CALGARY INTL A","3031092","2024-09-20 17:00","2024","09","20","17:00","","8.1","","2.5","","68","","","","35","","40","","24.1","","89.09","","","","","","Mostly Cloudy"
"-114.01","51.12","CALGARY INTL A","3031092","2024-09-20 18:00","2024","09","20","18:00","","7.9","","1.6","","64","","","","33","","21","","32.2","","89.15","","","","","","NA"
"-114.01","51.12","CALGARY INTL A","3031092","2024-09-20 19:00","2024","09","20","19:00","","7.3","","1.7","","67","","","","28","","11","","32.2","","89.24","","","","","","NA"
"-114.01","51.12","CALGARY INTL A","3031092","2024-09-20 20:00","2024","09","20","20:00","","5.9","","1.9","","76","","","","33","","8","","24.1","","89.32","","","","","","Clear"
"-114.01","51.12","CALGARY INTL A","3031092","2024-09-20 21:00","2024","09","20","21:00","","5.7","","1.5","","75","","","","31","","12","","24.1","","89.38","","","","","","NA"
"-114.01","51.12","CALGARY INTL A","3031092","2024-09-20 22:00","2024","09","20","22:00","","6.5","","1.3","","69","","","","32","","14","","24.1","","89.43","","","","","","NA"
"-114.01","51.12","CALGARY INTL A","3031092","2024-09-20 23:00","2024","09","20","23:00","","5.3","","1.0","","74","","","","34","","13","","24.1","","89.48","","","","","","Clear"
"-114.01","51.12","CALGARY INTL A","3031092","2024-09-21 00:00","2024","09","21","00:00","","4.9","","0.9","","76","","","","33","","15","","24.1","","89.51","","","","","","NA"
"-114.01","51.12","CALGARY INTL A","3031092","2024-09-21 01:00","2024","09","21","01:00","","4.7","","0.8","","76","","","","30","","12","","24.1","","89.54","","","","","","NA"
"-114.01","51.12","CALGARY INTL A","3031092","2024-09-21 02:00","2024","09","21","02:00","","3.2","","0.9","","85","","","","23","","14","","24.1","","89.57","","","","","","Clear"
"-114.01","51.12","CALGARY INTL A","3031092","2024-09-21 03:00","2024","09","21","03:00","","3.8","","1.0","","82","","","","24","","4","","24.1","","89.57","","","","","","NA"
"-114.01","51.12","CALGARY INTL A","3031092","2024-09-21 04:00","2024","09","21","04:00","","2.6","","0.9","","89","","","","24","","8","","24.1","","89.60","","","","","","NA"
"-114.01","51.12","CALGARY INTL A","3031092","2024-09-21 05:00","2024","09","21","05:00","","1.3","","0.1","","92","","","","22","","5","","24.1","","89.61","","","","","","Clear"
"-114.01","51.12","CALGARY INTL A","3031092","2024-09-21 06:00","2024","09","21","06:00","","0.7","","-0.4","","93","","","","19","","7","","64.4","","89.58","","","","","","NA"
"-114.01","51.12","CALGARY INTL A","3031092","2024-09-21 07:00","2024","09","21","07:00","","0.6","","-0.4","","93","","","","20","","7","","64.4","","89.56","","","","","","NA"
"-114.01","51.12","CALGARY INTL A","3031092","2024-09-21 08:00","2024","09","21","08:00","","3.7","","0.7","","81","","","","20","","5","","64.4","","89.56","","","","","","Mainly Clear"
"-114.01","51.12","CALGARY INTL A","3031092","2024-09-21 09:00","2024","09","21","09:00","","6.3","","2.0","","74","","","","23","","10","","64.4","","89.54","","","","","","NA"
"-114.01","51.12","CALGARY INTL A","3031092","2024-09-21 10:00","2024","09","21","10:00","","9.1","","2.0","","61","","","","18","","16","","64.4","","89.48","","","","","","NA"
"-114.01","51.12","CALGARY INTL A","3031092","2024-09-21 11:00","2024","09","21","11:00","","10.2","","2.3","","58","","","","21","","15","","64.4","","89.44","","","","","","Mostly Cloudy"
"-114.01","51.12","CALGARY INTL A","3031092","2024-09-21 12:00","2024","09","21","12:00","","11.8","","3.7","","58","","","","15","","14","","64.4","","89.40","","","","","","NA"
"-114.01","51.12","CALGARY INTL A","3031092","2024-09-21 13:00","2024","09","21","13:00","","13.4","","1.9","","45","","","","17","","13","","64.4","","89.33","","","","","","NA"
"-114.01","51.12","CALGARY INTL A","3031092","2024-09-21 14:00","2024","09","21","14:00","","14.3","","1.8","","42","","","","17","","11","","64.4","","89.26","","","","","","Mostly Cloudy"
"-114.01","51.12","CALGARY INTL A","3031092","2024-09-21 15:00","2024","09","21","15:00","","15.7","","1.8","","39","","","","17","","12","","64.4","","89.21","","","","","","NA"
"-114.01","51.12","CALGARY INTL A","3031092","2024-09-21 16:00","2024","09","21","16:00","","16.2","","1.8","","38","","","","16","","14","","48.3","","89.16","","","","","","NA"
"-114.01","51.12","CALGARY INTL A","3031092","2024-09-21 17:00","2024","09","21","17:00","","15.6","","2.3","","41","","","","19","","15","","32.2","","89.14","","","","","","Mostly Cloudy"
"-114.01","51.12","CALGARY INTL A","3031092","2024-09-21 18:00","2024","09","21","18:00","","13.7","","2.8","","47","","","","18","","16","","24.1","","89.10","","","","","","NA"
"-114.01","51.12","CALGARY INTL A","3031092","2024-09-21 19:00","2024","09","21","19:00","","11.8","","2.6","","53","","","","19","","14","","32.2","","89.09","","","","","","NA"
"-114.01","51.12","CALGARY INTL A","3031092","2024-09-21 20:00","2024","09","21","20:00","","12.5","","2.3","","50","","","","17","","7","","24.1","","89.05","","","","","","Mainly Clear"
"-114.01","51.12","CALGARY INTL A","3031092","2024-09-21 21:00","2024","09","21","21:00","","11.4","","2.8","","55","","","","19","","12","","24.1","","89.00","","","","","","NA"
"-114.01","51.12","CALGARY INTL A","3031092","2024-09-21 22:00","2024","09","21","22:00","","10.8","","2.8","","58","","","","16","","4","","24.1","","88.97","","","","","","NA"
"-114.01","51.12","CALGARY INTL A","3031092","2024-09-21 23:00","2024","09","21","23:00","","11.1","","2.9","","57","","","","23","","7","","24.1","","88.94","","","","","","Mainly Clear"
"-114.01","51.12","CALGARY INTL A","3031092","2024-09-22 00:00","2024","09","22","00:00","","9.2","","2.8","","64","","","","20","","15","","24.1","","88.85","","","","","","NA"
"-114.01","51.12","CALGARY INTL A","3031092","2024-09-22 01:00","2024","09","22","01:00","","7.5","","3.3","","74","","","","19","","19","","24.1","","88.83","","","","","","NA"
"-114.01","51.12","CALGARY INTL A","3031092","2024-09-22 02:00","2024","09","22","02:00","","6.9","","3.5","","79","","","","20","","12","","24.1","","88.80","","","","","","Clear"
"-114.01","51.12","CALGARY INTL A","3031092","2024-09-22 03:00","2024","09","22","03:00","","6.4","","3.7","","83","","","","18","","7","","24.1","","88.73","","","","","","NA"
"-114.01","51.12","CALGARY INTL A","3031092","2024-09-22 04:00","2024","09","22","04:00","","9.3","","3.2","","65","","","","20","","7","","24.1","","88.72","","","","","","NA"
"-114.01","51.12","CALGARY INTL A","3031092","2024-09-22 05:00","2024","09","22","05:00","","10.9","","3.7","","61","","","","27","","4","","16.1","","88.70","","","","","","Mostly Cloudy"
"-114.01","51.12","CALGARY INTL A","3031092","2024-09-22 06:00","2024","09","22","06:00","","13.8","","3.8","","51","","","","23","","5","","16.1","","88.67","","","","","","NA"
"-114.01","51.12","CALGARY INTL A","3031092","2024-09-22 07:00","2024","09","22","07:00","","13.0","","4.7","","57","","","","4","","9","","16.1","","88.65","","","","","","NA"
"-114.01","51.12","CALGARY INTL A","3031092","2024-09-22 08:00","2024","09","22","08:00","","14.1","","4.6","","52","","","","22","","7","","12.9","","88.63","","","","","","Cloudy"
"-114.01","51.12","CALGARY INTL A","3031092","2024-09-22 09:00","2024","09","22","09:00","","15.6","","6.1","","53","","","","","","0","","16.1","","88.61","","","","","","NA"
"-114.01","51.12","CALGARY INTL A","3031092","2024-09-22 10:00","2024","09","22","10:00","","17.8","","5.5","","44","","","","30","","17","","24.1","","88.60","","","","","","NA"
"-114.01","51.12","CALGARY INTL A","3031092","2024-09-22 11:00","2024","09","22","11:00","","19.7","","4.1","","36","","","","29","","27","","24.1","","88.59","","","","","","Mainly Clear"
"-114.01","51.12","CALGARY INTL A","3031092","2024-09-22 12:00","2024","09","22","12:00","","20.8","","4.1","","33","","","","28","","21","","24.1","","88.56","","","","","","NA"
"-114.01","51.12","CALGARY INTL A","3031092","2024-09-22 13:00","2024","09","22","13:00","","21.6","","3.9","","31","","","","28","","22","","24.1","","88.53","","","","","","NA"
"-114.01","51.12","CALGARY INTL A","3031092","2024-09-22 14:00","2024","09","22","14:00","","21.7","","4.1","","31","","","","27","","25","","24.1","","88.49","","","","","","Mostly Cloudy"
"-114.01","51.12","CALGARY INTL A","3031092","2024-09-22 15:00","2024","09","22","15:00","","20.7","","4.3","","34","","","","27","","23","","12.9","","88.49","","","","","","NA"
"-114.01","51.12","CALGARY INTL A","3031092","2024-09-22 16:00","2024","09","22","16:00","","18.9","","5.1","","40","","","","27","","23","","12.9","","88.49","","","","","","NA"
"-114.01","51.12","CALGARY INTL A","3031092","2024-09-22 17:00","2024","09","22","17:00","","17.6","","8.4","","54","","","","27","","4","","12.9","","88.52","","","","","","Mostly Cloudy"
"-114.01","51.12","CALGARY INTL A","3031092","2024-09-22 18:00","2024","09","22","18:00","","18.1","","6.2","","45","","","","27","","18","","12.9","","88.45","","","","","","NA"
"-114.01","51.12","CALGARY INTL A","3031092","2024-09-22 19:00","2024","09","22","19:00","","17.6","","4.4","","41","","","","26","","18","","16.1","","88.45","","","","","","NA"
"-114.01","51.12","CALGARY INTL A","3031092","2024-09-22 20:00","2024","09","22","20:00","","16.5","","4.2","","44","","","","27","","18","","16.1","","88.49","","","","","","Cloudy"
"-114.01","51.12","CALGARY INTL A","3031092","2024-09-22 21:00","2024","09","22","21:00","","16.1","","3.8","","43","","","","28","","27","","24.1","","88.50","","","","","","NA"
"-114.01","51.12","CALGARY INTL A","3031092","2024-09-22 22:00","2024","09","22","22:00","","15.8","","3.8","","44","","","","29","","26","","24.1","","88.53","","","","","","NA"
"-114.01","51.12","CALGARY INTL A","3031092","2024-09-22 23:00","2024","09","22","23:00","","10.8","","4.5","","65","","","","36","","10","","24.1","","88.58","","","","","","Mainly Clear"
"-114.01","51.12","CALGARY INTL A","3031092","2024-09-23 00:00","2024","09","23","00:00","","8.8","","4.6","","75","","","","1","","11","","24.1","","88.63","","","","","","NA"
"-114.01","51.12","CALGARY INTL A","3031092","2024-09-23 01:00","2024","09","23","01:00","","7.3","","4.0","","79","","","","36","","8","","24.1","","88.66","","","","","","NA"
"-114.01","51.12","CALGARY INTL A","3031092","2024-09-23 02:00","2024","09","23","02:00","","7.0","","4.0","","81","","","","","","0","","24.1","","88.70","","","","","","Mainly Clear"
"-114.01","51.12","CALGARY INTL A","3031092","2024-09-23 03:00","2024","09","23","03:00","","7.8","","4.9","","81","","","","20","","4","","24.1","","88.71","","","","","","NA"
"-114.01","51.12","CALGARY INTL A","3031092","2024-09-23 04:00","2024","09","23","04:00","","6.8","","4.8","","87","","","","20","","10","","24.1","","88.72","","","","","","NA"
"-114.01","51.12","CALGARY INTL A","3031092","2024-09-23 05:00","2024","09","23","05:00","","7.2","","4.0","","80","","","","22","","9","","24.1","","88.74","","","","","","Clear"
"-114.01","51.12","CALGARY INTL A","3031092","2024-09-23 06:00","2024","09","23","06:00","","6.3","","4.0","","85","","","","19","","10","","32.2","","88.73","","","","","","NA"
"-114.01","51.12","CALGARY INTL A","3031092","2024-09-23 07:00","2024","09","23","07:00","","7.4","","4.0","","79","","","","","","0","","24.1","","88.74","","","","","","NA"
"-114.01","51.12","CALGARY INTL A","3031092","2024-09-23 08:00","2024","09","23","08:00","","10.2","","5.8","","74","","","","19","","7","","24.1","","88.74","","","","","","Mostly Cloudy"
"-114.01","51.12","CALGARY INTL A","3031092","2024-09-23 09:00","2024","09","23","09:00","","13.4","","6.1","","61","","","","19","","5","","24.1","","88.72","","","","","","NA"
"-114.01","51.12","CALGARY INTL A","3031092","2024-09-23 10:00","2024","09","23","10:00","","16.7","","5.8","","48","","","","22","","10","","24.1","","88.70","","","","","","NA"
"-114.01","51.12","CALGARY INTL A","3031092","2024-09-23 11:00","2024","09","23","11:00","","19.5","","4.7","","37","","","","28","","22","","24.1","","88.66","","","","","","Mostly Cloudy"
"-114.01","51.12","CALGARY INTL A","3031092","2024-09-23 12:00","2024","09","23","12:00","","20.3","","4.9","","36","","","","29","","19","","24.1","","88.63","","","","","","NA"
"-114.01","51.12","CALGARY INTL A","3031092","2024-09-23 13:00","2024","09","23","13:00","","21.8","","5.5","","34","","","","27","","15","","24.1","","88.59","","","","","","NA"
"-114.01","51.12","CALGARY INTL A","3031092","2024-09-23 14:00","2024","09","23","14:00","","22.5","","5.9","","34","","","","29","","27","","24.1","","88.57","","","","","","Mostly Cloudy"
"-114.01","51.12","CALGARY INTL A","3031092","2024-09-23 15:00","2024","09","23","15:00","","22.3","","6.1","","35","","","","28","","22","","24.1","","88.51","","","","","","NA"
"-114.01","51.12","CALGARY INTL A","3031092","2024-09-23 16:00","2024","09","23","16:00","","22.4","","6.9","","36","","","","30","","18","","24.1","","88.51","","","","","","NA"
"-114.01","51.12","CALGARY INTL A","3031092","2024-09-23 17:00","2024","09","23","17:00","","22.7","","7.1","","36","","","","27","","27","","24.1","","88.52","","","","","","Mainly Clear"
"-114.01","51.12","CALGARY INTL A","3031092","2024-09-23 18:00","2024","09","23","18:00","","21.5","","7.5","","40","","","","28","","24","","24.1","","88.54","","","","","","NA"
"-114.01","51.12","CALGARY INTL A","3031092","2024-09-23 19:00","2024","09","23","19:00","","19.8","","7.5","","44","","","","27","","19","","24.1","","88.55","","","","","","NA"
"-114.01","51.12","CALGARY INTL A","3031092","2024-09-23 20:00","2024","09","23","20:00","","18.6","","7.4","","48","","","","27","","17","","24.1","","88.58","","","","","","Clear"
"-114.01","51.12","CALGARY INTL A","3031092","2024-09-23 21:00","2024","09","23","21:00","","19.3","","7.2","","45","","","","28","","35","","24.1","","88.60","","","","","","NA"
"-114.01","51.12","CALGARY INTL A","3031092","2024-09-23 22:00","2024","09","23","22:00","","19.1","","7.0","","45","","","","28","","28","","24.1","","88.65","","","","","","NA"
"-114.01","51.12","CALGARY INTL A","3031092","2024-09-23 23:00","2024","09","23","23:00","","19.5","","6.7","","43","","","","28","","30","","24.1","","88.69","","","","","","Clear"
"-114.01","51.12","CALGARY INTL A","3031092","2024-09-24 00:00","2024","09","24","00:00","","17.2","","7.0","","51","","","","24","","10","","24.1","","88.68","","","","","","NA"
"-114.01","51.12","CALGARY INTL A","3031092","2024-09-24 01:00","2024","09","24","01:00","","19.0","","6.3","","43","","","","28","","21","","24.1","","88.67","","","","","","NA"
"-114.01","51.12","CALGARY INTL A","3031092","2024-09-24 02:00","2024","09","24","02:00","","19.6","","6.2","","41","","","","28","","20","","24.1","","88.63","","","","","","Clear"
"-114.01","51.12","CALGARY INTL A","3031092","2024-09-24 03:00","2024","09","24","03:00","","20.5","","6.4","","40","","","","29","","30","","24.1","","88.61","","","","","","NA"
"-114.01","51.12","CALGARY INTL A","3031092","2024-09-24 04:00","2024","09","24","04:00","","20.0","","6.5","","41","","","","29","","23","","24.1","","88.61","","","","","","NA"
"-114.01","51.12","CALGARY INTL A","3031092","2024-09-24 05:00","2024","09","24","05:00","","15.3","","6.8","","56","","","","13","","9","","24.1","","88.60","","","","","","Clear"
"-114.01","51.12","CALGARY INTL A","3031092","2024-09-24 06:00","2024","09","24","06:00","","20.3","","6.7","","41","","","","27","","17","","24.1","","88.59","","","","","","NA"
"-114.01","51.12","CALGARY INTL A","3031092","2024-09-24 07:00","2024","09","24","07:00","","20.5","","7.0","","41","","","","26","","19","","24.1","","88.61","","","","","","NA"
"-114.01","51.12","CALGARY INTL A","3031092","2024-09-24 08:00","2024","09","24","08:00","","21.4","","6.7","","38","","","","27","","25","","16.1","","88.65","","","","","","Mostly Cloudy"
"-114.01","51.12","CALGARY INTL A","3031092","2024-09-24 09:00","2024","09","24","09:00","","21.7","","7.1","","38","","","","27","","25","","64.4","","88.67","","","","","","NA"
"-114.01","51.12","CALGARY INTL A","3031092","2024-09-24 10:00","2024","09","24","10:00","","21.8","","6.9","","38","","","","29","","14","","64.4","","88.68","","","","","","NA"
"-114.01","51.12","CALGARY INTL A","3031092","2024-09-24 11:00","2024","09","24","11:00","","23.1","","6.5","","34","","","","28","","21","","64.4","","88.67","","","","","","Mostly Cloudy"
"-114.01","51.12","CALGARY INTL A","3031092","2024-09-24 12:00","2024","09","24","12:00","","24.8","","7.2","","32","","","","24","","13","","64.4","","88.62","","25","","","","NA"
"-114.01","51.12","CALGARY INTL A","3031092","2024-09-24 13:00","2024","09","24","13:00","","25.0","","7.4","","32","","","","30","","9","","64.4","","88.57","","25","","","","NA"
"-114.01","51.12","CALGARY INTL A","3031092","2024-09-24 14:00","2024","09","24","14:00","","24.7","","7.7","","33","","","","13","","5","","64.4","","88.52","","25","","","","Mostly Cloudy"
"-114.01","51.12","CALGARY INTL A","3031092","2024-09-24 15:00","2024","09","24","15:00","","24.6","","11.2","","42","","","","18","","10","","64.4","","88.43","","26","","","","NA"
"-114.01","51.12","CALGARY INTL A","3031092","2024-09-24 16:00","2024","09","24","16:00","","24.2","","11.2","","43","","","","18","","12","","64.4","","88.38","","26","","","","NA"
"-114.01","51.12","CALGARY INTL A","3031092","2024-09-24 17:00","2024","09","24","17:00","","25.2","","9.2","","36","","","","20","","7","","24.1","","88.34","","26","","","","Mostly Cloudy"
"-114.01","51.12","CALGARY INTL A","3031092","2024-09-24 18:00","2024","09","24","18:00","","24.0","","10.8","","43","","","","14","","11","","64.4","","88.29","","26","","","","NA"
"-114.01","51.12","CALGARY INTL A","3031092","2024-09-24 19:00","2024","09","24","19:00","","21.1","","10.9","","52","","","","15","","5","","24.1","","88.27","","","","","","NA"
"-114.01","51.12","CALGARY INTL A","3031092","2024-09-24 20:00","2024","09","24","20:00","","21.1","","10.2","","49","","","","17","","9","","24.1","","88.27","","","","","","Mainly Clear"
"-114.01","51.12","CALGARY INTL A","3031092","2024-09-24 21:00","2024","09","24","21:00","","20.0","","10.3","","53","","","","26","","5","","24.1","","88.24","","","","","","NA"
"-114.01","51.12","CALGARY INTL A","3031092","2024-09-24 22:00","2024","09","24","22:00","","18.4","","9.2","","55","","","","19","","12","","24.1","","88.21","","","","","","NA"
"-114.01","51.12","CALGARY INTL A","3031092","2024-09-24 23:00","2024","09","24","23:00","","19.5","","9.0","","50","","","","22","","9","","24.1","","88.15","","","","","","Mostly Cloudy"
"-114.01","51.12","CALGARY INTL A","3031092","2024-09-25 00:00","2024","09","25","00:00"
"-114.01","51.12","CALGARY INTL A","3031092","2024-09-25 01:00","2024","09","25","01:00","","18.0","","9.5","","57","","","","23","","10","","24.1","","88.00","","","","","","NA"
"-114.01","51.12","CALGARY INTL A","3031092","2024-09-25 02:00","2024","09","25","02:00","","16.7","","9.8","","63","","","","22","","11","","24.1","","87.97","","","","","","Mostly Cloudy"
"-114.01","51.12","CALGARY INTL A","3031092","2024-09-25 03:00","2024","09","25","03:00","","16.1","","9.4","","64","","","","19","","7","","24.1","","87.94","","","","","","NA"
"-114.01","51.12","CALGARY INTL A","3031092","2024-09-25 04:00","2024","09","25","04:00","","16.3","","9.4","","63","","","","20","","9","","24.1","","87.87","","","","","","NA"
"-114.01","51.12","CALGARY INTL A","3031092","2024-09-25 05:00","2024","09","25","05:00","","15.2","","9.2","","67","","","","20","","11","","24.1","","87.80","","","","","","Mostly Cloudy"
"-114.01","51.12","CALGARY INTL A","3031092","2024-09-25 06:00","2024","09","25","06:00","","15.8","","9.0","","64","","","","20","","5","","24.1","","87.72","","","","","","NA"
"-114.01","51.12","CALGARY INTL A","3031092","2024-09-25 07:00","2024","09","25","07:00","","14.7","","9.1","","69","","","","18","","3","","32.2","","87.66","","","","","","NA"
"-114.01","51.12","CALGARY INTL A","3031092","2024-09-25 08:00","2024","09","25","08:00","","14.8","","10.8","","77","","","","36","","3","","64.4","","87.62","","","","","","Mostly Cloudy"
"-114.01","51.12","CALGARY INTL A","3031092","2024-09-25 09:00","2024","09","25","09:00","","20.1","","10.2","","53","","","","20","","14","","48.3","","87.59","","","","","","NA"
"-114.01","51.12","CALGARY INTL A","3031092","2024-09-25 10:00","2024","09","25","10:00","","23.5","","11.4","","46","","","","18","","16","","48.3","","87.57","","25","","","","NA"
"-114.01","51.12","CALGARY INTL A","3031092","2024-09-25 11:00","2024","09","25","11:00","","26.8","","8.3","","31","","","","20","","18","","48.3","","87.50","","27","","","","Mainly Clear"
"-114.01","51.12","CALGARY INTL A","3031092","2024-09-25 12:00","2024","09","25","12:00","","27.9","","7.0","","26","","","","18","","22","","48.3","","87.47","","28","","","","NA"
"-114.01","51.12","CALGARY INTL A","3031092","2024-09-25 13:00","2024","09","25","13:00","","29.2","","2.3","","17","","","","26","","19","","32.2","","87.43","","28","","","","NA"
"-114.01","51.12","CALGARY INTL A","3031092","2024-09-25 14:00","2024","09","25","14:00","","28.7","","1.6","","17","","","","23","","48","","32.2","","87.41","","27","","","","Mostly Cloudy"
"-114.01","51.12","CALGARY INTL A","3031092","2024-09-25 15:00","2024","09","25","15:00","","27.9","","1.4","","18","","","","23","","25","","32.2","","87.41","","26","","","","NA"
"-114.01","51.12","CALGARY INTL A","3031092","2024-09-25 16:00","2024","09","25","16:00","","27.9","","1.7","","18","","","","23","","31","","32.2","","87.39","","26","","","","NA"
"-114.01","51.12","CALGARY INTL A","3031092","2024-09-25 17:00","2024","09","25","17:00","","26.9","","2.5","","20","","","","23","","17","","32.2","","87.35","","25","","","","Mostly Cloudy"
"-114.01","51.12","CALGARY INTL A","3031092","2024-09-25 18:00","2024","09","25","18:00","","25.5","","2.9","","23","","","","22","","13","","24.1","","87.32","","","","","","NA"
"-114.01","51.12","CALGARY INTL A","3031092","2024-09-25 19:00","2024","09","25","19:00","","21.2","","1.8","","27","","","","19","","18","","24.1","","87.29","","","","","","NA"
"-114.01","51.12","CALGARY INTL A","3031092","2024-09-25 20:00","2024","09","25","20:00","","20.4","","2.7","","30","","","","19","","24","","24.1","","87.37","","","","","","Mainly Clear"
"-114.01","51.12","CALGARY INTL A","3031092","2024-09-25 21:00","2024","09","25","21:00","","18.9","","3.6","","36","","","","19","","18","","24.1","","87.40","","","","","","NA"
"-114.01","51.12","CALGARY INTL A","3031092","2024-09-25 22:00","2024","09","25","22:00","","17.6","","4.1","","40","","","","18","","8","","24.1","","87.37","","","","","","NA"
"-114.01","51.12","CALGARY INTL A","3031092","2024-09-25 23:00","2024","09","25","23:00","","18.0","","5.6","","44","","","","19","","15","","24.1","","87.36","","","","","","Mostly Cloudy"
"-114.01","51.12","CALGARY INTL A","3031092","2024-09-26 00:00","2024","09","26","00:00","","16.5","","6.3","","50","","","","18","","17","","24.1","","87.39","","","","","","NA"
"-114.01","51.12","CALGARY INTL A","3031092","2024-09-26 01:00","2024","09","26","01:00","","16.5","","5.8","","49","","","","20","","16","","24.1","","87.31","","","","","","NA"
"-114.01","51.12","CALGARY INTL A","3031092","2024-09-26 02:00","2024","09","26","02:00","","14.0","","6.0","","58","","","","36","","10","","24.1","","87.35","","","","","","Mostly Cloudy"
"-114.01","51.12","CALGARY INTL A","3031092","2024-09-26 03:00","2024","09","26","03:00","","12.8","","9.6","","81","","","","35","","24","","24.1","","87.53","","","","","","NA"
"-114.01","51.12","CALGARY INTL A","3031092","2024-09-26 04:00","2024","09","26","04:00","","10.9","","7.2","","78","","","","34","","27","","24.1","","87.73","","","","","","NA"
"-114.01","51.12","CALGARY INTL A","3031092","2024-09-26 05:00","2024","09","26","05:00","","8.5","","6.5","","87","","","","34","","39","","12.9","","87.92","","","","","","Rain Showers"
"-114.01","51.12","CALGARY INTL A","3031092","2024-09-26 06:00","2024","09","26","06:00","","7.7","","5.5","","86","","","","35","","24","","19.3","","88.06","","","","","","NA"
"-114.01","51.12","CALGARY INTL A","3031092","2024-09-26 07:00","2024","09","26","07:00","","7.4","","5.0","","85","","","","35","","27","","24.1","","88.22","","","","","","Rain"
"-114.01","51.12","CALGARY INTL A","3031092","2024-09-26 08:00","2024","09","26","08:00","","7.6","","6.0","","89","","","","31","","16","","14.5","","88.35","","","","","","Rain"
"-114.01","51.12","CALGARY INTL A","3031092","2024-09-26 09:00","2024","09","26","09:00","","9.2","","5.8","","79","","","","28","","13","","24.1","","88.47","","","","","","NA"
"-114.01","51.12","CALGARY INTL A","3031092","2024-09-26 10:00","2024","09","26","10:00","","9.7","","4.4","","69","","","","31","","9","","24.1","","88.58","","","","","","NA"
"-114.01","51.12","CALGARY INTL A","3031092","2024-09-26 11:00","2024","09","26","11:00","","11.7","","3.9","","59","","","","36","","10","","24.1","","88.62","","","","","","Mostly Cloudy"
"-114.01","51.12","CALGARY INTL A","3031092","2024-09-26 12:00","2024","09","26","12:00","","11.6","","3.0","","55","","","","8","","5","","32.2","","88.64","","","","","","NA"
"-114.01","51.12","CALGARY INTL A","3031092","2024-09-26 13:00","2024","09","26","13:00","","13.5","","4.9","","56","","","","17","","8","","32.2","","88.64","","","","","","NA"
"-114.01","51.12","CALGARY INTL A","3031092","2024-09-26 14:00","2024","09","26","14:00","","14.3","","4.1","","50","","","","18","","21","","32.2","","88.59","","","","","","Mainly Clear"
"-114.01","51.12","CALGARY INTL A","3031092","2024-09-26 15:00","2024","09","26","15:00","","14.8","","6.2","","56","","","","14","","13","","32.2","","88.56","","","","","","NA"
"-114.01","51.12","CALGARY INTL A","3031092","2024-09-26 16:00","2024","09","26","16:00","","15.4","","6.3","","54","","","","17","","22","","32.2","","88.52","","","","","","NA"
"-114.01","51.12","CALGARY INTL A","3031092","2024-09-26 17:00","2024","09","26","17:00","","15.5","","5.5","","51","","","","14","","21","","24.1","","88.48","","","","","","Mostly Cloudy"
"-114.01","51.12","CALGARY INTL A","3031092","2024-09-26 18:00","2024","09","26","18:00","","14.5","","2.8","","45","","","","15","","8","","24.1","","88.45","","","","","","NA"
"-114.01","51.12","CALGARY INTL A","3031092","2024-09-26 19:00","2024","09","26","19:00","","13.5","","1.7","","44","","","","18","","11","","24.1","","88.36","","","","","","NA"
"-114.01","51.12","CALGARY INTL A","3031092","2024-09-26 20:00","2024","09","26","20:00","","11.4","","1.1","","49","","","","18","","11","","24.1","","88.34","","","","","","Mostly Cloudy"
"-114.01","51.12","CALGARY INTL A","3031092","2024-09-26 21:00","2024","09","26","21:00","","10.3","","0.1","","49","","","","19","","11","","24.1","","88.33","","","","","","NA"
"-114.01","51.12","CALGARY INTL A","3031092","2024-09-26 22:00","2024","09","26","22:00","","8.9","","-0.1","","53","","","","17","","10","","24.1","","88.32","","","","","","NA"
"-114.01","51.12","CALGARY INTL A","3031092","2024-09-26 23:00","2024","09","26","23:00","","9.8","","0.0","","50","","","","","","0","","24.1","","88.29","","","","","","Mainly Clear"
"-114.01","51.12","CALGARY INTL A","3031092","2024-09-27 00:00","2024","09","27","00:00","","9.5","","0.0","","51","","","","17","","8","","24.1","","88.20","","","","","","NA"
"-114.01","51.12","CALGARY INTL A","3031092","2024-09-27 01:00","2024","09","27","01:00","","10.1","","1.7","","56","","","","22","","13","","16.1","","88.21","","","","","","NA"
"-114.01","51.12","CALGARY INTL A","3031092","2024-09-27 02:00","2024","09","27","02:00","","10.1","","2.1","","57","","","","21","","11","","24.1","","88.20","","","","","","Clear"
"-114.01","51.12","CALGARY INTL A","3031092","2024-09-27 03:00","2024","09","27","03:00","","10.8","","2.5","","56","","","","20","","5","","24.1","","88.20","","","","","","NA"
"-114.01","51.12","CALGARY INTL A","3031092","2024-09-27 04:00","2024","09","27","04:00","","7.0","","2.2","","71","","","","","","0","","24.1","","88.23","","","","","","NA"
"-114.01","51.12","CALGARY INTL A","3031092","2024-09-27 05:00","2024","09","27","05:00","","9.2","","2.4","","62","","","","21","","8","","24.1","","88.25","","","","","","Clear"
"-114.01","51.12","CALGARY INTL A","3031092","2024-09-27 06:00","2024","09","27","06:00","","8.3","","1.8","","63","","","","19","","10","","32.2","","88.28","","","","","","NA"
"-114.01","51.12","CALGARY INTL A","3031092","2024-09-27 07:00","2024","09","27","07:00","","7.2","","2.3","","71","","","","1","","4","","64.4","","88.37","","","","","","NA"
"-114.01","51.12","CALGARY INTL A","3031092","2024-09-27 08:00","2024","09","27","08:00","","11.7","","4.0","","59","","","","18","","7","","64.4","","88.42","","","","","","Clear"
"-114.01","51.12","CALGARY INTL A","3031092","2024-09-27 09:00","2024","09","27","09:00","","15.8","","0.6","","35","","","","23","","10","","64.4","","88.48","","","","","","NA"
"-114.01","51.12","CALGARY INTL A","3031092","2024-09-27 10:00","2024","09","27","10:00","","18.5","","-1.7","","25","","","","28","","31","","48.3","","88.50","","","","","","NA"
"-114.01","51.12","CALGARY INTL A","3031092","2024-09-27 11:00","2024","09","27","11:00","","18.8","","-2.4","","23","","","","27","","41","","48.3","","88.54","","","","","","Clear"
"-114.01","51.12","CALGARY INTL A","3031092","2024-09-27 12:00","2024","09","27","12:00","","19.6","","-2.0","","23","","","","26","","29","","48.3","","88.59","","","","","","NA"
"-114.01","51.12","CALGARY INTL A","3031092","2024-09-27 13:00","2024","09","27","13:00","","20.0","","-2.6","","21","","","","27","","35","","48.3","","88.63","","","","","","NA"
"-114.01","51.12","CALGARY INTL A","3031092","2024-09-27 14:00","2024","09","27","14:00","","20.2","","-2.6","","21","","","","27","","31","","48.3","","88.69","","","","","","Clear"
"-114.01","51.12","CALGARY INTL A","3031092","2024-09-27 15:00","2024","09","27","15:00","","20.3","","-2.2","","22","","","","27","","32","","32.2","","88.69","","","","","","NA"
"-114.01","51.12","CALGARY INTL A","3031092","2024-09-27 16:00","2024","09","27","16:00","","19.7","","-3.2","","21","","","","29","","30","","32.2","","88.79","","","","","","NA"
"-114.01","51.12","CALGARY INTL A","3031092","2024-09-27 17:00","2024","09","27","17:00","","19.3","","-3.0","","22","","","","29","","27","","32.2","","88.83","","","","","","Mostly Cloudy"
"-114.01","51.12","CALGARY INTL A","3031092","2024-09-27 18:00","2024","09","27","18:00","","17.3","","-2.3","","26","","","","31","","13","","32.2","","88.89","","","","","","NA"
"-114.01","51.12","CALGARY INTL A","3031092","2024-09-27 19:00","2024","09","27","19:00","","16.1","","-2.7","","27","","","","32","","16","","32.2","","88.95","","","","","","NA"
"-114.01","51.12","CALGARY INTL A","3031092","2024-09-27 20:00","2024","09","27","20:00","","12.4","","-1.7","","37","","","","5","","17","","24.1","","89.02","","","","","","Mostly Cloudy"
"-114.01","51.12","CALGARY INTL A","3031092","2024-09-27 21:00","2024","09","27","21:00","","13.1","","-2.9","","33","","","","35","","8","","24.1","","89.08","","","","","","NA"
"-114.01","51.12","CALGARY INTL A","3031092","2024-09-27 22:00","2024","09","27","22:00","","10.6","","-2.2","","41","","","","5","","7","","24.1","","89.13","","","","","","NA"
"-114.01","51.12","CALGARY INTL A","3031092","2024-09-27 23:00","2024","09","27","23:00","","9.9","","-1.8","","44","","","","","","0","","24.1","","89.19","","","","","","Mainly Clear"
"-114.01","51.12","CALGARY INTL A","3031092","2024-09-28 00:00","2024","09","28","00:00"
"-114.01","51.12","CALGARY INTL A","3031092","2024-09-28 01:00","2024","09","28","01:00","","7.9","","-0.5","","55","","","","","","0","","24.1","","89.31","","","","","","NA"
"-114.01","51.12","CALGARY INTL A","3031092","2024-09-28 02:00","2024","09","28","02:00","","5.9","","-0.8","","62","","","","36","","4","","16.1","","89.34","","","","","","Mainly Clear"
"-114.01","51.12","CALGARY INTL A","3031092","2024-09-28 03:00","2024","09","28","03:00","","3.6","","-1.2","","71","","","","35","","8","","24.1","","89.36","","","","","","NA"
"-114.01","51.12","CALGARY INTL A","3031092","2024-09-28 04:00","2024","09","28","04:00","","3.7","","-1.4","","69","","","","36","","10","","24.1","","89.44","","","","","","NA"
"-114.01","51.12","CALGARY INTL A","3031092","2024-09-28 05:00","2024","09","28","05:00","","4.2","","-1.4","","67","","","","35","","13","","24.1","","89.50","","","","","","Mostly Cloudy"
"-114.01","51.12","CALGARY INTL A","3031092","2024-09-28 06:00","2024","09","28","06:00","","5.1","","-3.0","","56","","","","2","","12","","32.2","","89.53","","","","","","NA"
"-114.01","51.12","CALGARY INTL A","3031092","2024-09-28 07:00","2024","09","28","07:00","","5.2","","-2.8","","56","","","","34","","15","","64.4","","89.53","","","","","","NA"
"-114.01","51.12","CALGARY INTL A","3031092","2024-09-28 08:00","2024","09","28","08:00","","7.3","","-2.6","","49","","","","34","","16","","64.4","","89.56","","","","","","Mostly Cloudy"
"-114.01","51.12","CALGARY INTL A","3031092","2024-09-28 09:00","2024","09","28","09:00","","9.9","","-2.6","","42","","","","36","","14","","64.4","","89.55","","","","","","NA"
"-114.01","51.12","CALGARY INTL A","3031092","2024-09-28 10:00","2024","09","28","10:00","","11.4","","-3.3","","36","","","","8","","15","","64.4","","89.52","","","","","","NA"
"-114.01","51.12","CALGARY INTL A","3031092","2024-09-28 11:00","2024","09","28","11:00","","12.2","","-2.1","","37","","","","11","","7","","64.4","","89.44","","","","","","Mainly Clear"
"-114.01","51.12","CALGARY INTL A","3031092","2024-09-28 12:00","2024","09","28","12:00","","13.8","","-0.6","","37","","","","14","","13","","48.3","","89.32","","","","","","NA"
"-114.01","51.12","CALGARY INTL A","3031092","2024-09-28 13:00","2024","09","28","13:00","","14.4","","0.8","","39","","","","14","","13","","48.3","","89.19","","","","","","NA"
"-114.01","51.12","CALGARY INTL A","3031092","2024-09-28 14:00","2024","09","28","14:00","","15.2","","-0.1","","35","","","","14","","17","","48.3","","89.05","","","","","","Mostly Cloudy"
"-114.01","51.12","CALGARY INTL A","3031092","2024-09-28 15:00","2024","09","28","15:00","","15.3","","1.0","","38","","","","16","","21","","32.2","","88.94","","","","","","NA"
"-114.01","51.12","CALGARY INTL A","3031092","2024-09-28 16:00","2024","09","28","16:00","","16.8","","3.0","","39","","","","15","","16","","32.2","","88.85","","","","","","NA"
"-114.01","51.12","CALGARY INTL A","3031092","2024-09-28 17:00","2024","09","28","17:00","","16.8","","2.6","","38","","","","16","","21","","32.2","","88.76","","","","","","Mostly Cloudy"
"-114.01","51.12","CALGARY INTL A","3031092","2024-09-28 18:00","2024","09","28","18:00","","15.4","","1.9","","40","","","","16","","13","","32.2","","88.71","","","","","","NA"
"-114.01","51.12","CALGARY INTL A","3031092","2024-09-28 19:00","2024","09","28","19:00","","14.2","","2.2","","44","","","","15","","10","","24.1","","88.63","","","","","","NA"
"-114.01","51.12","CALGARY INTL A","3031092","2024-09-28 20:00","2024","09","28","20:00","","13.2","","2.4","","48","","","","14","","9","","24.1","","88.56","","","","","","Mostly Cloudy"
"-114.01","51.12","CALGARY INTL A","3031092","2024-09-28 21:00","2024","09","28","21:00","","12.4","","3.8","","55","","","","16","","14","","24.1","","88.47","","","","","","NA"
"-114.01","51.12","CALGARY INTL A","3031092","2024-09-28 22:00","2024","09","28","22:00","","11.3","","4.0","","61","","","","16","","16","","24.1","","88.38","","","","","","NA"
"-114.01","51.12","CALGARY INTL A","3031092","2024-09-28 23:00","2024","09","28","23:00","","11.0","","3.9","","61","","","","23","","5","","24.1","","88.32","","","","","","Mainly Clear"
"-114.01","51.12","CALGARY INTL A","3031092","2024-09-29 00:00","2024","09","29","00:00","","8.0","","3.4","","73","","","","36","","4","","24.1","","88.24","","","","","","NA"
"-114.01","51.12","CALGARY INTL A","3031092","2024-09-29 01:00","2024","09","29","01:00","","7.6","","3.2","","73","","","","33","","13","","24.1","","88.21","","","","","","NA"
"-114.01","51.12","CALGARY INTL A","3031092","2024-09-29 02:00","2024","09","29","02:00","","7.7","","2.9","","71","","","","36","","13","","24.1","","88.16","","","","","","Mostly Cloudy"
"-114.01","51.12","CALGARY INTL A","3031092","2024-09-29 03:00","2024","09","29","03:00","","7.6","","2.5","","70","","","","","","0","","24.1","","88.05","","","","","","NA"
"-114.01","51.12","CALGARY INTL A","3031092","2024-09-29 04:00","2024","09","29","04:00","","7.2","","2.6","","73","","","","23","","12","","24.1","","88.03","","","","","","NA"
"-114.01","51.12","CALGARY INTL A","3031092","2024-09-29 05:00","2024","09","29","05:00","","5.6","","2.1","","79","","","","34","","16","","24.1","","88.05","","","","","","Mainly Clear"
"-114.01","51.12","CALGARY INTL A","3031092","2024-09-29 06:00","2024","09","29","06:00","","5.4","","1.6","","76","","","","36","","13","","24.1","","88.02","","","","","","NA"
"-114.01","51.12","CALGARY INTL A","3031092","2024-09-29 07:00","2024","09","29","07:00","","5.2","","1.3","","76","","","","4","","6","","24.1","","87.97","","","","","","NA"
"-114.01","51.12","CALGARY INTL A","3031092","2024-09-29 08:00","2024","09","29","08:00","","7.2","","1.9","","69","","","","18","","7","","24.1","","87.97","","","","","","Mostly Cloudy"
"-114.01","51.12","CALGARY INTL A","3031092","2024-09-29 09:00","2024","09","29","09:00","","9.4","","3.1","","64","","","","","","0","","24.1","","87.97","","","","","","NA"
"-114.01","51.12","CALGARY INTL A","3031092","2024-09-29 10:00","2024","09","29","10:00","","12.0","","4.6","","60","","","","4","","16","","24.1","","87.96","","","","","","NA"
"-114.01","51.12","CALGARY INTL A","3031092","2024-09-29 11:00","2024","09","29","11:00","","11.9","","3.5","","56","","","","1","","24","","24.1","","87.98","","","","","","Mostly Cloudy"
"-114.01","51.12","CALGARY INTL A","3031092","2024-09-29 12:00","2024","09","29","12:00","","10.5","","2.3","","56","","","","1","","26","","24.1","","88.03","","","","","","NA"
"-114.01","51.12","CALGARY INTL A","3031092","2024-09-29 13:00","2024","09","29","13:00","","7.8","","4.4","","79","","","","35","","18","","9.7","","88.09","","","","","","Rain Showers"
"-114.01","51.12","CALGARY INTL A","3031092","2024-09-29 14:00","2024","09","29","14:00","","8.1","","4.3","","77","","","","36","","22","","24.1","","88.13","","","","","","Mostly Cloudy"
"-114.01","51.12","CALGARY INTL A","3031092","2024-09-29 15:00","2024","09","29","15:00","","6.9","","3.1","","77","","","","1","","16","","24.1","","88.27","","","","","","NA"
"-114.01","51.12","CALGARY INTL A","3031092","2024-09-29 16:00","2024","09","29","16:00","","8.4","","3.0","","69","","","","1","","15","","24.1","","88.33","","","","","","NA"
"-114.01","51.12","CALGARY INTL A","3031092","2024-09-29 17:00","2024","09","29","17:00","","8.9","","3.7","","70","","","","2","","11","","24.1","","88.40","","","","","","Mostly Cloudy"
"-114.01","51.12","CALGARY INTL A","3031092","2024-09-29 18:00","2024","09","29","18:00","","7.3","","3.1","","74","","","","35","","43","","24.1","","88.62","","","","","","Rain Showers"
"-114.01","51.12","CALGARY INTL A","3031092","2024-09-29 19:00","2024","09","29","19:00","","5.5","","1.3","","74","","","","34","","35","","16.1","","88.78","","","","","","Rain"
"-114.01","51.12","CALGARY INTL A","3031092","2024-09-29 20:00","2024","09","29","20:00","","5.7","","-0.3","","65","","","","33","","43","","16.1","","88.92","","","","","","Rain"
"-114.01","51.12","CALGARY INTL A","3031092","2024-09-29 21:00","2024","09","29","21:00","","5.7","","-1.1","","62","","","","32","","29","","16.1","","89.04","","","","","","NA"
"-114.01","51.12","CALGARY INTL A","3031092","2024-09-29 22:00","2024","09","29","22:00","","6.0","","-1.5","","59","","","","31","","26","","9.7","","89.14","","","","","","Rain"
"-114.01","51.12","CALGARY INTL A","3031092","2024-09-29 23:00","2024","09","29","23:00","","5.9","","-1.7","","58","","","","32","","25","","11.3","","89.18","","","","","","Rain"
"-114.01","51.12","CALGARY INTL A","3031092","2024-09-30 00:00","2024","09","30","00:00","","5.8","","-2.8","","54","","","","33","","28","","11.3","","89.25","","","","","","NA"
"-114.01","51.12","CALGARY INTL A","3031092","2024-09-30 01:00","2024","09","30","01:00","","5.6","","-3.0","","54","","","","31","","24","","12.9","","89.34","","","","","","NA"
"-114.01","51.12","CALGARY INTL A","3031092","2024-09-30 02:00","2024","09","30","02:00","","4.6","","-4.2","","53","","","","33","","24","","12.9","","89.40","","","","","","Mostly Cloudy"
"-114.01","51.12","CALGARY INTL A","3031092","2024-09-30 03:00","2024","09","30","03:00","","3.7","","-4.8","","54","","","","34","","21","","16.1","","89.46","","","","","","NA"
"-114.01","51.12","CALGARY INTL A","3031092","2024-09-30 04:00","2024","09","30","04:00","","3.2","","-4.4","","57","","","","33","","13","","16.1","","89.55","","","","","","NA"
"-114.01","51.12","CALGARY INTL A","3031092","2024-09-30 05:00","2024","09","30","05:00","","3.2","","-4.7","","56","","","","32","","18","","24.1","","89.62","","","","","","Mainly Clear"
"-114.01","51.12","CALGARY INTL A","3031092","2024-09-30 06:00","2024","09","30","06:00","","2.8","","-5.2","","55","","","","32","","13","","24.1","","89.68","","","","","","NA"
"-114.01","51.12","CALGARY INTL A","3031092","2024-09-30 07:00","2024","09","30","07:00","","3.5","","-4.5","","56","","","","31","","8","","24.1","","89.75","","","","","","NA"
"-114.01","51.12","CALGARY INTL A","3031092","2024-09-30 08:00","2024","09","30","08:00","","4.7","","-3.9","","54","","","","25","","8","","64.4","","89.80","","","","","","Mostly Cloudy"
"-114.01","51.12","CALGARY INTL A","3031092","2024-09-30 09:00","2024","09","30","09:00","","5.5","","-1.7","","60","","","","21","","12","","64.4","","89.86","","","","","","NA"
"-114.01","51.12","CALGARY INTL A","3031092","2024-09-30 10:00","2024","09","30","10:00","","8.0","","-4.3","","42","","","","21","","10","","64.4","","89.87","","","","","","NA"
"-114.01","51.12","CALGARY INTL A","3031092","2024-09-30 11:00","2024","09","30","11:00","","8.8","","-2.9","","43","","","","","","0","","64.4","","89.84","","","","","","Clear"
"-114.01","51.12","CALGARY INTL A","3031092","2024-09-30 12:00","2024","09","30","12:00","","10.3","","-3.5","","38","","","","20","","17","","64.4","","89.81","","","","","","NA"
"-114.01","51.12","CALGARY INTL A","3031092","2024-09-30 13:00","2024","09","30","13:00","","11.2","","-1.6","","41","","","","19","","19","","64.4","","89.75","","","","","","NA"
"-114.01","51.12","CALGARY INTL A","3031092","2024-09-30 14:00","2024","09","30","14:00","","12.2","","-2.8","","35","","","","20","","19","","64.4","","89.68","","","","","","Mainly Clear"
"-114.01","51.12","CALGARY INTL A","3031092","2024-09-30 15:00","2024","09","30","15:00","","12.2","","-3.2","","34","","","","18","","14","","64.4","","89.64","","","","","","NA"
"-114.01","51.12","CALGARY INTL A","3031092","2024-09-30 16:00","2024","09","30","16:00","","12.7","","-3.7","","32","","","","23","","9","","64.4","","89.62","","","","","","NA"
"-114.01","51.12","CALGARY INTL A","3031092","2024-09-30 17:00","2024","09","30","17:00","","12.9","","-9.8","","20","","","","28","","27","","64.4","","89.57","","","","","","Mainly Clear"
"-114.01","51.12","CALGARY INTL A","3031092","2024-09-30 18:00","2024","09","30","18:00","","11.7","","-8.4","","24","","","","28","","21","","24.1","","89.57","","","","","","NA"
"-114.01","51.12","CALGARY INTL A","3031092","2024-09-30 19:00","2024","09","30","19:00","","10.2","","-7.4","","28","","","","28","","14","","24.1","","89.59","","","","","","NA"
"-114.01","51.12","CALGARY INTL A","3031092","2024-09-30 20:00","2024","09","30","20:00","","9.3","","-7.3","","30","","","","27","","13","","24.1","","89.52","","","","","","Clear"
"-114.01","51.12","CALGARY INTL A","3031092","2024-09-30 21:00","2024","09","30","21:00","","9.0","","-7.5","","31","","","","28","","8","","24.1","","89.46","","","","","","NA"
"-114.01","51.12","CALGARY INTL A","3031092","2024-09-30 22:00","2024","09","30","22:00","","7.7","","-5.6","","38","","","","20","","5","","24.1","","89.37","","","","","","NA"
"-114.01","51.12","CALGARY INTL A","3031092","2024-09-30 23:00","2024","09","30","23:00","","7.7","","-4.8","","41","","","","24","","4","","24.1","","89.33","","","","","","Mostly Cloudy"
