"Longitude (x)","Latitude (y)","Station Name","Climate ID","Date/Time (LST)","Year","Month","Day","Time (LST)","Flag","Temp (°C)","Temp Flag","Dew Point Temp (°C)","Dew Point Temp Flag","Rel Hum (%)","Rel Hum Flag","Precip. Amount (mm)","Precip. Amount Flag","Wind Dir (10s deg)","Wind Dir Flag","Wind Spd (km/h)","Wind Spd Flag","Visibility (km)","Visibility Flag","Stn Press (kPa)","Stn Press Flag","Hmdx","Hmdx Flag","Wind Chill","Wind Chill Flag","Weather"
"-114.01","51.12","CALGARY INTL A","3031092","2024-04-01 00:00","2024","04","01","00:00","","0.1","","-4.5","","71","","","","10","","14","","24.1","","87.77","","","","","","NA"
"-114.01","51.12","CALGARY INTL A","3031092","2024-04-01 01:00","2024","04","01","01:00","","4.7","","-5.0","","49","","","","12","","12","","16.1","","87.81","","","","","","NA"
"-114.01","51.12","CALGARY INTL A","3031092","2024-04-01 02:00","2024","04","01","02:00","","6.5","","-5.2","","43","","","","31","","21","","16.1","","87.84","","","","","","Mostly Cloudy"
"-114.01","51.12","CALGARY INTL A","3031092","2024-04-01 03:00","2024","04","01","03:00","","6.6","","-5.6","","41","","","","32","","14","","16.1","","87.92","","","","","","NA"
"-114.01","51.12","CALGARY INTL A","3031092","2024-04-01 04:00","2024","04","01","04:00","","7.7","","-6.3","","36","","","","29","","12","","24.1","","87.96","","","","","","NA"
"-114.01","51.12","CALGARY INTL A","3031092","2024-04-01 05:00","2024","04","01","05:00","","6.9","","-6.0","","39","","","","29","","5","","24.1","","88.05","","","","","","Clear"
"-114.01","51.12","CALGARY INTL A","3031092","2024-04-01 06:00","2024","04","01","06:00","","3.4","","-5.6","","52","","","","6","","16","","32.2","","88.16","","","","","","NA"
"-114.01","51.12","CALGARY INTL A","3031092","2024-04-01 07:00","2024","04","01","07:00","","3.2","","-5.1","","54","","","","7","","7","","64.4","","88.24","","","","","","NA"
"-114.01","51.12","CALGARY INTL A","3031092","2024-04-01 08:00","2024","04","01","08:00","","5.1","","-5.0","","48","","","","3","","4","","64.4","","88.32","","","","","","Mainly Clear"
"-114.01","51.12","CALGARY INTL A","3031092","2024-04-01 09:00","2024","04","01","09:00","","6.2","","-4.5","","46","","","","22","","9","","64.4","","88.37","","","","","","NA"
"-114.01","51.12","CALGARY INTL A","3031092","2024-04-01 10:00","2024","04","01","10:00","","7.8","","-4.2","","42","","","","17","","14","","64.4","","88.45","","","","","","NA"
"-114.01","51.12","CALGARY INTL A","3031092","2024-04-01 11:00","2024","04","01","11:00","","9.6","","-5.7","","34","","","","15","","7","","64.4","","88.50","","","","","","Clear"
"-114.01","51.12","CALGARY INTL A","3031092","2024-04-01 12:00","2024","04","01","12:00","","8.8","","-3.0","","43","","","","15","","27","","64.4","","88.51","","","","","","NA"
"-114.01","51.12","CALGARY INTL A","3031092","2024-04-01 13:00","2024","04","01","13:00","","9.2","","-2.9","","43","","","","12","","26","","64.4","","88.57","","","","","","NA"
"-114.01","51.12","CALGARY INTL A","3031092","2024-04-01 14:00","2024","04","01","14:00","","9.2","","-1.9","","46","","","","15","","20","","64.4","","88.56","","","","","","Clear"
"-114.01","51.12","CALGARY INTL A","3031092","2024-04-01 15:00","2024","04","01","15:00","","9.7","","-1.2","","46","","","","15","","19","","64.4","","88.56","","","","","","NA"
"-114.01","51.12","CALGARY INTL A","3031092","2024-04-01 16:00","2024","04","01","16:00","","10.2","","-0.3","","48","","","","12","","24","","24.1","","88.56","","","","","","NA"
"-114.01","51.12","CALGARY INTL A","3031092","2024-04-01 17:00","2024","04","01","17:00","","10.2","","0.6","","51","","","","13","","21","","24.1","","88.59","","","","","","Mainly Clear"
"-114.01","51.12","CALGARY INTL A","3031092","2024-04-01 18:00","2024","04","01","18:00","","8.9","","1.0","","57","","","","13","","17","","24.1","","88.61","","","","","","NA"
"-114.01","51.12","CALGARY INTL A","3031092","2024-04-01 19:00","2024","04","01","19:00","","6.2","","0.4","","66","","","","13","","18","","32.2","","88.66","","","","","","NA"
"-114.01","51.12","CALGARY INTL A","3031092","2024-04-01 20:00","2024","04","01","20:00","","5.9","","-0.3","","65","","","","14","","8","","32.2","","88.75","","","","","","Mainly Clear"
"-114.01","51.12","CALGARY INTL A","3031092","2024-04-01 21:00","2024","04","01","21:00","","3.5","","-0.8","","73","","","","9","","10","","24.1","","88.80","","","","","","NA"
"-114.01","51.12","CALGARY INTL A","3031092","2024-04-01 22:00","2024","04","01","22:00","","3.0","","-0.8","","76","","","","7","","11","","24.1","","88.83","","","","","","NA"
"-114.01","51.12","CALGARY INTL A","3031092","2024-04-01 23:00","2024","04","01","23:00","","1.4","","-1.5","","81","","","","7","","15","","24.1","","88.87","","","","","","Mainly Clear"
"-114.01","51.12","CALGARY INTL A","3031092","2024-04-02 00:00","2024","04","02","00:00","","2.2","","-1.4","","77","","","","9","","14","","24.1","","88.87","","","","","","NA"
"-114.01","51.12","CALGARY INTL A","3031092","2024-04-02 01:00","2024","04","02","01:00","","2.0","","-3.7","","66","","","","8","","10","","24.1","","88.89","","","","","","NA"
"-114.01","51.12","CALGARY INTL A","3031092","2024-04-02 02:00","2024","04","02","02:00","","1.1","","-3.4","","72","","","","9","","15","","24.1","","88.92","","","","","","Mainly Clear"
"-114.01","51.12","CALGARY INTL A","3031092","2024-04-02 03:00","2024","04","02","03:00","","2.6","","-3.9","","62","","","","17","","5","","24.1","","88.95","","","","","","NA"
"-114.01","51.12","CALGARY INTL A","3031092","2024-04-02 04:00","2024","04","02","04:00","","3.8","","-4.2","","56","","","","21","","10","","24.1","","88.92","","","","","","NA"
"-114.01","51.12","CALGARY INTL A","3031092","2024-04-02 05:00","2024","04","02","05:00","","1.3","","-3.6","","70","","","","14","","13","","24.1","","88.90","","","","","","Mainly Clear"
"-114.01","51.12","CALGARY INTL A","3031092","2024-04-02 06:00","2024","04","02","06:00","","2.7","","-3.8","","62","","","","14","","13","","32.2","","88.88","","","","","","NA"
"-114.01","51.12","CALGARY INTL A","3031092","2024-04-02 07:00","2024","04","02","07:00","","2.6","","-2.4","","69","","","","17","","10","","64.4","","88.85","","","","","","NA"
"-114.01","51.12","CALGARY INTL A","3031092","2024-04-02 08:00","2024","04","02","08:00","","6.8","","-0.6","","59","","","","18","","11","","64.4","","88.79","","","","","","Cloudy"
"-114.01","51.12","CALGARY INTL A","3031092","2024-04-02 09:00","2024","04","02","09:00","","7.3","","-0.4","","58","","","","15","","14","","64.4","","88.80","","","","","","NA"
"-114.01","51.12","CALGARY INTL A","3031092","2024-04-02 10:00","2024","04","02","10:00","","11.4","","-1.9","","39","","","","22","","13","","64.4","","88.80","","","","","","NA"
"-114.01","51.12","CALGARY INTL A","3031092","2024-04-02 11:00","2024","04","02","11:00","","12.2","","2.1","","50","","","","17","","4","","64.4","","88.79","","","","","","Mostly Cloudy"
"-114.01","51.12","CALGARY INTL A","3031092","2024-04-02 12:00","2024","04","02","12:00","","12.4","","0.4","","44","","","","13","","12","","64.4","","88.78","","","","","","NA"
"-114.01","51.12","CALGARY INTL A","3031092","2024-04-02 13:00","2024","04","02","13:00","","11.3","","0.7","","48","","","","12","","17","","64.4","","88.71","","","","","","NA"
"-114.01","51.12","CALGARY INTL A","3031092","2024-04-02 14:00","2024","04","02","14:00","","12.0","","0.1","","44","","","","12","","19","","64.4","","88.67","","","","","","Cloudy"
"-114.01","51.12","CALGARY INTL A","3031092","2024-04-02 15:00","2024","04","02","15:00","","16.7","","-2.9","","26","","","","25","","23","","24.1","","88.57","","","","","","NA"
"-114.01","51.12","CALGARY INTL A","3031092","2024-04-02 16:00","2024","04","02","16:00","","16.9","","-2.2","","27","","","","23","","12","","24.1","","88.57","","","","","","NA"
"-114.01","51.12","CALGARY INTL A","3031092","2024-04-02 17:00","2024","04","02","17:00","","15.5","","0.8","","37","","","","17","","23","","24.1","","88.52","","","","","","Mostly Cloudy"
"-114.01","51.12","CALGARY INTL A","3031092","2024-04-02 18:00","2024","04","02","18:00","","15.7","","0.0","","34","","","","16","","21","","24.1","","88.47","","","","","","NA"
"-114.01","51.12","CALGARY INTL A","3031092","2024-04-02 19:00","2024","04","02","19:00","","12.4","","0.3","","43","","","","13","","13","","32.2","","88.43","","","","","","NA"
"-114.01","51.12","CALGARY INTL A","3031092","2024-04-02 20:00","2024","04","02","20:00","","13.4","","-0.3","","39","","","","17","","8","","24.1","","88.45","","","","","","Mostly Cloudy"
"-114.01","51.12","CALGARY INTL A","3031092","2024-04-02 21:00","2024","04","02","21:00","","10.6","","0.3","","49","","","","12","","10","","24.1","","88.37","","","","","","NA"
"-114.01","51.12","CALGARY INTL A","3031092","2024-04-02 22:00","2024","04","02","22:00","","9.2","","-1.0","","49","","","","14","","14","","24.1","","88.33","","","","","","NA"
"-114.01","51.12","CALGARY INTL A","3031092","2024-04-02 23:00","2024","04","02","23:00","","8.0","","-0.6","","55","","","","17","","20","","24.1","","88.25","","","","","","Mostly Cloudy"
"-114.01","51.12","CALGARY INTL A","3031092","2024-04-03 00:00","2024","04","03","00:00","","7.3","","-0.4","","58","","","","13","","14","","24.1","","88.17","","","","","","NA"
"-114.01","51.12","CALGARY INTL A","3031092","2024-04-03 01:00","2024","04","03","01:00","","4.5","","-0.5","","70","","","","8","","19","","24.1","","88.12","","","","","","NA"
"-114.01","51.12","CALGARY INTL A","3031092","2024-04-03 02:00","2024","04","03","02:00","","7.2","","0.2","","61","","","","15","","20","","24.1","","88.08","","","","","","Mostly Cloudy"
"-114.01","51.12","CALGARY INTL A","3031092","2024-04-03 03:00","2024","04","03","03:00","","9.0","","0.6","","56","","","","17","","26","","24.1","","87.96","","","","","","NA"
"-114.01","51.12","CALGARY INTL A","3031092","2024-04-03 04:00","2024","04","03","04:00","","7.5","","1.1","","64","","","","16","","21","","24.1","","87.85","","","","","","NA"
"-114.01","51.12","CALGARY INTL A","3031092","2024-04-03 05:00","2024","04","03","05:00","","8.7","","1.8","","62","","","","10","","7","","24.1","","87.82","","","","","","Mainly Clear"
"-114.01","51.12","CALGARY INTL A","3031092","2024-04-03 06:00","2024","04","03","06:00","","7.2","","1.4","","66","","","","1","","20","","24.1","","87.91","","","","","","NA"
"-114.01","51.12","CALGARY INTL A","3031092","2024-04-03 07:00","2024","04","03","07:00","","7.4","","1.5","","66","","","","35","","16","","48.3","","87.98","","","","","","NA"
"-114.01","51.12","CALGARY INTL A","3031092","2024-04-03 08:00","2024","04","03","08:00","","9.3","","2.0","","60","","","","28","","18","","64.4","","88.04","","","","","","Mostly Cloudy"
"-114.01","51.12","CALGARY INTL A","3031092","2024-04-03 09:00","2024","04","03","09:00","","9.8","","0.8","","54","","","","29","","35","","64.4","","88.11","","","","","","Rain,Rain Showers"
"-114.01","51.12","CALGARY INTL A","3031092","2024-04-03 10:00","2024","04","03","10:00","","4.8","","3.1","","89","","","","36","","37","","32.2","","88.37","","","","","","Rain Showers"
"-114.01","51.12","CALGARY INTL A","3031092","2024-04-03 11:00","2024","04","03","11:00","","3.9","","1.8","","86","","","","36","","41","","24.1","","88.49","","","","","","Rain Showers"
"-114.01","51.12","CALGARY INTL A","3031092","2024-04-03 12:00","2024","04","03","12:00","","3.8","","0.9","","81","","","","36","","33","","24.1","","88.56","","","","","","NA"
"-114.01","51.12","CALGARY INTL A","3031092","2024-04-03 13:00","2024","04","03","13:00","","4.5","","-1.4","","66","","","","2","","30","","24.1","","88.63","","","","","","NA"
"-114.01","51.12","CALGARY INTL A","3031092","2024-04-03 14:00","2024","04","03","14:00","","7.0","","-1.7","","54","","","","2","","25","","24.1","","88.67","","","","","","Mostly Cloudy"
"-114.01","51.12","CALGARY INTL A","3031092","2024-04-03 15:00","2024","04","03","15:00","","6.2","","-4.9","","45","","","","1","","32","","24.1","","88.68","","","","","","NA"
"-114.01","51.12","CALGARY INTL A","3031092","2024-04-03 16:00","2024","04","03","16:00","","6.0","","-4.4","","47","","","","3","","23","","14.5","","88.72","","","","","","NA"
"-114.01","51.12","CALGARY INTL A","3031092","2024-04-03 17:00","2024","04","03","17:00","","5.3","","-4.5","","49","","","","5","","19","","24.1","","88.74","","","","","","Cloudy"
"-114.01","51.12","CALGARY INTL A","3031092","2024-04-03 18:00","2024","04","03","18:00","","5.0","","-3.3","","55","","","","8","","18","","24.1","","88.77","","","","","","NA"
"-114.01","51.12","CALGARY INTL A","3031092","2024-04-03 19:00","2024","04","03","19:00","","3.8","","-2.3","","64","","","","2","","11","","16.1","","88.79","","","","","","NA"
"-114.01","51.12","CALGARY INTL A","3031092","2024-04-03 20:00","2024","04","03","20:00","","3.2","","-1.4","","72","","","","3","","13","","24.1","","88.82","","","","","","Cloudy"
"-114.01","51.12","CALGARY INTL A","3031092","2024-04-03 21:00","2024","04","03","21:00","","2.9","","-1.1","","75","","","","4","","11","","24.1","","88.89","","","","","","NA"
"-114.01","51.12","CALGARY INTL A","3031092","2024-04-03 22:00","2024","04","03","22:00","","2.1","","-1.2","","79","","","","35","","11","","24.1","","88.89","","","","","","NA"
"-114.01","51.12","CALGARY INTL A","3031092","2024-04-03 23:00","2024","04","03","23:00","","1.7","","-0.8","","84","","","","4","","11","","12.9","","88.87","","","","","","Rain"
"-114.01","51.12","CALGARY INTL A","3031092","2024-04-04 00:00","2024","04","04","00:00","","1.7","","-0.7","","84","","","","36","","13","","12.9","","88.88","","","","","","NA"
"-114.01","51.12","CALGARY INTL A","3031092","2024-04-04 01:00","2024","04","04","01:00","","1.8","","-1.2","","81","","","","35","","12","","16.1","","88.84","","","","","","NA"
"-114.01","51.12","CALGARY INTL A","3031092","2024-04-04 02:00","2024","04","04","02:00","","1.6","","-2.0","","77","","","","7","","11","","19.3","","88.86","","","","","","Mostly Cloudy"
"-114.01","51.12","CALGARY INTL A","3031092","2024-04-04 03:00","2024","04","04","03:00","","2.1","","-2.6","","71","","","","1","","12","","16.1","","88.88","","","","","","NA"
"-114.01","51.12","CALGARY INTL A","3031092","2024-04-04 04:00","2024","04","04","04:00","","0.6","","-1.1","","88","","","","3","","13","","2.4","","88.87","","","","","","Snow"
"-114.01","51.12","CALGARY INTL A","3031092","2024-04-04 05:00","2024","04","04","05:00","","0.1","","-0.2","","98","","","","36","","13","","1.6","","88.86","","","","","","Snow"
"-114.01","51.12","CALGARY INTL A","3031092","2024-04-04 06:00","2024","04","04","06:00","","-0.1","","-0.2","","99","","","","1","","15","","1.6","","88.85","","","","-5","","Snow"
"-114.01","51.12","CALGARY INTL A","3031092","2024-04-04 07:00","2024","04","04","07:00","","-0.1","","-0.2","","100","","","","35","","12","","0.4","","88.85","","","","-4","","Snow,Freezing Fog"
"-114.01","51.12","CALGARY INTL A","3031092","2024-04-04 08:00","2024","04","04","08:00","","-0.8","","-0.9","","99","","","","4","","18","","0.4","","88.86","","","","-6","","Snow,Freezing Fog"
"-114.01","51.12","CALGARY INTL A","3031092","2024-04-04 09:00","2024","04","04","09:00","","-1.2","","-1.5","","98","","","","2","","15","","0.4","","88.86","","","","-6","","Snow,Freezing Fog"
"-114.01","51.12","CALGARY INTL A","3031092","2024-04-04 10:00","2024","04","04","10:00","","-0.9","","-1.5","","96","","","","1","","15","","0.8","","88.86","","","","-6","","Moderate Snow"
"-114.01","51.12","CALGARY INTL A","3031092","2024-04-04 11:00","2024","04","04","11:00","","-0.8","","-1.6","","94","","","","2","","15","","2.8","","88.84","","","","-5","","Snow"
"-114.01","51.12","CALGARY INTL A","3031092","2024-04-04 12:00","2024","04","04","12:00","","-0.5","","-1.6","","92","","","","36","","25","","3.6","","88.81","","","","-7","","Snow"
"-114.01","51.12","CALGARY INTL A","3031092","2024-04-04 13:00","2024","04","04","13:00","","-0.3","","-1.4","","92","","","","36","","26","","1.2","","88.77","","","","-6","","Snow"
"-114.01","51.12","CALGARY INTL A","3031092","2024-04-04 14:00","2024","04","04","14:00","","-0.1","","-0.6","","96","","","","2","","21","","0.4","","88.79","","","","-6","","Snow,Freezing Fog"
"-114.01","51.12","CALGARY INTL A","3031092","2024-04-04 15:00","2024","04","04","15:00","","0.0","","-0.8","","94","","","","5","","33","","1.6","","88.74","","","","-7","","Snow"
"-114.01","51.12","CALGARY INTL A","3031092","2024-04-04 16:00","2024","04","04","16:00","","0.0","","-0.5","","96","","","","5","","18","","0.4","","88.74","","","","-5","","Heavy Snow"
"-114.01","51.12","CALGARY INTL A","3031092","2024-04-04 17:00","2024","04","04","17:00","","0.0","","-0.5","","97","","","","5","","25","","1.2","","88.73","","","","-6","","Snow"
"-114.01","51.12","CALGARY INTL A","3031092","2024-04-04 18:00","2024","04","04","18:00","","-0.1","","-0.6","","96","","","","5","","24","","1.6","","88.70","","","","-6","","Snow"
"-114.01","51.12","CALGARY INTL A","3031092","2024-04-04 19:00","2024","04","04","19:00","","0.0","","-0.4","","98","","","","4","","17","","1.6","","88.70","","","","-5","","Snow,Fog"
"-114.01","51.12","CALGARY INTL A","3031092","2024-04-04 20:00","2024","04","04","20:00","","-0.1","","-0.4","","98","","","","4","","22","","3.2","","88.70","","","","-6","","Snow,Fog"
"-114.01","51.12","CALGARY INTL A","3031092","2024-04-04 21:00","2024","04","04","21:00","","-0.3","","-0.7","","97","","","","5","","31","","2.8","","88.68","","","","-7","","Snow,Fog"
"-114.01","51.12","CALGARY INTL A","3031092","2024-04-04 22:00","2024","04","04","22:00","","-0.6","","-1.1","","97","","","","5","","27","","3.2","","88.68","","","","-7","","Freezing Drizzle,Snow,Fog"
"-114.01","51.12","CALGARY INTL A","3031092","2024-04-04 23:00","2024","04","04","23:00","","-0.9","","-1.2","","98","","","","6","","19","","2.0","","88.62","","","","-6","","Snow,Fog"
"-114.01","51.12","CALGARY INTL A","3031092","2024-04-05 00:00","2024","04","05","00:00","","-1.0","","-1.4","","97","","","","3","","20","","2.8","","88.54","","","","-7","","Snow,Fog"
"-114.01","51.12","CALGARY INTL A","3031092","2024-04-05 01:00","2024","04","05","01:00","","-1.3","","-1.6","","98","","","","1","","26","","1.6","","88.41","","","","-8","","Snow,Fog"
"-114.01","51.12","CALGARY INTL A","3031092","2024-04-05 02:00","2024","04","05","02:00","","-1.5","","-1.9","","97","","","","3","","22","","1.2","","88.38","","","","-7","","Snow,Fog"
"-114.01","51.12","CALGARY INTL A","3031092","2024-04-05 03:00","2024","04","05","03:00","","-1.7","","-1.9","","98","","","","36","","16","","1.2","","88.34","","","","-7","","Snow,Fog"
"-114.01","51.12","CALGARY INTL A","3031092","2024-04-05 04:00","2024","04","05","04:00","","-1.8","","-2.0","","99","","","","1","","14","","1.2","","88.30","","","","-6","","Snow"
"-114.01","51.12","CALGARY INTL A","3031092","2024-04-05 05:00","2024","04","05","05:00","","-1.9","","-2.2","","98","","","","2","","20","","2.8","","88.23","","","","-8","","Snow,Fog"
"-114.01","51.12","CALGARY INTL A","3031092","2024-04-05 06:00","2024","04","05","06:00","","-1.9","","-2.4","","96","","","","1","","16","","2.4","","88.28","","","","-7","","Snow,Fog"
"-114.01","51.12","CALGARY INTL A","3031092","2024-04-05 07:00","2024","04","05","07:00","","-2.0","","-2.9","","94","","","","36","","14","","8.1","","88.25","","","","-7","","Fog"
"-114.01","51.12","CALGARY INTL A","3031092","2024-04-05 08:00","2024","04","05","08:00","","-1.7","","-3.2","","89","","","","2","","21","","16.1","","88.24","","","","-8","","Cloudy"
"-114.01","51.12","CALGARY INTL A","3031092","2024-04-05 09:00","2024","04","05","09:00","","-1.4","","-3.3","","87","","","","36","","20","","8.1","","88.18","","","","-7","","Fog"
"-114.01","51.12","CALGARY INTL A","3031092","2024-04-05 10:00","2024","04","05","10:00","","-1.0","","-2.8","","88","","","","2","","20","","16.1","","88.20","","","","-7","","NA"
"-114.01","51.12","CALGARY INTL A","3031092","2024-04-05 11:00","2024","04","05","11:00","","-0.3","","-2.9","","83","","","","1","","20","","24.1","","88.18","","","","-6","","Cloudy"
"-114.01","51.12","CALGARY INTL A","3031092","2024-04-05 12:00","2024","04","05","12:00","","0.1","","-3.1","","79","","","","36","","21","","24.1","","88.17","","","","","","NA"
"-114.01","51.12","CALGARY INTL A","3031092","2024-04-05 13:00","2024","04","05","13:00","","0.6","","-2.9","","77","","","","3","","19","","24.1","","88.11","","","","","","NA"
"-114.01","51.12","CALGARY INTL A","3031092","2024-04-05 14:00","2024","04","05","14:00","","1.1","","-3.4","","72","","","","4","","22","","24.1","","88.13","","","","","","Mostly Cloudy"
"-114.01","51.12","CALGARY INTL A","3031092","2024-04-05 15:00","2024","04","05","15:00","","0.6","","-3.3","","75","","","","2","","27","","24.1","","88.10","","","","","","NA"
"-114.01","51.12","CALGARY INTL A","3031092","2024-04-05 16:00","2024","04","05","16:00","","0.5","","-3.1","","77","","","","3","","19","","24.1","","88.16","","","","","","NA"
"-114.01","51.12","CALGARY INTL A","3031092","2024-04-05 17:00","2024","04","05","17:00","","0.2","","-3.0","","79","","","","5","","26","","24.1","","88.22","","","","","","Cloudy"
"-114.01","51.12","CALGARY INTL A","3031092","2024-04-05 18:00","2024","04","05","18:00","","0.0","","-2.9","","81","","","","5","","27","","24.1","","88.24","","","","-6","","NA"
"-114.01","51.12","CALGARY INTL A","3031092","2024-04-05 19:00","2024","04","05","19:00","","-0.1","","-3.1","","80","","","","4","","12","","16.1","","88.30","","","","-4","","NA"
"-114.01","51.12","CALGARY INTL A","3031092","2024-04-05 20:00","2024","04","05","20:00","","0.1","","-3.0","","80","","","","2","","15","","12.9","","88.35","","","","","","Cloudy"
"-114.01","51.12","CALGARY INTL A","3031092","2024-04-05 21:00","2024","04","05","21:00","","0.1","","-3.0","","80","","","","7","","11","","12.9","","88.39","","","","","","NA"
"-114.01","51.12","CALGARY INTL A","3031092","2024-04-05 22:00","2024","04","05","22:00","","0.0","","-2.9","","81","","","","36","","13","","16.1","","88.30","","","","-4","","NA"
"-114.01","51.12","CALGARY INTL A","3031092","2024-04-05 23:00","2024","04","05","23:00","","0.0","","-2.9","","81","","","","33","","21","","16.1","","88.23","","","","-5","","Mostly Cloudy"
"-114.01","51.12","CALGARY INTL A","3031092","2024-04-06 00:00","2024","04","06","00:00","","-0.3","","-2.9","","83","","","","36","","18","","16.1","","88.25","","","","-5","","NA"
"-114.01","51.12","CALGARY INTL A","3031092","2024-04-06 01:00","2024","04","06","01:00","","-0.1","","-2.8","","82","","","","1","","21","","12.9","","88.28","","","","-6","","NA"
"-114.01","51.12","CALGARY INTL A","3031092","2024-04-06 02:00","2024","04","06","02:00","","-0.6","","-3.1","","83","","","","5","","22","","12.9","","88.40","","","","-6","","Cloudy"
"-114.01","51.12","CALGARY INTL A","3031092","2024-04-06 03:00","2024","04","06","03:00","","-0.6","","-3.1","","83","","","","1","","21","","12.9","","88.33","","","","-6","","NA"
"-114.01","51.12","CALGARY INTL A","3031092","2024-04-06 04:00","2024","04","06","04:00","","-0.9","","-3.1","","85","","","","1","","21","","12.9","","88.34","","","","-7","","NA"
"-114.01","51.12","CALGARY INTL A","3031092","2024-04-06 05:00","2024","04","06","05:00","","-0.7","","-3.2","","83","","","","36","","18","","12.9","","88.41","","","","-6","","Cloudy"
"-114.01","51.12","CALGARY INTL A","3031092","2024-04-06 06:00","2024","04","06","06:00","","-1.0","","-3.1","","86","","","","2","","13","","16.1","","88.45","","","","-5","","NA"
"-114.01","51.12","CALGARY INTL A","3031092","2024-04-06 07:00","2024","04","06","07:00","","-1.3","","-3.0","","89","","","","1","","25","","4.0","","88.24","","","","-8","","Fog"
"-114.01","51.12","CALGARY INTL A","3031092","2024-04-06 08:00","2024","04","06","08:00","","-0.8","","-3.0","","85","","","","3","","19","","16.1","","88.36","","","","-6","","Cloudy"
"-114.01","51.12","CALGARY INTL A","3031092","2024-04-06 09:00","2024","04","06","09:00","","0.1","","-3.5","","77","","","","1","","20","","16.1","","88.48","","","","","","NA"
"-114.01","51.12","CALGARY INTL A","3031092","2024-04-06 10:00","2024","04","06","10:00","","0.8","","-3.4","","73","","","","1","","16","","16.1","","88.50","","","","","","NA"
"-114.01","51.12","CALGARY INTL A","3031092","2024-04-06 11:00","2024","04","06","11:00","","1.3","","-3.3","","71","","","","2","","17","","24.1","","88.48","","","","","","Mostly Cloudy"
"-114.01","51.12","CALGARY INTL A","3031092","2024-04-06 12:00","2024","04","06","12:00","","2.3","","-3.0","","68","","","","2","","16","","16.1","","88.45","","","","","","NA"
"-114.01","51.12","CALGARY INTL A","3031092","2024-04-06 13:00","2024","04","06","13:00","","2.6","","-2.4","","70","","","","3","","17","","16.1","","88.40","","","","","","NA"
"-114.01","51.12","CALGARY INTL A","3031092","2024-04-06 14:00","2024","04","06","14:00","","2.9","","-2.1","","69","","","","4","","18","","16.1","","88.38","","","","","","Mostly Cloudy"
"-114.01","51.12","CALGARY INTL A","3031092","2024-04-06 15:00","2024","04","06","15:00","","3.5","","-1.4","","70","","","","4","","21","","24.1","","88.36","","","","","","NA"
"-114.01","51.12","CALGARY INTL A","3031092","2024-04-06 16:00","2024","04","06","16:00","","4.1","","-1.0","","69","","","","4","","22","","24.1","","88.40","","","","","","NA"
"-114.01","51.12","CALGARY INTL A","3031092","2024-04-06 17:00","2024","04","06","17:00","","4.4","","-0.8","","69","","","","4","","17","","24.1","","88.39","","","","","","Cloudy"
"-114.01","51.12","CALGARY INTL A","3031092","2024-04-06 18:00","2024","04","06","18:00","","4.0","","-0.6","","72","","","","4","","14","","24.1","","88.40","","","","","","NA"
"-114.01","51.12","CALGARY INTL A","3031092","2024-04-06 19:00","2024","04","06","19:00","","2.5","","-0.3","","82","","","","10","","20","","16.1","","88.46","","","","","","NA"
"-114.01","51.12","CALGARY INTL A","3031092","2024-04-06 20:00","2024","04","06","20:00","","1.8","","-0.5","","85","","","","11","","17","","16.1","","88.55","","","","","","Mostly Cloudy"
"-114.01","51.12","CALGARY INTL A","3031092","2024-04-06 21:00","2024","04","06","21:00","","1.5","","-0.5","","87","","","","11","","14","","9.7","","88.55","","","","","","Fog"
"-114.01","51.12","CALGARY INTL A","3031092","2024-04-06 22:00","2024","04","06","22:00","","1.6","","-0.7","","84","","","","9","","14","","9.7","","88.53","","","","","","Fog"
"-114.01","51.12","CALGARY INTL A","3031092","2024-04-06 23:00","2024","04","06","23:00","","1.5","","-0.7","","85","","","","13","","10","","12.9","","88.51","","","","","","Mostly Cloudy"
"-114.01","51.12","CALGARY INTL A","3031092","2024-04-07 00:00","2024","04","07","00:00","","1.3","","-0.6","","87","","","","14","","9","","16.1","","88.51","","","","","","NA"
"-114.01","51.12","CALGARY INTL A","3031092","2024-04-07 01:00","2024","04","07","01:00","","1.6","","-0.4","","87","","","","10","","9","","16.1","","88.48","","","","","","NA"
"-114.01","51.12","CALGARY INTL A","3031092","2024-04-07 02:00","2024","04","07","02:00","","2.1","","-0.5","","83","","","","8","","12","","16.1","","88.49","","","","","","Mostly Cloudy"
"-114.01","51.12","CALGARY INTL A","3031092","2024-04-07 03:00","2024","04","07","03:00","","3.0","","-0.2","","80","","","","4","","9","","16.1","","88.49","","","","","","NA"
"-114.01","51.12","CALGARY INTL A","3031092","2024-04-07 04:00","2024","04","07","04:00","","3.1","","-0.5","","77","","","","6","","9","","16.1","","88.54","","","","","","NA"
"-114.01","51.12","CALGARY INTL A","3031092","2024-04-07 05:00","2024","04","07","05:00","","2.8","","0.0","","82","","","","8","","9","","16.1","","88.59","","","","","","Mostly Cloudy"
"-114.01","51.12","CALGARY INTL A","3031092","2024-04-07 06:00","2024","04","07","06:00","","2.7","","0.1","","83","","","","7","","9","","16.1","","88.63","","","","","","NA"
"-114.01","51.12","CALGARY INTL A","3031092","2024-04-07 07:00","2024","04","07","07:00","","3.6","","0.3","","79","","","","7","","9","","16.1","","88.66","","","","","","NA"
"-114.01","51.12","CALGARY INTL A","3031092","2024-04-07 08:00","2024","04","07","08:00","","4.6","","0.4","","74","","","","32","","7","","24.1","","88.70","","","","","","Cloudy"
"-114.01","51.12","CALGARY INTL A","3031092","2024-04-07 09:00","2024","04","07","09:00","","6.2","","0.2","","65","","","","29","","11","","24.1","","88.72","","","","","","NA"
"-114.01","51.12","CALGARY INTL A","3031092","2024-04-07 10:00","2024","04","07","10:00","","8.1","","-0.9","","53","","","","27","","5","","24.1","","88.74","","","","","","NA"
"-114.01","51.12","CALGARY INTL A","3031092","2024-04-07 11:00","2024","04","07","11:00","","8.2","","-1.7","","50","","","","28","","13","","24.1","","88.73","","","","","","Mostly Cloudy"
"-114.01","51.12","CALGARY INTL A","3031092","2024-04-07 12:00","2024","04","07","12:00","","8.6","","-1.8","","48","","","","1","","8","","24.1","","88.73","","","","","","NA"
"-114.01","51.12","CALGARY INTL A","3031092","2024-04-07 13:00","2024","04","07","13:00","","9.8","","-1.7","","45","","","","10","","16","","24.1","","88.72","","","","","","NA"
"-114.01","51.12","CALGARY INTL A","3031092","2024-04-07 14:00","2024","04","07","14:00","","9.6","","-4.5","","37","","","","36","","7","","24.1","","88.71","","","","","","Mostly Cloudy"
"-114.01","51.12","CALGARY INTL A","3031092","2024-04-07 15:00","2024","04","07","15:00","","9.4","","-5.4","","34","","","","22","","14","","24.1","","88.68","","","","","","NA"
"-114.01","51.12","CALGARY INTL A","3031092","2024-04-07 16:00","2024","04","07","16:00","","9.5","","-4.8","","36","","","","22","","10","","24.1","","88.66","","","","","","NA"
"-114.01","51.12","CALGARY INTL A","3031092","2024-04-07 17:00","2024","04","07","17:00","","10.3","","-3.6","","37","","","","15","","14","","24.1","","88.63","","","","","","Mostly Cloudy"
"-114.01","51.12","CALGARY INTL A","3031092","2024-04-07 18:00","2024","04","07","18:00","","10.3","","-3.6","","37","","","","17","","14","","24.1","","88.63","","","","","","NA"
"-114.01","51.12","CALGARY INTL A","3031092","2024-04-07 19:00","2024","04","07","19:00","","7.9","","-2.8","","47","","","","18","","14","","24.1","","88.62","","","","","","NA"
"-114.01","51.12","CALGARY INTL A","3031092","2024-04-07 20:00","2024","04","07","20:00","","6.9","","-2.9","","50","","","","21","","6","","24.1","","88.63","","","","","","Mainly Clear"
"-114.01","51.12","CALGARY INTL A","3031092","2024-04-07 21:00","2024","04","07","21:00","","6.4","","-2.8","","52","","","","24","","4","","24.1","","88.66","","","","","","NA"
"-114.01","51.12","CALGARY INTL A","3031092","2024-04-07 22:00","2024","04","07","22:00","","5.7","","-5.7","","44","","","","28","","12","","24.1","","88.67","","","","","","NA"
"-114.01","51.12","CALGARY INTL A","3031092","2024-04-07 23:00","2024","04","07","23:00","","5.7","","-7.6","","38","","","","27","","18","","24.1","","88.66","","","","","","Clear"
"-114.01","51.12","CALGARY INTL A","3031092","2024-04-08 00:00","2024","04","08","00:00","","5.2","","-7.0","","41","","","","25","","5","","24.1","","88.67","","","","","","NA"
"-114.01","51.12","CALGARY INTL A","3031092","2024-04-08 01:00","2024","04","08","01:00","","3.6","","-8.3","","42","","","","7","","5","","24.1","","88.68","","","","","","NA"
"-114.01","51.12","CALGARY INTL A","3031092","2024-04-08 02:00","2024","04","08","02:00","","3.5","","-9.4","","38","","","","8","","5","","24.1","","88.67","","","","","","Clear"
"-114.01","51.12","CALGARY INTL A","3031092","2024-04-08 03:00","2024","04","08","03:00","","1.4","","-8.4","","48","","","","10","","10","","24.1","","88.66","","","","","","NA"
"-114.01","51.12","CALGARY INTL A","3031092","2024-04-08 04:00","2024","04","08","04:00","","3.9","","-10.0","","36","","","","29","","20","","24.1","","88.67","","","","","","NA"
"-114.01","51.12","CALGARY INTL A","3031092","2024-04-08 05:00","2024","04","08","05:00","","0.7","","-8.8","","49","","","","11","","9","","24.1","","88.66","","","","","","Clear"
"-114.01","51.12","CALGARY INTL A","3031092","2024-04-08 06:00","2024","04","08","06:00","","-0.9","","-8.2","","58","","","","15","","7","","64.4","","88.66","","","","-3","","NA"
"-114.01","51.12","CALGARY INTL A","3031092","2024-04-08 07:00","2024","04","08","07:00","","4.1","","-9.1","","38","","","","","","0","","64.4","","88.66","","","","","","NA"
"-114.01","51.12","CALGARY INTL A","3031092","2024-04-08 08:00","2024","04","08","08:00","","5.8","","-9.0","","34","","","","28","","13","","64.4","","88.65","","","","","","Clear"
"-114.01","51.12","CALGARY INTL A","3031092","2024-04-08 09:00","2024","04","08","09:00","","6.8","","-8.5","","33","","","","29","","12","","64.4","","88.63","","","","","","NA"
"-114.01","51.12","CALGARY INTL A","3031092","2024-04-08 10:00","2024","04","08","10:00","","8.4","","-8.8","","29","","","","28","","8","","64.4","","88.58","","","","","","NA"
"-114.01","51.12","CALGARY INTL A","3031092","2024-04-08 11:00","2024","04","08","11:00","","9.1","","-8.9","","27","","","","32","","10","","64.4","","88.51","","","","","","Mainly Clear"
"-114.01","51.12","CALGARY INTL A","3031092","2024-04-08 12:00","2024","04","08","12:00","","9.7","","-7.6","","29","","","","18","","13","","64.4","","88.42","","","","","","NA"
"-114.01","51.12","CALGARY INTL A","3031092","2024-04-08 13:00","2024","04","08","13:00","","11.7","","-7.5","","25","","","","16","","12","","64.4","","88.35","","","","","","NA"
"-114.01","51.12","CALGARY INTL A","3031092","2024-04-08 14:00","2024","04","08","14:00","","11.6","","-8.3","","24","","","","18","","7","","64.4","","88.30","","","","","","Mainly Clear"
"-114.01","51.12","CALGARY INTL A","3031092","2024-04-08 15:00","2024","04","08","15:00","","11.4","","-7.5","","26","","","","29","","29","","64.4","","88.28","","","","","","NA"
"-114.01","51.12","CALGARY INTL A","3031092","2024-04-08 16:00","2024","04","08","16:00","","10.6","","-7.8","","27","","","","28","","10","","24.1","","88.25","","","","","","NA"
"-114.01","51.12","CALGARY INTL A","3031092","2024-04-08 17:00","2024","04","08","17:00","","10.4","","-7.3","","28","","","","30","","8","","24.1","","88.21","","","","","","Cloudy"
"-114.01","51.12","CALGARY INTL A","3031092","2024-04-08 18:00","2024","04","08","18:00","","10.0","","-7.0","","30","","","","20","","6","","24.1","","88.15","","","","","","NA"
"-114.01","51.12","CALGARY INTL A","3031092","2024-04-08 19:00","2024","04","08","19:00","","9.4","","-7.3","","30","","","","26","","8","","32.2","","88.10","","","","","","NA"
"-114.01","51.12","CALGARY INTL A","3031092","2024-04-08 20:00","2024","04","08","20:00","","8.4","","-6.2","","35","","","","18","","10","","24.1","","88.11","","","","","","Mostly Cloudy"
"-114.01","51.12","CALGARY INTL A","3031092","2024-04-08 21:00","2024","04","08","21:00","","7.8","","-6.5","","36","","","","13","","7","","24.1","","88.15","","","","","","NA"
"-114.01","51.12","CALGARY INTL A","3031092","2024-04-08 22:00","2024","04","08","22:00","","7.0","","-6.3","","38","","","","36","","3","","24.1","","88.12","","","","","","NA"
"-114.01","51.12","CALGARY INTL A","3031092","2024-04-08 23:00","2024","04","08","23:00","","6.2","","-6.2","","41","","","","15","","8","","24.1","","88.10","","","","","","Mostly Cloudy"
"-114.01","51.12","CALGARY INTL A","3031092","2024-04-09 00:00","2024","04","09","00:00","","6.2","","-6.4","","40","","","","13","","4","","24.1","","88.11","","","","","","NA"
"-114.01","51.12","CALGARY INTL A","3031092","2024-04-09 01:00","2024","04","09","01:00","","5.6","","-6.5","","41","","","","12","","8","","24.1","","88.13","","","","","","NA"
"-114.01","51.12","CALGARY INTL A","3031092","2024-04-09 02:00","2024","04","09","02:00","","4.6","","-6.3","","45","","","","16","","3","","24.1","","88.13","","","","","","Mainly Clear"
"-114.01","51.12","CALGARY INTL A","3031092","2024-04-09 03:00","2024","04","09","03:00","","5.6","","-6.8","","41","","","","17","","8","","24.1","","88.15","","","","","","NA"
"-114.01","51.12","CALGARY INTL A","3031092","2024-04-09 04:00","2024","04","09","04:00","","2.6","","-6.1","","53","","","","10","","5","","24.1","","88.17","","","","","","NA"
"-114.01","51.12","CALGARY INTL A","3031092","2024-04-09 05:00","2024","04","09","05:00","","3.0","","-5.7","","53","","","","12","","7","","24.1","","88.19","","","","","","Mostly Cloudy"
"-114.01","51.12","CALGARY INTL A","3031092","2024-04-09 06:00","2024","04","09","06:00","","1.3","","-6.2","","58","","","","6","","12","","32.2","","88.24","","","","","","NA"
"-114.01","51.12","CALGARY INTL A","3031092","2024-04-09 07:00","2024","04","09","07:00","","4.7","","-6.0","","46","","","","19","","9","","24.1","","88.27","","","","","","NA"
"-114.01","51.12","CALGARY INTL A","3031092","2024-04-09 08:00","2024","04","09","08:00","","7.4","","-6.3","","37","","","","23","","9","","64.4","","88.30","","","","","","Mainly Clear"
"-114.01","51.12","CALGARY INTL A","3031092","2024-04-09 09:00","2024","04","09","09:00","","9.6","","-6.7","","31","","","","28","","14","","64.4","","88.29","","","","","","NA"
"-114.01","51.12","CALGARY INTL A","3031092","2024-04-09 10:00","2024","04","09","10:00","","10.5","","-6.1","","30","","","","27","","16","","64.4","","88.32","","","","","","NA"
"-114.01","51.12","CALGARY INTL A","3031092","2024-04-09 11:00","2024","04","09","11:00","","11.5","","-7.9","","25","","","","26","","17","","64.4","","88.29","","","","","","Mainly Clear"
"-114.01","51.12","CALGARY INTL A","3031092","2024-04-09 12:00","2024","04","09","12:00","","12.2","","-9.8","","21","","","","27","","32","","64.4","","88.28","","","","","","NA"
"-114.01","51.12","CALGARY INTL A","3031092","2024-04-09 13:00","2024","04","09","13:00","","12.3","","-8.8","","22","","","","28","","23","","64.4","","88.27","","","","","","NA"
"-114.01","51.12","CALGARY INTL A","3031092","2024-04-09 14:00","2024","04","09","14:00","","12.6","","-8.0","","23","","","","32","","16","","24.1","","88.25","","","","","","Mostly Cloudy"
"-114.01","51.12","CALGARY INTL A","3031092","2024-04-09 15:00","2024","04","09","15:00","","11.0","","-8.1","","25","","","","29","","14","","24.1","","88.31","","","","","","Rain Showers"
"-114.01","51.12","CALGARY INTL A","3031092","2024-04-09 16:00","2024","04","09","16:00","","5.1","","0.0","","69","","","","34","","54","","24.1","","88.55","","","","","","NA"
"-114.01","51.12","CALGARY INTL A","3031092","2024-04-09 17:00","2024","04","09","17:00","","3.8","","0.4","","79","","","","34","","49","","16.1","","88.72","","","","","","Cloudy"
"-114.01","51.12","CALGARY INTL A","3031092","2024-04-09 18:00","2024","04","09","18:00","","1.3","","-1.0","","85","","","","35","","39","","11.3","","88.89","","","","","","NA"
"-114.01","51.12","CALGARY INTL A","3031092","2024-04-09 19:00","2024","04","09","19:00","","1.6","","-1.4","","81","","","","34","","22","","24.1","","88.91","","","","","","NA"
"-114.01","51.12","CALGARY INTL A","3031092","2024-04-09 20:00","2024","04","09","20:00","","2.4","","-5.1","","58","","","","33","","18","","24.1","","89.01","","","","","","Mostly Cloudy"
"-114.01","51.12","CALGARY INTL A","3031092","2024-04-09 21:00","2024","04","09","21:00","","1.5","","-4.6","","64","","","","28","","7","","24.1","","89.12","","","","","","NA"
"-114.01","51.12","CALGARY INTL A","3031092","2024-04-09 22:00","2024","04","09","22:00","","1.4","","-4.3","","65","","","","27","","10","","24.1","","89.18","","","","","","NA"
"-114.01","51.12","CALGARY INTL A","3031092","2024-04-09 23:00","2024","04","09","23:00","","0.9","","-4.6","","67","","","","31","","12","","24.1","","89.24","","","","","","Mainly Clear"
"-114.01","51.12","CALGARY INTL A","3031092","2024-04-10 00:00","2024","04","10","00:00","","0.6","","-5.0","","66","","","","32","","16","","24.1","","89.30","","","","","","NA"
"-114.01","51.12","CALGARY INTL A","3031092","2024-04-10 01:00","2024","04","10","01:00","","0.8","","-5.9","","61","","","","29","","10","","24.1","","89.34","","","","","","NA"
"-114.01","51.12","CALGARY INTL A","3031092","2024-04-10 02:00","2024","04","10","02:00","","-1.2","","-6.9","","65","","","","33","","9","","24.1","","89.39","","","","-4","","Mainly Clear"
"-114.01","51.12","CALGARY INTL A","3031092","2024-04-10 03:00","2024","04","10","03:00","","-2.4","","-7.0","","70","","","","11","","5","","24.1","","89.44","","","","-4","","NA"
"-114.01","51.12","CALGARY INTL A","3031092","2024-04-10 04:00","2024","04","10","04:00","","-2.2","","-7.2","","68","","","","34","","7","","24.1","","89.52","","","","-5","","NA"
"-114.01","51.12","CALGARY INTL A","3031092","2024-04-10 05:00","2024","04","10","05:00","","-1.3","","-8.3","","59","","","","30","","6","","24.1","","89.59","","","","-4","","Mainly Clear"
"-114.01","51.12","CALGARY INTL A","3031092","2024-04-10 06:00","2024","04","10","06:00","","-1.9","","-9.4","","57","","","","1","","4","","64.4","","89.65","","","","-3","","NA"
"-114.01","51.12","CALGARY INTL A","3031092","2024-04-10 07:00","2024","04","10","07:00","","0.6","","-8.3","","51","","","","35","","7","","64.4","","89.69","","","","","","NA"
"-114.01","51.12","CALGARY INTL A","3031092","2024-04-10 08:00","2024","04","10","08:00","","2.6","","-8.3","","44","","","","31","","18","","64.4","","89.72","","","","","","Clear"
"-114.01","51.12","CALGARY INTL A","3031092","2024-04-10 09:00","2024","04","10","09:00","","4.3","","-8.8","","38","","","","36","","22","","64.4","","89.74","","","","","","NA"
"-114.01","51.12","CALGARY INTL A","3031092","2024-04-10 10:00","2024","04","10","10:00","","5.4","","-9.5","","33","","","","1","","22","","64.4","","89.75","","","","","","NA"
"-114.01","51.12","CALGARY INTL A","3031092","2024-04-10 11:00","2024","04","10","11:00","","6.3","","-8.7","","33","","","","1","","7","","64.4","","89.73","","","","","","Mainly Clear"
"-114.01","51.12","CALGARY INTL A","3031092","2024-04-10 12:00","2024","04","10","12:00","","7.7","","-8.8","","30","","","","36","","24","","64.4","","89.69","","","","","","NA"
"-114.01","51.12","CALGARY INTL A","3031092","2024-04-10 13:00","2024","04","10","13:00","","7.2","","-10.0","","28","","","","35","","4","","64.4","","89.63","","","","","","NA"
"-114.01","51.12","CALGARY INTL A","3031092","2024-04-10 14:00","2024","04","10","14:00","","9.0","","-12.2","","21","","","","22","","6","","64.4","","89.57","","","","","","Mostly Cloudy"
"-114.01","51.12","CALGARY INTL A","3031092","2024-04-10 15:00","2024","04","10","15:00","","9.0","","-11.2","","23","","","","13","","5","","64.4","","89.50","","","","","","NA"
"-114.01","51.12","CALGARY INTL A","3031092","2024-04-10 16:00","2024","04","10","16:00","","9.4","","-12.4","","20","","","","27","","10","","64.4","","89.45","","","","","","NA"
"-114.01","51.12","CALGARY INTL A","3031092","2024-04-10 17:00","2024","04","10","17:00","","10.2","","-12.2","","19","","","","22","","7","","48.3","","89.41","","","","","","Mostly Cloudy"
"-114.01","51.12","CALGARY INTL A","3031092","2024-04-10 18:00","2024","04","10","18:00","","9.5","","-11.4","","22","","","","11","","6","","48.3","","89.36","","","","","","NA"
"-114.01","51.12","CALGARY INTL A","3031092","2024-04-10 19:00","2024","04","10","19:00","","7.4","","-8.4","","31","","","","17","","15","","48.3","","89.34","","","","","","NA"
"-114.01","51.12","CALGARY INTL A","3031092","2024-04-10 20:00","2024","04","10","20:00","","6.0","","-8.0","","36","","","","17","","16","","32.2","","89.35","","","","","","Mainly Clear"
"-114.01","51.12","CALGARY INTL A","3031092","2024-04-10 21:00","2024","04","10","21:00","","4.0","","-6.9","","45","","","","12","","15","","24.1","","89.38","","","","","","NA"
"-114.01","51.12","CALGARY INTL A","3031092","2024-04-10 22:00","2024","04","10","22:00","","3.2","","-7.6","","45","","","","14","","8","","24.1","","89.36","","","","","","NA"
"-114.01","51.12","CALGARY INTL A","3031092","2024-04-10 23:00","2024","04","10","23:00","","1.7","","-7.3","","52","","","","13","","11","","24.1","","89.34","","","","","","Mainly Clear"
"-114.01","51.12","CALGARY INTL A","3031092","2024-04-11 00:00","2024","04","11","00:00","","1.5","","-7.4","","52","","","","16","","5","","24.1","","89.30","","","","","","NA"
"-114.01","51.12","CALGARY INTL A","3031092","2024-04-11 01:00","2024","04","11","01:00","","1.4","","-7.2","","53","","","","16","","5","","24.1","","89.26","","","","","","NA"
"-114.01","51.12","CALGARY INTL A","3031092","2024-04-11 02:00","2024","04","11","02:00","","0.9","","-6.6","","57","","","","15","","13","","24.1","","89.21","","","","","","Mainly Clear"
"-114.01","51.12","CALGARY INTL A","3031092","2024-04-11 03:00","2024","04","11","03:00","","0.5","","-6.9","","58","","","","17","","8","","24.1","","89.17","","","","","","NA"
"-114.01","51.12","CALGARY INTL A","3031092","2024-04-11 04:00","2024","04","11","04:00","","1.2","","-6.8","","55","","","","19","","5","","24.1","","89.13","","","","","","NA"
"-114.01","51.12","CALGARY INTL A","3031092","2024-04-11 05:00","2024","04","11","05:00","","0.8","","-6.6","","58","","","","20","","5","","24.1","","89.12","","","","","","Mainly Clear"
"-114.01","51.12","CALGARY INTL A","3031092","2024-04-11 06:00","2024","04","11","06:00","","0.2","","-6.6","","60","","","","19","","5","","64.4","","89.09","","","","","","NA"
"-114.01","51.12","CALGARY INTL A","3031092","2024-04-11 07:00","2024","04","11","07:00","","1.0","","-5.3","","63","","","","17","","5","","64.4","","89.06","","","","","","NA"
"-114.01","51.12","CALGARY INTL A","3031092","2024-04-11 08:00","2024","04","11","08:00","","3.2","","-5.6","","52","","","","","","0","","64.4","","89.01","","","","","","Cloudy"
"-114.01","51.12","CALGARY INTL A","3031092","2024-04-11 09:00","2024","04","11","09:00","","5.5","","-5.9","","44","","","","21","","6","","64.4","","88.97","","","","","","NA"
"-114.01","51.12","CALGARY INTL A","3031092","2024-04-11 10:00","2024","04","11","10:00","","7.9","","-6.2","","36","","","","15","","13","","64.4","","88.91","","","","","","NA"
"-114.01","51.12","CALGARY INTL A","3031092","2024-04-11 11:00","2024","04","11","11:00","","9.4","","-6.5","","32","","","","15","","12","","48.3","","88.83","","","","","","Cloudy"
"-114.01","51.12","CALGARY INTL A","3031092","2024-04-11 12:00","2024","04","11","12:00","","11.4","","-7.5","","26","","","","17","","18","","48.3","","88.73","","","","","","NA"
"-114.01","51.12","CALGARY INTL A","3031092","2024-04-11 13:00","2024","04","11","13:00","","11.6","","-8.4","","24","","","","15","","22","","64.4","","88.62","","","","","","NA"
"-114.01","51.12","CALGARY INTL A","3031092","2024-04-11 14:00","2024","04","11","14:00","","12.4","","-8.5","","22","","","","14","","16","","64.4","","88.53","","","","","","Cloudy"
"-114.01","51.12","CALGARY INTL A","3031092","2024-04-11 15:00","2024","04","11","15:00","","13.2","","-6.1","","26","","","","16","","23","","48.3","","88.44","","","","","","NA"
"-114.01","51.12","CALGARY INTL A","3031092","2024-04-11 16:00","2024","04","11","16:00","","13.7","","-6.0","","25","","","","14","","27","","48.3","","88.34","","","","","","NA"
"-114.01","51.12","CALGARY INTL A","3031092","2024-04-11 17:00","2024","04","11","17:00","","13.3","","-6.8","","24","","","","18","","19","","64.4","","88.26","","","","","","Cloudy"
"-114.01","51.12","CALGARY INTL A","3031092","2024-04-11 18:00","2024","04","11","18:00","","12.7","","-6.0","","27","","","","15","","23","","48.3","","88.21","","","","","","NA"
"-114.01","51.12","CALGARY INTL A","3031092","2024-04-11 19:00","2024","04","11","19:00","","11.8","","-6.1","","28","","","","4","","3","","48.3","","88.18","","","","","","NA"
"-114.01","51.12","CALGARY INTL A","3031092","2024-04-11 20:00","2024","04","11","20:00","","8.4","","-3.5","","43","","","","","","0","","16.1","","88.15","","","","","","Cloudy"
"-114.01","51.12","CALGARY INTL A","3031092","2024-04-11 21:00","2024","04","11","21:00","","8.9","","-3.9","","40","","","","29","","8","","16.1","","88.15","","","","","","NA"
"-114.01","51.12","CALGARY INTL A","3031092","2024-04-11 22:00","2024","04","11","22:00","","6.9","","-3.6","","47","","","","22","","6","","16.1","","88.12","","","","","","NA"
"-114.01","51.12","CALGARY INTL A","3031092","2024-04-11 23:00","2024","04","11","23:00","","4.1","","-4.7","","53","","","","1","","3","","24.1","","88.07","","","","","","Mostly Cloudy"
"-114.01","51.12","CALGARY INTL A","3031092","2024-04-12 00:00","2024","04","12","00:00","","2.1","","-4.5","","62","","","","","","0","","24.1","","88.03","","","","","","NA"
"-114.01","51.12","CALGARY INTL A","3031092","2024-04-12 01:00","2024","04","12","01:00","","5.4","","-5.4","","46","","","","22","","7","","24.1","","88.03","","","","","","NA"
"-114.01","51.12","CALGARY INTL A","3031092","2024-04-12 02:00","2024","04","12","02:00","","4.8","","-5.2","","48","","","","22","","13","","24.1","","88.00","","","","","","Mostly Cloudy"
"-114.01","51.12","CALGARY INTL A","3031092","2024-04-12 03:00","2024","04","12","03:00","","4.0","","-4.3","","55","","","","22","","12","","24.1","","87.99","","","","","","NA"
"-114.01","51.12","CALGARY INTL A","3031092","2024-04-12 04:00","2024","04","12","04:00","","3.3","","-3.6","","60","","","","21","","5","","24.1","","88.00","","","","","","NA"
"-114.01","51.12","CALGARY INTL A","3031092","2024-04-12 05:00","2024","04","12","05:00","","5.4","","-3.7","","52","","","","22","","5","","24.1","","88.00","","","","","","Cloudy"
"-114.01","51.12","CALGARY INTL A","3031092","2024-04-12 06:00","2024","04","12","06:00","","7.7","","-3.2","","46","","","","28","","20","","64.4","","88.01","","","","","","NA"
"-114.01","51.12","CALGARY INTL A","3031092","2024-04-12 07:00","2024","04","12","07:00","","8.0","","-3.2","","45","","","","28","","21","","64.4","","88.05","","","","","","NA"
"-114.01","51.12","CALGARY INTL A","3031092","2024-04-12 08:00","2024","04","12","08:00","","10.1","","-3.1","","39","","","","29","","22","","64.4","","88.05","","","","","","Mostly Cloudy"
"-114.01","51.12","CALGARY INTL A","3031092","2024-04-12 09:00","2024","04","12","09:00","","10.8","","-3.8","","36","","","","29","","22","","64.4","","88.10","","","","","","NA"
"-114.01","51.12","CALGARY INTL A","3031092","2024-04-12 10:00","2024","04","12","10:00","","12.3","","-4.6","","30","","","","30","","18","","64.4","","88.13","","","","","","NA"
"-114.01","51.12","CALGARY INTL A","3031092","2024-04-12 11:00","2024","04","12","11:00","","11.9","","-6.1","","28","","","","26","","17","","64.4","","88.13","","","","","","Mostly Cloudy"
"-114.01","51.12","CALGARY INTL A","3031092","2024-04-12 12:00","2024","04","12","12:00","","12.0","","-4.9","","30","","","","23","","14","","64.4","","88.12","","","","","","NA"
"-114.01","51.12","CALGARY INTL A","3031092","2024-04-12 13:00","2024","04","12","13:00","","13.2","","-3.4","","31","","","","20","","10","","64.4","","88.12","","","","","","NA"
"-114.01","51.12","CALGARY INTL A","3031092","2024-04-12 14:00","2024","04","12","14:00","","13.6","","-3.9","","29","","","","17","","15","","64.4","","88.09","","","","","","Mostly Cloudy"
"-114.01","51.12","CALGARY INTL A","3031092","2024-04-12 15:00","2024","04","12","15:00","","13.4","","-3.2","","31","","","","18","","20","","64.4","","88.06","","","","","","NA"
"-114.01","51.12","CALGARY INTL A","3031092","2024-04-12 16:00","2024","04","12","16:00","","14.3","","-5.1","","26","","","","23","","15","","48.3","","88.03","","","","","","NA"
"-114.01","51.12","CALGARY INTL A","3031092","2024-04-12 17:00","2024","04","12","17:00","","13.5","","-4.8","","28","","","","20","","14","","48.3","","88.02","","","","","","Cloudy"
"-114.01","51.12","CALGARY INTL A","3031092","2024-04-12 18:00","2024","04","12","18:00","","14.0","","-4.7","","27","","","","28","","28","","32.2","","88.00","","","","","","NA"
"-114.01","51.12","CALGARY INTL A","3031092","2024-04-12 19:00","2024","04","12","19:00","","11.7","","-3.5","","34","","","","31","","22","","32.2","","88.02","","","","","","NA"
"-114.01","51.12","CALGARY INTL A","3031092","2024-04-12 20:00","2024","04","12","20:00","","9.8","","-4.1","","37","","","","30","","20","","32.2","","88.10","","","","","","Mainly Clear"
"-114.01","51.12","CALGARY INTL A","3031092","2024-04-12 21:00","2024","04","12","21:00","","8.3","","-4.4","","40","","","","31","","14","","24.1","","88.15","","","","","","NA"
"-114.01","51.12","CALGARY INTL A","3031092","2024-04-12 22:00","2024","04","12","22:00","","8.9","","-4.8","","37","","","","28","","15","","24.1","","88.16","","","","","","NA"
"-114.01","51.12","CALGARY INTL A","3031092","2024-04-12 23:00","2024","04","12","23:00","","8.6","","-5.2","","37","","","","28","","15","","24.1","","88.17","","","","","","Mainly Clear"
"-114.01","51.12","CALGARY INTL A","3031092","2024-04-13 00:00","2024","04","13","00:00","","6.3","","-5.5","","42","","","","27","","9","","24.1","","88.18","","","","","","NA"
"-114.01","51.12","CALGARY INTL A","3031092","2024-04-13 01:00","2024","04","13","01:00","","4.7","","-5.6","","47","","","","32","","9","","24.1","","88.17","","","","","","NA"
"-114.01","51.12","CALGARY INTL A","3031092","2024-04-13 02:00","2024","04","13","02:00","","4.2","","-5.8","","48","","","","33","","9","","24.1","","88.18","","","","","","Clear"
"-114.01","51.12","CALGARY INTL A","3031092","2024-04-13 03:00","2024","04","13","03:00","","1.6","","-6.1","","57","","","","13","","5","","24.1","","88.22","","","","","","NA"
"-114.01","51.12","CALGARY INTL A","3031092","2024-04-13 04:00","2024","04","13","04:00","","3.4","","-6.1","","50","","","","23","","5","","24.1","","88.26","","","","","","NA"
"-114.01","51.12","CALGARY INTL A","3031092","2024-04-13 05:00","2024","04","13","05:00","","0.0","","-5.9","","65","","","","","","0","","24.1","","88.28","","","","","","Mainly Clear"
"-114.01","51.12","CALGARY INTL A","3031092","2024-04-13 06:00","2024","04","13","06:00","","-0.8","","-6.4","","66","","","","5","","5","","48.3","","88.36","","","","-2","","NA"
"-114.01","51.12","CALGARY INTL A","3031092","2024-04-13 07:00","2024","04","13","07:00","","3.8","","-3.2","","60","","","","19","","4","","32.2","","88.40","","","","","","NA"
"-114.01","51.12","CALGARY INTL A","3031092","2024-04-13 08:00","2024","04","13","08:00","","7.9","","-5.0","","39","","","","22","","11","","64.4","","88.41","","","","","","Mostly Cloudy"
"-114.01","51.12","CALGARY INTL A","3031092","2024-04-13 09:00","2024","04","13","09:00","","11.1","","-7.7","","26","","","","27","","21","","64.4","","88.42","","","","","","NA"
"-114.01","51.12","CALGARY INTL A","3031092","2024-04-13 10:00","2024","04","13","10:00","","12.3","","-7.8","","24","","","","27","","27","","64.4","","88.45","","","","","","NA"
"-114.01","51.12","CALGARY INTL A","3031092","2024-04-13 11:00","2024","04","13","11:00","","13.6","","-6.8","","24","","","","24","","17","","64.4","","88.45","","","","","","Mostly Cloudy"
"-114.01","51.12","CALGARY INTL A","3031092","2024-04-13 12:00","2024","04","13","12:00","","13.9","","-6.6","","23","","","","23","","4","","64.4","","88.43","","","","","","NA"
"-114.01","51.12","CALGARY INTL A","3031092","2024-04-13 13:00","2024","04","13","13:00","","15.4","","-7.1","","21","","","","27","","6","","64.4","","88.39","","","","","","NA"
"-114.01","51.12","CALGARY INTL A","3031092","2024-04-13 14:00","2024","04","13","14:00","","16.7","","-8.4","","17","","","","33","","22","","64.4","","88.38","","","","","","Mostly Cloudy"
"-114.01","51.12","CALGARY INTL A","3031092","2024-04-13 15:00","2024","04","13","15:00","","16.8","","-9.3","","16","","","","29","","17","","64.4","","88.35","","","","","","NA"
"-114.01","51.12","CALGARY INTL A","3031092","2024-04-13 16:00","2024","04","13","16:00","","16.4","","-7.1","","19","","","","19","","14","","64.4","","88.37","","","","","","NA"
"-114.01","51.12","CALGARY INTL A","3031092","2024-04-13 17:00","2024","04","13","17:00","","16.5","","-9.1","","16","","","","28","","10","","48.3","","88.39","","","","","","Mostly Cloudy"
"-114.01","51.12","CALGARY INTL A","3031092","2024-04-13 18:00","2024","04","13","18:00","","16.2","","-9.5","","16","","","","30","","9","","48.3","","88.38","","","","","","NA"
"-114.01","51.12","CALGARY INTL A","3031092","2024-04-13 19:00","2024","04","13","19:00","","12.1","","-4.3","","31","","","","6","","10","","64.4","","88.40","","","","","","NA"
"-114.01","51.12","CALGARY INTL A","3031092","2024-04-13 20:00","2024","04","13","20:00","","10.6","","-5.5","","32","","","","36","","16","","48.3","","88.49","","","","","","Mainly Clear"
"-114.01","51.12","CALGARY INTL A","3031092","2024-04-13 21:00","2024","04","13","21:00","","9.5","","-5.5","","34","","","","33","","13","","24.1","","88.58","","","","","","NA"
"-114.01","51.12","CALGARY INTL A","3031092","2024-04-13 22:00","2024","04","13","22:00","","8.6","","-5.7","","36","","","","6","","19","","24.1","","88.58","","","","","","NA"
"-114.01","51.12","CALGARY INTL A","3031092","2024-04-13 23:00","2024","04","13","23:00","","5.6","","-5.0","","46","","","","3","","11","","24.1","","88.61","","","","","","Mostly Cloudy"
"-114.01","51.12","CALGARY INTL A","3031092","2024-04-14 00:00","2024","04","14","00:00","","4.2","","-4.5","","53","","","","2","","13","","24.1","","88.65","","","","","","NA"
"-114.01","51.12","CALGARY INTL A","3031092","2024-04-14 01:00","2024","04","14","01:00","","3.2","","-4.8","","56","","","","33","","5","","12.9","","88.64","","","","","","NA"
"-114.01","51.12","CALGARY INTL A","3031092","2024-04-14 02:00","2024","04","14","02:00","","3.5","","-4.7","","55","","","","29","","7","","24.1","","88.61","","","","","","Mainly Clear"
"-114.01","51.12","CALGARY INTL A","3031092","2024-04-14 03:00","2024","04","14","03:00","","1.6","","-4.8","","62","","","","34","","12","","24.1","","88.63","","","","","","NA"
"-114.01","51.12","CALGARY INTL A","3031092","2024-04-14 04:00","2024","04","14","04:00","","-0.4","","-5.5","","69","","","","35","","8","","24.1","","88.63","","","","-3","","NA"
"-114.01","51.12","CALGARY INTL A","3031092","2024-04-14 05:00","2024","04","14","05:00","","-1.8","","-5.5","","76","","","","34","","14","","32.2","","88.66","","","","-6","","Mainly Clear"
"-114.01","51.12","CALGARY INTL A","3031092","2024-04-14 06:00","2024","04","14","06:00","","-1.5","","-5.6","","74","","","","35","","10","","64.4","","88.70","","","","-5","","NA"
"-114.01","51.12","CALGARY INTL A","3031092","2024-04-14 07:00","2024","04","14","07:00","","0.4","","-4.9","","67","","","","34","","15","","64.4","","88.75","","","","","","NA"
"-114.01","51.12","CALGARY INTL A","3031092","2024-04-14 08:00","2024","04","14","08:00","","4.1","","-4.1","","55","","","","35","","9","","64.4","","88.78","","","","","","Mainly Clear"
"-114.01","51.12","CALGARY INTL A","3031092","2024-04-14 09:00","2024","04","14","09:00","","7.0","","-5.2","","41","","","","36","","14","","64.4","","88.78","","","","","","NA"
"-114.01","51.12","CALGARY INTL A","3031092","2024-04-14 10:00","2024","04","14","10:00","","9.2","","-4.7","","37","","","","36","","13","","64.4","","88.78","","","","","","NA"
"-114.01","51.12","CALGARY INTL A","3031092","2024-04-14 11:00","2024","04","14","11:00","","11.2","","-4.5","","33","","","","3","","13","","64.4","","88.76","","","","","","Mostly Cloudy"
"-114.01","51.12","CALGARY INTL A","3031092","2024-04-14 12:00","2024","04","14","12:00","","13.4","","-5.5","","26","","","","4","","21","","64.4","","88.68","","","","","","NA"
"-114.01","51.12","CALGARY INTL A","3031092","2024-04-14 13:00","2024","04","14","13:00","","14.7","","-7.2","","21","","","","3","","11","","64.4","","88.64","","","","","","NA"
"-114.01","51.12","CALGARY INTL A","3031092","2024-04-14 14:00","2024","04","14","14:00","","15.6","","-8.6","","18","","","","4","","5","","64.4","","88.58","","","","","","Mostly Cloudy"
"-114.01","51.12","CALGARY INTL A","3031092","2024-04-14 15:00","2024","04","14","15:00","","16.3","","-7.0","","19","","","","9","","10","","24.1","","88.52","","","","","","NA"
"-114.01","51.12","CALGARY INTL A","3031092","2024-04-14 16:00","2024","04","14","16:00","","16.3","","-7.7","","18","","","","15","","14","","24.1","","88.47","","","","","","NA"
"-114.01","51.12","CALGARY INTL A","3031092","2024-04-14 17:00","2024","04","14","17:00","","16.4","","-7.3","","19","","","","11","","13","","24.1","","88.43","","","","","","Mostly Cloudy"
"-114.01","51.12","CALGARY INTL A","3031092","2024-04-14 18:00","2024","04","14","18:00","","15.3","","-7.6","","20","","","","13","","21","","24.1","","88.39","","","","","","NA"
"-114.01","51.12","CALGARY INTL A","3031092","2024-04-14 19:00","2024","04","14","19:00","","14.3","","-7.6","","21","","","","13","","16","","48.3","","88.35","","","","","","NA"
"-114.01","51.12","CALGARY INTL A","3031092","2024-04-14 20:00","2024","04","14","20:00","","11.8","","-6.3","","28","","","","13","","16","","16.1","","88.34","","","","","","Mostly Cloudy"
"-114.01","51.12","CALGARY INTL A","3031092","2024-04-14 21:00","2024","04","14","21:00","","10.7","","-5.7","","31","","","","14","","19","","16.1","","88.34","","","","","","NA"
"-114.01","51.12","CALGARY INTL A","3031092","2024-04-14 22:00","2024","04","14","22:00","","10.1","","-5.1","","34","","","","15","","22","","24.1","","88.34","","","","","","NA"
"-114.01","51.12","CALGARY INTL A","3031092","2024-04-14 23:00","2024","04","14","23:00","","7.2","","-4.3","","44","","","","16","","16","","24.1","","88.28","","","","","","Mostly Cloudy"
"-114.01","51.12","CALGARY INTL A","3031092","2024-04-15 00:00","2024","04","15","00:00","","6.8","","-4.0","","46","","","","18","","10","","24.1","","88.22","","","","","","NA"
"-114.01","51.12","CALGARY INTL A","3031092","2024-04-15 01:00","2024","04","15","01:00","","6.3","","-3.7","","49","","","","18","","7","","24.1","","88.14","","","","","","NA"
"-114.01","51.12","CALGARY INTL A","3031092","2024-04-15 02:00","2024","04","15","02:00","","6.7","","-3.6","","48","","","","17","","7","","24.1","","88.08","","","","","","Cloudy"
"-114.01","51.12","CALGARY INTL A","3031092","2024-04-15 03:00","2024","04","15","03:00","","6.0","","-3.4","","51","","","","36","","3","","24.1","","88.07","","","","","","NA"
"-114.01","51.12","CALGARY INTL A","3031092","2024-04-15 04:00","2024","04","15","04:00","","6.4","","-3.5","","49","","","","28","","5","","24.1","","88.05","","","","","","NA"
"-114.01","51.12","CALGARY INTL A","3031092","2024-04-15 05:00","2024","04","15","05:00","","5.3","","-3.0","","55","","","","20","","5","","24.1","","88.04","","","","","","Mostly Cloudy"
"-114.01","51.12","CALGARY INTL A","3031092","2024-04-15 06:00","2024","04","15","06:00","","5.1","","-2.8","","57","","","","31","","13","","24.1","","88.06","","","","","","NA"
"-114.01","51.12","CALGARY INTL A","3031092","2024-04-15 07:00","2024","04","15","07:00","","6.9","","-4.2","","45","","","","34","","16","","64.4","","88.11","","","","","","NA"
"-114.01","51.12","CALGARY INTL A","3031092","2024-04-15 08:00","2024","04","15","08:00","","8.8","","-6.2","","34","","","","33","","23","","64.4","","88.13","","","","","","Mostly Cloudy"
"-114.01","51.12","CALGARY INTL A","3031092","2024-04-15 09:00","2024","04","15","09:00","","9.2","","-6.1","","33","","","","34","","21","","64.4","","88.17","","","","","","NA"
"-114.01","51.12","CALGARY INTL A","3031092","2024-04-15 10:00","2024","04","15","10:00","","11.2","","-6.6","","28","","","","35","","31","","64.4","","88.21","","","","","","NA"
"-114.01","51.12","CALGARY INTL A","3031092","2024-04-15 11:00","2024","04","15","11:00","","13.2","","-5.6","","27","","","","35","","24","","64.4","","88.21","","","","","","Mostly Cloudy"
"-114.01","51.12","CALGARY INTL A","3031092","2024-04-15 12:00","2024","04","15","12:00","","14.2","","-4.5","","27","","","","2","","19","","64.4","","88.18","","","","","","NA"
"-114.01","51.12","CALGARY INTL A","3031092","2024-04-15 13:00","2024","04","15","13:00","","15.0","","-6.1","","23","","","","4","","14","","64.4","","88.15","","","","","","NA"
"-114.01","51.12","CALGARY INTL A","3031092","2024-04-15 14:00","2024","04","15","14:00","","16.0","","-5.0","","23","","","","5","","25","","64.4","","88.15","","","","","","Mostly Cloudy"
"-114.01","51.12","CALGARY INTL A","3031092","2024-04-15 15:00","2024","04","15","15:00","","14.4","","-4.5","","27","","","","36","","21","","24.1","","88.16","","","","","","NA"
"-114.01","51.12","CALGARY INTL A","3031092","2024-04-15 16:00","2024","04","15","16:00","","13.5","","-4.2","","29","","","","3","","27","","24.1","","88.24","","","","","","NA"
"-114.01","51.12","CALGARY INTL A","3031092","2024-04-15 17:00","2024","04","15","17:00","","10.9","","-2.1","","40","","","","2","","34","","24.1","","88.35","","","","","","Cloudy"
"-114.01","51.12","CALGARY INTL A","3031092","2024-04-15 18:00","2024","04","15","18:00","","8.7","","-1.8","","48","","","","2","","40","","16.1","","88.44","","","","","","NA"
"-114.01","51.12","CALGARY INTL A","3031092","2024-04-15 19:00","2024","04","15","19:00","","6.5","","-1.2","","58","","","","1","","37","","16.1","","88.47","","","","","","NA"
"-114.01","51.12","CALGARY INTL A","3031092","2024-04-15 20:00","2024","04","15","20:00","","4.4","","0.0","","73","","","","1","","35","","19.3","","88.61","","","","","","Mostly Cloudy"
"-114.01","51.12","CALGARY INTL A","3031092","2024-04-15 21:00","2024","04","15","21:00","","2.6","","0.5","","87","","","","36","","33","","16.1","","88.68","","","","","","NA"
"-114.01","51.12","CALGARY INTL A","3031092","2024-04-15 22:00","2024","04","15","22:00","","2.4","","0.7","","89","","","","35","","24","","16.1","","88.74","","","","","","NA"
"-114.01","51.12","CALGARY INTL A","3031092","2024-04-15 23:00","2024","04","15","23:00","","1.1","","0.5","","96","","","","35","","16","","8.1","","88.75","","","","","","Rain,Snow,Fog"
"-114.01","51.12","CALGARY INTL A","3031092","2024-04-16 00:00","2024","04","16","00:00","","0.2","","0.2","","100","","","","30","","11","","2.4","","88.80","","","","","","Snow,Fog"
"-114.01","51.12","CALGARY INTL A","3031092","2024-04-16 01:00","2024","04","16","01:00","","0.1","","0.1","","100","","","","2","","8","","1.0","","88.78","","","","","","Snow,Fog"
"-114.01","51.12","CALGARY INTL A","3031092","2024-04-16 02:00","2024","04","16","02:00","","0.4","","0.4","","100","","","","2","","23","","8.1","","88.75","","","","","","Fog"
"-114.01","51.12","CALGARY INTL A","3031092","2024-04-16 03:00","2024","04","16","03:00","","0.4","","0.2","","98","","","","35","","13","","4.0","","88.81","","","","","","Snow,Fog"
"-114.01","51.12","CALGARY INTL A","3031092","2024-04-16 04:00","2024","04","16","04:00","","0.3","","0.2","","99","","","","34","","10","","1.6","","88.89","","","","","","Snow,Fog"
"-114.01","51.12","CALGARY INTL A","3031092","2024-04-16 05:00","2024","04","16","05:00","","0.0","","0.0","","100","","","","35","","20","","1.2","","88.88","","","","-5","","Snow,Fog"
"-114.01","51.12","CALGARY INTL A","3031092","2024-04-16 06:00","2024","04","16","06:00","","0.1","","-0.4","","96","","","","35","","14","","3.2","","88.90","","","","","","Snow,Fog"
"-114.01","51.12","CALGARY INTL A","3031092","2024-04-16 07:00","2024","04","16","07:00","","-0.2","","-1.9","","89","","","","34","","26","","2.8","","88.95","","","","-6","","Snow"
"-114.01","51.12","CALGARY INTL A","3031092","2024-04-16 08:00","2024","04","16","08:00","","-0.2","","-2.0","","87","","","","34","","27","","6.4","","88.98","","","","-6","","Snow"
"-114.01","51.12","CALGARY INTL A","3031092","2024-04-16 09:00","2024","04","16","09:00","","-0.9","","-2.9","","86","","","","35","","34","","6.4","","89.00","","","","-8","","Snow"
"-114.01","51.12","CALGARY INTL A","3031092","2024-04-16 10:00","2024","04","16","10:00","","-0.7","","-2.2","","90","","","","34","","27","","2.4","","89.06","","","","-7","","Snow"
"-114.01","51.12","CALGARY INTL A","3031092","2024-04-16 11:00","2024","04","16","11:00","","-0.2","","-2.3","","86","","","","34","","24","","4.8","","89.11","","","","-6","","Snow"
"-114.01","51.12","CALGARY INTL A","3031092","2024-04-16 12:00","2024","04","16","12:00","","0.2","","-2.9","","80","","","","34","","28","","6.4","","89.12","","","","","","Snow"
"-114.01","51.12","CALGARY INTL A","3031092","2024-04-16 13:00","2024","04","16","13:00","","1.5","","-3.7","","68","","","","34","","28","","24.1","","89.12","","","","","","NA"
"-114.01","51.12","CALGARY INTL A","3031092","2024-04-16 14:00","2024","04","16","14:00","","1.1","","-3.8","","70","","","","35","","35","","24.1","","89.14","","","","","","Cloudy"
"-114.01","51.12","CALGARY INTL A","3031092","2024-04-16 15:00","2024","04","16","15:00","","0.6","","-2.8","","78","","","","34","","34","","3.2","","89.18","","","","","","Snow"
"-114.01","51.12","CALGARY INTL A","3031092","2024-04-16 16:00","2024","04","16","16:00","","0.8","","-2.4","","79","","","","33","","29","","8.1","","89.20","","","","","","Snow"
"-114.01","51.12","CALGARY INTL A","3031092","2024-04-16 17:00","2024","04","16","17:00","","1.0","","-3.5","","72","","","","35","","28","","24.1","","89.26","","","","","","Cloudy"
"-114.01","51.12","CALGARY INTL A","3031092","2024-04-16 18:00","2024","04","16","18:00","","1.3","","-4.5","","66","","","","34","","27","","24.1","","89.32","","","","","","NA"
"-114.01","51.12","CALGARY INTL A","3031092","2024-04-16 19:00","2024","04","16","19:00","","0.6","","-4.6","","68","","","","34","","32","","19.3","","89.36","","","","","","NA"
"-114.01","51.12","CALGARY INTL A","3031092","2024-04-16 20:00","2024","04","16","20:00","","-0.2","","-4.5","","73","","","","34","","29","","24.1","","89.43","","","","-7","","Mostly Cloudy"
"-114.01","51.12","CALGARY INTL A","3031092","2024-04-16 21:00","2024","04","16","21:00","","-1.2","","-6.4","","67","","","","34","","42","","24.1","","89.47","","","","-9","","NA"
"-114.01","51.12","CALGARY INTL A","3031092","2024-04-16 22:00","2024","04","16","22:00","","-1.8","","-6.5","","71","","","","32","","43","","19.3","","89.46","","","","-10","","NA"
"-114.01","51.12","CALGARY INTL A","3031092","2024-04-16 23:00","2024","04","16","23:00","","-2.3","","-6.7","","72","","","","33","","43","","24.1","","89.50","","","","-11","","Mostly Cloudy"
"-114.01","51.12","CALGARY INTL A","3031092","2024-04-17 00:00","2024","04","17","00:00","","-2.5","","-6.9","","72","","","","33","","43","","24.1","","89.52","","","","-11","","NA"
"-114.01","51.12","CALGARY INTL A","3031092","2024-04-17 01:00","2024","04","17","01:00","","-2.8","","-6.0","","79","","","","34","","39","","24.1","","89.56","","","","-11","","NA"
"-114.01","51.12","CALGARY INTL A","3031092","2024-04-17 02:00","2024","04","17","02:00","","-2.7","","-6.3","","76","","","","33","","35","","12.9","","89.59","","","","-11","","Mostly Cloudy"
"-114.01","51.12","CALGARY INTL A","3031092","2024-04-17 03:00","2024","04","17","03:00","","-3.0","","-6.1","","79","","","","33","","36","","9.7","","89.64","","","","-11","","Blowing Snow"
"-114.01","51.12","CALGARY INTL A","3031092","2024-04-17 04:00","2024","04","17","04:00","","-3.2","","-5.7","","83","","","","34","","44","","2.4","","89.67","","","","-12","","Snow"
"-114.01","51.12","CALGARY INTL A","3031092","2024-04-17 05:00","2024","04","17","05:00","","-3.1","","-6.5","","77","","","","34","","46","","12.9","","89.70","","","","-12","","Cloudy"
"-114.01","51.12","CALGARY INTL A","3031092","2024-04-17 06:00","2024","04","17","06:00","","-3.2","","-6.0","","82","","","","34","","35","","8.1","","89.76","","","","-11","","Snow"
"-114.01","51.12","CALGARY INTL A","3031092","2024-04-17 07:00","2024","04","17","07:00","","-2.8","","-6.0","","78","","","","33","","36","","4.0","","89.80","","","","-11","","Snow"
"-114.01","51.12","CALGARY INTL A","3031092","2024-04-17 08:00","2024","04","17","08:00","","-2.8","","-6.2","","77","","","","33","","43","","4.8","","89.84","","","","-11","","Snow"
"-114.01","51.12","CALGARY INTL A","3031092","2024-04-17 09:00","2024","04","17","09:00","","-2.5","","-5.7","","79","","","","34","","37","","4.8","","89.92","","","","-10","","Snow"
"-114.01","51.12","CALGARY INTL A","3031092","2024-04-17 10:00","2024","04","17","10:00","","-1.2","","-7.8","","61","","","","35","","44","","24.1","","89.99","","","","-9","","NA"
"-114.01","51.12","CALGARY INTL A","3031092","2024-04-17 11:00","2024","04","17","11:00","","0.0","","-7.3","","58","","","","35","","43","","24.1","","89.99","","","","-8","","Mostly Cloudy"
"-114.01","51.12","CALGARY INTL A","3031092","2024-04-17 12:00","2024","04","17","12:00","","0.3","","-7.7","","55","","","","33","","46","","24.1","","90.00","","","","","","NA"
"-114.01","51.12","CALGARY INTL A","3031092","2024-04-17 13:00","2024","04","17","13:00","","1.1","","-8.0","","51","","","","34","","41","","24.1","","90.01","","","","","","NA"
"-114.01","51.12","CALGARY INTL A","3031092","2024-04-17 14:00","2024","04","17","14:00","","1.2","","-8.7","","48","","","","34","","41","","24.1","","90.02","","","","","","Mostly Cloudy"
"-114.01","51.12","CALGARY INTL A","3031092","2024-04-17 15:00","2024","04","17","15:00","","2.3","","-7.8","","47","","","","33","","37","","24.1","","90.04","","","","","","NA"
"-114.01","51.12","CALGARY INTL A","3031092","2024-04-17 16:00","2024","04","17","16:00","","2.1","","-9.7","","42","","","","34","","38","","24.1","","90.08","","","","","","NA"
"-114.01","51.12","CALGARY INTL A","3031092","2024-04-17 17:00","2024","04","17","17:00","","1.7","","-10.9","","39","","","","33","","40","","24.1","","90.12","","","","","","Mostly Cloudy"
"-114.01","51.12","CALGARY INTL A","3031092","2024-04-17 18:00","2024","04","17","18:00","","1.3","","-10.4","","41","","","","34","","32","","24.1","","90.13","","","","","","NA"
"-114.01","51.12","CALGARY INTL A","3031092","2024-04-17 19:00","2024","04","17","19:00","","0.6","","-10.5","","43","","","","35","","30","","32.2","","90.16","","","","","","NA"
"-114.01","51.12","CALGARY INTL A","3031092","2024-04-17 20:00","2024","04","17","20:00","","-0.6","","-10.6","","47","","","","34","","26","","24.1","","90.18","","","","-7","","Mainly Clear"
"-114.01","51.12","CALGARY INTL A","3031092","2024-04-17 21:00","2024","04","17","21:00","","-1.5","","-10.6","","50","","","","32","","18","","24.1","","90.22","","","","-7","","NA"
"-114.01","51.12","CALGARY INTL A","3031092","2024-04-17 22:00","2024","04","17","22:00","","-2.3","","-10.2","","55","","","","32","","17","","24.1","","90.22","","","","-8","","NA"
"-114.01","51.12","CALGARY INTL A","3031092","2024-04-17 23:00","2024","04","17","23:00","","-2.0","","-10.3","","53","","","","32","","22","","24.1","","90.23","","","","-8","","Mainly Clear"
"-114.01","51.12","CALGARY INTL A","3031092","2024-04-18 00:00","2024","04","18","00:00","","-1.9","","-10.3","","53","","","","32","","21","","24.1","","90.23","","","","-8","","NA"
"-114.01","51.12","CALGARY INTL A","3031092","2024-04-18 01:00","2024","04","18","01:00","","-2.4","","-10.2","","55","","","","32","","19","","24.1","","90.21","","","","-8","","NA"
"-114.01","51.12","CALGARY INTL A","3031092","2024-04-18 02:00","2024","04","18","02:00","","-2.6","","-9.8","","58","","","","32","","19","","24.1","","90.20","","","","-8","","Mostly Cloudy"
"-114.01","51.12","CALGARY INTL A","3031092","2024-04-18 03:00","2024","04","18","03:00","","-3.2","","-9.8","","60","","","","32","","16","","24.1","","90.20","","","","-9","","NA"
"-114.01","51.12","CALGARY INTL A","3031092","2024-04-18 04:00","2024","04","18","04:00","","-3.6","","-10.4","","59","","","","32","","17","","24.1","","90.19","","","","-9","","NA"
"-114.01","51.12","CALGARY INTL A","3031092","2024-04-18 05:00","2024","04","18","05:00","","-3.9","","-10.7","","60","","","","31","","17","","24.1","","90.18","","","","-10","","Mainly Clear"
"-114.01","51.12","CALGARY INTL A","3031092","2024-04-18 06:00","2024","04","18","06:00","","-3.8","","-10.2","","61","","","","31","","19","","64.4","","90.17","","","","-10","","NA"
"-114.01","51.12","CALGARY INTL A","3031092","2024-04-18 07:00","2024","04","18","07:00","","-3.2","","-10.0","","60","","","","33","","19","","64.4","","90.17","","","","-9","","NA"
"-114.01","51.12","CALGARY INTL A","3031092","2024-04-18 08:00","2024","04","18","08:00","","-1.3","","-9.9","","52","","","","32","","25","","64.4","","90.17","","","","-8","","Mainly Clear"
"-114.01","51.12","CALGARY INTL A","3031092","2024-04-18 09:00","2024","04","18","09:00","","0.0","","-9.7","","49","","","","35","","35","","64.4","","90.15","","","","-7","","NA"
"-114.01","51.12","CALGARY INTL A","3031092","2024-04-18 10:00","2024","04","18","10:00","","0.1","","-9.0","","50","","","","35","","30","","48.3","","90.16","","","","","","NA"
"-114.01","51.12","CALGARY INTL A","3031092","2024-04-18 11:00","2024","04","18","11:00","","0.8","","-9.1","","48","","","","34","","30","","24.1","","90.18","","","","","","Mostly Cloudy"
"-114.01","51.12","CALGARY INTL A","3031092","2024-04-18 12:00","2024","04","18","12:00","","0.9","","-10.5","","42","","","","36","","37","","24.1","","90.15","","","","","","NA"
"-114.01","51.12","CALGARY INTL A","3031092","2024-04-18 13:00","2024","04","18","13:00","","1.8","","-10.7","","39","","","","36","","30","","24.1","","90.16","","","","","","NA"
"-114.01","51.12","CALGARY INTL A","3031092","2024-04-18 14:00","2024","04","18","14:00","","2.6","","-12.2","","33","","","","36","","37","","24.1","","90.15","","","","","","Mostly Cloudy"
"-114.01","51.12","CALGARY INTL A","3031092","2024-04-18 15:00","2024","04","18","15:00","","2.1","","-13.8","","30","","","","36","","28","","24.1","","90.15","","","","","","NA"
"-114.01","51.12","CALGARY INTL A","3031092","2024-04-18 16:00","2024","04","18","16:00","","2.5","","-15.4","","26","","","","36","","36","","24.1","","90.18","","","","","","NA"
"-114.01","51.12","CALGARY INTL A","3031092","2024-04-18 17:00","2024","04","18","17:00","","2.1","","-15.1","","27","","","","36","","25","","24.1","","90.20","","","","","","Mostly Cloudy"
"-114.01","51.12","CALGARY INTL A","3031092","2024-04-18 18:00","2024","04","18","18:00","","0.7","","-16.8","","26","","","","36","","32","","24.1","","90.22","","","","","","NA"
"-114.01","51.12","CALGARY INTL A","3031092","2024-04-18 19:00","2024","04","18","19:00","","-0.4","","-14.6","","34","","","","3","","28","","24.1","","90.23","","","","-7","","NA"
"-114.01","51.12","CALGARY INTL A","3031092","2024-04-18 20:00","2024","04","18","20:00","","-1.7","","-12.8","","43","","","","3","","19","","24.1","","90.27","","","","-7","","Mostly Cloudy"
"-114.01","51.12","CALGARY INTL A","3031092","2024-04-18 21:00","2024","04","18","21:00","","-2.0","","-12.0","","47","","","","36","","14","","24.1","","90.32","","","","-7","","NA"
"-114.01","51.12","CALGARY INTL A","3031092","2024-04-18 22:00","2024","04","18","22:00","","-2.2","","-11.8","","48","","","","35","","13","","24.1","","90.34","","","","-7","","NA"
"-114.01","51.12","CALGARY INTL A","3031092","2024-04-18 23:00","2024","04","18","23:00","","-2.5","","-11.5","","50","","","","33","","10","","24.1","","90.37","","","","-6","","Mostly Cloudy"
"-114.01","51.12","CALGARY INTL A","3031092","2024-04-19 00:00","2024","04","19","00:00","","-3.0","","-11.8","","51","","","","35","","12","","24.1","","90.37","","","","-7","","NA"
"-114.01","51.12","CALGARY INTL A","3031092","2024-04-19 01:00","2024","04","19","01:00","","-3.6","","-11.7","","53","","","","36","","12","","24.1","","90.38","","","","-8","","NA"
"-114.01","51.12","CALGARY INTL A","3031092","2024-04-19 02:00","2024","04","19","02:00","","-4.3","","-12.5","","53","","","","36","","9","","24.1","","90.38","","","","-8","","Mostly Cloudy"
"-114.01","51.12","CALGARY INTL A","3031092","2024-04-19 03:00","2024","04","19","03:00","","-4.6","","-12.5","","54","","","","34","","9","","24.1","","90.38","","","","-8","","NA"
"-114.01","51.12","CALGARY INTL A","3031092","2024-04-19 04:00","2024","04","19","04:00","","-5.0","","-12.7","","55","","","","33","","10","","24.1","","90.39","","","","-9","","NA"
"-114.01","51.12","CALGARY INTL A","3031092","2024-04-19 05:00","2024","04","19","05:00","","-5.8","","-12.5","","59","","","","34","","10","","24.1","","90.40","","","","-10","","Mostly Cloudy"
"-114.01","51.12","CALGARY INTL A","3031092","2024-04-19 06:00","2024","04","19","06:00","","-5.5","","-13.1","","55","","","","35","","12","","32.2","","90.44","","","","-10","","NA"
"-114.01","51.12","CALGARY INTL A","3031092","2024-04-19 07:00","2024","04","19","07:00","","-5.0","","-12.6","","56","","","","34","","10","","64.4","","90.47","","","","-9","","NA"
"-114.01","51.12","CALGARY INTL A","3031092","2024-04-19 08:00","2024","04","19","08:00","","-3.0","","-13.7","","43","","","","35","","18","","64.4","","90.49","","","","-9","","Mostly Cloudy"
"-114.01","51.12","CALGARY INTL A","3031092","2024-04-19 09:00","2024","04","19","09:00","","-1.5","","-13.9","","39","","","","1","","14","","64.4","","90.50","","","","-6","","NA"
"-114.01","51.12","CALGARY INTL A","3031092","2024-04-19 10:00","2024","04","19","10:00","","-0.6","","-14.4","","35","","","","36","","16","","64.4","","90.50","","","","-5","","NA"
"-114.01","51.12","CALGARY INTL A","3031092","2024-04-19 11:00","2024","04","19","11:00","","0.3","","-16.2","","28","","","","36","","16","","64.4","","90.49","","","","","","Cloudy"
"-114.01","51.12","CALGARY INTL A","3031092","2024-04-19 12:00","2024","04","19","12:00","","0.8","","-16.5","","26","","","","33","","14","","64.4","","90.46","","","","","","NA"
"-114.01","51.12","CALGARY INTL A","3031092","2024-04-19 13:00","2024","04","19","13:00","","1.3","","-14.9","","29","","","","8","","11","","48.3","","90.43","","","","","","NA"
"-114.01","51.12","CALGARY INTL A","3031092","2024-04-19 14:00","2024","04","19","14:00","","2.5","","-14.1","","28","","","","9","","10","","48.3","","90.39","","","","","","Mostly Cloudy"
"-114.01","51.12","CALGARY INTL A","3031092","2024-04-19 15:00","2024","04","19","15:00","","2.8","","-13.9","","28","","","","4","","13","","48.3","","90.36","","","","","","NA"
"-114.01","51.12","CALGARY INTL A","3031092","2024-04-19 16:00","2024","04","19","16:00","","3.6","","-12.5","","30","","","","5","","13","","48.3","","90.32","","","","","","NA"
"-114.01","51.12","CALGARY INTL A","3031092","2024-04-19 17:00","2024","04","19","17:00","","3.5","","-12.7","","30","","","","35","","6","","32.2","","90.29","","","","","","Mostly Cloudy"
"-114.01","51.12","CALGARY INTL A","3031092","2024-04-19 18:00","2024","04","19","18:00","","3.2","","-12.2","","31","","","","9","","8","","32.2","","90.25","","","","","","NA"
"-114.01","51.12","CALGARY INTL A","3031092","2024-04-19 19:00","2024","04","19","19:00","","2.2","","-12.1","","34","","","","8","","11","","48.3","","90.22","","","","","","NA"
"-114.01","51.12","CALGARY INTL A","3031092","2024-04-19 20:00","2024","04","19","20:00","","0.6","","-11.7","","40","","","","11","","13","","48.3","","90.23","","","","","","Clear"
"-114.01","51.12","CALGARY INTL A","3031092","2024-04-19 21:00","2024","04","19","21:00","","0.0","","-11.5","","42","","","","13","","12","","24.1","","90.24","","","","-4","","NA"
"-114.01","51.12","CALGARY INTL A","3031092","2024-04-19 22:00","2024","04","19","22:00","","-1.9","","-9.8","","55","","","","18","","12","","24.1","","90.23","","","","-6","","NA"
"-114.01","51.12","CALGARY INTL A","3031092","2024-04-19 23:00","2024","04","19","23:00","","-2.5","","-9.6","","58","","","","18","","13","","24.1","","90.20","","","","-7","","Clear"
"-114.01","51.12","CALGARY INTL A","3031092","2024-04-20 00:00","2024","04","20","00:00","","-2.3","","-9.4","","58","","","","19","","14","","24.1","","90.19","","","","-7","","NA"
"-114.01","51.12","CALGARY INTL A","3031092","2024-04-20 01:00","2024","04","20","01:00","","-3.1","","-9.5","","61","","","","19","","11","","24.1","","90.15","","","","-7","","NA"
"-114.01","51.12","CALGARY INTL A","3031092","2024-04-20 02:00","2024","04","20","02:00","","-3.4","","-9.7","","62","","","","19","","9","","24.1","","90.12","","","","-7","","Clear"
"-114.01","51.12","CALGARY INTL A","3031092","2024-04-20 03:00","2024","04","20","03:00","","-3.7","","-10.3","","61","","","","18","","7","","24.1","","90.09","","","","-7","","NA"
"-114.01","51.12","CALGARY INTL A","3031092","2024-04-20 04:00","2024","04","20","04:00","","-4.7","","-10.5","","64","","","","17","","9","","24.1","","90.05","","","","-9","","NA"
"-114.01","51.12","CALGARY INTL A","3031092","2024-04-20 05:00","2024","04","20","05:00","","-4.6","","-10.6","","63","","","","17","","8","","32.2","","90.02","","","","-8","","Clear"
"-114.01","51.12","CALGARY INTL A","3031092","2024-04-20 06:00","2024","04","20","06:00","","-4.5","","-10.2","","64","","","","17","","7","","64.4","","90.00","","","","-8","","NA"
"-114.01","51.12","CALGARY INTL A","3031092","2024-04-20 07:00","2024","04","20","07:00","","-2.6","","-8.6","","64","","","","19","","8","","64.4","","89.99","","","","-6","","NA"
"-114.01","51.12","CALGARY INTL A","3031092","2024-04-20 08:00","2024","04","20","08:00","","-0.3","","-9.2","","51","","","","19","","19","","64.4","","89.96","","","","-5","","Clear"
"-114.01","51.12","CALGARY INTL A","3031092","2024-04-20 09:00","2024","04","20","09:00","","1.7","","-10.4","","41","","","","17","","28","","64.4","","89.91","","","","","","NA"
"-114.01","51.12","CALGARY INTL A","3031092","2024-04-20 10:00","2024","04","20","10:00","","3.0","","-9.4","","40","","","","16","","25","","64.4","","89.89","","","","","","NA"
"-114.01","51.12","CALGARY INTL A","3031092","2024-04-20 11:00","2024","04","20","11:00","","5.4","","-9.0","","35","","","","17","","27","","64.4","","89.84","","","","","","Clear"
"-114.01","51.12","CALGARY INTL A","3031092","2024-04-20 12:00","2024","04","20","12:00","","6.6","","-9.5","","31","","","","17","","25","","64.4","","89.76","","","","","","NA"
"-114.01","51.12","CALGARY INTL A","3031092","2024-04-20 13:00","2024","04","20","13:00","","8.2","","-9.4","","28","","","","17","","27","","64.4","","89.68","","","","","","NA"
"-114.01","51.12","CALGARY INTL A","3031092","2024-04-20 14:00","2024","04","20","14:00","","9.2","","-9.6","","26","","","","17","","34","","64.4","","89.58","","","","","","Clear"
"-114.01","51.12","CALGARY INTL A","3031092","2024-04-20 15:00","2024","04","20","15:00","","10.1","","-8.8","","25","","","","17","","25","","48.3","","89.49","","","","","","NA"
"-114.01","51.12","CALGARY INTL A","3031092","2024-04-20 16:00","2024","04","20","16:00","","10.0","","-9.9","","23","","","","16","","35","","48.3","","89.39","","","","","","NA"
"-114.01","51.12","CALGARY INTL A","3031092","2024-04-20 17:00","2024","04","20","17:00","","10.1","","-9.5","","24","","","","18","","30","","32.2","","89.33","","","","","","Clear"
"-114.01","51.12","CALGARY INTL A","3031092","2024-04-20 18:00","2024","04","20","18:00","","9.0","","-9.8","","25","","","","15","","38","","32.2","","89.22","","","","","","NA"
"-114.01","51.12","CALGARY INTL A","3031092","2024-04-20 19:00","2024","04","20","19:00","","7.9","","-9.2","","29","","","","17","","37","","32.2","","89.15","","","","","","NA"
"-114.01","51.12","CALGARY INTL A","3031092","2024-04-20 20:00","2024","04","20","20:00","","6.4","","-8.4","","34","","","","16","","23","","64.4","","89.09","","","","","","Clear"
"-114.01","51.12","CALGARY INTL A","3031092","2024-04-20 21:00","2024","04","20","21:00","","4.5","","-7.6","","41","","","","15","","20","","24.1","","89.02","","","","","","NA"
"-114.01","51.12","CALGARY INTL A","3031092","2024-04-20 22:00","2024","04","20","22:00","","4.4","","-7.4","","42","","","","16","","23","","24.1","","88.91","","","","","","NA"
"-114.01","51.12","CALGARY INTL A","3031092","2024-04-20 23:00","2024","04","20","23:00","","2.4","","-6.9","","50","","","","17","","17","","24.1","","88.78","","","","","","Clear"
"-114.01","51.12","CALGARY INTL A","3031092","2024-04-21 00:00","2024","04","21","00:00","","1.4","","-6.5","","56","","","","18","","12","","24.1","","88.67","","","","","","NA"
"-114.01","51.12","CALGARY INTL A","3031092","2024-04-21 01:00","2024","04","21","01:00","","1.1","","-6.2","","58","","","","19","","10","","24.1","","88.55","","","","","","NA"
"-114.01","51.12","CALGARY INTL A","3031092","2024-04-21 02:00","2024","04","21","02:00","","1.3","","-6.1","","58","","","","17","","9","","24.1","","88.45","","","","","","Mostly Cloudy"
"-114.01","51.12","CALGARY INTL A","3031092","2024-04-21 03:00","2024","04","21","03:00","","1.2","","-5.9","","59","","","","19","","4","","24.1","","88.38","","","","","","NA"
"-114.01","51.12","CALGARY INTL A","3031092","2024-04-21 04:00","2024","04","21","04:00","","1.2","","-6.2","","58","","","","18","","6","","24.1","","88.35","","","","","","NA"
"-114.01","51.12","CALGARY INTL A","3031092","2024-04-21 05:00","2024","04","21","05:00","","0.1","","-5.8","","65","","","","18","","7","","32.2","","88.30","","","","","","Mostly Cloudy"
"-114.01","51.12","CALGARY INTL A","3031092","2024-04-21 06:00","2024","04","21","06:00","","0.7","","-5.5","","63","","","","19","","9","","24.1","","88.11","","","","","","NA"
"-114.01","51.12","CALGARY INTL A","3031092","2024-04-21 07:00","2024","04","21","07:00","","2.3","","-6.0","","54","","","","18","","13","","64.4","","88.12","","","","","","NA"
"-114.01","51.12","CALGARY INTL A","3031092","2024-04-21 08:00","2024","04","21","08:00","","8.1","","-4.8","","40","","","","28","","27","","64.4","","88.06","","","","","","Mostly Cloudy"
"-114.01","51.12","CALGARY INTL A","3031092","2024-04-21 09:00","2024","04","21","09:00","","9.5","","-3.8","","39","","","","30","","35","","64.4","","88.11","","","","","","NA"
"-114.01","51.12","CALGARY INTL A","3031092","2024-04-21 10:00","2024","04","21","10:00","","10.4","","-6.6","","30","","","","28","","39","","64.4","","88.14","","","","","","NA"
"-114.01","51.12","CALGARY INTL A","3031092","2024-04-21 11:00","2024","04","21","11:00","","9.2","","-3.7","","40","","","","1","","15","","64.4","","88.23","","","","","","Mostly Cloudy"
"-114.01","51.12","CALGARY INTL A","3031092","2024-04-21 12:00","2024","04","21","12:00","","9.0","","-3.7","","40","","","","33","","26","","64.4","","88.26","","","","","","NA"
"-114.01","51.12","CALGARY INTL A","3031092","2024-04-21 13:00","2024","04","21","13:00","","10.8","","-8.6","","25","","","","28","","34","","64.4","","88.27","","","","","","NA"
"-114.01","51.12","CALGARY INTL A","3031092","2024-04-21 14:00","2024","04","21","14:00","","10.5","","-9.6","","23","","","","27","","29","","64.4","","88.28","","","","","","Mostly Cloudy"
"-114.01","51.12","CALGARY INTL A","3031092","2024-04-21 15:00","2024","04","21","15:00","","11.5","","-9.4","","22","","","","27","","38","","64.4","","88.27","","","","","","NA"
"-114.01","51.12","CALGARY INTL A","3031092","2024-04-21 16:00","2024","04","21","16:00","","11.3","","-10.0","","21","","","","27","","44","","24.1","","88.28","","","","","","NA"
"-114.01","51.12","CALGARY INTL A","3031092","2024-04-21 17:00","2024","04","21","17:00","","10.5","","-9.7","","23","","","","27","","29","","24.1","","88.34","","","","","","Mostly Cloudy"
"-114.01","51.12","CALGARY INTL A","3031092","2024-04-21 18:00","2024","04","21","18:00","","9.7","","-10.1","","24","","","","28","","32","","24.1","","88.36","","","","","","NA"
"-114.01","51.12","CALGARY INTL A","3031092","2024-04-21 19:00","2024","04","21","19:00","","9.1","","-10.4","","24","","","","28","","33","","24.1","","88.37","","","","","","NA"
"-114.01","51.12","CALGARY INTL A","3031092","2024-04-21 20:00","2024","04","21","20:00","","8.0","","-9.8","","27","","","","27","","25","","32.2","","88.44","","","","","","Mostly Cloudy"
"-114.01","51.12","CALGARY INTL A","3031092","2024-04-21 21:00","2024","04","21","21:00","","7.0","","-9.7","","29","","","","28","","23","","16.1","","88.49","","","","","","NA"
"-114.01","51.12","CALGARY INTL A","3031092","2024-04-21 22:00","2024","04","21","22:00","","6.5","","-10.0","","30","","","","28","","26","","24.1","","88.49","","","","","","NA"
"-114.01","51.12","CALGARY INTL A","3031092","2024-04-21 23:00","2024","04","21","23:00","","6.2","","-9.9","","30","","","","28","","25","","24.1","","88.48","","","","","","Mostly Cloudy"
"-114.01","51.12","CALGARY INTL A","3031092","2024-04-22 00:00","2024","04","22","00:00","","6.4","","-9.8","","30","","","","27","","33","","24.1","","88.48","","","","","","NA"
"-114.01","51.12","CALGARY INTL A","3031092","2024-04-22 01:00","2024","04","22","01:00","","6.0","","-9.6","","32","","","","28","","31","","24.1","","88.49","","","","","","NA"
"-114.01","51.12","CALGARY INTL A","3031092","2024-04-22 02:00","2024","04","22","02:00","","5.6","","-9.5","","33","","","","28","","29","","24.1","","88.51","","","","","","Mainly Clear"
"-114.01","51.12","CALGARY INTL A","3031092","2024-04-22 03:00","2024","04","22","03:00","","5.5","","-9.9","","32","","","","27","","34","","24.1","","88.54","","","","","","NA"
"-114.01","51.12","CALGARY INTL A","3031092","2024-04-22 04:00","2024","04","22","04:00","","5.2","","-9.9","","33","","","","28","","33","","24.1","","88.56","","","","","","NA"
"-114.01","51.12","CALGARY INTL A","3031092","2024-04-22 05:00","2024","04","22","05:00","","4.9","","-10.1","","33","","","","28","","32","","24.1","","88.58","","","","","","Mainly Clear"
"-114.01","51.12","CALGARY INTL A","3031092","2024-04-22 06:00","2024","04","22","06:00","","4.9","","-10.2","","33","","","","28","","38","","64.4","","88.59","","","","","","NA"
"-114.01","51.12","CALGARY INTL A","3031092","2024-04-22 07:00","2024","04","22","07:00","","5.5","","-10.2","","31","","","","28","","35","","64.4","","88.62","","","","","","NA"
"-114.01","51.12","CALGARY INTL A","3031092","2024-04-22 08:00","2024","04","22","08:00","","6.5","","-9.9","","30","","","","28","","34","","64.4","","88.63","","","","","","Mostly Cloudy"
"-114.01","51.12","CALGARY INTL A","3031092","2024-04-22 09:00","2024","04","22","09:00","","9.3","","-8.6","","27","","","","31","","33","","64.4","","88.61","","","","","","NA"
"-114.01","51.12","CALGARY INTL A","3031092","2024-04-22 10:00","2024","04","22","10:00","","10.6","","-8.3","","26","","","","32","","34","","64.4","","88.62","","","","","","NA"
"-114.01","51.12","CALGARY INTL A","3031092","2024-04-22 11:00","2024","04","22","11:00","","11.4","","-7.5","","26","","","","34","","37","","64.4","","88.63","","","","","","Mostly Cloudy"
"-114.01","51.12","CALGARY INTL A","3031092","2024-04-22 12:00","2024","04","22","12:00","","11.6","","-7.5","","26","","","","34","","32","","64.4","","88.65","","","","","","NA"
"-114.01","51.12","CALGARY INTL A","3031092","2024-04-22 13:00","2024","04","22","13:00","","13.4","","-9.0","","20","","","","32","","39","","64.4","","88.67","","","","","","NA"
"-114.01","51.12","CALGARY INTL A","3031092","2024-04-22 14:00","2024","04","22","14:00","","14.6","","-8.6","","19","","","","32","","28","","64.4","","88.69","","","","","","Mostly Cloudy"
"-114.01","51.12","CALGARY INTL A","3031092","2024-04-22 15:00","2024","04","22","15:00","","14.4","","-8.7","","19","","","","32","","29","","24.1","","88.74","","","","","","NA"
"-114.01","51.12","CALGARY INTL A","3031092","2024-04-22 16:00","2024","04","22","16:00","","12.7","","-9.4","","20","","","","33","","22","","24.1","","88.77","","","","","","NA"
"-114.01","51.12","CALGARY INTL A","3031092","2024-04-22 17:00","2024","04","22","17:00","","12.8","","-9.7","","20","","","","33","","34","","24.1","","88.83","","","","","","Mostly Cloudy"
"-114.01","51.12","CALGARY INTL A","3031092","2024-04-22 18:00","2024","04","22","18:00","","12.4","","-9.1","","21","","","","35","","28","","24.1","","88.86","","","","","","NA"
"-114.01","51.12","CALGARY INTL A","3031092","2024-04-22 19:00","2024","04","22","19:00","","11.9","","-8.2","","24","","","","35","","18","","32.2","","88.89","","","","","","NA"
"-114.01","51.12","CALGARY INTL A","3031092","2024-04-22 20:00","2024","04","22","20:00","","9.6","","-8.0","","28","","","","33","","14","","32.2","","88.96","","","","","","Mainly Clear"
"-114.01","51.12","CALGARY INTL A","3031092","2024-04-22 21:00","2024","04","22","21:00","","7.2","","-7.7","","34","","","","33","","11","","24.1","","89.03","","","","","","NA"
"-114.01","51.12","CALGARY INTL A","3031092","2024-04-22 22:00","2024","04","22","22:00","","5.0","","-7.9","","39","","","","32","","7","","24.1","","89.06","","","","","","NA"
"-114.01","51.12","CALGARY INTL A","3031092","2024-04-22 23:00","2024","04","22","23:00","","3.8","","-7.3","","44","","","","15","","4","","24.1","","89.08","","","","","","Mainly Clear"
"-114.01","51.12","CALGARY INTL A","3031092","2024-04-23 00:00","2024","04","23","00:00","","4.8","","-7.7","","40","","","","26","","8","","24.1","","89.11","","","","","","NA"
"-114.01","51.12","CALGARY INTL A","3031092","2024-04-23 01:00","2024","04","23","01:00","","1.3","","-7.4","","53","","","","11","","3","","24.1","","89.14","","","","","","NA"
"-114.01","51.12","CALGARY INTL A","3031092","2024-04-23 02:00","2024","04","23","02:00","","1.8","","-6.5","","54","","","","","","0","","24.1","","89.14","","","","","","Clear"
"-114.01","51.12","CALGARY INTL A","3031092","2024-04-23 03:00","2024","04","23","03:00","","1.6","","-7.0","","53","","","","","","0","","24.1","","89.17","","","","","","NA"
"-114.01","51.12","CALGARY INTL A","3031092","2024-04-23 04:00","2024","04","23","04:00","","0.3","","-6.4","","61","","","","17","","3","","24.1","","89.19","","","","","","NA"
"-114.01","51.12","CALGARY INTL A","3031092","2024-04-23 05:00","2024","04","23","05:00","","0.0","","-6.8","","60","","","","22","","4","","24.1","","89.19","","","","-1","","Clear"
"-114.01","51.12","CALGARY INTL A","3031092","2024-04-23 06:00","2024","04","23","06:00","","1.2","","-6.4","","57","","","","","","0","","64.4","","89.19","","","","","","NA"
"-114.01","51.12","CALGARY INTL A","3031092","2024-04-23 07:00","2024","04","23","07:00","","4.0","","-4.9","","52","","","","15","","3","","64.4","","89.19","","","","","","NA"
"-114.01","51.12","CALGARY INTL A","3031092","2024-04-23 08:00","2024","04","23","08:00","","7.2","","-5.2","","41","","","","21","","5","","64.4","","89.19","","","","","","Clear"
"-114.01","51.12","CALGARY INTL A","3031092","2024-04-23 09:00","2024","04","23","09:00","","10.5","","-5.0","","33","","","","23","","5","","64.4","","89.17","","","","","","NA"
"-114.01","51.12","CALGARY INTL A","3031092","2024-04-23 10:00","2024","04","23","10:00","","11.9","","-6.9","","26","","","","18","","9","","64.4","","89.14","","","","","","NA"
"-114.01","51.12","CALGARY INTL A","3031092","2024-04-23 11:00","2024","04","23","11:00","","13.0","","-8.1","","22","","","","19","","16","","64.4","","89.09","","","","","","Mainly Clear"
"-114.01","51.12","CALGARY INTL A","3031092","2024-04-23 12:00","2024","04","23","12:00","","14.5","","-6.2","","23","","","","18","","25","","64.4","","89.03","","","","","","NA"
"-114.01","51.12","CALGARY INTL A","3031092","2024-04-23 13:00","2024","04","23","13:00","","15.2","","-7.2","","21","","","","20","","13","","64.4","","88.96","","","","","","NA"
"-114.01","51.12","CALGARY INTL A","3031092","2024-04-23 14:00","2024","04","23","14:00","","16.9","","-6.2","","20","","","","16","","27","","64.4","","88.91","","","","","","Mainly Clear"
"-114.01","51.12","CALGARY INTL A","3031092","2024-04-23 15:00","2024","04","23","15:00","","16.6","","-7.2","","19","","","","17","","17","","24.1","","88.83","","","","","","NA"
"-114.01","51.12","CALGARY INTL A","3031092","2024-04-23 16:00","2024","04","23","16:00","","16.7","","-6.3","","20","","","","14","","23","","24.1","","88.75","","","","","","NA"
"-114.01","51.12","CALGARY INTL A","3031092","2024-04-23 17:00","2024","04","23","17:00","","16.6","","-6.5","","20","","","","16","","29","","24.1","","88.69","","","","","","Mostly Cloudy"
"-114.01","51.12","CALGARY INTL A","3031092","2024-04-23 18:00","2024","04","23","18:00","","16.0","","-7.2","","20","","","","15","","26","","24.1","","88.62","","","","","","NA"
"-114.01","51.12","CALGARY INTL A","3031092","2024-04-23 19:00","2024","04","23","19:00","","14.5","","-7.2","","22","","","","16","","27","","24.1","","88.57","","","","","","NA"
"-114.01","51.12","CALGARY INTL A","3031092","2024-04-23 20:00","2024","04","23","20:00","","12.7","","-6.9","","25","","","","15","","22","","32.2","","88.55","","","","","","Mostly Cloudy"
"-114.01","51.12","CALGARY INTL A","3031092","2024-04-23 21:00","2024","04","23","21:00","","10.6","","-6.4","","30","","","","17","","11","","24.1","","88.57","","","","","","NA"
"-114.01","51.12","CALGARY INTL A","3031092","2024-04-23 22:00","2024","04","23","22:00","","8.3","","-6.0","","36","","","","16","","11","","24.1","","88.54","","","","","","NA"
"-114.01","51.12","CALGARY INTL A","3031092","2024-04-23 23:00","2024","04","23","23:00","","8.3","","-5.9","","36","","","","16","","5","","24.1","","88.49","","","","","","Mainly Clear"
"-114.01","51.12","CALGARY INTL A","3031092","2024-04-24 00:00","2024","04","24","00:00","","6.4","","-5.6","","42","","","","26","","5","","24.1","","88.47","","","","","","NA"
"-114.01","51.12","CALGARY INTL A","3031092","2024-04-24 01:00","2024","04","24","01:00","","2.0","","-6.8","","52","","","","2","","5","","24.1","","88.45","","","","","","NA"
"-114.01","51.12","CALGARY INTL A","3031092","2024-04-24 02:00","2024","04","24","02:00","","1.5","","-6.8","","54","","","","2","","4","","24.1","","88.43","","","","","","Mostly Cloudy"
"-114.01","51.12","CALGARY INTL A","3031092","2024-04-24 03:00","2024","04","24","03:00"
"-114.01","51.12","CALGARY INTL A","3031092","2024-04-24 04:00","2024","04","24","04:00","","1.0","","-6.0","","60","","","","21","","4","","24.1","","88.39","","","","","","NA"
"-114.01","51.12","CALGARY INTL A","3031092","2024-04-24 05:00","2024","04","24","05:00","","2.3","","-6.3","","53","","","","","","0","","32.2","","88.37","","","","","","Mainly Clear"
"-114.01","51.12","CALGARY INTL A","3031092","2024-04-24 06:00","2024","04","24","06:00","","1.8","","-5.7","","57","","","","20","","4","","32.2","","88.36","","","","","","NA"
"-114.01","51.12","CALGARY INTL A","3031092","2024-04-24 07:00","2024","04","24","07:00","","6.0","","-4.8","","46","","","","19","","6","","32.2","","88.36","","","","","","NA"
"-114.01","51.12","CALGARY INTL A","3031092","2024-04-24 08:00","2024","04","24","08:00","","8.2","","-3.4","","44","","","","36","","3","","48.3","","88.35","","","","","","Cloudy"
"-114.01","51.12","CALGARY INTL A","3031092","2024-04-24 09:00","2024","04","24","09:00","","13.7","","-8.1","","21","","","","29","","11","","48.3","","88.31","","","","","","NA"
"-114.01","51.12","CALGARY INTL A","3031092","2024-04-24 10:00","2024","04","24","10:00","","15.1","","-9.3","","18","","","","28","","13","","48.3","","88.28","","","","","","NA"
"-114.01","51.12","CALGARY INTL A","3031092","2024-04-24 11:00","2024","04","24","11:00","","16.2","","-7.8","","18","","","","21","","10","","64.4","","88.23","","","","","","Cloudy"
"-114.01","51.12","CALGARY INTL A","3031092","2024-04-24 12:00","2024","04","24","12:00","","15.6","","-9.8","","16","","","","23","","17","","64.4","","88.18","","","","","","NA"
"-114.01","51.12","CALGARY INTL A","3031092","2024-04-24 13:00","2024","04","24","13:00","","15.5","","-9.8","","16","","","","27","","11","","64.4","","88.15","","","","","","NA"
"-114.01","51.12","CALGARY INTL A","3031092","2024-04-24 14:00","2024","04","24","14:00","","15.8","","-7.2","","20","","","","18","","20","","48.3","","88.11","","","","","","Mostly Cloudy"
"-114.01","51.12","CALGARY INTL A","3031092","2024-04-24 15:00","2024","04","24","15:00","","16.6","","-7.6","","18","","","","18","","12","","48.3","","88.04","","","","","","NA"
"-114.01","51.12","CALGARY INTL A","3031092","2024-04-24 16:00","2024","04","24","16:00","","17.7","","-7.8","","17","","","","29","","26","","32.2","","88.03","","","","","","NA"
"-114.01","51.12","CALGARY INTL A","3031092","2024-04-24 17:00","2024","04","24","17:00","","16.2","","-7.5","","19","","","","28","","22","","48.3","","88.04","","","","","","Mostly Cloudy"
"-114.01","51.12","CALGARY INTL A","3031092","2024-04-24 18:00","2024","04","24","18:00","","15.3","","-6.5","","22","","","","29","","29","","32.2","","88.04","","","","","","NA"
"-114.01","51.12","CALGARY INTL A","3031092","2024-04-24 19:00","2024","04","24","19:00","","14.2","","-6.2","","24","","","","30","","32","","32.2","","88.06","","","","","","NA"
"-114.01","51.12","CALGARY INTL A","3031092","2024-04-24 20:00","2024","04","24","20:00","","12.2","","-5.5","","28","","","","30","","23","","24.1","","88.14","","","","","","Mostly Cloudy"
"-114.01","51.12","CALGARY INTL A","3031092","2024-04-24 21:00","2024","04","24","21:00","","10.7","","-5.8","","31","","","","30","","25","","24.1","","88.19","","","","","","NA"
"-114.01","51.12","CALGARY INTL A","3031092","2024-04-24 22:00","2024","04","24","22:00","","10.2","","-5.8","","32","","","","27","","19","","24.1","","88.21","","","","","","NA"
"-114.01","51.12","CALGARY INTL A","3031092","2024-04-24 23:00","2024","04","24","23:00","","9.4","","-5.9","","34","","","","28","","15","","24.1","","88.23","","","","","","Mainly Clear"
"-114.01","51.12","CALGARY INTL A","3031092","2024-04-25 00:00","2024","04","25","00:00","","7.1","","-5.7","","40","","","","33","","11","","24.1","","88.24","","","","","","NA"
"-114.01","51.12","CALGARY INTL A","3031092","2024-04-25 01:00","2024","04","25","01:00","","3.0","","-5.9","","52","","","","2","","7","","24.1","","88.22","","","","","","NA"
"-114.01","51.12","CALGARY INTL A","3031092","2024-04-25 02:00","2024","04","25","02:00","","2.1","","-5.5","","57","","","","3","","10","","24.1","","88.21","","","","","","Mostly Cloudy"
"-114.01","51.12","CALGARY INTL A","3031092","2024-04-25 03:00","2024","04","25","03:00","","2.0","","-5.5","","58","","","","35","","6","","24.1","","88.19","","","","","","NA"
"-114.01","51.12","CALGARY INTL A","3031092","2024-04-25 04:00","2024","04","25","04:00","","3.6","","-5.5","","51","","","","","","0","","24.1","","88.20","","","","","","NA"
"-114.01","51.12","CALGARY INTL A","3031092","2024-04-25 05:00","2024","04","25","05:00","","3.4","","-5.0","","54","","","","","","0","","32.2","","88.17","","","","","","Mostly Cloudy"
"-114.01","51.12","CALGARY INTL A","3031092","2024-04-25 06:00","2024","04","25","06:00","","4.2","","-4.3","","54","","","","22","","7","","32.2","","88.15","","","","","","NA"
"-114.01","51.12","CALGARY INTL A","3031092","2024-04-25 07:00","2024","04","25","07:00","","6.4","","-3.5","","49","","","","20","","5","","32.2","","88.11","","","","","","NA"
"-114.01","51.12","CALGARY INTL A","3031092","2024-04-25 08:00","2024","04","25","08:00","","9.7","","-2.4","","42","","","","18","","13","","32.2","","88.05","","","","","","Mostly Cloudy"
"-114.01","51.12","CALGARY INTL A","3031092","2024-04-25 09:00","2024","04","25","09:00","","10.7","","-3.6","","36","","","","22","","12","","48.3","","88.02","","","","","","NA"
"-114.01","51.12","CALGARY INTL A","3031092","2024-04-25 10:00","2024","04","25","10:00","","12.3","","-3.6","","33","","","","23","","14","","48.3","","88.00","","","","","","NA"
"-114.01","51.12","CALGARY INTL A","3031092","2024-04-25 11:00","2024","04","25","11:00","","13.6","","-5.5","","26","","","","31","","19","","64.4","","87.96","","","","","","Mostly Cloudy"
"-114.01","51.12","CALGARY INTL A","3031092","2024-04-25 12:00","2024","04","25","12:00","","14.4","","-5.2","","25","","","","28","","20","","64.4","","87.93","","","","","","NA"
"-114.01","51.12","CALGARY INTL A","3031092","2024-04-25 13:00","2024","04","25","13:00","","14.8","","-4.8","","25","","","","25","","14","","64.4","","87.88","","","","","","NA"
"-114.01","51.12","CALGARY INTL A","3031092","2024-04-25 14:00","2024","04","25","14:00","","14.3","","-5.2","","25","","","","23","","18","","64.4","","87.88","","","","","","Cloudy"
"-114.01","51.12","CALGARY INTL A","3031092","2024-04-25 15:00","2024","04","25","15:00","","15.4","","-6.5","","21","","","","23","","17","","48.3","","87.84","","","","","","NA"
"-114.01","51.12","CALGARY INTL A","3031092","2024-04-25 16:00","2024","04","25","16:00","","15.7","","-6.1","","22","","","","23","","17","","48.3","","87.79","","","","","","NA"
"-114.01","51.12","CALGARY INTL A","3031092","2024-04-25 17:00","2024","04","25","17:00","","15.2","","-5.5","","24","","","","29","","17","","48.3","","87.81","","","","","","Mostly Cloudy"
"-114.01","51.12","CALGARY INTL A","3031092","2024-04-25 18:00","2024","04","25","18:00","","15.0","","-5.2","","24","","","","29","","20","","48.3","","87.80","","","","","","NA"
"-114.01","51.12","CALGARY INTL A","3031092","2024-04-25 19:00","2024","04","25","19:00","","13.6","","-5.3","","26","","","","30","","22","","32.2","","87.84","","","","","","NA"
"-114.01","51.12","CALGARY INTL A","3031092","2024-04-25 20:00","2024","04","25","20:00","","10.1","","-1.4","","44","","","","35","","37","","24.1","","88.01","","","","","","Cloudy"
"-114.01","51.12","CALGARY INTL A","3031092","2024-04-25 21:00","2024","04","25","21:00","","7.2","","-0.6","","58","","","","36","","33","","16.1","","88.18","","","","","","NA"
"-114.01","51.12","CALGARY INTL A","3031092","2024-04-25 22:00","2024","04","25","22:00","","5.8","","-0.7","","63","","","","1","","42","","16.1","","88.26","","","","","","NA"
"-114.01","51.12","CALGARY INTL A","3031092","2024-04-25 23:00","2024","04","25","23:00","","4.5","","0.1","","73","","","","36","","36","","16.1","","88.31","","","","","","Mostly Cloudy"
"-114.01","51.12","CALGARY INTL A","3031092","2024-04-26 00:00","2024","04","26","00:00","","4.1","","0.2","","76","","","","36","","27","","11.3","","88.39","","","","","","NA"
"-114.01","51.12","CALGARY INTL A","3031092","2024-04-26 01:00","2024","04","26","01:00","","3.1","","1.0","","86","","","","32","","22","","12.9","","88.46","","","","","","Rain"
"-114.01","51.12","CALGARY INTL A","3031092","2024-04-26 02:00","2024","04","26","02:00","","2.4","","0.8","","89","","","","33","","26","","8.1","","88.52","","","","","","Rain"
"-114.01","51.12","CALGARY INTL A","3031092","2024-04-26 03:00","2024","04","26","03:00","","2.3","","0.6","","88","","","","30","","9","","8.1","","88.57","","","","","","Rain"
"-114.01","51.12","CALGARY INTL A","3031092","2024-04-26 04:00","2024","04","26","04:00","","3.4","","-1.0","","73","","","","32","","19","","12.9","","88.58","","","","","","NA"
"-114.01","51.12","CALGARY INTL A","3031092","2024-04-26 05:00","2024","04","26","05:00","","3.5","","-2.4","","65","","","","36","","12","","12.9","","88.65","","","","","","Cloudy"
"-114.01","51.12","CALGARY INTL A","3031092","2024-04-26 06:00","2024","04","26","06:00","","3.5","","-2.3","","66","","","","33","","12","","12.9","","88.73","","","","","","NA"
"-114.01","51.12","CALGARY INTL A","3031092","2024-04-26 07:00","2024","04","26","07:00","","3.5","","-2.0","","67","","","","35","","15","","16.1","","88.79","","","","","","NA"
"-114.01","51.12","CALGARY INTL A","3031092","2024-04-26 08:00","2024","04","26","08:00","","3.5","","-1.9","","68","","","","1","","18","","16.1","","88.83","","","","","","Cloudy"
"-114.01","51.12","CALGARY INTL A","3031092","2024-04-26 09:00","2024","04","26","09:00","","4.0","","-2.4","","63","","","","1","","17","","16.1","","88.85","","","","","","NA"
"-114.01","51.12","CALGARY INTL A","3031092","2024-04-26 10:00","2024","04","26","10:00","","3.8","","-2.9","","62","","","","2","","11","","24.1","","88.88","","","","","","NA"
"-114.01","51.12","CALGARY INTL A","3031092","2024-04-26 11:00","2024","04","26","11:00","","4.2","","-2.6","","62","","","","1","","12","","24.1","","88.88","","","","","","Cloudy"
"-114.01","51.12","CALGARY INTL A","3031092","2024-04-26 12:00","2024","04","26","12:00","","4.4","","-2.8","","60","","","","2","","8","","24.1","","88.87","","","","","","NA"
"-114.01","51.12","CALGARY INTL A","3031092","2024-04-26 13:00","2024","04","26","13:00","","5.6","","-2.8","","55","","","","9","","7","","24.1","","88.86","","","","","","NA"
"-114.01","51.12","CALGARY INTL A","3031092","2024-04-26 14:00","2024","04","26","14:00","","5.8","","-3.5","","51","","","","9","","5","","24.1","","88.84","","","","","","Cloudy"
"-114.01","51.12","CALGARY INTL A","3031092","2024-04-26 15:00","2024","04","26","15:00","","5.9","","-3.5","","51","","","","12","","9","","24.1","","88.83","","","","","","NA"
"-114.01","51.12","CALGARY INTL A","3031092","2024-04-26 16:00","2024","04","26","16:00","","6.2","","-2.8","","52","","","","7","","12","","24.1","","88.82","","","","","","NA"
"-114.01","51.12","CALGARY INTL A","3031092","2024-04-26 17:00","2024","04","26","17:00","","7.0","","-3.1","","49","","","","10","","15","","24.1","","88.82","","","","","","Cloudy"
"-114.01","51.12","CALGARY INTL A","3031092","2024-04-26 18:00","2024","04","26","18:00","","6.3","","-2.7","","52","","","","13","","12","","24.1","","88.85","","","","","","NA"
"-114.01","51.12","CALGARY INTL A","3031092","2024-04-26 19:00","2024","04","26","19:00","","5.9","","-2.5","","55","","","","16","","8","","16.1","","88.87","","","","","","NA"
"-114.01","51.12","CALGARY INTL A","3031092","2024-04-26 20:00","2024","04","26","20:00","","4.8","","-2.3","","60","","","","17","","15","","16.1","","88.89","","","","","","Mostly Cloudy"
"-114.01","51.12","CALGARY INTL A","3031092","2024-04-26 21:00","2024","04","26","21:00","","5.0","","-2.0","","60","","","","17","","17","","16.1","","88.91","","","","","","NA"
"-114.01","51.12","CALGARY INTL A","3031092","2024-04-26 22:00","2024","04","26","22:00","","4.3","","-1.2","","67","","","","15","","16","","16.1","","88.91","","","","","","NA"
"-114.01","51.12","CALGARY INTL A","3031092","2024-04-26 23:00","2024","04","26","23:00","","3.0","","-0.6","","77","","","","17","","12","","16.1","","88.91","","","","","","Mostly Cloudy"
"-114.01","51.12","CALGARY INTL A","3031092","2024-04-27 00:00","2024","04","27","00:00","","2.4","","-0.3","","83","","","","16","","15","","24.1","","88.89","","","","","","NA"
"-114.01","51.12","CALGARY INTL A","3031092","2024-04-27 01:00","2024","04","27","01:00","","2.3","","-1.3","","77","","","","17","","17","","24.1","","88.87","","","","","","NA"
"-114.01","51.12","CALGARY INTL A","3031092","2024-04-27 02:00","2024","04","27","02:00","","1.8","","-1.2","","80","","","","16","","17","","24.1","","88.84","","","","","","Mainly Clear"
"-114.01","51.12","CALGARY INTL A","3031092","2024-04-27 03:00","2024","04","27","03:00","","1.8","","-0.8","","83","","","","15","","21","","16.1","","88.82","","","","","","NA"
"-114.01","51.12","CALGARY INTL A","3031092","2024-04-27 04:00","2024","04","27","04:00","","1.9","","-0.3","","85","","","","15","","25","","16.1","","88.78","","","","","","NA"
"-114.01","51.12","CALGARY INTL A","3031092","2024-04-27 05:00","2024","04","27","05:00","","1.8","","-0.8","","82","","","","16","","28","","24.1","","88.72","","","","","","Mainly Clear"
"-114.01","51.12","CALGARY INTL A","3031092","2024-04-27 06:00","2024","04","27","06:00","","2.1","","-2.5","","72","","","","16","","29","","24.1","","88.67","","","","","","NA"
"-114.01","51.12","CALGARY INTL A","3031092","2024-04-27 07:00","2024","04","27","07:00","","2.9","","-2.4","","68","","","","16","","24","","32.2","","88.66","","","","","","NA"
"-114.01","51.12","CALGARY INTL A","3031092","2024-04-27 08:00","2024","04","27","08:00","","3.9","","-1.5","","68","","","","18","","18","","48.3","","88.64","","","","","","Mostly Cloudy"
"-114.01","51.12","CALGARY INTL A","3031092","2024-04-27 09:00","2024","04","27","09:00","","7.2","","-0.8","","57","","","","18","","22","","64.4","","88.56","","","","","","NA"
"-114.01","51.12","CALGARY INTL A","3031092","2024-04-27 10:00","2024","04","27","10:00","","8.8","","-0.3","","53","","","","16","","24","","64.4","","88.52","","","","","","NA"
"-114.01","51.12","CALGARY INTL A","3031092","2024-04-27 11:00","2024","04","27","11:00","","10.8","","0.1","","47","","","","19","","23","","64.4","","88.46","","","","","","Mostly Cloudy"
"-114.01","51.12","CALGARY INTL A","3031092","2024-04-27 12:00","2024","04","27","12:00","","13.3","","0.8","","42","","","","18","","17","","64.4","","88.39","","","","","","NA"
"-114.01","51.12","CALGARY INTL A","3031092","2024-04-27 13:00","2024","04","27","13:00","","15.1","","-0.5","","34","","","","18","","17","","64.4","","88.34","","","","","","NA"
"-114.01","51.12","CALGARY INTL A","3031092","2024-04-27 14:00","2024","04","27","14:00","","14.3","","-1.6","","33","","","","15","","24","","64.4","","88.27","","","","","","Mostly Cloudy"
"-114.01","51.12","CALGARY INTL A","3031092","2024-04-27 15:00","2024","04","27","15:00","","15.2","","0.3","","36","","","","16","","34","","64.4","","88.21","","","","","","NA"
"-114.01","51.12","CALGARY INTL A","3031092","2024-04-27 16:00","2024","04","27","16:00","","15.5","","-0.9","","32","","","","16","","28","","64.4","","88.17","","","","","","NA"
"-114.01","51.12","CALGARY INTL A","3031092","2024-04-27 17:00","2024","04","27","17:00","","15.0","","-0.7","","34","","","","15","","33","","48.3","","88.13","","","","","","Mostly Cloudy"
"-114.01","51.12","CALGARY INTL A","3031092","2024-04-27 18:00","2024","04","27","18:00","","14.2","","-0.2","","37","","","","15","","32","","32.2","","88.10","","","","","","NA"
"-114.01","51.12","CALGARY INTL A","3031092","2024-04-27 19:00","2024","04","27","19:00","","12.1","","1.9","","50","","","","15","","39","","24.1","","88.07","","","","","","NA"
"-114.01","51.12","CALGARY INTL A","3031092","2024-04-27 20:00","2024","04","27","20:00","","9.9","","2.0","","58","","","","15","","35","","24.1","","88.07","","","","","","Mostly Cloudy"
"-114.01","51.12","CALGARY INTL A","3031092","2024-04-27 21:00","2024","04","27","21:00","","8.7","","1.7","","61","","","","16","","25","","16.1","","88.05","","","","","","NA"
"-114.01","51.12","CALGARY INTL A","3031092","2024-04-27 22:00","2024","04","27","22:00","","8.0","","1.4","","63","","","","16","","14","","24.1","","88.05","","","","","","NA"
"-114.01","51.12","CALGARY INTL A","3031092","2024-04-27 23:00","2024","04","27","23:00","","7.1","","0.7","","64","","","","17","","10","","24.1","","88.03","","","","","","Mostly Cloudy"
"-114.01","51.12","CALGARY INTL A","3031092","2024-04-28 00:00","2024","04","28","00:00","","7.4","","-0.4","","58","","","","21","","8","","24.1","","88.00","","","","","","NA"
"-114.01","51.12","CALGARY INTL A","3031092","2024-04-28 01:00","2024","04","28","01:00","","7.3","","-0.4","","58","","","","22","","8","","24.1","","87.97","","","","","","NA"
"-114.01","51.12","CALGARY INTL A","3031092","2024-04-28 02:00","2024","04","28","02:00","","7.3","","-1.1","","55","","","","24","","8","","24.1","","87.95","","","","","","Mostly Cloudy"
"-114.01","51.12","CALGARY INTL A","3031092","2024-04-28 03:00","2024","04","28","03:00","","5.6","","-1.1","","62","","","","20","","3","","24.1","","87.95","","","","","","NA"
"-114.01","51.12","CALGARY INTL A","3031092","2024-04-28 04:00","2024","04","28","04:00","","6.3","","-1.2","","58","","","","25","","7","","24.1","","87.96","","","","","","NA"
"-114.01","51.12","CALGARY INTL A","3031092","2024-04-28 05:00","2024","04","28","05:00","","4.9","","-1.4","","63","","","","","","0","","32.2","","87.98","","","","","","Mostly Cloudy"
"-114.01","51.12","CALGARY INTL A","3031092","2024-04-28 06:00","2024","04","28","06:00","","8.4","","-2.6","","46","","","","28","","22","","64.4","","88.02","","","","","","NA"
"-114.01","51.12","CALGARY INTL A","3031092","2024-04-28 07:00","2024","04","28","07:00","","9.3","","-4.3","","38","","","","28","","32","","64.4","","88.02","","","","","","NA"
"-114.01","51.12","CALGARY INTL A","3031092","2024-04-28 08:00","2024","04","28","08:00","","10.9","","-6.2","","30","","","","28","","41","","64.4","","88.05","","","","","","Mostly Cloudy"
"-114.01","51.12","CALGARY INTL A","3031092","2024-04-28 09:00","2024","04","28","09:00","","11.7","","-7.5","","25","","","","28","","37","","64.4","","88.09","","","","","","NA"
"-114.01","51.12","CALGARY INTL A","3031092","2024-04-28 10:00","2024","04","28","10:00","","12.8","","-7.6","","24","","","","27","","32","","64.4","","88.08","","","","","","NA"
"-114.01","51.12","CALGARY INTL A","3031092","2024-04-28 11:00","2024","04","28","11:00","","13.7","","-7.3","","23","","","","27","","26","","64.4","","88.08","","","","","","Mainly Clear"
"-114.01","51.12","CALGARY INTL A","3031092","2024-04-28 12:00","2024","04","28","12:00","","14.3","","-7.0","","22","","","","27","","20","","64.4","","88.07","","","","","","NA"
"-114.01","51.12","CALGARY INTL A","3031092","2024-04-28 13:00","2024","04","28","13:00","","15.6","","-9.2","","17","","","","30","","29","","64.4","","88.04","","","","","","NA"
"-114.01","51.12","CALGARY INTL A","3031092","2024-04-28 14:00","2024","04","28","14:00","","15.2","","-7.0","","21","","","","29","","15","","64.4","","88.03","","","","","","Mostly Cloudy"
"-114.01","51.12","CALGARY INTL A","3031092","2024-04-28 15:00","2024","04","28","15:00","","14.8","","-7.1","","21","","","","28","","26","","64.4","","88.00","","","","","","NA"
"-114.01","51.12","CALGARY INTL A","3031092","2024-04-28 16:00","2024","04","28","16:00","","13.9","","-8.6","","20","","","","29","","18","","64.4","","87.99","","","","","","NA"
"-114.01","51.12","CALGARY INTL A","3031092","2024-04-28 17:00","2024","04","28","17:00","","13.2","","-6.3","","25","","","","30","","17","","64.4","","87.97","","","","","","Mostly Cloudy"
"-114.01","51.12","CALGARY INTL A","3031092","2024-04-28 18:00","2024","04","28","18:00","","12.8","","-5.8","","27","","","","29","","20","","64.4","","87.97","","","","","","NA"
"-114.01","51.12","CALGARY INTL A","3031092","2024-04-28 19:00","2024","04","28","19:00","","11.8","","-5.0","","30","","","","30","","15","","64.4","","87.96","","","","","","NA"
"-114.01","51.12","CALGARY INTL A","3031092","2024-04-28 20:00","2024","04","28","20:00","","10.7","","-4.3","","35","","","","28","","13","","32.2","","87.98","","","","","","Mostly Cloudy"
"-114.01","51.12","CALGARY INTL A","3031092","2024-04-28 21:00","2024","04","28","21:00","","9.7","","-3.4","","39","","","","29","","16","","24.1","","87.97","","","","","","NA"
"-114.01","51.12","CALGARY INTL A","3031092","2024-04-28 22:00","2024","04","28","22:00","","9.8","","-5.2","","34","","","","29","","16","","24.1","","87.95","","","","","","NA"
"-114.01","51.12","CALGARY INTL A","3031092","2024-04-28 23:00","2024","04","28","23:00","","6.8","","-3.9","","47","","","","36","","8","","24.1","","87.95","","","","","","Mostly Cloudy"
"-114.01","51.12","CALGARY INTL A","3031092","2024-04-29 00:00","2024","04","29","00:00","","8.2","","-4.3","","41","","","","31","","15","","24.1","","87.95","","","","","","NA"
"-114.01","51.12","CALGARY INTL A","3031092","2024-04-29 01:00","2024","04","29","01:00","","7.4","","-3.3","","47","","","","31","","16","","24.1","","87.95","","","","","","NA"
"-114.01","51.12","CALGARY INTL A","3031092","2024-04-29 02:00","2024","04","29","02:00","","7.2","","-4.2","","44","","","","32","","13","","24.1","","87.94","","","","","","Mostly Cloudy"
"-114.01","51.12","CALGARY INTL A","3031092","2024-04-29 03:00","2024","04","29","03:00","","6.3","","-3.2","","50","","","","33","","10","","24.1","","87.99","","","","","","NA"
"-114.01","51.12","CALGARY INTL A","3031092","2024-04-29 04:00","2024","04","29","04:00","","6.7","","-3.4","","48","","","","28","","14","","24.1","","87.99","","","","","","NA"
"-114.01","51.12","CALGARY INTL A","3031092","2024-04-29 05:00","2024","04","29","05:00","","5.7","","-3.0","","54","","","","28","","18","","16.1","","88.02","","","","","","Cloudy"
"-114.01","51.12","CALGARY INTL A","3031092","2024-04-29 06:00","2024","04","29","06:00","","6.1","","-5.4","","43","","","","31","","21","","12.9","","88.03","","","","","","NA"
"-114.01","51.12","CALGARY INTL A","3031092","2024-04-29 07:00","2024","04","29","07:00","","6.5","","-5.1","","43","","","","31","","17","","64.4","","88.05","","","","","","NA"
"-114.01","51.12","CALGARY INTL A","3031092","2024-04-29 08:00","2024","04","29","08:00","","6.8","","-5.8","","40","","","","31","","17","","64.4","","88.05","","","","","","Cloudy"
"-114.01","51.12","CALGARY INTL A","3031092","2024-04-29 09:00","2024","04","29","09:00","","7.2","","-7.0","","36","","","","29","","21","","64.4","","88.07","","","","","","NA"
"-114.01","51.12","CALGARY INTL A","3031092","2024-04-29 10:00","2024","04","29","10:00","","7.7","","-3.2","","46","","","","1","","24","","64.4","","88.08","","","","","","NA"
"-114.01","51.12","CALGARY INTL A","3031092","2024-04-29 11:00","2024","04","29","11:00","","8.2","","-4.2","","41","","","","3","","14","","64.4","","88.02","","","","","","Mostly Cloudy"
"-114.01","51.12","CALGARY INTL A","3031092","2024-04-29 12:00","2024","04","29","12:00","","8.5","","-4.3","","40","","","","6","","11","","24.1","","88.00","","","","","","NA"
"-114.01","51.12","CALGARY INTL A","3031092","2024-04-29 13:00","2024","04","29","13:00","","8.5","","-7.1","","32","","","","23","","3","","24.1","","87.99","","","","","","NA"
"-114.01","51.12","CALGARY INTL A","3031092","2024-04-29 14:00","2024","04","29","14:00","","7.6","","-3.0","","47","","","","22","","26","","24.1","","88.00","","","","","","Cloudy"
"-114.01","51.12","CALGARY INTL A","3031092","2024-04-29 15:00","2024","04","29","15:00","","7.6","","-3.4","","45","","","","28","","19","","24.1","","88.01","","","","","","NA"
"-114.01","51.12","CALGARY INTL A","3031092","2024-04-29 16:00","2024","04","29","16:00","","7.5","","-2.8","","48","","","","27","","17","","24.1","","88.02","","","","","","NA"
"-114.01","51.12","CALGARY INTL A","3031092","2024-04-29 17:00","2024","04","29","17:00","","7.5","","-2.8","","48","","","","29","","15","","24.1","","88.06","","","","","","Cloudy"
"-114.01","51.12","CALGARY INTL A","3031092","2024-04-29 18:00","2024","04","29","18:00","","6.4","","-0.4","","62","","","","9","","12","","9.7","","88.12","","","","","","Rain Showers"
"-114.01","51.12","CALGARY INTL A","3031092","2024-04-29 19:00","2024","04","29","19:00","","3.5","","1.4","","86","","","","2","","22","","8.1","","88.19","","","","","","Rain Showers,Fog"
"-114.01","51.12","CALGARY INTL A","3031092","2024-04-29 20:00","2024","04","29","20:00","","3.5","","1.4","","86","","","","31","","18","","9.7","","88.21","","","","","","Rain Showers,Fog"
"-114.01","51.12","CALGARY INTL A","3031092","2024-04-29 21:00","2024","04","29","21:00","","3.1","","1.4","","89","","","","32","","14","","9.7","","88.26","","","","","","Rain Showers,Fog"
"-114.01","51.12","CALGARY INTL A","3031092","2024-04-29 22:00","2024","04","29","22:00","","1.4","","0.4","","93","","","","33","","17","","3.6","","88.26","","","","","","Rain Showers,Snow Showers,Fog"
"-114.01","51.12","CALGARY INTL A","3031092","2024-04-29 23:00","2024","04","29","23:00","","0.9","","0.4","","97","","","","33","","9","","2.4","","88.23","","","","","","Snow,Fog"
"-114.01","51.12","CALGARY INTL A","3031092","2024-04-30 00:00","2024","04","30","00:00","","0.3","","0.3","","100","","","","33","","13","","1.2","","88.25","","","","","","Snow"
"-114.01","51.12","CALGARY INTL A","3031092","2024-04-30 01:00","2024","04","30","01:00","","0.8","","0.8","","100","","","","32","","15","","4.8","","88.24","","","","","","Snow"
"-114.01","51.12","CALGARY INTL A","3031092","2024-04-30 02:00","2024","04","30","02:00","","0.9","","0.4","","96","","","","36","","26","","4.8","","88.26","","","","","","Snow,Fog"
"-114.01","51.12","CALGARY INTL A","3031092","2024-04-30 03:00","2024","04","30","03:00","","0.5","","0.3","","98","","","","35","","17","","2.0","","88.28","","","","","","Snow"
"-114.01","51.12","CALGARY INTL A","3031092","2024-04-30 04:00","2024","04","30","04:00","","0.4","","0.3","","99","","","","3","","37","","1.0","","88.38","","","","","","Snow"
"-114.01","51.12","CALGARY INTL A","3031092","2024-04-30 05:00","2024","04","30","05:00","","0.2","","0.2","","100","","","","2","","18","","3.2","","88.41","","","","","","Snow"
"-114.01","51.12","CALGARY INTL A","3031092","2024-04-30 06:00","2024","04","30","06:00","","0.7","","-1.2","","87","","","","35","","16","","16.1","","88.46","","","","","","NA"
"-114.01","51.12","CALGARY INTL A","3031092","2024-04-30 07:00","2024","04","30","07:00","","1.0","","-1.3","","84","","","","32","","17","","16.1","","88.50","","","","","","NA"
"-114.01","51.12","CALGARY INTL A","3031092","2024-04-30 08:00","2024","04","30","08:00","","1.8","","-1.1","","81","","","","33","","13","","16.1","","88.53","","","","","","Cloudy"
"-114.01","51.12","CALGARY INTL A","3031092","2024-04-30 09:00","2024","04","30","09:00","","2.0","","-2.7","","71","","","","34","","30","","16.1","","88.54","","","","","","NA"
"-114.01","51.12","CALGARY INTL A","3031092","2024-04-30 10:00","2024","04","30","10:00","","2.1","","-3.0","","69","","","","33","","23","","12.9","","88.54","","","","","","NA"
"-114.01","51.12","CALGARY INTL A","3031092","2024-04-30 11:00","2024","04","30","11:00","","1.7","","-2.9","","72","","","","33","","22","","8.1","","88.55","","","","","","Snow"
"-114.01","51.12","CALGARY INTL A","3031092","2024-04-30 12:00","2024","04","30","12:00","","1.1","","-1.2","","85","","","","32","","20","","4.0","","88.54","","","","","","Snow"
"-114.01","51.12","CALGARY INTL A","3031092","2024-04-30 13:00","2024","04","30","13:00","","1.8","","-0.5","","85","","","","32","","17","","11.3","","88.54","","","","","","NA"
"-114.01","51.12","CALGARY INTL A","3031092","2024-04-30 14:00","2024","04","30","14:00","","3.8","","-2.8","","62","","","","31","","23","","24.1","","88.53","","","","","","Cloudy"
"-114.01","51.12","CALGARY INTL A","3031092","2024-04-30 15:00","2024","04","30","15:00","","4.1","","-4.9","","52","","","","30","","27","","24.1","","88.53","","","","","","NA"
"-114.01","51.12","CALGARY INTL A","3031092","2024-04-30 16:00","2024","04","30","16:00","","4.9","","-3.5","","55","","","","30","","16","","24.1","","88.54","","","","","","NA"
"-114.01","51.12","CALGARY INTL A","3031092","2024-04-30 17:00","2024","04","30","17:00","","4.2","","-2.4","","62","","","","28","","16","","24.1","","88.55","","","","","","Cloudy"
"-114.01","51.12","CALGARY INTL A","3031092","2024-04-30 18:00","2024","04","30","18:00","","3.7","","-1.7","","68","","","","35","","22","","16.1","","88.58","","","","","","NA"
"-114.01","51.12","CALGARY INTL A","3031092","2024-04-30 19:00","2024","04","30","19:00","","2.6","","-1.7","","73","","","","35","","24","","16.1","","88.61","","","","","","NA"
"-114.01","51.12","CALGARY INTL A","3031092","2024-04-30 20:00","2024","04","30","20:00","","1.3","","-1.0","","85","","","","33","","23","","16.1","","88.65","","","","","","Mostly Cloudy"
"-114.01","51.12","CALGARY INTL A","3031092","2024-04-30 21:00","2024","04","30","21:00","","1.1","","-1.7","","81","","","","32","","21","","8.1","","88.65","","","","","","Snow Showers"
"-114.01","51.12","CALGARY INTL A","3031092","2024-04-30 22:00","2024","04","30","22:00","","1.3","","-1.8","","80","","","","30","","17","","16.1","","88.63","","","","","","NA"
"-114.01","51.12","CALGARY INTL A","3031092","2024-04-30 23:00","2024","04","30","23:00","","1.7","","-2.8","","72","","","","31","","25","","19.3","","88.59","","","","","","Cloudy"
