"Longitude (x)","Latitude (y)","Station Name","Climate ID","Date/Time (LST)","Year","Month","Day","Time (LST)","Flag","Temp (°C)","Temp Flag","Dew Point Temp (°C)","Dew Point Temp Flag","Rel Hum (%)","Rel Hum Flag","Precip. Amount (mm)","Precip. Amount Flag","Wind Dir (10s deg)","Wind Dir Flag","Wind Spd (km/h)","Wind Spd Flag","Visibility (km)","Visibility Flag","Stn Press (kPa)","Stn Press Flag","Hmdx","Hmdx Flag","Wind Chill","Wind Chill Flag","Weather"
"-114.01","51.12","CALGARY INTL A","3031092","2024-12-01 00:00","2024","12","01","00:00","","-17.1","","-19.0","","85","","","","34","","12","","9.7","","89.67","","","","-25","","Fog"
"-114.01","51.12","CALGARY INTL A","3031092","2024-12-01 01:00","2024","12","01","01:00","","-17.6","","-19.6","","85","","","","35","","8","","12.9","","89.73","","","","-23","","NA"
"-114.01","51.12","CALGARY INTL A","3031092","2024-12-01 02:00","2024","12","01","02:00","","-17.6","","-19.6","","85","","","","36","","4","","12.9","","89.83","","","","-21","","Mainly Clear"
"-114.01","51.12","CALGARY INTL A","3031092","2024-12-01 03:00","2024","12","01","03:00","","-17.5","","-19.5","","85","","","","34","","5","","16.1","","89.90","","","","-21","","NA"
"-114.01","51.12","CALGARY INTL A","3031092","2024-12-01 04:00","2024","12","01","04:00","","-17.6","","-19.6","","85","","","","30","","4","","12.9","","89.96","","","","-21","","NA"
"-114.01","51.12","CALGARY INTL A","3031092","2024-12-01 05:00","2024","12","01","05:00","","-17.8","","-19.9","","84","","","","35","","4","","12.9","","90.00","","","","-21","","Mainly Clear"
"-114.01","51.12","CALGARY INTL A","3031092","2024-12-01 06:00","2024","12","01","06:00","","-20.1","","-22.5","","81","","","","2","","7","","12.9","","90.04","","","","-26","","NA"
"-114.01","51.12","CALGARY INTL A","3031092","2024-12-01 07:00","2024","12","01","07:00","","-18.9","","-21.0","","84","","","","7","","3","","16.1","","90.02","","","","-21","","NA"
"-114.01","51.12","CALGARY INTL A","3031092","2024-12-01 08:00","2024","12","01","08:00","","-19.0","","-21.2","","83","","","","","","0","","16.1","","90.05","","","","","","Mainly Clear"
"-114.01","51.12","CALGARY INTL A","3031092","2024-12-01 09:00","2024","12","01","09:00","","-17.8","","-19.7","","85","","","","20","","7","","32.2","","90.10","","","","-23","","NA"
"-114.01","51.12","CALGARY INTL A","3031092","2024-12-01 10:00","2024","12","01","10:00","","-17.6","","-19.6","","85","","","","18","","10","","32.2","","90.11","","","","-24","","NA"
"-114.01","51.12","CALGARY INTL A","3031092","2024-12-01 11:00","2024","12","01","11:00","","-17.1","","-19.2","","84","","","","18","","15","","24.1","","90.10","","","","-26","","Cloudy"
"-114.01","51.12","CALGARY INTL A","3031092","2024-12-01 12:00","2024","12","01","12:00","","-16.1","","-18.3","","83","","","","18","","17","","24.1","","90.06","","","","-25","","NA"
"-114.01","51.12","CALGARY INTL A","3031092","2024-12-01 13:00","2024","12","01","13:00","","-15.3","","-17.9","","81","","","","18","","16","","24.1","","89.96","","","","-24","","NA"
"-114.01","51.12","CALGARY INTL A","3031092","2024-12-01 14:00","2024","12","01","14:00","","-15.0","","-18.5","","75","","","","18","","18","","24.1","","89.93","","","","-24","","Cloudy"
"-114.01","51.12","CALGARY INTL A","3031092","2024-12-01 15:00","2024","12","01","15:00","","-15.0","","-18.3","","76","","","","16","","14","","24.1","","89.87","","","","-23","","NA"
"-114.01","51.12","CALGARY INTL A","3031092","2024-12-01 16:00","2024","12","01","16:00","","-15.2","","-18.3","","77","","","","16","","17","","24.1","","89.88","","","","-24","","NA"
"-114.01","51.12","CALGARY INTL A","3031092","2024-12-01 17:00","2024","12","01","17:00","","-16.1","","-18.7","","81","","","","16","","18","","19.3","","89.82","","","","-25","","Mostly Cloudy"
"-114.01","51.12","CALGARY INTL A","3031092","2024-12-01 18:00","2024","12","01","18:00","","-16.1","","-18.5","","82","","","","17","","17","","19.3","","89.78","","","","-25","","NA"
"-114.01","51.12","CALGARY INTL A","3031092","2024-12-01 19:00","2024","12","01","19:00","","-16.3","","-18.4","","84","","","","16","","22","","16.1","","89.75","","","","-26","","NA"
"-114.01","51.12","CALGARY INTL A","3031092","2024-12-01 20:00","2024","12","01","20:00","","-17.0","","-19.0","","85","","","","17","","18","","9.7","","89.71","","","","-26","","Ice Crystals,Fog"
"-114.01","51.12","CALGARY INTL A","3031092","2024-12-01 21:00","2024","12","01","21:00","","-16.8","","-18.7","","86","","","","18","","23","","6.4","","89.63","","","","-27","","Ice Crystals,Fog"
"-114.01","51.12","CALGARY INTL A","3031092","2024-12-01 22:00","2024","12","01","22:00","","-16.7","","-18.6","","85","","","","19","","18","","8.1","","89.57","","","","-26","","Ice Crystals,Fog"
"-114.01","51.12","CALGARY INTL A","3031092","2024-12-01 23:00","2024","12","01","23:00","","-16.9","","-18.9","","85","","","","18","","17","","9.7","","89.49","","","","-26","","Ice Crystals,Fog"
"-114.01","51.12","CALGARY INTL A","3031092","2024-12-02 00:00","2024","12","02","00:00","","-16.8","","-18.9","","84","","","","19","","15","","12.9","","89.43","","","","-25","","NA"
"-114.01","51.12","CALGARY INTL A","3031092","2024-12-02 01:00","2024","12","02","01:00","","-17.5","","-19.6","","84","","","","18","","13","","12.9","","89.39","","","","-25","","NA"
"-114.01","51.12","CALGARY INTL A","3031092","2024-12-02 02:00","2024","12","02","02:00","","-17.1","","-19.3","","84","","","","16","","8","","16.1","","89.39","","","","-23","","Clear"
"-114.01","51.12","CALGARY INTL A","3031092","2024-12-02 03:00","2024","12","02","03:00","","-16.7","","-18.8","","84","","","","19","","8","","16.1","","89.40","","","","-22","","NA"
"-114.01","51.12","CALGARY INTL A","3031092","2024-12-02 04:00","2024","12","02","04:00","","-16.6","","-18.5","","85","","","","18","","7","","16.1","","89.36","","","","-22","","NA"
"-114.01","51.12","CALGARY INTL A","3031092","2024-12-02 05:00","2024","12","02","05:00","","-15.6","","-17.6","","84","","","","","","0","","16.1","","89.38","","","","","","Clear"
"-114.01","51.12","CALGARY INTL A","3031092","2024-12-02 06:00","2024","12","02","06:00","","-16.0","","-18.4","","82","","","","","","0","","16.1","","89.40","","","","","","NA"
"-114.01","51.12","CALGARY INTL A","3031092","2024-12-02 07:00","2024","12","02","07:00","","-13.4","","-15.8","","83","","","","20","","4","","16.1","","89.38","","","","-16","","NA"
"-114.01","51.12","CALGARY INTL A","3031092","2024-12-02 08:00","2024","12","02","08:00","","-10.9","","-14.1","","77","","","","33","","3","","64.4","","89.38","","","","-13","","Mostly Cloudy"
"-114.01","51.12","CALGARY INTL A","3031092","2024-12-02 09:00","2024","12","02","09:00","","-8.3","","-10.8","","82","","","","22","","7","","64.4","","89.39","","","","-12","","NA"
"-114.01","51.12","CALGARY INTL A","3031092","2024-12-02 10:00","2024","12","02","10:00","","-1.2","","-7.2","","64","","","","23","","10","","64.4","","89.37","","","","-5","","NA"
"-114.01","51.12","CALGARY INTL A","3031092","2024-12-02 11:00","2024","12","02","11:00","","-0.4","","-6.4","","64","","","","22","","17","","64.4","","89.34","","","","-5","","Mostly Cloudy"
"-114.01","51.12","CALGARY INTL A","3031092","2024-12-02 12:00","2024","12","02","12:00","","1.4","","-5.8","","59","","","","23","","16","","64.4","","89.30","","","","","","NA"
"-114.01","51.12","CALGARY INTL A","3031092","2024-12-02 13:00","2024","12","02","13:00","","3.2","","-5.7","","52","","","","22","","11","","64.4","","89.25","","","","","","NA"
"-114.01","51.12","CALGARY INTL A","3031092","2024-12-02 14:00","2024","12","02","14:00","","3.7","","-5.9","","50","","","","21","","10","","64.4","","89.19","","","","","","Mostly Cloudy"
"-114.01","51.12","CALGARY INTL A","3031092","2024-12-02 15:00","2024","12","02","15:00","","3.7","","-5.4","","51","","","","21","","11","","64.4","","89.14","","","","","","NA"
"-114.01","51.12","CALGARY INTL A","3031092","2024-12-02 16:00","2024","12","02","16:00","","2.6","","-5.7","","55","","","","21","","11","","64.4","","89.12","","","","","","NA"
"-114.01","51.12","CALGARY INTL A","3031092","2024-12-02 17:00","2024","12","02","17:00","","2.2","","-6.2","","54","","","","17","","17","","64.4","","89.09","","","","","","Mostly Cloudy"
"-114.01","51.12","CALGARY INTL A","3031092","2024-12-02 18:00","2024","12","02","18:00","","4.5","","-7.9","","40","","","","20","","13","","24.1","","89.01","","","","","","NA"
"-114.01","51.12","CALGARY INTL A","3031092","2024-12-02 19:00","2024","12","02","19:00","","8.0","","-9.8","","27","","","","28","","32","","24.1","","88.94","","","","","","NA"
"-114.01","51.12","CALGARY INTL A","3031092","2024-12-02 20:00","2024","12","02","20:00","","7.9","","-9.6","","28","","","","28","","35","","24.1","","88.87","","","","","","Mainly Clear"
"-114.01","51.12","CALGARY INTL A","3031092","2024-12-02 21:00","2024","12","02","21:00","","7.7","","-9.7","","28","","","","28","","40","","24.1","","88.88","","","","","","NA"
"-114.01","51.12","CALGARY INTL A","3031092","2024-12-02 22:00","2024","12","02","22:00","","7.8","","-9.6","","28","","","","28","","35","","24.1","","88.85","","","","","","NA"
"-114.01","51.12","CALGARY INTL A","3031092","2024-12-02 23:00","2024","12","02","23:00","","8.2","","-10.2","","26","","","","28","","38","","24.1","","88.83","","","","","","Mostly Cloudy"
"-114.01","51.12","CALGARY INTL A","3031092","2024-12-03 00:00","2024","12","03","00:00","","8.2","","-9.8","","27","","","","28","","34","","24.1","","88.85","","","","","","NA"
"-114.01","51.12","CALGARY INTL A","3031092","2024-12-03 01:00","2024","12","03","01:00","","7.0","","-8.9","","31","","","","26","","17","","24.1","","88.88","","","","","","NA"
"-114.01","51.12","CALGARY INTL A","3031092","2024-12-03 02:00","2024","12","03","02:00","","6.8","","-8.1","","34","","","","27","","18","","24.1","","88.87","","","","","","Mostly Cloudy"
"-114.01","51.12","CALGARY INTL A","3031092","2024-12-03 03:00","2024","12","03","03:00","","8.7","","-7.5","","31","","","","28","","30","","24.1","","88.91","","","","","","NA"
"-114.01","51.12","CALGARY INTL A","3031092","2024-12-03 04:00","2024","12","03","04:00","","8.9","","-6.5","","33","","","","28","","32","","24.1","","88.95","","","","","","NA"
"-114.01","51.12","CALGARY INTL A","3031092","2024-12-03 05:00","2024","12","03","05:00","","8.4","","-5.8","","36","","","","28","","34","","24.1","","88.99","","","","","","Mostly Cloudy"
"-114.01","51.12","CALGARY INTL A","3031092","2024-12-03 06:00","2024","12","03","06:00","","8.7","","-5.9","","35","","","","27","","32","","24.1","","88.99","","","","","","NA"
"-114.01","51.12","CALGARY INTL A","3031092","2024-12-03 07:00","2024","12","03","07:00","","9.0","","-6.2","","33","","","","28","","37","","24.1","","89.01","","","","","","NA"
"-114.01","51.12","CALGARY INTL A","3031092","2024-12-03 08:00","2024","12","03","08:00","","8.6","","-6.2","","35","","","","28","","26","","64.4","","89.10","","","","","","Mainly Clear"
"-114.01","51.12","CALGARY INTL A","3031092","2024-12-03 09:00","2024","12","03","09:00","","6.8","","-5.0","","43","","","","32","","18","","64.4","","89.18","","","","","","NA"
"-114.01","51.12","CALGARY INTL A","3031092","2024-12-03 10:00","2024","12","03","10:00","","6.9","","-4.7","","44","","","","29","","14","","64.4","","89.26","","","","","","NA"
"-114.01","51.12","CALGARY INTL A","3031092","2024-12-03 11:00","2024","12","03","11:00","","6.8","","-4.1","","46","","","","32","","11","","64.4","","89.33","","","","","","Mostly Cloudy"
"-114.01","51.12","CALGARY INTL A","3031092","2024-12-03 12:00","2024","12","03","12:00","","5.3","","-3.2","","54","","","","9","","15","","64.4","","89.35","","","","","","NA"
"-114.01","51.12","CALGARY INTL A","3031092","2024-12-03 13:00","2024","12","03","13:00","","9.1","","-5.1","","36","","","","31","","11","","64.4","","89.38","","","","","","NA"
"-114.01","51.12","CALGARY INTL A","3031092","2024-12-03 14:00","2024","12","03","14:00","","5.7","","-2.9","","54","","","","10","","9","","64.4","","89.41","","","","","","Mostly Cloudy"
"-114.01","51.12","CALGARY INTL A","3031092","2024-12-03 15:00","2024","12","03","15:00","","5.2","","-2.8","","56","","","","16","","4","","64.4","","89.43","","","","","","NA"
"-114.01","51.12","CALGARY INTL A","3031092","2024-12-03 16:00","2024","12","03","16:00","","4.6","","-2.6","","59","","","","20","","9","","64.4","","89.50","","","","","","NA"
"-114.01","51.12","CALGARY INTL A","3031092","2024-12-03 17:00","2024","12","03","17:00","","3.9","","-2.6","","63","","","","21","","7","","64.4","","89.55","","","","","","Mainly Clear"
"-114.01","51.12","CALGARY INTL A","3031092","2024-12-03 18:00","2024","12","03","18:00","","3.4","","-2.6","","65","","","","23","","8","","24.1","","89.56","","","","","","NA"
"-114.01","51.12","CALGARY INTL A","3031092","2024-12-03 19:00","2024","12","03","19:00","","2.4","","-3.0","","67","","","","21","","9","","24.1","","89.54","","","","","","NA"
"-114.01","51.12","CALGARY INTL A","3031092","2024-12-03 20:00","2024","12","03","20:00","","1.2","","-3.2","","72","","","","20","","6","","24.1","","89.54","","","","","","Mostly Cloudy"
"-114.01","51.12","CALGARY INTL A","3031092","2024-12-03 21:00","2024","12","03","21:00","","-0.8","","-4.7","","75","","","","","","0","","24.1","","89.54","","","","","","NA"
"-114.01","51.12","CALGARY INTL A","3031092","2024-12-03 22:00","2024","12","03","22:00","","0.9","","-2.9","","76","","","","","","0","","24.1","","89.56","","","","","","NA"
"-114.01","51.12","CALGARY INTL A","3031092","2024-12-03 23:00","2024","12","03","23:00","","0.1","","-2.2","","84","","","","7","","4","","24.1","","89.58","","","","","","Mostly Cloudy"
"-114.01","51.12","CALGARY INTL A","3031092","2024-12-04 00:00","2024","12","04","00:00","","1.4","","-2.3","","76","","","","7","","13","","24.1","","89.64","","","","","","NA"
"-114.01","51.12","CALGARY INTL A","3031092","2024-12-04 01:00","2024","12","04","01:00","","0.4","","-1.9","","85","","","","35","","8","","24.1","","89.68","","","","","","NA"
"-114.01","51.12","CALGARY INTL A","3031092","2024-12-04 02:00","2024","12","04","02:00","","-0.4","","-1.7","","91","","","","4","","16","","12.9","","89.70","","","","-5","","Mostly Cloudy"
"-114.01","51.12","CALGARY INTL A","3031092","2024-12-04 03:00","2024","12","04","03:00","","-1.6","","-1.8","","98","","","","9","","15","","0.6","","89.74","","","","-6","","Freezing Fog"
"-114.01","51.12","CALGARY INTL A","3031092","2024-12-04 04:00","2024","12","04","04:00","","-2.7","","-2.8","","99","","","","10","","13","","0.2","","89.75","","","","-7","","Freezing Fog"
"-114.01","51.12","CALGARY INTL A","3031092","2024-12-04 05:00","2024","12","04","05:00","","-4.2","","-4.5","","98","","","","9","","12","","0.4","","89.76","","","","-9","","Freezing Fog"
"-114.01","51.12","CALGARY INTL A","3031092","2024-12-04 06:00","2024","12","04","06:00","","-4.7","","-5.1","","97","","","","11","","16","","1.0","","89.78","","","","-10","","Fog"
"-114.01","51.12","CALGARY INTL A","3031092","2024-12-04 07:00","2024","12","04","07:00","","-4.9","","-5.5","","96","","","","12","","12","","4.8","","89.78","","","","-10","","Fog"
"-114.01","51.12","CALGARY INTL A","3031092","2024-12-04 08:00","2024","12","04","08:00","","-5.0","","-5.5","","96","","","","15","","15","","6.4","","89.75","","","","-11","","Fog"
"-114.01","51.12","CALGARY INTL A","3031092","2024-12-04 09:00","2024","12","04","09:00","","-5.4","","-5.8","","97","","","","15","","20","","0.4","","89.71","","","","-12","","Freezing Fog"
"-114.01","51.12","CALGARY INTL A","3031092","2024-12-04 10:00","2024","12","04","10:00","","-5.0","","-5.5","","97","","","","18","","22","","0.4","","89.67","","","","-12","","Freezing Fog"
"-114.01","51.12","CALGARY INTL A","3031092","2024-12-04 11:00","2024","12","04","11:00","","-5.0","","-5.4","","97","","","","16","","17","","0.2","","89.65","","","","-11","","Freezing Fog"
"-114.01","51.12","CALGARY INTL A","3031092","2024-12-04 12:00","2024","12","04","12:00","","-4.2","","-4.6","","97","","","","17","","25","","0.4","","89.58","","","","-11","","Freezing Fog"
"-114.01","51.12","CALGARY INTL A","3031092","2024-12-04 13:00","2024","12","04","13:00","","-4.3","","-4.8","","97","","","","17","","20","","0.2","","89.54","","","","-11","","Freezing Fog"
"-114.01","51.12","CALGARY INTL A","3031092","2024-12-04 14:00","2024","12","04","14:00","","-4.4","","-4.8","","97","","","","18","","23","","1.2","","89.50","","","","-11","","Fog"
"-114.01","51.12","CALGARY INTL A","3031092","2024-12-04 15:00","2024","12","04","15:00","","-4.1","","-4.5","","97","","","","18","","19","","4.0","","89.49","","","","-10","","Fog"
"-114.01","51.12","CALGARY INTL A","3031092","2024-12-04 16:00","2024","12","04","16:00","","-4.0","","-4.4","","97","","","","18","","14","","2.0","","89.50","","","","-9","","Fog"
"-114.01","51.12","CALGARY INTL A","3031092","2024-12-04 17:00","2024","12","04","17:00","","-4.0","","-4.3","","97","","","","20","","16","","2.8","","89.48","","","","-10","","Fog"
"-114.01","51.12","CALGARY INTL A","3031092","2024-12-04 18:00","2024","12","04","18:00","","-3.7","","-4.1","","98","","","","21","","14","","2.8","","89.45","","","","-9","","Fog"
"-114.01","51.12","CALGARY INTL A","3031092","2024-12-04 19:00","2024","12","04","19:00","","-3.9","","-4.3","","97","","","","21","","11","","2.8","","89.44","","","","-8","","Fog"
"-114.01","51.12","CALGARY INTL A","3031092","2024-12-04 20:00","2024","12","04","20:00","","-4.6","","-5.1","","97","","","","21","","10","","4.8","","89.41","","","","-9","","Fog"
"-114.01","51.12","CALGARY INTL A","3031092","2024-12-04 21:00","2024","12","04","21:00","","-3.9","","-4.3","","97","","","","22","","9","","11.3","","89.45","","","","-8","","NA"
"-114.01","51.12","CALGARY INTL A","3031092","2024-12-04 22:00","2024","12","04","22:00","","-3.9","","-4.5","","96","","","","21","","13","","16.1","","89.43","","","","-9","","NA"
"-114.01","51.12","CALGARY INTL A","3031092","2024-12-04 23:00","2024","12","04","23:00","","-3.9","","-4.6","","95","","","","22","","7","","16.1","","89.41","","","","-7","","Mainly Clear"
"-114.01","51.12","CALGARY INTL A","3031092","2024-12-05 00:00","2024","12","05","00:00","","-4.4","","-5.0","","96","","","","1","","4","","24.1","","89.42","","","","-6","","NA"
"-114.01","51.12","CALGARY INTL A","3031092","2024-12-05 01:00","2024","12","05","01:00","","-4.9","","-5.4","","97","","","","19","","6","","24.1","","89.39","","","","-8","","NA"
"-114.01","51.12","CALGARY INTL A","3031092","2024-12-05 02:00","2024","12","05","02:00","","-4.2","","-4.7","","97","","","","20","","5","","24.1","","89.36","","","","-6","","Mostly Cloudy"
"-114.01","51.12","CALGARY INTL A","3031092","2024-12-05 03:00","2024","12","05","03:00","","-3.9","","-4.4","","96","","","","","","0","","24.1","","89.36","","","","","","NA"
"-114.01","51.12","CALGARY INTL A","3031092","2024-12-05 04:00","2024","12","05","04:00","","-4.9","","-5.6","","95","","","","","","0","","24.1","","89.35","","","","","","NA"
"-114.01","51.12","CALGARY INTL A","3031092","2024-12-05 05:00","2024","12","05","05:00","","-4.2","","-4.8","","96","","","","","","0","","24.1","","89.36","","","","","","Mainly Clear"
"-114.01","51.12","CALGARY INTL A","3031092","2024-12-05 06:00","2024","12","05","06:00","","-4.3","","-5.5","","92","","","","22","","4","","24.1","","89.34","","","","-6","","NA"
"-114.01","51.12","CALGARY INTL A","3031092","2024-12-05 07:00","2024","12","05","07:00","","-3.6","","-5.9","","84","","","","18","","7","","24.1","","89.34","","","","-7","","NA"
"-114.01","51.12","CALGARY INTL A","3031092","2024-12-05 08:00","2024","12","05","08:00","","-2.3","","-4.2","","87","","","","","","0","","64.4","","89.35","","","","","","Mainly Clear"
"-114.01","51.12","CALGARY INTL A","3031092","2024-12-05 09:00","2024","12","05","09:00","","0.2","","-2.1","","84","","","","12","","4","","64.4","","89.35","","","","","","NA"
"-114.01","51.12","CALGARY INTL A","3031092","2024-12-05 10:00","2024","12","05","10:00","","2.3","","-1.4","","77","","","","15","","4","","64.4","","89.36","","","","","","NA"
"-114.01","51.12","CALGARY INTL A","3031092","2024-12-05 11:00","2024","12","05","11:00","","3.0","","-1.2","","74","","","","3","","6","","64.4","","89.36","","","","","","Mostly Cloudy"
"-114.01","51.12","CALGARY INTL A","3031092","2024-12-05 12:00","2024","12","05","12:00","","5.6","","-0.1","","67","","","","21","","9","","64.4","","89.31","","","","","","NA"
"-114.01","51.12","CALGARY INTL A","3031092","2024-12-05 13:00","2024","12","05","13:00","","6.8","","-0.4","","60","","","","19","","4","","64.4","","89.25","","","","","","NA"
"-114.01","51.12","CALGARY INTL A","3031092","2024-12-05 14:00","2024","12","05","14:00","","7.3","","-0.4","","58","","","","22","","5","","64.4","","89.20","","","","","","Mainly Clear"
"-114.01","51.12","CALGARY INTL A","3031092","2024-12-05 15:00","2024","12","05","15:00","","7.4","","-0.5","","57","","","","21","","7","","48.3","","89.19","","","","","","NA"
"-114.01","51.12","CALGARY INTL A","3031092","2024-12-05 16:00","2024","12","05","16:00","","7.8","","-0.5","","56","","","","25","","8","","48.3","","89.18","","","","","","NA"
"-114.01","51.12","CALGARY INTL A","3031092","2024-12-05 17:00","2024","12","05","17:00","","7.2","","-0.6","","58","","","","23","","12","","32.2","","89.18","","","","","","Mostly Cloudy"
"-114.01","51.12","CALGARY INTL A","3031092","2024-12-05 18:00","2024","12","05","18:00","","4.8","","-0.9","","66","","","","22","","9","","24.1","","89.16","","","","","","NA"
"-114.01","51.12","CALGARY INTL A","3031092","2024-12-05 19:00","2024","12","05","19:00","","7.9","","-1.3","","52","","","","11","","6","","24.1","","89.14","","","","","","NA"
"-114.01","51.12","CALGARY INTL A","3031092","2024-12-05 20:00","2024","12","05","20:00","","5.9","","-1.8","","58","","","","","","0","","24.1","","89.13","","","","","","Mainly Clear"
"-114.01","51.12","CALGARY INTL A","3031092","2024-12-05 21:00","2024","12","05","21:00","","5.6","","-2.5","","56","","","","18","","7","","24.1","","89.14","","","","","","NA"
"-114.01","51.12","CALGARY INTL A","3031092","2024-12-05 22:00","2024","12","05","22:00","","8.2","","-3.1","","45","","","","30","","15","","24.1","","89.13","","","","","","NA"
"-114.01","51.12","CALGARY INTL A","3031092","2024-12-05 23:00","2024","12","05","23:00","","8.2","","-3.3","","44","","","","29","","23","","24.1","","89.14","","","","","","Mostly Cloudy"
"-114.01","51.12","CALGARY INTL A","3031092","2024-12-06 00:00","2024","12","06","00:00","","8.9","","-4.0","","40","","","","28","","22","","24.1","","89.16","","","","","","NA"
"-114.01","51.12","CALGARY INTL A","3031092","2024-12-06 01:00","2024","12","06","01:00","","7.4","","-4.0","","44","","","","29","","17","","24.1","","89.16","","","","","","NA"
"-114.01","51.12","CALGARY INTL A","3031092","2024-12-06 02:00","2024","12","06","02:00","","5.8","","-4.4","","48","","","","14","","6","","24.1","","89.12","","","","","","Mainly Clear"
"-114.01","51.12","CALGARY INTL A","3031092","2024-12-06 03:00","2024","12","06","03:00","","7.9","","-4.4","","41","","","","28","","18","","24.1","","89.16","","","","","","NA"
"-114.01","51.12","CALGARY INTL A","3031092","2024-12-06 04:00","2024","12","06","04:00","","5.7","","-4.4","","48","","","","12","","3","","24.1","","89.07","","","","","","NA"
"-114.01","51.12","CALGARY INTL A","3031092","2024-12-06 05:00","2024","12","06","05:00","","8.5","","-4.3","","40","","","","28","","17","","24.1","","89.07","","","","","","Clear"
"-114.01","51.12","CALGARY INTL A","3031092","2024-12-06 06:00","2024","12","06","06:00","","8.6","","-4.2","","40","","","","28","","26","","24.1","","89.02","","","","","","NA"
"-114.01","51.12","CALGARY INTL A","3031092","2024-12-06 07:00","2024","12","06","07:00","","9.2","","-3.9","","40","","","","27","","24","","24.1","","88.96","","","","","","NA"
"-114.01","51.12","CALGARY INTL A","3031092","2024-12-06 08:00","2024","12","06","08:00","","9.0","","-3.4","","41","","","","28","","25","","32.2","","88.88","","","","","","Mostly Cloudy"
"-114.01","51.12","CALGARY INTL A","3031092","2024-12-06 09:00","2024","12","06","09:00","","9.1","","-3.5","","41","","","","27","","27","","64.4","","88.90","","","","","","NA"
"-114.01","51.12","CALGARY INTL A","3031092","2024-12-06 10:00","2024","12","06","10:00","","9.8","","-3.8","","38","","","","27","","31","","48.3","","88.86","","","","","","NA"
"-114.01","51.12","CALGARY INTL A","3031092","2024-12-06 11:00","2024","12","06","11:00","","9.6","","-4.0","","38","","","","27","","31","","64.4","","88.80","","","","","","Cloudy"
"-114.01","51.12","CALGARY INTL A","3031092","2024-12-06 12:00","2024","12","06","12:00","","9.4","","-4.0","","39","","","","28","","32","","64.4","","88.68","","","","","","NA"
"-114.01","51.12","CALGARY INTL A","3031092","2024-12-06 13:00","2024","12","06","13:00","","10.1","","-3.4","","38","","","","28","","24","","64.4","","88.68","","","","","","NA"
"-114.01","51.12","CALGARY INTL A","3031092","2024-12-06 14:00","2024","12","06","14:00","","9.4","","-2.4","","43","","","","28","","26","","64.4","","88.58","","","","","","Cloudy"
"-114.01","51.12","CALGARY INTL A","3031092","2024-12-06 15:00","2024","12","06","15:00","","9.5","","-2.2","","44","","","","27","","27","","64.4","","88.51","","","","","","NA"
"-114.01","51.12","CALGARY INTL A","3031092","2024-12-06 16:00","2024","12","06","16:00","","9.9","","-1.6","","44","","","","28","","32","","64.4","","88.50","","","","","","NA"
"-114.01","51.12","CALGARY INTL A","3031092","2024-12-06 17:00","2024","12","06","17:00","","11.0","","-1.7","","41","","","","28","","26","","32.2","","88.48","","","","","","Cloudy"
"-114.01","51.12","CALGARY INTL A","3031092","2024-12-06 18:00","2024","12","06","18:00","","9.9","","-1.5","","45","","","","27","","28","","24.1","","88.42","","","","","","NA"
"-114.01","51.12","CALGARY INTL A","3031092","2024-12-06 19:00","2024","12","06","19:00","","9.5","","-1.6","","46","","","","25","","8","","24.1","","88.35","","","","","","NA"
"-114.01","51.12","CALGARY INTL A","3031092","2024-12-06 20:00","2024","12","06","20:00","","7.6","","-1.1","","54","","","","22","","9","","24.1","","88.21","","","","","","Cloudy"
"-114.01","51.12","CALGARY INTL A","3031092","2024-12-06 21:00","2024","12","06","21:00","","6.2","","-1.0","","60","","","","23","","16","","24.1","","88.16","","","","","","NA"
"-114.01","51.12","CALGARY INTL A","3031092","2024-12-06 22:00","2024","12","06","22:00","","6.1","","-1.0","","60","","","","19","","9","","24.1","","88.12","","","","","","NA"
"-114.01","51.12","CALGARY INTL A","3031092","2024-12-06 23:00","2024","12","06","23:00","","11.0","","-1.0","","43","","","","29","","32","","24.1","","88.12","","","","","","Mostly Cloudy"
"-114.01","51.12","CALGARY INTL A","3031092","2024-12-07 00:00","2024","12","07","00:00","","10.3","","-1.1","","45","","","","29","","28","","24.1","","88.15","","","","","","NA"
"-114.01","51.12","CALGARY INTL A","3031092","2024-12-07 01:00","2024","12","07","01:00","","9.6","","-0.6","","49","","","","29","","28","","22.5","","88.21","","","","","","NA"
"-114.01","51.12","CALGARY INTL A","3031092","2024-12-07 02:00","2024","12","07","02:00","","10.3","","-0.2","","48","","","","28","","27","","24.1","","88.28","","","","","","Mostly Cloudy"
"-114.01","51.12","CALGARY INTL A","3031092","2024-12-07 03:00","2024","12","07","03:00","","9.3","","-0.1","","52","","","","29","","32","","24.1","","88.23","","","","","","NA"
"-114.01","51.12","CALGARY INTL A","3031092","2024-12-07 04:00","2024","12","07","04:00","","8.6","","-0.2","","54","","","","29","","25","","24.1","","88.24","","","","","","NA"
"-114.01","51.12","CALGARY INTL A","3031092","2024-12-07 05:00","2024","12","07","05:00","","8.4","","-0.6","","53","","","","30","","23","","24.1","","88.25","","","","","","Mostly Cloudy"
"-114.01","51.12","CALGARY INTL A","3031092","2024-12-07 06:00","2024","12","07","06:00","","3.8","","-0.5","","73","","","","2","","17","","24.1","","88.25","","","","","","NA"
"-114.01","51.12","CALGARY INTL A","3031092","2024-12-07 07:00","2024","12","07","07:00","","3.2","","-0.9","","75","","","","36","","10","","24.1","","88.22","","","","","","NA"
"-114.01","51.12","CALGARY INTL A","3031092","2024-12-07 08:00","2024","12","07","08:00","","4.2","","-1.2","","68","","","","8","","8","","32.2","","88.21","","","","","","Cloudy"
"-114.01","51.12","CALGARY INTL A","3031092","2024-12-07 09:00","2024","12","07","09:00","","3.0","","-0.6","","77","","","","12","","5","","64.4","","88.16","","","","","","NA"
"-114.01","51.12","CALGARY INTL A","3031092","2024-12-07 10:00","2024","12","07","10:00","","3.0","","-0.5","","78","","","","","","0","","64.4","","88.08","","","","","","NA"
"-114.01","51.12","CALGARY INTL A","3031092","2024-12-07 11:00","2024","12","07","11:00","","4.0","","-1.0","","70","","","","26","","7","","64.4","","88.02","","","","","","Cloudy"
"-114.01","51.12","CALGARY INTL A","3031092","2024-12-07 12:00","2024","12","07","12:00","","4.7","","-0.3","","70","","","","36","","8","","64.4","","87.88","","","","","","NA"
"-114.01","51.12","CALGARY INTL A","3031092","2024-12-07 13:00","2024","12","07","13:00","","5.2","","0.5","","71","","","","10","","10","","48.3","","87.81","","","","","","NA"
"-114.01","51.12","CALGARY INTL A","3031092","2024-12-07 14:00","2024","12","07","14:00","","4.8","","-0.5","","69","","","","9","","8","","32.2","","87.74","","","","","","Cloudy"
"-114.01","51.12","CALGARY INTL A","3031092","2024-12-07 15:00","2024","12","07","15:00","","5.8","","-0.2","","65","","","","16","","7","","24.1","","87.62","","","","","","NA"
"-114.01","51.12","CALGARY INTL A","3031092","2024-12-07 16:00","2024","12","07","16:00","","5.3","","0.2","","69","","","","11","","4","","32.2","","87.54","","","","","","NA"
"-114.01","51.12","CALGARY INTL A","3031092","2024-12-07 17:00","2024","12","07","17:00","","6.2","","-0.1","","64","","","","23","","6","","24.1","","87.48","","","","","","Cloudy"
"-114.01","51.12","CALGARY INTL A","3031092","2024-12-07 18:00","2024","12","07","18:00","","7.9","","-1.8","","50","","","","27","","22","","24.1","","87.43","","","","","","NA"
"-114.01","51.12","CALGARY INTL A","3031092","2024-12-07 19:00","2024","12","07","19:00","","7.8","","-2.5","","48","","","","28","","22","","24.1","","87.35","","","","","","NA"
"-114.01","51.12","CALGARY INTL A","3031092","2024-12-07 20:00","2024","12","07","20:00","","7.9","","-2.7","","47","","","","28","","23","","24.1","","87.36","","","","","","Mostly Cloudy"
"-114.01","51.12","CALGARY INTL A","3031092","2024-12-07 21:00","2024","12","07","21:00","","7.4","","-2.7","","49","","","","29","","25","","24.1","","87.37","","","","","","NA"
"-114.01","51.12","CALGARY INTL A","3031092","2024-12-07 22:00","2024","12","07","22:00","","7.2","","-2.8","","49","","","","31","","21","","16.1","","87.39","","","","","","NA"
"-114.01","51.12","CALGARY INTL A","3031092","2024-12-07 23:00","2024","12","07","23:00","","7.3","","-3.5","","46","","","","27","","22","","16.1","","87.38","","","","","","Cloudy"
"-114.01","51.12","CALGARY INTL A","3031092","2024-12-08 00:00","2024","12","08","00:00","","6.5","","-4.0","","47","","","","28","","25","","24.1","","87.39","","","","","","NA"
"-114.01","51.12","CALGARY INTL A","3031092","2024-12-08 01:00","2024","12","08","01:00","","5.9","","-4.5","","47","","","","29","","25","","16.1","","87.44","","","","","","NA"
"-114.01","51.12","CALGARY INTL A","3031092","2024-12-08 02:00","2024","12","08","02:00","","2.9","","-0.4","","79","","","","34","","34","","16.1","","87.66","","","","","","Mostly Cloudy"
"-114.01","51.12","CALGARY INTL A","3031092","2024-12-08 03:00","2024","12","08","03:00","","1.7","","-0.3","","86","","","","33","","33","","4.0","","87.78","","","","","","Rain"
"-114.01","51.12","CALGARY INTL A","3031092","2024-12-08 04:00","2024","12","08","04:00","","1.0","","0.0","","93","","","","33","","24","","8.1","","87.84","","","","","","Rain"
"-114.01","51.12","CALGARY INTL A","3031092","2024-12-08 05:00","2024","12","08","05:00","","1.8","","-1.4","","79","","","","33","","24","","12.9","","87.90","","","","","","Cloudy"
"-114.01","51.12","CALGARY INTL A","3031092","2024-12-08 06:00","2024","12","08","06:00","","1.8","","-2.3","","74","","","","34","","29","","12.9","","87.98","","","","","","NA"
"-114.01","51.12","CALGARY INTL A","3031092","2024-12-08 07:00","2024","12","08","07:00","","1.8","","-2.9","","71","","","","32","","24","","12.9","","88.09","","","","","","NA"
"-114.01","51.12","CALGARY INTL A","3031092","2024-12-08 08:00","2024","12","08","08:00","","1.4","","-2.9","","73","","","","33","","19","","19.3","","88.19","","","","","","Mostly Cloudy"
"-114.01","51.12","CALGARY INTL A","3031092","2024-12-08 09:00","2024","12","08","09:00","","0.8","","-2.8","","77","","","","35","","20","","64.4","","88.27","","","","","","NA"
"-114.01","51.12","CALGARY INTL A","3031092","2024-12-08 10:00","2024","12","08","10:00","","0.9","","-3.4","","73","","","","34","","31","","32.2","","88.41","","","","","","NA"
"-114.01","51.12","CALGARY INTL A","3031092","2024-12-08 11:00","2024","12","08","11:00","","0.9","","-3.6","","72","","","","34","","30","","32.2","","88.51","","","","","","Cloudy"
"-114.01","51.12","CALGARY INTL A","3031092","2024-12-08 12:00","2024","12","08","12:00","","1.0","","-4.0","","69","","","","34","","26","","40.2","","88.56","","","","","","NA"
"-114.01","51.12","CALGARY INTL A","3031092","2024-12-08 13:00","2024","12","08","13:00","","1.4","","-4.5","","65","","","","35","","23","","40.2","","88.62","","","","","","NA"
"-114.01","51.12","CALGARY INTL A","3031092","2024-12-08 14:00","2024","12","08","14:00","","1.6","","-5.2","","61","","","","34","","29","","56.3","","88.66","","","","","","Cloudy"
"-114.01","51.12","CALGARY INTL A","3031092","2024-12-08 15:00","2024","12","08","15:00","","1.1","","-4.5","","66","","","","35","","18","","48.3","","88.72","","","","","","NA"
"-114.01","51.12","CALGARY INTL A","3031092","2024-12-08 16:00","2024","12","08","16:00","","0.7","","-4.8","","67","","","","34","","19","","64.4","","88.82","","","","","","NA"
"-114.01","51.12","CALGARY INTL A","3031092","2024-12-08 17:00","2024","12","08","17:00","","0.3","","-5.0","","68","","","","33","","21","","64.4","","88.91","","","","","","Mostly Cloudy"
"-114.01","51.12","CALGARY INTL A","3031092","2024-12-08 18:00","2024","12","08","18:00","","-0.3","","-5.1","","70","","","","34","","17","","24.1","","88.99","","","","-5","","NA"
"-114.01","51.12","CALGARY INTL A","3031092","2024-12-08 19:00","2024","12","08","19:00","","-0.6","","-5.2","","71","","","","34","","20","","24.1","","89.04","","","","-6","","NA"
"-114.01","51.12","CALGARY INTL A","3031092","2024-12-08 20:00","2024","12","08","20:00","","-0.7","","-4.8","","74","","","","34","","16","","24.1","","89.07","","","","-5","","Mostly Cloudy"
"-114.01","51.12","CALGARY INTL A","3031092","2024-12-08 21:00","2024","12","08","21:00","","-0.8","","-4.5","","76","","","","35","","19","","24.1","","89.14","","","","-6","","NA"
"-114.01","51.12","CALGARY INTL A","3031092","2024-12-08 22:00","2024","12","08","22:00","","-0.9","","-4.3","","78","","","","34","","16","","16.1","","89.19","","","","-6","","NA"
"-114.01","51.12","CALGARY INTL A","3031092","2024-12-08 23:00","2024","12","08","23:00","","-0.8","","-4.2","","78","","","","34","","15","","24.1","","89.23","","","","-5","","Mostly Cloudy"
"-114.01","51.12","CALGARY INTL A","3031092","2024-12-09 00:00","2024","12","09","00:00","","-0.8","","-4.2","","78","","","","31","","9","","24.1","","89.25","","","","-4","","NA"
"-114.01","51.12","CALGARY INTL A","3031092","2024-12-09 01:00","2024","12","09","01:00","","-0.6","","-4.3","","76","","","","29","","8","","24.1","","89.27","","","","-3","","NA"
"-114.01","51.12","CALGARY INTL A","3031092","2024-12-09 02:00","2024","12","09","02:00","","-0.7","","-4.5","","75","","","","28","","5","","24.1","","89.28","","","","-2","","Cloudy"
"-114.01","51.12","CALGARY INTL A","3031092","2024-12-09 03:00","2024","12","09","03:00","","-0.6","","-4.9","","73","","","","26","","5","","24.1","","89.33","","","","-2","","NA"
"-114.01","51.12","CALGARY INTL A","3031092","2024-12-09 04:00","2024","12","09","04:00","","-0.7","","-5.2","","71","","","","23","","4","","24.1","","89.36","","","","-2","","NA"
"-114.01","51.12","CALGARY INTL A","3031092","2024-12-09 05:00","2024","12","09","05:00","","-1.1","","-5.6","","71","","","","24","","5","","24.1","","89.37","","","","-3","","Mostly Cloudy"
"-114.01","51.12","CALGARY INTL A","3031092","2024-12-09 06:00","2024","12","09","06:00","","-2.1","","-5.6","","77","","","","23","","6","","24.1","","89.40","","","","-4","","NA"
"-114.01","51.12","CALGARY INTL A","3031092","2024-12-09 07:00","2024","12","09","07:00","","-2.7","","-5.8","","80","","","","23","","7","","24.1","","89.44","","","","-6","","NA"
"-114.01","51.12","CALGARY INTL A","3031092","2024-12-09 08:00","2024","12","09","08:00","","-3.2","","-6.1","","80","","","","23","","9","","64.4","","89.45","","","","-7","","Mostly Cloudy"
"-114.01","51.12","CALGARY INTL A","3031092","2024-12-09 09:00","2024","12","09","09:00","","-2.9","","-6.2","","78","","","","22","","5","","64.4","","89.48","","","","-5","","NA"
"-114.01","51.12","CALGARY INTL A","3031092","2024-12-09 10:00","2024","12","09","10:00","","-2.4","","-5.7","","78","","","","20","","9","","64.4","","89.50","","","","-6","","NA"
"-114.01","51.12","CALGARY INTL A","3031092","2024-12-09 11:00","2024","12","09","11:00","","-0.3","","-5.5","","68","","","","22","","7","","64.4","","89.54","","","","-3","","Mostly Cloudy"
"-114.01","51.12","CALGARY INTL A","3031092","2024-12-09 12:00","2024","12","09","12:00","","0.4","","-6.2","","61","","","","22","","8","","64.4","","89.51","","","","","","NA"
"-114.01","51.12","CALGARY INTL A","3031092","2024-12-09 13:00","2024","12","09","13:00","","0.6","","-6.7","","59","","","","29","","8","","64.4","","89.50","","","","","","NA"
"-114.01","51.12","CALGARY INTL A","3031092","2024-12-09 14:00","2024","12","09","14:00","","1.5","","-6.8","","54","","","","29","","15","","64.4","","89.46","","","","","","Mainly Clear"
"-114.01","51.12","CALGARY INTL A","3031092","2024-12-09 15:00","2024","12","09","15:00","","1.6","","-7.4","","51","","","","27","","6","","64.4","","89.43","","","","","","NA"
"-114.01","51.12","CALGARY INTL A","3031092","2024-12-09 16:00","2024","12","09","16:00","","0.8","","-7.0","","56","","","","","","0","","64.4","","89.46","","","","","","NA"
"-114.01","51.12","CALGARY INTL A","3031092","2024-12-09 17:00","2024","12","09","17:00","","-1.3","","-7.6","","63","","","","11","","5","","64.4","","89.54","","","","-3","","Mostly Cloudy"
"-114.01","51.12","CALGARY INTL A","3031092","2024-12-09 18:00","2024","12","09","18:00","","-2.0","","-7.0","","69","","","","10","","8","","24.1","","89.59","","","","-5","","NA"
"-114.01","51.12","CALGARY INTL A","3031092","2024-12-09 19:00","2024","12","09","19:00","","-3.3","","-7.4","","73","","","","34","","7","","24.1","","89.63","","","","-6","","NA"
"-114.01","51.12","CALGARY INTL A","3031092","2024-12-09 20:00","2024","12","09","20:00","","-2.2","","-6.3","","73","","","","25","","5","","24.1","","89.63","","","","-4","","Cloudy"
"-114.01","51.12","CALGARY INTL A","3031092","2024-12-09 21:00","2024","12","09","21:00","","-1.9","","-6.8","","69","","","","25","","4","","24.1","","89.62","","","","-3","","NA"
"-114.01","51.12","CALGARY INTL A","3031092","2024-12-09 22:00","2024","12","09","22:00","","-2.0","","-6.6","","71","","","","23","","9","","24.1","","89.61","","","","-5","","NA"
"-114.01","51.12","CALGARY INTL A","3031092","2024-12-09 23:00","2024","12","09","23:00","","-2.5","","-7.5","","69","","","","26","","3","","24.1","","89.62","","","","-4","","Mostly Cloudy"
"-114.01","51.12","CALGARY INTL A","3031092","2024-12-10 00:00","2024","12","10","00:00","","-4.2","","-7.8","","76","","","","32","","6","","24.1","","89.66","","","","-7","","NA"
"-114.01","51.12","CALGARY INTL A","3031092","2024-12-10 01:00","2024","12","10","01:00","","-3.9","","-8.3","","72","","","","34","","9","","24.1","","89.67","","","","-8","","NA"
"-114.01","51.12","CALGARY INTL A","3031092","2024-12-10 02:00","2024","12","10","02:00","","-3.4","","-7.5","","73","","","","34","","11","","24.1","","89.69","","","","-8","","Cloudy"
"-114.01","51.12","CALGARY INTL A","3031092","2024-12-10 03:00","2024","12","10","03:00","","-3.0","","-7.4","","72","","","","33","","13","","24.1","","89.72","","","","-8","","NA"
"-114.01","51.12","CALGARY INTL A","3031092","2024-12-10 04:00","2024","12","10","04:00","","-3.4","","-7.3","","74","","","","34","","9","","24.1","","89.71","","","","-7","","NA"
"-114.01","51.12","CALGARY INTL A","3031092","2024-12-10 05:00","2024","12","10","05:00","","-2.4","","-7.7","","67","","","","26","","7","","24.1","","89.70","","","","-5","","Cloudy"
"-114.01","51.12","CALGARY INTL A","3031092","2024-12-10 06:00","2024","12","10","06:00","","-2.8","","-7.3","","71","","","","33","","4","","24.1","","89.72","","","","-4","","NA"
"-114.01","51.12","CALGARY INTL A","3031092","2024-12-10 07:00","2024","12","10","07:00","","-2.6","","-7.1","","71","","","","31","","5","","24.1","","89.71","","","","-5","","NA"
"-114.01","51.12","CALGARY INTL A","3031092","2024-12-10 08:00","2024","12","10","08:00","","-2.4","","-7.0","","71","","","","23","","7","","64.4","","89.72","","","","-5","","Mostly Cloudy"
"-114.01","51.12","CALGARY INTL A","3031092","2024-12-10 09:00","2024","12","10","09:00","","-2.5","","-7.0","","71","","","","23","","5","","64.4","","89.72","","","","-4","","NA"
"-114.01","51.12","CALGARY INTL A","3031092","2024-12-10 10:00","2024","12","10","10:00","","-1.9","","-7.0","","69","","","","24","","5","","64.4","","89.71","","","","-4","","NA"
"-114.01","51.12","CALGARY INTL A","3031092","2024-12-10 11:00","2024","12","10","11:00","","-1.4","","-6.8","","67","","","","23","","10","","64.4","","89.69","","","","-5","","Mostly Cloudy"
"-114.01","51.12","CALGARY INTL A","3031092","2024-12-10 12:00","2024","12","10","12:00","","-0.7","","-6.8","","63","","","","22","","10","","64.4","","89.65","","","","-4","","NA"
"-114.01","51.12","CALGARY INTL A","3031092","2024-12-10 13:00","2024","12","10","13:00","","-0.2","","-7.0","","60","","","","25","","7","","64.4","","89.59","","","","-3","","NA"
"-114.01","51.12","CALGARY INTL A","3031092","2024-12-10 14:00","2024","12","10","14:00","","0.3","","-7.3","","57","","","","26","","8","","64.4","","89.53","","","","","","Mostly Cloudy"
"-114.01","51.12","CALGARY INTL A","3031092","2024-12-10 15:00","2024","12","10","15:00","","-0.4","","-7.0","","61","","","","18","","9","","64.4","","89.46","","","","-4","","NA"
"-114.01","51.12","CALGARY INTL A","3031092","2024-12-10 16:00","2024","12","10","16:00","","-1.4","","-7.0","","66","","","","18","","14","","64.4","","89.43","","","","-6","","NA"
"-114.01","51.12","CALGARY INTL A","3031092","2024-12-10 17:00","2024","12","10","17:00","","-2.3","","-6.8","","71","","","","17","","14","","64.4","","89.39","","","","-7","","Mostly Cloudy"
"-114.01","51.12","CALGARY INTL A","3031092","2024-12-10 18:00","2024","12","10","18:00","","-1.6","","-6.1","","71","","","","17","","10","","24.1","","89.36","","","","-5","","NA"
"-114.01","51.12","CALGARY INTL A","3031092","2024-12-10 19:00","2024","12","10","19:00","","-2.0","","-5.8","","75","","","","19","","10","","24.1","","89.33","","","","-6","","NA"
"-114.01","51.12","CALGARY INTL A","3031092","2024-12-10 20:00","2024","12","10","20:00","","-2.5","","-5.6","","79","","","","19","","14","","24.1","","89.26","","","","-7","","Cloudy"
"-114.01","51.12","CALGARY INTL A","3031092","2024-12-10 21:00","2024","12","10","21:00","","-3.1","","-5.6","","83","","","","19","","12","","24.1","","89.24","","","","-8","","NA"
"-114.01","51.12","CALGARY INTL A","3031092","2024-12-10 22:00","2024","12","10","22:00","","-3.4","","-5.5","","85","","","","17","","13","","24.1","","89.23","","","","-8","","NA"
"-114.01","51.12","CALGARY INTL A","3031092","2024-12-10 23:00","2024","12","10","23:00","","-3.4","","-5.5","","85","","","","18","","11","","24.1","","89.19","","","","-8","","Cloudy"
"-114.01","51.12","CALGARY INTL A","3031092","2024-12-11 00:00","2024","12","11","00:00","","-3.4","","-5.3","","87","","","","19","","8","","24.1","","89.19","","","","-7","","NA"
"-114.01","51.12","CALGARY INTL A","3031092","2024-12-11 01:00","2024","12","11","01:00","","-3.8","","-5.5","","88","","","","16","","8","","24.1","","89.19","","","","-7","","NA"
"-114.01","51.12","CALGARY INTL A","3031092","2024-12-11 02:00","2024","12","11","02:00","","-3.9","","-5.6","","88","","","","17","","9","","24.1","","89.17","","","","-8","","Cloudy"
"-114.01","51.12","CALGARY INTL A","3031092","2024-12-11 03:00","2024","12","11","03:00","","-4.4","","-5.8","","90","","","","19","","8","","24.1","","89.17","","","","-8","","NA"
"-114.01","51.12","CALGARY INTL A","3031092","2024-12-11 04:00","2024","12","11","04:00","","-5.7","","-6.6","","93","","","","19","","6","","24.1","","89.13","","","","-9","","NA"
"-114.01","51.12","CALGARY INTL A","3031092","2024-12-11 05:00","2024","12","11","05:00","","-4.3","","-5.8","","90","","","","21","","9","","24.1","","89.09","","","","-8","","Cloudy"
"-114.01","51.12","CALGARY INTL A","3031092","2024-12-11 06:00","2024","12","11","06:00","","-2.9","","-5.5","","82","","","","22","","4","","24.1","","89.07","","","","-4","","NA"
"-114.01","51.12","CALGARY INTL A","3031092","2024-12-11 07:00","2024","12","11","07:00","","-1.9","","-5.6","","76","","","","22","","9","","24.1","","89.04","","","","-5","","NA"
"-114.01","51.12","CALGARY INTL A","3031092","2024-12-11 08:00","2024","12","11","08:00","","-2.2","","-5.0","","81","","","","20","","10","","64.4","","88.92","","","","-6","","Mostly Cloudy"
"-114.01","51.12","CALGARY INTL A","3031092","2024-12-11 09:00","2024","12","11","09:00","","-1.4","","-5.4","","75","","","","","","0","","64.4","","88.94","","","","","","NA"
"-114.01","51.12","CALGARY INTL A","3031092","2024-12-11 10:00","2024","12","11","10:00","","-0.7","","-5.0","","73","","","","22","","5","","64.4","","88.93","","","","-2","","NA"
"-114.01","51.12","CALGARY INTL A","3031092","2024-12-11 11:00","2024","12","11","11:00","","0.0","","-5.3","","68","","","","24","","7","","64.4","","88.86","","","","-2","","Snow"
"-114.01","51.12","CALGARY INTL A","3031092","2024-12-11 12:00","2024","12","11","12:00","","0.8","","-5.7","","62","","","","23","","9","","64.4","","88.80","","","","","","NA"
"-114.01","51.12","CALGARY INTL A","3031092","2024-12-11 13:00","2024","12","11","13:00","","1.3","","-5.4","","61","","","","","","0","","64.4","","88.76","","","","","","NA"
"-114.01","51.12","CALGARY INTL A","3031092","2024-12-11 14:00","2024","12","11","14:00","","2.0","","-5.1","","59","","","","16","","3","","64.4","","88.73","","","","","","Mostly Cloudy"
"-114.01","51.12","CALGARY INTL A","3031092","2024-12-11 15:00","2024","12","11","15:00","","1.6","","-4.3","","65","","","","","","0","","64.4","","88.71","","","","","","NA"
"-114.01","51.12","CALGARY INTL A","3031092","2024-12-11 16:00","2024","12","11","16:00","","1.1","","-4.6","","66","","","","34","","3","","64.4","","88.72","","","","","","NA"
"-114.01","51.12","CALGARY INTL A","3031092","2024-12-11 17:00","2024","12","11","17:00","","0.2","","-4.1","","73","","","","34","","5","","64.4","","88.74","","","","","","Mostly Cloudy"
"-114.01","51.12","CALGARY INTL A","3031092","2024-12-11 18:00","2024","12","11","18:00","","0.4","","-4.0","","72","","","","31","","7","","24.1","","88.76","","","","","","NA"
"-114.01","51.12","CALGARY INTL A","3031092","2024-12-11 19:00","2024","12","11","19:00","","0.0","","-4.3","","72","","","","34","","7","","24.1","","88.72","","","","-2","","NA"
"-114.01","51.12","CALGARY INTL A","3031092","2024-12-11 20:00","2024","12","11","20:00","","0.3","","-3.9","","74","","","","31","","5","","16.1","","88.71","","","","","","Mostly Cloudy"
"-114.01","51.12","CALGARY INTL A","3031092","2024-12-11 21:00","2024","12","11","21:00","","-0.6","","-3.9","","79","","","","","","0","","16.1","","88.69","","","","","","NA"
"-114.01","51.12","CALGARY INTL A","3031092","2024-12-11 22:00","2024","12","11","22:00","","-2.6","","-4.3","","88","","","","6","","8","","24.1","","88.66","","","","-6","","NA"
"-114.01","51.12","CALGARY INTL A","3031092","2024-12-11 23:00","2024","12","11","23:00","","-3.9","","-5.6","","88","","","","7","","6","","24.1","","88.69","","","","-7","","Clear"
"-114.01","51.12","CALGARY INTL A","3031092","2024-12-12 00:00","2024","12","12","00:00","","-3.0","","-4.4","","90","","","","13","","6","","24.1","","88.67","","","","-5","","NA"
"-114.01","51.12","CALGARY INTL A","3031092","2024-12-12 01:00","2024","12","12","01:00","","-5.5","","-6.5","","93","","","","18","","12","","6.4","","88.63","","","","-10","","Fog"
"-114.01","51.12","CALGARY INTL A","3031092","2024-12-12 02:00","2024","12","12","02:00","","-5.3","","-5.8","","96","","","","19","","12","","11.3","","88.56","","","","-10","","Clear"
"-114.01","51.12","CALGARY INTL A","3031092","2024-12-12 03:00","2024","12","12","03:00","","-6.9","","-7.5","","96","","","","17","","14","","1.6","","88.56","","","","-13","","Fog"
"-114.01","51.12","CALGARY INTL A","3031092","2024-12-12 04:00","2024","12","12","04:00","","-7.5","","-8.1","","96","","","","18","","10","","1.6","","88.52","","","","-12","","Fog"
"-114.01","51.12","CALGARY INTL A","3031092","2024-12-12 05:00","2024","12","12","05:00","","-6.8","","-7.5","","95","","","","20","","11","","12.9","","88.45","","","","-12","","Clear"
"-114.01","51.12","CALGARY INTL A","3031092","2024-12-12 06:00","2024","12","12","06:00","","-7.8","","-8.7","","93","","","","18","","10","","16.1","","88.39","","","","-13","","NA"
"-114.01","51.12","CALGARY INTL A","3031092","2024-12-12 07:00","2024","12","12","07:00","","-8.8","","-9.6","","94","","","","17","","11","","1.0","","88.36","","","","-14","","Fog"
"-114.01","51.12","CALGARY INTL A","3031092","2024-12-12 08:00","2024","12","12","08:00","","-8.3","","-9.2","","94","","","","19","","13","","0.6","","88.35","","","","-14","","Freezing Fog"
"-114.01","51.12","CALGARY INTL A","3031092","2024-12-12 09:00","2024","12","12","09:00","","-8.2","","-8.9","","94","","","","20","","14","","3.6","","88.35","","","","-14","","Fog"
"-114.01","51.12","CALGARY INTL A","3031092","2024-12-12 10:00","2024","12","12","10:00","","-7.5","","-8.2","","95","","","","19","","12","","2.4","","88.34","","","","-13","","Fog"
"-114.01","51.12","CALGARY INTL A","3031092","2024-12-12 11:00","2024","12","12","11:00","","-7.5","","-8.2","","95","","","","19","","15","","4.8","","88.30","","","","-14","","Fog"
"-114.01","51.12","CALGARY INTL A","3031092","2024-12-12 12:00","2024","12","12","12:00","","-6.6","","-7.4","","94","","","","18","","10","","9.7","","88.20","","","","-11","","Fog"
"-114.01","51.12","CALGARY INTL A","3031092","2024-12-12 13:00","2024","12","12","13:00","","-5.6","","-6.3","","95","","","","18","","12","","19.3","","88.15","","","","-11","","NA"
"-114.01","51.12","CALGARY INTL A","3031092","2024-12-12 14:00","2024","12","12","14:00","","-4.6","","-5.4","","94","","","","18","","10","","19.3","","88.07","","","","-9","","Mainly Clear"
"-114.01","51.12","CALGARY INTL A","3031092","2024-12-12 15:00","2024","12","12","15:00","","-3.6","","-5.8","","85","","","","18","","11","","19.3","","88.00","","","","-8","","NA"
"-114.01","51.12","CALGARY INTL A","3031092","2024-12-12 16:00","2024","12","12","16:00","","-5.2","","-6.7","","89","","","","18","","14","","40.2","","87.99","","","","-11","","NA"
"-114.01","51.12","CALGARY INTL A","3031092","2024-12-12 17:00","2024","12","12","17:00","","-6.4","","-7.5","","92","","","","18","","13","","56.3","","87.98","","","","-12","","Mostly Cloudy"
"-114.01","51.12","CALGARY INTL A","3031092","2024-12-12 18:00","2024","12","12","18:00","","-6.6","","-7.9","","90","","","","18","","13","","24.1","","87.94","","","","-12","","NA"
"-114.01","51.12","CALGARY INTL A","3031092","2024-12-12 19:00","2024","12","12","19:00","","-6.5","","-8.1","","88","","","","19","","8","","24.1","","87.90","","","","-10","","NA"
"-114.01","51.12","CALGARY INTL A","3031092","2024-12-12 20:00","2024","12","12","20:00","","-5.7","","-7.5","","87","","","","18","","7","","24.1","","87.87","","","","-9","","Mainly Clear"
"-114.01","51.12","CALGARY INTL A","3031092","2024-12-12 21:00","2024","12","12","21:00","","-6.5","","-8.3","","87","","","","19","","5","","24.1","","87.85","","","","-9","","NA"
"-114.01","51.12","CALGARY INTL A","3031092","2024-12-12 22:00","2024","12","12","22:00","","-5.9","","-7.6","","88","","","","20","","4","","24.1","","87.82","","","","-8","","NA"
"-114.01","51.12","CALGARY INTL A","3031092","2024-12-12 23:00","2024","12","12","23:00","","-5.4","","-7.0","","88","","","","22","","13","","24.1","","87.81","","","","-11","","Clear"
"-114.01","51.12","CALGARY INTL A","3031092","2024-12-13 00:00","2024","12","13","00:00","","-4.9","","-7.2","","84","","","","29","","3","","24.1","","87.79","","","","-6","","NA"
"-114.01","51.12","CALGARY INTL A","3031092","2024-12-13 01:00","2024","12","13","01:00","","-2.7","","-6.5","","75","","","","21","","7","","24.1","","87.73","","","","-6","","NA"
"-114.01","51.12","CALGARY INTL A","3031092","2024-12-13 02:00","2024","12","13","02:00","","-3.3","","-6.9","","76","","","","23","","7","","24.1","","87.71","","","","-6","","Clear"
"-114.01","51.12","CALGARY INTL A","3031092","2024-12-13 03:00","2024","12","13","03:00","","1.4","","-6.1","","57","","","","29","","16","","24.1","","87.75","","","","","","NA"
"-114.01","51.12","CALGARY INTL A","3031092","2024-12-13 04:00","2024","12","13","04:00","","1.2","","-6.7","","56","","","","36","","5","","24.1","","87.75","","","","","","NA"
"-114.01","51.12","CALGARY INTL A","3031092","2024-12-13 05:00","2024","12","13","05:00","","3.0","","-7.0","","48","","","","29","","16","","24.1","","87.76","","","","","","Mainly Clear"
"-114.01","51.12","CALGARY INTL A","3031092","2024-12-13 06:00","2024","12","13","06:00","","2.7","","-7.2","","48","","","","32","","3","","24.1","","87.78","","","","","","NA"
"-114.01","51.12","CALGARY INTL A","3031092","2024-12-13 07:00","2024","12","13","07:00","","1.6","","-6.4","","55","","","","34","","10","","24.1","","87.80","","","","","","NA"
"-114.01","51.12","CALGARY INTL A","3031092","2024-12-13 08:00","2024","12","13","08:00","","2.7","","-3.4","","64","","","","30","","9","","32.2","","87.81","","","","","","Mostly Cloudy"
"-114.01","51.12","CALGARY INTL A","3031092","2024-12-13 09:00","2024","12","13","09:00","","1.6","","-3.7","","68","","","","30","","13","","64.4","","87.88","","","","","","NA"
"-114.01","51.12","CALGARY INTL A","3031092","2024-12-13 10:00","2024","12","13","10:00","","2.5","","-3.6","","64","","","","1","","5","","64.4","","87.92","","","","","","NA"
"-114.01","51.12","CALGARY INTL A","3031092","2024-12-13 11:00","2024","12","13","11:00","","4.5","","-6.2","","46","","","","29","","11","","64.4","","87.93","","","","","","Mainly Clear"
"-114.01","51.12","CALGARY INTL A","3031092","2024-12-13 12:00","2024","12","13","12:00","","5.3","","-4.1","","51","","","","","","0","","64.4","","87.90","","","","","","NA"
"-114.01","51.12","CALGARY INTL A","3031092","2024-12-13 13:00","2024","12","13","13:00","","6.4","","-6.8","","38","","","","29","","15","","48.3","","87.92","","","","","","NA"
"-114.01","51.12","CALGARY INTL A","3031092","2024-12-13 14:00","2024","12","13","14:00","","7.2","","-7.0","","36","","","","28","","13","","48.3","","87.90","","","","","","Mainly Clear"
"-114.01","51.12","CALGARY INTL A","3031092","2024-12-13 15:00","2024","12","13","15:00","","6.7","","-5.9","","40","","","","26","","7","","32.2","","87.93","","","","","","NA"
"-114.01","51.12","CALGARY INTL A","3031092","2024-12-13 16:00","2024","12","13","16:00","","5.3","","-6.0","","44","","","","24","","13","","32.2","","87.97","","","","","","NA"
"-114.01","51.12","CALGARY INTL A","3031092","2024-12-13 17:00","2024","12","13","17:00","","2.6","","-6.2","","52","","","","27","","3","","24.1","","87.99","","","","","","Mainly Clear"
"-114.01","51.12","CALGARY INTL A","3031092","2024-12-13 18:00","2024","12","13","18:00","","2.6","","-6.2","","52","","","","19","","5","","24.1","","88.01","","","","","","NA"
"-114.01","51.12","CALGARY INTL A","3031092","2024-12-13 19:00","2024","12","13","19:00","","1.9","","-6.0","","56","","","","19","","7","","24.1","","87.99","","","","","","NA"
"-114.01","51.12","CALGARY INTL A","3031092","2024-12-13 20:00","2024","12","13","20:00","","-1.0","","-5.8","","70","","","","19","","7","","24.1","","87.98","","","","-4","","Cloudy"
"-114.01","51.12","CALGARY INTL A","3031092","2024-12-13 21:00","2024","12","13","21:00","","-1.1","","-6.1","","69","","","","19","","8","","24.1","","87.98","","","","-4","","NA"
"-114.01","51.12","CALGARY INTL A","3031092","2024-12-13 22:00","2024","12","13","22:00","","-0.3","","-5.8","","66","","","","18","","8","","24.1","","87.94","","","","-3","","NA"
"-114.01","51.12","CALGARY INTL A","3031092","2024-12-13 23:00","2024","12","13","23:00","","-0.6","","-6.1","","66","","","","20","","3","","24.1","","87.87","","","","-2","","Mostly Cloudy"
"-114.01","51.12","CALGARY INTL A","3031092","2024-12-14 00:00","2024","12","14","00:00","","-1.9","","-6.0","","74","","","","19","","15","","24.1","","87.89","","","","-7","","NA"
"-114.01","51.12","CALGARY INTL A","3031092","2024-12-14 01:00","2024","12","14","01:00","","-2.3","","-5.7","","78","","","","17","","13","","24.1","","87.80","","","","-7","","NA"
"-114.01","51.12","CALGARY INTL A","3031092","2024-12-14 02:00","2024","12","14","02:00","","1.3","","-6.2","","57","","","","23","","14","","24.1","","87.75","","","","","","Cloudy"
"-114.01","51.12","CALGARY INTL A","3031092","2024-12-14 03:00","2024","12","14","03:00","","-1.3","","-6.7","","67","","","","21","","9","","24.1","","87.69","","","","-5","","NA"
"-114.01","51.12","CALGARY INTL A","3031092","2024-12-14 04:00","2024","12","14","04:00","","0.3","","-5.8","","64","","","","22","","13","","24.1","","87.67","","","","","","NA"
"-114.01","51.12","CALGARY INTL A","3031092","2024-12-14 05:00","2024","12","14","05:00","","-0.1","","-5.2","","68","","","","24","","5","","24.1","","87.58","","","","-2","","Cloudy"
"-114.01","51.12","CALGARY INTL A","3031092","2024-12-14 06:00","2024","12","14","06:00","","0.3","","-5.1","","67","","","","","","0","","24.1","","87.55","","","","","","NA"
"-114.01","51.12","CALGARY INTL A","3031092","2024-12-14 07:00","2024","12","14","07:00","","-1.4","","-5.0","","77","","","","21","","5","","24.1","","87.51","","","","-3","","NA"
"-114.01","51.12","CALGARY INTL A","3031092","2024-12-14 08:00","2024","12","14","08:00","","0.6","","-4.3","","70","","","","23","","15","","24.1","","87.50","","","","","","Cloudy"
"-114.01","51.12","CALGARY INTL A","3031092","2024-12-14 09:00","2024","12","14","09:00","","0.3","","-4.5","","70","","","","22","","14","","64.4","","87.50","","","","","","NA"
"-114.01","51.12","CALGARY INTL A","3031092","2024-12-14 10:00","2024","12","14","10:00","","1.3","","-4.5","","65","","","","23","","19","","64.4","","87.51","","","","","","NA"
"-114.01","51.12","CALGARY INTL A","3031092","2024-12-14 11:00","2024","12","14","11:00","","1.1","","-4.5","","66","","","","21","","9","","64.4","","87.54","","","","","","Mostly Cloudy"
"-114.01","51.12","CALGARY INTL A","3031092","2024-12-14 12:00","2024","12","14","12:00","","3.5","","-3.8","","59","","","","23","","16","","48.3","","87.50","","","","","","NA"
"-114.01","51.12","CALGARY INTL A","3031092","2024-12-14 13:00","2024","12","14","13:00","","5.1","","-3.4","","54","","","","21","","11","","32.2","","87.48","","","","","","NA"
"-114.01","51.12","CALGARY INTL A","3031092","2024-12-14 14:00","2024","12","14","14:00","","6.8","","-2.9","","50","","","","17","","12","","32.2","","87.43","","","","","","Mainly Clear"
"-114.01","51.12","CALGARY INTL A","3031092","2024-12-14 15:00","2024","12","14","15:00","","6.6","","-3.3","","49","","","","22","","10","","24.1","","87.48","","","","","","NA"
"-114.01","51.12","CALGARY INTL A","3031092","2024-12-14 16:00","2024","12","14","16:00","","7.1","","-7.4","","35","","","","23","","15","","24.1","","87.54","","","","","","NA"
"-114.01","51.12","CALGARY INTL A","3031092","2024-12-14 17:00","2024","12","14","17:00","","5.8","","-8.1","","36","","","","23","","12","","24.1","","87.53","","","","","","Mainly Clear"
"-114.01","51.12","CALGARY INTL A","3031092","2024-12-14 18:00","2024","12","14","18:00","","5.1","","-7.4","","40","","","","24","","11","","24.1","","87.45","","","","","","NA"
"-114.01","51.12","CALGARY INTL A","3031092","2024-12-14 19:00","2024","12","14","19:00","","4.8","","-6.9","","43","","","","23","","26","","24.1","","87.42","","","","","","NA"
"-114.01","51.12","CALGARY INTL A","3031092","2024-12-14 20:00","2024","12","14","20:00","","2.6","","-6.7","","50","","","","20","","31","","24.1","","87.53","","","","","","Mainly Clear"
"-114.01","51.12","CALGARY INTL A","3031092","2024-12-14 21:00","2024","12","14","21:00","","3.4","","-7.5","","45","","","","23","","34","","24.1","","87.51","","","","","","NA"
"-114.01","51.12","CALGARY INTL A","3031092","2024-12-14 22:00","2024","12","14","22:00","","1.4","","-7.5","","52","","","","8","","12","","24.1","","87.61","","","","","","NA"
"-114.01","51.12","CALGARY INTL A","3031092","2024-12-14 23:00","2024","12","14","23:00","","-0.2","","-7.3","","59","","","","6","","13","","24.1","","87.68","","","","-4","","Mostly Cloudy"
"-114.01","51.12","CALGARY INTL A","3031092","2024-12-15 00:00","2024","12","15","00:00","","0.3","","-7.2","","57","","","","15","","10","","24.1","","87.75","","","","","","NA"
"-114.01","51.12","CALGARY INTL A","3031092","2024-12-15 01:00","2024","12","15","01:00","","-0.1","","-7.1","","59","","","","17","","8","","24.1","","87.80","","","","-3","","NA"
"-114.01","51.12","CALGARY INTL A","3031092","2024-12-15 02:00","2024","12","15","02:00","","-0.8","","-6.7","","64","","","","20","","5","","24.1","","87.83","","","","-2","","Mostly Cloudy"
"-114.01","51.12","CALGARY INTL A","3031092","2024-12-15 03:00","2024","12","15","03:00","","-2.4","","-6.8","","72","","","","10","","5","","24.1","","87.87","","","","-4","","NA"
"-114.01","51.12","CALGARY INTL A","3031092","2024-12-15 04:00","2024","12","15","04:00","","-0.2","","-7.4","","58","","","","20","","8","","24.1","","87.90","","","","-3","","NA"
"-114.01","51.12","CALGARY INTL A","3031092","2024-12-15 05:00","2024","12","15","05:00","","0.5","","-7.6","","55","","","","23","","12","","24.1","","87.93","","","","","","Mostly Cloudy"
"-114.01","51.12","CALGARY INTL A","3031092","2024-12-15 06:00","2024","12","15","06:00","","1.0","","-8.4","","50","","","","26","","8","","24.1","","87.96","","","","","","NA"
"-114.01","51.12","CALGARY INTL A","3031092","2024-12-15 07:00","2024","12","15","07:00","","3.7","","-10.3","","35","","","","28","","28","","24.1","","88.04","","","","","","NA"
"-114.01","51.12","CALGARY INTL A","3031092","2024-12-15 08:00","2024","12","15","08:00","","3.5","","-10.4","","36","","","","29","","33","","24.1","","88.08","","","","","","Mostly Cloudy"
"-114.01","51.12","CALGARY INTL A","3031092","2024-12-15 09:00","2024","12","15","09:00","","3.4","","-10.9","","35","","","","28","","29","","64.4","","88.15","","","","","","NA"
"-114.01","51.12","CALGARY INTL A","3031092","2024-12-15 10:00","2024","12","15","10:00","","-5.0","","-8.8","","75","","","","4","","17","","64.4","","88.28","","","","-11","","NA"
"-114.01","51.12","CALGARY INTL A","3031092","2024-12-15 11:00","2024","12","15","11:00","","-5.8","","-9.2","","77","","","","2","","13","","64.4","","88.33","","","","-11","","Mostly Cloudy"
"-114.01","51.12","CALGARY INTL A","3031092","2024-12-15 12:00","2024","12","15","12:00","","-5.7","","-9.4","","75","","","","2","","12","","64.4","","88.34","","","","-11","","NA"
"-114.01","51.12","CALGARY INTL A","3031092","2024-12-15 13:00","2024","12","15","13:00","","-6.2","","-9.6","","77","","","","3","","9","","56.3","","88.42","","","","-10","","NA"
"-114.01","51.12","CALGARY INTL A","3031092","2024-12-15 14:00","2024","12","15","14:00","","-6.3","","-9.4","","79","","","","6","","11","","32.2","","88.48","","","","-11","","Cloudy"
"-114.01","51.12","CALGARY INTL A","3031092","2024-12-15 15:00","2024","12","15","15:00","","-7.0","","-9.2","","84","","","","2","","12","","19.3","","88.58","","","","-12","","NA"
"-114.01","51.12","CALGARY INTL A","3031092","2024-12-15 16:00","2024","12","15","16:00","","-7.7","","-9.5","","87","","","","2","","13","","19.3","","88.67","","","","-13","","NA"
"-114.01","51.12","CALGARY INTL A","3031092","2024-12-15 17:00","2024","12","15","17:00","","-8.4","","-9.7","","91","","","","2","","16","","9.7","","88.75","","","","-15","","Fog"
"-114.01","51.12","CALGARY INTL A","3031092","2024-12-15 18:00","2024","12","15","18:00","","-8.5","","-9.8","","90","","","","2","","17","","12.9","","88.81","","","","-15","","NA"
"-114.01","51.12","CALGARY INTL A","3031092","2024-12-15 19:00","2024","12","15","19:00","","-7.8","","-8.8","","93","","","","2","","17","","4.8","","88.86","","","","-14","","Fog"
"-114.01","51.12","CALGARY INTL A","3031092","2024-12-15 20:00","2024","12","15","20:00","","-7.5","","-8.7","","91","","","","36","","11","","4.8","","88.90","","","","-13","","Fog"
"-114.01","51.12","CALGARY INTL A","3031092","2024-12-15 21:00","2024","12","15","21:00","","-7.2","","-8.9","","88","","","","33","","5","","9.7","","88.94","","","","-10","","Fog"
"-114.01","51.12","CALGARY INTL A","3031092","2024-12-15 22:00","2024","12","15","22:00","","-7.7","","-9.1","","90","","","","11","","3","","9.7","","88.98","","","","-9","","Fog"
"-114.01","51.12","CALGARY INTL A","3031092","2024-12-15 23:00","2024","12","15","23:00","","-8.3","","-9.6","","90","","","","14","","4","","12.9","","89.02","","","","-10","","Mostly Cloudy"
"-114.01","51.12","CALGARY INTL A","3031092","2024-12-16 00:00","2024","12","16","00:00","","-7.9","","-9.1","","91","","","","18","","9","","9.7","","89.07","","","","-12","","Fog"
"-114.01","51.12","CALGARY INTL A","3031092","2024-12-16 01:00","2024","12","16","01:00","","-7.9","","-9.1","","91","","","","36","","11","","4.0","","89.09","","","","-13","","Fog"
"-114.01","51.12","CALGARY INTL A","3031092","2024-12-16 02:00","2024","12","16","02:00","","-8.4","","-9.5","","92","","","","2","","5","","4.8","","89.12","","","","-11","","Fog"
"-114.01","51.12","CALGARY INTL A","3031092","2024-12-16 03:00","2024","12","16","03:00","","-8.1","","-9.2","","91","","","","","","0","","8.1","","89.10","","","","","","Fog"
"-114.01","51.12","CALGARY INTL A","3031092","2024-12-16 04:00","2024","12","16","04:00","","-7.6","","-9.3","","88","","","","26","","5","","9.7","","89.06","","","","-10","","Fog"
"-114.01","51.12","CALGARY INTL A","3031092","2024-12-16 05:00","2024","12","16","05:00","","-7.6","","-9.4","","87","","","","23","","10","","12.9","","89.08","","","","-12","","Mainly Clear"
"-114.01","51.12","CALGARY INTL A","3031092","2024-12-16 06:00","2024","12","16","06:00","","-8.2","","-9.9","","87","","","","22","","15","","12.9","","89.04","","","","-15","","NA"
"-114.01","51.12","CALGARY INTL A","3031092","2024-12-16 07:00","2024","12","16","07:00","","-8.4","","-10.2","","87","","","","23","","9","","16.1","","89.05","","","","-13","","NA"
"-114.01","51.12","CALGARY INTL A","3031092","2024-12-16 08:00","2024","12","16","08:00","","-9.1","","-10.5","","90","","","","19","","5","","16.1","","89.03","","","","-12","","Mainly Clear"
"-114.01","51.12","CALGARY INTL A","3031092","2024-12-16 09:00","2024","12","16","09:00","","-9.4","","-10.8","","90","","","","20","","7","","19.3","","89.04","","","","-13","","NA"
"-114.01","51.12","CALGARY INTL A","3031092","2024-12-16 10:00","2024","12","16","10:00","","-8.2","","-9.9","","87","","","","18","","9","","16.1","","89.04","","","","-13","","NA"
"-114.01","51.12","CALGARY INTL A","3031092","2024-12-16 11:00","2024","12","16","11:00","","-8.1","","-9.7","","89","","","","10","","10","","4.8","","88.99","","","","-13","","Fog"
"-114.01","51.12","CALGARY INTL A","3031092","2024-12-16 12:00","2024","12","16","12:00","","-9.3","","-10.4","","91","","","","14","","11","","2.8","","89.01","","","","-15","","Fog"
"-114.01","51.12","CALGARY INTL A","3031092","2024-12-16 13:00","2024","12","16","13:00","","-9.1","","-9.8","","94","","","","17","","11","","2.4","","88.96","","","","-15","","Fog"
"-114.01","51.12","CALGARY INTL A","3031092","2024-12-16 14:00","2024","12","16","14:00","","-8.9","","-9.8","","93","","","","15","","14","","2.4","","88.94","","","","-15","","Fog"
"-114.01","51.12","CALGARY INTL A","3031092","2024-12-16 15:00","2024","12","16","15:00","","-8.7","","-9.8","","92","","","","18","","10","","2.4","","88.88","","","","-14","","Fog"
"-114.01","51.12","CALGARY INTL A","3031092","2024-12-16 16:00","2024","12","16","16:00","","-8.6","","-9.7","","92","","","","16","","11","","2.0","","88.88","","","","-14","","Fog"
"-114.01","51.12","CALGARY INTL A","3031092","2024-12-16 17:00","2024","12","16","17:00","","-8.9","","-9.9","","93","","","","18","","9","","3.6","","88.90","","","","-14","","Fog"
"-114.01","51.12","CALGARY INTL A","3031092","2024-12-16 18:00","2024","12","16","18:00","","-9.0","","-9.9","","93","","","","17","","13","","3.2","","88.96","","","","-15","","Fog"
"-114.01","51.12","CALGARY INTL A","3031092","2024-12-16 19:00","2024","12","16","19:00","","-8.6","","-9.3","","95","","","","16","","15","","0.4","","88.97","","","","-15","","Freezing Fog"
"-114.01","51.12","CALGARY INTL A","3031092","2024-12-16 20:00","2024","12","16","20:00","","-8.2","","-9.0","","94","","","","16","","12","","0.6","","88.98","","","","-14","","Freezing Fog"
"-114.01","51.12","CALGARY INTL A","3031092","2024-12-16 21:00","2024","12","16","21:00","","-8.1","","-8.9","","94","","","","13","","6","","0.8","","89.00","","","","-11","","Freezing Fog"
"-114.01","51.12","CALGARY INTL A","3031092","2024-12-16 22:00","2024","12","16","22:00","","-8.2","","-9.1","","93","","","","5","","14","","0.4","","89.04","","","","-14","","Freezing Fog"
"-114.01","51.12","CALGARY INTL A","3031092","2024-12-16 23:00","2024","12","16","23:00","","-10.0","","-11.0","","92","","","","6","","16","","0.6","","89.10","","","","-17","","Freezing Fog"
"-114.01","51.12","CALGARY INTL A","3031092","2024-12-17 00:00","2024","12","17","00:00","","-10.6","","-11.7","","92","","","","5","","16","","0.6","","89.18","","","","-18","","Snow Grains,Freezing Fog"
"-114.01","51.12","CALGARY INTL A","3031092","2024-12-17 01:00","2024","12","17","01:00","","-11.5","","-12.8","","90","","","","3","","16","","1.2","","89.21","","","","-19","","Snow Grains,Fog"
"-114.01","51.12","CALGARY INTL A","3031092","2024-12-17 02:00","2024","12","17","02:00","","-11.9","","-13.2","","90","","","","5","","17","","1.6","","89.28","","","","-20","","Snow,Fog"
"-114.01","51.12","CALGARY INTL A","3031092","2024-12-17 03:00","2024","12","17","03:00","","-12.6","","-14.0","","89","","","","6","","18","","1.6","","89.40","","","","-21","","Snow,Fog"
"-114.01","51.12","CALGARY INTL A","3031092","2024-12-17 04:00","2024","12","17","04:00","","-13.7","","-15.2","","88","","","","3","","22","","1.6","","89.51","","","","-23","","Snow,Fog"
"-114.01","51.12","CALGARY INTL A","3031092","2024-12-17 05:00","2024","12","17","05:00","","-14.3","","-15.9","","88","","","","4","","15","","4.0","","89.56","","","","-22","","Snow,Fog"
"-114.01","51.12","CALGARY INTL A","3031092","2024-12-17 06:00","2024","12","17","06:00","","-14.6","","-16.3","","87","","","","5","","12","","4.8","","89.65","","","","-21","","Snow"
"-114.01","51.12","CALGARY INTL A","3031092","2024-12-17 07:00","2024","12","17","07:00","","-14.7","","-16.4","","87","","","","4","","17","","2.8","","89.70","","","","-23","","Snow"
"-114.01","51.12","CALGARY INTL A","3031092","2024-12-17 08:00","2024","12","17","08:00","","-15.5","","-17.3","","86","","","","2","","17","","4.8","","89.78","","","","-24","","Snow,Fog"
"-114.01","51.12","CALGARY INTL A","3031092","2024-12-17 09:00","2024","12","17","09:00","","-15.7","","-17.5","","86","","","","36","","13","","4.8","","89.88","","","","-23","","Snow,Fog"
"-114.01","51.12","CALGARY INTL A","3031092","2024-12-17 10:00","2024","12","17","10:00","","-15.8","","-17.8","","85","","","","6","","7","","4.8","","89.93","","","","-21","","Snow,Fog"
"-114.01","51.12","CALGARY INTL A","3031092","2024-12-17 11:00","2024","12","17","11:00","","-15.8","","-18.0","","84","","","","9","","5","","19.3","","89.94","","","","-20","","Snow"
"-114.01","51.12","CALGARY INTL A","3031092","2024-12-17 12:00","2024","12","17","12:00","","-15.9","","-18.2","","83","","","","9","","11","","19.3","","89.92","","","","-23","","Snow"
"-114.01","51.12","CALGARY INTL A","3031092","2024-12-17 13:00","2024","12","17","13:00","","-16.0","","-18.5","","81","","","","12","","12","","19.3","","89.85","","","","-23","","Snow"
"-114.01","51.12","CALGARY INTL A","3031092","2024-12-17 14:00","2024","12","17","14:00","","-15.6","","-18.0","","82","","","","15","","10","","19.3","","89.83","","","","-22","","Snow"
"-114.01","51.12","CALGARY INTL A","3031092","2024-12-17 15:00","2024","12","17","15:00","","-15.8","","-18.4","","80","","","","13","","14","","19.3","","89.78","","","","-24","","NA"
"-114.01","51.12","CALGARY INTL A","3031092","2024-12-17 16:00","2024","12","17","16:00","","-16.1","","-18.4","","83","","","","16","","17","","9.7","","89.80","","","","-25","","Snow,Fog"
"-114.01","51.12","CALGARY INTL A","3031092","2024-12-17 17:00","2024","12","17","17:00","","-16.2","","-18.6","","82","","","","15","","16","","8.1","","89.77","","","","-25","","Fog"
"-114.01","51.12","CALGARY INTL A","3031092","2024-12-17 18:00","2024","12","17","18:00","","-15.8","","-18.1","","83","","","","14","","14","","8.1","","89.76","","","","-24","","Snow,Fog"
"-114.01","51.12","CALGARY INTL A","3031092","2024-12-17 19:00","2024","12","17","19:00","","-15.8","","-17.6","","86","","","","12","","18","","6.4","","89.70","","","","-25","","Snow,Fog"
"-114.01","51.12","CALGARY INTL A","3031092","2024-12-17 20:00","2024","12","17","20:00","","-15.5","","-17.3","","86","","","","14","","17","","6.4","","89.69","","","","-24","","Ice Crystals,Fog"
"-114.01","51.12","CALGARY INTL A","3031092","2024-12-17 21:00","2024","12","17","21:00","","-16.0","","-17.8","","87","","","","15","","25","","6.4","","89.62","","","","-26","","Ice Crystals,Fog"
"-114.01","51.12","CALGARY INTL A","3031092","2024-12-17 22:00","2024","12","17","22:00","","-16.3","","-18.0","","87","","","","16","","22","","6.4","","89.55","","","","-26","","Ice Crystals,Fog"
"-114.01","51.12","CALGARY INTL A","3031092","2024-12-17 23:00","2024","12","17","23:00","","-16.1","","-17.8","","87","","","","16","","20","","4.8","","89.43","","","","-26","","Ice Crystals,Fog"
"-114.01","51.12","CALGARY INTL A","3031092","2024-12-18 00:00","2024","12","18","00:00","","-16.1","","-17.8","","87","","","","16","","17","","6.4","","89.37","","","","-25","","Ice Crystals,Fog"
"-114.01","51.12","CALGARY INTL A","3031092","2024-12-18 01:00","2024","12","18","01:00","","-15.8","","-17.5","","87","","","","16","","27","","6.4","","89.27","","","","-27","","Ice Crystals,Fog"
"-114.01","51.12","CALGARY INTL A","3031092","2024-12-18 02:00","2024","12","18","02:00","","-15.8","","-17.6","","86","","","","18","","22","","4.8","","89.13","","","","-26","","Fog"
"-114.01","51.12","CALGARY INTL A","3031092","2024-12-18 03:00","2024","12","18","03:00","","-15.8","","-17.7","","86","","","","17","","19","","8.1","","89.03","","","","-25","","Fog"
"-114.01","51.12","CALGARY INTL A","3031092","2024-12-18 04:00","2024","12","18","04:00","","-15.6","","-17.5","","86","","","","16","","18","","8.1","","88.89","","","","-24","","Fog"
"-114.01","51.12","CALGARY INTL A","3031092","2024-12-18 05:00","2024","12","18","05:00","","-15.8","","-17.6","","86","","","","13","","17","","8.1","","88.70","","","","-24","","Fog"
"-114.01","51.12","CALGARY INTL A","3031092","2024-12-18 06:00","2024","12","18","06:00","","-16.0","","-17.8","","87","","","","15","","18","","6.4","","88.55","","","","-25","","Fog"
"-114.01","51.12","CALGARY INTL A","3031092","2024-12-18 07:00","2024","12","18","07:00","","-16.1","","-17.9","","86","","","","15","","14","","4.8","","88.43","","","","-24","","Fog"
"-114.01","51.12","CALGARY INTL A","3031092","2024-12-18 08:00","2024","12","18","08:00","","-17.2","","-18.9","","86","","","","14","","15","","3.6","","88.25","","","","-26","","Fog"
"-114.01","51.12","CALGARY INTL A","3031092","2024-12-18 09:00","2024","12","18","09:00","","-16.7","","-18.2","","88","","","","13","","11","","3.6","","88.20","","","","-24","","Fog"
"-114.01","51.12","CALGARY INTL A","3031092","2024-12-18 10:00","2024","12","18","10:00","","-16.7","","-18.6","","86","","","","10","","13","","0.2","","88.07","","","","-24","","Freezing Fog"
"-114.01","51.12","CALGARY INTL A","3031092","2024-12-18 11:00","2024","12","18","11:00","","-16.9","","-18.7","","86","","","","4","","10","","0.2","","88.03","","","","-24","","Ice Crystals,Freezing Fog"
"-114.01","51.12","CALGARY INTL A","3031092","2024-12-18 12:00","2024","12","18","12:00","","-16.2","","-18.0","","86","","","","36","","18","","2.8","","88.00","","","","-25","","Ice Crystals,Fog"
"-114.01","51.12","CALGARY INTL A","3031092","2024-12-18 13:00","2024","12","18","13:00","","-15.7","","-17.5","","86","","","","36","","24","","0.4","","88.07","","","","-26","","Freezing Fog"
"-114.01","51.12","CALGARY INTL A","3031092","2024-12-18 14:00","2024","12","18","14:00","","-16.1","","-18.0","","86","","","","36","","28","","6.4","","88.19","","","","-27","","Fog"
"-114.01","51.12","CALGARY INTL A","3031092","2024-12-18 15:00","2024","12","18","15:00","","-15.9","","-17.8","","86","","","","36","","36","","8.1","","88.36","","","","-28","","Fog"
"-114.01","51.12","CALGARY INTL A","3031092","2024-12-18 16:00","2024","12","18","16:00","","-15.3","","-17.9","","80","","","","35","","27","","24.1","","88.62","","","","-26","","NA"
"-114.01","51.12","CALGARY INTL A","3031092","2024-12-18 17:00","2024","12","18","17:00","","-14.4","","-18.1","","74","","","","33","","17","","14.5","","88.78","","","","-23","","Mostly Cloudy"
"-114.01","51.12","CALGARY INTL A","3031092","2024-12-18 18:00","2024","12","18","18:00","","-14.7","","-18.7","","72","","","","33","","21","","16.1","","88.92","","","","-24","","NA"
"-114.01","51.12","CALGARY INTL A","3031092","2024-12-18 19:00","2024","12","18","19:00","","-14.8","","-18.7","","72","","","","35","","15","","16.1","","89.07","","","","-23","","NA"
"-114.01","51.12","CALGARY INTL A","3031092","2024-12-18 20:00","2024","12","18","20:00","","-14.8","","-18.8","","72","","","","35","","20","","16.1","","89.14","","","","-24","","Mainly Clear"
"-114.01","51.12","CALGARY INTL A","3031092","2024-12-18 21:00","2024","12","18","21:00","","-15.4","","-18.9","","75","","","","32","","7","","16.1","","89.16","","","","-20","","NA"
"-114.01","51.12","CALGARY INTL A","3031092","2024-12-18 22:00","2024","12","18","22:00","","-15.3","","-18.7","","76","","","","34","","8","","24.1","","89.25","","","","-21","","NA"
"-114.01","51.12","CALGARY INTL A","3031092","2024-12-18 23:00","2024","12","18","23:00","","-14.8","","-18.4","","74","","","","33","","4","","24.1","","89.35","","","","-18","","Mostly Cloudy"
"-114.01","51.12","CALGARY INTL A","3031092","2024-12-19 00:00","2024","12","19","00:00","","-14.6","","-17.7","","77","","","","","","0","","24.1","","89.39","","","","","","NA"
"-114.01","51.12","CALGARY INTL A","3031092","2024-12-19 01:00","2024","12","19","01:00","","-14.4","","-17.5","","78","","","","21","","3","","24.1","","89.43","","","","-17","","NA"
"-114.01","51.12","CALGARY INTL A","3031092","2024-12-19 02:00","2024","12","19","02:00","","-14.6","","-17.7","","77","","","","21","","5","","24.1","","89.46","","","","-18","","Clear"
"-114.01","51.12","CALGARY INTL A","3031092","2024-12-19 03:00","2024","12","19","03:00","","-15.0","","-17.7","","80","","","","19","","14","","24.1","","89.48","","","","-23","","NA"
"-114.01","51.12","CALGARY INTL A","3031092","2024-12-19 04:00","2024","12","19","04:00","","-14.4","","-17.4","","78","","","","22","","9","","24.1","","89.54","","","","-20","","NA"
"-114.01","51.12","CALGARY INTL A","3031092","2024-12-19 05:00","2024","12","19","05:00","","-15.1","","-17.8","","80","","","","18","","12","","24.1","","89.54","","","","-22","","Clear"
"-114.01","51.12","CALGARY INTL A","3031092","2024-12-19 06:00","2024","12","19","06:00","","-15.6","","-18.0","","82","","","","18","","14","","24.1","","89.53","","","","-23","","NA"
"-114.01","51.12","CALGARY INTL A","3031092","2024-12-19 07:00","2024","12","19","07:00","","-15.6","","-17.8","","84","","","","19","","11","","24.1","","89.59","","","","-22","","NA"
"-114.01","51.12","CALGARY INTL A","3031092","2024-12-19 08:00","2024","12","19","08:00","","-14.6","","-17.1","","82","","","","20","","10","","24.1","","89.59","","","","-21","","Mainly Clear"
"-114.01","51.12","CALGARY INTL A","3031092","2024-12-19 09:00","2024","12","19","09:00","","-14.7","","-17.2","","81","","","","21","","7","","32.2","","89.55","","","","-19","","NA"
"-114.01","51.12","CALGARY INTL A","3031092","2024-12-19 10:00","2024","12","19","10:00","","-13.2","","-16.2","","78","","","","34","","3","","24.1","","89.59","","","","-15","","NA"
"-114.01","51.12","CALGARY INTL A","3031092","2024-12-19 11:00","2024","12","19","11:00","","-11.2","","-14.5","","77","","","","18","","4","","8.1","","89.59","","","","-14","","Fog"
"-114.01","51.12","CALGARY INTL A","3031092","2024-12-19 12:00","2024","12","19","12:00","","-9.1","","-12.9","","74","","","","19","","8","","24.1","","89.59","","","","-13","","NA"
"-114.01","51.12","CALGARY INTL A","3031092","2024-12-19 13:00","2024","12","19","13:00","","-7.9","","-11.5","","76","","","","","","0","","24.1","","89.56","","","","","","NA"
"-114.01","51.12","CALGARY INTL A","3031092","2024-12-19 14:00","2024","12","19","14:00","","-8.4","","-10.9","","82","","","","6","","17","","8.1","","89.58","","","","-15","","Fog"
"-114.01","51.12","CALGARY INTL A","3031092","2024-12-19 15:00","2024","12","19","15:00","","-12.5","","-15.0","","82","","","","6","","18","","6.4","","89.62","","","","-21","","Fog"
"-114.01","51.12","CALGARY INTL A","3031092","2024-12-19 16:00","2024","12","19","16:00","","-13.7","","-16.1","","82","","","","5","","13","","6.4","","89.69","","","","-21","","Fog"
"-114.01","51.12","CALGARY INTL A","3031092","2024-12-19 17:00","2024","12","19","17:00","","-14.0","","-16.4","","82","","","","7","","10","","9.7","","89.66","","","","-20","","Fog"
"-114.01","51.12","CALGARY INTL A","3031092","2024-12-19 18:00","2024","12","19","18:00","","-13.8","","-16.0","","83","","","","12","","10","","11.3","","89.63","","","","-20","","NA"
"-114.01","51.12","CALGARY INTL A","3031092","2024-12-19 19:00","2024","12","19","19:00","","-13.9","","-16.2","","83","","","","15","","16","","11.3","","89.52","","","","-22","","NA"
"-114.01","51.12","CALGARY INTL A","3031092","2024-12-19 20:00","2024","12","19","20:00","","-13.8","","-16.3","","82","","","","17","","15","","12.9","","89.43","","","","-21","","Mostly Cloudy"
"-114.01","51.12","CALGARY INTL A","3031092","2024-12-19 21:00","2024","12","19","21:00","","-13.2","","-15.3","","84","","","","19","","16","","12.9","","89.29","","","","-21","","NA"
"-114.01","51.12","CALGARY INTL A","3031092","2024-12-19 22:00","2024","12","19","22:00","","-12.6","","-15.0","","83","","","","18","","14","","12.9","","89.16","","","","-20","","NA"
"-114.01","51.12","CALGARY INTL A","3031092","2024-12-19 23:00","2024","12","19","23:00","","-11.9","","-15.0","","78","","","","18","","23","","12.9","","89.03","","","","-21","","Cloudy"
"-114.01","51.12","CALGARY INTL A","3031092","2024-12-20 00:00","2024","12","20","00:00","","-11.9","","-14.4","","82","","","","19","","19","","12.9","","88.86","","","","-20","","NA"
"-114.01","51.12","CALGARY INTL A","3031092","2024-12-20 01:00","2024","12","20","01:00","","-12.3","","-14.8","","82","","","","19","","17","","24.1","","88.80","","","","-20","","NA"
"-114.01","51.12","CALGARY INTL A","3031092","2024-12-20 02:00","2024","12","20","02:00","","-12.1","","-14.2","","84","","","","19","","16","","16.1","","88.71","","","","-20","","Mostly Cloudy"
"-114.01","51.12","CALGARY INTL A","3031092","2024-12-20 03:00","2024","12","20","03:00","","-11.3","","-13.7","","83","","","","17","","7","","16.1","","88.60","","","","-16","","NA"
"-114.01","51.12","CALGARY INTL A","3031092","2024-12-20 04:00","2024","12","20","04:00","","-9.0","","-12.2","","78","","","","22","","26","","16.1","","88.46","","","","-18","","NA"
"-114.01","51.12","CALGARY INTL A","3031092","2024-12-20 05:00","2024","12","20","05:00","","-6.0","","-9.6","","76","","","","21","","13","","16.1","","88.47","","","","-11","","Mostly Cloudy"
"-114.01","51.12","CALGARY INTL A","3031092","2024-12-20 06:00","2024","12","20","06:00","","-4.2","","-8.6","","72","","","","23","","17","","16.1","","88.42","","","","-10","","NA"
"-114.01","51.12","CALGARY INTL A","3031092","2024-12-20 07:00","2024","12","20","07:00","","-1.8","","-5.9","","73","","","","21","","12","","16.1","","88.49","","","","-6","","NA"
"-114.01","51.12","CALGARY INTL A","3031092","2024-12-20 08:00","2024","12","20","08:00","","5.4","","-4.6","","49","","","","28","","22","","24.1","","88.56","","","","","","Mostly Cloudy"
"-114.01","51.12","CALGARY INTL A","3031092","2024-12-20 09:00","2024","12","20","09:00","","6.1","","-4.2","","48","","","","27","","23","","64.4","","88.67","","","","","","NA"
"-114.01","51.12","CALGARY INTL A","3031092","2024-12-20 10:00","2024","12","20","10:00","","6.0","","-3.8","","49","","","","28","","10","","64.4","","88.75","","","","","","NA"
"-114.01","51.12","CALGARY INTL A","3031092","2024-12-20 11:00","2024","12","20","11:00","","9.1","","-3.7","","40","","","","28","","24","","64.4","","88.80","","","","","","Clear"
"-114.01","51.12","CALGARY INTL A","3031092","2024-12-20 12:00","2024","12","20","12:00","","6.4","","-3.0","","51","","","","19","","11","","64.4","","88.81","","","","","","NA"
"-114.01","51.12","CALGARY INTL A","3031092","2024-12-20 13:00","2024","12","20","13:00","","5.0","","-3.8","","53","","","","16","","11","","48.3","","88.84","","","","","","NA"
"-114.01","51.12","CALGARY INTL A","3031092","2024-12-20 14:00","2024","12","20","14:00","","5.1","","-4.4","","50","","","","14","","8","","48.3","","88.85","","","","","","Mainly Clear"
"-114.01","51.12","CALGARY INTL A","3031092","2024-12-20 15:00","2024","12","20","15:00","","2.9","","-4.7","","57","","","","17","","8","","32.2","","88.87","","","","","","NA"
"-114.01","51.12","CALGARY INTL A","3031092","2024-12-20 16:00","2024","12","20","16:00","","2.5","","-5.1","","57","","","","11","","4","","32.2","","88.88","","","","","","NA"
"-114.01","51.12","CALGARY INTL A","3031092","2024-12-20 17:00","2024","12","20","17:00","","1.1","","-4.8","","65","","","","17","","6","","24.1","","88.88","","","","","","Cloudy"
"-114.01","51.12","CALGARY INTL A","3031092","2024-12-20 18:00","2024","12","20","18:00","","-0.1","","-5.7","","66","","","","18","","7","","24.1","","88.89","","","","-3","","NA"
"-114.01","51.12","CALGARY INTL A","3031092","2024-12-20 19:00","2024","12","20","19:00","","-1.9","","-5.5","","76","","","","","","0","","24.1","","88.87","","","","","","NA"
"-114.01","51.12","CALGARY INTL A","3031092","2024-12-20 20:00","2024","12","20","20:00","","-1.6","","-4.8","","79","","","","18","","4","","16.1","","88.82","","","","-3","","Mostly Cloudy"
"-114.01","51.12","CALGARY INTL A","3031092","2024-12-20 21:00","2024","12","20","21:00","","-1.4","","-5.4","","74","","","","20","","7","","24.1","","88.75","","","","-4","","NA"
"-114.01","51.12","CALGARY INTL A","3031092","2024-12-20 22:00","2024","12","20","22:00","","5.9","","-3.5","","51","","","","25","","10","","24.1","","88.67","","","","","","NA"
"-114.01","51.12","CALGARY INTL A","3031092","2024-12-20 23:00","2024","12","20","23:00","","4.7","","-3.6","","55","","","","25","","8","","24.1","","88.71","","","","","","Mostly Cloudy"
"-114.01","51.12","CALGARY INTL A","3031092","2024-12-21 00:00","2024","12","21","00:00","","2.5","","-3.2","","66","","","","22","","4","","24.1","","88.67","","","","","","NA"
"-114.01","51.12","CALGARY INTL A","3031092","2024-12-21 01:00","2024","12","21","01:00","","2.5","","-3.0","","67","","","","21","","3","","24.1","","88.65","","","","","","NA"
"-114.01","51.12","CALGARY INTL A","3031092","2024-12-21 02:00","2024","12","21","02:00","","1.4","","-3.2","","72","","","","6","","4","","16.1","","88.66","","","","","","Cloudy"
"-114.01","51.12","CALGARY INTL A","3031092","2024-12-21 03:00","2024","12","21","03:00","","2.3","","-2.9","","69","","","","22","","5","","24.1","","88.71","","","","","","NA"
"-114.01","51.12","CALGARY INTL A","3031092","2024-12-21 04:00","2024","12","21","04:00","","6.5","","-3.0","","51","","","","26","","13","","24.1","","88.72","","","","","","NA"
"-114.01","51.12","CALGARY INTL A","3031092","2024-12-21 05:00","2024","12","21","05:00","","6.5","","-2.7","","52","","","","28","","14","","24.1","","88.72","","","","","","Clear"
"-114.01","51.12","CALGARY INTL A","3031092","2024-12-21 06:00","2024","12","21","06:00","","6.4","","-3.5","","49","","","","29","","14","","24.1","","88.74","","","","","","NA"
"-114.01","51.12","CALGARY INTL A","3031092","2024-12-21 07:00","2024","12","21","07:00","","1.8","","-3.8","","66","","","","20","","10","","24.1","","88.74","","","","","","NA"
"-114.01","51.12","CALGARY INTL A","3031092","2024-12-21 08:00","2024","12","21","08:00","","0.7","","-4.4","","69","","","","1","","14","","32.2","","88.78","","","","","","Mainly Clear"
"-114.01","51.12","CALGARY INTL A","3031092","2024-12-21 09:00","2024","12","21","09:00","","-0.4","","-4.3","","75","","","","36","","5","","64.4","","88.79","","","","-2","","NA"
"-114.01","51.12","CALGARY INTL A","3031092","2024-12-21 10:00","2024","12","21","10:00","","0.9","","-3.3","","73","","","","21","","4","","64.4","","88.81","","","","","","NA"
"-114.01","51.12","CALGARY INTL A","3031092","2024-12-21 11:00","2024","12","21","11:00","","3.0","","-2.8","","65","","","","21","","14","","64.4","","88.79","","","","","","Mainly Clear"
"-114.01","51.12","CALGARY INTL A","3031092","2024-12-21 12:00","2024","12","21","12:00","","4.7","","-1.6","","64","","","","19","","9","","64.4","","88.64","","","","","","NA"
"-114.01","51.12","CALGARY INTL A","3031092","2024-12-21 13:00","2024","12","21","13:00","","3.4","","-1.8","","69","","","","18","","8","","64.4","","88.56","","","","","","NA"
"-114.01","51.12","CALGARY INTL A","3031092","2024-12-21 14:00","2024","12","21","14:00","","5.1","","-1.1","","64","","","","19","","12","","48.3","","88.49","","","","","","Mostly Cloudy"
"-114.01","51.12","CALGARY INTL A","3031092","2024-12-21 15:00","2024","12","21","15:00","","2.2","","-1.6","","76","","","","20","","10","","48.3","","88.38","","","","","","NA"
"-114.01","51.12","CALGARY INTL A","3031092","2024-12-21 16:00","2024","12","21","16:00","","1.9","","-1.6","","78","","","","19","","5","","48.3","","88.36","","","","","","NA"
"-114.01","51.12","CALGARY INTL A","3031092","2024-12-21 17:00","2024","12","21","17:00","","0.4","","-2.4","","82","","","","15","","10","","24.1","","88.32","","","","","","Mostly Cloudy"
"-114.01","51.12","CALGARY INTL A","3031092","2024-12-21 18:00","2024","12","21","18:00","","-0.6","","-2.6","","86","","","","20","","8","","24.1","","88.27","","","","-3","","NA"
"-114.01","51.12","CALGARY INTL A","3031092","2024-12-21 19:00","2024","12","21","19:00","","-1.8","","-3.0","","91","","","","16","","3","","24.1","","88.21","","","","-3","","NA"
"-114.01","51.12","CALGARY INTL A","3031092","2024-12-21 20:00","2024","12","21","20:00","","-3.3","","-4.2","","93","","","","17","","7","","24.1","","88.13","","","","-6","","Mostly Cloudy"
"-114.01","51.12","CALGARY INTL A","3031092","2024-12-21 21:00","2024","12","21","21:00","","-1.9","","-3.3","","91","","","","25","","5","","24.1","","88.06","","","","-4","","NA"
"-114.01","51.12","CALGARY INTL A","3031092","2024-12-21 22:00","2024","12","21","22:00","","-3.3","","-4.2","","94","","","","19","","9","","24.1","","88.01","","","","-7","","NA"
"-114.01","51.12","CALGARY INTL A","3031092","2024-12-21 23:00","2024","12","21","23:00","","-2.8","","-3.5","","95","","","","22","","8","","24.1","","87.99","","","","-6","","Cloudy"
"-114.01","51.12","CALGARY INTL A","3031092","2024-12-22 00:00","2024","12","22","00:00","","-2.1","","-3.5","","90","","","","22","","3","","24.1","","87.98","","","","-3","","NA"
"-114.01","51.12","CALGARY INTL A","3031092","2024-12-22 01:00","2024","12","22","01:00","","-0.5","","-3.2","","82","","","","14","","7","","16.1","","87.95","","","","-3","","NA"
"-114.01","51.12","CALGARY INTL A","3031092","2024-12-22 02:00","2024","12","22","02:00","","5.3","","0.4","","71","","","","28","","31","","24.1","","87.97","","","","","","Cloudy"
"-114.01","51.12","CALGARY INTL A","3031092","2024-12-22 03:00","2024","12","22","03:00","","5.3","","0.0","","68","","","","30","","21","","24.1","","88.04","","","","","","NA"
"-114.01","51.12","CALGARY INTL A","3031092","2024-12-22 04:00","2024","12","22","04:00","","5.4","","-0.4","","66","","","","31","","22","","24.1","","88.06","","","","","","NA"
"-114.01","51.12","CALGARY INTL A","3031092","2024-12-22 05:00","2024","12","22","05:00","","3.9","","-0.6","","73","","","","34","","17","","24.1","","88.12","","","","","","Cloudy"
"-114.01","51.12","CALGARY INTL A","3031092","2024-12-22 06:00","2024","12","22","06:00","","3.7","","-2.8","","62","","","","33","","27","","24.1","","88.20","","","","","","NA"
"-114.01","51.12","CALGARY INTL A","3031092","2024-12-22 07:00","2024","12","22","07:00","","2.9","","-3.5","","63","","","","33","","19","","24.1","","88.26","","","","","","NA"
"-114.01","51.12","CALGARY INTL A","3031092","2024-12-22 08:00","2024","12","22","08:00","","2.2","","-2.9","","69","","","","33","","22","","32.2","","88.35","","","","","","Mostly Cloudy"
"-114.01","51.12","CALGARY INTL A","3031092","2024-12-22 09:00","2024","12","22","09:00","","1.6","","-2.5","","74","","","","34","","17","","64.4","","88.43","","","","","","NA"
"-114.01","51.12","CALGARY INTL A","3031092","2024-12-22 10:00","2024","12","22","10:00","","3.7","","-1.5","","69","","","","34","","17","","64.4","","88.50","","","","","","NA"
"-114.01","51.12","CALGARY INTL A","3031092","2024-12-22 11:00","2024","12","22","11:00","","4.2","","-1.4","","67","","","","1","","12","","64.4","","88.54","","","","","","Mostly Cloudy"
"-114.01","51.12","CALGARY INTL A","3031092","2024-12-22 12:00","2024","12","22","12:00","","6.1","","-0.1","","64","","","","31","","19","","64.4","","88.52","","","","","","NA"
"-114.01","51.12","CALGARY INTL A","3031092","2024-12-22 13:00","2024","12","22","13:00","","7.8","","-1.4","","52","","","","33","","11","","64.4","","88.48","","","","","","NA"
"-114.01","51.12","CALGARY INTL A","3031092","2024-12-22 14:00","2024","12","22","14:00","","7.6","","0.0","","58","","","","3","","13","","64.4","","88.48","","","","","","Mostly Cloudy"
"-114.01","51.12","CALGARY INTL A","3031092","2024-12-22 15:00","2024","12","22","15:00","","6.3","","-0.1","","64","","","","5","","9","","48.3","","88.50","","","","","","NA"
"-114.01","51.12","CALGARY INTL A","3031092","2024-12-22 16:00","2024","12","22","16:00","","5.3","","-0.3","","67","","","","8","","3","","32.2","","88.54","","","","","","NA"
"-114.01","51.12","CALGARY INTL A","3031092","2024-12-22 17:00","2024","12","22","17:00","","2.2","","-1.9","","74","","","","17","","8","","24.1","","88.56","","","","","","Clear"
"-114.01","51.12","CALGARY INTL A","3031092","2024-12-22 18:00","2024","12","22","18:00","","2.1","","-1.3","","78","","","","21","","9","","24.1","","88.54","","","","","","NA"
"-114.01","51.12","CALGARY INTL A","3031092","2024-12-22 19:00","2024","12","22","19:00","","1.1","","-2.3","","78","","","","20","","7","","24.1","","88.52","","","","","","NA"
"-114.01","51.12","CALGARY INTL A","3031092","2024-12-22 20:00","2024","12","22","20:00","","1.0","","-2.7","","76","","","","19","","10","","24.1","","88.45","","","","","","Mainly Clear"
"-114.01","51.12","CALGARY INTL A","3031092","2024-12-22 21:00","2024","12","22","21:00","","-0.5","","-3.1","","83","","","","21","","7","","24.1","","88.37","","","","-3","","NA"
"-114.01","51.12","CALGARY INTL A","3031092","2024-12-22 22:00","2024","12","22","22:00","","-2.4","","-4.8","","84","","","","18","","12","","24.1","","88.29","","","","-7","","NA"
"-114.01","51.12","CALGARY INTL A","3031092","2024-12-22 23:00","2024","12","22","23:00","","-2.2","","-4.2","","86","","","","19","","7","","24.1","","88.24","","","","-5","","Mainly Clear"
"-114.01","51.12","CALGARY INTL A","3031092","2024-12-23 00:00","2024","12","23","00:00","","-2.5","","-6.8","","72","","","","18","","6","","24.1","","88.22","","","","-5","","NA"
"-114.01","51.12","CALGARY INTL A","3031092","2024-12-23 01:00","2024","12","23","01:00","","-2.6","","-7.2","","71","","","","19","","5","","24.1","","88.17","","","","-5","","NA"
"-114.01","51.12","CALGARY INTL A","3031092","2024-12-23 02:00","2024","12","23","02:00","","-0.7","","-7.0","","62","","","","22","","3","","24.1","","88.14","","","","-2","","Mainly Clear"
"-114.01","51.12","CALGARY INTL A","3031092","2024-12-23 03:00","2024","12","23","03:00","","3.1","","-5.6","","53","","","","31","","3","","24.1","","88.19","","","","","","NA"
"-114.01","51.12","CALGARY INTL A","3031092","2024-12-23 04:00","2024","12","23","04:00","","4.2","","-5.6","","49","","","","23","","10","","24.1","","88.22","","","","","","NA"
"-114.01","51.12","CALGARY INTL A","3031092","2024-12-23 05:00","2024","12","23","05:00","","6.5","","-4.2","","47","","","","26","","14","","24.1","","88.24","","","","","","Mostly Cloudy"
"-114.01","51.12","CALGARY INTL A","3031092","2024-12-23 06:00","2024","12","23","06:00","","7.8","","-4.7","","41","","","","28","","27","","24.1","","88.28","","","","","","NA"
"-114.01","51.12","CALGARY INTL A","3031092","2024-12-23 07:00","2024","12","23","07:00","","6.5","","-4.4","","45","","","","25","","22","","24.1","","88.28","","","","","","NA"
"-114.01","51.12","CALGARY INTL A","3031092","2024-12-23 08:00","2024","12","23","08:00","","6.2","","-4.3","","47","","","","26","","24","","24.1","","88.26","","","","","","Mostly Cloudy"
"-114.01","51.12","CALGARY INTL A","3031092","2024-12-23 09:00","2024","12","23","09:00","","5.5","","-4.1","","50","","","","23","","15","","32.2","","88.36","","","","","","NA"
"-114.01","51.12","CALGARY INTL A","3031092","2024-12-23 10:00","2024","12","23","10:00","","6.8","","-4.2","","45","","","","26","","20","","48.3","","88.37","","","","","","NA"
"-114.01","51.12","CALGARY INTL A","3031092","2024-12-23 11:00","2024","12","23","11:00","","7.2","","-4.4","","43","","","","26","","13","","56.3","","88.41","","","","","","Mostly Cloudy"
"-114.01","51.12","CALGARY INTL A","3031092","2024-12-23 12:00","2024","12","23","12:00","","8.6","","-4.8","","38","","","","30","","16","","64.4","","88.42","","","","","","NA"
"-114.01","51.12","CALGARY INTL A","3031092","2024-12-23 13:00","2024","12","23","13:00","","9.3","","-5.4","","35","","","","29","","15","","56.3","","88.42","","","","","","NA"
"-114.01","51.12","CALGARY INTL A","3031092","2024-12-23 14:00","2024","12","23","14:00","","9.2","","-5.7","","34","","","","29","","30","","64.4","","88.47","","","","","","Mainly Clear"
"-114.01","51.12","CALGARY INTL A","3031092","2024-12-23 15:00","2024","12","23","15:00","","8.9","","-6.4","","33","","","","29","","21","","64.4","","88.49","","","","","","NA"
"-114.01","51.12","CALGARY INTL A","3031092","2024-12-23 16:00","2024","12","23","16:00","","8.2","","-6.3","","35","","","","29","","16","","64.4","","88.61","","","","","","NA"
"-114.01","51.12","CALGARY INTL A","3031092","2024-12-23 17:00","2024","12","23","17:00","","6.3","","-6.6","","39","","","","31","","4","","64.4","","88.76","","","","","","Clear"
"-114.01","51.12","CALGARY INTL A","3031092","2024-12-23 18:00","2024","12","23","18:00","","4.1","","-7.0","","44","","","","31","","10","","24.1","","88.86","","","","","","NA"
"-114.01","51.12","CALGARY INTL A","3031092","2024-12-23 19:00","2024","12","23","19:00","","5.3","","-7.4","","40","","","","28","","13","","24.1","","88.88","","","","","","NA"
"-114.01","51.12","CALGARY INTL A","3031092","2024-12-23 20:00","2024","12","23","20:00","","5.7","","-7.7","","38","","","","28","","15","","24.1","","88.87","","","","","","Clear"
"-114.01","51.12","CALGARY INTL A","3031092","2024-12-23 21:00","2024","12","23","21:00","","2.9","","-6.9","","49","","","","23","","9","","24.1","","88.84","","","","","","NA"
"-114.01","51.12","CALGARY INTL A","3031092","2024-12-23 22:00","2024","12","23","22:00","","0.8","","-7.1","","55","","","","20","","15","","24.1","","88.87","","","","","","NA"
"-114.01","51.12","CALGARY INTL A","3031092","2024-12-23 23:00","2024","12","23","23:00","","3.1","","-7.9","","44","","","","23","","7","","24.1","","88.89","","","","","","Mainly Clear"
"-114.01","51.12","CALGARY INTL A","3031092","2024-12-24 00:00","2024","12","24","00:00","","1.2","","-7.7","","52","","","","21","","11","","24.1","","88.84","","","","","","NA"
"-114.01","51.12","CALGARY INTL A","3031092","2024-12-24 01:00","2024","12","24","01:00","","-0.6","","-7.1","","62","","","","","","0","","24.1","","88.71","","","","","","NA"
"-114.01","51.12","CALGARY INTL A","3031092","2024-12-24 02:00","2024","12","24","02:00","","-1.1","","-6.3","","68","","","","16","","12","","24.1","","88.66","","","","-5","","Mostly Cloudy"
"-114.01","51.12","CALGARY INTL A","3031092","2024-12-24 03:00","2024","12","24","03:00","","-0.9","","-6.2","","67","","","","22","","16","","24.1","","88.62","","","","-6","","NA"
"-114.01","51.12","CALGARY INTL A","3031092","2024-12-24 04:00","2024","12","24","04:00","","-2.0","","-7.2","","68","","","","13","","10","","24.1","","88.50","","","","-6","","NA"
"-114.01","51.12","CALGARY INTL A","3031092","2024-12-24 05:00","2024","12","24","05:00","","-2.3","","-6.9","","71","","","","16","","3","","24.1","","88.30","","","","-3","","Mostly Cloudy"
"-114.01","51.12","CALGARY INTL A","3031092","2024-12-24 06:00","2024","12","24","06:00","","-1.8","","-6.2","","72","","","","18","","13","","24.1","","88.18","","","","-6","","NA"
"-114.01","51.12","CALGARY INTL A","3031092","2024-12-24 07:00","2024","12","24","07:00","","-0.7","","-6.3","","66","","","","18","","8","","24.1","","88.10","","","","-4","","NA"
"-114.01","51.12","CALGARY INTL A","3031092","2024-12-24 08:00","2024","12","24","08:00","","0.3","","-5.8","","63","","","","19","","8","","24.1","","87.97","","","","","","Mostly Cloudy"
"-114.01","51.12","CALGARY INTL A","3031092","2024-12-24 09:00","2024","12","24","09:00","","1.7","","-4.6","","63","","","","19","","6","","64.4","","87.88","","","","","","NA"
"-114.01","51.12","CALGARY INTL A","3031092","2024-12-24 10:00","2024","12","24","10:00","","4.2","","-2.9","","60","","","","20","","12","","64.4","","87.82","","","","","","NA"
"-114.01","51.12","CALGARY INTL A","3031092","2024-12-24 11:00","2024","12","24","11:00","","5.8","","-2.2","","56","","","","19","","20","","64.4","","87.68","","","","","","Mostly Cloudy"
"-114.01","51.12","CALGARY INTL A","3031092","2024-12-24 12:00","2024","12","24","12:00","","6.4","","-2.1","","54","","","","19","","18","","64.4","","87.55","","","","","","NA"
"-114.01","51.12","CALGARY INTL A","3031092","2024-12-24 13:00","2024","12","24","13:00","","7.9","","-1.8","","51","","","","19","","28","","64.4","","87.50","","","","","","NA"
"-114.01","51.12","CALGARY INTL A","3031092","2024-12-24 14:00","2024","12","24","14:00","","9.2","","-2.7","","43","","","","21","","10","","64.4","","87.44","","","","","","Mostly Cloudy"
"-114.01","51.12","CALGARY INTL A","3031092","2024-12-24 15:00","2024","12","24","15:00","","9.0","","-2.5","","44","","","","23","","12","","64.4","","87.45","","","","","","NA"
"-114.01","51.12","CALGARY INTL A","3031092","2024-12-24 16:00","2024","12","24","16:00","","8.9","","-2.5","","45","","","","24","","5","","64.4","","87.54","","","","","","NA"
"-114.01","51.12","CALGARY INTL A","3031092","2024-12-24 17:00","2024","12","24","17:00","","9.1","","-5.6","","35","","","","28","","23","","64.4","","87.59","","","","","","Mostly Cloudy"
"-114.01","51.12","CALGARY INTL A","3031092","2024-12-24 18:00","2024","12","24","18:00","","7.9","","-6.0","","37","","","","28","","25","","24.1","","87.66","","","","","","NA"
"-114.01","51.12","CALGARY INTL A","3031092","2024-12-24 19:00","2024","12","24","19:00","","6.1","","-6.0","","41","","","","26","","14","","24.1","","87.67","","","","","","NA"
"-114.01","51.12","CALGARY INTL A","3031092","2024-12-24 20:00","2024","12","24","20:00","","5.7","","-7.8","","37","","","","26","","15","","24.1","","87.71","","","","","","Mainly Clear"
"-114.01","51.12","CALGARY INTL A","3031092","2024-12-24 21:00","2024","12","24","21:00","","3.2","","-7.8","","44","","","","22","","8","","24.1","","87.66","","","","","","NA"
"-114.01","51.12","CALGARY INTL A","3031092","2024-12-24 22:00","2024","12","24","22:00","","3.3","","-8.3","","42","","","","24","","9","","24.1","","87.69","","","","","","NA"
"-114.01","51.12","CALGARY INTL A","3031092","2024-12-24 23:00","2024","12","24","23:00","","4.3","","-10.8","","33","","","","26","","9","","24.1","","87.67","","","","","","Mostly Cloudy"
"-114.01","51.12","CALGARY INTL A","3031092","2024-12-25 00:00","2024","12","25","00:00","","4.8","","-11.9","","29","","","","23","","21","","24.1","","87.72","","","","","","NA"
"-114.01","51.12","CALGARY INTL A","3031092","2024-12-25 01:00","2024","12","25","01:00","","3.6","","-10.9","","34","","","","24","","14","","24.1","","87.67","","","","","","NA"
"-114.01","51.12","CALGARY INTL A","3031092","2024-12-25 02:00","2024","12","25","02:00","","3.5","","-10.3","","36","","","","28","","16","","24.1","","87.72","","","","","","Clear"
"-114.01","51.12","CALGARY INTL A","3031092","2024-12-25 03:00","2024","12","25","03:00","","4.3","","-10.3","","34","","","","28","","32","","24.1","","87.80","","","","","","NA"
"-114.01","51.12","CALGARY INTL A","3031092","2024-12-25 04:00","2024","12","25","04:00","","3.8","","-10.3","","35","","","","29","","27","","24.1","","87.91","","","","","","NA"
"-114.01","51.12","CALGARY INTL A","3031092","2024-12-25 05:00","2024","12","25","05:00","","3.9","","-10.8","","34","","","","28","","26","","24.1","","87.98","","","","","","Clear"
"-114.01","51.12","CALGARY INTL A","3031092","2024-12-25 06:00","2024","12","25","06:00","","4.0","","-11.3","","32","","","","28","","31","","24.1","","88.03","","","","","","NA"
"-114.01","51.12","CALGARY INTL A","3031092","2024-12-25 07:00","2024","12","25","07:00","","3.3","","-10.8","","35","","","","27","","24","","24.1","","88.05","","","","","","NA"
"-114.01","51.12","CALGARY INTL A","3031092","2024-12-25 08:00","2024","12","25","08:00","","2.1","","-10.8","","38","","","","22","","5","","64.4","","88.08","","","","","","Clear"
"-114.01","51.12","CALGARY INTL A","3031092","2024-12-25 09:00","2024","12","25","09:00","","2.9","","-11.1","","35","","","","23","","11","","64.4","","88.10","","","","","","NA"
"-114.01","51.12","CALGARY INTL A","3031092","2024-12-25 10:00","2024","12","25","10:00","","2.4","","-10.9","","37","","","","24","","8","","64.4","","88.12","","","","","","NA"
"-114.01","51.12","CALGARY INTL A","3031092","2024-12-25 11:00","2024","12","25","11:00","","2.4","","-9.5","","41","","","","18","","12","","64.4","","88.10","","","","","","Mainly Clear"
"-114.01","51.12","CALGARY INTL A","3031092","2024-12-25 12:00","2024","12","25","12:00","","4.5","","-9.9","","34","","","","19","","11","","64.4","","88.07","","","","","","NA"
"-114.01","51.12","CALGARY INTL A","3031092","2024-12-25 13:00","2024","12","25","13:00","","5.6","","-10.8","","30","","","","21","","6","","64.4","","87.98","","","","","","NA"
"-114.01","51.12","CALGARY INTL A","3031092","2024-12-25 14:00","2024","12","25","14:00","","5.8","","-14.3","","22","","","","28","","23","","64.4","","87.90","","","","","","Mainly Clear"
"-114.01","51.12","CALGARY INTL A","3031092","2024-12-25 15:00","2024","12","25","15:00","","4.9","","-13.7","","25","","","","27","","6","","64.4","","87.86","","","","","","NA"
"-114.01","51.12","CALGARY INTL A","3031092","2024-12-25 16:00","2024","12","25","16:00","","3.5","","-13.3","","28","","","","31","","8","","64.4","","87.83","","","","","","NA"
"-114.01","51.12","CALGARY INTL A","3031092","2024-12-25 17:00","2024","12","25","17:00","","1.0","","-9.8","","45","","","","15","","9","","64.4","","87.82","","","","","","Mostly Cloudy"
"-114.01","51.12","CALGARY INTL A","3031092","2024-12-25 18:00","2024","12","25","18:00","","3.2","","-12.9","","30","","","","28","","9","","24.1","","87.78","","","","","","NA"
"-114.01","51.12","CALGARY INTL A","3031092","2024-12-25 19:00","2024","12","25","19:00","","3.1","","-12.9","","30","","","","27","","11","","24.1","","87.69","","","","","","NA"
"-114.01","51.12","CALGARY INTL A","3031092","2024-12-25 20:00","2024","12","25","20:00","","2.4","","-12.2","","33","","","","22","","8","","24.1","","87.60","","","","","","Mostly Cloudy"
"-114.01","51.12","CALGARY INTL A","3031092","2024-12-25 21:00","2024","12","25","21:00","","0.5","","-9.6","","47","","","","20","","6","","24.1","","87.54","","","","","","NA"
"-114.01","51.12","CALGARY INTL A","3031092","2024-12-25 22:00","2024","12","25","22:00","","0.7","","-9.6","","46","","","","21","","13","","24.1","","87.42","","","","","","NA"
"-114.01","51.12","CALGARY INTL A","3031092","2024-12-25 23:00","2024","12","25","23:00","","-0.9","","-10.1","","50","","","","18","","7","","24.1","","87.41","","","","-3","","Mainly Clear"
"-114.01","51.12","CALGARY INTL A","3031092","2024-12-26 00:00","2024","12","26","00:00","","-3.3","","-9.7","","61","","","","14","","7","","24.1","","87.41","","","","-6","","NA"
"-114.01","51.12","CALGARY INTL A","3031092","2024-12-26 01:00","2024","12","26","01:00","","-1.2","","-9.2","","55","","","","25","","3","","24.1","","87.33","","","","-2","","NA"
"-114.01","51.12","CALGARY INTL A","3031092","2024-12-26 02:00","2024","12","26","02:00","","-3.1","","-8.9","","65","","","","26","","5","","24.1","","87.30","","","","-5","","Mostly Cloudy"
"-114.01","51.12","CALGARY INTL A","3031092","2024-12-26 03:00","2024","12","26","03:00","","-2.7","","-9.0","","62","","","","28","","5","","24.1","","87.29","","","","-5","","NA"
"-114.01","51.12","CALGARY INTL A","3031092","2024-12-26 04:00","2024","12","26","04:00","","-1.5","","-9.2","","56","","","","23","","8","","24.1","","87.25","","","","-5","","NA"
"-114.01","51.12","CALGARY INTL A","3031092","2024-12-26 05:00","2024","12","26","05:00","","-0.5","","-9.6","","51","","","","23","","11","","24.1","","87.20","","","","-4","","Mostly Cloudy"
"-114.01","51.12","CALGARY INTL A","3031092","2024-12-26 06:00","2024","12","26","06:00","","-0.9","","-9.4","","53","","","","24","","9","","24.1","","87.15","","","","-4","","NA"
"-114.01","51.12","CALGARY INTL A","3031092","2024-12-26 07:00","2024","12","26","07:00","","-2.9","","-9.1","","63","","","","","","0","","24.1","","87.10","","","","","","NA"
"-114.01","51.12","CALGARY INTL A","3031092","2024-12-26 08:00","2024","12","26","08:00","","-1.4","","-8.8","","57","","","","23","","11","","24.1","","87.10","","","","-5","","Cloudy"
"-114.01","51.12","CALGARY INTL A","3031092","2024-12-26 09:00","2024","12","26","09:00","","-1.1","","-8.7","","56","","","","15","","3","","32.2","","87.12","","","","-2","","NA"
"-114.01","51.12","CALGARY INTL A","3031092","2024-12-26 10:00","2024","12","26","10:00","","-1.3","","-7.3","","64","","","","","","0","","32.2","","87.05","","","","","","NA"
"-114.01","51.12","CALGARY INTL A","3031092","2024-12-26 11:00","2024","12","26","11:00","","0.3","","-7.7","","55","","","","22","","14","","64.4","","87.05","","","","","","Cloudy"
"-114.01","51.12","CALGARY INTL A","3031092","2024-12-26 12:00","2024","12","26","12:00","","0.7","","-7.2","","55","","","","21","","8","","64.4","","87.00","","","","","","NA"
"-114.01","51.12","CALGARY INTL A","3031092","2024-12-26 13:00","2024","12","26","13:00","","2.0","","-7.7","","49","","","","26","","5","","64.4","","86.96","","","","","","NA"
"-114.01","51.12","CALGARY INTL A","3031092","2024-12-26 14:00","2024","12","26","14:00","","2.3","","-6.6","","52","","","","21","","7","","64.4","","86.89","","","","","","Cloudy"
"-114.01","51.12","CALGARY INTL A","3031092","2024-12-26 15:00","2024","12","26","15:00","","2.3","","-5.8","","55","","","","20","","9","","64.4","","86.91","","","","","","NA"
"-114.01","51.12","CALGARY INTL A","3031092","2024-12-26 16:00","2024","12","26","16:00","","1.9","","-6.6","","54","","","","19","","6","","64.4","","86.95","","","","","","NA"
"-114.01","51.12","CALGARY INTL A","3031092","2024-12-26 17:00","2024","12","26","17:00","","2.2","","-5.6","","56","","","","24","","6","","24.1","","86.93","","","","","","Mostly Cloudy"
"-114.01","51.12","CALGARY INTL A","3031092","2024-12-26 18:00","2024","12","26","18:00","","3.3","","-5.9","","51","","","","23","","10","","24.1","","86.95","","","","","","NA"
"-114.01","51.12","CALGARY INTL A","3031092","2024-12-26 19:00","2024","12","26","19:00","","2.7","","-6.2","","52","","","","22","","9","","24.1","","86.94","","","","","","NA"
"-114.01","51.12","CALGARY INTL A","3031092","2024-12-26 20:00","2024","12","26","20:00","","3.0","","-6.0","","52","","","","24","","11","","24.1","","86.93","","","","","","Mostly Cloudy"
"-114.01","51.12","CALGARY INTL A","3031092","2024-12-26 21:00","2024","12","26","21:00","","4.7","","-6.8","","43","","","","27","","21","","24.1","","86.92","","","","","","NA"
"-114.01","51.12","CALGARY INTL A","3031092","2024-12-26 22:00","2024","12","26","22:00","","4.3","","-6.9","","44","","","","28","","28","","24.1","","86.94","","","","","","NA"
"-114.01","51.12","CALGARY INTL A","3031092","2024-12-26 23:00","2024","12","26","23:00","","4.7","","-7.0","","42","","","","29","","30","","24.1","","86.97","","","","","","Mostly Cloudy"
"-114.01","51.12","CALGARY INTL A","3031092","2024-12-27 00:00","2024","12","27","00:00","","4.6","","-7.3","","42","","","","28","","27","","24.1","","86.99","","","","","","NA"
"-114.01","51.12","CALGARY INTL A","3031092","2024-12-27 01:00","2024","12","27","01:00","","5.0","","-7.7","","39","","","","27","","24","","24.1","","87.01","","","","","","NA"
"-114.01","51.12","CALGARY INTL A","3031092","2024-12-27 02:00","2024","12","27","02:00","","3.7","","-7.7","","43","","","","28","","21","","24.1","","87.03","","","","","","Mostly Cloudy"
"-114.01","51.12","CALGARY INTL A","3031092","2024-12-27 03:00","2024","12","27","03:00","","3.8","","-7.6","","43","","","","29","","26","","24.1","","87.07","","","","","","NA"
"-114.01","51.12","CALGARY INTL A","3031092","2024-12-27 04:00","2024","12","27","04:00","","4.1","","-7.8","","42","","","","29","","25","","24.1","","87.09","","","","","","NA"
"-114.01","51.12","CALGARY INTL A","3031092","2024-12-27 05:00","2024","12","27","05:00","","3.8","","-7.8","","43","","","","30","","19","","24.1","","87.11","","","","","","Mostly Cloudy"
"-114.01","51.12","CALGARY INTL A","3031092","2024-12-27 06:00","2024","12","27","06:00","","-0.2","","-6.9","","61","","","","2","","17","","24.1","","87.13","","","","-5","","NA"
"-114.01","51.12","CALGARY INTL A","3031092","2024-12-27 07:00","2024","12","27","07:00","","-1.6","","-8.0","","62","","","","2","","11","","24.1","","87.19","","","","-5","","NA"
"-114.01","51.12","CALGARY INTL A","3031092","2024-12-27 08:00","2024","12","27","08:00","","-3.0","","-8.1","","68","","","","1","","9","","32.2","","87.22","","","","-7","","Mostly Cloudy"
"-114.01","51.12","CALGARY INTL A","3031092","2024-12-27 09:00","2024","12","27","09:00","","-1.8","","-7.9","","63","","","","","","0","","64.4","","87.24","","","","","","NA"
"-114.01","51.12","CALGARY INTL A","3031092","2024-12-27 10:00","2024","12","27","10:00","","0.0","","-7.0","","59","","","","1","","6","","64.4","","87.30","","","","-2","","NA"
"-114.01","51.12","CALGARY INTL A","3031092","2024-12-27 11:00","2024","12","27","11:00","","2.9","","-6.9","","49","","","","8","","5","","64.4","","87.33","","","","","","Mostly Cloudy"
"-114.01","51.12","CALGARY INTL A","3031092","2024-12-27 12:00","2024","12","27","12:00","","5.0","","-7.5","","40","","","","36","","10","","48.3","","87.34","","","","","","NA"
"-114.01","51.12","CALGARY INTL A","3031092","2024-12-27 13:00","2024","12","27","13:00","","5.5","","-8.3","","36","","","","33","","11","","48.3","","87.35","","","","","","NA"
"-114.01","51.12","CALGARY INTL A","3031092","2024-12-27 14:00","2024","12","27","14:00","","6.0","","-9.9","","31","","","","28","","24","","48.3","","87.36","","","","","","Clear"
"-114.01","51.12","CALGARY INTL A","3031092","2024-12-27 15:00","2024","12","27","15:00","","5.8","","-9.8","","32","","","","28","","23","","32.2","","87.39","","","","","","NA"
"-114.01","51.12","CALGARY INTL A","3031092","2024-12-27 16:00","2024","12","27","16:00","","4.7","","-10.1","","34","","","","28","","20","","32.2","","87.44","","","","","","NA"
"-114.01","51.12","CALGARY INTL A","3031092","2024-12-27 17:00","2024","12","27","17:00","","1.5","","-9.3","","45","","","","35","","5","","24.1","","87.45","","","","","","Mainly Clear"
"-114.01","51.12","CALGARY INTL A","3031092","2024-12-27 18:00","2024","12","27","18:00","","1.8","","-10.0","","41","","","","36","","5","","24.1","","87.46","","","","","","NA"
"-114.01","51.12","CALGARY INTL A","3031092","2024-12-27 19:00","2024","12","27","19:00","","-2.1","","-7.0","","70","","","","17","","13","","24.1","","87.51","","","","-7","","NA"
"-114.01","51.12","CALGARY INTL A","3031092","2024-12-27 20:00","2024","12","27","20:00","","-1.6","","-6.9","","68","","","","17","","8","","24.1","","87.59","","","","-5","","Clear"
"-114.01","51.12","CALGARY INTL A","3031092","2024-12-27 21:00","2024","12","27","21:00","","-3.2","","-8.8","","65","","","","","","0","","24.1","","87.59","","","","","","NA"
"-114.01","51.12","CALGARY INTL A","3031092","2024-12-27 22:00","2024","12","27","22:00","","-4.4","","-8.5","","74","","","","31","","3","","24.1","","87.54","","","","-6","","NA"
"-114.01","51.12","CALGARY INTL A","3031092","2024-12-27 23:00","2024","12","27","23:00","","-3.9","","-8.0","","73","","","","15","","4","","24.1","","87.57","","","","-6","","Clear"
"-114.01","51.12","CALGARY INTL A","3031092","2024-12-28 00:00","2024","12","28","00:00","","-4.7","","-8.2","","77","","","","19","","8","","24.1","","87.56","","","","-8","","NA"
"-114.01","51.12","CALGARY INTL A","3031092","2024-12-28 01:00","2024","12","28","01:00"
"-114.01","51.12","CALGARY INTL A","3031092","2024-12-28 02:00","2024","12","28","02:00","","-3.5","","-9.9","","61","","","","24","","6","","24.1","","87.50","","","","-6","","Clear"
"-114.01","51.12","CALGARY INTL A","3031092","2024-12-28 03:00","2024","12","28","03:00","","-3.1","","-10.7","","56","","","","24","","8","","24.1","","87.51","","","","-6","","NA"
"-114.01","51.12","CALGARY INTL A","3031092","2024-12-28 04:00","2024","12","28","04:00","","-4.8","","-12.0","","57","","","","27","","5","","24.1","","87.44","","","","-7","","NA"
"-114.01","51.12","CALGARY INTL A","3031092","2024-12-28 05:00","2024","12","28","05:00","","-3.5","","-10.7","","57","","","","25","","10","","24.1","","87.43","","","","-7","","Mostly Cloudy"
"-114.01","51.12","CALGARY INTL A","3031092","2024-12-28 06:00","2024","12","28","06:00","","-5.5","","-11.3","","64","","","","29","","6","","24.1","","87.43","","","","-8","","NA"
"-114.01","51.12","CALGARY INTL A","3031092","2024-12-28 07:00","2024","12","28","07:00","","-5.2","","-10.4","","67","","","","20","","3","","24.1","","87.45","","","","-7","","NA"
"-114.01","51.12","CALGARY INTL A","3031092","2024-12-28 08:00","2024","12","28","08:00","","-3.1","","-10.2","","58","","","","28","","11","","24.1","","87.48","","","","-7","","Mostly Cloudy"
"-114.01","51.12","CALGARY INTL A","3031092","2024-12-28 09:00","2024","12","28","09:00","","-3.1","","-10.1","","59","","","","27","","7","","64.4","","87.50","","","","-6","","NA"
"-114.01","51.12","CALGARY INTL A","3031092","2024-12-28 10:00","2024","12","28","10:00","","-3.9","","-8.6","","70","","","","12","","5","","64.4","","87.54","","","","-6","","NA"
"-114.01","51.12","CALGARY INTL A","3031092","2024-12-28 11:00","2024","12","28","11:00","","-1.1","","-7.5","","62","","","","21","","4","","64.4","","87.57","","","","-2","","Mostly Cloudy"
"-114.01","51.12","CALGARY INTL A","3031092","2024-12-28 12:00","2024","12","28","12:00","","0.1","","-6.9","","60","","","","20","","4","","64.4","","87.56","","","","","","NA"
"-114.01","51.12","CALGARY INTL A","3031092","2024-12-28 13:00","2024","12","28","13:00","","0.2","","-7.0","","58","","","","23","","3","","64.4","","87.55","","","","","","NA"
"-114.01","51.12","CALGARY INTL A","3031092","2024-12-28 14:00","2024","12","28","14:00","","0.5","","-5.9","","62","","","","3","","7","","64.4","","87.57","","","","","","Mostly Cloudy"
"-114.01","51.12","CALGARY INTL A","3031092","2024-12-28 15:00","2024","12","28","15:00","","0.8","","-6.0","","61","","","","","","0","","56.3","","87.62","","","","","","NA"
"-114.01","51.12","CALGARY INTL A","3031092","2024-12-28 16:00","2024","12","28","16:00","","0.7","","-5.9","","61","","","","11","","3","","32.2","","87.69","","","","","","NA"
"-114.01","51.12","CALGARY INTL A","3031092","2024-12-28 17:00","2024","12","28","17:00","","-2.8","","-6.9","","73","","","","5","","7","","32.2","","87.74","","","","-6","","Mostly Cloudy"
"-114.01","51.12","CALGARY INTL A","3031092","2024-12-28 18:00","2024","12","28","18:00","","-2.9","","-7.2","","72","","","","32","","9","","24.1","","87.81","","","","-6","","NA"
"-114.01","51.12","CALGARY INTL A","3031092","2024-12-28 19:00","2024","12","28","19:00","","-4.3","","-8.4","","73","","","","6","","7","","24.1","","87.84","","","","-7","","NA"
"-114.01","51.12","CALGARY INTL A","3031092","2024-12-28 20:00","2024","12","28","20:00","","-4.9","","-8.4","","76","","","","33","","5","","24.1","","87.89","","","","-7","","Mostly Cloudy"
"-114.01","51.12","CALGARY INTL A","3031092","2024-12-28 21:00","2024","12","28","21:00","","-5.7","","-9.3","","76","","","","34","","8","","24.1","","87.91","","","","-9","","NA"
"-114.01","51.12","CALGARY INTL A","3031092","2024-12-28 22:00","2024","12","28","22:00","","-8.0","","-10.6","","82","","","","35","","5","","24.1","","87.96","","","","-11","","NA"
"-114.01","51.12","CALGARY INTL A","3031092","2024-12-28 23:00","2024","12","28","23:00","","-6.8","","-10.6","","74","","","","12","","4","","24.1","","88.01","","","","-9","","Mostly Cloudy"
"-114.01","51.12","CALGARY INTL A","3031092","2024-12-29 00:00","2024","12","29","00:00","","-7.8","","-11.2","","76","","","","35","","4","","24.1","","88.00","","","","-10","","NA"
"-114.01","51.12","CALGARY INTL A","3031092","2024-12-29 01:00","2024","12","29","01:00","","-7.8","","-11.0","","78","","","","","","0","","24.1","","88.02","","","","","","NA"
"-114.01","51.12","CALGARY INTL A","3031092","2024-12-29 02:00","2024","12","29","02:00","","-7.7","","-11.2","","76","","","","34","","4","","24.1","","88.03","","","","-10","","Mostly Cloudy"
"-114.01","51.12","CALGARY INTL A","3031092","2024-12-29 03:00","2024","12","29","03:00","","-8.2","","-11.4","","78","","","","6","","3","","24.1","","88.04","","","","-10","","NA"
"-114.01","51.12","CALGARY INTL A","3031092","2024-12-29 04:00","2024","12","29","04:00","","-8.2","","-11.7","","76","","","","34","","8","","24.1","","88.01","","","","-12","","NA"
"-114.01","51.12","CALGARY INTL A","3031092","2024-12-29 05:00","2024","12","29","05:00","","-8.6","","-12.1","","76","","","","32","","5","","24.1","","87.99","","","","-11","","Mainly Clear"
"-114.01","51.12","CALGARY INTL A","3031092","2024-12-29 06:00","2024","12","29","06:00","","-9.6","","-12.6","","79","","","","","","0","","24.1","","87.97","","","","","","NA"
"-114.01","51.12","CALGARY INTL A","3031092","2024-12-29 07:00","2024","12","29","07:00","","-8.7","","-11.4","","80","","","","34","","7","","24.1","","87.98","","","","-13","","NA"
"-114.01","51.12","CALGARY INTL A","3031092","2024-12-29 08:00","2024","12","29","08:00","","-8.9","","-11.7","","80","","","","35","","7","","24.1","","87.96","","","","-13","","Mostly Cloudy"
"-114.01","51.12","CALGARY INTL A","3031092","2024-12-29 09:00","2024","12","29","09:00","","-9.2","","-11.9","","81","","","","35","","10","","64.4","","87.97","","","","-14","","NA"
"-114.01","51.12","CALGARY INTL A","3031092","2024-12-29 10:00","2024","12","29","10:00","","-6.7","","-10.0","","78","","","","35","","9","","64.4","","87.97","","","","-11","","NA"
"-114.01","51.12","CALGARY INTL A","3031092","2024-12-29 11:00","2024","12","29","11:00","","-3.4","","-10.0","","60","","","","35","","5","","64.4","","88.02","","","","-5","","Mainly Clear"
"-114.01","51.12","CALGARY INTL A","3031092","2024-12-29 12:00","2024","12","29","12:00","","-1.7","","-9.8","","54","","","","36","","3","","64.4","","88.03","","","","-3","","NA"
"-114.01","51.12","CALGARY INTL A","3031092","2024-12-29 13:00","2024","12","29","13:00","","-0.7","","-10.2","","49","","","","","","0","","64.4","","87.99","","","","","","NA"
"-114.01","51.12","CALGARY INTL A","3031092","2024-12-29 14:00","2024","12","29","14:00","","-1.0","","-10.5","","49","","","","17","","5","","64.4","","87.98","","","","-3","","Mostly Cloudy"
"-114.01","51.12","CALGARY INTL A","3031092","2024-12-29 15:00","2024","12","29","15:00","","-1.8","","-10.3","","53","","","","","","0","","64.4","","88.00","","","","","","NA"
"-114.01","51.12","CALGARY INTL A","3031092","2024-12-29 16:00","2024","12","29","16:00","","-1.8","","-10.4","","52","","","","","","0","","40.2","","88.05","","","","","","NA"
"-114.01","51.12","CALGARY INTL A","3031092","2024-12-29 17:00","2024","12","29","17:00","","-4.7","","-8.8","","73","","","","9","","6","","24.1","","88.12","","","","-7","","Mostly Cloudy"
"-114.01","51.12","CALGARY INTL A","3031092","2024-12-29 18:00","2024","12","29","18:00","","-4.4","","-7.5","","79","","","","","","0","","24.1","","88.19","","","","","","NA"
"-114.01","51.12","CALGARY INTL A","3031092","2024-12-29 19:00","2024","12","29","19:00","","-6.0","","-9.1","","79","","","","3","","10","","24.1","","88.26","","","","-10","","NA"
"-114.01","51.12","CALGARY INTL A","3031092","2024-12-29 20:00","2024","12","29","20:00","","-4.7","","-8.0","","78","","","","","","0","","16.1","","88.31","","","","","","Cloudy"
"-114.01","51.12","CALGARY INTL A","3031092","2024-12-29 21:00","2024","12","29","21:00","","-4.4","","-7.6","","78","","","","2","","10","","16.1","","88.39","","","","-9","","NA"
"-114.01","51.12","CALGARY INTL A","3031092","2024-12-29 22:00","2024","12","29","22:00","","-3.6","","-7.5","","74","","","","25","","4","","16.1","","88.47","","","","-5","","NA"
"-114.01","51.12","CALGARY INTL A","3031092","2024-12-29 23:00","2024","12","29","23:00","","-4.0","","-5.5","","89","","","","35","","6","","2.0","","88.57","","","","-7","","Snow,Fog"
"-114.01","51.12","CALGARY INTL A","3031092","2024-12-30 00:00","2024","12","30","00:00","","-3.9","","-6.0","","85","","","","1","","8","","4.0","","88.64","","","","-7","","Snow,Fog"
"-114.01","51.12","CALGARY INTL A","3031092","2024-12-30 01:00","2024","12","30","01:00","","-4.5","","-6.6","","85","","","","35","","9","","6.4","","88.72","","","","-8","","Snow,Fog"
"-114.01","51.12","CALGARY INTL A","3031092","2024-12-30 02:00","2024","12","30","02:00","","-5.1","","-5.9","","94","","","","2","","4","","6.4","","88.78","","","","-7","","Snow,Fog"
"-114.01","51.12","CALGARY INTL A","3031092","2024-12-30 03:00","2024","12","30","03:00","","-4.6","","-5.2","","96","","","","","","0","","6.4","","88.86","","","","","","Snow,Fog"
"-114.01","51.12","CALGARY INTL A","3031092","2024-12-30 04:00","2024","12","30","04:00","","-4.6","","-5.5","","94","","","","32","","3","","12.9","","88.93","","","","-6","","NA"
"-114.01","51.12","CALGARY INTL A","3031092","2024-12-30 05:00","2024","12","30","05:00","","-4.3","","-5.6","","91","","","","31","","5","","12.9","","88.99","","","","-6","","Cloudy"
"-114.01","51.12","CALGARY INTL A","3031092","2024-12-30 06:00","2024","12","30","06:00","","-4.2","","-6.1","","87","","","","34","","8","","12.9","","89.04","","","","-8","","NA"
"-114.01","51.12","CALGARY INTL A","3031092","2024-12-30 07:00","2024","12","30","07:00","","-4.2","","-6.2","","87","","","","35","","13","","12.9","","89.13","","","","-9","","Snow"
"-114.01","51.12","CALGARY INTL A","3031092","2024-12-30 08:00","2024","12","30","08:00","","-4.7","","-6.6","","87","","","","35","","13","","19.3","","89.19","","","","-10","","Snow"
"-114.01","51.12","CALGARY INTL A","3031092","2024-12-30 09:00","2024","12","30","09:00","","-5.1","","-6.7","","88","","","","35","","11","","24.1","","89.25","","","","-10","","NA"
"-114.01","51.12","CALGARY INTL A","3031092","2024-12-30 10:00","2024","12","30","10:00","","-4.8","","-6.8","","86","","","","34","","14","","24.1","","89.34","","","","-10","","Snow"
"-114.01","51.12","CALGARY INTL A","3031092","2024-12-30 11:00","2024","12","30","11:00","","-4.5","","-6.8","","84","","","","34","","12","","24.1","","89.39","","","","-9","","Snow"
"-114.01","51.12","CALGARY INTL A","3031092","2024-12-30 12:00","2024","12","30","12:00","","-4.3","","-6.8","","83","","","","34","","13","","24.1","","89.40","","","","-9","","Snow"
"-114.01","51.12","CALGARY INTL A","3031092","2024-12-30 13:00","2024","12","30","13:00","","-3.2","","-6.5","","78","","","","35","","18","","24.1","","89.41","","","","-9","","NA"
"-114.01","51.12","CALGARY INTL A","3031092","2024-12-30 14:00","2024","12","30","14:00","","-3.7","","-6.8","","79","","","","34","","16","","24.1","","89.42","","","","-9","","Mostly Cloudy"
"-114.01","51.12","CALGARY INTL A","3031092","2024-12-30 15:00","2024","12","30","15:00","","-3.5","","-6.5","","80","","","","35","","8","","24.1","","89.44","","","","-7","","NA"
"-114.01","51.12","CALGARY INTL A","3031092","2024-12-30 16:00","2024","12","30","16:00","","-4.2","","-7.1","","80","","","","1","","8","","24.1","","89.49","","","","-8","","NA"
"-114.01","51.12","CALGARY INTL A","3031092","2024-12-30 17:00","2024","12","30","17:00","","-5.0","","-7.4","","84","","","","2","","9","","24.1","","89.55","","","","-9","","Cloudy"
"-114.01","51.12","CALGARY INTL A","3031092","2024-12-30 18:00","2024","12","30","18:00","","-4.9","","-7.2","","84","","","","2","","10","","24.1","","89.60","","","","-9","","NA"
"-114.01","51.12","CALGARY INTL A","3031092","2024-12-30 19:00","2024","12","30","19:00","","-5.2","","-7.5","","84","","","","2","","10","","24.1","","89.61","","","","-10","","Snow"
"-114.01","51.12","CALGARY INTL A","3031092","2024-12-30 20:00","2024","12","30","20:00","","-6.1","","-8.2","","85","","","","5","","10","","14.5","","89.63","","","","-11","","Cloudy"
"-114.01","51.12","CALGARY INTL A","3031092","2024-12-30 21:00","2024","12","30","21:00","","-6.3","","-8.4","","85","","","","34","","10","","14.5","","89.65","","","","-11","","NA"
"-114.01","51.12","CALGARY INTL A","3031092","2024-12-30 22:00","2024","12","30","22:00","","-6.8","","-8.6","","87","","","","1","","9","","11.3","","89.65","","","","-11","","Snow"
"-114.01","51.12","CALGARY INTL A","3031092","2024-12-30 23:00","2024","12","30","23:00","","-6.9","","-8.7","","87","","","","2","","8","","4.8","","89.66","","","","-11","","Snow"
"-114.01","51.12","CALGARY INTL A","3031092","2024-12-31 00:00","2024","12","31","00:00","","-7.5","","-8.9","","90","","","","5","","9","","6.4","","89.67","","","","-12","","Snow"
"-114.01","51.12","CALGARY INTL A","3031092","2024-12-31 01:00","2024","12","31","01:00","","-7.7","","-9.4","","87","","","","2","","5","","4.8","","89.60","","","","-10","","Snow"
"-114.01","51.12","CALGARY INTL A","3031092","2024-12-31 02:00","2024","12","31","02:00","","-7.7","","-9.3","","88","","","","35","","4","","6.4","","89.60","","","","-10","","Snow"
"-114.01","51.12","CALGARY INTL A","3031092","2024-12-31 03:00","2024","12","31","03:00","","-7.7","","-9.7","","86","","","","2","","5","","11.3","","89.61","","","","-10","","Snow"
"-114.01","51.12","CALGARY INTL A","3031092","2024-12-31 04:00","2024","12","31","04:00","","-7.7","","-9.5","","87","","","","","","0","","11.3","","89.61","","","","","","Snow"
"-114.01","51.12","CALGARY INTL A","3031092","2024-12-31 05:00","2024","12","31","05:00","","-8.0","","-9.5","","89","","","","8","","5","","6.4","","89.60","","","","-11","","Snow"
"-114.01","51.12","CALGARY INTL A","3031092","2024-12-31 06:00","2024","12","31","06:00","","-8.0","","-9.4","","90","","","","13","","7","","4.8","","89.58","","","","-12","","Snow"
"-114.01","51.12","CALGARY INTL A","3031092","2024-12-31 07:00","2024","12","31","07:00","","-8.3","","-9.7","","90","","","","13","","7","","2.4","","89.56","","","","-12","","Snow"
"-114.01","51.12","CALGARY INTL A","3031092","2024-12-31 08:00","2024","12","31","08:00","","-8.5","","-10.1","","89","","","","17","","9","","2.8","","89.55","","","","-13","","Snow"
"-114.01","51.12","CALGARY INTL A","3031092","2024-12-31 09:00","2024","12","31","09:00","","-8.6","","-10.0","","89","","","","17","","7","","2.0","","89.55","","","","-12","","Snow,Fog"
"-114.01","51.12","CALGARY INTL A","3031092","2024-12-31 10:00","2024","12","31","10:00","","-8.4","","-9.9","","89","","","","17","","4","","2.4","","89.57","","","","-11","","Snow,Fog"
"-114.01","51.12","CALGARY INTL A","3031092","2024-12-31 11:00","2024","12","31","11:00","","-7.8","","-9.7","","87","","","","9","","4","","4.8","","89.56","","","","-10","","Snow,Fog"
"-114.01","51.12","CALGARY INTL A","3031092","2024-12-31 12:00","2024","12","31","12:00","","-7.5","","-9.4","","86","","","","5","","4","","2.4","","89.52","","","","-10","","Snow,Fog"
"-114.01","51.12","CALGARY INTL A","3031092","2024-12-31 13:00","2024","12","31","13:00","","-7.4","","-9.5","","85","","","","9","","5","","4.0","","89.48","","","","-10","","Snow,Fog"
"-114.01","51.12","CALGARY INTL A","3031092","2024-12-31 14:00","2024","12","31","14:00","","-8.2","","-10.0","","87","","","","8","","9","","9.7","","89.46","","","","-13","","Snow,Fog"
"-114.01","51.12","CALGARY INTL A","3031092","2024-12-31 15:00","2024","12","31","15:00","","-8.5","","-10.1","","88","","","","6","","14","","12.9","","89.48","","","","-15","","Snow"
"-114.01","51.12","CALGARY INTL A","3031092","2024-12-31 16:00","2024","12","31","16:00","","-8.9","","-10.5","","88","","","","9","","10","","4.8","","89.48","","","","-14","","Snow,Fog"
"-114.01","51.12","CALGARY INTL A","3031092","2024-12-31 17:00","2024","12","31","17:00","","-9.2","","-10.9","","88","","","","4","","14","","2.4","","89.49","","","","-16","","Snow,Fog"
"-114.01","51.12","CALGARY INTL A","3031092","2024-12-31 18:00","2024","12","31","18:00","","-9.9","","-11.8","","86","","","","3","","18","","2.8","","89.50","","","","-17","","Snow"
"-114.01","51.12","CALGARY INTL A","3031092","2024-12-31 19:00","2024","12","31","19:00","","-10.3","","-12.2","","86","","","","1","","12","","3.2","","89.47","","","","-16","","Snow"
"-114.01","51.12","CALGARY INTL A","3031092","2024-12-31 20:00","2024","12","31","20:00","","-10.5","","-12.2","","87","","","","5","","5","","4.0","","89.46","","","","-14","","Snow"
"-114.01","51.12","CALGARY INTL A","3031092","2024-12-31 21:00","2024","12","31","21:00","","-10.5","","-12.1","","88","","","","5","","8","","2.4","","89.45","","","","-15","","Snow"
"-114.01","51.12","CALGARY INTL A","3031092","2024-12-31 22:00","2024","12","31","22:00","","-10.8","","-12.5","","88","","","","7","","7","","4.0","","89.45","","","","-15","","Snow"
"-114.01","51.12","CALGARY INTL A","3031092","2024-12-31 23:00","2024","12","31","23:00","","-11.5","","-13.2","","87","","","","6","","9","","2.4","","89.47","","","","-17","","Snow"
