"Longitude (x)","Latitude (y)","Station Name","Climate ID","Date/Time (LST)","Year","Month","Day","Time (LST)","Flag","Temp (°C)","Temp Flag","Dew Point Temp (°C)","Dew Point Temp Flag","Rel Hum (%)","Rel Hum Flag","Precip. Amount (mm)","Precip. Amount Flag","Wind Dir (10s deg)","Wind Dir Flag","Wind Spd (km/h)","Wind Spd Flag","Visibility (km)","Visibility Flag","Stn Press (kPa)","Stn Press Flag","Hmdx","Hmdx Flag","Wind Chill","Wind Chill Flag","Weather"
"-114.01","51.12","CALGARY INTL A","3031092","2024-07-01 00:00","2024","07","01","00:00","","13.5","","11.8","","89","","","","26","","3","","16.1","","88.62","","","","","","NA"
"-114.01","51.12","CALGARY INTL A","3031092","2024-07-01 01:00","2024","07","01","01:00","","13.0","","10.9","","87","","","","30","","7","","24.1","","88.63","","","","","","NA"
"-114.01","51.12","CALGARY INTL A","3031092","2024-07-01 02:00","2024","07","01","02:00","","12.6","","11.1","","90","","","","32","","5","","24.1","","88.63","","","","","","Mostly Cloudy"
"-114.01","51.12","CALGARY INTL A","3031092","2024-07-01 03:00","2024","07","01","03:00","","13.1","","10.9","","87","","","","34","","17","","16.1","","88.64","","","","","","NA"
"-114.01","51.12","CALGARY INTL A","3031092","2024-07-01 04:00","2024","07","01","04:00","","13.0","","10.8","","86","","","","32","","13","","16.1","","88.67","","","","","","Rain"
"-114.01","51.12","CALGARY INTL A","3031092","2024-07-01 05:00","2024","07","01","05:00","","13.0","","10.6","","85","","","","34","","16","","12.9","","88.70","","","","","","Rain"
"-114.01","51.12","CALGARY INTL A","3031092","2024-07-01 06:00","2024","07","01","06:00","","12.9","","10.3","","84","","","","34","","20","","12.9","","88.73","","","","","","Rain"
"-114.01","51.12","CALGARY INTL A","3031092","2024-07-01 07:00","2024","07","01","07:00","","12.7","","11.0","","89","","","","32","","16","","12.9","","88.76","","","","","","Rain"
"-114.01","51.12","CALGARY INTL A","3031092","2024-07-01 08:00","2024","07","01","08:00","","14.1","","10.7","","80","","","","31","","22","","16.1","","88.79","","","","","","Cloudy"
"-114.01","51.12","CALGARY INTL A","3031092","2024-07-01 09:00","2024","07","01","09:00","","14.4","","10.1","","75","","","","31","","26","","19.3","","88.80","","","","","","NA"
"-114.01","51.12","CALGARY INTL A","3031092","2024-07-01 10:00","2024","07","01","10:00","","14.3","","9.6","","73","","","","33","","33","","19.3","","88.83","","","","","","NA"
"-114.01","51.12","CALGARY INTL A","3031092","2024-07-01 11:00","2024","07","01","11:00","","15.5","","10.3","","71","","","","31","","25","","16.1","","88.84","","","","","","Cloudy"
"-114.01","51.12","CALGARY INTL A","3031092","2024-07-01 12:00","2024","07","01","12:00","","16.1","","9.1","","63","","","","31","","18","","32.2","","88.80","","","","","","NA"
"-114.01","51.12","CALGARY INTL A","3031092","2024-07-01 13:00","2024","07","01","13:00","","19.1","","9.7","","54","","","","33","","18","","32.2","","88.74","","","","","","NA"
"-114.01","51.12","CALGARY INTL A","3031092","2024-07-01 14:00","2024","07","01","14:00","","19.6","","9.3","","51","","","","28","","18","","48.3","","88.69","","","","","","Mostly Cloudy"
"-114.01","51.12","CALGARY INTL A","3031092","2024-07-01 15:00","2024","07","01","15:00","","20.7","","9.3","","48","","","","32","","19","","48.3","","88.66","","","","","","NA"
"-114.01","51.12","CALGARY INTL A","3031092","2024-07-01 16:00","2024","07","01","16:00","","16.7","","9.9","","64","","","","34","","30","","32.2","","88.77","","","","","","Thunderstorms"
"-114.01","51.12","CALGARY INTL A","3031092","2024-07-01 17:00","2024","07","01","17:00","","17.1","","10.9","","66","","","","36","","11","","32.2","","88.69","","","","","","Mostly Cloudy"
"-114.01","51.12","CALGARY INTL A","3031092","2024-07-01 18:00","2024","07","01","18:00","","18.3","","8.2","","51","","","","33","","7","","32.2","","88.66","","","","","","NA"
"-114.01","51.12","CALGARY INTL A","3031092","2024-07-01 19:00","2024","07","01","19:00","","19.2","","8.7","","50","","","","31","","15","","32.2","","88.65","","","","","","NA"
"-114.01","51.12","CALGARY INTL A","3031092","2024-07-01 20:00","2024","07","01","20:00","","18.9","","7.3","","46","","","","30","","17","","24.1","","88.69","","","","","","Mostly Cloudy"
"-114.01","51.12","CALGARY INTL A","3031092","2024-07-01 21:00","2024","07","01","21:00","","18.3","","7.8","","50","","","","29","","11","","12.9","","88.73","","","","","","NA"
"-114.01","51.12","CALGARY INTL A","3031092","2024-07-01 22:00","2024","07","01","22:00","","17.6","","8.0","","53","","","","28","","14","","12.9","","88.73","","","","","","Rain Showers"
"-114.01","51.12","CALGARY INTL A","3031092","2024-07-01 23:00","2024","07","01","23:00","","17.2","","8.5","","56","","","","28","","14","","16.1","","88.74","","","","","","Rain Showers"
"-114.01","51.12","CALGARY INTL A","3031092","2024-07-02 00:00","2024","07","02","00:00","","16.4","","7.3","","54","","","","30","","25","","12.9","","88.75","","","","","","Rain Showers"
"-114.01","51.12","CALGARY INTL A","3031092","2024-07-02 01:00","2024","07","02","01:00","","16.1","","7.3","","56","","","","27","","12","","16.1","","88.75","","","","","","Rain Showers"
"-114.01","51.12","CALGARY INTL A","3031092","2024-07-02 02:00","2024","07","02","02:00","","16.3","","6.5","","52","","","","29","","14","","16.1","","88.77","","","","","","Rain Showers"
"-114.01","51.12","CALGARY INTL A","3031092","2024-07-02 03:00","2024","07","02","03:00","","15.6","","6.6","","55","","","","33","","29","","16.1","","88.79","","","","","","NA"
"-114.01","51.12","CALGARY INTL A","3031092","2024-07-02 04:00","2024","07","02","04:00","","15.1","","6.5","","56","","","","34","","22","","16.1","","88.84","","","","","","NA"
"-114.01","51.12","CALGARY INTL A","3031092","2024-07-02 05:00","2024","07","02","05:00","","13.8","","7.5","","66","","","","35","","17","","24.1","","88.89","","","","","","Mostly Cloudy"
"-114.01","51.12","CALGARY INTL A","3031092","2024-07-02 06:00","2024","07","02","06:00","","13.6","","6.4","","61","","","","34","","19","","32.2","","88.92","","","","","","NA"
"-114.01","51.12","CALGARY INTL A","3031092","2024-07-02 07:00","2024","07","02","07:00","","14.6","","7.2","","61","","","","35","","17","","64.4","","88.95","","","","","","NA"
"-114.01","51.12","CALGARY INTL A","3031092","2024-07-02 08:00","2024","07","02","08:00","","15.5","","5.8","","52","","","","36","","18","","64.4","","88.96","","","","","","Mostly Cloudy"
"-114.01","51.12","CALGARY INTL A","3031092","2024-07-02 09:00","2024","07","02","09:00","","16.7","","5.2","","46","","","","1","","16","","48.3","","88.95","","","","","","NA"
"-114.01","51.12","CALGARY INTL A","3031092","2024-07-02 10:00","2024","07","02","10:00","","17.0","","4.9","","44","","","","3","","13","","48.3","","88.93","","","","","","NA"
"-114.01","51.12","CALGARY INTL A","3031092","2024-07-02 11:00","2024","07","02","11:00","","17.7","","7.1","","50","","","","10","","8","","48.3","","88.92","","","","","","Mainly Clear"
"-114.01","51.12","CALGARY INTL A","3031092","2024-07-02 12:00","2024","07","02","12:00","","18.1","","7.0","","48","","","","12","","10","","48.3","","88.86","","","","","","NA"
"-114.01","51.12","CALGARY INTL A","3031092","2024-07-02 13:00","2024","07","02","13:00","","19.5","","6.0","","41","","","","16","","17","","32.2","","88.76","","","","","","NA"
"-114.01","51.12","CALGARY INTL A","3031092","2024-07-02 14:00","2024","07","02","14:00","","19.5","","8.4","","48","","","","14","","20","","24.1","","88.72","","","","","","Mostly Cloudy"
"-114.01","51.12","CALGARY INTL A","3031092","2024-07-02 15:00","2024","07","02","15:00","","11.3","","8.1","","80","","","","6","","20","","32.2","","88.74","","","","","","Thunderstorms,Rain Showers"
"-114.01","51.12","CALGARY INTL A","3031092","2024-07-02 16:00","2024","07","02","16:00","","12.7","","9.7","","82","","","","13","","12","","32.2","","88.79","","","","","","Thunderstorms,Rain Showers"
"-114.01","51.12","CALGARY INTL A","3031092","2024-07-02 17:00","2024","07","02","17:00","","13.0","","9.1","","77","","","","20","","7","","32.2","","88.82","","","","","","Mostly Cloudy"
"-114.01","51.12","CALGARY INTL A","3031092","2024-07-02 18:00","2024","07","02","18:00","","13.5","","9.7","","78","","","","23","","7","","32.2","","88.82","","","","","","NA"
"-114.01","51.12","CALGARY INTL A","3031092","2024-07-02 19:00","2024","07","02","19:00","","13.7","","10.0","","78","","","","30","","20","","19.3","","88.95","","","","","","Rain Showers"
"-114.01","51.12","CALGARY INTL A","3031092","2024-07-02 20:00","2024","07","02","20:00","","14.1","","7.4","","64","","","","31","","22","","19.3","","88.94","","","","","","Rain Showers"
"-114.01","51.12","CALGARY INTL A","3031092","2024-07-02 21:00","2024","07","02","21:00","","13.0","","7.0","","66","","","","32","","23","","24.1","","88.95","","","","","","NA"
"-114.01","51.12","CALGARY INTL A","3031092","2024-07-02 22:00","2024","07","02","22:00","","13.1","","7.5","","68","","","","29","","21","","19.3","","88.97","","","","","","Rain Showers"
"-114.01","51.12","CALGARY INTL A","3031092","2024-07-02 23:00","2024","07","02","23:00","","11.3","","9.5","","88","","","","32","","34","","8.1","","88.97","","","","","","Rain Showers,Fog"
"-114.01","51.12","CALGARY INTL A","3031092","2024-07-03 00:00","2024","07","03","00:00","","11.0","","8.9","","87","","","","30","","22","","8.1","","89.06","","","","","","Rain Showers,Fog"
"-114.01","51.12","CALGARY INTL A","3031092","2024-07-03 01:00","2024","07","03","01:00","","10.8","","9.0","","89","","","","30","","17","","9.7","","89.08","","","","","","Rain Showers,Fog"
"-114.01","51.12","CALGARY INTL A","3031092","2024-07-03 02:00","2024","07","03","02:00","","10.5","","9.3","","93","","","","29","","16","","8.1","","89.09","","","","","","Rain Showers,Fog"
"-114.01","51.12","CALGARY INTL A","3031092","2024-07-03 03:00","2024","07","03","03:00","","10.6","","8.9","","89","","","","28","","11","","16.1","","89.07","","","","","","NA"
"-114.01","51.12","CALGARY INTL A","3031092","2024-07-03 04:00","2024","07","03","04:00","","10.8","","8.7","","87","","","","26","","12","","32.2","","89.07","","","","","","NA"
"-114.01","51.12","CALGARY INTL A","3031092","2024-07-03 05:00","2024","07","03","05:00","","11.2","","8.6","","84","","","","30","","10","","48.3","","89.09","","","","","","Mostly Cloudy"
"-114.01","51.12","CALGARY INTL A","3031092","2024-07-03 06:00","2024","07","03","06:00","","11.3","","8.1","","81","","","","33","","10","","48.3","","89.15","","","","","","NA"
"-114.01","51.12","CALGARY INTL A","3031092","2024-07-03 07:00","2024","07","03","07:00","","11.6","","8.1","","79","","","","33","","17","","64.4","","89.18","","","","","","NA"
"-114.01","51.12","CALGARY INTL A","3031092","2024-07-03 08:00","2024","07","03","08:00","","12.6","","8.6","","76","","","","33","","19","","64.4","","89.21","","","","","","Mostly Cloudy"
"-114.01","51.12","CALGARY INTL A","3031092","2024-07-03 09:00","2024","07","03","09:00","","12.0","","7.6","","74","","","","33","","31","","32.2","","89.25","","","","","","NA"
"-114.01","51.12","CALGARY INTL A","3031092","2024-07-03 10:00","2024","07","03","10:00","","12.8","","7.2","","69","","","","31","","40","","24.1","","89.28","","","","","","Rain"
"-114.01","51.12","CALGARY INTL A","3031092","2024-07-03 11:00","2024","07","03","11:00","","13.0","","7.6","","69","","","","32","","26","","24.1","","89.32","","","","","","Cloudy"
"-114.01","51.12","CALGARY INTL A","3031092","2024-07-03 12:00","2024","07","03","12:00","","13.1","","8.1","","71","","","","33","","31","","32.2","","89.35","","","","","","NA"
"-114.01","51.12","CALGARY INTL A","3031092","2024-07-03 13:00","2024","07","03","13:00","","13.7","","8.6","","71","","","","33","","33","","48.3","","89.38","","","","","","NA"
"-114.01","51.12","CALGARY INTL A","3031092","2024-07-03 14:00","2024","07","03","14:00","","14.8","","9.6","","71","","","","33","","30","","32.2","","89.41","","","","","","Cloudy"
"-114.01","51.12","CALGARY INTL A","3031092","2024-07-03 15:00","2024","07","03","15:00","","14.3","","8.7","","69","","","","33","","34","","32.2","","89.44","","","","","","NA"
"-114.01","51.12","CALGARY INTL A","3031092","2024-07-03 16:00","2024","07","03","16:00","","15.2","","8.9","","66","","","","33","","35","","32.2","","89.42","","","","","","Rain Showers"
"-114.01","51.12","CALGARY INTL A","3031092","2024-07-03 17:00","2024","07","03","17:00","","15.7","","9.3","","66","","","","33","","31","","32.2","","89.42","","","","","","Rain Showers"
"-114.01","51.12","CALGARY INTL A","3031092","2024-07-03 18:00","2024","07","03","18:00","","16.1","","8.8","","62","","","","34","","29","","32.2","","89.43","","","","","","NA"
"-114.01","51.12","CALGARY INTL A","3031092","2024-07-03 19:00","2024","07","03","19:00","","16.1","","9.4","","64","","","","36","","25","","32.2","","89.47","","","","","","NA"
"-114.01","51.12","CALGARY INTL A","3031092","2024-07-03 20:00","2024","07","03","20:00","","15.0","","9.5","","69","","","","36","","18","","32.2","","89.50","","","","","","Mostly Cloudy"
"-114.01","51.12","CALGARY INTL A","3031092","2024-07-03 21:00","2024","07","03","21:00","","14.0","","8.7","","70","","","","34","","16","","24.1","","89.56","","","","","","NA"
"-114.01","51.12","CALGARY INTL A","3031092","2024-07-03 22:00","2024","07","03","22:00","","13.6","","8.4","","71","","","","35","","12","","24.1","","89.60","","","","","","NA"
"-114.01","51.12","CALGARY INTL A","3031092","2024-07-03 23:00","2024","07","03","23:00","","13.5","","8.3","","71","","","","33","","13","","24.1","","89.62","","","","","","Mostly Cloudy"
"-114.01","51.12","CALGARY INTL A","3031092","2024-07-04 00:00","2024","07","04","00:00","","13.6","","8.4","","71","","","","30","","16","","24.1","","89.64","","","","","","NA"
"-114.01","51.12","CALGARY INTL A","3031092","2024-07-04 01:00","2024","07","04","01:00","","14.0","","8.4","","69","","","","29","","12","","24.1","","89.65","","","","","","NA"
"-114.01","51.12","CALGARY INTL A","3031092","2024-07-04 02:00","2024","07","04","02:00","","14.0","","8.3","","68","","","","33","","24","","24.1","","89.65","","","","","","Mostly Cloudy"
"-114.01","51.12","CALGARY INTL A","3031092","2024-07-04 03:00","2024","07","04","03:00","","12.7","","10.2","","85","","","","29","","8","","24.1","","89.66","","","","","","NA"
"-114.01","51.12","CALGARY INTL A","3031092","2024-07-04 04:00","2024","07","04","04:00","","12.5","","9.6","","82","","","","30","","9","","24.1","","89.64","","","","","","NA"
"-114.01","51.12","CALGARY INTL A","3031092","2024-07-04 05:00","2024","07","04","05:00","","12.7","","9.3","","80","","","","28","","8","","32.2","","89.67","","","","","","Mostly Cloudy"
"-114.01","51.12","CALGARY INTL A","3031092","2024-07-04 06:00","2024","07","04","06:00","","13.2","","9.3","","77","","","","25","","4","","24.1","","89.70","","","","","","NA"
"-114.01","51.12","CALGARY INTL A","3031092","2024-07-04 07:00","2024","07","04","07:00","","14.6","","9.0","","69","","","","30","","10","","48.3","","89.71","","","","","","NA"
"-114.01","51.12","CALGARY INTL A","3031092","2024-07-04 08:00","2024","07","04","08:00","","14.7","","9.6","","71","","","","30","","7","","64.4","","89.73","","","","","","Mostly Cloudy"
"-114.01","51.12","CALGARY INTL A","3031092","2024-07-04 09:00","2024","07","04","09:00","","17.2","","8.1","","54","","","","36","","21","","48.3","","89.73","","","","","","NA"
"-114.01","51.12","CALGARY INTL A","3031092","2024-07-04 10:00","2024","07","04","10:00","","17.9","","9.6","","58","","","","36","","17","","48.3","","89.73","","","","","","NA"
"-114.01","51.12","CALGARY INTL A","3031092","2024-07-04 11:00","2024","07","04","11:00","","18.5","","10.7","","60","","","","3","","12","","48.3","","89.72","","","","","","Mostly Cloudy"
"-114.01","51.12","CALGARY INTL A","3031092","2024-07-04 12:00","2024","07","04","12:00","","18.1","","9.1","","55","","","","3","","11","","48.3","","89.71","","","","","","NA"
"-114.01","51.12","CALGARY INTL A","3031092","2024-07-04 13:00","2024","07","04","13:00","","19.1","","9.3","","53","","","","4","","7","","48.3","","89.70","","","","","","NA"
"-114.01","51.12","CALGARY INTL A","3031092","2024-07-04 14:00","2024","07","04","14:00","","19.2","","7.3","","46","","","","11","","9","","48.3","","89.67","","","","","","Mostly Cloudy"
"-114.01","51.12","CALGARY INTL A","3031092","2024-07-04 15:00","2024","07","04","15:00","","20.2","","8.4","","46","","","","","","0","","32.2","","89.64","","","","","","NA"
"-114.01","51.12","CALGARY INTL A","3031092","2024-07-04 16:00","2024","07","04","16:00","","20.9","","9.5","","48","","","","10","","16","","32.2","","89.60","","","","","","NA"
"-114.01","51.12","CALGARY INTL A","3031092","2024-07-04 17:00","2024","07","04","17:00","","21.1","","9.0","","45","","","","16","","16","","32.2","","89.54","","","","","","Clear"
"-114.01","51.12","CALGARY INTL A","3031092","2024-07-04 18:00","2024","07","04","18:00","","20.9","","10.2","","50","","","","15","","18","","32.2","","89.51","","","","","","NA"
"-114.01","51.12","CALGARY INTL A","3031092","2024-07-04 19:00","2024","07","04","19:00","","19.3","","10.1","","55","","","","14","","21","","24.1","","89.52","","","","","","NA"
"-114.01","51.12","CALGARY INTL A","3031092","2024-07-04 20:00","2024","07","04","20:00","","18.6","","10.4","","59","","","","14","","22","","16.1","","89.49","","","","","","Mostly Cloudy"
"-114.01","51.12","CALGARY INTL A","3031092","2024-07-04 21:00","2024","07","04","21:00","","11.0","","6.5","","74","","","","5","","32","","4.0","","89.66","","","","","","Thunderstorms,Heavy Rain Showers,Moderate Hail"
"-114.01","51.12","CALGARY INTL A","3031092","2024-07-04 22:00","2024","07","04","22:00","","12.0","","9.7","","85","","","","2","","14","","12.9","","89.59","","","","","","Thunderstorms"
"-114.01","51.12","CALGARY INTL A","3031092","2024-07-04 23:00","2024","07","04","23:00","","11.6","","8.4","","81","","","","16","","4","","12.9","","89.63","","","","","","Rain Showers"
"-114.01","51.12","CALGARY INTL A","3031092","2024-07-05 00:00","2024","07","05","00:00","","12.0","","9.5","","84","","","","35","","10","","12.9","","89.65","","","","","","Rain Showers"
"-114.01","51.12","CALGARY INTL A","3031092","2024-07-05 01:00","2024","07","05","01:00","","11.6","","9.5","","87","","","","36","","12","","16.1","","89.68","","","","","","Rain Showers"
"-114.01","51.12","CALGARY INTL A","3031092","2024-07-05 02:00","2024","07","05","02:00","","9.6","","8.0","","90","","","","2","","10","","16.1","","89.67","","","","","","Mostly Cloudy"
"-114.01","51.12","CALGARY INTL A","3031092","2024-07-05 03:00","2024","07","05","03:00","","10.8","","8.6","","86","","","","24","","12","","24.1","","89.64","","","","","","NA"
"-114.01","51.12","CALGARY INTL A","3031092","2024-07-05 04:00","2024","07","05","04:00","","11.6","","7.6","","76","","","","26","","10","","16.1","","89.62","","","","","","NA"
"-114.01","51.12","CALGARY INTL A","3031092","2024-07-05 05:00","2024","07","05","05:00","","12.2","","7.1","","71","","","","25","","9","","16.1","","89.61","","","","","","Mostly Cloudy"
"-114.01","51.12","CALGARY INTL A","3031092","2024-07-05 06:00","2024","07","05","06:00","","12.4","","7.6","","73","","","","23","","13","","24.1","","89.58","","","","","","NA"
"-114.01","51.12","CALGARY INTL A","3031092","2024-07-05 07:00","2024","07","05","07:00","","14.4","","7.2","","62","","","","23","","10","","64.4","","89.56","","","","","","NA"
"-114.01","51.12","CALGARY INTL A","3031092","2024-07-05 08:00","2024","07","05","08:00","","18.2","","4.8","","41","","","","31","","17","","64.4","","89.54","","","","","","Mainly Clear"
"-114.01","51.12","CALGARY INTL A","3031092","2024-07-05 09:00","2024","07","05","09:00","","19.2","","4.9","","39","","","","34","","20","","64.4","","89.51","","","","","","NA"
"-114.01","51.12","CALGARY INTL A","3031092","2024-07-05 10:00","2024","07","05","10:00","","20.3","","5.0","","36","","","","34","","14","","64.4","","89.51","","","","","","NA"
"-114.01","51.12","CALGARY INTL A","3031092","2024-07-05 11:00","2024","07","05","11:00","","20.4","","4.3","","34","","","","29","","7","","64.4","","89.47","","","","","","Mainly Clear"
"-114.01","51.12","CALGARY INTL A","3031092","2024-07-05 12:00","2024","07","05","12:00","","21.3","","3.5","","31","","","","2","","6","","64.4","","89.41","","","","","","NA"
"-114.01","51.12","CALGARY INTL A","3031092","2024-07-05 13:00","2024","07","05","13:00","","22.0","","4.5","","32","","","","4","","11","","48.3","","89.36","","","","","","NA"
"-114.01","51.12","CALGARY INTL A","3031092","2024-07-05 14:00","2024","07","05","14:00","","22.8","","6.1","","34","","","","11","","16","","48.3","","89.30","","","","","","Clear"
"-114.01","51.12","CALGARY INTL A","3031092","2024-07-05 15:00","2024","07","05","15:00","","22.6","","8.1","","39","","","","13","","20","","32.2","","89.23","","","","","","NA"
"-114.01","51.12","CALGARY INTL A","3031092","2024-07-05 16:00","2024","07","05","16:00","","22.8","","7.3","","37","","","","15","","13","","32.2","","89.17","","","","","","NA"
"-114.01","51.12","CALGARY INTL A","3031092","2024-07-05 17:00","2024","07","05","17:00","","22.4","","8.0","","39","","","","15","","26","","32.2","","89.11","","","","","","Mostly Cloudy"
"-114.01","51.12","CALGARY INTL A","3031092","2024-07-05 18:00","2024","07","05","18:00","","21.6","","8.3","","42","","","","15","","26","","32.2","","89.07","","","","","","NA"
"-114.01","51.12","CALGARY INTL A","3031092","2024-07-05 19:00","2024","07","05","19:00","","20.5","","9.2","","48","","","","16","","22","","32.2","","89.05","","","","","","NA"
"-114.01","51.12","CALGARY INTL A","3031092","2024-07-05 20:00","2024","07","05","20:00","","19.4","","9.8","","53","","","","16","","17","","32.2","","89.03","","","","","","Mostly Cloudy"
"-114.01","51.12","CALGARY INTL A","3031092","2024-07-05 21:00","2024","07","05","21:00","","19.0","","9.5","","54","","","","15","","16","","32.2","","89.06","","","","","","NA"
"-114.01","51.12","CALGARY INTL A","3031092","2024-07-05 22:00","2024","07","05","22:00","","17.9","","10.5","","62","","","","14","","12","","24.1","","89.05","","","","","","NA"
"-114.01","51.12","CALGARY INTL A","3031092","2024-07-05 23:00","2024","07","05","23:00","","15.7","","10.3","","70","","","","15","","5","","24.1","","89.04","","","","","","Mainly Clear"
"-114.01","51.12","CALGARY INTL A","3031092","2024-07-06 00:00","2024","07","06","00:00","","15.7","","10.4","","71","","","","36","","15","","24.1","","89.12","","","","","","NA"
"-114.01","51.12","CALGARY INTL A","3031092","2024-07-06 01:00","2024","07","06","01:00","","14.3","","7.8","","65","","","","1","","21","","24.1","","89.15","","","","","","NA"
"-114.01","51.12","CALGARY INTL A","3031092","2024-07-06 02:00","2024","07","06","02:00","","14.2","","8.2","","67","","","","33","","10","","16.1","","89.17","","","","","","Mostly Cloudy"
"-114.01","51.12","CALGARY INTL A","3031092","2024-07-06 03:00","2024","07","06","03:00","","14.8","","7.0","","59","","","","31","","12","","16.1","","89.23","","","","","","NA"
"-114.01","51.12","CALGARY INTL A","3031092","2024-07-06 04:00","2024","07","06","04:00","","15.6","","6.6","","55","","","","29","","18","","16.1","","89.24","","","","","","NA"
"-114.01","51.12","CALGARY INTL A","3031092","2024-07-06 05:00","2024","07","06","05:00","","15.4","","6.6","","56","","","","28","","8","","32.2","","89.23","","","","","","Mostly Cloudy"
"-114.01","51.12","CALGARY INTL A","3031092","2024-07-06 06:00","2024","07","06","06:00","","14.1","","7.6","","65","","","","31","","9","","48.3","","89.21","","","","","","NA"
"-114.01","51.12","CALGARY INTL A","3031092","2024-07-06 07:00","2024","07","06","07:00","","15.7","","8.4","","61","","","","29","","8","","64.4","","89.21","","","","","","NA"
"-114.01","51.12","CALGARY INTL A","3031092","2024-07-06 08:00","2024","07","06","08:00","","17.5","","9.4","","58","","","","19","","9","","64.4","","89.20","","","","","","Mainly Clear"
"-114.01","51.12","CALGARY INTL A","3031092","2024-07-06 09:00","2024","07","06","09:00","","20.1","","6.3","","40","","","","32","","21","","64.4","","89.20","","","","","","NA"
"-114.01","51.12","CALGARY INTL A","3031092","2024-07-06 10:00","2024","07","06","10:00","","20.9","","7.5","","42","","","","1","","12","","64.4","","89.21","","","","","","NA"
"-114.01","51.12","CALGARY INTL A","3031092","2024-07-06 11:00","2024","07","06","11:00","","21.3","","6.6","","38","","","","5","","8","","64.4","","89.22","","","","","","Mostly Cloudy"
"-114.01","51.12","CALGARY INTL A","3031092","2024-07-06 12:00","2024","07","06","12:00","","22.0","","6.6","","36","","","","4","","11","","48.3","","89.23","","","","","","NA"
"-114.01","51.12","CALGARY INTL A","3031092","2024-07-06 13:00","2024","07","06","13:00","","22.4","","7.0","","37","","","","4","","16","","48.3","","89.22","","","","","","NA"
"-114.01","51.12","CALGARY INTL A","3031092","2024-07-06 14:00","2024","07","06","14:00","","22.4","","7.3","","37","","","","11","","3","","48.3","","89.23","","","","","","Mostly Cloudy"
"-114.01","51.12","CALGARY INTL A","3031092","2024-07-06 15:00","2024","07","06","15:00","","23.3","","7.9","","37","","","","6","","12","","32.2","","89.22","","","","","","NA"
"-114.01","51.12","CALGARY INTL A","3031092","2024-07-06 16:00","2024","07","06","16:00","","21.4","","7.9","","41","","","","12","","13","","32.2","","89.24","","","","","","NA"
"-114.01","51.12","CALGARY INTL A","3031092","2024-07-06 17:00","2024","07","06","17:00","","22.7","","9.8","","43","","","","14","","11","","32.2","","89.24","","","","","","Mostly Cloudy"
"-114.01","51.12","CALGARY INTL A","3031092","2024-07-06 18:00","2024","07","06","18:00","","22.7","","8.1","","39","","","","14","","8","","32.2","","89.25","","","","","","NA"
"-114.01","51.12","CALGARY INTL A","3031092","2024-07-06 19:00","2024","07","06","19:00","","22.4","","8.5","","41","","","","1","","6","","24.1","","89.27","","","","","","NA"
"-114.01","51.12","CALGARY INTL A","3031092","2024-07-06 20:00","2024","07","06","20:00","","20.8","","9.1","","46","","","","12","","9","","32.2","","89.30","","","","","","Mainly Clear"
"-114.01","51.12","CALGARY INTL A","3031092","2024-07-06 21:00","2024","07","06","21:00","","18.9","","9.4","","54","","","","16","","8","","48.3","","89.34","","","","","","NA"
"-114.01","51.12","CALGARY INTL A","3031092","2024-07-06 22:00","2024","07","06","22:00","","18.9","","9.0","","52","","","","19","","8","","24.1","","89.37","","","","","","NA"
"-114.01","51.12","CALGARY INTL A","3031092","2024-07-06 23:00","2024","07","06","23:00","","18.4","","9.2","","55","","","","22","","8","","24.1","","89.36","","","","","","Clear"
"-114.01","51.12","CALGARY INTL A","3031092","2024-07-07 00:00","2024","07","07","00:00","","17.4","","9.2","","58","","","","23","","9","","24.1","","89.36","","","","","","NA"
"-114.01","51.12","CALGARY INTL A","3031092","2024-07-07 01:00","2024","07","07","01:00","","17.3","","8.7","","57","","","","23","","11","","24.1","","89.34","","","","","","NA"
"-114.01","51.12","CALGARY INTL A","3031092","2024-07-07 02:00","2024","07","07","02:00","","15.5","","8.7","","64","","","","21","","9","","16.1","","89.32","","","","","","Clear"
"-114.01","51.12","CALGARY INTL A","3031092","2024-07-07 03:00","2024","07","07","03:00","","15.6","","8.8","","64","","","","21","","7","","24.1","","89.30","","","","","","NA"
"-114.01","51.12","CALGARY INTL A","3031092","2024-07-07 04:00","2024","07","07","04:00","","13.9","","8.9","","72","","","","19","","5","","24.1","","89.30","","","","","","NA"
"-114.01","51.12","CALGARY INTL A","3031092","2024-07-07 05:00","2024","07","07","05:00","","12.2","","8.8","","79","","","","21","","6","","64.4","","89.31","","","","","","Clear"
"-114.01","51.12","CALGARY INTL A","3031092","2024-07-07 06:00","2024","07","07","06:00","","13.7","","8.9","","72","","","","","","0","","64.4","","89.32","","","","","","NA"
"-114.01","51.12","CALGARY INTL A","3031092","2024-07-07 07:00","2024","07","07","07:00","","16.3","","9.4","","63","","","","36","","3","","64.4","","89.34","","","","","","NA"
"-114.01","51.12","CALGARY INTL A","3031092","2024-07-07 08:00","2024","07","07","08:00","","19.2","","10.1","","55","","","","22","","5","","64.4","","89.33","","","","","","Clear"
"-114.01","51.12","CALGARY INTL A","3031092","2024-07-07 09:00","2024","07","07","09:00","","21.2","","10.9","","52","","","","17","","5","","64.4","","89.30","","","","","","NA"
"-114.01","51.12","CALGARY INTL A","3031092","2024-07-07 10:00","2024","07","07","10:00","","22.8","","10.5","","45","","","","17","","5","","64.4","","89.28","","","","","","NA"
"-114.01","51.12","CALGARY INTL A","3031092","2024-07-07 11:00","2024","07","07","11:00","","24.4","","9.3","","38","","","","18","","12","","64.4","","89.28","","25","","","","Clear"
"-114.01","51.12","CALGARY INTL A","3031092","2024-07-07 12:00","2024","07","07","12:00","","25.3","","11.0","","40","","","","17","","17","","64.4","","89.24","","27","","","","NA"
"-114.01","51.12","CALGARY INTL A","3031092","2024-07-07 13:00","2024","07","07","13:00","","26.0","","10.3","","37","","","","15","","13","","64.4","","89.21","","27","","","","NA"
"-114.01","51.12","CALGARY INTL A","3031092","2024-07-07 14:00","2024","07","07","14:00","","26.4","","11.1","","38","","","","15","","20","","64.4","","89.16","","28","","","","Clear"
"-114.01","51.12","CALGARY INTL A","3031092","2024-07-07 15:00","2024","07","07","15:00","","26.7","","9.8","","34","","","","15","","25","","64.4","","89.12","","28","","","","NA"
"-114.01","51.12","CALGARY INTL A","3031092","2024-07-07 16:00","2024","07","07","16:00","","26.7","","11.5","","38","","","","15","","21","","64.4","","89.09","","29","","","","NA"
"-114.01","51.12","CALGARY INTL A","3031092","2024-07-07 17:00","2024","07","07","17:00","","26.2","","9.8","","35","","","","16","","28","","64.4","","89.05","","27","","","","Clear"
"-114.01","51.12","CALGARY INTL A","3031092","2024-07-07 18:00","2024","07","07","18:00","","25.6","","10.8","","39","","","","17","","24","","64.4","","89.02","","27","","","","NA"
"-114.01","51.12","CALGARY INTL A","3031092","2024-07-07 19:00","2024","07","07","19:00","","24.8","","10.8","","41","","","","17","","27","","64.4","","88.99","","26","","","","NA"
"-114.01","51.12","CALGARY INTL A","3031092","2024-07-07 20:00","2024","07","07","20:00","","23.1","","11.9","","49","","","","18","","16","","64.4","","88.98","","25","","","","Clear"
"-114.01","51.12","CALGARY INTL A","3031092","2024-07-07 21:00","2024","07","07","21:00","","21.7","","12.7","","56","","","","19","","17","","64.4","","88.98","","","","","","NA"
"-114.01","51.12","CALGARY INTL A","3031092","2024-07-07 22:00","2024","07","07","22:00","","20.0","","12.7","","62","","","","18","","11","","24.1","","88.99","","","","","","NA"
"-114.01","51.12","CALGARY INTL A","3031092","2024-07-07 23:00","2024","07","07","23:00","","18.2","","12.9","","71","","","","19","","13","","24.1","","88.98","","","","","","Clear"
"-114.01","51.12","CALGARY INTL A","3031092","2024-07-08 00:00","2024","07","08","00:00","","18.0","","12.9","","72","","","","19","","7","","24.1","","88.97","","","","","","NA"
"-114.01","51.12","CALGARY INTL A","3031092","2024-07-08 01:00","2024","07","08","01:00","","18.2","","12.9","","71","","","","22","","8","","24.1","","88.97","","","","","","NA"
"-114.01","51.12","CALGARY INTL A","3031092","2024-07-08 02:00","2024","07","08","02:00","","17.2","","12.1","","72","","","","21","","4","","24.1","","88.95","","","","","","Clear"
"-114.01","51.12","CALGARY INTL A","3031092","2024-07-08 03:00","2024","07","08","03:00","","15.8","","11.6","","76","","","","6","","3","","24.1","","88.95","","","","","","NA"
"-114.01","51.12","CALGARY INTL A","3031092","2024-07-08 04:00","2024","07","08","04:00","","15.0","","9.5","","70","","","","","","0","","24.1","","88.97","","","","","","NA"
"-114.01","51.12","CALGARY INTL A","3031092","2024-07-08 05:00","2024","07","08","05:00","","16.6","","8.3","","58","","","","8","","4","","64.4","","88.99","","","","","","Clear"
"-114.01","51.12","CALGARY INTL A","3031092","2024-07-08 06:00","2024","07","08","06:00","","18.7","","10.1","","57","","","","36","","5","","64.4","","89.02","","","","","","NA"
"-114.01","51.12","CALGARY INTL A","3031092","2024-07-08 07:00","2024","07","08","07:00","","22.5","","9.7","","44","","","","","","0","","64.4","","89.03","","","","","","NA"
"-114.01","51.12","CALGARY INTL A","3031092","2024-07-08 08:00","2024","07","08","08:00","","25.6","","9.2","","35","","","","33","","13","","64.4","","89.05","","27","","","","Clear"
"-114.01","51.12","CALGARY INTL A","3031092","2024-07-08 09:00","2024","07","08","09:00","","27.0","","6.5","","27","","","","33","","23","","64.4","","89.06","","27","","","","NA"
"-114.01","51.12","CALGARY INTL A","3031092","2024-07-08 10:00","2024","07","08","10:00","","27.7","","9.6","","32","","","","33","","21","","64.4","","89.05","","29","","","","NA"
"-114.01","51.12","CALGARY INTL A","3031092","2024-07-08 11:00","2024","07","08","11:00","","28.3","","9.3","","30","","","","34","","22","","64.4","","89.07","","29","","","","Mainly Clear"
"-114.01","51.12","CALGARY INTL A","3031092","2024-07-08 12:00","2024","07","08","12:00","","28.6","","9.8","","31","","","","1","","21","","64.4","","89.07","","30","","","","NA"
"-114.01","51.12","CALGARY INTL A","3031092","2024-07-08 13:00","2024","07","08","13:00","","28.8","","10.0","","31","","","","36","","15","","64.4","","89.05","","30","","","","NA"
"-114.01","51.12","CALGARY INTL A","3031092","2024-07-08 14:00","2024","07","08","14:00","","29.2","","11.0","","32","","","","6","","12","","24.1","","89.03","","31","","","","Mainly Clear"
"-114.01","51.12","CALGARY INTL A","3031092","2024-07-08 15:00","2024","07","08","15:00","","29.3","","9.5","","29","","","","14","","7","","24.1","","89.03","","30","","","","NA"
"-114.01","51.12","CALGARY INTL A","3031092","2024-07-08 16:00","2024","07","08","16:00","","29.0","","13.8","","39","","","","10","","9","","24.1","","89.02","","32","","","","NA"
"-114.01","51.12","CALGARY INTL A","3031092","2024-07-08 17:00","2024","07","08","17:00","","27.5","","13.1","","40","","","","9","","16","","24.1","","89.03","","30","","","","Mainly Clear"
"-114.01","51.12","CALGARY INTL A","3031092","2024-07-08 18:00","2024","07","08","18:00","","27.5","","14.3","","44","","","","10","","14","","24.1","","89.04","","31","","","","NA"
"-114.01","51.12","CALGARY INTL A","3031092","2024-07-08 19:00","2024","07","08","19:00","","26.9","","14.4","","45","","","","9","","15","","24.1","","89.05","","31","","","","NA"
"-114.01","51.12","CALGARY INTL A","3031092","2024-07-08 20:00","2024","07","08","20:00","","25.1","","15.3","","54","","","","10","","10","","24.1","","89.09","","29","","","","Mainly Clear"
"-114.01","51.12","CALGARY INTL A","3031092","2024-07-08 21:00","2024","07","08","21:00","","24.2","","17.3","","65","","","","11","","12","","24.1","","89.13","","30","","","","NA"
"-114.01","51.12","CALGARY INTL A","3031092","2024-07-08 22:00","2024","07","08","22:00","","22.3","","17.2","","73","","","","11","","7","","24.1","","89.18","","28","","","","NA"
"-114.01","51.12","CALGARY INTL A","3031092","2024-07-08 23:00","2024","07","08","23:00","","22.7","","16.9","","69","","","","31","","3","","24.1","","89.21","","28","","","","Clear"
"-114.01","51.12","CALGARY INTL A","3031092","2024-07-09 00:00","2024","07","09","00:00","","20.1","","16.2","","78","","","","35","","7","","24.1","","89.23","","25","","","","NA"
"-114.01","51.12","CALGARY INTL A","3031092","2024-07-09 01:00","2024","07","09","01:00","","17.9","","14.8","","82","","","","","","0","","24.1","","89.24","","","","","","NA"
"-114.01","51.12","CALGARY INTL A","3031092","2024-07-09 02:00","2024","07","09","02:00","","17.2","","14.2","","83","","","","36","","3","","24.1","","89.24","","","","","","Clear"
"-114.01","51.12","CALGARY INTL A","3031092","2024-07-09 03:00","2024","07","09","03:00","","16.6","","13.7","","83","","","","","","0","","24.1","","89.25","","","","","","NA"
"-114.01","51.12","CALGARY INTL A","3031092","2024-07-09 04:00","2024","07","09","04:00","","16.2","","13.8","","85","","","","","","0","","24.1","","89.25","","","","","","NA"
"-114.01","51.12","CALGARY INTL A","3031092","2024-07-09 05:00","2024","07","09","05:00","","15.8","","13.7","","87","","","","","","0","","19.3","","89.28","","","","","","Clear"
"-114.01","51.12","CALGARY INTL A","3031092","2024-07-09 06:00","2024","07","09","06:00","","16.9","","13.3","","79","","","","","","0","","16.1","","89.29","","","","","","NA"
"-114.01","51.12","CALGARY INTL A","3031092","2024-07-09 07:00","2024","07","09","07:00","","19.0","","14.5","","75","","","","","","0","","12.9","","89.32","","","","","","NA"
"-114.01","51.12","CALGARY INTL A","3031092","2024-07-09 08:00","2024","07","09","08:00","","22.0","","15.1","","65","","","","16","","4","","12.9","","89.32","","26","","","","Clear"
"-114.01","51.12","CALGARY INTL A","3031092","2024-07-09 09:00","2024","07","09","09:00","","24.3","","14.9","","55","","","","20","","7","","12.9","","89.31","","28","","","","NA"
"-114.01","51.12","CALGARY INTL A","3031092","2024-07-09 10:00","2024","07","09","10:00","","26.3","","17.1","","57","","","","18","","10","","11.3","","89.30","","32","","","","NA"
"-114.01","51.12","CALGARY INTL A","3031092","2024-07-09 11:00","2024","07","09","11:00","","27.3","","15.6","","48","","","","15","","22","","12.9","","89.27","","32","","","","Clear"
"-114.01","51.12","CALGARY INTL A","3031092","2024-07-09 12:00","2024","07","09","12:00","","28.1","","17.2","","51","","","","14","","24","","24.1","","89.24","","34","","","","NA"
"-114.01","51.12","CALGARY INTL A","3031092","2024-07-09 13:00","2024","07","09","13:00","","28.7","","15.3","","44","","","","14","","26","","16.1","","89.20","","33","","","","NA"
"-114.01","51.12","CALGARY INTL A","3031092","2024-07-09 14:00","2024","07","09","14:00","","29.1","","17.1","","48","","","","16","","23","","16.1","","89.17","","34","","","","Clear"
"-114.01","51.12","CALGARY INTL A","3031092","2024-07-09 15:00","2024","07","09","15:00","","28.6","","17.1","","49","","","","16","","26","","16.1","","89.15","","34","","","","NA"
"-114.01","51.12","CALGARY INTL A","3031092","2024-07-09 16:00","2024","07","09","16:00","","28.5","","16.3","","47","","","","17","","27","","24.1","","89.12","","33","","","","NA"
"-114.01","51.12","CALGARY INTL A","3031092","2024-07-09 17:00","2024","07","09","17:00","","28.6","","16.0","","46","","","","14","","27","","24.1","","89.09","","33","","","","Clear"
"-114.01","51.12","CALGARY INTL A","3031092","2024-07-09 18:00","2024","07","09","18:00","","28.0","","16.6","","49","","","","14","","24","","24.1","","89.06","","33","","","","NA"
"-114.01","51.12","CALGARY INTL A","3031092","2024-07-09 19:00","2024","07","09","19:00","","27.2","","15.0","","47","","","","16","","28","","19.3","","89.03","","31","","","","NA"
"-114.01","51.12","CALGARY INTL A","3031092","2024-07-09 20:00","2024","07","09","20:00","","25.9","","15.9","","54","","","","17","","28","","19.3","","89.01","","30","","","","Clear"
"-114.01","51.12","CALGARY INTL A","3031092","2024-07-09 21:00","2024","07","09","21:00","","24.4","","15.7","","58","","","","16","","25","","19.3","","89.02","","29","","","","NA"
"-114.01","51.12","CALGARY INTL A","3031092","2024-07-09 22:00","2024","07","09","22:00","","23.3","","15.1","","59","","","","17","","23","","19.3","","89.00","","27","","","","NA"
"-114.01","51.12","CALGARY INTL A","3031092","2024-07-09 23:00","2024","07","09","23:00","","21.6","","14.9","","65","","","","17","","14","","19.3","","88.99","","26","","","","Clear"
"-114.01","51.12","CALGARY INTL A","3031092","2024-07-10 00:00","2024","07","10","00:00","","20.4","","15.1","","71","","","","17","","13","","19.3","","88.96","","","","","","NA"
"-114.01","51.12","CALGARY INTL A","3031092","2024-07-10 01:00","2024","07","10","01:00","","19.4","","15.1","","76","","","","18","","10","","19.3","","88.92","","","","","","NA"
"-114.01","51.12","CALGARY INTL A","3031092","2024-07-10 02:00","2024","07","10","02:00","","19.2","","14.6","","74","","","","19","","10","","19.3","","88.88","","","","","","Clear"
"-114.01","51.12","CALGARY INTL A","3031092","2024-07-10 03:00","2024","07","10","03:00","","19.4","","15.0","","76","","","","23","","11","","19.3","","88.86","","","","","","NA"
"-114.01","51.12","CALGARY INTL A","3031092","2024-07-10 04:00","2024","07","10","04:00","","18.0","","14.9","","82","","","","21","","11","","19.3","","88.83","","","","","","NA"
"-114.01","51.12","CALGARY INTL A","3031092","2024-07-10 05:00","2024","07","10","05:00","","17.1","","13.4","","79","","","","19","","8","","19.3","","88.82","","","","","","Mainly Clear"
"-114.01","51.12","CALGARY INTL A","3031092","2024-07-10 06:00","2024","07","10","06:00","","19.3","","12.0","","62","","","","18","","3","","19.3","","88.83","","","","","","NA"
"-114.01","51.12","CALGARY INTL A","3031092","2024-07-10 07:00","2024","07","10","07:00","","22.5","","12.0","","51","","","","21","","5","","12.9","","88.81","","25","","","","NA"
"-114.01","51.12","CALGARY INTL A","3031092","2024-07-10 08:00","2024","07","10","08:00","","25.9","","13.1","","45","","","","17","","8","","12.9","","88.82","","29","","","","Clear"
"-114.01","51.12","CALGARY INTL A","3031092","2024-07-10 09:00","2024","07","10","09:00","","28.9","","11.7","","34","","","","25","","11","","12.9","","88.82","","31","","","","NA"
"-114.01","51.12","CALGARY INTL A","3031092","2024-07-10 10:00","2024","07","10","10:00","","30.6","","10.4","","28","","","","25","","15","","12.9","","88.81","","32","","","","NA"
"-114.01","51.12","CALGARY INTL A","3031092","2024-07-10 11:00","2024","07","10","11:00","","32.1","","9.3","","24","","","","27","","18","","12.9","","88.81","","33","","","","Clear"
"-114.01","51.12","CALGARY INTL A","3031092","2024-07-10 12:00","2024","07","10","12:00","","32.7","","7.7","","21","","","","32","","17","","12.9","","88.78","","33","","","","NA"
"-114.01","51.12","CALGARY INTL A","3031092","2024-07-10 13:00","2024","07","10","13:00","","33.0","","4.0","","16","","","","26","","16","","16.1","","88.75","","32","","","","NA"
"-114.01","51.12","CALGARY INTL A","3031092","2024-07-10 14:00","2024","07","10","14:00","","33.9","","4.2","","15","","","","29","","24","","16.1","","88.71","","33","","","","Mainly Clear"
"-114.01","51.12","CALGARY INTL A","3031092","2024-07-10 15:00","2024","07","10","15:00","","33.1","","5.4","","17","","","","22","","16","","16.1","","88.69","","33","","","","NA"
"-114.01","51.12","CALGARY INTL A","3031092","2024-07-10 16:00","2024","07","10","16:00","","33.4","","3.0","","14","","","","26","","8","","16.1","","88.65","","32","","","","NA"
"-114.01","51.12","CALGARY INTL A","3031092","2024-07-10 17:00","2024","07","10","17:00","","34.2","","1.6","","12","","","","28","","19","","12.9","","88.62","","32","","","","Mainly Clear"
"-114.01","51.12","CALGARY INTL A","3031092","2024-07-10 18:00","2024","07","10","18:00","","33.7","","7.1","","19","","","","29","","15","","12.9","","88.62","","34","","","","NA"
"-114.01","51.12","CALGARY INTL A","3031092","2024-07-10 19:00","2024","07","10","19:00","","30.7","","13.2","","34","","","","19","","14","","19.3","","88.62","","34","","","","NA"
"-114.01","51.12","CALGARY INTL A","3031092","2024-07-10 20:00","2024","07","10","20:00","","27.4","","13.7","","42","","","","19","","14","","19.3","","88.63","","31","","","","Mainly Clear"
"-114.01","51.12","CALGARY INTL A","3031092","2024-07-10 21:00","2024","07","10","21:00","","27.1","","15.0","","47","","","","20","","9","","19.3","","88.64","","31","","","","NA"
"-114.01","51.12","CALGARY INTL A","3031092","2024-07-10 22:00","2024","07","10","22:00","","26.1","","12.5","","42","","","","","","0","","19.3","","88.66","","29","","","","NA"
"-114.01","51.12","CALGARY INTL A","3031092","2024-07-10 23:00","2024","07","10","23:00","","24.2","","5.2","","29","","","","36","","4","","19.3","","88.68","","","","","","Clear"
"-114.01","51.12","CALGARY INTL A","3031092","2024-07-11 00:00","2024","07","11","00:00"
"-114.01","51.12","CALGARY INTL A","3031092","2024-07-11 01:00","2024","07","11","01:00","","19.8","","5.6","","39","","","","22","","8","","19.3","","88.73","","","","","","NA"
"-114.01","51.12","CALGARY INTL A","3031092","2024-07-11 02:00","2024","07","11","02:00","","18.2","","5.7","","44","","","","","","0","","19.3","","88.72","","","","","","Clear"
"-114.01","51.12","CALGARY INTL A","3031092","2024-07-11 03:00","2024","07","11","03:00","","21.9","","2.2","","27","","","","29","","7","","24.1","","88.71","","","","","","NA"
"-114.01","51.12","CALGARY INTL A","3031092","2024-07-11 04:00","2024","07","11","04:00","","16.9","","4.3","","43","","","","15","","5","","24.1","","88.75","","","","","","NA"
"-114.01","51.12","CALGARY INTL A","3031092","2024-07-11 05:00","2024","07","11","05:00","","16.7","","5.4","","47","","","","18","","4","","24.1","","88.78","","","","","","Mainly Clear"
"-114.01","51.12","CALGARY INTL A","3031092","2024-07-11 06:00","2024","07","11","06:00","","18.1","","6.5","","46","","","","20","","4","","24.1","","88.79","","","","","","NA"
"-114.01","51.12","CALGARY INTL A","3031092","2024-07-11 07:00","2024","07","11","07:00","","21.0","","6.8","","39","","","","22","","6","","32.2","","88.81","","","","","","NA"
"-114.01","51.12","CALGARY INTL A","3031092","2024-07-11 08:00","2024","07","11","08:00","","24.5","","9.0","","37","","","","33","","22","","32.2","","88.86","","25","","","","Mainly Clear"
"-114.01","51.12","CALGARY INTL A","3031092","2024-07-11 09:00","2024","07","11","09:00","","24.5","","14.5","","53","","","","34","","28","","24.1","","88.87","","28","","","","NA"
"-114.01","51.12","CALGARY INTL A","3031092","2024-07-11 10:00","2024","07","11","10:00","","25.5","","14.7","","50","","","","34","","25","","14.5","","88.88","","29","","","","NA"
"-114.01","51.12","CALGARY INTL A","3031092","2024-07-11 11:00","2024","07","11","11:00","","26.1","","11.8","","40","","","","34","","29","","14.5","","88.89","","28","","","","Clear"
"-114.01","51.12","CALGARY INTL A","3031092","2024-07-11 12:00","2024","07","11","12:00","","26.8","","12.2","","40","","","","1","","22","","24.1","","88.88","","29","","","","NA"
"-114.01","51.12","CALGARY INTL A","3031092","2024-07-11 13:00","2024","07","11","13:00","","27.3","","13.3","","41","","","","3","","19","","24.1","","88.84","","30","","","","NA"
"-114.01","51.12","CALGARY INTL A","3031092","2024-07-11 14:00","2024","07","11","14:00","","27.7","","14.4","","43","","","","6","","22","","24.1","","88.83","","31","","","","Mainly Clear"
"-114.01","51.12","CALGARY INTL A","3031092","2024-07-11 15:00","2024","07","11","15:00","","27.9","","15.1","","45","","","","5","","15","","24.1","","88.80","","32","","","","NA"
"-114.01","51.12","CALGARY INTL A","3031092","2024-07-11 16:00","2024","07","11","16:00","","28.4","","14.5","","42","","","","6","","13","","24.1","","88.79","","32","","","","NA"
"-114.01","51.12","CALGARY INTL A","3031092","2024-07-11 17:00","2024","07","11","17:00","","28.6","","14.8","","42","","","","11","","13","","24.1","","88.76","","32","","","","Clear"
"-114.01","51.12","CALGARY INTL A","3031092","2024-07-11 18:00","2024","07","11","18:00","","27.7","","14.9","","45","","","","9","","14","","24.1","","88.76","","32","","","","NA"
"-114.01","51.12","CALGARY INTL A","3031092","2024-07-11 19:00","2024","07","11","19:00","","26.3","","16.0","","53","","","","9","","10","","24.1","","88.78","","31","","","","NA"
"-114.01","51.12","CALGARY INTL A","3031092","2024-07-11 20:00","2024","07","11","20:00","","24.9","","16.1","","58","","","","5","","13","","24.1","","88.79","","30","","","","Clear"
"-114.01","51.12","CALGARY INTL A","3031092","2024-07-11 21:00","2024","07","11","21:00","","23.4","","15.3","","60","","","","3","","16","","19.3","","88.85","","28","","","","NA"
"-114.01","51.12","CALGARY INTL A","3031092","2024-07-11 22:00","2024","07","11","22:00","","21.5","","15.4","","68","","","","36","","12","","19.3","","88.90","","26","","","","NA"
"-114.01","51.12","CALGARY INTL A","3031092","2024-07-11 23:00","2024","07","11","23:00","","20.3","","15.3","","73","","","","36","","15","","24.1","","89.00","","","","","","Clear"
"-114.01","51.12","CALGARY INTL A","3031092","2024-07-12 00:00","2024","07","12","00:00","","20.0","","14.2","","69","","","","35","","23","","19.3","","89.09","","","","","","NA"
"-114.01","51.12","CALGARY INTL A","3031092","2024-07-12 01:00","2024","07","12","01:00","","18.0","","11.9","","67","","","","35","","26","","19.3","","89.16","","","","","","NA"
"-114.01","51.12","CALGARY INTL A","3031092","2024-07-12 02:00","2024","07","12","02:00","","17.1","","11.2","","68","","","","34","","22","","19.3","","89.24","","","","","","Mostly Cloudy"
"-114.01","51.12","CALGARY INTL A","3031092","2024-07-12 03:00","2024","07","12","03:00","","16.5","","11.3","","71","","","","36","","17","","24.1","","89.34","","","","","","NA"
"-114.01","51.12","CALGARY INTL A","3031092","2024-07-12 04:00","2024","07","12","04:00","","16.1","","11.2","","73","","","","35","","21","","24.1","","89.34","","","","","","NA"
"-114.01","51.12","CALGARY INTL A","3031092","2024-07-12 05:00","2024","07","12","05:00","","15.8","","10.2","","69","","","","36","","20","","24.1","","89.46","","","","","","Mostly Cloudy"
"-114.01","51.12","CALGARY INTL A","3031092","2024-07-12 06:00","2024","07","12","06:00","","15.7","","10.2","","69","","","","36","","18","","24.1","","89.55","","","","","","NA"
"-114.01","51.12","CALGARY INTL A","3031092","2024-07-12 07:00","2024","07","12","07:00","","16.5","","9.4","","62","","","","36","","11","","24.1","","89.56","","","","","","NA"
"-114.01","51.12","CALGARY INTL A","3031092","2024-07-12 08:00","2024","07","12","08:00","","17.1","","5.8","","47","","","","36","","13","","32.2","","89.56","","","","","","Mostly Cloudy"
"-114.01","51.12","CALGARY INTL A","3031092","2024-07-12 09:00","2024","07","12","09:00","","18.6","","6.8","","46","","","","34","","12","","32.2","","89.56","","","","","","NA"
"-114.01","51.12","CALGARY INTL A","3031092","2024-07-12 10:00","2024","07","12","10:00","","19.2","","5.5","","40","","","","2","","5","","32.2","","89.54","","","","","","NA"
"-114.01","51.12","CALGARY INTL A","3031092","2024-07-12 11:00","2024","07","12","11:00","","19.8","","6.5","","42","","","","34","","4","","32.2","","89.49","","","","","","Clear"
"-114.01","51.12","CALGARY INTL A","3031092","2024-07-12 12:00","2024","07","12","12:00","","20.9","","6.6","","39","","","","11","","13","","32.2","","89.43","","","","","","NA"
"-114.01","51.12","CALGARY INTL A","3031092","2024-07-12 13:00","2024","07","12","13:00","","21.7","","6.9","","38","","","","15","","10","","32.2","","89.38","","","","","","NA"
"-114.01","51.12","CALGARY INTL A","3031092","2024-07-12 14:00","2024","07","12","14:00","","22.4","","7.5","","38","","","","14","","21","","32.2","","89.34","","","","","","Clear"
"-114.01","51.12","CALGARY INTL A","3031092","2024-07-12 15:00","2024","07","12","15:00","","23.1","","9.3","","41","","","","15","","19","","32.2","","89.29","","","","","","NA"
"-114.01","51.12","CALGARY INTL A","3031092","2024-07-12 16:00","2024","07","12","16:00","","23.8","","9.3","","39","","","","16","","21","","32.2","","89.25","","25","","","","NA"
"-114.01","51.12","CALGARY INTL A","3031092","2024-07-12 17:00","2024","07","12","17:00","","23.6","","9.9","","41","","","","15","","24","","32.2","","89.22","","25","","","","Mainly Clear"
"-114.01","51.12","CALGARY INTL A","3031092","2024-07-12 18:00","2024","07","12","18:00","","22.2","","9.9","","45","","","","13","","17","","32.2","","89.25","","","","","","NA"
"-114.01","51.12","CALGARY INTL A","3031092","2024-07-12 19:00","2024","07","12","19:00","","22.3","","10.8","","48","","","","12","","21","","24.1","","89.27","","","","","","NA"
"-114.01","51.12","CALGARY INTL A","3031092","2024-07-12 20:00","2024","07","12","20:00","","21.1","","9.8","","48","","","","11","","18","","32.2","","89.28","","","","","","Mostly Cloudy"
"-114.01","51.12","CALGARY INTL A","3031092","2024-07-12 21:00","2024","07","12","21:00","","20.0","","11.1","","56","","","","11","","14","","48.3","","89.30","","","","","","NA"
"-114.01","51.12","CALGARY INTL A","3031092","2024-07-12 22:00","2024","07","12","22:00","","18.6","","10.2","","58","","","","10","","12","","24.1","","89.33","","","","","","NA"
"-114.01","51.12","CALGARY INTL A","3031092","2024-07-12 23:00","2024","07","12","23:00","","17.1","","10.4","","64","","","","10","","12","","24.1","","89.34","","","","","","Mainly Clear"
"-114.01","51.12","CALGARY INTL A","3031092","2024-07-13 00:00","2024","07","13","00:00","","17.2","","9.0","","58","","","","12","","16","","24.1","","89.35","","","","","","NA"
"-114.01","51.12","CALGARY INTL A","3031092","2024-07-13 01:00","2024","07","13","01:00","","16.8","","9.2","","61","","","","20","","4","","24.1","","89.33","","","","","","NA"
"-114.01","51.12","CALGARY INTL A","3031092","2024-07-13 02:00","2024","07","13","02:00","","16.4","","9.2","","62","","","","","","0","","24.1","","89.30","","","","","","Clear"
"-114.01","51.12","CALGARY INTL A","3031092","2024-07-13 03:00","2024","07","13","03:00","","13.9","","9.3","","74","","","","4","","3","","16.1","","89.27","","","","","","NA"
"-114.01","51.12","CALGARY INTL A","3031092","2024-07-13 04:00","2024","07","13","04:00","","13.7","","9.2","","74","","","","34","","4","","16.1","","89.28","","","","","","NA"
"-114.01","51.12","CALGARY INTL A","3031092","2024-07-13 05:00","2024","07","13","05:00","","12.7","","9.1","","79","","","","36","","3","","24.1","","89.28","","","","","","Mostly Cloudy"
"-114.01","51.12","CALGARY INTL A","3031092","2024-07-13 06:00","2024","07","13","06:00","","14.4","","9.4","","71","","","","","","0","","24.1","","89.26","","","","","","NA"
"-114.01","51.12","CALGARY INTL A","3031092","2024-07-13 07:00","2024","07","13","07:00","","15.9","","10.7","","71","","","","21","","6","","32.2","","89.24","","","","","","NA"
"-114.01","51.12","CALGARY INTL A","3031092","2024-07-13 08:00","2024","07","13","08:00","","17.4","","11.3","","67","","","","21","","4","","32.2","","89.24","","","","","","Mostly Cloudy"
"-114.01","51.12","CALGARY INTL A","3031092","2024-07-13 09:00","2024","07","13","09:00","","20.0","","11.3","","57","","","","18","","16","","32.2","","89.21","","","","","","NA"
"-114.01","51.12","CALGARY INTL A","3031092","2024-07-13 10:00","2024","07","13","10:00","","21.3","","10.8","","51","","","","17","","15","","32.2","","89.19","","","","","","NA"
"-114.01","51.12","CALGARY INTL A","3031092","2024-07-13 11:00","2024","07","13","11:00","","23.5","","11.8","","47","","","","20","","7","","32.2","","89.14","","26","","","","Mostly Cloudy"
"-114.01","51.12","CALGARY INTL A","3031092","2024-07-13 12:00","2024","07","13","12:00","","24.8","","9.8","","38","","","","17","","8","","32.2","","89.11","","26","","","","NA"
"-114.01","51.12","CALGARY INTL A","3031092","2024-07-13 13:00","2024","07","13","13:00","","26.2","","11.8","","40","","","","11","","19","","32.2","","89.05","","28","","","","NA"
"-114.01","51.12","CALGARY INTL A","3031092","2024-07-13 14:00","2024","07","13","14:00","","27.0","","11.6","","38","","","","14","","16","","32.2","","89.00","","29","","","","Mostly Cloudy"
"-114.01","51.12","CALGARY INTL A","3031092","2024-07-13 15:00","2024","07","13","15:00","","26.1","","11.6","","40","","","","10","","17","","32.2","","88.97","","28","","","","NA"
"-114.01","51.12","CALGARY INTL A","3031092","2024-07-13 16:00","2024","07","13","16:00","","25.4","","11.5","","41","","","","8","","28","","32.2","","88.94","","27","","","","NA"
"-114.01","51.12","CALGARY INTL A","3031092","2024-07-13 17:00","2024","07","13","17:00","","25.6","","9.8","","36","","","","6","","21","","32.2","","88.94","","27","","","","Mostly Cloudy"
"-114.01","51.12","CALGARY INTL A","3031092","2024-07-13 18:00","2024","07","13","18:00","","25.6","","10.4","","38","","","","7","","18","","24.1","","88.96","","27","","","","NA"
"-114.01","51.12","CALGARY INTL A","3031092","2024-07-13 19:00","2024","07","13","19:00","","23.8","","9.4","","40","","","","4","","32","","24.1","","89.00","","25","","","","NA"
"-114.01","51.12","CALGARY INTL A","3031092","2024-07-13 20:00","2024","07","13","20:00","","21.6","","9.1","","44","","","","2","","25","","24.1","","89.05","","","","","","Mainly Clear"
"-114.01","51.12","CALGARY INTL A","3031092","2024-07-13 21:00","2024","07","13","21:00","","19.5","","11.0","","58","","","","2","","20","","24.1","","89.14","","","","","","NA"
"-114.01","51.12","CALGARY INTL A","3031092","2024-07-13 22:00","2024","07","13","22:00","","18.0","","11.1","","64","","","","35","","10","","16.1","","89.18","","","","","","NA"
"-114.01","51.12","CALGARY INTL A","3031092","2024-07-13 23:00","2024","07","13","23:00","","16.9","","10.6","","66","","","","35","","11","","24.1","","89.22","","","","","","Mainly Clear"
"-114.01","51.12","CALGARY INTL A","3031092","2024-07-14 00:00","2024","07","14","00:00","","16.4","","10.5","","68","","","","34","","9","","16.1","","89.24","","","","","","NA"
"-114.01","51.12","CALGARY INTL A","3031092","2024-07-14 01:00","2024","07","14","01:00","","17.2","","11.2","","68","","","","32","","6","","16.1","","89.24","","","","","","NA"
"-114.01","51.12","CALGARY INTL A","3031092","2024-07-14 02:00","2024","07","14","02:00","","17.2","","11.7","","70","","","","2","","4","","16.1","","89.23","","","","","","Cloudy"
"-114.01","51.12","CALGARY INTL A","3031092","2024-07-14 03:00","2024","07","14","03:00","","15.8","","11.6","","76","","","","2","","5","","16.1","","89.20","","","","","","NA"
"-114.01","51.12","CALGARY INTL A","3031092","2024-07-14 04:00","2024","07","14","04:00","","15.6","","11.4","","76","","","","31","","5","","16.1","","89.16","","","","","","NA"
"-114.01","51.12","CALGARY INTL A","3031092","2024-07-14 05:00","2024","07","14","05:00","","14.7","","10.8","","77","","","","36","","3","","32.2","","89.18","","","","","","Mostly Cloudy"
"-114.01","51.12","CALGARY INTL A","3031092","2024-07-14 06:00","2024","07","14","06:00","","14.5","","11.0","","79","","","","22","","6","","32.2","","89.19","","","","","","NA"
"-114.01","51.12","CALGARY INTL A","3031092","2024-07-14 07:00","2024","07","14","07:00","","16.8","","11.5","","71","","","","18","","8","","16.1","","89.20","","","","","","NA"
"-114.01","51.12","CALGARY INTL A","3031092","2024-07-14 08:00","2024","07","14","08:00","","19.6","","11.3","","58","","","","18","","17","","16.1","","89.19","","","","","","Mainly Clear"
"-114.01","51.12","CALGARY INTL A","3031092","2024-07-14 09:00","2024","07","14","09:00","","21.0","","9.6","","48","","","","18","","23","","16.1","","89.19","","","","","","NA"
"-114.01","51.12","CALGARY INTL A","3031092","2024-07-14 10:00","2024","07","14","10:00","","21.6","","9.7","","46","","","","16","","13","","16.1","","89.22","","","","","","NA"
"-114.01","51.12","CALGARY INTL A","3031092","2024-07-14 11:00","2024","07","14","11:00","","21.8","","10.6","","48","","","","6","","14","","24.1","","89.24","","","","","","Mostly Cloudy"
"-114.01","51.12","CALGARY INTL A","3031092","2024-07-14 12:00","2024","07","14","12:00","","21.1","","10.1","","49","","","","7","","12","","16.1","","89.25","","","","","","NA"
"-114.01","51.12","CALGARY INTL A","3031092","2024-07-14 13:00","2024","07","14","13:00","","19.6","","13.8","","69","","","","2","","34","","12.9","","89.27","","","","","","NA"
"-114.01","51.12","CALGARY INTL A","3031092","2024-07-14 14:00","2024","07","14","14:00","","17.5","","13.2","","76","","","","4","","20","","12.9","","89.28","","","","","","Cloudy"
"-114.01","51.12","CALGARY INTL A","3031092","2024-07-14 15:00","2024","07","14","15:00","","17.2","","12.8","","75","","","","4","","24","","12.9","","89.28","","","","","","NA"
"-114.01","51.12","CALGARY INTL A","3031092","2024-07-14 16:00","2024","07","14","16:00","","19.5","","13.3","","67","","","","5","","15","","16.1","","89.24","","","","","","NA"
"-114.01","51.12","CALGARY INTL A","3031092","2024-07-14 17:00","2024","07","14","17:00","","20.0","","12.1","","60","","","","8","","13","","24.1","","89.22","","","","","","Mainly Clear"
"-114.01","51.12","CALGARY INTL A","3031092","2024-07-14 18:00","2024","07","14","18:00","","19.8","","12.3","","62","","","","11","","10","","24.1","","89.21","","","","","","NA"
"-114.01","51.12","CALGARY INTL A","3031092","2024-07-14 19:00","2024","07","14","19:00","","19.5","","11.9","","61","","","","11","","8","","16.1","","89.25","","","","","","NA"
"-114.01","51.12","CALGARY INTL A","3031092","2024-07-14 20:00","2024","07","14","20:00","","19.1","","11.8","","62","","","","10","","13","","16.1","","89.23","","","","","","Mostly Cloudy"
"-114.01","51.12","CALGARY INTL A","3031092","2024-07-14 21:00","2024","07","14","21:00","","17.8","","13.0","","73","","","","17","","15","","16.1","","89.26","","","","","","NA"
"-114.01","51.12","CALGARY INTL A","3031092","2024-07-14 22:00","2024","07","14","22:00","","17.5","","12.9","","74","","","","17","","18","","16.1","","89.26","","","","","","NA"
"-114.01","51.12","CALGARY INTL A","3031092","2024-07-14 23:00","2024","07","14","23:00","","16.0","","12.6","","80","","","","18","","13","","16.1","","89.24","","","","","","Mainly Clear"
"-114.01","51.12","CALGARY INTL A","3031092","2024-07-15 00:00","2024","07","15","00:00","","15.9","","12.8","","81","","","","20","","13","","16.1","","89.24","","","","","","NA"
"-114.01","51.12","CALGARY INTL A","3031092","2024-07-15 01:00","2024","07","15","01:00","","14.9","","11.9","","82","","","","19","","12","","16.1","","89.20","","","","","","NA"
"-114.01","51.12","CALGARY INTL A","3031092","2024-07-15 02:00","2024","07","15","02:00","","14.0","","11.7","","86","","","","19","","12","","16.1","","89.15","","","","","","Mainly Clear"
"-114.01","51.12","CALGARY INTL A","3031092","2024-07-15 03:00","2024","07","15","03:00","","14.1","","11.8","","86","","","","19","","16","","16.1","","89.09","","","","","","NA"
"-114.01","51.12","CALGARY INTL A","3031092","2024-07-15 04:00","2024","07","15","04:00","","13.4","","11.5","","88","","","","17","","13","","16.1","","89.08","","","","","","NA"
"-114.01","51.12","CALGARY INTL A","3031092","2024-07-15 05:00","2024","07","15","05:00","","13.4","","11.4","","88","","","","18","","12","","32.2","","89.06","","","","","","Mainly Clear"
"-114.01","51.12","CALGARY INTL A","3031092","2024-07-15 06:00","2024","07","15","06:00","","14.4","","11.9","","85","","","","19","","8","","32.2","","89.03","","","","","","NA"
"-114.01","51.12","CALGARY INTL A","3031092","2024-07-15 07:00","2024","07","15","07:00","","16.0","","11.9","","76","","","","23","","4","","14.5","","89.03","","","","","","NA"
"-114.01","51.12","CALGARY INTL A","3031092","2024-07-15 08:00","2024","07","15","08:00","","18.2","","13.2","","72","","","","19","","5","","12.9","","89.02","","","","","","Mainly Clear"
"-114.01","51.12","CALGARY INTL A","3031092","2024-07-15 09:00","2024","07","15","09:00","","20.2","","13.5","","65","","","","11","","5","","12.9","","89.00","","","","","","NA"
"-114.01","51.12","CALGARY INTL A","3031092","2024-07-15 10:00","2024","07","15","10:00","","22.8","","14.2","","58","","","","13","","3","","12.9","","88.97","","26","","","","NA"
"-114.01","51.12","CALGARY INTL A","3031092","2024-07-15 11:00","2024","07","15","11:00","","25.8","","14.2","","48","","","","1","","10","","12.9","","88.95","","29","","","","Mainly Clear"
"-114.01","51.12","CALGARY INTL A","3031092","2024-07-15 12:00","2024","07","15","12:00","","26.8","","13.0","","42","","","","1","","17","","24.1","","88.94","","30","","","","NA"
"-114.01","51.12","CALGARY INTL A","3031092","2024-07-15 13:00","2024","07","15","13:00","","27.6","","9.6","","32","","","","1","","18","","24.1","","88.95","","29","","","","NA"
"-114.01","51.12","CALGARY INTL A","3031092","2024-07-15 14:00","2024","07","15","14:00","","28.1","","8.4","","28","","","","1","","18","","24.1","","88.95","","29","","","","Mostly Cloudy"
"-114.01","51.12","CALGARY INTL A","3031092","2024-07-15 15:00","2024","07","15","15:00","","27.7","","11.8","","37","","","","3","","20","","24.1","","88.94","","30","","","","NA"
"-114.01","51.12","CALGARY INTL A","3031092","2024-07-15 16:00","2024","07","15","16:00","","27.8","","11.6","","36","","","","2","","22","","24.1","","88.97","","30","","","","NA"
"-114.01","51.12","CALGARY INTL A","3031092","2024-07-15 17:00","2024","07","15","17:00","","27.2","","11.3","","37","","","","2","","17","","24.1","","88.98","","29","","","","Mainly Clear"
"-114.01","51.12","CALGARY INTL A","3031092","2024-07-15 18:00","2024","07","15","18:00","","26.6","","11.4","","38","","","","6","","21","","24.1","","88.98","","29","","","","NA"
"-114.01","51.12","CALGARY INTL A","3031092","2024-07-15 19:00","2024","07","15","19:00","","24.8","","11.4","","43","","","","5","","14","","32.2","","89.00","","27","","","","NA"
"-114.01","51.12","CALGARY INTL A","3031092","2024-07-15 20:00","2024","07","15","20:00","","23.8","","11.5","","45","","","","7","","10","","32.2","","89.03","","26","","","","Mostly Cloudy"
"-114.01","51.12","CALGARY INTL A","3031092","2024-07-15 21:00","2024","07","15","21:00","","21.7","","12.7","","56","","","","10","","11","","24.1","","89.08","","","","","","NA"
"-114.01","51.12","CALGARY INTL A","3031092","2024-07-15 22:00","2024","07","15","22:00","","22.0","","13.6","","58","","","","13","","9","","24.1","","89.11","","25","","","","NA"
"-114.01","51.12","CALGARY INTL A","3031092","2024-07-15 23:00","2024","07","15","23:00","","22.4","","13.5","","57","","","","19","","4","","24.1","","89.13","","25","","","","Mostly Cloudy"
"-114.01","51.12","CALGARY INTL A","3031092","2024-07-16 00:00","2024","07","16","00:00","","21.9","","13.5","","59","","","","18","","6","","24.1","","89.16","","25","","","","NA"
"-114.01","51.12","CALGARY INTL A","3031092","2024-07-16 01:00","2024","07","16","01:00","","21.4","","13.5","","60","","","","21","","4","","24.1","","89.18","","","","","","Thunderstorms"
"-114.01","51.12","CALGARY INTL A","3031092","2024-07-16 02:00","2024","07","16","02:00","","17.8","","14.0","","78","","","","1","","8","","24.1","","89.22","","","","","","Mostly Cloudy"
"-114.01","51.12","CALGARY INTL A","3031092","2024-07-16 03:00","2024","07","16","03:00","","19.2","","13.9","","71","","","","36","","7","","24.1","","89.26","","","","","","NA"
"-114.01","51.12","CALGARY INTL A","3031092","2024-07-16 04:00","2024","07","16","04:00","","17.7","","13.9","","78","","","","33","","8","","24.1","","89.27","","","","","","NA"
"-114.01","51.12","CALGARY INTL A","3031092","2024-07-16 05:00","2024","07","16","05:00","","17.2","","13.4","","78","","","","","","0","","24.1","","89.31","","","","","","Mostly Cloudy"
"-114.01","51.12","CALGARY INTL A","3031092","2024-07-16 06:00","2024","07","16","06:00","","18.3","","13.0","","71","","","","26","","9","","24.1","","89.34","","","","","","NA"
"-114.01","51.12","CALGARY INTL A","3031092","2024-07-16 07:00","2024","07","16","07:00","","19.8","","13.1","","65","","","","","","0","","16.1","","89.37","","","","","","NA"
"-114.01","51.12","CALGARY INTL A","3031092","2024-07-16 08:00","2024","07","16","08:00","","22.9","","14.1","","57","","","","","","0","","24.1","","89.38","","26","","","","Mainly Clear"
"-114.01","51.12","CALGARY INTL A","3031092","2024-07-16 09:00","2024","07","16","09:00","","23.0","","13.3","","54","","","","17","","8","","12.9","","89.40","","26","","","","NA"
"-114.01","51.12","CALGARY INTL A","3031092","2024-07-16 10:00","2024","07","16","10:00","","25.2","","12.9","","46","","","","18","","10","","12.9","","89.40","","28","","","","NA"
"-114.01","51.12","CALGARY INTL A","3031092","2024-07-16 11:00","2024","07","16","11:00","","25.6","","15.6","","53","","","","8","","17","","12.9","","89.41","","30","","","","Mainly Clear"
"-114.01","51.12","CALGARY INTL A","3031092","2024-07-16 12:00","2024","07","16","12:00","","26.5","","16.0","","52","","","","9","","18","","16.1","","89.41","","31","","","","NA"
"-114.01","51.12","CALGARY INTL A","3031092","2024-07-16 13:00","2024","07","16","13:00","","27.2","","14.2","","44","","","","13","","20","","16.1","","89.38","","31","","","","NA"
"-114.01","51.12","CALGARY INTL A","3031092","2024-07-16 14:00","2024","07","16","14:00","","26.9","","14.8","","47","","","","16","","22","","16.1","","89.37","","31","","","","Mainly Clear"
"-114.01","51.12","CALGARY INTL A","3031092","2024-07-16 15:00","2024","07","16","15:00","","28.0","","14.7","","44","","","","13","","23","","16.1","","89.36","","32","","","","NA"
"-114.01","51.12","CALGARY INTL A","3031092","2024-07-16 16:00","2024","07","16","16:00","","29.0","","15.4","","43","","","","16","","20","","12.9","","89.31","","33","","","","NA"
"-114.01","51.12","CALGARY INTL A","3031092","2024-07-16 17:00","2024","07","16","17:00","","26.5","","14.4","","47","","","","17","","15","","24.1","","89.34","","30","","","","Mostly Cloudy"
"-114.01","51.12","CALGARY INTL A","3031092","2024-07-16 18:00","2024","07","16","18:00","","27.7","","14.3","","43","","","","14","","19","","24.1","","89.31","","31","","","","NA"
"-114.01","51.12","CALGARY INTL A","3031092","2024-07-16 19:00","2024","07","16","19:00","","26.6","","15.2","","49","","","","16","","17","","16.1","","89.32","","31","","","","NA"
"-114.01","51.12","CALGARY INTL A","3031092","2024-07-16 20:00","2024","07","16","20:00","","25.3","","14.6","","51","","","","15","","20","","16.1","","89.32","","29","","","","Mainly Clear"
"-114.01","51.12","CALGARY INTL A","3031092","2024-07-16 21:00","2024","07","16","21:00","","23.9","","13.6","","52","","","","17","","11","","16.1","","89.34","","27","","","","NA"
"-114.01","51.12","CALGARY INTL A","3031092","2024-07-16 22:00","2024","07","16","22:00","","21.4","","14.1","","63","","","","18","","12","","16.1","","89.36","","25","","","","NA"
"-114.01","51.12","CALGARY INTL A","3031092","2024-07-16 23:00","2024","07","16","23:00","","21.3","","14.6","","65","","","","18","","11","","24.1","","89.36","","25","","","","Mainly Clear"
"-114.01","51.12","CALGARY INTL A","3031092","2024-07-17 00:00","2024","07","17","00:00","","21.1","","14.7","","66","","","","19","","10","","16.1","","89.37","","25","","","","NA"
"-114.01","51.12","CALGARY INTL A","3031092","2024-07-17 01:00","2024","07","17","01:00","","20.5","","15.1","","71","","","","16","","9","","24.1","","89.37","","25","","","","NA"
"-114.01","51.12","CALGARY INTL A","3031092","2024-07-17 02:00","2024","07","17","02:00","","20.2","","15.3","","73","","","","19","","6","","24.1","","89.38","","","","","","Mainly Clear"
"-114.01","51.12","CALGARY INTL A","3031092","2024-07-17 03:00","2024","07","17","03:00","","19.9","","15.3","","75","","","","20","","7","","24.1","","89.36","","","","","","NA"
"-114.01","51.12","CALGARY INTL A","3031092","2024-07-17 04:00","2024","07","17","04:00","","19.1","","15.3","","78","","","","21","","4","","24.1","","89.34","","","","","","NA"
"-114.01","51.12","CALGARY INTL A","3031092","2024-07-17 05:00","2024","07","17","05:00","","17.4","","14.1","","81","","","","","","0","","24.1","","89.38","","","","","","Mainly Clear"
"-114.01","51.12","CALGARY INTL A","3031092","2024-07-17 06:00","2024","07","17","06:00","","17.1","","14.1","","82","","","","34","","8","","32.2","","89.40","","","","","","NA"
"-114.01","51.12","CALGARY INTL A","3031092","2024-07-17 07:00","2024","07","17","07:00","","19.6","","14.7","","73","","","","","","0","","24.1","","89.42","","","","","","NA"
"-114.01","51.12","CALGARY INTL A","3031092","2024-07-17 08:00","2024","07","17","08:00","","20.6","","15.1","","70","","","","24","","5","","32.2","","89.43","","25","","","","Mostly Cloudy"
"-114.01","51.12","CALGARY INTL A","3031092","2024-07-17 09:00","2024","07","17","09:00","","22.5","","14.5","","60","","","","19","","9","","24.1","","89.45","","26","","","","NA"
"-114.01","51.12","CALGARY INTL A","3031092","2024-07-17 10:00","2024","07","17","10:00","","24.7","","15.6","","56","","","","16","","12","","14.5","","89.44","","29","","","","NA"
"-114.01","51.12","CALGARY INTL A","3031092","2024-07-17 11:00","2024","07","17","11:00","","25.8","","17.1","","58","","","","18","","11","","14.5","","89.43","","31","","","","Mainly Clear"
"-114.01","51.12","CALGARY INTL A","3031092","2024-07-17 12:00","2024","07","17","12:00","","28.7","","15.7","","45","","","","15","","15","","14.5","","89.39","","33","","","","NA"
"-114.01","51.12","CALGARY INTL A","3031092","2024-07-17 13:00","2024","07","17","13:00","","29.6","","13.7","","37","","","","16","","15","","24.1","","89.38","","33","","","","NA"
"-114.01","51.12","CALGARY INTL A","3031092","2024-07-17 14:00","2024","07","17","14:00","","30.3","","14.6","","38","","","","12","","19","","24.1","","89.36","","34","","","","Mainly Clear"
"-114.01","51.12","CALGARY INTL A","3031092","2024-07-17 15:00","2024","07","17","15:00","","30.9","","14.3","","36","","","","16","","21","","24.1","","89.32","","34","","","","NA"
"-114.01","51.12","CALGARY INTL A","3031092","2024-07-17 16:00","2024","07","17","16:00","","30.6","","14.8","","38","","","","17","","17","","24.1","","89.28","","34","","","","NA"
"-114.01","51.12","CALGARY INTL A","3031092","2024-07-17 17:00","2024","07","17","17:00","","30.8","","13.5","","34","","","","19","","20","","24.1","","89.22","","34","","","","Mostly Cloudy"
"-114.01","51.12","CALGARY INTL A","3031092","2024-07-17 18:00","2024","07","17","18:00","","30.4","","14.3","","37","","","","17","","21","","24.1","","89.21","","34","","","","NA"
"-114.01","51.12","CALGARY INTL A","3031092","2024-07-17 19:00","2024","07","17","19:00","","28.5","","11.6","","34","","","","19","","14","","16.1","","89.21","","31","","","","NA"
"-114.01","51.12","CALGARY INTL A","3031092","2024-07-17 20:00","2024","07","17","20:00","","27.1","","8.0","","29","","","","17","","17","","16.1","","89.23","","28","","","","Mostly Cloudy"
"-114.01","51.12","CALGARY INTL A","3031092","2024-07-17 21:00","2024","07","17","21:00","","24.4","","8.4","","36","","","","17","","13","","24.1","","89.25","","25","","","","NA"
"-114.01","51.12","CALGARY INTL A","3031092","2024-07-17 22:00","2024","07","17","22:00","","23.5","","10.4","","43","","","","15","","10","","19.3","","89.24","","25","","","","NA"
"-114.01","51.12","CALGARY INTL A","3031092","2024-07-17 23:00","2024","07","17","23:00","","22.9","","14.5","","59","","","","14","","4","","24.1","","89.25","","27","","","","Mainly Clear"
"-114.01","51.12","CALGARY INTL A","3031092","2024-07-18 00:00","2024","07","18","00:00","","22.2","","15.8","","67","","","","20","","8","","19.3","","89.26","","27","","","","NA"
"-114.01","51.12","CALGARY INTL A","3031092","2024-07-18 01:00","2024","07","18","01:00","","21.1","","14.0","","64","","","","21","","9","","19.3","","89.23","","","","","","NA"
"-114.01","51.12","CALGARY INTL A","3031092","2024-07-18 02:00","2024","07","18","02:00","","19.7","","14.0","","69","","","","13","","8","","19.3","","89.18","","","","","","Clear"
"-114.01","51.12","CALGARY INTL A","3031092","2024-07-18 03:00","2024","07","18","03:00","","17.9","","13.0","","73","","","","15","","11","","19.3","","89.17","","","","","","NA"
"-114.01","51.12","CALGARY INTL A","3031092","2024-07-18 04:00","2024","07","18","04:00","","17.9","","13.1","","73","","","","18","","8","","19.3","","89.20","","","","","","NA"
"-114.01","51.12","CALGARY INTL A","3031092","2024-07-18 05:00","2024","07","18","05:00","","16.0","","12.7","","81","","","","21","","4","","19.3","","89.19","","","","","","Mostly Cloudy"
"-114.01","51.12","CALGARY INTL A","3031092","2024-07-18 06:00","2024","07","18","06:00","","17.5","","12.9","","74","","","","18","","8","","12.9","","89.19","","","","","","NA"
"-114.01","51.12","CALGARY INTL A","3031092","2024-07-18 07:00","2024","07","18","07:00","","20.2","","13.3","","64","","","","29","","5","","14.5","","89.21","","","","","","NA"
"-114.01","51.12","CALGARY INTL A","3031092","2024-07-18 08:00","2024","07","18","08:00","","21.2","","13.9","","63","","","","19","","17","","14.5","","89.26","","25","","","","Cloudy"
"-114.01","51.12","CALGARY INTL A","3031092","2024-07-18 09:00","2024","07","18","09:00","","23.2","","10.8","","45","","","","23","","26","","14.5","","89.30","","25","","","","NA"
"-114.01","51.12","CALGARY INTL A","3031092","2024-07-18 10:00","2024","07","18","10:00","","26.1","","11.7","","40","","","","22","","23","","14.5","","89.30","","28","","","","NA"
"-114.01","51.12","CALGARY INTL A","3031092","2024-07-18 11:00","2024","07","18","11:00","","26.6","","10.6","","36","","","","23","","20","","24.1","","89.25","","28","","","","Cloudy"
"-114.01","51.12","CALGARY INTL A","3031092","2024-07-18 12:00","2024","07","18","12:00","","28.1","","10.6","","33","","","","22","","24","","24.1","","89.25","","30","","","","NA"
"-114.01","51.12","CALGARY INTL A","3031092","2024-07-18 13:00","2024","07","18","13:00","","30.2","","9.4","","27","","","","20","","17","","24.1","","89.25","","31","","","","NA"
"-114.01","51.12","CALGARY INTL A","3031092","2024-07-18 14:00","2024","07","18","14:00","","31.4","","7.5","","22","","","","17","","12","","24.1","","89.22","","32","","","","Mostly Cloudy"
"-114.01","51.12","CALGARY INTL A","3031092","2024-07-18 15:00","2024","07","18","15:00","","31.1","","8.3","","24","","","","17","","16","","24.1","","89.22","","32","","","","NA"
"-114.01","51.12","CALGARY INTL A","3031092","2024-07-18 16:00","2024","07","18","16:00","","29.8","","12.3","","33","","","","16","","16","","24.1","","89.27","","32","","","","NA"
"-114.01","51.12","CALGARY INTL A","3031092","2024-07-18 17:00","2024","07","18","17:00","","30.4","","10.1","","28","","","","15","","19","","24.1","","89.28","","32","","","","Mostly Cloudy"
"-114.01","51.12","CALGARY INTL A","3031092","2024-07-18 18:00","2024","07","18","18:00","","28.0","","10.5","","33","","","","15","","16","","24.1","","89.27","","30","","","","NA"
"-114.01","51.12","CALGARY INTL A","3031092","2024-07-18 19:00","2024","07","18","19:00","","27.1","","12.3","","39","","","","16","","9","","16.1","","89.37","","30","","","","NA"
"-114.01","51.12","CALGARY INTL A","3031092","2024-07-18 20:00","2024","07","18","20:00","","24.6","","10.5","","41","","","","35","","14","","16.1","","89.40","","26","","","","Mostly Cloudy"
"-114.01","51.12","CALGARY INTL A","3031092","2024-07-18 21:00","2024","07","18","21:00","","23.5","","10.6","","44","","","","4","","13","","16.1","","89.46","","25","","","","NA"
"-114.01","51.12","CALGARY INTL A","3031092","2024-07-18 22:00","2024","07","18","22:00","","21.6","","11.5","","52","","","","35","","13","","16.1","","89.49","","","","","","NA"
"-114.01","51.12","CALGARY INTL A","3031092","2024-07-18 23:00","2024","07","18","23:00","","19.9","","11.8","","59","","","","36","","10","","16.1","","89.49","","","","","","Mainly Clear"
"-114.01","51.12","CALGARY INTL A","3031092","2024-07-19 00:00","2024","07","19","00:00","","21.2","","11.3","","53","","","","26","","6","","16.1","","89.49","","","","","","NA"
"-114.01","51.12","CALGARY INTL A","3031092","2024-07-19 01:00","2024","07","19","01:00","","20.4","","11.2","","55","","","","25","","5","","16.1","","89.50","","","","","","NA"
"-114.01","51.12","CALGARY INTL A","3031092","2024-07-19 02:00","2024","07","19","02:00","","18.7","","11.2","","61","","","","22","","7","","16.1","","89.47","","","","","","Mainly Clear"
"-114.01","51.12","CALGARY INTL A","3031092","2024-07-19 03:00","2024","07","19","03:00","","18.6","","10.8","","60","","","","22","","9","","16.1","","89.47","","","","","","NA"
"-114.01","51.12","CALGARY INTL A","3031092","2024-07-19 04:00","2024","07","19","04:00","","16.2","","11.1","","71","","","","11","","11","","16.1","","89.51","","","","","","NA"
"-114.01","51.12","CALGARY INTL A","3031092","2024-07-19 05:00","2024","07","19","05:00","","17.3","","11.4","","68","","","","11","","3","","12.9","","89.54","","","","","","Mostly Cloudy"
"-114.01","51.12","CALGARY INTL A","3031092","2024-07-19 06:00","2024","07","19","06:00","","17.2","","11.9","","71","","","","34","","7","","12.9","","89.58","","","","","","NA"
"-114.01","51.12","CALGARY INTL A","3031092","2024-07-19 07:00","2024","07","19","07:00","","19.5","","11.7","","60","","","","26","","4","","14.5","","89.59","","","","","","NA"
"-114.01","51.12","CALGARY INTL A","3031092","2024-07-19 08:00","2024","07","19","08:00","","21.1","","11.8","","55","","","","23","","9","","14.5","","89.61","","","","","","Mainly Clear"
"-114.01","51.12","CALGARY INTL A","3031092","2024-07-19 09:00","2024","07","19","09:00","","23.6","","11.6","","47","","","","17","","5","","14.5","","89.61","","26","","","","NA"
"-114.01","51.12","CALGARY INTL A","3031092","2024-07-19 10:00","2024","07","19","10:00","","25.6","","12.2","","43","","","","18","","9","","14.5","","89.58","","28","","","","NA"
"-114.01","51.12","CALGARY INTL A","3031092","2024-07-19 11:00","2024","07","19","11:00","","28.0","","11.3","","35","","","","19","","20","","14.5","","89.55","","30","","","","Mainly Clear"
"-114.01","51.12","CALGARY INTL A","3031092","2024-07-19 12:00","2024","07","19","12:00","","28.8","","12.9","","37","","","","18","","11","","14.5","","89.54","","32","","","","NA"
"-114.01","51.12","CALGARY INTL A","3031092","2024-07-19 13:00","2024","07","19","13:00","","30.6","","12.9","","33","","","","18","","16","","24.1","","89.54","","33","","","","NA"
"-114.01","51.12","CALGARY INTL A","3031092","2024-07-19 14:00","2024","07","19","14:00","","31.5","","11.6","","29","","","","17","","15","","24.1","","89.48","","34","","","","Mainly Clear"
"-114.01","51.12","CALGARY INTL A","3031092","2024-07-19 15:00","2024","07","19","15:00","","32.0","","10.3","","26","","","","16","","25","","24.1","","89.45","","33","","","","NA"
"-114.01","51.12","CALGARY INTL A","3031092","2024-07-19 16:00","2024","07","19","16:00","","32.4","","9.2","","23","","","","14","","23","","24.1","","89.44","","33","","","","NA"
"-114.01","51.12","CALGARY INTL A","3031092","2024-07-19 17:00","2024","07","19","17:00","","31.8","","7.4","","21","","","","14","","26","","24.1","","89.40","","32","","","","Mostly Cloudy"
"-114.01","51.12","CALGARY INTL A","3031092","2024-07-19 18:00","2024","07","19","18:00","","30.1","","7.6","","24","","","","16","","25","","24.1","","89.44","","30","","","","NA"
"-114.01","51.12","CALGARY INTL A","3031092","2024-07-19 19:00","2024","07","19","19:00","","25.5","","11.2","","40","","","","35","","19","","16.1","","89.59","","27","","","","NA"
"-114.01","51.12","CALGARY INTL A","3031092","2024-07-19 20:00","2024","07","19","20:00","","23.7","","11.5","","46","","","","36","","15","","16.1","","89.56","","26","","","","Mostly Cloudy"
"-114.01","51.12","CALGARY INTL A","3031092","2024-07-19 21:00","2024","07","19","21:00","","24.2","","9.6","","39","","","","6","","11","","12.9","","89.56","","25","","","","NA"
"-114.01","51.12","CALGARY INTL A","3031092","2024-07-19 22:00","2024","07","19","22:00","","20.8","","12.7","","59","","","","30","","11","","16.1","","89.67","","","","","","NA"
"-114.01","51.12","CALGARY INTL A","3031092","2024-07-19 23:00","2024","07","19","23:00","","20.8","","10.8","","52","","","","","","0","","16.1","","89.73","","","","","","Mostly Cloudy"
"-114.01","51.12","CALGARY INTL A","3031092","2024-07-20 00:00","2024","07","20","00:00","","19.8","","10.3","","54","","","","","","0","","16.1","","89.72","","","","","","NA"
"-114.01","51.12","CALGARY INTL A","3031092","2024-07-20 01:00","2024","07","20","01:00","","18.1","","11.3","","64","","","","9","","3","","16.1","","89.71","","","","","","NA"
"-114.01","51.12","CALGARY INTL A","3031092","2024-07-20 02:00","2024","07","20","02:00","","17.5","","11.1","","66","","","","36","","7","","12.9","","89.74","","","","","","Mostly Cloudy"
"-114.01","51.12","CALGARY INTL A","3031092","2024-07-20 03:00","2024","07","20","03:00","","18.3","","10.6","","61","","","","34","","21","","12.9","","89.80","","","","","","NA"
"-114.01","51.12","CALGARY INTL A","3031092","2024-07-20 04:00","2024","07","20","04:00","","17.7","","11.1","","65","","","","35","","21","","16.1","","89.83","","","","","","NA"
"-114.01","51.12","CALGARY INTL A","3031092","2024-07-20 05:00","2024","07","20","05:00","","17.5","","11.6","","68","","","","34","","13","","12.9","","89.89","","","","","","Mainly Clear"
"-114.01","51.12","CALGARY INTL A","3031092","2024-07-20 06:00","2024","07","20","06:00","","17.9","","12.2","","69","","","","34","","9","","16.1","","89.91","","","","","","NA"
"-114.01","51.12","CALGARY INTL A","3031092","2024-07-20 07:00","2024","07","20","07:00","","19.1","","12.6","","65","","","","35","","19","","14.5","","89.94","","","","","","NA"
"-114.01","51.12","CALGARY INTL A","3031092","2024-07-20 08:00","2024","07","20","08:00","","20.8","","12.9","","60","","","","36","","22","","14.5","","89.95","","","","","","Clear"
"-114.01","51.12","CALGARY INTL A","3031092","2024-07-20 09:00","2024","07","20","09:00","","22.3","","13.6","","57","","","","36","","20","","14.5","","89.96","","25","","","","NA"
"-114.01","51.12","CALGARY INTL A","3031092","2024-07-20 10:00","2024","07","20","10:00","","23.6","","13.8","","54","","","","34","","15","","14.5","","89.97","","27","","","","NA"
"-114.01","51.12","CALGARY INTL A","3031092","2024-07-20 11:00","2024","07","20","11:00","","25.2","","13.2","","47","","","","2","","10","","14.5","","89.95","","28","","","","Clear"
"-114.01","51.12","CALGARY INTL A","3031092","2024-07-20 12:00","2024","07","20","12:00","","26.4","","14.4","","47","","","","4","","5","","16.1","","89.94","","30","","","","NA"
"-114.01","51.12","CALGARY INTL A","3031092","2024-07-20 13:00","2024","07","20","13:00","","28.0","","11.2","","35","","","","12","","10","","24.1","","89.91","","30","","","","NA"
"-114.01","51.12","CALGARY INTL A","3031092","2024-07-20 14:00","2024","07","20","14:00","","29.3","","13.6","","38","","","","10","","15","","24.1","","89.88","","32","","","","Clear"
"-114.01","51.12","CALGARY INTL A","3031092","2024-07-20 15:00","2024","07","20","15:00","","29.4","","13.3","","37","","","","7","","8","","24.1","","89.85","","32","","","","NA"
"-114.01","51.12","CALGARY INTL A","3031092","2024-07-20 16:00","2024","07","20","16:00","","30.2","","15.0","","39","","","","13","","11","","24.1","","89.84","","34","","","","NA"
"-114.01","51.12","CALGARY INTL A","3031092","2024-07-20 17:00","2024","07","20","17:00","","30.4","","14.4","","37","","","","17","","12","","24.1","","89.82","","34","","","","Clear"
"-114.01","51.12","CALGARY INTL A","3031092","2024-07-20 18:00","2024","07","20","18:00","","29.3","","14.8","","41","","","","13","","14","","24.1","","89.82","","33","","","","NA"
"-114.01","51.12","CALGARY INTL A","3031092","2024-07-20 19:00","2024","07","20","19:00","","28.5","","14.7","","42","","","","12","","13","","16.1","","89.83","","32","","","","NA"
"-114.01","51.12","CALGARY INTL A","3031092","2024-07-20 20:00","2024","07","20","20:00","","27.4","","14.1","","43","","","","13","","13","","16.1","","89.84","","31","","","","Clear"
"-114.01","51.12","CALGARY INTL A","3031092","2024-07-20 21:00","2024","07","20","21:00","","24.1","","14.8","","56","","","","11","","9","","12.9","","89.88","","28","","","","NA"
"-114.01","51.12","CALGARY INTL A","3031092","2024-07-20 22:00","2024","07","20","22:00","","24.2","","14.9","","56","","","","13","","11","","16.1","","89.88","","28","","","","NA"
"-114.01","51.12","CALGARY INTL A","3031092","2024-07-20 23:00","2024","07","20","23:00","","22.9","","14.4","","58","","","","15","","7","","16.1","","89.88","","27","","","","Clear"
"-114.01","51.12","CALGARY INTL A","3031092","2024-07-21 00:00","2024","07","21","00:00","","20.8","","14.6","","67","","","","36","","3","","16.1","","89.89","","25","","","","NA"
"-114.01","51.12","CALGARY INTL A","3031092","2024-07-21 01:00","2024","07","21","01:00","","18.6","","14.4","","77","","","","36","","7","","16.1","","89.91","","","","","","NA"
"-114.01","51.12","CALGARY INTL A","3031092","2024-07-21 02:00","2024","07","21","02:00","","18.6","","14.4","","76","","","","36","","4","","12.9","","89.89","","","","","","Clear"
"-114.01","51.12","CALGARY INTL A","3031092","2024-07-21 03:00","2024","07","21","03:00","","17.3","","13.8","","80","","","","1","","4","","16.1","","89.87","","","","","","NA"
"-114.01","51.12","CALGARY INTL A","3031092","2024-07-21 04:00","2024","07","21","04:00","","16.3","","13.4","","83","","","","34","","4","","16.1","","89.89","","","","","","NA"
"-114.01","51.12","CALGARY INTL A","3031092","2024-07-21 05:00","2024","07","21","05:00","","17.1","","13.4","","79","","","","30","","3","","12.9","","89.88","","","","","","Clear"
"-114.01","51.12","CALGARY INTL A","3031092","2024-07-21 06:00","2024","07","21","06:00","","17.0","","14.1","","83","","","","36","","3","","16.1","","89.90","","","","","","NA"
"-114.01","51.12","CALGARY INTL A","3031092","2024-07-21 07:00","2024","07","21","07:00","","19.4","","14.9","","75","","","","","","0","","11.3","","89.88","","","","","","NA"
"-114.01","51.12","CALGARY INTL A","3031092","2024-07-21 08:00","2024","07","21","08:00","","22.0","","14.8","","63","","","","24","","4","","11.3","","89.87","","26","","","","Clear"
"-114.01","51.12","CALGARY INTL A","3031092","2024-07-21 09:00","2024","07","21","09:00","","25.4","","14.7","","51","","","","14","","4","","11.3","","89.86","","29","","","","NA"
"-114.01","51.12","CALGARY INTL A","3031092","2024-07-21 10:00","2024","07","21","10:00","","27.9","","13.5","","41","","","","19","","10","","11.3","","89.85","","31","","","","NA"
"-114.01","51.12","CALGARY INTL A","3031092","2024-07-21 11:00","2024","07","21","11:00","","29.6","","13.2","","36","","","","16","","21","","11.3","","89.84","","33","","","","Clear"
"-114.01","51.12","CALGARY INTL A","3031092","2024-07-21 12:00","2024","07","21","12:00","","30.6","","14.2","","36","","","","15","","23","","12.9","","89.80","","34","","","","NA"
"-114.01","51.12","CALGARY INTL A","3031092","2024-07-21 13:00","2024","07","21","13:00","","31.2","","14.2","","35","","","","17","","25","","12.9","","89.77","","35","","","","NA"
"-114.01","51.12","CALGARY INTL A","3031092","2024-07-21 14:00","2024","07","21","14:00","","32.1","","13.6","","32","","","","15","","23","","12.9","","89.72","","35","","","","Clear"
"-114.01","51.12","CALGARY INTL A","3031092","2024-07-21 15:00","2024","07","21","15:00","","32.1","","11.9","","29","","","","14","","23","","12.9","","89.69","","34","","","","NA"
"-114.01","51.12","CALGARY INTL A","3031092","2024-07-21 16:00","2024","07","21","16:00","","32.3","","9.2","","23","","","","15","","21","","12.9","","89.67","","33","","","","NA"
"-114.01","51.12","CALGARY INTL A","3031092","2024-07-21 17:00","2024","07","21","17:00","","31.8","","10.1","","26","","","","15","","19","","12.9","","89.63","","33","","","","Clear"
"-114.01","51.12","CALGARY INTL A","3031092","2024-07-21 18:00","2024","07","21","18:00","","31.0","","10.4","","27","","","","17","","19","","12.9","","89.60","","32","","","","NA"
"-114.01","51.12","CALGARY INTL A","3031092","2024-07-21 19:00","2024","07","21","19:00","","29.6","","13.0","","35","","","","14","","17","","12.9","","89.56","","32","","","","NA"
"-114.01","51.12","CALGARY INTL A","3031092","2024-07-21 20:00","2024","07","21","20:00","","28.2","","13.1","","39","","","","15","","17","","16.1","","89.55","","31","","","","Clear"
"-114.01","51.12","CALGARY INTL A","3031092","2024-07-21 21:00","2024","07","21","21:00","","25.8","","13.7","","46","","","","17","","14","","16.1","","89.56","","29","","","","NA"
"-114.01","51.12","CALGARY INTL A","3031092","2024-07-21 22:00","2024","07","21","22:00","","23.8","","14.2","","54","","","","18","","13","","16.1","","89.56","","27","","","","NA"
"-114.01","51.12","CALGARY INTL A","3031092","2024-07-21 23:00","2024","07","21","23:00","","22.6","","15.0","","62","","","","18","","12","","16.1","","89.55","","27","","","","Clear"
"-114.01","51.12","CALGARY INTL A","3031092","2024-07-22 00:00","2024","07","22","00:00","","22.0","","13.7","","59","","","","14","","10","","16.1","","89.55","","25","","","","NA"
"-114.01","51.12","CALGARY INTL A","3031092","2024-07-22 01:00","2024","07","22","01:00","","20.3","","14.4","","69","","","","16","","10","","16.1","","89.51","","","","","","NA"
"-114.01","51.12","CALGARY INTL A","3031092","2024-07-22 02:00","2024","07","22","02:00","","18.7","","13.4","","71","","","","18","","12","","16.1","","89.48","","","","","","Clear"
"-114.01","51.12","CALGARY INTL A","3031092","2024-07-22 03:00","2024","07","22","03:00","","19.0","","12.7","","66","","","","17","","12","","16.1","","89.43","","","","","","NA"
"-114.01","51.12","CALGARY INTL A","3031092","2024-07-22 04:00","2024","07","22","04:00","","19.0","","12.6","","66","","","","16","","14","","12.9","","89.41","","","","","","NA"
"-114.01","51.12","CALGARY INTL A","3031092","2024-07-22 05:00","2024","07","22","05:00","","19.3","","12.7","","65","","","","19","","8","","12.9","","89.42","","","","","","Clear"
"-114.01","51.12","CALGARY INTL A","3031092","2024-07-22 06:00","2024","07","22","06:00","","18.8","","13.6","","71","","","","18","","9","","12.9","","89.41","","","","","","NA"
"-114.01","51.12","CALGARY INTL A","3031092","2024-07-22 07:00","2024","07","22","07:00","","21.2","","13.9","","63","","","","18","","9","","9.7","","89.40","","25","","","","Smoke"
"-114.01","51.12","CALGARY INTL A","3031092","2024-07-22 08:00","2024","07","22","08:00","","23.6","","13.9","","54","","","","18","","9","","8.1","","89.39","","27","","","","Smoke"
"-114.01","51.12","CALGARY INTL A","3031092","2024-07-22 09:00","2024","07","22","09:00","","26.0","","13.2","","45","","","","16","","18","","8.1","","89.36","","29","","","","Smoke"
"-114.01","51.12","CALGARY INTL A","3031092","2024-07-22 10:00","2024","07","22","10:00","","27.3","","15.1","","47","","","","16","","19","","8.1","","89.34","","31","","","","Smoke"
"-114.01","51.12","CALGARY INTL A","3031092","2024-07-22 11:00","2024","07","22","11:00","","29.1","","14.9","","41","","","","17","","27","","8.1","","89.30","","33","","","","Smoke"
"-114.01","51.12","CALGARY INTL A","3031092","2024-07-22 12:00","2024","07","22","12:00","","30.4","","13.4","","35","","","","15","","26","","8.1","","89.25","","33","","","","Smoke"
"-114.01","51.12","CALGARY INTL A","3031092","2024-07-22 13:00","2024","07","22","13:00","","30.9","","12.2","","31","","","","15","","27","","8.1","","89.20","","33","","","","Smoke"
"-114.01","51.12","CALGARY INTL A","3031092","2024-07-22 14:00","2024","07","22","14:00","","31.7","","11.3","","28","","","","14","","28","","8.1","","89.15","","34","","","","Smoke"
"-114.01","51.12","CALGARY INTL A","3031092","2024-07-22 15:00","2024","07","22","15:00","","31.9","","11.4","","28","","","","16","","31","","9.7","","89.10","","34","","","","Smoke"
"-114.01","51.12","CALGARY INTL A","3031092","2024-07-22 16:00","2024","07","22","16:00","","32.0","","11.2","","27","","","","15","","24","","8.1","","89.03","","34","","","","Smoke"
"-114.01","51.12","CALGARY INTL A","3031092","2024-07-22 17:00","2024","07","22","17:00","","30.9","","11.9","","31","","","","15","","28","","8.1","","89.00","","33","","","","Smoke"
"-114.01","51.12","CALGARY INTL A","3031092","2024-07-22 18:00","2024","07","22","18:00","","29.6","","12.2","","34","","","","17","","34","","8.1","","88.96","","32","","","","Smoke"
"-114.01","51.12","CALGARY INTL A","3031092","2024-07-22 19:00","2024","07","22","19:00","","27.6","","15.5","","47","","","","14","","26","","8.1","","88.93","","32","","","","Smoke"
"-114.01","51.12","CALGARY INTL A","3031092","2024-07-22 20:00","2024","07","22","20:00","","26.3","","15.2","","50","","","","15","","23","","8.1","","88.91","","30","","","","Smoke"
"-114.01","51.12","CALGARY INTL A","3031092","2024-07-22 21:00","2024","07","22","21:00","","24.8","","15.8","","57","","","","15","","23","","8.1","","88.90","","29","","","","Smoke"
"-114.01","51.12","CALGARY INTL A","3031092","2024-07-22 22:00","2024","07","22","22:00","","23.6","","16.0","","62","","","","17","","20","","8.1","","88.90","","28","","","","Smoke"
"-114.01","51.12","CALGARY INTL A","3031092","2024-07-22 23:00","2024","07","22","23:00","","22.5","","15.9","","66","","","","16","","18","","8.1","","88.87","","27","","","","Smoke"
"-114.01","51.12","CALGARY INTL A","3031092","2024-07-23 00:00","2024","07","23","00:00","","22.0","","15.8","","67","","","","15","","21","","8.1","","88.83","","26","","","","Smoke"
"-114.01","51.12","CALGARY INTL A","3031092","2024-07-23 01:00","2024","07","23","01:00","","21.2","","15.3","","69","","","","15","","17","","8.1","","88.76","","25","","","","Smoke"
"-114.01","51.12","CALGARY INTL A","3031092","2024-07-23 02:00","2024","07","23","02:00","","20.2","","15.3","","73","","","","16","","13","","9.7","","88.69","","","","","","Smoke"
"-114.01","51.12","CALGARY INTL A","3031092","2024-07-23 03:00","2024","07","23","03:00","","18.8","","14.9","","78","","","","16","","12","","8.1","","88.64","","","","","","Smoke"
"-114.01","51.12","CALGARY INTL A","3031092","2024-07-23 04:00","2024","07","23","04:00","","17.5","","14.8","","84","","","","17","","14","","8.1","","88.61","","","","","","Smoke"
"-114.01","51.12","CALGARY INTL A","3031092","2024-07-23 05:00","2024","07","23","05:00","","16.7","","14.7","","88","","","","18","","9","","8.1","","88.59","","","","","","Smoke"
"-114.01","51.12","CALGARY INTL A","3031092","2024-07-23 06:00","2024","07","23","06:00","","17.3","","15.2","","87","","","","17","","10","","8.1","","88.55","","","","","","Smoke"
"-114.01","51.12","CALGARY INTL A","3031092","2024-07-23 07:00","2024","07","23","07:00","","20.5","","14.7","","69","","","","21","","10","","6.4","","88.56","","","","","","Smoke"
"-114.01","51.12","CALGARY INTL A","3031092","2024-07-23 08:00","2024","07","23","08:00","","24.5","","11.9","","45","","","","22","","14","","6.4","","88.59","","27","","","","Smoke"
"-114.01","51.12","CALGARY INTL A","3031092","2024-07-23 09:00","2024","07","23","09:00","","26.0","","12.2","","42","","","","24","","7","","6.4","","88.63","","28","","","","Smoke"
"-114.01","51.12","CALGARY INTL A","3031092","2024-07-23 10:00","2024","07","23","10:00","","28.6","","11.7","","34","","","","22","","12","","6.4","","88.65","","31","","","","Smoke"
"-114.01","51.12","CALGARY INTL A","3031092","2024-07-23 11:00","2024","07","23","11:00","","31.5","","7.1","","21","","","","23","","13","","8.1","","88.66","","32","","","","Smoke"
"-114.01","51.12","CALGARY INTL A","3031092","2024-07-23 12:00","2024","07","23","12:00","","32.0","","3.7","","16","","","","28","","9","","8.1","","88.69","","31","","","","Smoke"
"-114.01","51.12","CALGARY INTL A","3031092","2024-07-23 13:00","2024","07","23","13:00","","32.7","","1.6","","13","","","","28","","13","","8.1","","88.71","","31","","","","Smoke"
"-114.01","51.12","CALGARY INTL A","3031092","2024-07-23 14:00","2024","07","23","14:00","","33.4","","5.2","","17","","","","32","","9","","8.1","","88.71","","33","","","","Smoke"
"-114.01","51.12","CALGARY INTL A","3031092","2024-07-23 15:00","2024","07","23","15:00","","33.3","","12.1","","27","","","","4","","17","","8.1","","88.73","","36","","","","Smoke"
"-114.01","51.12","CALGARY INTL A","3031092","2024-07-23 16:00","2024","07","23","16:00","","32.5","","12.2","","28","","","","5","","14","","6.4","","88.74","","35","","","","Smoke"
"-114.01","51.12","CALGARY INTL A","3031092","2024-07-23 17:00","2024","07","23","17:00","","31.8","","12.8","","31","","","","6","","21","","6.4","","88.71","","34","","","","Smoke"
"-114.01","51.12","CALGARY INTL A","3031092","2024-07-23 18:00","2024","07","23","18:00","","30.8","","12.9","","33","","","","6","","24","","4.8","","88.72","","34","","","","Smoke"
"-114.01","51.12","CALGARY INTL A","3031092","2024-07-23 19:00","2024","07","23","19:00","","28.6","","14.2","","41","","","","7","","18","","8.1","","88.76","","32","","","","Smoke"
"-114.01","51.12","CALGARY INTL A","3031092","2024-07-23 20:00","2024","07","23","20:00","","26.2","","13.4","","45","","","","5","","12","","6.4","","88.76","","29","","","","Smoke"
"-114.01","51.12","CALGARY INTL A","3031092","2024-07-23 21:00","2024","07","23","21:00","","23.4","","13.9","","55","","","","1","","11","","8.1","","88.79","","27","","","","Smoke"
"-114.01","51.12","CALGARY INTL A","3031092","2024-07-23 22:00","2024","07","23","22:00","","22.3","","14.4","","60","","","","35","","13","","6.4","","88.81","","26","","","","Smoke"
"-114.01","51.12","CALGARY INTL A","3031092","2024-07-23 23:00","2024","07","23","23:00","","21.5","","14.8","","66","","","","35","","18","","6.4","","88.84","","25","","","","Smoke"
"-114.01","51.12","CALGARY INTL A","3031092","2024-07-24 00:00","2024","07","24","00:00","","20.1","","16.6","","80","","","","34","","16","","6.4","","88.88","","25","","","","Smoke"
"-114.01","51.12","CALGARY INTL A","3031092","2024-07-24 01:00","2024","07","24","01:00","","19.5","","16.9","","84","","","","34","","18","","6.4","","88.91","","","","","","Smoke"
"-114.01","51.12","CALGARY INTL A","3031092","2024-07-24 02:00","2024","07","24","02:00","","20.0","","17.1","","83","","","","33","","17","","4.0","","88.93","","25","","","","Smoke"
"-114.01","51.12","CALGARY INTL A","3031092","2024-07-24 03:00","2024","07","24","03:00","","19.7","","17.5","","87","","","","34","","18","","4.0","","88.94","","","","","","Smoke"
"-114.01","51.12","CALGARY INTL A","3031092","2024-07-24 04:00","2024","07","24","04:00","","19.9","","17.4","","86","","","","34","","18","","4.0","","88.96","","","","","","Smoke"
"-114.01","51.12","CALGARY INTL A","3031092","2024-07-24 05:00","2024","07","24","05:00","","19.4","","17.8","","90","","","","35","","11","","2.4","","88.97","","","","","","Smoke"
"-114.01","51.12","CALGARY INTL A","3031092","2024-07-24 06:00","2024","07","24","06:00","","19.1","","17.7","","91","","","","33","","13","","2.4","","89.01","","","","","","Smoke"
"-114.01","51.12","CALGARY INTL A","3031092","2024-07-24 07:00","2024","07","24","07:00","","19.4","","17.7","","90","","","","31","","8","","2.4","","89.00","","","","","","Smoke"
"-114.01","51.12","CALGARY INTL A","3031092","2024-07-24 08:00","2024","07","24","08:00","","20.0","","17.8","","87","","","","33","","5","","3.2","","88.99","","26","","","","Smoke"
"-114.01","51.12","CALGARY INTL A","3031092","2024-07-24 09:00","2024","07","24","09:00","","21.8","","17.5","","76","","","","33","","6","","3.2","","88.97","","27","","","","Smoke"
"-114.01","51.12","CALGARY INTL A","3031092","2024-07-24 10:00","2024","07","24","10:00","","23.6","","16.9","","65","","","","18","","5","","4.0","","88.94","","29","","","","Smoke"
"-114.01","51.12","CALGARY INTL A","3031092","2024-07-24 11:00","2024","07","24","11:00","","26.2","","14.5","","48","","","","17","","9","","4.0","","88.88","","30","","","","Smoke"
"-114.01","51.12","CALGARY INTL A","3031092","2024-07-24 12:00","2024","07","24","12:00","","28.4","","10.5","","32","","","","19","","12","","4.8","","88.84","","30","","","","Smoke"
"-114.01","51.12","CALGARY INTL A","3031092","2024-07-24 13:00","2024","07","24","13:00","","29.8","","11.3","","31","","","","15","","18","","4.8","","88.81","","32","","","","Smoke"
"-114.01","51.12","CALGARY INTL A","3031092","2024-07-24 14:00","2024","07","24","14:00","","30.2","","10.0","","28","","","","13","","27","","6.4","","88.76","","31","","","","Smoke"
"-114.01","51.12","CALGARY INTL A","3031092","2024-07-24 15:00","2024","07","24","15:00","","31.9","","2.3","","15","","","","15","","22","","6.4","","88.68","","30","","","","Smoke"
"-114.01","51.12","CALGARY INTL A","3031092","2024-07-24 16:00","2024","07","24","16:00","","31.7","","5.9","","19","","","","12","","26","","6.4","","88.61","","31","","","","Smoke"
"-114.01","51.12","CALGARY INTL A","3031092","2024-07-24 17:00","2024","07","24","17:00","","31.8","","6.7","","20","","","","11","","25","","6.4","","88.55","","32","","","","Smoke"
"-114.01","51.12","CALGARY INTL A","3031092","2024-07-24 18:00","2024","07","24","18:00","","31.1","","1.5","","15","","","","19","","18","","4.0","","88.49","","29","","","","Smoke"
"-114.01","51.12","CALGARY INTL A","3031092","2024-07-24 19:00","2024","07","24","19:00","","30.1","","1.9","","16","","","","20","","19","","1.6","","88.45","","28","","","","Smoke"
"-114.01","51.12","CALGARY INTL A","3031092","2024-07-24 20:00","2024","07","24","20:00","","27.6","","2.1","","19","","","","18","","15","","1.6","","88.43","","26","","","","Smoke"
"-114.01","51.12","CALGARY INTL A","3031092","2024-07-24 21:00","2024","07","24","21:00","","26.0","","2.4","","21","","","","20","","7","","1.6","","88.47","","","","","","Smoke"
"-114.01","51.12","CALGARY INTL A","3031092","2024-07-24 22:00","2024","07","24","22:00","","20.7","","18.2","","86","","","","33","","29","","4.8","","88.53","","27","","","","Smoke"
"-114.01","51.12","CALGARY INTL A","3031092","2024-07-24 23:00","2024","07","24","23:00","","19.1","","16.2","","83","","","","33","","26","","6.4","","88.57","","","","","","Smoke"
"-114.01","51.12","CALGARY INTL A","3031092","2024-07-25 00:00","2024","07","25","00:00","","18.4","","16.2","","87","","","","32","","22","","6.4","","88.64","","","","","","Smoke"
"-114.01","51.12","CALGARY INTL A","3031092","2024-07-25 01:00","2024","07","25","01:00","","18.2","","15.9","","86","","","","32","","20","","4.8","","88.61","","","","","","Smoke"
"-114.01","51.12","CALGARY INTL A","3031092","2024-07-25 02:00","2024","07","25","02:00","","17.7","","16.0","","89","","","","31","","16","","6.4","","88.60","","","","","","Smoke"
"-114.01","51.12","CALGARY INTL A","3031092","2024-07-25 03:00","2024","07","25","03:00","","17.5","","16.0","","91","","","","31","","13","","4.8","","88.56","","","","","","Smoke"
"-114.01","51.12","CALGARY INTL A","3031092","2024-07-25 04:00","2024","07","25","04:00","","17.1","","16.0","","93","","","","1","","16","","4.8","","88.54","","","","","","Smoke"
"-114.01","51.12","CALGARY INTL A","3031092","2024-07-25 05:00","2024","07","25","05:00","","15.1","","14.1","","94","","","","36","","22","","3.2","","88.52","","","","","","Smoke"
"-114.01","51.12","CALGARY INTL A","3031092","2024-07-25 06:00","2024","07","25","06:00","","14.4","","12.9","","91","","","","1","","23","","4.0","","88.51","","","","","","Smoke"
"-114.01","51.12","CALGARY INTL A","3031092","2024-07-25 07:00","2024","07","25","07:00","","14.3","","11.5","","83","","","","36","","31","","4.0","","88.51","","","","","","Smoke"
"-114.01","51.12","CALGARY INTL A","3031092","2024-07-25 08:00","2024","07","25","08:00","","14.9","","11.2","","78","","","","36","","25","","3.6","","88.49","","","","","","Smoke"
"-114.01","51.12","CALGARY INTL A","3031092","2024-07-25 09:00","2024","07","25","09:00","","15.2","","11.4","","78","","","","1","","26","","3.6","","88.49","","","","","","Smoke"
"-114.01","51.12","CALGARY INTL A","3031092","2024-07-25 10:00","2024","07","25","10:00","","14.7","","9.2","","69","","","","36","","25","","6.4","","88.53","","","","","","Smoke"
"-114.01","51.12","CALGARY INTL A","3031092","2024-07-25 11:00","2024","07","25","11:00","","14.7","","7.2","","61","","","","36","","39","","9.7","","88.51","","","","","","Smoke"
"-114.01","51.12","CALGARY INTL A","3031092","2024-07-25 12:00","2024","07","25","12:00","","16.9","","7.5","","54","","","","1","","29","","14.5","","88.51","","","","","","NA"
"-114.01","51.12","CALGARY INTL A","3031092","2024-07-25 13:00","2024","07","25","13:00","","16.0","","7.9","","58","","","","33","","27","","14.5","","88.57","","","","","","NA"
"-114.01","51.12","CALGARY INTL A","3031092","2024-07-25 14:00","2024","07","25","14:00","","15.4","","4.0","","46","","","","26","","23","","14.5","","88.66","","","","","","Cloudy"
"-114.01","51.12","CALGARY INTL A","3031092","2024-07-25 15:00","2024","07","25","15:00","","16.2","","2.9","","40","","","","26","","25","","24.1","","88.64","","","","","","NA"
"-114.01","51.12","CALGARY INTL A","3031092","2024-07-25 16:00","2024","07","25","16:00","","19.8","","2.2","","31","","","","24","","19","","24.1","","88.61","","","","","","NA"
"-114.01","51.12","CALGARY INTL A","3031092","2024-07-25 17:00","2024","07","25","17:00","","20.9","","1.2","","27","","","","28","","23","","24.1","","88.58","","","","","","Mostly Cloudy"
"-114.01","51.12","CALGARY INTL A","3031092","2024-07-25 18:00","2024","07","25","18:00","","20.1","","1.1","","28","","","","26","","27","","14.5","","88.61","","","","","","NA"
"-114.01","51.12","CALGARY INTL A","3031092","2024-07-25 19:00","2024","07","25","19:00","","17.9","","1.3","","33","","","","25","","18","","11.3","","88.58","","","","","","NA"
"-114.01","51.12","CALGARY INTL A","3031092","2024-07-25 20:00","2024","07","25","20:00","","17.3","","0.5","","32","","","","27","","22","","14.5","","88.63","","","","","","Mostly Cloudy"
"-114.01","51.12","CALGARY INTL A","3031092","2024-07-25 21:00","2024","07","25","21:00","","15.5","","1.2","","38","","","","28","","12","","16.1","","88.68","","","","","","NA"
"-114.01","51.12","CALGARY INTL A","3031092","2024-07-25 22:00","2024","07","25","22:00","","15.2","","1.1","","38","","","","25","","16","","16.1","","88.67","","","","","","NA"
"-114.01","51.12","CALGARY INTL A","3031092","2024-07-25 23:00","2024","07","25","23:00","","14.7","","0.8","","39","","","","26","","14","","16.1","","88.67","","","","","","Mainly Clear"
"-114.01","51.12","CALGARY INTL A","3031092","2024-07-26 00:00","2024","07","26","00:00","","15.0","","0.1","","36","","","","26","","17","","19.3","","88.68","","","","","","NA"
"-114.01","51.12","CALGARY INTL A","3031092","2024-07-26 01:00","2024","07","26","01:00","","15.2","","0.4","","36","","","","26","","19","","19.3","","88.67","","","","","","NA"
"-114.01","51.12","CALGARY INTL A","3031092","2024-07-26 02:00","2024","07","26","02:00","","15.2","","0.6","","37","","","","26","","17","","19.3","","88.65","","","","","","Mostly Cloudy"
"-114.01","51.12","CALGARY INTL A","3031092","2024-07-26 03:00","2024","07","26","03:00","","14.7","","0.8","","39","","","","25","","16","","19.3","","88.63","","","","","","NA"
"-114.01","51.12","CALGARY INTL A","3031092","2024-07-26 04:00","2024","07","26","04:00","","14.3","","1.1","","40","","","","24","","12","","19.3","","88.65","","","","","","NA"
"-114.01","51.12","CALGARY INTL A","3031092","2024-07-26 05:00","2024","07","26","05:00","","13.9","","1.4","","42","","","","25","","11","","19.3","","88.65","","","","","","Mostly Cloudy"
"-114.01","51.12","CALGARY INTL A","3031092","2024-07-26 06:00","2024","07","26","06:00","","13.9","","1.6","","43","","","","24","","9","","32.2","","88.67","","","","","","NA"
"-114.01","51.12","CALGARY INTL A","3031092","2024-07-26 07:00","2024","07","26","07:00","","15.5","","1.6","","39","","","","25","","14","","24.1","","88.69","","","","","","NA"
"-114.01","51.12","CALGARY INTL A","3031092","2024-07-26 08:00","2024","07","26","08:00","","17.3","","1.4","","34","","","","27","","32","","24.1","","88.68","","","","","","Mostly Cloudy"
"-114.01","51.12","CALGARY INTL A","3031092","2024-07-26 09:00","2024","07","26","09:00","","19.0","","1.0","","30","","","","28","","31","","24.1","","88.67","","","","","","NA"
"-114.01","51.12","CALGARY INTL A","3031092","2024-07-26 10:00","2024","07","26","10:00","","20.0","","0.8","","27","","","","27","","25","","24.1","","88.64","","","","","","NA"
"-114.01","51.12","CALGARY INTL A","3031092","2024-07-26 11:00","2024","07","26","11:00","","20.6","","0.2","","25","","","","27","","31","","24.1","","88.61","","","","","","Cloudy"
"-114.01","51.12","CALGARY INTL A","3031092","2024-07-26 12:00","2024","07","26","12:00","","21.0","","0.2","","25","","","","28","","33","","24.1","","88.57","","","","","","NA"
"-114.01","51.12","CALGARY INTL A","3031092","2024-07-26 13:00","2024","07","26","13:00","","21.5","","0.9","","25","","","","26","","25","","24.1","","88.54","","","","","","NA"
"-114.01","51.12","CALGARY INTL A","3031092","2024-07-26 14:00","2024","07","26","14:00","","21.7","","0.2","","24","","","","27","","22","","24.1","","88.49","","","","","","Cloudy"
"-114.01","51.12","CALGARY INTL A","3031092","2024-07-26 15:00","2024","07","26","15:00","","21.9","","1.2","","25","","","","28","","41","","24.1","","88.46","","","","","","NA"
"-114.01","51.12","CALGARY INTL A","3031092","2024-07-26 16:00","2024","07","26","16:00","","20.8","","1.0","","26","","","","28","","37","","24.1","","88.47","","","","","","NA"
"-114.01","51.12","CALGARY INTL A","3031092","2024-07-26 17:00","2024","07","26","17:00","","21.6","","1.3","","26","","","","29","","36","","24.1","","88.43","","","","","","Cloudy"
"-114.01","51.12","CALGARY INTL A","3031092","2024-07-26 18:00","2024","07","26","18:00","","21.0","","1.1","","26","","","","28","","36","","24.1","","88.44","","","","","","NA"
"-114.01","51.12","CALGARY INTL A","3031092","2024-07-26 19:00","2024","07","26","19:00","","20.2","","1.0","","27","","","","28","","30","","16.1","","88.45","","","","","","NA"
"-114.01","51.12","CALGARY INTL A","3031092","2024-07-26 20:00","2024","07","26","20:00","","19.0","","0.9","","30","","","","29","","26","","16.1","","88.47","","","","","","Mainly Clear"
"-114.01","51.12","CALGARY INTL A","3031092","2024-07-26 21:00","2024","07","26","21:00","","17.5","","1.3","","33","","","","28","","18","","16.1","","88.49","","","","","","NA"
"-114.01","51.12","CALGARY INTL A","3031092","2024-07-26 22:00","2024","07","26","22:00","","16.4","","1.2","","36","","","","27","","21","","16.1","","88.49","","","","","","NA"
"-114.01","51.12","CALGARY INTL A","3031092","2024-07-26 23:00","2024","07","26","23:00","","15.8","","1.3","","37","","","","27","","15","","16.1","","88.48","","","","","","Clear"
"-114.01","51.12","CALGARY INTL A","3031092","2024-07-27 00:00","2024","07","27","00:00","","15.6","","1.2","","37","","","","28","","13","","16.1","","88.48","","","","","","NA"
"-114.01","51.12","CALGARY INTL A","3031092","2024-07-27 01:00","2024","07","27","01:00","","15.4","","1.1","","38","","","","28","","18","","16.1","","88.46","","","","","","NA"
"-114.01","51.12","CALGARY INTL A","3031092","2024-07-27 02:00","2024","07","27","02:00","","14.0","","1.4","","42","","","","28","","6","","16.1","","88.45","","","","","","Clear"
"-114.01","51.12","CALGARY INTL A","3031092","2024-07-27 03:00","2024","07","27","03:00","","12.1","","1.4","","48","","","","","","0","","16.1","","88.43","","","","","","NA"
"-114.01","51.12","CALGARY INTL A","3031092","2024-07-27 04:00","2024","07","27","04:00","","14.2","","1.5","","42","","","","29","","13","","16.1","","88.40","","","","","","NA"
"-114.01","51.12","CALGARY INTL A","3031092","2024-07-27 05:00","2024","07","27","05:00","","8.7","","2.6","","65","","","","5","","7","","16.1","","88.45","","","","","","Mainly Clear"
"-114.01","51.12","CALGARY INTL A","3031092","2024-07-27 06:00","2024","07","27","06:00","","10.8","","2.5","","56","","","","34","","7","","16.1","","88.46","","","","","","NA"
"-114.01","51.12","CALGARY INTL A","3031092","2024-07-27 07:00","2024","07","27","07:00","","12.6","","3.3","","53","","","","35","","11","","14.5","","88.50","","","","","","NA"
"-114.01","51.12","CALGARY INTL A","3031092","2024-07-27 08:00","2024","07","27","08:00","","13.2","","5.8","","61","","","","33","","18","","24.1","","88.53","","","","","","Rain"
"-114.01","51.12","CALGARY INTL A","3031092","2024-07-27 09:00","2024","07","27","09:00","","13.4","","8.1","","70","","","","29","","9","","24.1","","88.55","","","","","","Rain"
"-114.01","51.12","CALGARY INTL A","3031092","2024-07-27 10:00","2024","07","27","10:00","","14.3","","9.1","","70","","","","21","","4","","24.1","","88.54","","","","","","Rain"
"-114.01","51.12","CALGARY INTL A","3031092","2024-07-27 11:00","2024","07","27","11:00","","17.1","","7.3","","52","","","","27","","8","","24.1","","88.52","","","","","","Rain"
"-114.01","51.12","CALGARY INTL A","3031092","2024-07-27 12:00","2024","07","27","12:00","","18.3","","5.9","","44","","","","26","","14","","24.1","","88.48","","","","","","Rain"
"-114.01","51.12","CALGARY INTL A","3031092","2024-07-27 13:00","2024","07","27","13:00","","19.4","","5.1","","39","","","","34","","20","","24.1","","88.44","","","","","","NA"
"-114.01","51.12","CALGARY INTL A","3031092","2024-07-27 14:00","2024","07","27","14:00","","20.5","","3.5","","32","","","","29","","26","","24.1","","88.42","","","","","","Cloudy"
"-114.01","51.12","CALGARY INTL A","3031092","2024-07-27 15:00","2024","07","27","15:00","","21.5","","4.2","","32","","","","31","","4","","24.1","","88.40","","","","","","NA"
"-114.01","51.12","CALGARY INTL A","3031092","2024-07-27 16:00","2024","07","27","16:00","","21.9","","3.4","","29","","","","24","","17","","24.1","","88.37","","","","","","NA"
"-114.01","51.12","CALGARY INTL A","3031092","2024-07-27 17:00","2024","07","27","17:00","","21.4","","3.7","","31","","","","24","","9","","24.1","","88.35","","","","","","Cloudy"
"-114.01","51.12","CALGARY INTL A","3031092","2024-07-27 18:00","2024","07","27","18:00","","20.9","","5.0","","35","","","","22","","11","","24.1","","88.34","","","","","","NA"
"-114.01","51.12","CALGARY INTL A","3031092","2024-07-27 19:00","2024","07","27","19:00","","20.5","","4.1","","34","","","","22","","15","","12.9","","88.34","","","","","","NA"
"-114.01","51.12","CALGARY INTL A","3031092","2024-07-27 20:00","2024","07","27","20:00","","19.1","","4.8","","39","","","","21","","10","","12.9","","88.34","","","","","","Mostly Cloudy"
"-114.01","51.12","CALGARY INTL A","3031092","2024-07-27 21:00","2024","07","27","21:00","","17.2","","5.4","","46","","","","19","","8","","16.1","","88.35","","","","","","NA"
"-114.01","51.12","CALGARY INTL A","3031092","2024-07-27 22:00","2024","07","27","22:00","","16.9","","6.8","","51","","","","16","","7","","16.1","","88.33","","","","","","NA"
"-114.01","51.12","CALGARY INTL A","3031092","2024-07-27 23:00","2024","07","27","23:00","","15.6","","6.9","","56","","","","20","","10","","16.1","","88.34","","","","","","Cloudy"
"-114.01","51.12","CALGARY INTL A","3031092","2024-07-28 00:00","2024","07","28","00:00","","15.4","","7.0","","57","","","","21","","9","","16.1","","88.34","","","","","","NA"
"-114.01","51.12","CALGARY INTL A","3031092","2024-07-28 01:00","2024","07","28","01:00","","16.4","","6.5","","51","","","","23","","12","","16.1","","88.33","","","","","","NA"
"-114.01","51.12","CALGARY INTL A","3031092","2024-07-28 02:00","2024","07","28","02:00","","14.1","","6.6","","61","","","","20","","8","","16.1","","88.32","","","","","","Mostly Cloudy"
"-114.01","51.12","CALGARY INTL A","3031092","2024-07-28 03:00","2024","07","28","03:00","","14.1","","5.6","","57","","","","21","","7","","16.1","","88.32","","","","","","NA"
"-114.01","51.12","CALGARY INTL A","3031092","2024-07-28 04:00","2024","07","28","04:00","","13.2","","5.5","","60","","","","21","","7","","16.1","","88.32","","","","","","NA"
"-114.01","51.12","CALGARY INTL A","3031092","2024-07-28 05:00","2024","07","28","05:00","","13.2","","4.9","","57","","","","22","","9","","16.1","","88.34","","","","","","Mostly Cloudy"
"-114.01","51.12","CALGARY INTL A","3031092","2024-07-28 06:00","2024","07","28","06:00","","11.9","","5.6","","65","","","","21","","7","","16.1","","88.36","","","","","","NA"
"-114.01","51.12","CALGARY INTL A","3031092","2024-07-28 07:00","2024","07","28","07:00","","15.6","","6.3","","54","","","","","","0","","11.3","","88.38","","","","","","NA"
"-114.01","51.12","CALGARY INTL A","3031092","2024-07-28 08:00","2024","07","28","08:00","","19.0","","6.7","","44","","","","27","","4","","11.3","","88.37","","","","","","Mainly Clear"
"-114.01","51.12","CALGARY INTL A","3031092","2024-07-28 09:00","2024","07","28","09:00","","21.6","","5.5","","35","","","","34","","14","","12.9","","88.37","","","","","","NA"
"-114.01","51.12","CALGARY INTL A","3031092","2024-07-28 10:00","2024","07","28","10:00","","22.7","","5.8","","33","","","","1","","16","","14.5","","88.36","","","","","","NA"
"-114.01","51.12","CALGARY INTL A","3031092","2024-07-28 11:00","2024","07","28","11:00","","22.9","","5.5","","32","","","","5","","7","","14.5","","88.36","","","","","","Mainly Clear"
"-114.01","51.12","CALGARY INTL A","3031092","2024-07-28 12:00","2024","07","28","12:00","","23.9","","5.6","","30","","","","3","","11","","12.9","","88.33","","","","","","NA"
"-114.01","51.12","CALGARY INTL A","3031092","2024-07-28 13:00","2024","07","28","13:00","","24.2","","6.0","","30","","","","35","","11","","12.9","","88.30","","","","","","NA"
"-114.01","51.12","CALGARY INTL A","3031092","2024-07-28 14:00","2024","07","28","14:00","","25.1","","4.8","","27","","","","34","","17","","11.3","","88.28","","","","","","Mostly Cloudy"
"-114.01","51.12","CALGARY INTL A","3031092","2024-07-28 15:00","2024","07","28","15:00","","25.8","","6.1","","28","","","","2","","10","","11.3","","88.28","","25","","","","NA"
"-114.01","51.12","CALGARY INTL A","3031092","2024-07-28 16:00","2024","07","28","16:00","","26.2","","4.2","","24","","","","8","","5","","12.9","","88.25","","25","","","","NA"
"-114.01","51.12","CALGARY INTL A","3031092","2024-07-28 17:00","2024","07","28","17:00","","25.8","","4.5","","25","","","","","","0","","11.3","","88.25","","25","","","","Mostly Cloudy"
"-114.01","51.12","CALGARY INTL A","3031092","2024-07-28 18:00","2024","07","28","18:00","","24.5","","4.0","","26","","","","10","","19","","16.1","","88.26","","","","","","NA"
"-114.01","51.12","CALGARY INTL A","3031092","2024-07-28 19:00","2024","07","28","19:00","","23.1","","4.2","","29","","","","10","","15","","16.1","","88.28","","","","","","NA"
"-114.01","51.12","CALGARY INTL A","3031092","2024-07-28 20:00","2024","07","28","20:00","","22.5","","4.0","","30","","","","13","","15","","16.1","","88.28","","","","","","Mostly Cloudy"
"-114.01","51.12","CALGARY INTL A","3031092","2024-07-28 21:00","2024","07","28","21:00","","20.3","","5.7","","38","","","","18","","12","","16.1","","88.31","","","","","","NA"
"-114.01","51.12","CALGARY INTL A","3031092","2024-07-28 22:00","2024","07","28","22:00","","19.4","","6.1","","42","","","","21","","7","","16.1","","88.32","","","","","","NA"
"-114.01","51.12","CALGARY INTL A","3031092","2024-07-28 23:00","2024","07","28","23:00","","19.1","","6.5","","44","","","","22","","8","","16.1","","88.30","","","","","","Clear"
"-114.01","51.12","CALGARY INTL A","3031092","2024-07-29 00:00","2024","07","29","00:00","","17.5","","6.7","","49","","","","21","","8","","16.1","","88.30","","","","","","NA"
"-114.01","51.12","CALGARY INTL A","3031092","2024-07-29 01:00","2024","07","29","01:00","","15.7","","6.3","","53","","","","22","","5","","16.1","","88.29","","","","","","NA"
"-114.01","51.12","CALGARY INTL A","3031092","2024-07-29 02:00","2024","07","29","02:00","","17.3","","5.7","","46","","","","25","","7","","16.1","","88.28","","","","","","Clear"
"-114.01","51.12","CALGARY INTL A","3031092","2024-07-29 03:00","2024","07","29","03:00","","17.8","","4.1","","40","","","","27","","9","","16.1","","88.28","","","","","","NA"
"-114.01","51.12","CALGARY INTL A","3031092","2024-07-29 04:00","2024","07","29","04:00","","13.8","","4.9","","55","","","","17","","3","","16.1","","88.27","","","","","","NA"
"-114.01","51.12","CALGARY INTL A","3031092","2024-07-29 05:00","2024","07","29","05:00","","11.3","","4.9","","65","","","","19","","7","","12.9","","88.26","","","","","","Clear"
"-114.01","51.12","CALGARY INTL A","3031092","2024-07-29 06:00","2024","07","29","06:00","","12.0","","5.3","","63","","","","19","","7","","12.9","","88.25","","","","","","NA"
"-114.01","51.12","CALGARY INTL A","3031092","2024-07-29 07:00","2024","07","29","07:00","","16.2","","5.8","","50","","","","21","","9","","8.1","","88.25","","","","","","Smoke"
"-114.01","51.12","CALGARY INTL A","3031092","2024-07-29 08:00","2024","07","29","08:00","","20.1","","6.9","","42","","","","17","","10","","8.1","","88.24","","","","","","Smoke"
"-114.01","51.12","CALGARY INTL A","3031092","2024-07-29 09:00","2024","07","29","09:00","","22.5","","6.6","","35","","","","23","","14","","8.1","","88.20","","","","","","Smoke"
"-114.01","51.12","CALGARY INTL A","3031092","2024-07-29 10:00","2024","07","29","10:00","","23.2","","7.0","","35","","","","25","","11","","8.1","","88.16","","","","","","Smoke"
"-114.01","51.12","CALGARY INTL A","3031092","2024-07-29 11:00","2024","07","29","11:00","","25.4","","5.8","","28","","","","23","","19","","8.1","","88.13","","25","","","","Smoke"
"-114.01","51.12","CALGARY INTL A","3031092","2024-07-29 12:00","2024","07","29","12:00","","24.8","","5.9","","29","","","","26","","12","","8.1","","88.11","","","","","","Smoke"
"-114.01","51.12","CALGARY INTL A","3031092","2024-07-29 13:00","2024","07","29","13:00","","25.5","","5.7","","28","","","","24","","14","","8.1","","88.08","","25","","","","Smoke"
"-114.01","51.12","CALGARY INTL A","3031092","2024-07-29 14:00","2024","07","29","14:00","","26.5","","5.2","","25","","","","27","","21","","9.7","","88.06","","26","","","","Smoke"
"-114.01","51.12","CALGARY INTL A","3031092","2024-07-29 15:00","2024","07","29","15:00","","27.7","","5.2","","23","","","","29","","27","","9.7","","88.07","","27","","","","Smoke"
"-114.01","51.12","CALGARY INTL A","3031092","2024-07-29 16:00","2024","07","29","16:00","","26.2","","5.5","","26","","","","28","","30","","8.1","","88.11","","26","","","","Smoke"
"-114.01","51.12","CALGARY INTL A","3031092","2024-07-29 17:00","2024","07","29","17:00","","25.4","","6.1","","29","","","","33","","16","","8.1","","88.10","","25","","","","Smoke"
"-114.01","51.12","CALGARY INTL A","3031092","2024-07-29 18:00","2024","07","29","18:00","","25.5","","5.6","","27","","","","28","","10","","8.1","","88.11","","25","","","","Smoke"
"-114.01","51.12","CALGARY INTL A","3031092","2024-07-29 19:00","2024","07","29","19:00","","24.0","","6.2","","31","","","","32","","16","","14.5","","88.14","","","","","","NA"
"-114.01","51.12","CALGARY INTL A","3031092","2024-07-29 20:00","2024","07","29","20:00","","23.0","","6.4","","34","","","","32","","17","","16.1","","88.19","","","","","","Mostly Cloudy"
"-114.01","51.12","CALGARY INTL A","3031092","2024-07-29 21:00","2024","07","29","21:00","","19.2","","10.7","","58","","","","36","","11","","19.3","","88.25","","","","","","NA"
"-114.01","51.12","CALGARY INTL A","3031092","2024-07-29 22:00","2024","07","29","22:00","","17.6","","11.7","","68","","","","1","","16","","19.3","","88.30","","","","","","NA"
"-114.01","51.12","CALGARY INTL A","3031092","2024-07-29 23:00","2024","07","29","23:00","","16.2","","11.7","","74","","","","35","","9","","19.3","","88.33","","","","","","Mainly Clear"
"-114.01","51.12","CALGARY INTL A","3031092","2024-07-30 00:00","2024","07","30","00:00","","15.7","","12.2","","80","","","","36","","11","","19.3","","88.35","","","","","","NA"
"-114.01","51.12","CALGARY INTL A","3031092","2024-07-30 01:00","2024","07","30","01:00","","15.5","","12.1","","80","","","","35","","13","","19.3","","88.36","","","","","","NA"
"-114.01","51.12","CALGARY INTL A","3031092","2024-07-30 02:00","2024","07","30","02:00","","14.7","","12.0","","84","","","","2","","6","","19.3","","88.37","","","","","","Mostly Cloudy"
"-114.01","51.12","CALGARY INTL A","3031092","2024-07-30 03:00","2024","07","30","03:00","","14.2","","11.8","","85","","","","33","","3","","19.3","","88.41","","","","","","NA"
"-114.01","51.12","CALGARY INTL A","3031092","2024-07-30 04:00","2024","07","30","04:00","","14.3","","11.7","","84","","","","35","","4","","19.3","","88.44","","","","","","NA"
"-114.01","51.12","CALGARY INTL A","3031092","2024-07-30 05:00","2024","07","30","05:00","","13.9","","11.3","","84","","","","34","","3","","19.3","","88.48","","","","","","Mostly Cloudy"
"-114.01","51.12","CALGARY INTL A","3031092","2024-07-30 06:00","2024","07","30","06:00","","14.2","","11.3","","83","","","","31","","4","","32.2","","88.50","","","","","","NA"
"-114.01","51.12","CALGARY INTL A","3031092","2024-07-30 07:00","2024","07","30","07:00","","16.6","","12.1","","75","","","","2","","3","","16.1","","88.54","","","","","","NA"
"-114.01","51.12","CALGARY INTL A","3031092","2024-07-30 08:00","2024","07","30","08:00","","17.7","","11.4","","66","","","","12","","3","","12.9","","88.54","","","","","","Mostly Cloudy"
"-114.01","51.12","CALGARY INTL A","3031092","2024-07-30 09:00","2024","07","30","09:00","","19.5","","11.6","","60","","","","19","","4","","12.9","","88.54","","","","","","NA"
"-114.01","51.12","CALGARY INTL A","3031092","2024-07-30 10:00","2024","07","30","10:00","","20.8","","11.6","","55","","","","21","","4","","16.1","","88.54","","","","","","NA"
"-114.01","51.12","CALGARY INTL A","3031092","2024-07-30 11:00","2024","07","30","11:00","","23.6","","8.7","","38","","","","25","","13","","12.9","","88.50","","","","","","Mainly Clear"
"-114.01","51.12","CALGARY INTL A","3031092","2024-07-30 12:00","2024","07","30","12:00","","24.4","","8.3","","35","","","","22","","12","","16.1","","88.47","","25","","","","NA"
"-114.01","51.12","CALGARY INTL A","3031092","2024-07-30 13:00","2024","07","30","13:00","","25.5","","7.6","","31","","","","22","","13","","16.1","","88.47","","26","","","","NA"
"-114.01","51.12","CALGARY INTL A","3031092","2024-07-30 14:00","2024","07","30","14:00","","25.2","","6.5","","30","","","","28","","5","","16.1","","88.46","","25","","","","Mainly Clear"
"-114.01","51.12","CALGARY INTL A","3031092","2024-07-30 15:00","2024","07","30","15:00","","25.3","","8.2","","33","","","","33","","16","","24.1","","88.45","","26","","","","NA"
"-114.01","51.12","CALGARY INTL A","3031092","2024-07-30 16:00","2024","07","30","16:00","","25.2","","7.9","","33","","","","11","","12","","24.1","","88.46","","26","","","","NA"
"-114.01","51.12","CALGARY INTL A","3031092","2024-07-30 17:00","2024","07","30","17:00","","25.1","","9.5","","37","","","","14","","16","","24.1","","88.47","","26","","","","Mostly Cloudy"
"-114.01","51.12","CALGARY INTL A","3031092","2024-07-30 18:00","2024","07","30","18:00","","25.9","","8.9","","34","","","","28","","4","","24.1","","88.47","","27","","","","NA"
"-114.01","51.12","CALGARY INTL A","3031092","2024-07-30 19:00","2024","07","30","19:00","","25.2","","6.2","","29","","","","28","","27","","24.1","","88.53","","25","","","","NA"
"-114.01","51.12","CALGARY INTL A","3031092","2024-07-30 20:00","2024","07","30","20:00","","23.6","","6.5","","33","","","","28","","19","","24.1","","88.55","","","","","","Mainly Clear"
"-114.01","51.12","CALGARY INTL A","3031092","2024-07-30 21:00","2024","07","30","21:00","","22.1","","6.7","","36","","","","28","","22","","24.1","","88.62","","","","","","NA"
"-114.01","51.12","CALGARY INTL A","3031092","2024-07-30 22:00","2024","07","30","22:00","","20.9","","6.8","","40","","","","28","","21","","24.1","","88.66","","","","","","NA"
"-114.01","51.12","CALGARY INTL A","3031092","2024-07-30 23:00","2024","07","30","23:00","","20.5","","6.8","","41","","","","29","","19","","24.1","","88.70","","","","","","Clear"
"-114.01","51.12","CALGARY INTL A","3031092","2024-07-31 00:00","2024","07","31","00:00","","19.6","","6.9","","43","","","","26","","10","","24.1","","88.72","","","","","","NA"
"-114.01","51.12","CALGARY INTL A","3031092","2024-07-31 01:00","2024","07","31","01:00","","19.4","","6.6","","43","","","","29","","10","","24.1","","88.75","","","","","","NA"
"-114.01","51.12","CALGARY INTL A","3031092","2024-07-31 02:00","2024","07","31","02:00","","15.9","","6.7","","54","","","","19","","3","","24.1","","88.77","","","","","","Clear"
"-114.01","51.12","CALGARY INTL A","3031092","2024-07-31 03:00","2024","07","31","03:00","","19.0","","5.5","","41","","","","28","","17","","24.1","","88.78","","","","","","NA"
"-114.01","51.12","CALGARY INTL A","3031092","2024-07-31 04:00","2024","07","31","04:00"
"-114.01","51.12","CALGARY INTL A","3031092","2024-07-31 05:00","2024","07","31","05:00","","19.0","","5.7","","41","","","","28","","17","","24.1","","88.81","","","","","","Clear"
"-114.01","51.12","CALGARY INTL A","3031092","2024-07-31 06:00","2024","07","31","06:00","","19.2","","5.8","","41","","","","27","","13","","32.2","","88.84","","","","","","NA"
"-114.01","51.12","CALGARY INTL A","3031092","2024-07-31 07:00","2024","07","31","07:00","","20.5","","5.9","","38","","","","27","","16","","64.4","","88.85","","","","","","NA"
"-114.01","51.12","CALGARY INTL A","3031092","2024-07-31 08:00","2024","07","31","08:00","","22.3","","6.1","","35","","","","28","","16","","64.4","","88.86","","","","","","Clear"
"-114.01","51.12","CALGARY INTL A","3031092","2024-07-31 09:00","2024","07","31","09:00","","23.8","","5.8","","31","","","","28","","20","","64.4","","88.85","","","","","","NA"
"-114.01","51.12","CALGARY INTL A","3031092","2024-07-31 10:00","2024","07","31","10:00","","24.6","","6.6","","31","","","","27","","7","","64.4","","88.83","","","","","","NA"
"-114.01","51.12","CALGARY INTL A","3031092","2024-07-31 11:00","2024","07","31","11:00","","25.1","","5.2","","27","","","","30","","8","","64.4","","88.77","","","","","","Mainly Clear"
"-114.01","51.12","CALGARY INTL A","3031092","2024-07-31 12:00","2024","07","31","12:00","","26.4","","6.4","","27","","","","32","","11","","64.4","","88.73","","26","","","","NA"
"-114.01","51.12","CALGARY INTL A","3031092","2024-07-31 13:00","2024","07","31","13:00","","27.4","","6.6","","26","","","","28","","5","","64.4","","88.72","","27","","","","NA"
"-114.01","51.12","CALGARY INTL A","3031092","2024-07-31 14:00","2024","07","31","14:00","","28.4","","6.6","","25","","","","21","","18","","48.3","","88.68","","28","","","","Mainly Clear"
"-114.01","51.12","CALGARY INTL A","3031092","2024-07-31 15:00","2024","07","31","15:00","","29.6","","6.3","","23","","","","28","","17","","32.2","","88.66","","29","","","","NA"
"-114.01","51.12","CALGARY INTL A","3031092","2024-07-31 16:00","2024","07","31","16:00","","29.5","","6.3","","23","","","","27","","24","","32.2","","88.68","","29","","","","NA"
"-114.01","51.12","CALGARY INTL A","3031092","2024-07-31 17:00","2024","07","31","17:00","","29.4","","5.9","","22","","","","28","","31","","32.2","","88.69","","29","","","","Clear"
"-114.01","51.12","CALGARY INTL A","3031092","2024-07-31 18:00","2024","07","31","18:00","","28.9","","5.5","","22","","","","26","","21","","32.2","","88.71","","28","","","","NA"
"-114.01","51.12","CALGARY INTL A","3031092","2024-07-31 19:00","2024","07","31","19:00","","28.1","","5.8","","24","","","","27","","25","","32.2","","88.77","","28","","","","NA"
"-114.01","51.12","CALGARY INTL A","3031092","2024-07-31 20:00","2024","07","31","20:00","","26.8","","6.3","","27","","","","27","","22","","32.2","","88.86","","27","","","","Mainly Clear"
"-114.01","51.12","CALGARY INTL A","3031092","2024-07-31 21:00","2024","07","31","21:00","","25.1","","6.3","","30","","","","28","","16","","24.1","","88.99","","25","","","","NA"
"-114.01","51.12","CALGARY INTL A","3031092","2024-07-31 22:00","2024","07","31","22:00","","21.9","","6.8","","37","","","","32","","11","","24.1","","89.07","","","","","","NA"
"-114.01","51.12","CALGARY INTL A","3031092","2024-07-31 23:00","2024","07","31","23:00","","17.4","","11.2","","66","","","","36","","19","","14.5","","89.26","","","","","","Mainly Clear"
