"Longitude (x)","Latitude (y)","Station Name","Climate ID","Date/Time (LST)","Year","Month","Day","Time (LST)","Flag","Temp (°C)","Temp Flag","Dew Point Temp (°C)","Dew Point Temp Flag","Rel Hum (%)","Rel Hum Flag","Precip. Amount (mm)","Precip. Amount Flag","Wind Dir (10s deg)","Wind Dir Flag","Wind Spd (km/h)","Wind Spd Flag","Visibility (km)","Visibility Flag","Stn Press (kPa)","Stn Press Flag","Hmdx","Hmdx Flag","Wind Chill","Wind Chill Flag","Weather"
"-114.01","51.12","CALGARY INTL A","3031092","2024-10-01 00:00","2024","10","01","00:00","","7.5","","-3.8","","45","","","","16","","4","","24.1","","89.30","","","","","","NA"
"-114.01","51.12","CALGARY INTL A","3031092","2024-10-01 01:00","2024","10","01","01:00","","6.5","","-3.1","","50","","","","24","","4","","24.1","","89.20","","","","","","NA"
"-114.01","51.12","CALGARY INTL A","3031092","2024-10-01 02:00","2024","10","01","02:00","","6.4","","-2.5","","53","","","","","","0","","24.1","","89.16","","","","","","Mostly Cloudy"
"-114.01","51.12","CALGARY INTL A","3031092","2024-10-01 03:00","2024","10","01","03:00","","7.7","","-5.0","","40","","","","10","","4","","24.1","","89.08","","","","","","NA"
"-114.01","51.12","CALGARY INTL A","3031092","2024-10-01 04:00","2024","10","01","04:00","","8.6","","-1.7","","48","","","","27","","4","","24.1","","89.01","","","","","","NA"
"-114.01","51.12","CALGARY INTL A","3031092","2024-10-01 05:00","2024","10","01","05:00","","9.6","","0.1","","51","","","","18","","10","","24.1","","88.97","","","","","","Mostly Cloudy"
"-114.01","51.12","CALGARY INTL A","3031092","2024-10-01 06:00","2024","10","01","06:00","","8.1","","1.1","","61","","","","17","","10","","24.1","","88.89","","","","","","NA"
"-114.01","51.12","CALGARY INTL A","3031092","2024-10-01 07:00","2024","10","01","07:00","","7.6","","0.4","","60","","","","17","","5","","64.4","","88.79","","","","","","NA"
"-114.01","51.12","CALGARY INTL A","3031092","2024-10-01 08:00","2024","10","01","08:00","","9.4","","-0.4","","50","","","","15","","4","","64.4","","88.80","","","","","","Mostly Cloudy"
"-114.01","51.12","CALGARY INTL A","3031092","2024-10-01 09:00","2024","10","01","09:00","","11.0","","-0.3","","46","","","","16","","10","","64.4","","88.69","","","","","","NA"
"-114.01","51.12","CALGARY INTL A","3031092","2024-10-01 10:00","2024","10","01","10:00","","12.5","","-0.2","","41","","","","17","","7","","64.4","","88.62","","","","","","NA"
"-114.01","51.12","CALGARY INTL A","3031092","2024-10-01 11:00","2024","10","01","11:00","","12.3","","-0.2","","42","","","","","","0","","64.4","","88.57","","","","","","Mostly Cloudy"
"-114.01","51.12","CALGARY INTL A","3031092","2024-10-01 12:00","2024","10","01","12:00","","13.5","","2.3","","46","","","","20","","3","","64.4","","88.52","","","","","","NA"
"-114.01","51.12","CALGARY INTL A","3031092","2024-10-01 13:00","2024","10","01","13:00","","15.8","","3.3","","43","","","","10","","10","","24.1","","88.43","","","","","","NA"
"-114.01","51.12","CALGARY INTL A","3031092","2024-10-01 14:00","2024","10","01","14:00","","17.1","","2.7","","38","","","","25","","7","","24.1","","88.36","","","","","","Mostly Cloudy"
"-114.01","51.12","CALGARY INTL A","3031092","2024-10-01 15:00","2024","10","01","15:00","","17.6","","2.1","","35","","","","29","","34","","24.1","","88.27","","","","","","NA"
"-114.01","51.12","CALGARY INTL A","3031092","2024-10-01 16:00","2024","10","01","16:00","","16.6","","1.0","","35","","","","29","","41","","24.1","","88.18","","","","","","NA"
"-114.01","51.12","CALGARY INTL A","3031092","2024-10-01 17:00","2024","10","01","17:00","","16.6","","-0.2","","32","","","","27","","41","","24.1","","88.18","","","","","","Mostly Cloudy"
"-114.01","51.12","CALGARY INTL A","3031092","2024-10-01 18:00","2024","10","01","18:00","","13.8","","1.5","","43","","","","29","","28","","24.1","","88.24","","","","","","NA"
"-114.01","51.12","CALGARY INTL A","3031092","2024-10-01 19:00","2024","10","01","19:00","","12.8","","0.9","","44","","","","30","","34","","24.1","","88.23","","","","","","NA"
"-114.01","51.12","CALGARY INTL A","3031092","2024-10-01 20:00","2024","10","01","20:00","","12.2","","0.8","","45","","","","29","","20","","24.1","","88.21","","","","","","Mainly Clear"
"-114.01","51.12","CALGARY INTL A","3031092","2024-10-01 21:00","2024","10","01","21:00","","10.9","","1.1","","51","","","","33","","23","","24.1","","88.31","","","","","","NA"
"-114.01","51.12","CALGARY INTL A","3031092","2024-10-01 22:00","2024","10","01","22:00","","9.0","","1.6","","60","","","","30","","17","","24.1","","88.37","","","","","","NA"
"-114.01","51.12","CALGARY INTL A","3031092","2024-10-01 23:00","2024","10","01","23:00","","9.9","","0.8","","53","","","","27","","23","","24.1","","88.33","","","","","","Clear"
"-114.01","51.12","CALGARY INTL A","3031092","2024-10-02 00:00","2024","10","02","00:00","","7.6","","0.2","","59","","","","34","","9","","24.1","","88.49","","","","","","NA"
"-114.01","51.12","CALGARY INTL A","3031092","2024-10-02 01:00","2024","10","02","01:00","","5.3","","3.4","","87","","","","36","","23","","24.1","","88.67","","","","","","NA"
"-114.01","51.12","CALGARY INTL A","3031092","2024-10-02 02:00","2024","10","02","02:00","","4.3","","1.2","","80","","","","35","","26","","24.1","","88.71","","","","","","Mostly Cloudy"
"-114.01","51.12","CALGARY INTL A","3031092","2024-10-02 03:00","2024","10","02","03:00","","3.9","","0.7","","79","","","","35","","16","","24.1","","88.72","","","","","","NA"
"-114.01","51.12","CALGARY INTL A","3031092","2024-10-02 04:00","2024","10","02","04:00","","3.8","","0.7","","80","","","","31","","8","","24.1","","88.81","","","","","","NA"
"-114.01","51.12","CALGARY INTL A","3031092","2024-10-02 05:00","2024","10","02","05:00","","3.6","","0.0","","77","","","","34","","14","","24.1","","88.83","","","","","","Mostly Cloudy"
"-114.01","51.12","CALGARY INTL A","3031092","2024-10-02 06:00","2024","10","02","06:00","","5.2","","-0.4","","67","","","","35","","9","","24.1","","88.87","","","","","","NA"
"-114.01","51.12","CALGARY INTL A","3031092","2024-10-02 07:00","2024","10","02","07:00","","5.3","","0.1","","69","","","","31","","7","","24.1","","88.95","","","","","","NA"
"-114.01","51.12","CALGARY INTL A","3031092","2024-10-02 08:00","2024","10","02","08:00","","6.1","","-0.2","","64","","","","1","","11","","24.1","","89.00","","","","","","Mostly Cloudy"
"-114.01","51.12","CALGARY INTL A","3031092","2024-10-02 09:00","2024","10","02","09:00","","7.5","","-0.2","","58","","","","33","","10","","24.1","","89.03","","","","","","NA"
"-114.01","51.12","CALGARY INTL A","3031092","2024-10-02 10:00","2024","10","02","10:00","","6.9","","-1.2","","56","","","","4","","4","","24.1","","89.06","","","","","","NA"
"-114.01","51.12","CALGARY INTL A","3031092","2024-10-02 11:00","2024","10","02","11:00","","6.7","","-1.4","","56","","","","3","","10","","24.1","","89.07","","","","","","Mostly Cloudy"
"-114.01","51.12","CALGARY INTL A","3031092","2024-10-02 12:00","2024","10","02","12:00","","8.5","","-1.7","","49","","","","29","","4","","24.1","","89.08","","","","","","NA"
"-114.01","51.12","CALGARY INTL A","3031092","2024-10-02 13:00","2024","10","02","13:00","","8.3","","-0.1","","55","","","","19","","4","","24.1","","89.07","","","","","","NA"
"-114.01","51.12","CALGARY INTL A","3031092","2024-10-02 14:00","2024","10","02","14:00","","9.8","","0.8","","53","","","","16","","12","","24.1","","89.06","","","","","","Mostly Cloudy"
"-114.01","51.12","CALGARY INTL A","3031092","2024-10-02 15:00","2024","10","02","15:00","","10.4","","0.3","","49","","","","18","","14","","12.9","","89.03","","","","","","NA"
"-114.01","51.12","CALGARY INTL A","3031092","2024-10-02 16:00","2024","10","02","16:00","","10.7","","1.1","","51","","","","19","","12","","12.9","","88.99","","","","","","NA"
"-114.01","51.12","CALGARY INTL A","3031092","2024-10-02 17:00","2024","10","02","17:00","","10.0","","1.2","","54","","","","18","","15","","24.1","","89.00","","","","","","Mainly Clear"
"-114.01","51.12","CALGARY INTL A","3031092","2024-10-02 18:00","2024","10","02","18:00","","9.4","","-0.1","","51","","","","20","","17","","24.1","","89.01","","","","","","NA"
"-114.01","51.12","CALGARY INTL A","3031092","2024-10-02 19:00","2024","10","02","19:00","","9.3","","-4.8","","36","","","","27","","13","","24.1","","89.09","","","","","","NA"
"-114.01","51.12","CALGARY INTL A","3031092","2024-10-02 20:00","2024","10","02","20:00","","7.9","","-4.2","","42","","","","25","","9","","24.1","","89.13","","","","","","Clear"
"-114.01","51.12","CALGARY INTL A","3031092","2024-10-02 21:00","2024","10","02","21:00","","5.7","","-2.5","","55","","","","33","","3","","24.1","","89.16","","","","","","NA"
"-114.01","51.12","CALGARY INTL A","3031092","2024-10-02 22:00","2024","10","02","22:00","","4.7","","-2.2","","61","","","","13","","4","","24.1","","89.17","","","","","","NA"
"-114.01","51.12","CALGARY INTL A","3031092","2024-10-02 23:00","2024","10","02","23:00","","3.1","","-2.0","","69","","","","16","","8","","24.1","","89.16","","","","","","Clear"
"-114.01","51.12","CALGARY INTL A","3031092","2024-10-03 00:00","2024","10","03","00:00","","6.7","","-4.5","","45","","","","25","","8","","24.1","","89.17","","","","","","NA"
"-114.01","51.12","CALGARY INTL A","3031092","2024-10-03 01:00","2024","10","03","01:00","","3.0","","-4.0","","60","","","","22","","7","","24.1","","89.18","","","","","","NA"
"-114.01","51.12","CALGARY INTL A","3031092","2024-10-03 02:00","2024","10","03","02:00","","7.6","","-4.8","","41","","","","28","","17","","24.1","","89.22","","","","","","Mainly Clear"
"-114.01","51.12","CALGARY INTL A","3031092","2024-10-03 03:00","2024","10","03","03:00","","3.3","","-4.7","","56","","","","6","","8","","24.1","","89.26","","","","","","NA"
"-114.01","51.12","CALGARY INTL A","3031092","2024-10-03 04:00","2024","10","03","04:00","","1.0","","-3.3","","73","","","","1","","10","","24.1","","89.32","","","","","","NA"
"-114.01","51.12","CALGARY INTL A","3031092","2024-10-03 05:00","2024","10","03","05:00","","1.1","","-3.5","","72","","","","35","","11","","24.1","","89.35","","","","","","Mainly Clear"
"-114.01","51.12","CALGARY INTL A","3031092","2024-10-03 06:00","2024","10","03","06:00","","1.5","","-1.8","","79","","","","1","","10","","24.1","","89.37","","","","","","NA"
"-114.01","51.12","CALGARY INTL A","3031092","2024-10-03 07:00","2024","10","03","07:00","","1.2","","-1.2","","84","","","","35","","7","","64.4","","89.43","","","","","","NA"
"-114.01","51.12","CALGARY INTL A","3031092","2024-10-03 08:00","2024","10","03","08:00","","2.8","","-0.2","","81","","","","34","","8","","64.4","","89.49","","","","","","Mostly Cloudy"
"-114.01","51.12","CALGARY INTL A","3031092","2024-10-03 09:00","2024","10","03","09:00","","3.8","","0.8","","80","","","","","","0","","64.4","","89.53","","","","","","NA"
"-114.01","51.12","CALGARY INTL A","3031092","2024-10-03 10:00","2024","10","03","10:00","","5.2","","1.1","","75","","","","","","0","","48.3","","89.47","","","","","","NA"
"-114.01","51.12","CALGARY INTL A","3031092","2024-10-03 11:00","2024","10","03","11:00","","7.7","","1.7","","66","","","","16","","7","","48.3","","89.44","","","","","","Mainly Clear"
"-114.01","51.12","CALGARY INTL A","3031092","2024-10-03 12:00","2024","10","03","12:00","","9.4","","1.4","","57","","","","13","","12","","32.2","","89.40","","","","","","NA"
"-114.01","51.12","CALGARY INTL A","3031092","2024-10-03 13:00","2024","10","03","13:00","","10.8","","1.6","","53","","","","13","","16","","32.2","","89.32","","","","","","NA"
"-114.01","51.12","CALGARY INTL A","3031092","2024-10-03 14:00","2024","10","03","14:00","","12.1","","1.3","","48","","","","17","","14","","32.2","","89.28","","","","","","Mainly Clear"
"-114.01","51.12","CALGARY INTL A","3031092","2024-10-03 15:00","2024","10","03","15:00","","12.6","","0.2","","42","","","","16","","10","","32.2","","89.25","","","","","","NA"
"-114.01","51.12","CALGARY INTL A","3031092","2024-10-03 16:00","2024","10","03","16:00","","12.4","","0.9","","45","","","","16","","19","","32.2","","89.17","","","","","","NA"
"-114.01","51.12","CALGARY INTL A","3031092","2024-10-03 17:00","2024","10","03","17:00","","11.9","","-0.6","","42","","","","15","","19","","32.2","","89.10","","","","","","Mostly Cloudy"
"-114.01","51.12","CALGARY INTL A","3031092","2024-10-03 18:00","2024","10","03","18:00","","10.2","","0.0","","49","","","","14","","12","","32.2","","89.07","","","","","","NA"
"-114.01","51.12","CALGARY INTL A","3031092","2024-10-03 19:00","2024","10","03","19:00","","9.0","","0.2","","54","","","","13","","16","","24.1","","89.04","","","","","","NA"
"-114.01","51.12","CALGARY INTL A","3031092","2024-10-03 20:00","2024","10","03","20:00","","8.2","","-0.4","","55","","","","16","","21","","24.1","","89.03","","","","","","Mainly Clear"
"-114.01","51.12","CALGARY INTL A","3031092","2024-10-03 21:00","2024","10","03","21:00","","6.8","","-0.1","","62","","","","17","","13","","24.1","","88.99","","","","","","NA"
"-114.01","51.12","CALGARY INTL A","3031092","2024-10-03 22:00","2024","10","03","22:00","","6.4","","-0.4","","62","","","","16","","7","","24.1","","88.93","","","","","","NA"
"-114.01","51.12","CALGARY INTL A","3031092","2024-10-03 23:00","2024","10","03","23:00","","5.6","","-0.8","","63","","","","17","","7","","24.1","","88.83","","","","","","Mostly Cloudy"
"-114.01","51.12","CALGARY INTL A","3031092","2024-10-04 00:00","2024","10","04","00:00","","4.3","","-0.9","","69","","","","17","","12","","24.1","","88.74","","","","","","NA"
"-114.01","51.12","CALGARY INTL A","3031092","2024-10-04 01:00","2024","10","04","01:00","","4.8","","-0.8","","67","","","","17","","7","","24.1","","88.64","","","","","","NA"
"-114.01","51.12","CALGARY INTL A","3031092","2024-10-04 02:00","2024","10","04","02:00","","2.6","","-1.0","","77","","","","17","","13","","24.1","","88.52","","","","","","Mostly Cloudy"
"-114.01","51.12","CALGARY INTL A","3031092","2024-10-04 03:00","2024","10","04","03:00","","3.2","","-0.6","","76","","","","21","","6","","24.1","","88.40","","","","","","NA"
"-114.01","51.12","CALGARY INTL A","3031092","2024-10-04 04:00","2024","10","04","04:00","","1.8","","-1.8","","77","","","","16","","7","","24.1","","88.27","","","","","","NA"
"-114.01","51.12","CALGARY INTL A","3031092","2024-10-04 05:00","2024","10","04","05:00","","1.0","","-1.4","","84","","","","16","","16","","24.1","","88.15","","","","","","Mainly Clear"
"-114.01","51.12","CALGARY INTL A","3031092","2024-10-04 06:00","2024","10","04","06:00","","2.4","","-1.3","","77","","","","23","","13","","24.1","","88.03","","","","","","NA"
"-114.01","51.12","CALGARY INTL A","3031092","2024-10-04 07:00","2024","10","04","07:00","","0.9","","-1.7","","82","","","","18","","10","","48.3","","87.93","","","","","","NA"
"-114.01","51.12","CALGARY INTL A","3031092","2024-10-04 08:00","2024","10","04","08:00","","2.7","","-0.6","","79","","","","20","","9","","64.4","","87.82","","","","","","Mostly Cloudy"
"-114.01","51.12","CALGARY INTL A","3031092","2024-10-04 09:00","2024","10","04","09:00","","6.5","","0.1","","64","","","","18","","7","","64.4","","87.77","","","","","","NA"
"-114.01","51.12","CALGARY INTL A","3031092","2024-10-04 10:00","2024","10","04","10:00","","8.6","","-0.3","","53","","","","21","","4","","48.3","","87.68","","","","","","NA"
"-114.01","51.12","CALGARY INTL A","3031092","2024-10-04 11:00","2024","10","04","11:00","","11.2","","-1.6","","41","","","","21","","7","","48.3","","87.55","","","","","","Mostly Cloudy"
"-114.01","51.12","CALGARY INTL A","3031092","2024-10-04 12:00","2024","10","04","12:00","","17.0","","-1.2","","29","","","","17","","20","","32.2","","87.39","","","","","","NA"
"-114.01","51.12","CALGARY INTL A","3031092","2024-10-04 13:00","2024","10","04","13:00","","19.5","","-1.7","","24","","","","22","","22","","32.2","","87.24","","","","","","NA"
"-114.01","51.12","CALGARY INTL A","3031092","2024-10-04 14:00","2024","10","04","14:00","","20.8","","-2.5","","20","","","","26","","18","","24.1","","87.22","","","","","","Mostly Cloudy"
"-114.01","51.12","CALGARY INTL A","3031092","2024-10-04 15:00","2024","10","04","15:00","","19.7","","-2.4","","22","","","","26","","15","","32.2","","87.16","","","","","","NA"
"-114.01","51.12","CALGARY INTL A","3031092","2024-10-04 16:00","2024","10","04","16:00","","14.4","","-0.6","","35","","","","31","","35","","24.1","","87.28","","","","","","NA"
"-114.01","51.12","CALGARY INTL A","3031092","2024-10-04 17:00","2024","10","04","17:00","","13.2","","-0.9","","37","","","","29","","35","","24.1","","87.47","","","","","","Cloudy"
"-114.01","51.12","CALGARY INTL A","3031092","2024-10-04 18:00","2024","10","04","18:00","","12.0","","-1.4","","39","","","","28","","34","","32.2","","87.54","","","","","","NA"
"-114.01","51.12","CALGARY INTL A","3031092","2024-10-04 19:00","2024","10","04","19:00","","11.3","","-1.9","","40","","","","28","","33","","16.1","","87.62","","","","","","NA"
"-114.01","51.12","CALGARY INTL A","3031092","2024-10-04 20:00","2024","10","04","20:00","","10.9","","-2.4","","39","","","","29","","31","","16.1","","87.78","","","","","","Mostly Cloudy"
"-114.01","51.12","CALGARY INTL A","3031092","2024-10-04 21:00","2024","10","04","21:00","","8.9","","-3.6","","41","","","","34","","16","","16.1","","87.92","","","","","","NA"
"-114.01","51.12","CALGARY INTL A","3031092","2024-10-04 22:00","2024","10","04","22:00","","7.7","","-3.3","","46","","","","","","0","","24.1","","87.98","","","","","","NA"
"-114.01","51.12","CALGARY INTL A","3031092","2024-10-04 23:00","2024","10","04","23:00","","8.1","","-4.0","","42","","","","24","","9","","24.1","","88.09","","","","","","Mainly Clear"
"-114.01","51.12","CALGARY INTL A","3031092","2024-10-05 00:00","2024","10","05","00:00","","7.9","","-3.9","","43","","","","27","","10","","16.1","","88.15","","","","","","NA"
"-114.01","51.12","CALGARY INTL A","3031092","2024-10-05 01:00","2024","10","05","01:00","","7.9","","-3.5","","45","","","","27","","14","","12.9","","88.23","","","","","","NA"
"-114.01","51.12","CALGARY INTL A","3031092","2024-10-05 02:00","2024","10","05","02:00","","7.5","","-3.2","","46","","","","27","","14","","24.1","","88.32","","","","","","Mainly Clear"
"-114.01","51.12","CALGARY INTL A","3031092","2024-10-05 03:00","2024","10","05","03:00","","9.5","","-3.5","","40","","","","28","","18","","24.1","","88.41","","","","","","NA"
"-114.01","51.12","CALGARY INTL A","3031092","2024-10-05 04:00","2024","10","05","04:00","","5.6","","-3.2","","53","","","","4","","4","","24.1","","88.52","","","","","","NA"
"-114.01","51.12","CALGARY INTL A","3031092","2024-10-05 05:00","2024","10","05","05:00","","3.9","","-2.7","","62","","","","","","0","","24.1","","88.62","","","","","","Clear"
"-114.01","51.12","CALGARY INTL A","3031092","2024-10-05 06:00","2024","10","05","06:00","","3.2","","-3.1","","63","","","","36","","10","","24.1","","88.73","","","","","","NA"
"-114.01","51.12","CALGARY INTL A","3031092","2024-10-05 07:00","2024","10","05","07:00","","3.0","","-2.9","","66","","","","35","","9","","64.4","","88.85","","","","","","NA"
"-114.01","51.12","CALGARY INTL A","3031092","2024-10-05 08:00","2024","10","05","08:00","","4.7","","-1.4","","65","","","","1","","8","","64.4","","88.97","","","","","","Clear"
"-114.01","51.12","CALGARY INTL A","3031092","2024-10-05 09:00","2024","10","05","09:00","","8.1","","0.4","","58","","","","35","","13","","64.4","","89.07","","","","","","NA"
"-114.01","51.12","CALGARY INTL A","3031092","2024-10-05 10:00","2024","10","05","10:00","","9.8","","0.4","","52","","","","1","","17","","64.4","","89.15","","","","","","NA"
"-114.01","51.12","CALGARY INTL A","3031092","2024-10-05 11:00","2024","10","05","11:00","","10.8","","1.8","","54","","","","3","","17","","64.4","","89.21","","","","","","Mostly Cloudy"
"-114.01","51.12","CALGARY INTL A","3031092","2024-10-05 12:00","2024","10","05","12:00","","11.1","","0.8","","49","","","","5","","10","","48.3","","89.23","","","","","","NA"
"-114.01","51.12","CALGARY INTL A","3031092","2024-10-05 13:00","2024","10","05","13:00","","12.4","","1.3","","47","","","","15","","7","","48.3","","89.27","","","","","","NA"
"-114.01","51.12","CALGARY INTL A","3031092","2024-10-05 14:00","2024","10","05","14:00","","13.0","","0.6","","42","","","","17","","10","","48.3","","89.23","","","","","","Mainly Clear"
"-114.01","51.12","CALGARY INTL A","3031092","2024-10-05 15:00","2024","10","05","15:00","","13.6","","1.3","","43","","","","14","","17","","48.3","","89.25","","","","","","NA"
"-114.01","51.12","CALGARY INTL A","3031092","2024-10-05 16:00","2024","10","05","16:00","","14.1","","1.5","","42","","","","19","","18","","48.3","","89.25","","","","","","NA"
"-114.01","51.12","CALGARY INTL A","3031092","2024-10-05 17:00","2024","10","05","17:00","","14.9","","-2.2","","30","","","","24","","9","","48.3","","89.28","","","","","","Mainly Clear"
"-114.01","51.12","CALGARY INTL A","3031092","2024-10-05 18:00","2024","10","05","18:00","","13.7","","-1.6","","34","","","","22","","8","","32.2","","89.30","","","","","","NA"
"-114.01","51.12","CALGARY INTL A","3031092","2024-10-05 19:00","2024","10","05","19:00","","11.2","","-1.0","","43","","","","21","","14","","32.2","","89.34","","","","","","NA"
"-114.01","51.12","CALGARY INTL A","3031092","2024-10-05 20:00","2024","10","05","20:00","","10.9","","-1.4","","42","","","","23","","12","","24.1","","89.32","","","","","","Clear"
"-114.01","51.12","CALGARY INTL A","3031092","2024-10-05 21:00","2024","10","05","21:00","","10.5","","-1.3","","44","","","","27","","7","","24.1","","89.33","","","","","","NA"
"-114.01","51.12","CALGARY INTL A","3031092","2024-10-05 22:00","2024","10","05","22:00","","11.7","","-1.2","","41","","","","27","","17","","24.1","","89.34","","","","","","NA"
"-114.01","51.12","CALGARY INTL A","3031092","2024-10-05 23:00","2024","10","05","23:00","","8.7","","-0.7","","52","","","","18","","10","","24.1","","89.34","","","","","","Mainly Clear"
"-114.01","51.12","CALGARY INTL A","3031092","2024-10-06 00:00","2024","10","06","00:00","","9.9","","-0.7","","48","","","","24","","8","","24.1","","89.35","","","","","","NA"
"-114.01","51.12","CALGARY INTL A","3031092","2024-10-06 01:00","2024","10","06","01:00","","8.7","","-0.2","","53","","","","19","","10","","24.1","","89.35","","","","","","NA"
"-114.01","51.12","CALGARY INTL A","3031092","2024-10-06 02:00","2024","10","06","02:00","","7.9","","0.1","","58","","","","11","","5","","24.1","","89.36","","","","","","Mostly Cloudy"
"-114.01","51.12","CALGARY INTL A","3031092","2024-10-06 03:00","2024","10","06","03:00","","7.5","","0.6","","61","","","","33","","4","","24.1","","89.37","","","","","","NA"
"-114.01","51.12","CALGARY INTL A","3031092","2024-10-06 04:00","2024","10","06","04:00","","7.4","","0.8","","63","","","","15","","4","","24.1","","89.38","","","","","","NA"
"-114.01","51.12","CALGARY INTL A","3031092","2024-10-06 05:00","2024","10","06","05:00","","7.3","","1.5","","67","","","","6","","5","","24.1","","89.38","","","","","","Cloudy"
"-114.01","51.12","CALGARY INTL A","3031092","2024-10-06 06:00","2024","10","06","06:00","","8.6","","1.4","","60","","","","","","0","","24.1","","89.37","","","","","","NA"
"-114.01","51.12","CALGARY INTL A","3031092","2024-10-06 07:00","2024","10","06","07:00","","7.9","","2.0","","66","","","","33","","5","","64.4","","89.39","","","","","","NA"
"-114.01","51.12","CALGARY INTL A","3031092","2024-10-06 08:00","2024","10","06","08:00","","9.0","","3.8","","69","","","","36","","5","","64.4","","89.40","","","","","","Cloudy"
"-114.01","51.12","CALGARY INTL A","3031092","2024-10-06 09:00","2024","10","06","09:00","","10.5","","3.5","","62","","","","19","","9","","64.4","","89.43","","","","","","NA"
"-114.01","51.12","CALGARY INTL A","3031092","2024-10-06 10:00","2024","10","06","10:00","","13.4","","2.4","","47","","","","33","","3","","64.4","","89.36","","","","","","NA"
"-114.01","51.12","CALGARY INTL A","3031092","2024-10-06 11:00","2024","10","06","11:00","","15.3","","1.9","","40","","","","18","","11","","64.4","","89.37","","","","","","Mostly Cloudy"
"-114.01","51.12","CALGARY INTL A","3031092","2024-10-06 12:00","2024","10","06","12:00","","16.8","","3.1","","40","","","","18","","14","","64.4","","89.33","","","","","","NA"
"-114.01","51.12","CALGARY INTL A","3031092","2024-10-06 13:00","2024","10","06","13:00","","17.5","","3.2","","38","","","","18","","12","","64.4","","89.27","","","","","","NA"
"-114.01","51.12","CALGARY INTL A","3031092","2024-10-06 14:00","2024","10","06","14:00","","17.6","","3.6","","39","","","","19","","14","","64.4","","89.21","","","","","","Mostly Cloudy"
"-114.01","51.12","CALGARY INTL A","3031092","2024-10-06 15:00","2024","10","06","15:00","","16.4","","4.3","","44","","","","18","","12","","24.1","","89.23","","","","","","NA"
"-114.01","51.12","CALGARY INTL A","3031092","2024-10-06 16:00","2024","10","06","16:00","","16.0","","4.5","","46","","","","18","","9","","24.1","","89.20","","","","","","NA"
"-114.01","51.12","CALGARY INTL A","3031092","2024-10-06 17:00","2024","10","06","17:00","","15.6","","4.4","","47","","","","17","","6","","24.1","","89.21","","","","","","Mostly Cloudy"
"-114.01","51.12","CALGARY INTL A","3031092","2024-10-06 18:00","2024","10","06","18:00","","15.1","","3.8","","47","","","","23","","4","","24.1","","89.18","","","","","","NA"
"-114.01","51.12","CALGARY INTL A","3031092","2024-10-06 19:00","2024","10","06","19:00","","14.2","","3.9","","50","","","","23","","7","","32.2","","89.19","","","","","","NA"
"-114.01","51.12","CALGARY INTL A","3031092","2024-10-06 20:00","2024","10","06","20:00","","11.5","","4.0","","60","","","","16","","8","","24.1","","89.18","","","","","","Mostly Cloudy"
"-114.01","51.12","CALGARY INTL A","3031092","2024-10-06 21:00","2024","10","06","21:00","","13.8","","3.9","","51","","","","22","","11","","16.1","","89.18","","","","","","NA"
"-114.01","51.12","CALGARY INTL A","3031092","2024-10-06 22:00","2024","10","06","22:00","","14.8","","0.0","","36","","","","27","","18","","24.1","","89.15","","","","","","NA"
"-114.01","51.12","CALGARY INTL A","3031092","2024-10-06 23:00","2024","10","06","23:00","","13.5","","-0.8","","37","","","","21","","5","","24.1","","89.14","","","","","","Mainly Clear"
"-114.01","51.12","CALGARY INTL A","3031092","2024-10-07 00:00","2024","10","07","00:00","","11.4","","-1.4","","41","","","","9","","5","","24.1","","89.14","","","","","","NA"
"-114.01","51.12","CALGARY INTL A","3031092","2024-10-07 01:00","2024","10","07","01:00","","10.9","","-1.6","","42","","","","","","0","","24.1","","89.12","","","","","","NA"
"-114.01","51.12","CALGARY INTL A","3031092","2024-10-07 02:00","2024","10","07","02:00","","10.9","","-4.1","","35","","","","34","","5","","24.1","","89.14","","","","","","Clear"
"-114.01","51.12","CALGARY INTL A","3031092","2024-10-07 03:00","2024","10","07","03:00","","9.6","","-3.5","","40","","","","15","","7","","24.1","","89.09","","","","","","NA"
"-114.01","51.12","CALGARY INTL A","3031092","2024-10-07 04:00","2024","10","07","04:00","","6.7","","-1.9","","54","","","","20","","12","","24.1","","89.06","","","","","","NA"
"-114.01","51.12","CALGARY INTL A","3031092","2024-10-07 05:00","2024","10","07","05:00","","5.8","","-0.9","","62","","","","20","","9","","24.1","","89.03","","","","","","Clear"
"-114.01","51.12","CALGARY INTL A","3031092","2024-10-07 06:00","2024","10","07","06:00","","8.7","","-2.8","","44","","","","26","","10","","24.1","","89.02","","","","","","NA"
"-114.01","51.12","CALGARY INTL A","3031092","2024-10-07 07:00","2024","10","07","07:00","","6.5","","-2.5","","53","","","","20","","7","","64.4","","89.00","","","","","","NA"
"-114.01","51.12","CALGARY INTL A","3031092","2024-10-07 08:00","2024","10","07","08:00","","7.8","","0.0","","58","","","","17","","4","","64.4","","89.00","","","","","","Mainly Clear"
"-114.01","51.12","CALGARY INTL A","3031092","2024-10-07 09:00","2024","10","07","09:00","","12.6","","-2.1","","36","","","","22","","10","","64.4","","88.98","","","","","","NA"
"-114.01","51.12","CALGARY INTL A","3031092","2024-10-07 10:00","2024","10","07","10:00","","15.4","","0.8","","37","","","","20","","8","","64.4","","88.93","","","","","","NA"
"-114.01","51.12","CALGARY INTL A","3031092","2024-10-07 11:00","2024","10","07","11:00","","18.1","","0.6","","31","","","","17","","12","","64.4","","88.89","","","","","","Mostly Cloudy"
"-114.01","51.12","CALGARY INTL A","3031092","2024-10-07 12:00","2024","10","07","12:00","","20.4","","0.6","","26","","","","19","","16","","64.4","","88.84","","","","","","NA"
"-114.01","51.12","CALGARY INTL A","3031092","2024-10-07 13:00","2024","10","07","13:00","","22.7","","-2.2","","19","","","","28","","23","","64.4","","88.79","","","","","","NA"
"-114.01","51.12","CALGARY INTL A","3031092","2024-10-07 14:00","2024","10","07","14:00","","23.1","","-1.9","","19","","","","28","","20","","64.4","","88.74","","","","","","Mainly Clear"
"-114.01","51.12","CALGARY INTL A","3031092","2024-10-07 15:00","2024","10","07","15:00","","22.8","","0.4","","22","","","","26","","18","","64.4","","88.71","","","","","","NA"
"-114.01","51.12","CALGARY INTL A","3031092","2024-10-07 16:00","2024","10","07","16:00","","22.3","","1.3","","25","","","","29","","24","","24.1","","88.69","","","","","","NA"
"-114.01","51.12","CALGARY INTL A","3031092","2024-10-07 17:00","2024","10","07","17:00","","21.3","","1.6","","27","","","","28","","27","","24.1","","88.70","","","","","","Mainly Clear"
"-114.01","51.12","CALGARY INTL A","3031092","2024-10-07 18:00","2024","10","07","18:00","","19.6","","1.3","","29","","","","27","","23","","24.1","","88.69","","","","","","NA"
"-114.01","51.12","CALGARY INTL A","3031092","2024-10-07 19:00","2024","10","07","19:00","","18.0","","1.1","","32","","","","26","","17","","24.1","","88.69","","","","","","NA"
"-114.01","51.12","CALGARY INTL A","3031092","2024-10-07 20:00","2024","10","07","20:00","","18.1","","0.6","","31","","","","26","","14","","24.1","","88.70","","","","","","Mainly Clear"
"-114.01","51.12","CALGARY INTL A","3031092","2024-10-07 21:00","2024","10","07","21:00","","16.6","","0.9","","34","","","","28","","10","","24.1","","88.71","","","","","","NA"
"-114.01","51.12","CALGARY INTL A","3031092","2024-10-07 22:00","2024","10","07","22:00","","14.9","","1.3","","39","","","","23","","13","","24.1","","88.69","","","","","","NA"
"-114.01","51.12","CALGARY INTL A","3031092","2024-10-07 23:00","2024","10","07","23:00","","14.7","","1.4","","40","","","","28","","13","","24.1","","88.68","","","","","","Clear"
"-114.01","51.12","CALGARY INTL A","3031092","2024-10-08 00:00","2024","10","08","00:00","","14.1","","1.6","","42","","","","26","","9","","24.1","","88.66","","","","","","NA"
"-114.01","51.12","CALGARY INTL A","3031092","2024-10-08 01:00","2024","10","08","01:00","","10.7","","1.4","","52","","","","24","","5","","24.1","","88.64","","","","","","NA"
"-114.01","51.12","CALGARY INTL A","3031092","2024-10-08 02:00","2024","10","08","02:00","","11.3","","1.5","","51","","","","23","","10","","24.1","","88.61","","","","","","Clear"
"-114.01","51.12","CALGARY INTL A","3031092","2024-10-08 03:00","2024","10","08","03:00","","9.0","","1.2","","58","","","","21","","7","","24.1","","88.58","","","","","","NA"
"-114.01","51.12","CALGARY INTL A","3031092","2024-10-08 04:00","2024","10","08","04:00","","7.0","","0.5","","63","","","","15","","4","","24.1","","88.57","","","","","","NA"
"-114.01","51.12","CALGARY INTL A","3031092","2024-10-08 05:00","2024","10","08","05:00","","6.5","","0.3","","65","","","","29","","6","","24.1","","88.55","","","","","","Clear"
"-114.01","51.12","CALGARY INTL A","3031092","2024-10-08 06:00","2024","10","08","06:00","","6.7","","0.7","","66","","","","22","","3","","24.1","","88.54","","","","","","NA"
"-114.01","51.12","CALGARY INTL A","3031092","2024-10-08 07:00","2024","10","08","07:00","","6.4","","0.8","","68","","","","","","0","","64.4","","88.48","","","","","","NA"
"-114.01","51.12","CALGARY INTL A","3031092","2024-10-08 08:00","2024","10","08","08:00","","9.8","","1.6","","57","","","","21","","4","","64.4","","88.43","","","","","","Mostly Cloudy"
"-114.01","51.12","CALGARY INTL A","3031092","2024-10-08 09:00","2024","10","08","09:00","","13.6","","3.1","","49","","","","19","","7","","64.4","","88.42","","","","","","NA"
"-114.01","51.12","CALGARY INTL A","3031092","2024-10-08 10:00","2024","10","08","10:00","","17.8","","2.2","","35","","","","19","","7","","64.4","","88.39","","","","","","NA"
"-114.01","51.12","CALGARY INTL A","3031092","2024-10-08 11:00","2024","10","08","11:00","","16.3","","3.7","","43","","","","21","","6","","64.4","","88.38","","","","","","Mostly Cloudy"
"-114.01","51.12","CALGARY INTL A","3031092","2024-10-08 12:00","2024","10","08","12:00","","17.1","","1.1","","34","","","","21","","7","","64.4","","88.35","","","","","","NA"
"-114.01","51.12","CALGARY INTL A","3031092","2024-10-08 13:00","2024","10","08","13:00","","16.8","","3.3","","40","","","","15","","9","","64.4","","88.28","","","","","","NA"
"-114.01","51.12","CALGARY INTL A","3031092","2024-10-08 14:00","2024","10","08","14:00","","18.0","","1.8","","33","","","","19","","17","","64.4","","88.24","","","","","","Mostly Cloudy"
"-114.01","51.12","CALGARY INTL A","3031092","2024-10-08 15:00","2024","10","08","15:00","","20.1","","3.9","","34","","","","20","","17","","64.4","","88.24","","","","","","NA"
"-114.01","51.12","CALGARY INTL A","3031092","2024-10-08 16:00","2024","10","08","16:00","","22.3","","2.5","","27","","","","30","","30","","64.4","","88.27","","","","","","NA"
"-114.01","51.12","CALGARY INTL A","3031092","2024-10-08 17:00","2024","10","08","17:00","","20.8","","1.3","","27","","","","28","","37","","24.1","","88.32","","","","","","Mainly Clear"
"-114.01","51.12","CALGARY INTL A","3031092","2024-10-08 18:00","2024","10","08","18:00","","18.7","","0.7","","29","","","","29","","28","","24.1","","88.38","","","","","","NA"
"-114.01","51.12","CALGARY INTL A","3031092","2024-10-08 19:00","2024","10","08","19:00","","16.1","","0.6","","35","","","","30","","15","","24.1","","88.46","","","","","","NA"
"-114.01","51.12","CALGARY INTL A","3031092","2024-10-08 20:00","2024","10","08","20:00","","11.9","","0.7","","46","","","","6","","9","","24.1","","88.51","","","","","","Clear"
"-114.01","51.12","CALGARY INTL A","3031092","2024-10-08 21:00","2024","10","08","21:00","","12.1","","0.8","","45","","","","34","","10","","24.1","","88.56","","","","","","NA"
"-114.01","51.12","CALGARY INTL A","3031092","2024-10-08 22:00","2024","10","08","22:00","","12.2","","0.6","","45","","","","","","0","","24.1","","88.62","","","","","","NA"
"-114.01","51.12","CALGARY INTL A","3031092","2024-10-08 23:00","2024","10","08","23:00","","8.2","","2.0","","65","","","","36","","16","","24.1","","88.76","","","","","","Mainly Clear"
"-114.01","51.12","CALGARY INTL A","3031092","2024-10-09 00:00","2024","10","09","00:00","","7.0","","2.3","","72","","","","34","","13","","24.1","","88.79","","","","","","NA"
"-114.01","51.12","CALGARY INTL A","3031092","2024-10-09 01:00","2024","10","09","01:00","","6.0","","1.6","","73","","","","","","0","","24.1","","88.83","","","","","","NA"
"-114.01","51.12","CALGARY INTL A","3031092","2024-10-09 02:00","2024","10","09","02:00","","6.6","","1.9","","72","","","","25","","9","","24.1","","88.87","","","","","","Mostly Cloudy"
"-114.01","51.12","CALGARY INTL A","3031092","2024-10-09 03:00","2024","10","09","03:00","","5.5","","1.4","","74","","","","26","","3","","24.1","","88.89","","","","","","NA"
"-114.01","51.12","CALGARY INTL A","3031092","2024-10-09 04:00","2024","10","09","04:00","","3.1","","0.0","","80","","","","","","0","","24.1","","88.88","","","","","","NA"
"-114.01","51.12","CALGARY INTL A","3031092","2024-10-09 05:00","2024","10","09","05:00","","2.6","","-0.5","","80","","","","9","","3","","24.1","","88.85","","","","","","Mostly Cloudy"
"-114.01","51.12","CALGARY INTL A","3031092","2024-10-09 06:00","2024","10","09","06:00","","2.6","","-0.8","","78","","","","35","","5","","24.1","","88.81","","","","","","NA"
"-114.01","51.12","CALGARY INTL A","3031092","2024-10-09 07:00","2024","10","09","07:00","","1.6","","-0.8","","84","","","","36","","6","","24.1","","88.80","","","","","","NA"
"-114.01","51.12","CALGARY INTL A","3031092","2024-10-09 08:00","2024","10","09","08:00","","2.7","","-0.4","","80","","","","34","","5","","48.3","","88.80","","","","","","Mostly Cloudy"
"-114.01","51.12","CALGARY INTL A","3031092","2024-10-09 09:00","2024","10","09","09:00","","9.1","","0.5","","55","","","","11","","12","","48.3","","88.82","","","","","","NA"
"-114.01","51.12","CALGARY INTL A","3031092","2024-10-09 10:00","2024","10","09","10:00","","10.7","","0.6","","50","","","","8","","7","","48.3","","88.85","","","","","","NA"
"-114.01","51.12","CALGARY INTL A","3031092","2024-10-09 11:00","2024","10","09","11:00","","10.9","","0.5","","49","","","","4","","12","","32.2","","88.84","","","","","","Mainly Clear"
"-114.01","51.12","CALGARY INTL A","3031092","2024-10-09 12:00","2024","10","09","12:00","","11.6","","-0.3","","44","","","","6","","7","","32.2","","88.79","","","","","","NA"
"-114.01","51.12","CALGARY INTL A","3031092","2024-10-09 13:00","2024","10","09","13:00","","12.1","","0.6","","45","","","","3","","6","","24.1","","88.73","","","","","","NA"
"-114.01","51.12","CALGARY INTL A","3031092","2024-10-09 14:00","2024","10","09","14:00","","11.9","","0.2","","45","","","","","","0","","24.1","","88.68","","","","","","Cloudy"
"-114.01","51.12","CALGARY INTL A","3031092","2024-10-09 15:00","2024","10","09","15:00","","12.6","","1.6","","47","","","","12","","8","","24.1","","88.64","","","","","","NA"
"-114.01","51.12","CALGARY INTL A","3031092","2024-10-09 16:00","2024","10","09","16:00","","13.0","","1.9","","47","","","","12","","8","","24.1","","88.63","","","","","","NA"
"-114.01","51.12","CALGARY INTL A","3031092","2024-10-09 17:00","2024","10","09","17:00","","11.8","","1.6","","50","","","","12","","12","","24.1","","88.65","","","","","","Cloudy"
"-114.01","51.12","CALGARY INTL A","3031092","2024-10-09 18:00","2024","10","09","18:00","","9.3","","1.5","","58","","","","7","","13","","24.1","","88.70","","","","","","NA"
"-114.01","51.12","CALGARY INTL A","3031092","2024-10-09 19:00","2024","10","09","19:00","","8.3","","1.1","","60","","","","11","","12","","24.1","","88.75","","","","","","NA"
"-114.01","51.12","CALGARY INTL A","3031092","2024-10-09 20:00","2024","10","09","20:00","","7.7","","1.2","","63","","","","","","0","","24.1","","88.76","","","","","","Mainly Clear"
"-114.01","51.12","CALGARY INTL A","3031092","2024-10-09 21:00","2024","10","09","21:00","","8.5","","1.5","","61","","","","29","","5","","24.1","","88.79","","","","","","NA"
"-114.01","51.12","CALGARY INTL A","3031092","2024-10-09 22:00","2024","10","09","22:00","","7.3","","1.4","","66","","","","","","0","","24.1","","88.85","","","","","","NA"
"-114.01","51.12","CALGARY INTL A","3031092","2024-10-09 23:00","2024","10","09","23:00","","8.0","","1.5","","64","","","","22","","5","","24.1","","88.88","","","","","","Mostly Cloudy"
"-114.01","51.12","CALGARY INTL A","3031092","2024-10-10 00:00","2024","10","10","00:00","","9.2","","2.6","","63","","","","30","","17","","24.1","","88.96","","","","","","NA"
"-114.01","51.12","CALGARY INTL A","3031092","2024-10-10 01:00","2024","10","10","01:00","","5.0","","1.9","","81","","","","35","","25","","24.1","","89.13","","","","","","NA"
"-114.01","51.12","CALGARY INTL A","3031092","2024-10-10 02:00","2024","10","10","02:00","","4.0","","1.6","","85","","","","35","","23","","24.1","","89.19","","","","","","Clear"
"-114.01","51.12","CALGARY INTL A","3031092","2024-10-10 03:00","2024","10","10","03:00","","3.3","","1.2","","86","","","","35","","21","","24.1","","89.25","","","","","","NA"
"-114.01","51.12","CALGARY INTL A","3031092","2024-10-10 04:00","2024","10","10","04:00","","2.8","","0.9","","87","","","","33","","16","","24.1","","89.29","","","","","","NA"
"-114.01","51.12","CALGARY INTL A","3031092","2024-10-10 05:00","2024","10","10","05:00","","3.1","","0.5","","83","","","","27","","4","","24.1","","89.36","","","","","","Clear"
"-114.01","51.12","CALGARY INTL A","3031092","2024-10-10 06:00","2024","10","10","06:00","","2.6","","0.2","","84","","","","20","","10","","24.1","","89.44","","","","","","NA"
"-114.01","51.12","CALGARY INTL A","3031092","2024-10-10 07:00","2024","10","10","07:00","","2.5","","0.2","","85","","","","23","","9","","48.3","","89.50","","","","","","NA"
"-114.01","51.12","CALGARY INTL A","3031092","2024-10-10 08:00","2024","10","10","08:00","","3.1","","0.1","","81","","","","23","","12","","64.4","","89.54","","","","","","Clear"
"-114.01","51.12","CALGARY INTL A","3031092","2024-10-10 09:00","2024","10","10","09:00","","6.0","","1.1","","71","","","","24","","8","","64.4","","89.57","","","","","","NA"
"-114.01","51.12","CALGARY INTL A","3031092","2024-10-10 10:00","2024","10","10","10:00","","7.8","","0.6","","60","","","","23","","9","","64.4","","89.57","","","","","","NA"
"-114.01","51.12","CALGARY INTL A","3031092","2024-10-10 11:00","2024","10","10","11:00","","9.2","","0.0","","52","","","","","","0","","64.4","","89.57","","","","","","Clear"
"-114.01","51.12","CALGARY INTL A","3031092","2024-10-10 12:00","2024","10","10","12:00","","11.0","","-0.1","","46","","","","19","","4","","64.4","","89.56","","","","","","NA"
"-114.01","51.12","CALGARY INTL A","3031092","2024-10-10 13:00","2024","10","10","13:00","","11.5","","-1.6","","40","","","","18","","5","","64.4","","89.55","","","","","","NA"
"-114.01","51.12","CALGARY INTL A","3031092","2024-10-10 14:00","2024","10","10","14:00","","12.2","","-1.0","","40","","","","16","","9","","48.3","","89.54","","","","","","Mostly Cloudy"
"-114.01","51.12","CALGARY INTL A","3031092","2024-10-10 15:00","2024","10","10","15:00","","12.4","","-1.1","","39","","","","16","","7","","48.3","","89.53","","","","","","NA"
"-114.01","51.12","CALGARY INTL A","3031092","2024-10-10 16:00","2024","10","10","16:00","","11.3","","-0.6","","43","","","","16","","9","","32.2","","89.52","","","","","","NA"
"-114.01","51.12","CALGARY INTL A","3031092","2024-10-10 17:00","2024","10","10","17:00","","10.8","","-0.5","","45","","","","14","","13","","32.2","","89.55","","","","","","Mostly Cloudy"
"-114.01","51.12","CALGARY INTL A","3031092","2024-10-10 18:00","2024","10","10","18:00","","9.6","","0.3","","52","","","","11","","16","","32.2","","89.60","","","","","","NA"
"-114.01","51.12","CALGARY INTL A","3031092","2024-10-10 19:00","2024","10","10","19:00","","7.9","","0.0","","57","","","","11","","11","","24.1","","89.66","","","","","","NA"
"-114.01","51.12","CALGARY INTL A","3031092","2024-10-10 20:00","2024","10","10","20:00","","7.5","","-0.3","","58","","","","12","","11","","24.1","","89.68","","","","","","Mostly Cloudy"
"-114.01","51.12","CALGARY INTL A","3031092","2024-10-10 21:00","2024","10","10","21:00","","7.1","","-0.4","","59","","","","15","","16","","24.1","","89.71","","","","","","NA"
"-114.01","51.12","CALGARY INTL A","3031092","2024-10-10 22:00","2024","10","10","22:00","","5.4","","-0.5","","66","","","","19","","10","","24.1","","89.69","","","","","","NA"
"-114.01","51.12","CALGARY INTL A","3031092","2024-10-10 23:00","2024","10","10","23:00","","4.5","","-0.1","","72","","","","17","","9","","24.1","","89.67","","","","","","Clear"
"-114.01","51.12","CALGARY INTL A","3031092","2024-10-11 00:00","2024","10","11","00:00","","4.8","","-0.2","","70","","","","18","","8","","24.1","","89.65","","","","","","NA"
"-114.01","51.12","CALGARY INTL A","3031092","2024-10-11 01:00","2024","10","11","01:00","","4.8","","0.3","","73","","","","","","0","","24.1","","89.64","","","","","","NA"
"-114.01","51.12","CALGARY INTL A","3031092","2024-10-11 02:00","2024","10","11","02:00","","3.6","","0.2","","78","","","","17","","9","","24.1","","89.59","","","","","","Clear"
"-114.01","51.12","CALGARY INTL A","3031092","2024-10-11 03:00","2024","10","11","03:00","","3.0","","-0.1","","80","","","","21","","7","","24.1","","89.54","","","","","","NA"
"-114.01","51.12","CALGARY INTL A","3031092","2024-10-11 04:00","2024","10","11","04:00","","1.1","","-1.3","","84","","","","22","","7","","24.1","","89.51","","","","","","NA"
"-114.01","51.12","CALGARY INTL A","3031092","2024-10-11 05:00","2024","10","11","05:00","","1.0","","-1.1","","86","","","","14","","3","","24.1","","89.46","","","","","","Mainly Clear"
"-114.01","51.12","CALGARY INTL A","3031092","2024-10-11 06:00","2024","10","11","06:00","","0.0","","-2.3","","85","","","","","","0","","24.1","","89.42","","","","","","NA"
"-114.01","51.12","CALGARY INTL A","3031092","2024-10-11 07:00","2024","10","11","07:00","","-0.9","","-2.8","","87","","","","32","","3","","32.2","","89.40","","","","-2","","NA"
"-114.01","51.12","CALGARY INTL A","3031092","2024-10-11 08:00","2024","10","11","08:00","","0.7","","-2.1","","81","","","","22","","5","","64.4","","89.41","","","","","","Cloudy"
"-114.01","51.12","CALGARY INTL A","3031092","2024-10-11 09:00","2024","10","11","09:00","","2.8","","-0.3","","80","","","","19","","3","","64.4","","89.35","","","","","","NA"
"-114.01","51.12","CALGARY INTL A","3031092","2024-10-11 10:00","2024","10","11","10:00","","5.6","","0.0","","67","","","","","","0","","48.3","","89.30","","","","","","NA"
"-114.01","51.12","CALGARY INTL A","3031092","2024-10-11 11:00","2024","10","11","11:00","","8.4","","0.6","","58","","","","","","0","","48.3","","89.26","","","","","","Cloudy"
"-114.01","51.12","CALGARY INTL A","3031092","2024-10-11 12:00","2024","10","11","12:00","","9.9","","0.4","","52","","","","","","0","","48.3","","89.25","","","","","","NA"
"-114.01","51.12","CALGARY INTL A","3031092","2024-10-11 13:00","2024","10","11","13:00","","12.3","","-1.9","","37","","","","36","","16","","48.3","","89.23","","","","","","NA"
"-114.01","51.12","CALGARY INTL A","3031092","2024-10-11 14:00","2024","10","11","14:00","","11.8","","-2.7","","36","","","","1","","21","","48.3","","89.24","","","","","","Mostly Cloudy"
"-114.01","51.12","CALGARY INTL A","3031092","2024-10-11 15:00","2024","10","11","15:00","","11.3","","-2.7","","37","","","","1","","17","","48.3","","89.24","","","","","","NA"
"-114.01","51.12","CALGARY INTL A","3031092","2024-10-11 16:00","2024","10","11","16:00","","11.3","","-3.2","","36","","","","4","","16","","32.2","","89.27","","","","","","NA"
"-114.01","51.12","CALGARY INTL A","3031092","2024-10-11 17:00","2024","10","11","17:00","","9.8","","-2.7","","42","","","","3","","13","","32.2","","89.33","","","","","","Mainly Clear"
"-114.01","51.12","CALGARY INTL A","3031092","2024-10-11 18:00","2024","10","11","18:00","","6.8","","-3.9","","46","","","","3","","13","","32.2","","89.39","","","","","","NA"
"-114.01","51.12","CALGARY INTL A","3031092","2024-10-11 19:00","2024","10","11","19:00","","6.3","","-3.5","","50","","","","36","","9","","24.1","","89.45","","","","","","NA"
"-114.01","51.12","CALGARY INTL A","3031092","2024-10-11 20:00","2024","10","11","20:00","","3.4","","-3.7","","59","","","","33","","5","","24.1","","89.46","","","","","","Mostly Cloudy"
"-114.01","51.12","CALGARY INTL A","3031092","2024-10-11 21:00","2024","10","11","21:00","","2.2","","-4.1","","63","","","","33","","4","","16.1","","89.51","","","","","","NA"
"-114.01","51.12","CALGARY INTL A","3031092","2024-10-11 22:00","2024","10","11","22:00","","0.9","","-4.3","","68","","","","7","","3","","24.1","","89.52","","","","","","NA"
"-114.01","51.12","CALGARY INTL A","3031092","2024-10-11 23:00","2024","10","11","23:00","","0.0","","-4.4","","72","","","","35","","3","","24.1","","89.54","","","","-1","","Clear"
"-114.01","51.12","CALGARY INTL A","3031092","2024-10-12 00:00","2024","10","12","00:00","","-1.2","","-4.9","","76","","","","33","","8","","24.1","","89.57","","","","-4","","NA"
"-114.01","51.12","CALGARY INTL A","3031092","2024-10-12 01:00","2024","10","12","01:00","","-0.8","","-5.1","","72","","","","35","","6","","24.1","","89.61","","","","-3","","NA"
"-114.01","51.12","CALGARY INTL A","3031092","2024-10-12 02:00","2024","10","12","02:00","","-1.2","","-5.2","","74","","","","","","0","","24.1","","89.65","","","","","","Clear"
"-114.01","51.12","CALGARY INTL A","3031092","2024-10-12 03:00","2024","10","12","03:00","","-2.3","","-6.1","","75","","","","","","0","","24.1","","89.66","","","","","","NA"
"-114.01","51.12","CALGARY INTL A","3031092","2024-10-12 04:00","2024","10","12","04:00","","-1.7","","-5.7","","74","","","","","","0","","24.1","","89.69","","","","","","NA"
"-114.01","51.12","CALGARY INTL A","3031092","2024-10-12 05:00","2024","10","12","05:00","","-2.4","","-6.4","","74","","","","3","","7","","24.1","","89.75","","","","-5","","Mainly Clear"
"-114.01","51.12","CALGARY INTL A","3031092","2024-10-12 06:00","2024","10","12","06:00","","-1.6","","-5.5","","75","","","","24","","4","","24.1","","89.73","","","","-3","","NA"
"-114.01","51.12","CALGARY INTL A","3031092","2024-10-12 07:00","2024","10","12","07:00","","-1.7","","-4.7","","80","","","","20","","3","","48.3","","89.76","","","","-3","","NA"
"-114.01","51.12","CALGARY INTL A","3031092","2024-10-12 08:00","2024","10","12","08:00","","-0.8","","-4.6","","75","","","","","","0","","64.4","","89.84","","","","","","Mainly Clear"
"-114.01","51.12","CALGARY INTL A","3031092","2024-10-12 09:00","2024","10","12","09:00","","3.4","","-1.9","","68","","","","21","","5","","48.3","","89.86","","","","","","NA"
"-114.01","51.12","CALGARY INTL A","3031092","2024-10-12 10:00","2024","10","12","10:00","","6.8","","-1.1","","57","","","","19","","9","","48.3","","89.84","","","","","","NA"
"-114.01","51.12","CALGARY INTL A","3031092","2024-10-12 11:00","2024","10","12","11:00","","9.1","","-1.6","","47","","","","19","","10","","48.3","","89.85","","","","","","Mostly Cloudy"
"-114.01","51.12","CALGARY INTL A","3031092","2024-10-12 12:00","2024","10","12","12:00","","10.3","","-2.2","","41","","","","17","","16","","48.3","","89.85","","","","","","NA"
"-114.01","51.12","CALGARY INTL A","3031092","2024-10-12 13:00","2024","10","12","13:00","","11.5","","-1.0","","42","","","","18","","17","","32.2","","89.84","","","","","","NA"
"-114.01","51.12","CALGARY INTL A","3031092","2024-10-12 14:00","2024","10","12","14:00","","12.4","","-1.0","","39","","","","18","","12","","32.2","","89.81","","","","","","Mostly Cloudy"
"-114.01","51.12","CALGARY INTL A","3031092","2024-10-12 15:00","2024","10","12","15:00","","11.7","","-0.2","","43","","","","17","","14","","32.2","","89.82","","","","","","NA"
"-114.01","51.12","CALGARY INTL A","3031092","2024-10-12 16:00","2024","10","12","16:00","","12.3","","0.5","","44","","","","18","","14","","24.1","","89.80","","","","","","NA"
"-114.01","51.12","CALGARY INTL A","3031092","2024-10-12 17:00","2024","10","12","17:00","","11.3","","-0.2","","45","","","","17","","17","","24.1","","89.81","","","","","","Mostly Cloudy"
"-114.01","51.12","CALGARY INTL A","3031092","2024-10-12 18:00","2024","10","12","18:00","","9.6","","0.2","","52","","","","15","","15","","32.2","","89.84","","","","","","NA"
"-114.01","51.12","CALGARY INTL A","3031092","2024-10-12 19:00","2024","10","12","19:00","","8.4","","-0.4","","54","","","","14","","18","","24.1","","89.86","","","","","","NA"
"-114.01","51.12","CALGARY INTL A","3031092","2024-10-12 20:00","2024","10","12","20:00","","7.1","","-1.7","","54","","","","17","","19","","24.1","","89.87","","","","","","Mainly Clear"
"-114.01","51.12","CALGARY INTL A","3031092","2024-10-12 21:00","2024","10","12","21:00","","5.3","","-2.0","","59","","","","17","","17","","24.1","","89.87","","","","","","NA"
"-114.01","51.12","CALGARY INTL A","3031092","2024-10-12 22:00","2024","10","12","22:00","","4.9","","-1.0","","66","","","","17","","17","","24.1","","89.88","","","","","","NA"
"-114.01","51.12","CALGARY INTL A","3031092","2024-10-12 23:00","2024","10","12","23:00","","3.9","","-1.0","","70","","","","17","","17","","24.1","","89.85","","","","","","Clear"
"-114.01","51.12","CALGARY INTL A","3031092","2024-10-13 00:00","2024","10","13","00:00","","3.4","","-1.0","","73","","","","20","","14","","24.1","","89.81","","","","","","NA"
"-114.01","51.12","CALGARY INTL A","3031092","2024-10-13 01:00","2024","10","13","01:00","","2.3","","-1.2","","78","","","","19","","13","","24.1","","89.79","","","","","","NA"
"-114.01","51.12","CALGARY INTL A","3031092","2024-10-13 02:00","2024","10","13","02:00","","3.1","","-1.2","","73","","","","20","","15","","24.1","","89.76","","","","","","Clear"
"-114.01","51.12","CALGARY INTL A","3031092","2024-10-13 03:00","2024","10","13","03:00","","1.7","","-1.7","","78","","","","19","","13","","24.1","","89.69","","","","","","NA"
"-114.01","51.12","CALGARY INTL A","3031092","2024-10-13 04:00","2024","10","13","04:00","","2.6","","-1.3","","76","","","","19","","9","","24.1","","89.61","","","","","","NA"
"-114.01","51.12","CALGARY INTL A","3031092","2024-10-13 05:00","2024","10","13","05:00","","2.5","","-1.4","","76","","","","19","","10","","24.1","","89.51","","","","","","Clear"
"-114.01","51.12","CALGARY INTL A","3031092","2024-10-13 06:00","2024","10","13","06:00","","1.3","","-1.4","","82","","","","21","","10","","24.1","","89.50","","","","","","NA"
"-114.01","51.12","CALGARY INTL A","3031092","2024-10-13 07:00","2024","10","13","07:00","","-0.2","","-1.8","","90","","","","20","","10","","64.4","","89.47","","","","-4","","NA"
"-114.01","51.12","CALGARY INTL A","3031092","2024-10-13 08:00","2024","10","13","08:00","","1.5","","-1.0","","84","","","","21","","9","","64.4","","89.47","","","","","","Mostly Cloudy"
"-114.01","51.12","CALGARY INTL A","3031092","2024-10-13 09:00","2024","10","13","09:00","","5.5","","0.4","","69","","","","19","","12","","64.4","","89.48","","","","","","NA"
"-114.01","51.12","CALGARY INTL A","3031092","2024-10-13 10:00","2024","10","13","10:00","","8.0","","0.6","","59","","","","21","","16","","64.4","","89.44","","","","","","NA"
"-114.01","51.12","CALGARY INTL A","3031092","2024-10-13 11:00","2024","10","13","11:00","","10.0","","1.3","","55","","","","17","","12","","64.4","","89.42","","","","","","Mainly Clear"
"-114.01","51.12","CALGARY INTL A","3031092","2024-10-13 12:00","2024","10","13","12:00","","12.6","","1.8","","48","","","","18","","12","","64.4","","89.36","","","","","","NA"
"-114.01","51.12","CALGARY INTL A","3031092","2024-10-13 13:00","2024","10","13","13:00","","14.8","","2.8","","44","","","","19","","16","","64.4","","89.28","","","","","","NA"
"-114.01","51.12","CALGARY INTL A","3031092","2024-10-13 14:00","2024","10","13","14:00","","18.3","","3.6","","37","","","","19","","16","","64.4","","89.19","","","","","","Mainly Clear"
"-114.01","51.12","CALGARY INTL A","3031092","2024-10-13 15:00","2024","10","13","15:00","","20.3","","3.1","","32","","","","19","","17","","64.4","","89.13","","","","","","NA"
"-114.01","51.12","CALGARY INTL A","3031092","2024-10-13 16:00","2024","10","13","16:00","","18.4","","3.7","","37","","","","18","","15","","24.1","","89.10","","","","","","NA"
"-114.01","51.12","CALGARY INTL A","3031092","2024-10-13 17:00","2024","10","13","17:00","","18.1","","3.3","","37","","","","20","","13","","24.1","","89.06","","","","","","Mostly Cloudy"
"-114.01","51.12","CALGARY INTL A","3031092","2024-10-13 18:00","2024","10","13","18:00","","16.9","","2.9","","39","","","","21","","9","","24.1","","89.03","","","","","","NA"
"-114.01","51.12","CALGARY INTL A","3031092","2024-10-13 19:00","2024","10","13","19:00","","13.8","","2.8","","47","","","","22","","8","","24.1","","89.02","","","","","","NA"
"-114.01","51.12","CALGARY INTL A","3031092","2024-10-13 20:00","2024","10","13","20:00","","10.5","","3.4","","61","","","","23","","5","","16.1","","89.00","","","","","","Mostly Cloudy"
"-114.01","51.12","CALGARY INTL A","3031092","2024-10-13 21:00","2024","10","13","21:00","","13.3","","3.1","","50","","","","22","","10","","24.1","","88.99","","","","","","NA"
"-114.01","51.12","CALGARY INTL A","3031092","2024-10-13 22:00","2024","10","13","22:00","","9.1","","2.3","","62","","","","19","","4","","24.1","","89.01","","","","","","NA"
"-114.01","51.12","CALGARY INTL A","3031092","2024-10-13 23:00","2024","10","13","23:00","","12.8","","0.8","","44","","","","25","","5","","24.1","","88.99","","","","","","Mostly Cloudy"
"-114.01","51.12","CALGARY INTL A","3031092","2024-10-14 00:00","2024","10","14","00:00","","10.9","","1.2","","51","","","","20","","4","","24.1","","88.95","","","","","","NA"
"-114.01","51.12","CALGARY INTL A","3031092","2024-10-14 01:00","2024","10","14","01:00","","10.1","","1.4","","54","","","","19","","7","","24.1","","88.93","","","","","","NA"
"-114.01","51.12","CALGARY INTL A","3031092","2024-10-14 02:00","2024","10","14","02:00","","12.3","","0.3","","43","","","","18","","5","","24.1","","88.93","","","","","","Mostly Cloudy"
"-114.01","51.12","CALGARY INTL A","3031092","2024-10-14 03:00","2024","10","14","03:00","","11.5","","0.5","","47","","","","21","","5","","24.1","","88.90","","","","","","NA"
"-114.01","51.12","CALGARY INTL A","3031092","2024-10-14 04:00","2024","10","14","04:00","","10.1","","0.6","","52","","","","20","","4","","24.1","","88.86","","","","","","NA"
"-114.01","51.12","CALGARY INTL A","3031092","2024-10-14 05:00","2024","10","14","05:00","","6.7","","0.6","","65","","","","21","","9","","24.1","","88.82","","","","","","Clear"
"-114.01","51.12","CALGARY INTL A","3031092","2024-10-14 06:00","2024","10","14","06:00","","8.1","","0.0","","56","","","","20","","7","","24.1","","88.81","","","","","","NA"
"-114.01","51.12","CALGARY INTL A","3031092","2024-10-14 07:00","2024","10","14","07:00","","6.8","","0.6","","64","","","","19","","10","","64.4","","88.79","","","","","","NA"
"-114.01","51.12","CALGARY INTL A","3031092","2024-10-14 08:00","2024","10","14","08:00","","8.9","","0.6","","56","","","","19","","13","","64.4","","88.78","","","","","","Mainly Clear"
"-114.01","51.12","CALGARY INTL A","3031092","2024-10-14 09:00","2024","10","14","09:00","","14.1","","1.5","","42","","","","20","","11","","64.4","","88.77","","","","","","NA"
"-114.01","51.12","CALGARY INTL A","3031092","2024-10-14 10:00","2024","10","14","10:00","","18.1","","2.2","","34","","","","20","","8","","64.4","","88.72","","","","","","NA"
"-114.01","51.12","CALGARY INTL A","3031092","2024-10-14 11:00","2024","10","14","11:00","","20.4","","2.1","","29","","","","19","","9","","64.4","","88.71","","","","","","Mostly Cloudy"
"-114.01","51.12","CALGARY INTL A","3031092","2024-10-14 12:00","2024","10","14","12:00","","22.4","","3.7","","29","","","","17","","16","","64.4","","88.67","","","","","","NA"
"-114.01","51.12","CALGARY INTL A","3031092","2024-10-14 13:00","2024","10","14","13:00","","23.3","","0.8","","22","","","","17","","16","","64.4","","88.60","","","","","","NA"
"-114.01","51.12","CALGARY INTL A","3031092","2024-10-14 14:00","2024","10","14","14:00","","22.4","","2.9","","28","","","","19","","12","","64.4","","88.58","","","","","","Mostly Cloudy"
"-114.01","51.12","CALGARY INTL A","3031092","2024-10-14 15:00","2024","10","14","15:00","","21.6","","4.2","","32","","","","17","","9","","64.4","","88.58","","","","","","NA"
"-114.01","51.12","CALGARY INTL A","3031092","2024-10-14 16:00","2024","10","14","16:00","","20.4","","1.5","","28","","","","28","","3","","24.1","","88.59","","","","","","NA"
"-114.01","51.12","CALGARY INTL A","3031092","2024-10-14 17:00","2024","10","14","17:00","","21.9","","0.0","","23","","","","29","","13","","24.1","","88.64","","","","","","Mostly Cloudy"
"-114.01","51.12","CALGARY INTL A","3031092","2024-10-14 18:00","2024","10","14","18:00","","20.3","","-0.4","","25","","","","29","","24","","24.1","","88.67","","","","","","NA"
"-114.01","51.12","CALGARY INTL A","3031092","2024-10-14 19:00","2024","10","14","19:00","","18.5","","-0.1","","28","","","","29","","16","","24.1","","88.71","","","","","","NA"
"-114.01","51.12","CALGARY INTL A","3031092","2024-10-14 20:00","2024","10","14","20:00","","18.3","","0.2","","29","","","","28","","20","","24.1","","88.73","","","","","","Clear"
"-114.01","51.12","CALGARY INTL A","3031092","2024-10-14 21:00","2024","10","14","21:00","","15.3","","0.2","","36","","","","34","","8","","24.1","","88.79","","","","","","NA"
"-114.01","51.12","CALGARY INTL A","3031092","2024-10-14 22:00","2024","10","14","22:00","","13.4","","0.6","","42","","","","33","","10","","24.1","","88.84","","","","","","NA"
"-114.01","51.12","CALGARY INTL A","3031092","2024-10-14 23:00","2024","10","14","23:00","","10.8","","0.6","","49","","","","33","","8","","24.1","","88.85","","","","","","Mostly Cloudy"
"-114.01","51.12","CALGARY INTL A","3031092","2024-10-15 00:00","2024","10","15","00:00","","9.2","","1.1","","56","","","","19","","5","","24.1","","88.91","","","","","","NA"
"-114.01","51.12","CALGARY INTL A","3031092","2024-10-15 01:00","2024","10","15","01:00","","10.0","","1.5","","55","","","","","","0","","24.1","","88.95","","","","","","NA"
"-114.01","51.12","CALGARY INTL A","3031092","2024-10-15 02:00","2024","10","15","02:00","","8.5","","1.4","","61","","","","","","0","","24.1","","88.97","","","","","","Mostly Cloudy"
"-114.01","51.12","CALGARY INTL A","3031092","2024-10-15 03:00","2024","10","15","03:00","","9.4","","1.6","","58","","","","31","","9","","24.1","","89.02","","","","","","NA"
"-114.01","51.12","CALGARY INTL A","3031092","2024-10-15 04:00","2024","10","15","04:00","","10.7","","1.5","","53","","","","34","","6","","24.1","","89.03","","","","","","NA"
"-114.01","51.12","CALGARY INTL A","3031092","2024-10-15 05:00","2024","10","15","05:00","","9.0","","1.4","","59","","","","1","","10","","24.1","","89.09","","","","","","Mainly Clear"
"-114.01","51.12","CALGARY INTL A","3031092","2024-10-15 06:00","2024","10","15","06:00","","10.2","","1.7","","55","","","","","","0","","24.1","","89.16","","","","","","NA"
"-114.01","51.12","CALGARY INTL A","3031092","2024-10-15 07:00","2024","10","15","07:00","","10.2","","1.9","","56","","","","25","","5","","24.1","","89.24","","","","","","NA"
"-114.01","51.12","CALGARY INTL A","3031092","2024-10-15 08:00","2024","10","15","08:00","","9.9","","2.6","","61","","","","35","","12","","24.1","","89.28","","","","","","Mostly Cloudy"
"-114.01","51.12","CALGARY INTL A","3031092","2024-10-15 09:00","2024","10","15","09:00","","9.6","","3.6","","66","","","","36","","21","","24.1","","89.26","","","","","","NA"
"-114.01","51.12","CALGARY INTL A","3031092","2024-10-15 10:00","2024","10","15","10:00","","11.1","","5.1","","67","","","","36","","19","","24.1","","89.25","","","","","","NA"
"-114.01","51.12","CALGARY INTL A","3031092","2024-10-15 11:00","2024","10","15","11:00","","12.2","","5.3","","62","","","","36","","10","","24.1","","89.24","","","","","","Cloudy"
"-114.01","51.12","CALGARY INTL A","3031092","2024-10-15 12:00","2024","10","15","12:00","","12.6","","5.3","","61","","","","9","","9","","24.1","","89.15","","","","","","NA"
"-114.01","51.12","CALGARY INTL A","3031092","2024-10-15 13:00","2024","10","15","13:00","","13.2","","5.8","","60","","","","7","","5","","24.1","","89.07","","","","","","NA"
"-114.01","51.12","CALGARY INTL A","3031092","2024-10-15 14:00","2024","10","15","14:00","","15.4","","5.7","","52","","","","18","","7","","24.1","","88.98","","","","","","Cloudy"
"-114.01","51.12","CALGARY INTL A","3031092","2024-10-15 15:00","2024","10","15","15:00","","15.7","","5.8","","52","","","","12","","15","","24.1","","88.93","","","","","","NA"
"-114.01","51.12","CALGARY INTL A","3031092","2024-10-15 16:00","2024","10","15","16:00","","14.7","","5.2","","53","","","","13","","11","","24.1","","88.89","","","","","","NA"
"-114.01","51.12","CALGARY INTL A","3031092","2024-10-15 17:00","2024","10","15","17:00","","13.2","","5.9","","61","","","","10","","13","","24.1","","88.86","","","","","","Mostly Cloudy"
"-114.01","51.12","CALGARY INTL A","3031092","2024-10-15 18:00","2024","10","15","18:00","","10.8","","5.4","","69","","","","8","","5","","16.1","","88.83","","","","","","NA"
"-114.01","51.12","CALGARY INTL A","3031092","2024-10-15 19:00","2024","10","15","19:00","","9.4","","4.7","","72","","","","12","","5","","24.1","","88.80","","","","","","NA"
"-114.01","51.12","CALGARY INTL A","3031092","2024-10-15 20:00","2024","10","15","20:00","","9.1","","4.8","","74","","","","35","","4","","24.1","","88.76","","","","","","Mostly Cloudy"
"-114.01","51.12","CALGARY INTL A","3031092","2024-10-15 21:00","2024","10","15","21:00","","10.5","","4.5","","66","","","","16","","10","","24.1","","88.66","","","","","","NA"
"-114.01","51.12","CALGARY INTL A","3031092","2024-10-15 22:00","2024","10","15","22:00","","8.3","","4.5","","77","","","","32","","12","","16.1","","88.71","","","","","","NA"
"-114.01","51.12","CALGARY INTL A","3031092","2024-10-15 23:00","2024","10","15","23:00","","7.3","","4.1","","81","","","","35","","17","","16.1","","88.65","","","","","","Mostly Cloudy"
"-114.01","51.12","CALGARY INTL A","3031092","2024-10-16 00:00","2024","10","16","00:00","","6.5","","4.0","","84","","","","33","","12","","24.1","","88.59","","","","","","NA"
"-114.01","51.12","CALGARY INTL A","3031092","2024-10-16 01:00","2024","10","16","01:00","","5.7","","3.6","","86","","","","34","","12","","24.1","","88.53","","","","","","NA"
"-114.01","51.12","CALGARY INTL A","3031092","2024-10-16 02:00","2024","10","16","02:00","","5.5","","3.2","","86","","","","33","","9","","24.1","","88.47","","","","","","Mostly Cloudy"
"-114.01","51.12","CALGARY INTL A","3031092","2024-10-16 03:00","2024","10","16","03:00","","4.5","","2.6","","88","","","","34","","7","","19.3","","88.38","","","","","","NA"
"-114.01","51.12","CALGARY INTL A","3031092","2024-10-16 04:00","2024","10","16","04:00","","4.3","","2.4","","87","","","","35","","8","","24.1","","88.28","","","","","","NA"
"-114.01","51.12","CALGARY INTL A","3031092","2024-10-16 05:00","2024","10","16","05:00","","4.6","","2.6","","87","","","","34","","9","","19.3","","88.22","","","","","","Mostly Cloudy"
"-114.01","51.12","CALGARY INTL A","3031092","2024-10-16 06:00","2024","10","16","06:00","","4.7","","2.8","","87","","","","34","","9","","24.1","","88.18","","","","","","NA"
"-114.01","51.12","CALGARY INTL A","3031092","2024-10-16 07:00","2024","10","16","07:00","","5.4","","3.2","","86","","","","34","","13","","24.1","","88.14","","","","","","NA"
"-114.01","51.12","CALGARY INTL A","3031092","2024-10-16 08:00","2024","10","16","08:00","","6.0","","3.5","","84","","","","35","","17","","24.1","","88.10","","","","","","Mostly Cloudy"
"-114.01","51.12","CALGARY INTL A","3031092","2024-10-16 09:00","2024","10","16","09:00","","7.6","","4.1","","78","","","","20","","5","","24.1","","88.07","","","","","","NA"
"-114.01","51.12","CALGARY INTL A","3031092","2024-10-16 10:00","2024","10","16","10:00","","9.1","","4.6","","73","","","","21","","9","","24.1","","87.99","","","","","","NA"
"-114.01","51.12","CALGARY INTL A","3031092","2024-10-16 11:00","2024","10","16","11:00","","11.9","","5.1","","63","","","","23","","10","","24.1","","87.88","","","","","","Mostly Cloudy"
"-114.01","51.12","CALGARY INTL A","3031092","2024-10-16 12:00","2024","10","16","12:00","","15.2","","5.7","","53","","","","18","","8","","24.1","","87.81","","","","","","NA"
"-114.01","51.12","CALGARY INTL A","3031092","2024-10-16 13:00","2024","10","16","13:00","","16.8","","5.1","","46","","","","15","","18","","24.1","","87.68","","","","","","NA"
"-114.01","51.12","CALGARY INTL A","3031092","2024-10-16 14:00","2024","10","16","14:00","","16.6","","4.7","","45","","","","17","","17","","24.1","","87.60","","","","","","Mostly Cloudy"
"-114.01","51.12","CALGARY INTL A","3031092","2024-10-16 15:00","2024","10","16","15:00","","17.3","","4.1","","41","","","","15","","17","","24.1","","87.53","","","","","","NA"
"-114.01","51.12","CALGARY INTL A","3031092","2024-10-16 16:00","2024","10","16","16:00","","17.2","","-1.8","","27","","","","27","","13","","24.1","","87.48","","","","","","NA"
"-114.01","51.12","CALGARY INTL A","3031092","2024-10-16 17:00","2024","10","16","17:00","","14.0","","1.8","","43","","","","29","","16","","24.1","","87.50","","","","","","Mostly Cloudy"
"-114.01","51.12","CALGARY INTL A","3031092","2024-10-16 18:00","2024","10","16","18:00","","11.3","","1.2","","50","","","","28","","19","","24.1","","87.51","","","","","","NA"
"-114.01","51.12","CALGARY INTL A","3031092","2024-10-16 19:00","2024","10","16","19:00","","9.4","","1.7","","58","","","","22","","9","","24.1","","87.51","","","","","","NA"
"-114.01","51.12","CALGARY INTL A","3031092","2024-10-16 20:00","2024","10","16","20:00","","9.1","","1.7","","60","","","","26","","15","","24.1","","87.49","","","","","","Mostly Cloudy"
"-114.01","51.12","CALGARY INTL A","3031092","2024-10-16 21:00","2024","10","16","21:00","","8.8","","0.1","","54","","","","27","","27","","24.1","","87.50","","","","","","NA"
"-114.01","51.12","CALGARY INTL A","3031092","2024-10-16 22:00","2024","10","16","22:00","","8.2","","-0.8","","53","","","","29","","27","","24.1","","87.57","","","","","","NA"
"-114.01","51.12","CALGARY INTL A","3031092","2024-10-16 23:00","2024","10","16","23:00","","7.5","","-2.8","","48","","","","34","","16","","24.1","","87.60","","","","","","Mostly Cloudy"
"-114.01","51.12","CALGARY INTL A","3031092","2024-10-17 00:00","2024","10","17","00:00","","7.3","","-4.2","","44","","","","27","","20","","24.1","","87.69","","","","","","NA"
"-114.01","51.12","CALGARY INTL A","3031092","2024-10-17 01:00","2024","10","17","01:00","","3.5","","0.8","","82","","","","36","","23","","24.1","","87.84","","","","","","NA"
"-114.01","51.12","CALGARY INTL A","3031092","2024-10-17 02:00","2024","10","17","02:00","","2.7","","0.8","","87","","","","1","","10","","24.1","","87.87","","","","","","Mainly Clear"
"-114.01","51.12","CALGARY INTL A","3031092","2024-10-17 03:00","2024","10","17","03:00","","2.0","","0.2","","88","","","","36","","7","","24.1","","87.91","","","","","","NA"
"-114.01","51.12","CALGARY INTL A","3031092","2024-10-17 04:00","2024","10","17","04:00","","2.7","","0.6","","86","","","","26","","5","","24.1","","87.91","","","","","","NA"
"-114.01","51.12","CALGARY INTL A","3031092","2024-10-17 05:00","2024","10","17","05:00","","1.8","","-0.3","","86","","","","26","","7","","24.1","","87.93","","","","","","Clear"
"-114.01","51.12","CALGARY INTL A","3031092","2024-10-17 06:00","2024","10","17","06:00","","0.0","","-2.5","","83","","","","19","","7","","24.1","","87.96","","","","-2","","NA"
"-114.01","51.12","CALGARY INTL A","3031092","2024-10-17 07:00","2024","10","17","07:00","","0.1","","-1.1","","92","","","","19","","12","","32.2","","88.01","","","","","","NA"
"-114.01","51.12","CALGARY INTL A","3031092","2024-10-17 08:00","2024","10","17","08:00","","0.6","","-1.7","","85","","","","18","","7","","64.4","","88.03","","","","","","Mostly Cloudy"
"-114.01","51.12","CALGARY INTL A","3031092","2024-10-17 09:00","2024","10","17","09:00","","4.7","","-1.5","","64","","","","19","","7","","64.4","","88.04","","","","","","NA"
"-114.01","51.12","CALGARY INTL A","3031092","2024-10-17 10:00","2024","10","17","10:00","","8.0","","-6.9","","34","","","","28","","22","","64.4","","88.04","","","","","","NA"
"-114.01","51.12","CALGARY INTL A","3031092","2024-10-17 11:00","2024","10","17","11:00","","8.7","","-8.5","","29","","","","28","","30","","64.4","","88.06","","","","","","Mostly Cloudy"
"-114.01","51.12","CALGARY INTL A","3031092","2024-10-17 12:00","2024","10","17","12:00","","9.3","","-9.6","","25","","","","26","","26","","48.3","","88.09","","","","","","NA"
"-114.01","51.12","CALGARY INTL A","3031092","2024-10-17 13:00","2024","10","17","13:00","","9.4","","-10.2","","24","","","","30","","19","","48.3","","88.10","","","","","","NA"
"-114.01","51.12","CALGARY INTL A","3031092","2024-10-17 14:00","2024","10","17","14:00","","10.1","","-10.2","","23","","","","28","","18","","48.3","","88.12","","","","","","Mostly Cloudy"
"-114.01","51.12","CALGARY INTL A","3031092","2024-10-17 15:00","2024","10","17","15:00","","9.8","","-11.3","","22","","","","28","","20","","48.3","","88.16","","","","","","NA"
"-114.01","51.12","CALGARY INTL A","3031092","2024-10-17 16:00","2024","10","17","16:00","","9.8","","-10.7","","22","","","","27","","16","","32.2","","88.18","","","","","","NA"
"-114.01","51.12","CALGARY INTL A","3031092","2024-10-17 17:00","2024","10","17","17:00","","8.8","","-10.5","","24","","","","27","","24","","32.2","","88.27","","","","","","Mainly Clear"
"-114.01","51.12","CALGARY INTL A","3031092","2024-10-17 18:00","2024","10","17","18:00","","7.1","","-9.7","","29","","","","27","","24","","32.2","","88.35","","","","","","NA"
"-114.01","51.12","CALGARY INTL A","3031092","2024-10-17 19:00","2024","10","17","19:00","","5.7","","-9.6","","32","","","","28","","22","","24.1","","88.43","","","","","","NA"
"-114.01","51.12","CALGARY INTL A","3031092","2024-10-17 20:00","2024","10","17","20:00","","5.4","","-9.6","","33","","","","28","","24","","24.1","","88.51","","","","","","Clear"
"-114.01","51.12","CALGARY INTL A","3031092","2024-10-17 21:00","2024","10","17","21:00","","4.9","","-9.4","","35","","","","29","","21","","24.1","","88.60","","","","","","NA"
"-114.01","51.12","CALGARY INTL A","3031092","2024-10-17 22:00","2024","10","17","22:00","","3.7","","-9.1","","39","","","","30","","12","","24.1","","88.68","","","","","","NA"
"-114.01","51.12","CALGARY INTL A","3031092","2024-10-17 23:00","2024","10","17","23:00","","3.4","","-9.1","","40","","","","34","","8","","24.1","","88.75","","","","","","Clear"
"-114.01","51.12","CALGARY INTL A","3031092","2024-10-18 00:00","2024","10","18","00:00","","1.3","","-8.6","","48","","","","13","","5","","24.1","","88.81","","","","","","NA"
"-114.01","51.12","CALGARY INTL A","3031092","2024-10-18 01:00","2024","10","18","01:00","","0.2","","-9.2","","49","","","","","","0","","24.1","","88.89","","","","","","NA"
"-114.01","51.12","CALGARY INTL A","3031092","2024-10-18 02:00","2024","10","18","02:00","","1.3","","-9.1","","46","","","","29","","4","","24.1","","88.93","","","","","","Clear"
"-114.01","51.12","CALGARY INTL A","3031092","2024-10-18 03:00","2024","10","18","03:00","","-0.1","","-8.7","","52","","","","","","0","","24.1","","88.95","","","","","","NA"
"-114.01","51.12","CALGARY INTL A","3031092","2024-10-18 04:00","2024","10","18","04:00","","-1.6","","-9.1","","56","","","","15","","4","","24.1","","89.01","","","","-3","","NA"
"-114.01","51.12","CALGARY INTL A","3031092","2024-10-18 05:00","2024","10","18","05:00","","0.1","","-8.6","","52","","","","19","","5","","24.1","","89.05","","","","","","Clear"
"-114.01","51.12","CALGARY INTL A","3031092","2024-10-18 06:00","2024","10","18","06:00","","-1.2","","-9.0","","55","","","","11","","9","","24.1","","89.10","","","","-4","","NA"
"-114.01","51.12","CALGARY INTL A","3031092","2024-10-18 07:00","2024","10","18","07:00","","-1.7","","-8.4","","60","","","","19","","10","","48.3","","89.12","","","","-5","","NA"
"-114.01","51.12","CALGARY INTL A","3031092","2024-10-18 08:00","2024","10","18","08:00","","-1.6","","-6.7","","68","","","","18","","11","","32.2","","89.15","","","","-5","","Mostly Cloudy"
"-114.01","51.12","CALGARY INTL A","3031092","2024-10-18 09:00","2024","10","18","09:00","","1.8","","-6.8","","53","","","","19","","12","","64.4","","89.14","","","","","","NA"
"-114.01","51.12","CALGARY INTL A","3031092","2024-10-18 10:00","2024","10","18","10:00","","4.7","","-8.0","","39","","","","16","","13","","48.3","","89.16","","","","","","NA"
"-114.01","51.12","CALGARY INTL A","3031092","2024-10-18 11:00","2024","10","18","11:00","","7.4","","-7.3","","34","","","","18","","10","","48.3","","89.09","","","","","","Cloudy"
"-114.01","51.12","CALGARY INTL A","3031092","2024-10-18 12:00","2024","10","18","12:00","","8.2","","-7.0","","33","","","","18","","16","","48.3","","89.04","","","","","","NA"
"-114.01","51.12","CALGARY INTL A","3031092","2024-10-18 13:00","2024","10","18","13:00","","8.6","","-6.7","","33","","","","18","","16","","48.3","","88.94","","","","","","NA"
"-114.01","51.12","CALGARY INTL A","3031092","2024-10-18 14:00","2024","10","18","14:00","","9.0","","-5.9","","34","","","","18","","19","","48.3","","88.84","","","","","","Cloudy"
"-114.01","51.12","CALGARY INTL A","3031092","2024-10-18 15:00","2024","10","18","15:00","","8.6","","-8.6","","29","","","","20","","22","","64.4","","88.73","","","","","","NA"
"-114.01","51.12","CALGARY INTL A","3031092","2024-10-18 16:00","2024","10","18","16:00","","8.1","","-7.6","","32","","","","19","","17","","48.3","","88.66","","","","","","NA"
"-114.01","51.12","CALGARY INTL A","3031092","2024-10-18 17:00","2024","10","18","17:00","","7.5","","-7.4","","34","","","","18","","26","","24.1","","88.50","","","","","","Cloudy"
"-114.01","51.12","CALGARY INTL A","3031092","2024-10-18 18:00","2024","10","18","18:00","","6.8","","-7.0","","37","","","","17","","20","","32.2","","88.40","","","","","","NA"
"-114.01","51.12","CALGARY INTL A","3031092","2024-10-18 19:00","2024","10","18","19:00","","6.8","","-7.0","","37","","","","18","","7","","16.1","","88.32","","","","","","NA"
"-114.01","51.12","CALGARY INTL A","3031092","2024-10-18 20:00","2024","10","18","20:00","","6.3","","-5.5","","43","","","","19","","9","","16.1","","88.26","","","","","","Mostly Cloudy"
"-114.01","51.12","CALGARY INTL A","3031092","2024-10-18 21:00","2024","10","18","21:00","","6.1","","-5.8","","42","","","","21","","10","","24.1","","88.22","","","","","","NA"
"-114.01","51.12","CALGARY INTL A","3031092","2024-10-18 22:00","2024","10","18","22:00","","6.4","","-5.4","","43","","","","17","","9","","24.1","","88.18","","","","","","NA"
"-114.01","51.12","CALGARY INTL A","3031092","2024-10-18 23:00","2024","10","18","23:00","","7.5","","-4.7","","41","","","","18","","18","","16.1","","88.20","","","","","","Rain Showers"
"-114.01","51.12","CALGARY INTL A","3031092","2024-10-19 00:00","2024","10","19","00:00","","10.2","","-4.9","","34","","","","24","","16","","24.1","","88.18","","","","","","NA"
"-114.01","51.12","CALGARY INTL A","3031092","2024-10-19 01:00","2024","10","19","01:00","","11.8","","-3.7","","34","","","","28","","39","","24.1","","88.20","","","","","","NA"
"-114.01","51.12","CALGARY INTL A","3031092","2024-10-19 02:00","2024","10","19","02:00","","10.9","","-3.4","","37","","","","28","","23","","24.1","","88.34","","","","","","Mostly Cloudy"
"-114.01","51.12","CALGARY INTL A","3031092","2024-10-19 03:00","2024","10","19","03:00","","10.9","","-3.0","","38","","","","29","","22","","24.1","","88.38","","","","","","NA"
"-114.01","51.12","CALGARY INTL A","3031092","2024-10-19 04:00","2024","10","19","04:00","","10.8","","-2.6","","39","","","","24","","8","","24.1","","88.44","","","","","","NA"
"-114.01","51.12","CALGARY INTL A","3031092","2024-10-19 05:00","2024","10","19","05:00","","9.2","","-2.6","","43","","","","17","","4","","24.1","","88.48","","","","","","Cloudy"
"-114.01","51.12","CALGARY INTL A","3031092","2024-10-19 06:00","2024","10","19","06:00","","9.0","","-2.1","","46","","","","28","","9","","24.1","","88.48","","","","","","NA"
"-114.01","51.12","CALGARY INTL A","3031092","2024-10-19 07:00","2024","10","19","07:00","","6.5","","-2.9","","51","","","","18","","10","","48.3","","88.54","","","","","","NA"
"-114.01","51.12","CALGARY INTL A","3031092","2024-10-19 08:00","2024","10","19","08:00","","6.9","","-2.4","","52","","","","20","","11","","64.4","","88.59","","","","","","Mostly Cloudy"
"-114.01","51.12","CALGARY INTL A","3031092","2024-10-19 09:00","2024","10","19","09:00","","8.5","","-2.4","","46","","","","21","","14","","48.3","","88.60","","","","","","NA"
"-114.01","51.12","CALGARY INTL A","3031092","2024-10-19 10:00","2024","10","19","10:00","","10.7","","-0.4","","46","","","","15","","13","","64.4","","88.60","","","","","","NA"
"-114.01","51.12","CALGARY INTL A","3031092","2024-10-19 11:00","2024","10","19","11:00","","15.1","","0.1","","36","","","","21","","9","","48.3","","88.57","","","","","","Mostly Cloudy"
"-114.01","51.12","CALGARY INTL A","3031092","2024-10-19 12:00","2024","10","19","12:00","","17.1","","-0.7","","30","","","","14","","12","","32.2","","88.50","","","","","","NA"
"-114.01","51.12","CALGARY INTL A","3031092","2024-10-19 13:00","2024","10","19","13:00","","19.1","","0.9","","29","","","","17","","18","","32.2","","88.39","","","","","","NA"
"-114.01","51.12","CALGARY INTL A","3031092","2024-10-19 14:00","2024","10","19","14:00","","18.2","","1.9","","33","","","","19","","8","","32.2","","88.35","","","","","","Cloudy"
"-114.01","51.12","CALGARY INTL A","3031092","2024-10-19 15:00","2024","10","19","15:00","","17.6","","2.4","","36","","","","4","","5","","32.2","","88.32","","","","","","NA"
"-114.01","51.12","CALGARY INTL A","3031092","2024-10-19 16:00","2024","10","19","16:00","","15.3","","3.0","","44","","","","34","","10","","32.2","","88.28","","","","","","NA"
"-114.01","51.12","CALGARY INTL A","3031092","2024-10-19 17:00","2024","10","19","17:00","","15.4","","2.3","","41","","","","21","","5","","32.2","","88.26","","","","","","Mostly Cloudy"
"-114.01","51.12","CALGARY INTL A","3031092","2024-10-19 18:00","2024","10","19","18:00","","12.1","","2.0","","50","","","","19","","4","","32.2","","88.22","","","","","","NA"
"-114.01","51.12","CALGARY INTL A","3031092","2024-10-19 19:00","2024","10","19","19:00","","11.5","","2.5","","54","","","","","","0","","24.1","","88.24","","","","","","NA"
"-114.01","51.12","CALGARY INTL A","3031092","2024-10-19 20:00","2024","10","19","20:00","","8.8","","2.4","","64","","","","19","","8","","24.1","","88.19","","","","","","Mostly Cloudy"
"-114.01","51.12","CALGARY INTL A","3031092","2024-10-19 21:00","2024","10","19","21:00","","15.4","","1.6","","39","","","","27","","16","","24.1","","88.25","","","","","","NA"
"-114.01","51.12","CALGARY INTL A","3031092","2024-10-19 22:00","2024","10","19","22:00","","11.0","","2.1","","54","","","","1","","11","","24.1","","88.32","","","","","","NA"
"-114.01","51.12","CALGARY INTL A","3031092","2024-10-19 23:00","2024","10","19","23:00","","8.8","","2.3","","64","","","","1","","10","","24.1","","88.41","","","","","","Mostly Cloudy"
"-114.01","51.12","CALGARY INTL A","3031092","2024-10-20 00:00","2024","10","20","00:00","","10.7","","3.3","","60","","","","35","","17","","24.1","","88.45","","","","","","NA"
"-114.01","51.12","CALGARY INTL A","3031092","2024-10-20 01:00","2024","10","20","01:00","","11.2","","2.9","","56","","","","32","","19","","24.1","","88.50","","","","","","NA"
"-114.01","51.12","CALGARY INTL A","3031092","2024-10-20 02:00","2024","10","20","02:00","","7.4","","1.3","","65","","","","1","","23","","24.1","","88.67","","","","","","Mostly Cloudy"
"-114.01","51.12","CALGARY INTL A","3031092","2024-10-20 03:00","2024","10","20","03:00","","6.1","","1.0","","70","","","","2","","23","","24.1","","88.72","","","","","","NA"
"-114.01","51.12","CALGARY INTL A","3031092","2024-10-20 04:00","2024","10","20","04:00","","5.0","","0.5","","73","","","","6","","5","","24.1","","88.79","","","","","","NA"
"-114.01","51.12","CALGARY INTL A","3031092","2024-10-20 05:00","2024","10","20","05:00","","4.0","","0.3","","77","","","","","","0","","24.1","","88.80","","","","","","Cloudy"
"-114.01","51.12","CALGARY INTL A","3031092","2024-10-20 06:00","2024","10","20","06:00","","4.8","","0.4","","73","","","","26","","3","","24.1","","88.80","","","","","","NA"
"-114.01","51.12","CALGARY INTL A","3031092","2024-10-20 07:00","2024","10","20","07:00","","4.8","","1.1","","77","","","","22","","7","","24.1","","88.80","","","","","","NA"
"-114.01","51.12","CALGARY INTL A","3031092","2024-10-20 08:00","2024","10","20","08:00","","5.8","","1.2","","73","","","","20","","4","","24.1","","88.80","","","","","","Cloudy"
"-114.01","51.12","CALGARY INTL A","3031092","2024-10-20 09:00","2024","10","20","09:00","","6.7","","1.7","","71","","","","19","","5","","24.1","","88.78","","","","","","NA"
"-114.01","51.12","CALGARY INTL A","3031092","2024-10-20 10:00","2024","10","20","10:00","","8.8","","0.3","","55","","","","16","","12","","24.1","","88.74","","","","","","NA"
"-114.01","51.12","CALGARY INTL A","3031092","2024-10-20 11:00","2024","10","20","11:00","","10.0","","-1.0","","46","","","","15","","20","","24.1","","88.66","","","","","","Mostly Cloudy"
"-114.01","51.12","CALGARY INTL A","3031092","2024-10-20 12:00","2024","10","20","12:00","","11.0","","-0.4","","45","","","","13","","23","","24.1","","88.56","","","","","","NA"
"-114.01","51.12","CALGARY INTL A","3031092","2024-10-20 13:00","2024","10","20","13:00","","13.0","","1.5","","45","","","","17","","20","","24.1","","88.38","","","","","","NA"
"-114.01","51.12","CALGARY INTL A","3031092","2024-10-20 14:00","2024","10","20","14:00","","14.4","","3.0","","46","","","","15","","14","","24.1","","88.22","","","","","","Mostly Cloudy"
"-114.01","51.12","CALGARY INTL A","3031092","2024-10-20 15:00","2024","10","20","15:00","","16.0","","4.2","","45","","","","8","","3","","24.1","","88.08","","","","","","NA"
"-114.01","51.12","CALGARY INTL A","3031092","2024-10-20 16:00","2024","10","20","16:00","","17.5","","5.4","","45","","","","34","","9","","24.1","","87.93","","","","","","NA"
"-114.01","51.12","CALGARY INTL A","3031092","2024-10-20 17:00","2024","10","20","17:00","","15.8","","5.5","","50","","","","32","","9","","24.1","","87.86","","","","","","Mostly Cloudy"
"-114.01","51.12","CALGARY INTL A","3031092","2024-10-20 18:00","2024","10","20","18:00","","13.1","","5.0","","58","","","","1","","5","","24.1","","87.80","","","","","","NA"
"-114.01","51.12","CALGARY INTL A","3031092","2024-10-20 19:00","2024","10","20","19:00","","10.6","","4.7","","67","","","","19","","7","","24.1","","87.75","","","","","","NA"
"-114.01","51.12","CALGARY INTL A","3031092","2024-10-20 20:00","2024","10","20","20:00","","14.6","","2.1","","42","","","","19","","17","","24.1","","87.69","","","","","","Mostly Cloudy"
"-114.01","51.12","CALGARY INTL A","3031092","2024-10-20 21:00","2024","10","20","21:00","","12.9","","2.3","","48","","","","27","","7","","24.1","","87.69","","","","","","NA"
"-114.01","51.12","CALGARY INTL A","3031092","2024-10-20 22:00","2024","10","20","22:00","","11.0","","2.3","","55","","","","23","","3","","24.1","","87.70","","","","","","NA"
"-114.01","51.12","CALGARY INTL A","3031092","2024-10-20 23:00","2024","10","20","23:00","","6.8","","1.8","","71","","","","2","","8","","24.1","","87.75","","","","","","Mostly Cloudy"
"-114.01","51.12","CALGARY INTL A","3031092","2024-10-21 00:00","2024","10","21","00:00","","5.6","","1.5","","75","","","","1","","12","","24.1","","87.81","","","","","","NA"
"-114.01","51.12","CALGARY INTL A","3031092","2024-10-21 01:00","2024","10","21","01:00","","4.9","","0.6","","74","","","","35","","34","","24.1","","88.05","","","","","","NA"
"-114.01","51.12","CALGARY INTL A","3031092","2024-10-21 02:00","2024","10","21","02:00","","4.1","","1.6","","83","","","","35","","36","","12.9","","88.18","","","","","","Cloudy"
"-114.01","51.12","CALGARY INTL A","3031092","2024-10-21 03:00","2024","10","21","03:00","","3.7","","0.7","","81","","","","34","","41","","12.9","","88.31","","","","","","NA"
"-114.01","51.12","CALGARY INTL A","3031092","2024-10-21 04:00","2024","10","21","04:00","","1.8","","-2.5","","73","","","","35","","40","","12.9","","88.42","","","","","","NA"
"-114.01","51.12","CALGARY INTL A","3031092","2024-10-21 05:00","2024","10","21","05:00","","1.1","","-3.3","","73","","","","36","","21","","16.1","","88.64","","","","","","Mostly Cloudy"
"-114.01","51.12","CALGARY INTL A","3031092","2024-10-21 06:00","2024","10","21","06:00","","0.7","","-4.0","","71","","","","36","","32","","16.1","","88.65","","","","","","NA"
"-114.01","51.12","CALGARY INTL A","3031092","2024-10-21 07:00","2024","10","21","07:00","","0.3","","-4.2","","72","","","","34","","25","","24.1","","88.78","","","","","","NA"
"-114.01","51.12","CALGARY INTL A","3031092","2024-10-21 08:00","2024","10","21","08:00","","-0.4","","-3.8","","78","","","","33","","25","","24.1","","88.87","","","","-6","","Cloudy"
"-114.01","51.12","CALGARY INTL A","3031092","2024-10-21 09:00","2024","10","21","09:00","","-1.4","","-3.8","","84","","","","33","","25","","8.1","","88.93","","","","-8","","Freezing Drizzle"
"-114.01","51.12","CALGARY INTL A","3031092","2024-10-21 10:00","2024","10","21","10:00","","-1.8","","-3.4","","89","","","","33","","29","","6.4","","88.98","","","","-9","","Freezing Drizzle"
"-114.01","51.12","CALGARY INTL A","3031092","2024-10-21 11:00","2024","10","21","11:00","","-1.9","","-3.0","","92","","","","35","","22","","6.4","","88.97","","","","-8","","Snow,Fog"
"-114.01","51.12","CALGARY INTL A","3031092","2024-10-21 12:00","2024","10","21","12:00","","-2.1","","-3.4","","91","","","","1","","18","","4.0","","89.01","","","","-8","","Snow,Fog"
"-114.01","51.12","CALGARY INTL A","3031092","2024-10-21 13:00","2024","10","21","13:00","","-2.0","","-3.1","","92","","","","36","","18","","1.6","","89.05","","","","-7","","Snow,Fog"
"-114.01","51.12","CALGARY INTL A","3031092","2024-10-21 14:00","2024","10","21","14:00","","-2.2","","-4.0","","88","","","","36","","19","","6.4","","89.03","","","","-8","","Fog"
"-114.01","51.12","CALGARY INTL A","3031092","2024-10-21 15:00","2024","10","21","15:00","","-2.5","","-3.9","","90","","","","36","","17","","9.7","","89.10","","","","-8","","Fog"
"-114.01","51.12","CALGARY INTL A","3031092","2024-10-21 16:00","2024","10","21","16:00","","-2.8","","-4.1","","90","","","","36","","17","","1.2","","89.08","","","","-8","","Snow,Fog"
"-114.01","51.12","CALGARY INTL A","3031092","2024-10-21 17:00","2024","10","21","17:00","","-2.7","","-3.7","","93","","","","33","","9","","6.4","","89.14","","","","-6","","Snow,Fog"
"-114.01","51.12","CALGARY INTL A","3031092","2024-10-21 18:00","2024","10","21","18:00","","-3.1","","-4.0","","93","","","","36","","9","","3.6","","89.14","","","","-7","","Snow,Fog"
"-114.01","51.12","CALGARY INTL A","3031092","2024-10-21 19:00","2024","10","21","19:00","","-3.0","","-4.0","","93","","","","34","","11","","6.4","","89.16","","","","-7","","Snow"
"-114.01","51.12","CALGARY INTL A","3031092","2024-10-21 20:00","2024","10","21","20:00","","-3.2","","-4.1","","94","","","","33","","14","","2.4","","89.22","","","","-8","","Snow"
"-114.01","51.12","CALGARY INTL A","3031092","2024-10-21 21:00","2024","10","21","21:00","","-3.2","","-4.1","","94","","","","34","","9","","3.6","","89.22","","","","-7","","Snow"
"-114.01","51.12","CALGARY INTL A","3031092","2024-10-21 22:00","2024","10","21","22:00","","-3.5","","-4.6","","92","","","","36","","5","","12.9","","89.24","","","","-6","","NA"
"-114.01","51.12","CALGARY INTL A","3031092","2024-10-21 23:00","2024","10","21","23:00","","-3.8","","-4.7","","93","","","","33","","4","","24.1","","89.28","","","","-5","","Mostly Cloudy"
"-114.01","51.12","CALGARY INTL A","3031092","2024-10-22 00:00","2024","10","22","00:00","","-4.0","","-4.7","","95","","","","28","","4","","16.1","","89.27","","","","-6","","NA"
"-114.01","51.12","CALGARY INTL A","3031092","2024-10-22 01:00","2024","10","22","01:00","","-3.9","","-5.1","","92","","","","17","","4","","16.1","","89.23","","","","-6","","NA"
"-114.01","51.12","CALGARY INTL A","3031092","2024-10-22 02:00","2024","10","22","02:00","","-3.9","","-5.3","","91","","","","","","0","","16.1","","89.23","","","","","","Mostly Cloudy"
"-114.01","51.12","CALGARY INTL A","3031092","2024-10-22 03:00","2024","10","22","03:00","","-3.6","","-4.8","","92","","","","18","","5","","16.1","","89.23","","","","-6","","NA"
"-114.01","51.12","CALGARY INTL A","3031092","2024-10-22 04:00","2024","10","22","04:00","","-3.2","","-4.0","","94","","","","16","","13","","11.3","","89.23","","","","-8","","NA"
"-114.01","51.12","CALGARY INTL A","3031092","2024-10-22 05:00","2024","10","22","05:00","","-3.8","","-4.7","","93","","","","19","","16","","12.9","","89.16","","","","-9","","Cloudy"
"-114.01","51.12","CALGARY INTL A","3031092","2024-10-22 06:00","2024","10","22","06:00","","-4.2","","-4.8","","96","","","","19","","15","","6.4","","89.18","","","","-10","","Fog"
"-114.01","51.12","CALGARY INTL A","3031092","2024-10-22 07:00","2024","10","22","07:00","","-4.0","","-4.5","","97","","","","18","","9","","6.4","","89.25","","","","-8","","Fog"
"-114.01","51.12","CALGARY INTL A","3031092","2024-10-22 08:00","2024","10","22","08:00","","-3.5","","-4.2","","95","","","","19","","6","","6.4","","89.26","","","","-6","","Fog"
"-114.01","51.12","CALGARY INTL A","3031092","2024-10-22 09:00","2024","10","22","09:00","","-3.5","","-4.6","","92","","","","22","","9","","6.4","","89.26","","","","-7","","Fog"
"-114.01","51.12","CALGARY INTL A","3031092","2024-10-22 10:00","2024","10","22","10:00","","-2.6","","-4.5","","87","","","","24","","7","","8.1","","89.25","","","","-5","","Fog"
"-114.01","51.12","CALGARY INTL A","3031092","2024-10-22 11:00","2024","10","22","11:00","","-0.8","","-3.8","","80","","","","22","","11","","64.4","","89.19","","","","-5","","Clear"
"-114.01","51.12","CALGARY INTL A","3031092","2024-10-22 12:00","2024","10","22","12:00","","1.4","","-2.4","","76","","","","20","","8","","64.4","","89.17","","","","","","NA"
"-114.01","51.12","CALGARY INTL A","3031092","2024-10-22 13:00","2024","10","22","13:00","","3.2","","-1.5","","72","","","","19","","12","","64.4","","89.11","","","","","","NA"
"-114.01","51.12","CALGARY INTL A","3031092","2024-10-22 14:00","2024","10","22","14:00","","4.2","","-1.1","","69","","","","18","","15","","24.1","","89.04","","","","","","Clear"
"-114.01","51.12","CALGARY INTL A","3031092","2024-10-22 15:00","2024","10","22","15:00","","5.0","","-0.9","","66","","","","17","","20","","24.1","","89.01","","","","","","NA"
"-114.01","51.12","CALGARY INTL A","3031092","2024-10-22 16:00","2024","10","22","16:00","","5.4","","-0.7","","64","","","","19","","17","","24.1","","88.94","","","","","","NA"
"-114.01","51.12","CALGARY INTL A","3031092","2024-10-22 17:00","2024","10","22","17:00","","4.4","","-0.9","","68","","","","20","","13","","24.1","","88.88","","","","","","Clear"
"-114.01","51.12","CALGARY INTL A","3031092","2024-10-22 18:00","2024","10","22","18:00","","6.1","","-5.9","","42","","","","26","","13","","24.1","","88.86","","","","","","NA"
"-114.01","51.12","CALGARY INTL A","3031092","2024-10-22 19:00","2024","10","22","19:00","","5.5","","-6.7","","41","","","","28","","15","","24.1","","88.85","","","","","","NA"
"-114.01","51.12","CALGARY INTL A","3031092","2024-10-22 20:00","2024","10","22","20:00","","6.5","","-7.8","","35","","","","28","","26","","24.1","","88.85","","","","","","Clear"
"-114.01","51.12","CALGARY INTL A","3031092","2024-10-22 21:00","2024","10","22","21:00","","6.3","","-8.2","","35","","","","28","","23","","24.1","","88.88","","","","","","NA"
"-114.01","51.12","CALGARY INTL A","3031092","2024-10-22 22:00","2024","10","22","22:00","","6.1","","-8.4","","35","","","","28","","24","","24.1","","88.90","","","","","","NA"
"-114.01","51.12","CALGARY INTL A","3031092","2024-10-22 23:00","2024","10","22","23:00","","6.3","","-9.0","","32","","","","28","","31","","24.1","","88.91","","","","","","Clear"
"-114.01","51.12","CALGARY INTL A","3031092","2024-10-23 00:00","2024","10","23","00:00","","6.0","","-9.2","","33","","","","27","","25","","24.1","","88.91","","","","","","NA"
"-114.01","51.12","CALGARY INTL A","3031092","2024-10-23 01:00","2024","10","23","01:00","","6.0","","-9.9","","31","","","","27","","31","","24.1","","88.88","","","","","","NA"
"-114.01","51.12","CALGARY INTL A","3031092","2024-10-23 02:00","2024","10","23","02:00","","5.7","","-10.1","","31","","","","28","","27","","24.1","","88.89","","","","","","Clear"
"-114.01","51.12","CALGARY INTL A","3031092","2024-10-23 03:00","2024","10","23","03:00","","5.7","","-10.4","","31","","","","28","","27","","24.1","","88.87","","","","","","NA"
"-114.01","51.12","CALGARY INTL A","3031092","2024-10-23 04:00","2024","10","23","04:00","","4.6","","-10.0","","34","","","","33","","12","","24.1","","88.87","","","","","","NA"
"-114.01","51.12","CALGARY INTL A","3031092","2024-10-23 05:00","2024","10","23","05:00","","4.9","","-9.8","","34","","","","33","","13","","24.1","","88.90","","","","","","Clear"
"-114.01","51.12","CALGARY INTL A","3031092","2024-10-23 06:00","2024","10","23","06:00","","4.7","","-9.9","","34","","","","30","","21","","24.1","","88.92","","","","","","NA"
"-114.01","51.12","CALGARY INTL A","3031092","2024-10-23 07:00","2024","10","23","07:00","","4.3","","-10.1","","34","","","","32","","13","","64.4","","88.94","","","","","","NA"
"-114.01","51.12","CALGARY INTL A","3031092","2024-10-23 08:00","2024","10","23","08:00","","3.4","","-8.8","","41","","","","6","","3","","64.4","","88.94","","","","","","Mainly Clear"
"-114.01","51.12","CALGARY INTL A","3031092","2024-10-23 09:00","2024","10","23","09:00","","6.5","","-8.7","","33","","","","29","","6","","64.4","","88.95","","","","","","NA"
"-114.01","51.12","CALGARY INTL A","3031092","2024-10-23 10:00","2024","10","23","10:00","","7.3","","-8.3","","32","","","","33","","11","","64.4","","88.95","","","","","","NA"
"-114.01","51.12","CALGARY INTL A","3031092","2024-10-23 11:00","2024","10","23","11:00","","8.8","","-8.1","","30","","","","26","","9","","64.4","","88.93","","","","","","Clear"
"-114.01","51.12","CALGARY INTL A","3031092","2024-10-23 12:00","2024","10","23","12:00","","9.3","","-8.2","","28","","","","14","","18","","64.4","","88.89","","","","","","NA"
"-114.01","51.12","CALGARY INTL A","3031092","2024-10-23 13:00","2024","10","23","13:00","","9.5","","-6.5","","32","","","","14","","20","","64.4","","88.82","","","","","","NA"
"-114.01","51.12","CALGARY INTL A","3031092","2024-10-23 14:00","2024","10","23","14:00","","9.1","","-6.2","","33","","","","17","","20","","64.4","","88.78","","","","","","Clear"
"-114.01","51.12","CALGARY INTL A","3031092","2024-10-23 15:00","2024","10","23","15:00","","9.1","","-6.2","","33","","","","18","","18","","64.4","","88.71","","","","","","NA"
"-114.01","51.12","CALGARY INTL A","3031092","2024-10-23 16:00","2024","10","23","16:00","","8.5","","-6.0","","35","","","","17","","19","","24.1","","88.67","","","","","","NA"
"-114.01","51.12","CALGARY INTL A","3031092","2024-10-23 17:00","2024","10","23","17:00","","6.4","","-5.0","","44","","","","18","","12","","64.4","","88.67","","","","","","Mainly Clear"
"-114.01","51.12","CALGARY INTL A","3031092","2024-10-23 18:00","2024","10","23","18:00","","5.0","","-4.7","","50","","","","15","","18","","24.1","","88.67","","","","","","NA"
"-114.01","51.12","CALGARY INTL A","3031092","2024-10-23 19:00","2024","10","23","19:00","","4.1","","-4.2","","55","","","","17","","11","","24.1","","88.71","","","","","","NA"
"-114.01","51.12","CALGARY INTL A","3031092","2024-10-23 20:00","2024","10","23","20:00","","4.2","","-6.9","","44","","","","31","","6","","24.1","","88.68","","","","","","Mostly Cloudy"
"-114.01","51.12","CALGARY INTL A","3031092","2024-10-23 21:00","2024","10","23","21:00","","5.0","","-8.3","","37","","","","28","","18","","24.1","","88.68","","","","","","NA"
"-114.01","51.12","CALGARY INTL A","3031092","2024-10-23 22:00","2024","10","23","22:00","","5.4","","-8.5","","36","","","","28","","24","","24.1","","88.69","","","","","","NA"
"-114.01","51.12","CALGARY INTL A","3031092","2024-10-23 23:00","2024","10","23","23:00","","5.5","","-8.2","","37","","","","27","","18","","24.1","","88.68","","","","","","Mostly Cloudy"
"-114.01","51.12","CALGARY INTL A","3031092","2024-10-24 00:00","2024","10","24","00:00","","4.1","","-7.5","","43","","","","34","","13","","24.1","","88.70","","","","","","NA"
"-114.01","51.12","CALGARY INTL A","3031092","2024-10-24 01:00","2024","10","24","01:00","","1.2","","-6.8","","55","","","","33","","6","","24.1","","88.71","","","","","","NA"
"-114.01","51.12","CALGARY INTL A","3031092","2024-10-24 02:00","2024","10","24","02:00","","0.3","","-5.8","","63","","","","33","","9","","24.1","","88.75","","","","","","Clear"
"-114.01","51.12","CALGARY INTL A","3031092","2024-10-24 03:00","2024","10","24","03:00","","-0.8","","-5.6","","70","","","","34","","9","","24.1","","88.78","","","","-4","","NA"
"-114.01","51.12","CALGARY INTL A","3031092","2024-10-24 04:00","2024","10","24","04:00","","-0.9","","-5.4","","72","","","","19","","3","","24.1","","88.85","","","","-2","","NA"
"-114.01","51.12","CALGARY INTL A","3031092","2024-10-24 05:00","2024","10","24","05:00","","0.7","","-6.2","","60","","","","21","","6","","24.1","","88.86","","","","","","Mainly Clear"
"-114.01","51.12","CALGARY INTL A","3031092","2024-10-24 06:00","2024","10","24","06:00","","-2.0","","-6.8","","70","","","","18","","10","","24.1","","88.85","","","","-6","","NA"
"-114.01","51.12","CALGARY INTL A","3031092","2024-10-24 07:00","2024","10","24","07:00","","-0.3","","-6.5","","63","","","","13","","8","","64.4","","88.90","","","","-3","","NA"
"-114.01","51.12","CALGARY INTL A","3031092","2024-10-24 08:00","2024","10","24","08:00","","1.2","","-7.7","","52","","","","16","","3","","64.4","","88.95","","","","","","Clear"
"-114.01","51.12","CALGARY INTL A","3031092","2024-10-24 09:00","2024","10","24","09:00","","6.2","","-8.1","","35","","","","30","","23","","64.4","","88.99","","","","","","NA"
"-114.01","51.12","CALGARY INTL A","3031092","2024-10-24 10:00","2024","10","24","10:00","","7.4","","-9.0","","30","","","","28","","25","","64.4","","89.01","","","","","","NA"
"-114.01","51.12","CALGARY INTL A","3031092","2024-10-24 11:00","2024","10","24","11:00","","8.6","","-10.2","","25","","","","28","","30","","64.4","","89.04","","","","","","Clear"
"-114.01","51.12","CALGARY INTL A","3031092","2024-10-24 12:00","2024","10","24","12:00","","9.3","","-10.4","","24","","","","30","","30","","64.4","","89.05","","","","","","NA"
"-114.01","51.12","CALGARY INTL A","3031092","2024-10-24 13:00","2024","10","24","13:00","","9.2","","-10.1","","25","","","","26","","25","","64.4","","89.03","","","","","","NA"
"-114.01","51.12","CALGARY INTL A","3031092","2024-10-24 14:00","2024","10","24","14:00","","8.1","","-9.8","","27","","","","27","","27","","64.4","","89.03","","","","","","Mostly Cloudy"
"-114.01","51.12","CALGARY INTL A","3031092","2024-10-24 15:00","2024","10","24","15:00","","8.0","","-9.9","","27","","","","28","","25","","24.1","","89.04","","","","","","NA"
"-114.01","51.12","CALGARY INTL A","3031092","2024-10-24 16:00","2024","10","24","16:00","","8.0","","-10.1","","26","","","","28","","30","","24.1","","89.05","","","","","","NA"
"-114.01","51.12","CALGARY INTL A","3031092","2024-10-24 17:00","2024","10","24","17:00","","7.4","","-9.8","","28","","","","29","","28","","24.1","","89.07","","","","","","Mostly Cloudy"
"-114.01","51.12","CALGARY INTL A","3031092","2024-10-24 18:00","2024","10","24","18:00","","6.7","","-9.6","","30","","","","28","","26","","24.1","","89.10","","","","","","NA"
"-114.01","51.12","CALGARY INTL A","3031092","2024-10-24 19:00","2024","10","24","19:00","","6.1","","-9.7","","31","","","","29","","25","","24.1","","89.16","","","","","","NA"
"-114.01","51.12","CALGARY INTL A","3031092","2024-10-24 20:00","2024","10","24","20:00","","4.0","","-8.6","","40","","","","3","","5","","24.1","","89.19","","","","","","Mostly Cloudy"
"-114.01","51.12","CALGARY INTL A","3031092","2024-10-24 21:00","2024","10","24","21:00","","2.2","","-8.5","","45","","","","34","","6","","24.1","","89.24","","","","","","NA"
"-114.01","51.12","CALGARY INTL A","3031092","2024-10-24 22:00","2024","10","24","22:00","","1.3","","-8.0","","50","","","","34","","6","","24.1","","89.28","","","","","","NA"
"-114.01","51.12","CALGARY INTL A","3031092","2024-10-24 23:00","2024","10","24","23:00","","2.4","","-9.2","","42","","","","31","","7","","24.1","","89.30","","","","","","Clear"
"-114.01","51.12","CALGARY INTL A","3031092","2024-10-25 00:00","2024","10","25","00:00","","2.6","","-9.7","","40","","","","30","","11","","24.1","","89.33","","","","","","NA"
"-114.01","51.12","CALGARY INTL A","3031092","2024-10-25 01:00","2024","10","25","01:00","","1.2","","-10.1","","43","","","","","","0","","24.1","","89.38","","","","","","NA"
"-114.01","51.12","CALGARY INTL A","3031092","2024-10-25 02:00","2024","10","25","02:00","","-0.7","","-10.4","","48","","","","9","","7","","24.1","","89.42","","","","-3","","Clear"
"-114.01","51.12","CALGARY INTL A","3031092","2024-10-25 03:00","2024","10","25","03:00","","-3.2","","-9.3","","63","","","","3","","8","","24.1","","89.46","","","","-6","","NA"
"-114.01","51.12","CALGARY INTL A","3031092","2024-10-25 04:00","2024","10","25","04:00","","-2.2","","-9.3","","58","","","","","","0","","24.1","","89.47","","","","","","NA"
"-114.01","51.12","CALGARY INTL A","3031092","2024-10-25 05:00","2024","10","25","05:00","","-2.7","","-9.2","","61","","","","25","","5","","24.1","","89.51","","","","-5","","Clear"
"-114.01","51.12","CALGARY INTL A","3031092","2024-10-25 06:00","2024","10","25","06:00","","-1.5","","-9.2","","56","","","","25","","7","","24.1","","89.54","","","","-4","","NA"
"-114.01","51.12","CALGARY INTL A","3031092","2024-10-25 07:00","2024","10","25","07:00","","-4.1","","-9.5","","66","","","","19","","4","","64.4","","89.58","","","","-6","","NA"
"-114.01","51.12","CALGARY INTL A","3031092","2024-10-25 08:00","2024","10","25","08:00","","-3.3","","-8.9","","65","","","","20","","7","","64.4","","89.65","","","","-6","","Mainly Clear"
"-114.01","51.12","CALGARY INTL A","3031092","2024-10-25 09:00","2024","10","25","09:00","","0.0","","-8.5","","53","","","","23","","11","","64.4","","89.68","","","","-4","","NA"
"-114.01","51.12","CALGARY INTL A","3031092","2024-10-25 10:00","2024","10","25","10:00","","2.3","","-7.8","","47","","","","21","","8","","64.4","","89.70","","","","","","NA"
"-114.01","51.12","CALGARY INTL A","3031092","2024-10-25 11:00","2024","10","25","11:00","","5.2","","-8.6","","36","","","","18","","7","","64.4","","89.65","","","","","","Mainly Clear"
"-114.01","51.12","CALGARY INTL A","3031092","2024-10-25 12:00","2024","10","25","12:00","","6.9","","-9.6","","30","","","","19","","15","","24.1","","89.61","","","","","","NA"
"-114.01","51.12","CALGARY INTL A","3031092","2024-10-25 13:00","2024","10","25","13:00","","7.3","","-8.8","","31","","","","16","","21","","64.4","","89.54","","","","","","NA"
"-114.01","51.12","CALGARY INTL A","3031092","2024-10-25 14:00","2024","10","25","14:00","","7.1","","-9.0","","31","","","","17","","25","","64.4","","89.48","","","","","","Mostly Cloudy"
"-114.01","51.12","CALGARY INTL A","3031092","2024-10-25 15:00","2024","10","25","15:00","","6.8","","-7.9","","34","","","","17","","23","","48.3","","89.43","","","","","","NA"
"-114.01","51.12","CALGARY INTL A","3031092","2024-10-25 16:00","2024","10","25","16:00","","6.4","","-7.8","","35","","","","17","","28","","48.3","","89.38","","","","","","NA"
"-114.01","51.12","CALGARY INTL A","3031092","2024-10-25 17:00","2024","10","25","17:00","","5.9","","-7.9","","36","","","","17","","22","","48.3","","89.33","","","","","","Mostly Cloudy"
"-114.01","51.12","CALGARY INTL A","3031092","2024-10-25 18:00","2024","10","25","18:00","","5.5","","-7.3","","39","","","","15","","18","","32.2","","89.28","","","","","","NA"
"-114.01","51.12","CALGARY INTL A","3031092","2024-10-25 19:00","2024","10","25","19:00","","4.7","","-6.7","","43","","","","15","","19","","24.1","","89.20","","","","","","NA"
"-114.01","51.12","CALGARY INTL A","3031092","2024-10-25 20:00","2024","10","25","20:00","","4.0","","-5.4","","50","","","","14","","15","","24.1","","89.15","","","","","","Mostly Cloudy"
"-114.01","51.12","CALGARY INTL A","3031092","2024-10-25 21:00","2024","10","25","21:00","","3.9","","-4.5","","54","","","","14","","14","","16.1","","89.12","","","","","","NA"
"-114.01","51.12","CALGARY INTL A","3031092","2024-10-25 22:00","2024","10","25","22:00","","3.5","","-4.2","","57","","","","17","","12","","16.1","","89.05","","","","","","NA"
"-114.01","51.12","CALGARY INTL A","3031092","2024-10-25 23:00","2024","10","25","23:00","","3.3","","-4.2","","58","","","","18","","5","","24.1","","88.98","","","","","","Mostly Cloudy"
"-114.01","51.12","CALGARY INTL A","3031092","2024-10-26 00:00","2024","10","26","00:00","","3.5","","-4.5","","56","","","","15","","4","","24.1","","88.92","","","","","","NA"
"-114.01","51.12","CALGARY INTL A","3031092","2024-10-26 01:00","2024","10","26","01:00","","3.3","","-4.4","","57","","","","15","","4","","16.1","","88.86","","","","","","NA"
"-114.01","51.12","CALGARY INTL A","3031092","2024-10-26 02:00","2024","10","26","02:00","","3.0","","-4.2","","59","","","","19","","8","","16.1","","88.83","","","","","","Cloudy"
"-114.01","51.12","CALGARY INTL A","3031092","2024-10-26 03:00","2024","10","26","03:00","","2.8","","-4.2","","60","","","","22","","12","","16.1","","88.77","","","","","","NA"
"-114.01","51.12","CALGARY INTL A","3031092","2024-10-26 04:00","2024","10","26","04:00","","2.0","","-3.8","","66","","","","19","","12","","24.1","","88.68","","","","","","NA"
"-114.01","51.12","CALGARY INTL A","3031092","2024-10-26 05:00","2024","10","26","05:00","","2.2","","-4.4","","61","","","","20","","4","","24.1","","88.59","","","","","","Mostly Cloudy"
"-114.01","51.12","CALGARY INTL A","3031092","2024-10-26 06:00","2024","10","26","06:00","","3.1","","-5.3","","54","","","","22","","15","","24.1","","88.55","","","","","","NA"
"-114.01","51.12","CALGARY INTL A","3031092","2024-10-26 07:00","2024","10","26","07:00","","3.2","","-5.2","","54","","","","22","","13","","48.3","","88.49","","","","","","NA"
"-114.01","51.12","CALGARY INTL A","3031092","2024-10-26 08:00","2024","10","26","08:00","","2.5","","-4.4","","60","","","","","","0","","48.3","","88.50","","","","","","Mostly Cloudy"
"-114.01","51.12","CALGARY INTL A","3031092","2024-10-26 09:00","2024","10","26","09:00","","5.4","","-5.7","","44","","","","22","","13","","64.4","","88.51","","","","","","NA"
"-114.01","51.12","CALGARY INTL A","3031092","2024-10-26 10:00","2024","10","26","10:00","","7.7","","-5.0","","40","","","","22","","10","","64.4","","88.52","","","","","","NA"
"-114.01","51.12","CALGARY INTL A","3031092","2024-10-26 11:00","2024","10","26","11:00","","13.3","","-1.6","","35","","","","27","","12","","64.4","","88.52","","","","","","Mainly Clear"
"-114.01","51.12","CALGARY INTL A","3031092","2024-10-26 12:00","2024","10","26","12:00","","15.9","","-0.5","","33","","","","28","","19","","64.4","","88.55","","","","","","NA"
"-114.01","51.12","CALGARY INTL A","3031092","2024-10-26 13:00","2024","10","26","13:00","","16.8","","-0.6","","30","","","","29","","16","","48.3","","88.57","","","","","","NA"
"-114.01","51.12","CALGARY INTL A","3031092","2024-10-26 14:00","2024","10","26","14:00","","16.7","","0.2","","32","","","","17","","5","","48.3","","88.57","","","","","","Mostly Cloudy"
"-114.01","51.12","CALGARY INTL A","3031092","2024-10-26 15:00","2024","10","26","15:00","","16.8","","0.3","","32","","","","6","","3","","48.3","","88.60","","","","","","NA"
"-114.01","51.12","CALGARY INTL A","3031092","2024-10-26 16:00","2024","10","26","16:00","","16.5","","-0.5","","31","","","","","","0","","48.3","","88.65","","","","","","NA"
"-114.01","51.12","CALGARY INTL A","3031092","2024-10-26 17:00","2024","10","26","17:00","","14.6","","0.2","","37","","","","26","","5","","32.2","","88.66","","","","","","Mostly Cloudy"
"-114.01","51.12","CALGARY INTL A","3031092","2024-10-26 18:00","2024","10","26","18:00","","12.5","","-1.0","","39","","","","","","0","","24.1","","88.67","","","","","","NA"
"-114.01","51.12","CALGARY INTL A","3031092","2024-10-26 19:00","2024","10","26","19:00","","9.7","","-2.8","","41","","","","18","","9","","24.1","","88.69","","","","","","NA"
"-114.01","51.12","CALGARY INTL A","3031092","2024-10-26 20:00","2024","10","26","20:00","","9.4","","-2.5","","43","","","","11","","8","","24.1","","88.64","","","","","","Mainly Clear"
"-114.01","51.12","CALGARY INTL A","3031092","2024-10-26 21:00","2024","10","26","21:00","","8.7","","-2.0","","47","","","","21","","7","","24.1","","88.65","","","","","","NA"
"-114.01","51.12","CALGARY INTL A","3031092","2024-10-26 22:00","2024","10","26","22:00","","4.2","","-1.9","","64","","","","14","","8","","24.1","","88.61","","","","","","NA"
"-114.01","51.12","CALGARY INTL A","3031092","2024-10-26 23:00","2024","10","26","23:00","","7.5","","-0.9","","55","","","","23","","9","","24.1","","88.53","","","","","","Mainly Clear"
"-114.01","51.12","CALGARY INTL A","3031092","2024-10-27 00:00","2024","10","27","00:00","","7.8","","-0.5","","56","","","","22","","10","","24.1","","88.47","","","","","","NA"
"-114.01","51.12","CALGARY INTL A","3031092","2024-10-27 01:00","2024","10","27","01:00","","7.8","","-0.2","","57","","","","23","","13","","24.1","","88.39","","","","","","NA"
"-114.01","51.12","CALGARY INTL A","3031092","2024-10-27 02:00","2024","10","27","02:00","","7.4","","0.6","","62","","","","23","","13","","24.1","","88.27","","","","","","Clear"
"-114.01","51.12","CALGARY INTL A","3031092","2024-10-27 03:00","2024","10","27","03:00","","8.1","","1.2","","62","","","","22","","11","","24.1","","88.13","","","","","","NA"
"-114.01","51.12","CALGARY INTL A","3031092","2024-10-27 04:00","2024","10","27","04:00","","8.0","","1.7","","64","","","","19","","8","","24.1","","88.04","","","","","","NA"
"-114.01","51.12","CALGARY INTL A","3031092","2024-10-27 05:00","2024","10","27","05:00","","9.3","","2.1","","61","","","","17","","23","","24.1","","87.90","","","","","","Mostly Cloudy"
"-114.01","51.12","CALGARY INTL A","3031092","2024-10-27 06:00","2024","10","27","06:00","","8.1","","2.1","","66","","","","17","","22","","24.1","","87.77","","","","","","NA"
"-114.01","51.12","CALGARY INTL A","3031092","2024-10-27 07:00","2024","10","27","07:00","","9.1","","1.8","","60","","","","18","","19","","24.1","","87.66","","","","","","NA"
"-114.01","51.12","CALGARY INTL A","3031092","2024-10-27 08:00","2024","10","27","08:00","","9.4","","1.5","","58","","","","18","","27","","64.4","","87.53","","","","","","Mainly Clear"
"-114.01","51.12","CALGARY INTL A","3031092","2024-10-27 09:00","2024","10","27","09:00","","9.3","","1.4","","58","","","","18","","25","","64.4","","87.43","","","","","","NA"
"-114.01","51.12","CALGARY INTL A","3031092","2024-10-27 10:00","2024","10","27","10:00","","14.6","","1.8","","42","","","","17","","23","","24.1","","87.29","","","","","","NA"
"-114.01","51.12","CALGARY INTL A","3031092","2024-10-27 11:00","2024","10","27","11:00","","16.5","","1.1","","35","","","","19","","26","","24.1","","87.19","","","","","","Mostly Cloudy"
"-114.01","51.12","CALGARY INTL A","3031092","2024-10-27 12:00","2024","10","27","12:00","","16.2","","1.1","","36","","","","23","","36","","24.1","","87.10","","","","","","NA"
"-114.01","51.12","CALGARY INTL A","3031092","2024-10-27 13:00","2024","10","27","13:00","","17.1","","0.6","","32","","","","23","","20","","24.1","","87.04","","","","","","NA"
"-114.01","51.12","CALGARY INTL A","3031092","2024-10-27 14:00","2024","10","27","14:00","","17.9","","-4.9","","21","","","","23","","27","","24.1","","87.05","","","","","","Mainly Clear"
"-114.01","51.12","CALGARY INTL A","3031092","2024-10-27 15:00","2024","10","27","15:00","","14.8","","-1.0","","34","","","","28","","36","","24.1","","87.25","","","","","","NA"
"-114.01","51.12","CALGARY INTL A","3031092","2024-10-27 16:00","2024","10","27","16:00","","13.8","","-2.6","","32","","","","29","","35","","24.1","","87.31","","","","","","NA"
"-114.01","51.12","CALGARY INTL A","3031092","2024-10-27 17:00","2024","10","27","17:00","","12.4","","-4.6","","30","","","","29","","27","","24.1","","87.40","","","","","","Mostly Cloudy"
"-114.01","51.12","CALGARY INTL A","3031092","2024-10-27 18:00","2024","10","27","18:00","","11.3","","-4.4","","33","","","","28","","16","","24.1","","87.49","","","","","","NA"
"-114.01","51.12","CALGARY INTL A","3031092","2024-10-27 19:00","2024","10","27","19:00","","8.9","","-4.2","","39","","","","35","","12","","24.1","","87.62","","","","","","NA"
"-114.01","51.12","CALGARY INTL A","3031092","2024-10-27 20:00","2024","10","27","20:00","","6.9","","1.1","","66","","","","27","","6","","24.1","","87.67","","","","","","Mostly Cloudy"
"-114.01","51.12","CALGARY INTL A","3031092","2024-10-27 21:00","2024","10","27","21:00","","7.2","","0.2","","61","","","","29","","5","","24.1","","87.67","","","","","","NA"
"-114.01","51.12","CALGARY INTL A","3031092","2024-10-27 22:00","2024","10","27","22:00","","8.3","","-4.8","","39","","","","29","","14","","24.1","","87.73","","","","","","NA"
"-114.01","51.12","CALGARY INTL A","3031092","2024-10-27 23:00","2024","10","27","23:00","","8.4","","-5.8","","36","","","","27","","18","","24.1","","87.73","","","","","","Mostly Cloudy"
"-114.01","51.12","CALGARY INTL A","3031092","2024-10-28 00:00","2024","10","28","00:00","","6.8","","-5.9","","40","","","","23","","10","","24.1","","87.77","","","","","","NA"
"-114.01","51.12","CALGARY INTL A","3031092","2024-10-28 01:00","2024","10","28","01:00","","6.0","","-6.3","","41","","","","22","","8","","24.1","","87.79","","","","","","NA"
"-114.01","51.12","CALGARY INTL A","3031092","2024-10-28 02:00","2024","10","28","02:00","","2.2","","-6.3","","54","","","","15","","5","","24.1","","87.79","","","","","","Mainly Clear"
"-114.01","51.12","CALGARY INTL A","3031092","2024-10-28 03:00","2024","10","28","03:00","","2.0","","-6.3","","54","","","","34","","6","","24.1","","87.77","","","","","","NA"
"-114.01","51.12","CALGARY INTL A","3031092","2024-10-28 04:00","2024","10","28","04:00","","1.5","","-6.3","","56","","","","23","","4","","24.1","","87.77","","","","","","NA"
"-114.01","51.12","CALGARY INTL A","3031092","2024-10-28 05:00","2024","10","28","05:00","","1.4","","-5.9","","59","","","","","","0","","24.1","","87.75","","","","","","Mostly Cloudy"
"-114.01","51.12","CALGARY INTL A","3031092","2024-10-28 06:00","2024","10","28","06:00","","0.0","","-5.3","","68","","","","","","0","","24.1","","87.72","","","","","","NA"
"-114.01","51.12","CALGARY INTL A","3031092","2024-10-28 07:00","2024","10","28","07:00","","1.7","","-6.0","","56","","","","","","0","","24.1","","87.76","","","","","","NA"
"-114.01","51.12","CALGARY INTL A","3031092","2024-10-28 08:00","2024","10","28","08:00","","3.1","","-4.9","","56","","","","36","","7","","24.1","","87.81","","","","","","Mostly Cloudy"
"-114.01","51.12","CALGARY INTL A","3031092","2024-10-28 09:00","2024","10","28","09:00","","4.9","","-4.2","","52","","","","21","","5","","24.1","","87.83","","","","","","NA"
"-114.01","51.12","CALGARY INTL A","3031092","2024-10-28 10:00","2024","10","28","10:00","","7.8","","-3.9","","43","","","","28","","21","","24.1","","87.86","","","","","","NA"
"-114.01","51.12","CALGARY INTL A","3031092","2024-10-28 11:00","2024","10","28","11:00","","6.4","","-2.1","","55","","","","34","","20","","24.1","","87.91","","","","","","Mostly Cloudy"
"-114.01","51.12","CALGARY INTL A","3031092","2024-10-28 12:00","2024","10","28","12:00","","6.1","","-0.7","","62","","","","34","","22","","24.1","","87.94","","","","","","NA"
"-114.01","51.12","CALGARY INTL A","3031092","2024-10-28 13:00","2024","10","28","13:00","","6.0","","0.4","","67","","","","36","","16","","24.1","","87.94","","","","","","NA"
"-114.01","51.12","CALGARY INTL A","3031092","2024-10-28 14:00","2024","10","28","14:00","","6.4","","0.7","","67","","","","2","","13","","24.1","","87.95","","","","","","Mostly Cloudy"
"-114.01","51.12","CALGARY INTL A","3031092","2024-10-28 15:00","2024","10","28","15:00","","6.4","","1.0","","68","","","","7","","9","","24.1","","87.98","","","","","","NA"
"-114.01","51.12","CALGARY INTL A","3031092","2024-10-28 16:00","2024","10","28","16:00","","6.5","","1.1","","68","","","","13","","7","","24.1","","87.98","","","","","","NA"
"-114.01","51.12","CALGARY INTL A","3031092","2024-10-28 17:00","2024","10","28","17:00","","5.7","","0.9","","72","","","","15","","12","","24.1","","88.02","","","","","","Mostly Cloudy"
"-114.01","51.12","CALGARY INTL A","3031092","2024-10-28 18:00","2024","10","28","18:00","","4.2","","0.7","","78","","","","18","","8","","24.1","","88.05","","","","","","NA"
"-114.01","51.12","CALGARY INTL A","3031092","2024-10-28 19:00","2024","10","28","19:00","","3.5","","0.4","","80","","","","16","","8","","24.1","","88.09","","","","","","NA"
"-114.01","51.12","CALGARY INTL A","3031092","2024-10-28 20:00","2024","10","28","20:00","","1.8","","-0.1","","87","","","","9","","8","","24.1","","88.17","","","","","","Mostly Cloudy"
"-114.01","51.12","CALGARY INTL A","3031092","2024-10-28 21:00","2024","10","28","21:00","","1.3","","-0.4","","88","","","","1","","6","","24.1","","88.24","","","","","","NA"
"-114.01","51.12","CALGARY INTL A","3031092","2024-10-28 22:00","2024","10","28","22:00","","1.6","","0.1","","90","","","","11","","13","","24.1","","88.23","","","","","","NA"
"-114.01","51.12","CALGARY INTL A","3031092","2024-10-28 23:00","2024","10","28","23:00","","1.4","","0.3","","93","","","","14","","5","","16.1","","88.30","","","","","","Mostly Cloudy"
"-114.01","51.12","CALGARY INTL A","3031092","2024-10-29 00:00","2024","10","29","00:00","","1.5","","0.7","","94","","","","35","","22","","8.1","","88.41","","","","","","Fog"
"-114.01","51.12","CALGARY INTL A","3031092","2024-10-29 01:00","2024","10","29","01:00","","1.1","","0.2","","94","","","","2","","12","","6.4","","88.45","","","","","","Fog"
"-114.01","51.12","CALGARY INTL A","3031092","2024-10-29 02:00","2024","10","29","02:00","","0.8","","0.2","","96","","","","1","","11","","6.4","","88.48","","","","","","Fog"
"-114.01","51.12","CALGARY INTL A","3031092","2024-10-29 03:00","2024","10","29","03:00","","0.9","","-0.6","","89","","","","32","","17","","11.3","","88.54","","","","","","NA"
"-114.01","51.12","CALGARY INTL A","3031092","2024-10-29 04:00","2024","10","29","04:00","","0.6","","-0.4","","93","","","","4","","18","","11.3","","88.56","","","","","","NA"
"-114.01","51.12","CALGARY INTL A","3031092","2024-10-29 05:00","2024","10","29","05:00","","0.1","","-0.7","","94","","","","9","","12","","8.1","","88.62","","","","","","Fog"
"-114.01","51.12","CALGARY INTL A","3031092","2024-10-29 06:00","2024","10","29","06:00","","0.4","","-0.8","","92","","","","36","","3","","11.3","","88.66","","","","","","NA"
"-114.01","51.12","CALGARY INTL A","3031092","2024-10-29 07:00","2024","10","29","07:00","","0.4","","-0.9","","91","","","","9","","5","","9.7","","88.70","","","","","","Fog"
"-114.01","51.12","CALGARY INTL A","3031092","2024-10-29 08:00","2024","10","29","08:00","","0.3","","-0.8","","93","","","","10","","8","","8.1","","88.73","","","","","","Snow Grains,Fog"
"-114.01","51.12","CALGARY INTL A","3031092","2024-10-29 09:00","2024","10","29","09:00","","0.6","","-0.8","","90","","","","14","","10","","6.4","","88.76","","","","","","Fog"
"-114.01","51.12","CALGARY INTL A","3031092","2024-10-29 10:00","2024","10","29","10:00","","1.1","","-0.8","","87","","","","15","","10","","8.1","","88.77","","","","","","Fog"
"-114.01","51.12","CALGARY INTL A","3031092","2024-10-29 11:00","2024","10","29","11:00","","2.5","","-1.4","","75","","","","17","","14","","16.1","","88.78","","","","","","Mostly Cloudy"
"-114.01","51.12","CALGARY INTL A","3031092","2024-10-29 12:00","2024","10","29","12:00","","2.5","","-1.6","","74","","","","20","","13","","24.1","","88.75","","","","","","NA"
"-114.01","51.12","CALGARY INTL A","3031092","2024-10-29 13:00","2024","10","29","13:00","","3.4","","-1.5","","70","","","","19","","10","","24.1","","88.70","","","","","","NA"
"-114.01","51.12","CALGARY INTL A","3031092","2024-10-29 14:00","2024","10","29","14:00","","5.5","","-1.4","","61","","","","18","","16","","24.1","","88.69","","","","","","Mostly Cloudy"
"-114.01","51.12","CALGARY INTL A","3031092","2024-10-29 15:00","2024","10","29","15:00","","5.3","","-2.4","","58","","","","17","","14","","24.1","","88.65","","","","","","NA"
"-114.01","51.12","CALGARY INTL A","3031092","2024-10-29 16:00","2024","10","29","16:00","","4.6","","-2.2","","62","","","","18","","17","","24.1","","88.63","","","","","","NA"
"-114.01","51.12","CALGARY INTL A","3031092","2024-10-29 17:00","2024","10","29","17:00","","3.3","","-2.5","","66","","","","18","","15","","24.1","","88.65","","","","","","Mainly Clear"
"-114.01","51.12","CALGARY INTL A","3031092","2024-10-29 18:00","2024","10","29","18:00","","2.0","","-1.6","","77","","","","17","","17","","24.1","","88.69","","","","","","NA"
"-114.01","51.12","CALGARY INTL A","3031092","2024-10-29 19:00","2024","10","29","19:00","","1.0","","-1.4","","84","","","","18","","18","","16.1","","88.68","","","","","","NA"
"-114.01","51.12","CALGARY INTL A","3031092","2024-10-29 20:00","2024","10","29","20:00","","0.1","","-1.7","","88","","","","18","","14","","16.1","","88.65","","","","","","Clear"
"-114.01","51.12","CALGARY INTL A","3031092","2024-10-29 21:00","2024","10","29","21:00","","-0.9","","-2.3","","91","","","","19","","12","","16.1","","88.64","","","","-5","","NA"
"-114.01","51.12","CALGARY INTL A","3031092","2024-10-29 22:00","2024","10","29","22:00","","-1.2","","-2.4","","92","","","","18","","9","","24.1","","88.62","","","","-4","","NA"
"-114.01","51.12","CALGARY INTL A","3031092","2024-10-29 23:00","2024","10","29","23:00","","-2.7","","-3.6","","93","","","","17","","9","","16.1","","88.60","","","","-6","","Clear"
"-114.01","51.12","CALGARY INTL A","3031092","2024-10-30 00:00","2024","10","30","00:00","","-2.2","","-2.8","","96","","","","26","","4","","16.1","","88.60","","","","-4","","NA"
"-114.01","51.12","CALGARY INTL A","3031092","2024-10-30 01:00","2024","10","30","01:00","","-4.2","","-4.9","","95","","","","32","","4","","9.7","","88.55","","","","-6","","Fog"
"-114.01","51.12","CALGARY INTL A","3031092","2024-10-30 02:00","2024","10","30","02:00","","-4.2","","-5.2","","93","","","","","","0","","4.8","","88.52","","","","","","Fog"
"-114.01","51.12","CALGARY INTL A","3031092","2024-10-30 03:00","2024","10","30","03:00","","-4.2","","-5.7","","90","","","","","","0","","16.1","","88.51","","","","","","NA"
"-114.01","51.12","CALGARY INTL A","3031092","2024-10-30 04:00","2024","10","30","04:00","","-5.5","","-6.7","","91","","","","19","","5","","24.1","","88.49","","","","-8","","NA"
"-114.01","51.12","CALGARY INTL A","3031092","2024-10-30 05:00","2024","10","30","05:00","","-4.0","","-5.6","","88","","","","","","0","","24.1","","88.50","","","","","","Clear"
"-114.01","51.12","CALGARY INTL A","3031092","2024-10-30 06:00","2024","10","30","06:00","","-4.3","","-6.6","","84","","","","20","","4","","24.1","","88.51","","","","-6","","NA"
"-114.01","51.12","CALGARY INTL A","3031092","2024-10-30 07:00","2024","10","30","07:00","","-5.1","","-7.5","","84","","","","20","","10","","24.1","","88.51","","","","-9","","NA"
"-114.01","51.12","CALGARY INTL A","3031092","2024-10-30 08:00","2024","10","30","08:00","","-3.4","","-7.7","","73","","","","21","","7","","64.4","","88.54","","","","-6","","Mainly Clear"
"-114.01","51.12","CALGARY INTL A","3031092","2024-10-30 09:00","2024","10","30","09:00","","-0.4","","-4.4","","75","","","","18","","8","","64.4","","88.54","","","","-3","","NA"
"-114.01","51.12","CALGARY INTL A","3031092","2024-10-30 10:00","2024","10","30","10:00","","3.8","","-5.9","","49","","","","","","0","","64.4","","88.53","","","","","","NA"
"-114.01","51.12","CALGARY INTL A","3031092","2024-10-30 11:00","2024","10","30","11:00","","6.0","","-6.6","","40","","","","21","","6","","64.4","","88.52","","","","","","Mainly Clear"
"-114.01","51.12","CALGARY INTL A","3031092","2024-10-30 12:00","2024","10","30","12:00","","7.0","","-6.5","","38","","","","20","","4","","64.4","","88.49","","","","","","NA"
"-114.01","51.12","CALGARY INTL A","3031092","2024-10-30 13:00","2024","10","30","13:00","","8.6","","-8.1","","30","","","","22","","6","","64.4","","88.43","","","","","","NA"
"-114.01","51.12","CALGARY INTL A","3031092","2024-10-30 14:00","2024","10","30","14:00","","8.9","","-8.4","","29","","","","17","","10","","24.1","","88.41","","","","","","Mainly Clear"
"-114.01","51.12","CALGARY INTL A","3031092","2024-10-30 15:00","2024","10","30","15:00","","9.2","","-8.8","","27","","","","16","","15","","24.1","","88.39","","","","","","NA"
"-114.01","51.12","CALGARY INTL A","3031092","2024-10-30 16:00","2024","10","30","16:00","","8.2","","-7.3","","32","","","","12","","16","","24.1","","88.36","","","","","","NA"
"-114.01","51.12","CALGARY INTL A","3031092","2024-10-30 17:00","2024","10","30","17:00","","5.2","","-6.0","","44","","","","12","","13","","24.1","","88.36","","","","","","Mainly Clear"
"-114.01","51.12","CALGARY INTL A","3031092","2024-10-30 18:00","2024","10","30","18:00","","3.1","","-6.0","","52","","","","12","","12","","24.1","","88.36","","","","","","NA"
"-114.01","51.12","CALGARY INTL A","3031092","2024-10-30 19:00","2024","10","30","19:00","","1.8","","-3.9","","66","","","","14","","5","","24.1","","88.36","","","","","","NA"
"-114.01","51.12","CALGARY INTL A","3031092","2024-10-30 20:00","2024","10","30","20:00","","2.2","","-3.3","","67","","","","","","0","","24.1","","88.34","","","","","","Clear"
"-114.01","51.12","CALGARY INTL A","3031092","2024-10-30 21:00","2024","10","30","21:00","","-0.4","","-4.2","","76","","","","","","0","","24.1","","88.33","","","","","","NA"
"-114.01","51.12","CALGARY INTL A","3031092","2024-10-30 22:00","2024","10","30","22:00","","-2.2","","-6.0","","75","","","","34","","8","","24.1","","88.31","","","","-5","","NA"
"-114.01","51.12","CALGARY INTL A","3031092","2024-10-30 23:00","2024","10","30","23:00","","-4.2","","-6.9","","82","","","","36","","12","","24.1","","88.29","","","","-9","","Clear"
"-114.01","51.12","CALGARY INTL A","3031092","2024-10-31 00:00","2024","10","31","00:00","","-4.0","","-7.5","","77","","","","35","","9","","24.1","","88.27","","","","-8","","NA"
"-114.01","51.12","CALGARY INTL A","3031092","2024-10-31 01:00","2024","10","31","01:00","","-3.9","","-7.7","","75","","","","36","","6","","24.1","","88.26","","","","-7","","NA"
"-114.01","51.12","CALGARY INTL A","3031092","2024-10-31 02:00","2024","10","31","02:00","","-4.1","","-8.1","","74","","","","33","","3","","24.1","","88.25","","","","-5","","Clear"
"-114.01","51.12","CALGARY INTL A","3031092","2024-10-31 03:00","2024","10","31","03:00","","-3.7","","-8.1","","72","","","","","","0","","24.1","","88.25","","","","","","NA"
"-114.01","51.12","CALGARY INTL A","3031092","2024-10-31 04:00","2024","10","31","04:00","","-3.4","","-7.8","","72","","","","1","","3","","24.1","","88.26","","","","-5","","NA"
"-114.01","51.12","CALGARY INTL A","3031092","2024-10-31 05:00","2024","10","31","05:00","","-2.2","","-7.6","","66","","","","32","","7","","24.1","","88.26","","","","-5","","Clear"
"-114.01","51.12","CALGARY INTL A","3031092","2024-10-31 06:00","2024","10","31","06:00","","-2.9","","-7.2","","72","","","","1","","17","","24.1","","88.30","","","","-8","","NA"
"-114.01","51.12","CALGARY INTL A","3031092","2024-10-31 07:00","2024","10","31","07:00","","-2.5","","-7.3","","70","","","","33","","8","","24.1","","88.32","","","","-6","","NA"
"-114.01","51.12","CALGARY INTL A","3031092","2024-10-31 08:00","2024","10","31","08:00","","-2.0","","-6.6","","71","","","","35","","14","","64.4","","88.36","","","","-7","","Mainly Clear"
"-114.01","51.12","CALGARY INTL A","3031092","2024-10-31 09:00","2024","10","31","09:00","","-0.9","","-5.1","","73","","","","33","","18","","24.1","","88.35","","","","-6","","NA"
"-114.01","51.12","CALGARY INTL A","3031092","2024-10-31 10:00","2024","10","31","10:00","","1.4","","-3.9","","68","","","","35","","23","","24.1","","88.35","","","","","","NA"
"-114.01","51.12","CALGARY INTL A","3031092","2024-10-31 11:00","2024","10","31","11:00","","3.3","","-3.4","","62","","","","34","","27","","32.2","","88.33","","","","","","Cloudy"
"-114.01","51.12","CALGARY INTL A","3031092","2024-10-31 12:00","2024","10","31","12:00","","4.5","","-3.3","","57","","","","36","","21","","32.2","","88.34","","","","","","NA"
"-114.01","51.12","CALGARY INTL A","3031092","2024-10-31 13:00","2024","10","31","13:00","","3.9","","-3.5","","59","","","","36","","27","","32.2","","88.32","","","","","","NA"
"-114.01","51.12","CALGARY INTL A","3031092","2024-10-31 14:00","2024","10","31","14:00","","3.4","","-3.2","","62","","","","1","","24","","24.1","","88.34","","","","","","Cloudy"
"-114.01","51.12","CALGARY INTL A","3031092","2024-10-31 15:00","2024","10","31","15:00","","2.1","","-3.2","","68","","","","2","","23","","24.1","","88.37","","","","","","NA"
"-114.01","51.12","CALGARY INTL A","3031092","2024-10-31 16:00","2024","10","31","16:00","","0.3","","-3.3","","77","","","","3","","18","","9.7","","88.39","","","","","","Fog"
"-114.01","51.12","CALGARY INTL A","3031092","2024-10-31 17:00","2024","10","31","17:00","","-1.8","","-3.6","","87","","","","3","","17","","8.1","","88.42","","","","-7","","Fog"
"-114.01","51.12","CALGARY INTL A","3031092","2024-10-31 18:00","2024","10","31","18:00","","-3.2","","-4.0","","94","","","","5","","14","","2.8","","88.49","","","","-8","","Fog"
"-114.01","51.12","CALGARY INTL A","3031092","2024-10-31 19:00","2024","10","31","19:00","","-2.9","","-4.0","","92","","","","33","","9","","4.0","","88.48","","","","-6","","Fog"
"-114.01","51.12","CALGARY INTL A","3031092","2024-10-31 20:00","2024","10","31","20:00","","-3.1","","-3.9","","95","","","","36","","11","","4.0","","88.50","","","","-7","","Fog"
"-114.01","51.12","CALGARY INTL A","3031092","2024-10-31 21:00","2024","10","31","21:00","","-3.0","","-3.9","","94","","","","35","","9","","4.0","","88.49","","","","-7","","Fog"
"-114.01","51.12","CALGARY INTL A","3031092","2024-10-31 22:00","2024","10","31","22:00","","-3.3","","-4.0","","95","","","","1","","12","","2.4","","88.50","","","","-8","","Fog"
"-114.01","51.12","CALGARY INTL A","3031092","2024-10-31 23:00","2024","10","31","23:00","","-3.6","","-4.0","","97","","","","1","","8","","2.4","","88.49","","","","-7","","Fog"
