"Longitude (x)","Latitude (y)","Station Name","Climate ID","Date/Time (LST)","Year","Month","Day","Time (LST)","Flag","Temp (°C)","Temp Flag","Dew Point Temp (°C)","Dew Point Temp Flag","Rel Hum (%)","Rel Hum Flag","Precip. Amount (mm)","Precip. Amount Flag","Wind Dir (10s deg)","Wind Dir Flag","Wind Spd (km/h)","Wind Spd Flag","Visibility (km)","Visibility Flag","Stn Press (kPa)","Stn Press Flag","Hmdx","Hmdx Flag","Wind Chill","Wind Chill Flag","Weather"
"-114.01","51.12","CALGARY INTL A","3031092","2023-11-01 00:00","2023","11","01","00:00","","-3.5","","-6.9","","77","","","","","","0","","24.1","","89.31","","","","","","NA"
"-114.01","51.12","CALGARY INTL A","3031092","2023-11-01 01:00","2023","11","01","01:00","","-4.5","","-7.8","","78","","","","","","0","","24.1","","89.27","","","","","","NA"
"-114.01","51.12","CALGARY INTL A","3031092","2023-11-01 02:00","2023","11","01","02:00","","-5.7","","-8.1","","84","","","","","","0","","24.1","","89.23","","","","","","Mostly Cloudy"
"-114.01","51.12","CALGARY INTL A","3031092","2023-11-01 03:00","2023","11","01","03:00","","-4.3","","-7.3","","80","","","","36","","3","","24.1","","89.18","","","","-6","","NA"
"-114.01","51.12","CALGARY INTL A","3031092","2023-11-01 04:00","2023","11","01","04:00","","-4.9","","-8.4","","76","","","","18","","4","","24.1","","89.13","","","","-7","","NA"
"-114.01","51.12","CALGARY INTL A","3031092","2023-11-01 05:00","2023","11","01","05:00","","-4.1","","-7.1","","80","","","","17","","3","","24.1","","89.11","","","","-5","","Mostly Cloudy"
"-114.01","51.12","CALGARY INTL A","3031092","2023-11-01 06:00","2023","11","01","06:00","","-4.9","","-7.7","","81","","","","31","","4","","24.1","","89.10","","","","-7","","NA"
"-114.01","51.12","CALGARY INTL A","3031092","2023-11-01 07:00","2023","11","01","07:00","","-5.1","","-7.3","","85","","","","","","0","","24.1","","89.07","","","","","","NA"
"-114.01","51.12","CALGARY INTL A","3031092","2023-11-01 08:00","2023","11","01","08:00","","-3.5","","-6.8","","78","","","","12","","3","","24.1","","89.05","","","","-5","","Cloudy"
"-114.01","51.12","CALGARY INTL A","3031092","2023-11-01 09:00","2023","11","01","09:00","","-2.3","","-7.1","","70","","","","36","","3","","24.1","","89.09","","","","-3","","NA"
"-114.01","51.12","CALGARY INTL A","3031092","2023-11-01 10:00","2023","11","01","10:00","","0.9","","-6.6","","57","","","","23","","8","","24.1","","89.07","","","","","","NA"
"-114.01","51.12","CALGARY INTL A","3031092","2023-11-01 11:00","2023","11","01","11:00","","3.0","","-5.1","","56","","","","17","","11","","12.9","","89.04","","","","","","Mainly Clear"
"-114.01","51.12","CALGARY INTL A","3031092","2023-11-01 12:00","2023","11","01","12:00","","4.7","","-4.9","","50","","","","18","","10","","12.9","","89.03","","","","","","NA"
"-114.01","51.12","CALGARY INTL A","3031092","2023-11-01 13:00","2023","11","01","13:00","","5.5","","-3.7","","52","","","","16","","9","","12.9","","88.96","","","","","","NA"
"-114.01","51.12","CALGARY INTL A","3031092","2023-11-01 14:00","2023","11","01","14:00","","4.3","","-3.8","","55","","","","17","","8","","9.7","","88.94","","","","","","Haze"
"-114.01","51.12","CALGARY INTL A","3031092","2023-11-01 15:00","2023","11","01","15:00","","5.5","","-4.5","","48","","","","17","","6","","6.4","","88.95","","","","","","Haze"
"-114.01","51.12","CALGARY INTL A","3031092","2023-11-01 16:00","2023","11","01","16:00","","4.3","","-4.3","","53","","","","17","","9","","8.1","","88.91","","","","","","Haze"
"-114.01","51.12","CALGARY INTL A","3031092","2023-11-01 17:00","2023","11","01","17:00","","3.2","","-3.8","","60","","","","14","","8","","11.3","","88.90","","","","","","Mostly Cloudy"
"-114.01","51.12","CALGARY INTL A","3031092","2023-11-01 18:00","2023","11","01","18:00","","3.0","","-4.0","","60","","","","21","","5","","12.9","","88.87","","","","","","NA"
"-114.01","51.12","CALGARY INTL A","3031092","2023-11-01 19:00","2023","11","01","19:00","","1.8","","-3.8","","66","","","","19","","9","","24.1","","88.86","","","","","","NA"
"-114.01","51.12","CALGARY INTL A","3031092","2023-11-01 20:00","2023","11","01","20:00","","1.6","","-3.7","","68","","","","21","","8","","24.1","","88.83","","","","","","Mostly Cloudy"
"-114.01","51.12","CALGARY INTL A","3031092","2023-11-01 21:00","2023","11","01","21:00","","1.7","","-4.3","","64","","","","21","","8","","24.1","","88.75","","","","","","NA"
"-114.01","51.12","CALGARY INTL A","3031092","2023-11-01 22:00","2023","11","01","22:00","","0.4","","-3.8","","74","","","","28","","4","","24.1","","88.72","","","","","","NA"
"-114.01","51.12","CALGARY INTL A","3031092","2023-11-01 23:00","2023","11","01","23:00","","-1.1","","-4.4","","78","","","","36","","3","","24.1","","88.69","","","","-2","","Mostly Cloudy"
"-114.01","51.12","CALGARY INTL A","3031092","2023-11-02 00:00","2023","11","02","00:00","","0.0","","-4.0","","75","","","","","","0","","24.1","","88.63","","","","","","NA"
"-114.01","51.12","CALGARY INTL A","3031092","2023-11-02 01:00","2023","11","02","01:00","","0.5","","-4.2","","71","","","","20","","6","","24.1","","88.56","","","","","","NA"
"-114.01","51.12","CALGARY INTL A","3031092","2023-11-02 02:00","2023","11","02","02:00","","0.6","","-4.3","","70","","","","20","","5","","24.1","","88.52","","","","","","Mostly Cloudy"
"-114.01","51.12","CALGARY INTL A","3031092","2023-11-02 03:00","2023","11","02","03:00","","1.0","","-4.5","","67","","","","","","0","","24.1","","88.46","","","","","","NA"
"-114.01","51.12","CALGARY INTL A","3031092","2023-11-02 04:00","2023","11","02","04:00","","1.5","","-3.7","","68","","","","","","0","","24.1","","88.38","","","","","","NA"
"-114.01","51.12","CALGARY INTL A","3031092","2023-11-02 05:00","2023","11","02","05:00","","0.9","","-3.9","","70","","","","17","","7","","24.1","","88.34","","","","","","Mostly Cloudy"
"-114.01","51.12","CALGARY INTL A","3031092","2023-11-02 06:00","2023","11","02","06:00","","2.8","","-5.0","","56","","","","4","","8","","24.1","","88.34","","","","","","NA"
"-114.01","51.12","CALGARY INTL A","3031092","2023-11-02 07:00","2023","11","02","07:00","","3.6","","-5.1","","53","","","","35","","12","","24.1","","88.37","","","","","","NA"
"-114.01","51.12","CALGARY INTL A","3031092","2023-11-02 08:00","2023","11","02","08:00","","3.6","","-5.5","","51","","","","35","","19","","24.1","","88.39","","","","","","Cloudy"
"-114.01","51.12","CALGARY INTL A","3031092","2023-11-02 09:00","2023","11","02","09:00","","3.2","","-5.4","","53","","","","34","","28","","24.1","","88.47","","","","","","NA"
"-114.01","51.12","CALGARY INTL A","3031092","2023-11-02 10:00","2023","11","02","10:00","","2.8","","-5.0","","57","","","","33","","19","","24.1","","88.52","","","","","","NA"
"-114.01","51.12","CALGARY INTL A","3031092","2023-11-02 11:00","2023","11","02","11:00","","3.1","","-3.9","","60","","","","34","","17","","24.1","","88.56","","","","","","Cloudy"
"-114.01","51.12","CALGARY INTL A","3031092","2023-11-02 12:00","2023","11","02","12:00","","3.9","","-4.1","","56","","","","34","","19","","24.1","","88.57","","","","","","NA"
"-114.01","51.12","CALGARY INTL A","3031092","2023-11-02 13:00","2023","11","02","13:00","","3.9","","-3.8","","57","","","","36","","17","","24.1","","88.53","","","","","","NA"
"-114.01","51.12","CALGARY INTL A","3031092","2023-11-02 14:00","2023","11","02","14:00","","3.6","","-3.5","","60","","","","1","","16","","24.1","","88.52","","","","","","Cloudy"
"-114.01","51.12","CALGARY INTL A","3031092","2023-11-02 15:00","2023","11","02","15:00","","3.1","","-3.0","","64","","","","1","","10","","24.1","","88.54","","","","","","NA"
"-114.01","51.12","CALGARY INTL A","3031092","2023-11-02 16:00","2023","11","02","16:00","","2.8","","-2.6","","68","","","","5","","8","","24.1","","88.58","","","","","","NA"
"-114.01","51.12","CALGARY INTL A","3031092","2023-11-02 17:00","2023","11","02","17:00","","2.4","","-2.5","","70","","","","32","","3","","4.0","","88.61","","","","","","Snow"
"-114.01","51.12","CALGARY INTL A","3031092","2023-11-02 18:00","2023","11","02","18:00","","0.8","","-0.1","","94","","","","28","","4","","3.6","","88.64","","","","","","Snow"
"-114.01","51.12","CALGARY INTL A","3031092","2023-11-02 19:00","2023","11","02","19:00","","0.2","","0.1","","99","","","","5","","7","","2.0","","88.65","","","","","","Snow"
"-114.01","51.12","CALGARY INTL A","3031092","2023-11-02 20:00","2023","11","02","20:00","","0.3","","0.3","","100","","","","","","0","","4.0","","88.62","","","","","","Fog"
"-114.01","51.12","CALGARY INTL A","3031092","2023-11-02 21:00","2023","11","02","21:00","","0.6","","0.0","","96","","","","19","","8","","4.0","","88.63","","","","","","Snow,Fog"
"-114.01","51.12","CALGARY INTL A","3031092","2023-11-02 22:00","2023","11","02","22:00","","0.5","","-0.1","","96","","","","15","","15","","4.0","","88.61","","","","","","Fog"
"-114.01","51.12","CALGARY INTL A","3031092","2023-11-02 23:00","2023","11","02","23:00","","0.2","","-0.2","","97","","","","16","","14","","16.1","","88.63","","","","","","Mostly Cloudy"
"-114.01","51.12","CALGARY INTL A","3031092","2023-11-03 00:00","2023","11","03","00:00","","-0.2","","-0.5","","98","","","","18","","9","","2.4","","88.62","","","","-3","","Fog"
"-114.01","51.12","CALGARY INTL A","3031092","2023-11-03 01:00","2023","11","03","01:00","","-1.0","","-1.5","","97","","","","18","","16","","9.7","","88.57","","","","-6","","Fog"
"-114.01","51.12","CALGARY INTL A","3031092","2023-11-03 02:00","2023","11","03","02:00","","-1.3","","-2.2","","94","","","","18","","16","","11.3","","88.54","","","","-6","","Mostly Cloudy"
"-114.01","51.12","CALGARY INTL A","3031092","2023-11-03 03:00","2023","11","03","03:00","","-2.2","","-2.9","","95","","","","17","","9","","11.3","","88.49","","","","-6","","NA"
"-114.01","51.12","CALGARY INTL A","3031092","2023-11-03 04:00","2023","11","03","04:00","","-2.8","","-3.5","","95","","","","18","","12","","12.9","","88.47","","","","-7","","NA"
"-114.01","51.12","CALGARY INTL A","3031092","2023-11-03 05:00","2023","11","03","05:00","","-2.4","","-3.3","","93","","","","19","","13","","16.1","","88.43","","","","-7","","Mainly Clear"
"-114.01","51.12","CALGARY INTL A","3031092","2023-11-03 06:00","2023","11","03","06:00","","-1.4","","-2.9","","89","","","","21","","10","","16.1","","88.46","","","","-5","","NA"
"-114.01","51.12","CALGARY INTL A","3031092","2023-11-03 07:00","2023","11","03","07:00","","-1.4","","-3.2","","88","","","","19","","6","","24.1","","88.46","","","","-4","","NA"
"-114.01","51.12","CALGARY INTL A","3031092","2023-11-03 08:00","2023","11","03","08:00","","-1.2","","-3.2","","86","","","","20","","8","","64.4","","88.53","","","","-4","","Mostly Cloudy"
"-114.01","51.12","CALGARY INTL A","3031092","2023-11-03 09:00","2023","11","03","09:00","","-0.2","","-2.5","","85","","","","19","","5","","64.4","","88.60","","","","-2","","NA"
"-114.01","51.12","CALGARY INTL A","3031092","2023-11-03 10:00","2023","11","03","10:00","","2.2","","-1.4","","77","","","","6","","5","","64.4","","88.67","","","","","","NA"
"-114.01","51.12","CALGARY INTL A","3031092","2023-11-03 11:00","2023","11","03","11:00","","4.9","","0.2","","71","","","","30","","4","","64.4","","88.71","","","","","","Mostly Cloudy"
"-114.01","51.12","CALGARY INTL A","3031092","2023-11-03 12:00","2023","11","03","12:00","","9.2","","1.1","","57","","","","36","","4","","64.4","","88.71","","","","","","NA"
"-114.01","51.12","CALGARY INTL A","3031092","2023-11-03 13:00","2023","11","03","13:00","","10.1","","2.1","","58","","","","5","","4","","64.4","","88.69","","","","","","NA"
"-114.01","51.12","CALGARY INTL A","3031092","2023-11-03 14:00","2023","11","03","14:00","","10.9","","0.5","","48","","","","","","0","","64.4","","88.70","","","","","","Mostly Cloudy"
"-114.01","51.12","CALGARY INTL A","3031092","2023-11-03 15:00","2023","11","03","15:00","","9.9","","2.2","","59","","","","10","","12","","32.2","","88.73","","","","","","NA"
"-114.01","51.12","CALGARY INTL A","3031092","2023-11-03 16:00","2023","11","03","16:00","","8.6","","2.4","","65","","","","12","","16","","24.1","","88.76","","","","","","NA"
"-114.01","51.12","CALGARY INTL A","3031092","2023-11-03 17:00","2023","11","03","17:00","","4.8","","1.4","","78","","","","1","","10","","8.1","","88.84","","","","","","Fog"
"-114.01","51.12","CALGARY INTL A","3031092","2023-11-03 18:00","2023","11","03","18:00","","4.1","","0.4","","77","","","","3","","11","","24.1","","88.91","","","","","","NA"
"-114.01","51.12","CALGARY INTL A","3031092","2023-11-03 19:00","2023","11","03","19:00","","3.5","","0.5","","80","","","","1","","7","","16.1","","88.94","","","","","","NA"
"-114.01","51.12","CALGARY INTL A","3031092","2023-11-03 20:00","2023","11","03","20:00","","2.7","","0.3","","85","","","","","","0","","16.1","","88.94","","","","","","Mostly Cloudy"
"-114.01","51.12","CALGARY INTL A","3031092","2023-11-03 21:00","2023","11","03","21:00","","2.9","","0.5","","84","","","","19","","6","","16.1","","88.93","","","","","","NA"
"-114.01","51.12","CALGARY INTL A","3031092","2023-11-03 22:00","2023","11","03","22:00","","1.9","","-0.4","","85","","","","22","","7","","16.1","","88.99","","","","","","NA"
"-114.01","51.12","CALGARY INTL A","3031092","2023-11-03 23:00","2023","11","03","23:00","","2.4","","-0.3","","82","","","","19","","4","","24.1","","88.96","","","","","","Mainly Clear"
"-114.01","51.12","CALGARY INTL A","3031092","2023-11-04 00:00","2023","11","04","00:00","","1.3","","-1.4","","83","","","","19","","7","","24.1","","88.91","","","","","","NA"
"-114.01","51.12","CALGARY INTL A","3031092","2023-11-04 01:00","2023","11","04","01:00"
"-114.01","51.12","CALGARY INTL A","3031092","2023-11-04 02:00","2023","11","04","02:00","","1.0","","-2.6","","77","","","","21","","8","","24.1","","88.82","","","","","","Clear"
"-114.01","51.12","CALGARY INTL A","3031092","2023-11-04 03:00","2023","11","04","03:00","","0.4","","-3.5","","75","","","","20","","9","","16.1","","88.75","","","","","","NA"
"-114.01","51.12","CALGARY INTL A","3031092","2023-11-04 04:00","2023","11","04","04:00","","0.2","","-3.1","","78","","","","18","","7","","16.1","","88.69","","","","","","NA"
"-114.01","51.12","CALGARY INTL A","3031092","2023-11-04 05:00","2023","11","04","05:00","","0.0","","-2.4","","84","","","","19","","3","","16.1","","88.68","","","","-1","","Cloudy"
"-114.01","51.12","CALGARY INTL A","3031092","2023-11-04 06:00","2023","11","04","06:00","","0.8","","-1.4","","85","","","","11","","13","","11.3","","88.64","","","","","","Rain Showers"
"-114.01","51.12","CALGARY INTL A","3031092","2023-11-04 07:00","2023","11","04","07:00","","1.4","","-1.6","","80","","","","18","","17","","24.1","","88.53","","","","","","NA"
"-114.01","51.12","CALGARY INTL A","3031092","2023-11-04 08:00","2023","11","04","08:00","","1.3","","-1.4","","82","","","","15","","9","","64.4","","88.43","","","","","","Cloudy"
"-114.01","51.12","CALGARY INTL A","3031092","2023-11-04 09:00","2023","11","04","09:00","","1.9","","-1.2","","80","","","","18","","10","","64.4","","88.41","","","","","","NA"
"-114.01","51.12","CALGARY INTL A","3031092","2023-11-04 10:00","2023","11","04","10:00","","2.7","","-0.8","","78","","","","18","","10","","64.4","","88.29","","","","","","NA"
"-114.01","51.12","CALGARY INTL A","3031092","2023-11-04 11:00","2023","11","04","11:00","","3.3","","-0.6","","75","","","","19","","11","","64.4","","88.20","","","","","","Mostly Cloudy"
"-114.01","51.12","CALGARY INTL A","3031092","2023-11-04 12:00","2023","11","04","12:00","","4.0","","-0.4","","73","","","","18","","7","","64.4","","88.09","","","","","","NA"
"-114.01","51.12","CALGARY INTL A","3031092","2023-11-04 13:00","2023","11","04","13:00","","4.2","","-0.2","","73","","","","18","","6","","64.4","","88.01","","","","","","NA"
"-114.01","51.12","CALGARY INTL A","3031092","2023-11-04 14:00","2023","11","04","14:00","","4.0","","0.2","","76","","","","18","","8","","64.4","","87.93","","","","","","Cloudy"
"-114.01","51.12","CALGARY INTL A","3031092","2023-11-04 15:00","2023","11","04","15:00","","4.5","","-0.2","","72","","","","19","","7","","64.4","","87.88","","","","","","NA"
"-114.01","51.12","CALGARY INTL A","3031092","2023-11-04 16:00","2023","11","04","16:00","","5.7","","0.1","","67","","","","23","","10","","48.3","","87.81","","","","","","NA"
"-114.01","51.12","CALGARY INTL A","3031092","2023-11-04 17:00","2023","11","04","17:00","","6.9","","0.2","","62","","","","24","","4","","48.3","","87.80","","","","","","Mostly Cloudy"
"-114.01","51.12","CALGARY INTL A","3031092","2023-11-04 18:00","2023","11","04","18:00","","5.5","","0.9","","72","","","","","","0","","24.1","","87.75","","","","","","NA"
"-114.01","51.12","CALGARY INTL A","3031092","2023-11-04 19:00","2023","11","04","19:00","","6.3","","1.0","","69","","","","18","","8","","16.1","","87.72","","","","","","NA"
"-114.01","51.12","CALGARY INTL A","3031092","2023-11-04 20:00","2023","11","04","20:00","","7.2","","0.8","","64","","","","20","","7","","16.1","","87.66","","","","","","Mostly Cloudy"
"-114.01","51.12","CALGARY INTL A","3031092","2023-11-04 21:00","2023","11","04","21:00","","8.3","","0.4","","57","","","","22","","15","","16.1","","87.66","","","","","","NA"
"-114.01","51.12","CALGARY INTL A","3031092","2023-11-04 22:00","2023","11","04","22:00","","12.0","","-0.8","","41","","","","27","","23","","16.1","","87.62","","","","","","NA"
"-114.01","51.12","CALGARY INTL A","3031092","2023-11-04 23:00","2023","11","04","23:00","","11.6","","-1.5","","40","","","","26","","22","","16.1","","87.59","","","","","","Mainly Clear"
"-114.01","51.12","CALGARY INTL A","3031092","2023-11-05 00:00","2023","11","05","00:00","","10.0","","-1.6","","44","","","","28","","17","","16.1","","87.59","","","","","","NA"
"-114.01","51.12","CALGARY INTL A","3031092","2023-11-05 01:00","2023","11","05","01:00","","6.5","","-1.3","","57","","","","32","","5","","16.1","","87.63","","","","","","NA"
"-114.01","51.12","CALGARY INTL A","3031092","2023-11-05 02:00","2023","11","05","02:00","","3.6","","-1.2","","71","","","","","","0","","16.1","","87.60","","","","","","Mostly Cloudy"
"-114.01","51.12","CALGARY INTL A","3031092","2023-11-05 03:00","2023","11","05","03:00","","4.8","","-1.6","","63","","","","12","","7","","16.1","","87.61","","","","","","NA"
"-114.01","51.12","CALGARY INTL A","3031092","2023-11-05 04:00","2023","11","05","04:00","","8.6","","-1.3","","50","","","","27","","9","","16.1","","87.62","","","","","","NA"
"-114.01","51.12","CALGARY INTL A","3031092","2023-11-05 05:00","2023","11","05","05:00","","10.6","","-1.7","","42","","","","27","","18","","16.1","","87.68","","","","","","Cloudy"
"-114.01","51.12","CALGARY INTL A","3031092","2023-11-05 06:00","2023","11","05","06:00","","9.0","","-1.3","","48","","","","6","","12","","16.1","","87.73","","","","","","NA"
"-114.01","51.12","CALGARY INTL A","3031092","2023-11-05 07:00","2023","11","05","07:00","","8.9","","-1.8","","47","","","","23","","3","","16.1","","87.76","","","","","","NA"
"-114.01","51.12","CALGARY INTL A","3031092","2023-11-05 08:00","2023","11","05","08:00","","7.8","","-1.9","","50","","","","26","","7","","24.1","","87.80","","","","","","Mostly Cloudy"
"-114.01","51.12","CALGARY INTL A","3031092","2023-11-05 09:00","2023","11","05","09:00","","7.9","","-1.8","","50","","","","29","","6","","64.4","","87.84","","","","","","NA"
"-114.01","51.12","CALGARY INTL A","3031092","2023-11-05 10:00","2023","11","05","10:00","","9.1","","-1.6","","47","","","","21","","8","","64.4","","87.89","","","","","","NA"
"-114.01","51.12","CALGARY INTL A","3031092","2023-11-05 11:00","2023","11","05","11:00","","9.2","","-0.5","","50","","","","21","","8","","64.4","","87.92","","","","","","Mostly Cloudy"
"-114.01","51.12","CALGARY INTL A","3031092","2023-11-05 12:00","2023","11","05","12:00","","11.3","","-2.0","","39","","","","27","","17","","64.4","","87.91","","","","","","NA"
"-114.01","51.12","CALGARY INTL A","3031092","2023-11-05 13:00","2023","11","05","13:00","","12.7","","-5.8","","27","","","","27","","25","","64.4","","87.84","","","","","","NA"
"-114.01","51.12","CALGARY INTL A","3031092","2023-11-05 14:00","2023","11","05","14:00","","12.6","","-5.4","","28","","","","28","","30","","24.1","","87.89","","","","","","Mostly Cloudy"
"-114.01","51.12","CALGARY INTL A","3031092","2023-11-05 15:00","2023","11","05","15:00","","12.8","","-2.4","","35","","","","33","","15","","24.1","","87.92","","","","","","NA"
"-114.01","51.12","CALGARY INTL A","3031092","2023-11-05 16:00","2023","11","05","16:00","","10.9","","-2.4","","39","","","","2","","17","","24.1","","87.97","","","","","","NA"
"-114.01","51.12","CALGARY INTL A","3031092","2023-11-05 17:00","2023","11","05","17:00","","9.9","","-5.0","","34","","","","31","","17","","24.1","","88.01","","","","","","Mainly Clear"
"-114.01","51.12","CALGARY INTL A","3031092","2023-11-05 18:00","2023","11","05","18:00","","7.3","","-6.7","","36","","","","32","","11","","24.1","","88.04","","","","","","NA"
"-114.01","51.12","CALGARY INTL A","3031092","2023-11-05 19:00","2023","11","05","19:00","","6.4","","-6.7","","39","","","","14","","3","","16.1","","88.04","","","","","","NA"
"-114.01","51.12","CALGARY INTL A","3031092","2023-11-05 20:00","2023","11","05","20:00","","4.6","","-6.3","","45","","","","","","0","","24.1","","88.02","","","","","","Clear"
"-114.01","51.12","CALGARY INTL A","3031092","2023-11-05 21:00","2023","11","05","21:00","","7.1","","-6.4","","38","","","","28","","15","","16.1","","88.03","","","","","","NA"
"-114.01","51.12","CALGARY INTL A","3031092","2023-11-05 22:00","2023","11","05","22:00","","7.1","","-6.0","","39","","","","29","","21","","16.1","","88.04","","","","","","NA"
"-114.01","51.12","CALGARY INTL A","3031092","2023-11-05 23:00","2023","11","05","23:00","","4.8","","-5.6","","47","","","","23","","7","","24.1","","88.04","","","","","","Clear"
"-114.01","51.12","CALGARY INTL A","3031092","2023-11-06 00:00","2023","11","06","00:00","","4.0","","-5.6","","49","","","","12","","4","","16.1","","88.03","","","","","","NA"
"-114.01","51.12","CALGARY INTL A","3031092","2023-11-06 01:00","2023","11","06","01:00","","1.1","","-5.9","","60","","","","9","","4","","24.1","","88.01","","","","","","NA"
"-114.01","51.12","CALGARY INTL A","3031092","2023-11-06 02:00","2023","11","06","02:00","","0.0","","-5.8","","65","","","","17","","10","","24.1","","88.01","","","","-3","","Clear"
"-114.01","51.12","CALGARY INTL A","3031092","2023-11-06 03:00","2023","11","06","03:00","","-0.6","","-6.1","","67","","","","16","","9","","24.1","","87.99","","","","-4","","NA"
"-114.01","51.12","CALGARY INTL A","3031092","2023-11-06 04:00","2023","11","06","04:00","","0.6","","-5.1","","66","","","","24","","10","","24.1","","87.97","","","","","","NA"
"-114.01","51.12","CALGARY INTL A","3031092","2023-11-06 05:00","2023","11","06","05:00","","-0.9","","-5.8","","70","","","","20","","9","","24.1","","87.96","","","","-4","","Clear"
"-114.01","51.12","CALGARY INTL A","3031092","2023-11-06 06:00","2023","11","06","06:00","","-0.6","","-5.3","","70","","","","21","","7","","24.1","","87.94","","","","-3","","NA"
"-114.01","51.12","CALGARY INTL A","3031092","2023-11-06 07:00","2023","11","06","07:00","","-1.1","","-6.2","","68","","","","22","","8","","32.2","","87.89","","","","-4","","NA"
"-114.01","51.12","CALGARY INTL A","3031092","2023-11-06 08:00","2023","11","06","08:00","","-1.1","","-5.8","","71","","","","15","","4","","64.4","","87.91","","","","-2","","Mostly Cloudy"
"-114.01","51.12","CALGARY INTL A","3031092","2023-11-06 09:00","2023","11","06","09:00","","-0.4","","-4.8","","72","","","","18","","5","","24.1","","87.90","","","","-2","","NA"
"-114.01","51.12","CALGARY INTL A","3031092","2023-11-06 10:00","2023","11","06","10:00","","0.8","","-3.7","","72","","","","17","","7","","64.4","","87.86","","","","","","NA"
"-114.01","51.12","CALGARY INTL A","3031092","2023-11-06 11:00","2023","11","06","11:00","","2.8","","-4.1","","61","","","","21","","5","","64.4","","87.84","","","","","","Mostly Cloudy"
"-114.01","51.12","CALGARY INTL A","3031092","2023-11-06 12:00","2023","11","06","12:00","","5.4","","-4.2","","50","","","","","","0","","64.4","","87.79","","","","","","NA"
"-114.01","51.12","CALGARY INTL A","3031092","2023-11-06 13:00","2023","11","06","13:00","","8.9","","-5.8","","35","","","","15","","14","","24.1","","87.71","","","","","","NA"
"-114.01","51.12","CALGARY INTL A","3031092","2023-11-06 14:00","2023","11","06","14:00","","8.0","","-4.9","","40","","","","15","","19","","24.1","","87.67","","","","","","Mostly Cloudy"
"-114.01","51.12","CALGARY INTL A","3031092","2023-11-06 15:00","2023","11","06","15:00","","6.4","","-3.6","","49","","","","15","","14","","12.9","","87.63","","","","","","NA"
"-114.01","51.12","CALGARY INTL A","3031092","2023-11-06 16:00","2023","11","06","16:00","","5.5","","-3.3","","53","","","","16","","12","","16.1","","87.62","","","","","","NA"
"-114.01","51.12","CALGARY INTL A","3031092","2023-11-06 17:00","2023","11","06","17:00","","3.7","","-1.7","","68","","","","13","","13","","12.9","","87.63","","","","","","Cloudy"
"-114.01","51.12","CALGARY INTL A","3031092","2023-11-06 18:00","2023","11","06","18:00","","2.0","","-1.8","","76","","","","16","","9","","12.9","","87.63","","","","","","NA"
"-114.01","51.12","CALGARY INTL A","3031092","2023-11-06 19:00","2023","11","06","19:00","","1.8","","-1.3","","80","","","","16","","5","","16.1","","87.62","","","","","","NA"
"-114.01","51.12","CALGARY INTL A","3031092","2023-11-06 20:00","2023","11","06","20:00","","1.2","","-0.9","","85","","","","18","","4","","24.1","","87.57","","","","","","Mostly Cloudy"
"-114.01","51.12","CALGARY INTL A","3031092","2023-11-06 21:00","2023","11","06","21:00","","0.5","","-1.2","","88","","","","18","","8","","24.1","","87.56","","","","","","NA"
"-114.01","51.12","CALGARY INTL A","3031092","2023-11-06 22:00","2023","11","06","22:00","","0.0","","-1.2","","92","","","","17","","7","","24.1","","87.54","","","","-2","","NA"
"-114.01","51.12","CALGARY INTL A","3031092","2023-11-06 23:00","2023","11","06","23:00","","0.2","","-0.8","","93","","","","16","","5","","24.1","","87.51","","","","","","Mostly Cloudy"
"-114.01","51.12","CALGARY INTL A","3031092","2023-11-07 00:00","2023","11","07","00:00","","0.5","","-0.9","","90","","","","","","0","","16.1","","87.47","","","","","","NA"
"-114.01","51.12","CALGARY INTL A","3031092","2023-11-07 01:00","2023","11","07","01:00","","1.0","","-0.5","","90","","","","21","","5","","19.3","","87.45","","","","","","NA"
"-114.01","51.12","CALGARY INTL A","3031092","2023-11-07 02:00","2023","11","07","02:00","","0.9","","-0.3","","92","","","","19","","5","","19.3","","87.43","","","","","","Mostly Cloudy"
"-114.01","51.12","CALGARY INTL A","3031092","2023-11-07 03:00","2023","11","07","03:00","","1.4","","0.0","","90","","","","36","","3","","24.1","","87.43","","","","","","NA"
"-114.01","51.12","CALGARY INTL A","3031092","2023-11-07 04:00","2023","11","07","04:00","","1.7","","-0.2","","87","","","","19","","5","","24.1","","87.46","","","","","","NA"
"-114.01","51.12","CALGARY INTL A","3031092","2023-11-07 05:00","2023","11","07","05:00","","3.1","","-3.2","","63","","","","34","","15","","24.1","","87.49","","","","","","Cloudy"
"-114.01","51.12","CALGARY INTL A","3031092","2023-11-07 06:00","2023","11","07","06:00","","3.1","","-4.3","","58","","","","35","","10","","24.1","","87.53","","","","","","NA"
"-114.01","51.12","CALGARY INTL A","3031092","2023-11-07 07:00","2023","11","07","07:00","","3.3","","-4.8","","55","","","","35","","13","","24.1","","87.56","","","","","","NA"
"-114.01","51.12","CALGARY INTL A","3031092","2023-11-07 08:00","2023","11","07","08:00","","3.2","","-4.8","","56","","","","33","","8","","24.1","","87.62","","","","","","Cloudy"
"-114.01","51.12","CALGARY INTL A","3031092","2023-11-07 09:00","2023","11","07","09:00","","4.3","","-4.9","","51","","","","34","","9","","64.4","","87.66","","","","","","NA"
"-114.01","51.12","CALGARY INTL A","3031092","2023-11-07 10:00","2023","11","07","10:00","","5.6","","-5.5","","45","","","","32","","17","","64.4","","87.68","","","","","","NA"
"-114.01","51.12","CALGARY INTL A","3031092","2023-11-07 11:00","2023","11","07","11:00","","6.3","","-5.0","","44","","","","32","","16","","64.4","","87.71","","","","","","Cloudy"
"-114.01","51.12","CALGARY INTL A","3031092","2023-11-07 12:00","2023","11","07","12:00","","7.4","","-3.9","","45","","","","35","","10","","64.4","","87.71","","","","","","NA"
"-114.01","51.12","CALGARY INTL A","3031092","2023-11-07 13:00","2023","11","07","13:00","","8.5","","-4.5","","40","","","","35","","13","","24.1","","87.71","","","","","","NA"
"-114.01","51.12","CALGARY INTL A","3031092","2023-11-07 14:00","2023","11","07","14:00","","9.1","","-5.1","","36","","","","35","","9","","24.1","","87.72","","","","","","Cloudy"
"-114.01","51.12","CALGARY INTL A","3031092","2023-11-07 15:00","2023","11","07","15:00","","8.5","","-5.0","","38","","","","6","","4","","24.1","","87.77","","","","","","NA"
"-114.01","51.12","CALGARY INTL A","3031092","2023-11-07 16:00","2023","11","07","16:00","","7.8","","-4.3","","42","","","","12","","10","","24.1","","87.82","","","","","","NA"
"-114.01","51.12","CALGARY INTL A","3031092","2023-11-07 17:00","2023","11","07","17:00","","6.2","","-3.3","","51","","","","16","","9","","16.1","","87.92","","","","","","Mostly Cloudy"
"-114.01","51.12","CALGARY INTL A","3031092","2023-11-07 18:00","2023","11","07","18:00","","5.9","","-3.9","","49","","","","","","0","","24.1","","88.03","","","","","","NA"
"-114.01","51.12","CALGARY INTL A","3031092","2023-11-07 19:00","2023","11","07","19:00","","2.5","","-0.5","","81","","","","1","","24","","16.1","","88.29","","","","","","NA"
"-114.01","51.12","CALGARY INTL A","3031092","2023-11-07 20:00","2023","11","07","20:00","","1.3","","-1.2","","83","","","","1","","22","","24.1","","88.41","","","","","","Clear"
"-114.01","51.12","CALGARY INTL A","3031092","2023-11-07 21:00","2023","11","07","21:00","","0.4","","-1.8","","85","","","","32","","11","","24.1","","88.52","","","","","","NA"
"-114.01","51.12","CALGARY INTL A","3031092","2023-11-07 22:00","2023","11","07","22:00","","0.6","","-1.8","","84","","","","","","0","","24.1","","88.60","","","","","","NA"
"-114.01","51.12","CALGARY INTL A","3031092","2023-11-07 23:00","2023","11","07","23:00","","-0.2","","-2.5","","85","","","","22","","7","","24.1","","88.65","","","","-3","","Clear"
"-114.01","51.12","CALGARY INTL A","3031092","2023-11-08 00:00","2023","11","08","00:00","","-1.3","","-2.7","","90","","","","17","","7","","24.1","","88.70","","","","-4","","NA"
"-114.01","51.12","CALGARY INTL A","3031092","2023-11-08 01:00","2023","11","08","01:00","","-2.0","","-3.7","","89","","","","","","0","","24.1","","88.78","","","","","","NA"
"-114.01","51.12","CALGARY INTL A","3031092","2023-11-08 02:00","2023","11","08","02:00","","-3.2","","-5.1","","87","","","","","","0","","24.1","","88.84","","","","","","Mainly Clear"
"-114.01","51.12","CALGARY INTL A","3031092","2023-11-08 03:00","2023","11","08","03:00","","-1.9","","-8.3","","61","","","","36","","3","","24.1","","88.88","","","","-3","","NA"
"-114.01","51.12","CALGARY INTL A","3031092","2023-11-08 04:00","2023","11","08","04:00","","1.3","","-11.6","","38","","","","26","","14","","24.1","","88.89","","","","","","NA"
"-114.01","51.12","CALGARY INTL A","3031092","2023-11-08 05:00","2023","11","08","05:00","","1.9","","-12.3","","34","","","","27","","16","","24.1","","88.94","","","","","","Mostly Cloudy"
"-114.01","51.12","CALGARY INTL A","3031092","2023-11-08 06:00","2023","11","08","06:00","","2.1","","-12.1","","34","","","","28","","19","","24.1","","88.98","","","","","","NA"
"-114.01","51.12","CALGARY INTL A","3031092","2023-11-08 07:00","2023","11","08","07:00","","2.1","","-11.8","","35","","","","27","","22","","24.1","","89.01","","","","","","NA"
"-114.01","51.12","CALGARY INTL A","3031092","2023-11-08 08:00","2023","11","08","08:00","","2.0","","-11.4","","36","","","","27","","15","","64.4","","89.03","","","","","","Mostly Cloudy"
"-114.01","51.12","CALGARY INTL A","3031092","2023-11-08 09:00","2023","11","08","09:00","","3.7","","-10.1","","36","","","","28","","21","","64.4","","89.08","","","","","","NA"
"-114.01","51.12","CALGARY INTL A","3031092","2023-11-08 10:00","2023","11","08","10:00","","5.3","","-10.3","","31","","","","29","","22","","64.4","","89.11","","","","","","NA"
"-114.01","51.12","CALGARY INTL A","3031092","2023-11-08 11:00","2023","11","08","11:00","","6.6","","-10.2","","29","","","","28","","14","","64.4","","89.13","","","","","","Mostly Cloudy"
"-114.01","51.12","CALGARY INTL A","3031092","2023-11-08 12:00","2023","11","08","12:00","","7.8","","-11.0","","25","","","","32","","18","","64.4","","89.12","","","","","","NA"
"-114.01","51.12","CALGARY INTL A","3031092","2023-11-08 13:00","2023","11","08","13:00","","5.4","","-7.0","","40","","","","9","","18","","64.4","","89.09","","","","","","NA"
"-114.01","51.12","CALGARY INTL A","3031092","2023-11-08 14:00","2023","11","08","14:00","","5.3","","-6.8","","41","","","","10","","18","","48.3","","89.10","","","","","","Mostly Cloudy"
"-114.01","51.12","CALGARY INTL A","3031092","2023-11-08 15:00","2023","11","08","15:00","","5.1","","-6.8","","42","","","","13","","16","","32.2","","89.12","","","","","","NA"
"-114.01","51.12","CALGARY INTL A","3031092","2023-11-08 16:00","2023","11","08","16:00","","3.6","","-5.8","","50","","","","10","","13","","24.1","","89.19","","","","","","NA"
"-114.01","51.12","CALGARY INTL A","3031092","2023-11-08 17:00","2023","11","08","17:00","","1.9","","-6.7","","53","","","","10","","9","","24.1","","89.23","","","","","","Mostly Cloudy"
"-114.01","51.12","CALGARY INTL A","3031092","2023-11-08 18:00","2023","11","08","18:00","","2.1","","-5.8","","56","","","","12","","7","","24.1","","89.28","","","","","","NA"
"-114.01","51.12","CALGARY INTL A","3031092","2023-11-08 19:00","2023","11","08","19:00","","-0.4","","-6.0","","66","","","","35","","7","","24.1","","89.37","","","","-3","","NA"
"-114.01","51.12","CALGARY INTL A","3031092","2023-11-08 20:00","2023","11","08","20:00","","-0.8","","-5.8","","69","","","","2","","9","","24.1","","89.44","","","","-4","","Mainly Clear"
"-114.01","51.12","CALGARY INTL A","3031092","2023-11-08 21:00","2023","11","08","21:00","","-1.2","","-5.4","","73","","","","33","","4","","24.1","","89.52","","","","-3","","NA"
"-114.01","51.12","CALGARY INTL A","3031092","2023-11-08 22:00","2023","11","08","22:00","","-0.7","","-5.7","","69","","","","36","","3","","24.1","","89.54","","","","-2","","NA"
"-114.01","51.12","CALGARY INTL A","3031092","2023-11-08 23:00","2023","11","08","23:00","","-1.7","","-6.1","","72","","","","","","0","","24.1","","89.53","","","","","","Clear"
"-114.01","51.12","CALGARY INTL A","3031092","2023-11-09 00:00","2023","11","09","00:00","","-3.4","","-6.3","","80","","","","","","0","","24.1","","89.53","","","","","","NA"
"-114.01","51.12","CALGARY INTL A","3031092","2023-11-09 01:00","2023","11","09","01:00","","-4.7","","-7.9","","78","","","","","","0","","24.1","","89.54","","","","","","NA"
"-114.01","51.12","CALGARY INTL A","3031092","2023-11-09 02:00","2023","11","09","02:00","","-2.5","","-5.9","","78","","","","19","","4","","24.1","","89.55","","","","-4","","Clear"
"-114.01","51.12","CALGARY INTL A","3031092","2023-11-09 03:00","2023","11","09","03:00","","-2.0","","-7.0","","69","","","","19","","6","","24.1","","89.54","","","","-4","","NA"
"-114.01","51.12","CALGARY INTL A","3031092","2023-11-09 04:00","2023","11","09","04:00","","-2.1","","-7.4","","67","","","","","","0","","24.1","","89.53","","","","","","NA"
"-114.01","51.12","CALGARY INTL A","3031092","2023-11-09 05:00","2023","11","09","05:00","","-2.6","","-7.8","","68","","","","19","","7","","24.1","","89.50","","","","-5","","Clear"
"-114.01","51.12","CALGARY INTL A","3031092","2023-11-09 06:00","2023","11","09","06:00","","-5.4","","-8.6","","79","","","","17","","9","","24.1","","89.46","","","","-9","","NA"
"-114.01","51.12","CALGARY INTL A","3031092","2023-11-09 07:00","2023","11","09","07:00","","-3.0","","-8.8","","64","","","","17","","5","","24.1","","89.42","","","","-5","","NA"
"-114.01","51.12","CALGARY INTL A","3031092","2023-11-09 08:00","2023","11","09","08:00","","-3.0","","-8.1","","68","","","","20","","8","","64.4","","89.43","","","","-6","","Cloudy"
"-114.01","51.12","CALGARY INTL A","3031092","2023-11-09 09:00","2023","11","09","09:00","","0.5","","-6.7","","59","","","","31","","4","","64.4","","89.42","","","","","","NA"
"-114.01","51.12","CALGARY INTL A","3031092","2023-11-09 10:00","2023","11","09","10:00","","4.3","","-7.5","","42","","","","28","","15","","64.4","","89.39","","","","","","NA"
"-114.01","51.12","CALGARY INTL A","3031092","2023-11-09 11:00","2023","11","09","11:00","","6.0","","-8.2","","35","","","","28","","14","","64.4","","89.34","","","","","","Mostly Cloudy"
"-114.01","51.12","CALGARY INTL A","3031092","2023-11-09 12:00","2023","11","09","12:00","","6.7","","-8.8","","32","","","","29","","12","","64.4","","89.27","","","","","","NA"
"-114.01","51.12","CALGARY INTL A","3031092","2023-11-09 13:00","2023","11","09","13:00","","6.7","","-9.7","","30","","","","28","","5","","64.4","","89.23","","","","","","NA"
"-114.01","51.12","CALGARY INTL A","3031092","2023-11-09 14:00","2023","11","09","14:00","","6.0","","-4.2","","48","","","","12","","13","","48.3","","89.19","","","","","","Mostly Cloudy"
"-114.01","51.12","CALGARY INTL A","3031092","2023-11-09 15:00","2023","11","09","15:00","","5.0","","-4.0","","52","","","","11","","17","","48.3","","89.15","","","","","","NA"
"-114.01","51.12","CALGARY INTL A","3031092","2023-11-09 16:00","2023","11","09","16:00","","3.7","","-3.9","","58","","","","13","","18","","32.2","","89.11","","","","","","NA"
"-114.01","51.12","CALGARY INTL A","3031092","2023-11-09 17:00","2023","11","09","17:00","","2.4","","-4.7","","60","","","","14","","18","","32.2","","89.05","","","","","","Mostly Cloudy"
"-114.01","51.12","CALGARY INTL A","3031092","2023-11-09 18:00","2023","11","09","18:00","","1.7","","-5.8","","57","","","","14","","17","","24.1","","89.00","","","","","","NA"
"-114.01","51.12","CALGARY INTL A","3031092","2023-11-09 19:00","2023","11","09","19:00","","0.0","","-5.9","","65","","","","18","","10","","24.1","","89.01","","","","-3","","NA"
"-114.01","51.12","CALGARY INTL A","3031092","2023-11-09 20:00","2023","11","09","20:00","","0.1","","-5.7","","65","","","","17","","10","","24.1","","88.94","","","","","","Mostly Cloudy"
"-114.01","51.12","CALGARY INTL A","3031092","2023-11-09 21:00","2023","11","09","21:00","","0.1","","-6.2","","63","","","","19","","16","","24.1","","88.84","","","","","","NA"
"-114.01","51.12","CALGARY INTL A","3031092","2023-11-09 22:00","2023","11","09","22:00","","-1.0","","-6.2","","68","","","","17","","12","","24.1","","88.78","","","","-5","","NA"
"-114.01","51.12","CALGARY INTL A","3031092","2023-11-09 23:00","2023","11","09","23:00","","-1.5","","-6.1","","71","","","","17","","7","","16.1","","88.72","","","","-4","","Cloudy"
"-114.01","51.12","CALGARY INTL A","3031092","2023-11-10 00:00","2023","11","10","00:00","","-2.4","","-5.9","","77","","","","16","","9","","16.1","","88.64","","","","-6","","NA"
"-114.01","51.12","CALGARY INTL A","3031092","2023-11-10 01:00","2023","11","10","01:00","","-2.4","","-6.2","","75","","","","17","","11","","16.1","","88.59","","","","-6","","NA"
"-114.01","51.12","CALGARY INTL A","3031092","2023-11-10 02:00","2023","11","10","02:00","","-1.7","","-6.0","","72","","","","19","","11","","16.1","","88.49","","","","-6","","Cloudy"
"-114.01","51.12","CALGARY INTL A","3031092","2023-11-10 03:00","2023","11","10","03:00","","-2.1","","-6.0","","74","","","","20","","9","","16.1","","88.44","","","","-6","","NA"
"-114.01","51.12","CALGARY INTL A","3031092","2023-11-10 04:00","2023","11","10","04:00","","-2.5","","-6.1","","76","","","","20","","8","","16.1","","88.36","","","","-6","","NA"
"-114.01","51.12","CALGARY INTL A","3031092","2023-11-10 05:00","2023","11","10","05:00","","-1.7","","-6.2","","72","","","","20","","10","","16.1","","88.29","","","","-5","","Mostly Cloudy"
"-114.01","51.12","CALGARY INTL A","3031092","2023-11-10 06:00","2023","11","10","06:00","","-2.4","","-6.6","","73","","","","19","","11","","16.1","","88.26","","","","-6","","NA"
"-114.01","51.12","CALGARY INTL A","3031092","2023-11-10 07:00","2023","11","10","07:00","","4.5","","-8.6","","38","","","","28","","24","","16.1","","88.24","","","","","","NA"
"-114.01","51.12","CALGARY INTL A","3031092","2023-11-10 08:00","2023","11","10","08:00","","4.4","","-8.1","","40","","","","27","","25","","48.3","","88.28","","","","","","Mostly Cloudy"
"-114.01","51.12","CALGARY INTL A","3031092","2023-11-10 09:00","2023","11","10","09:00","","4.5","","-7.6","","41","","","","27","","18","","64.4","","88.32","","","","","","NA"
"-114.01","51.12","CALGARY INTL A","3031092","2023-11-10 10:00","2023","11","10","10:00","","5.0","","-7.6","","40","","","","28","","32","","64.4","","88.33","","","","","","NA"
"-114.01","51.12","CALGARY INTL A","3031092","2023-11-10 11:00","2023","11","10","11:00","","6.3","","-8.4","","34","","","","28","","30","","64.4","","88.37","","","","","","Mostly Cloudy"
"-114.01","51.12","CALGARY INTL A","3031092","2023-11-10 12:00","2023","11","10","12:00","","6.5","","-8.5","","33","","","","28","","26","","64.4","","88.39","","","","","","NA"
"-114.01","51.12","CALGARY INTL A","3031092","2023-11-10 13:00","2023","11","10","13:00","","7.3","","-9.7","","29","","","","27","","13","","64.4","","88.39","","","","","","NA"
"-114.01","51.12","CALGARY INTL A","3031092","2023-11-10 14:00","2023","11","10","14:00","","8.4","","-10.6","","25","","","","29","","29","","48.3","","88.35","","","","","","Mainly Clear"
"-114.01","51.12","CALGARY INTL A","3031092","2023-11-10 15:00","2023","11","10","15:00","","8.2","","-11.4","","24","","","","28","","28","","32.2","","88.35","","","","","","NA"
"-114.01","51.12","CALGARY INTL A","3031092","2023-11-10 16:00","2023","11","10","16:00","","7.4","","-11.2","","25","","","","27","","23","","32.2","","88.37","","","","","","NA"
"-114.01","51.12","CALGARY INTL A","3031092","2023-11-10 17:00","2023","11","10","17:00","","5.7","","-9.9","","32","","","","25","","5","","32.2","","88.39","","","","","","Clear"
"-114.01","51.12","CALGARY INTL A","3031092","2023-11-10 18:00","2023","11","10","18:00","","4.4","","-9.6","","36","","","","25","","14","","24.1","","88.38","","","","","","NA"
"-114.01","51.12","CALGARY INTL A","3031092","2023-11-10 19:00","2023","11","10","19:00","","3.3","","-10.1","","37","","","","25","","13","","24.1","","88.34","","","","","","NA"
"-114.01","51.12","CALGARY INTL A","3031092","2023-11-10 20:00","2023","11","10","20:00","","3.1","","-10.7","","36","","","","22","","17","","24.1","","88.27","","","","","","Clear"
"-114.01","51.12","CALGARY INTL A","3031092","2023-11-10 21:00","2023","11","10","21:00","","0.4","","-10.2","","45","","","","20","","13","","24.1","","88.23","","","","","","NA"
"-114.01","51.12","CALGARY INTL A","3031092","2023-11-10 22:00","2023","11","10","22:00","","-1.4","","-9.9","","53","","","","17","","10","","24.1","","88.17","","","","-5","","NA"
"-114.01","51.12","CALGARY INTL A","3031092","2023-11-10 23:00","2023","11","10","23:00","","-0.8","","-9.3","","52","","","","18","","6","","16.1","","88.13","","","","-3","","Clear"
"-114.01","51.12","CALGARY INTL A","3031092","2023-11-11 00:00","2023","11","11","00:00","","-0.5","","-9.3","","51","","","","17","","8","","16.1","","88.07","","","","-3","","NA"
"-114.01","51.12","CALGARY INTL A","3031092","2023-11-11 01:00","2023","11","11","01:00","","-0.7","","-9.4","","52","","","","18","","5","","16.1","","87.98","","","","-2","","NA"
"-114.01","51.12","CALGARY INTL A","3031092","2023-11-11 02:00","2023","11","11","02:00","","-2.2","","-8.7","","62","","","","18","","5","","16.1","","87.89","","","","-4","","Mostly Cloudy"
"-114.01","51.12","CALGARY INTL A","3031092","2023-11-11 03:00","2023","11","11","03:00","","-1.1","","-7.8","","60","","","","19","","10","","16.1","","87.81","","","","-5","","NA"
"-114.01","51.12","CALGARY INTL A","3031092","2023-11-11 04:00","2023","11","11","04:00","","-0.5","","-8.2","","56","","","","19","","13","","16.1","","87.71","","","","-5","","NA"
"-114.01","51.12","CALGARY INTL A","3031092","2023-11-11 05:00","2023","11","11","05:00","","0.9","","-8.7","","49","","","","21","","13","","16.1","","87.63","","","","","","Mostly Cloudy"
"-114.01","51.12","CALGARY INTL A","3031092","2023-11-11 06:00","2023","11","11","06:00","","-1.2","","-7.8","","61","","","","19","","8","","16.1","","87.58","","","","-4","","NA"
"-114.01","51.12","CALGARY INTL A","3031092","2023-11-11 07:00","2023","11","11","07:00","","-2.2","","-8.3","","63","","","","19","","4","","16.1","","87.53","","","","-4","","NA"
"-114.01","51.12","CALGARY INTL A","3031092","2023-11-11 08:00","2023","11","11","08:00","","-3.8","","-8.4","","70","","","","12","","4","","64.4","","87.46","","","","-5","","Mostly Cloudy"
"-114.01","51.12","CALGARY INTL A","3031092","2023-11-11 09:00","2023","11","11","09:00","","-2.0","","-6.4","","72","","","","","","0","","64.4","","87.35","","","","","","NA"
"-114.01","51.12","CALGARY INTL A","3031092","2023-11-11 10:00","2023","11","11","10:00","","6.5","","-5.2","","43","","","","18","","19","","64.4","","87.20","","","","","","NA"
"-114.01","51.12","CALGARY INTL A","3031092","2023-11-11 11:00","2023","11","11","11:00","","11.6","","-8.4","","24","","","","24","","28","","48.3","","87.12","","","","","","Mostly Cloudy"
"-114.01","51.12","CALGARY INTL A","3031092","2023-11-11 12:00","2023","11","11","12:00","","11.2","","-7.7","","26","","","","23","","14","","48.3","","87.11","","","","","","NA"
"-114.01","51.12","CALGARY INTL A","3031092","2023-11-11 13:00","2023","11","11","13:00","","10.4","","-6.4","","30","","","","25","","33","","32.2","","87.12","","","","","","NA"
"-114.01","51.12","CALGARY INTL A","3031092","2023-11-11 14:00","2023","11","11","14:00","","9.6","","-6.0","","33","","","","27","","33","","32.2","","87.08","","","","","","Mostly Cloudy"
"-114.01","51.12","CALGARY INTL A","3031092","2023-11-11 15:00","2023","11","11","15:00","","9.4","","-6.8","","31","","","","25","","43","","32.2","","87.01","","","","","","NA"
"-114.01","51.12","CALGARY INTL A","3031092","2023-11-11 16:00","2023","11","11","16:00","","8.1","","-7.5","","32","","","","27","","45","","32.2","","87.10","","","","","","NA"
"-114.01","51.12","CALGARY INTL A","3031092","2023-11-11 17:00","2023","11","11","17:00","","6.4","","-6.2","","40","","","","21","","19","","32.2","","87.25","","","","","","Mainly Clear"
"-114.01","51.12","CALGARY INTL A","3031092","2023-11-11 18:00","2023","11","11","18:00","","5.6","","-7.7","","38","","","","23","","23","","24.1","","87.31","","","","","","NA"
"-114.01","51.12","CALGARY INTL A","3031092","2023-11-11 19:00","2023","11","11","19:00","","6.2","","-9.8","","31","","","","29","","26","","24.1","","87.56","","","","","","NA"
"-114.01","51.12","CALGARY INTL A","3031092","2023-11-11 20:00","2023","11","11","20:00","","4.9","","-7.9","","39","","","","31","","24","","16.1","","87.79","","","","","","Mostly Cloudy"
"-114.01","51.12","CALGARY INTL A","3031092","2023-11-11 21:00","2023","11","11","21:00","","4.4","","-5.7","","48","","","","29","","33","","24.1","","87.90","","","","","","NA"
"-114.01","51.12","CALGARY INTL A","3031092","2023-11-11 22:00","2023","11","11","22:00","","4.0","","-6.4","","47","","","","","","0","","24.1","","87.97","","","","","","NA"
"-114.01","51.12","CALGARY INTL A","3031092","2023-11-11 23:00","2023","11","11","23:00","","2.9","","-7.1","","48","","","","18","","14","","24.1","","88.03","","","","","","Clear"
"-114.01","51.12","CALGARY INTL A","3031092","2023-11-12 00:00","2023","11","12","00:00","","-0.9","","-5.6","","71","","","","8","","20","","24.1","","88.13","","","","-6","","NA"
"-114.01","51.12","CALGARY INTL A","3031092","2023-11-12 01:00","2023","11","12","01:00","","-2.7","","-7.4","","70","","","","11","","7","","24.1","","88.21","","","","-6","","NA"
"-114.01","51.12","CALGARY INTL A","3031092","2023-11-12 02:00","2023","11","12","02:00","","3.7","","-10.5","","35","","","","24","","13","","24.1","","88.24","","","","","","Mostly Cloudy"
"-114.01","51.12","CALGARY INTL A","3031092","2023-11-12 03:00","2023","11","12","03:00","","4.0","","-9.6","","37","","","","24","","5","","16.1","","88.29","","","","","","NA"
"-114.01","51.12","CALGARY INTL A","3031092","2023-11-12 04:00","2023","11","12","04:00","","1.9","","-9.3","","44","","","","","","0","","16.1","","88.33","","","","","","NA"
"-114.01","51.12","CALGARY INTL A","3031092","2023-11-12 05:00","2023","11","12","05:00","","-0.1","","-10.0","","48","","","","","","0","","24.1","","88.43","","","","","","Mainly Clear"
"-114.01","51.12","CALGARY INTL A","3031092","2023-11-12 06:00","2023","11","12","06:00","","2.5","","-8.3","","45","","","","25","","5","","24.1","","88.56","","","","","","NA"
"-114.01","51.12","CALGARY INTL A","3031092","2023-11-12 07:00","2023","11","12","07:00","","-2.2","","-8.0","","64","","","","6","","10","","32.2","","88.65","","","","-6","","NA"
"-114.01","51.12","CALGARY INTL A","3031092","2023-11-12 08:00","2023","11","12","08:00","","2.2","","-8.3","","46","","","","28","","15","","64.4","","88.77","","","","","","Mostly Cloudy"
"-114.01","51.12","CALGARY INTL A","3031092","2023-11-12 09:00","2023","11","12","09:00","","2.8","","-8.7","","43","","","","23","","7","","64.4","","88.88","","","","","","NA"
"-114.01","51.12","CALGARY INTL A","3031092","2023-11-12 10:00","2023","11","12","10:00","","5.9","","-11.2","","28","","","","28","","13","","64.4","","88.94","","","","","","NA"
"-114.01","51.12","CALGARY INTL A","3031092","2023-11-12 11:00","2023","11","12","11:00","","6.9","","-13.3","","22","","","","29","","27","","64.4","","89.01","","","","","","Mostly Cloudy"
"-114.01","51.12","CALGARY INTL A","3031092","2023-11-12 12:00","2023","11","12","12:00","","7.9","","-14.7","","19","","","","32","","19","","64.4","","89.01","","","","","","NA"
"-114.01","51.12","CALGARY INTL A","3031092","2023-11-12 13:00","2023","11","12","13:00","","7.8","","-13.3","","21","","","","20","","7","","64.4","","89.03","","","","","","NA"
"-114.01","51.12","CALGARY INTL A","3031092","2023-11-12 14:00","2023","11","12","14:00","","7.4","","-12.1","","24","","","","16","","11","","64.4","","89.07","","","","","","Mostly Cloudy"
"-114.01","51.12","CALGARY INTL A","3031092","2023-11-12 15:00","2023","11","12","15:00","","6.7","","-11.7","","26","","","","16","","13","","64.4","","89.07","","","","","","NA"
"-114.01","51.12","CALGARY INTL A","3031092","2023-11-12 16:00","2023","11","12","16:00","","5.8","","-11.7","","27","","","","14","","13","","24.1","","89.03","","","","","","NA"
"-114.01","51.12","CALGARY INTL A","3031092","2023-11-12 17:00","2023","11","12","17:00","","4.6","","-10.5","","33","","","","15","","19","","24.1","","89.02","","","","","","Cloudy"
"-114.01","51.12","CALGARY INTL A","3031092","2023-11-12 18:00","2023","11","12","18:00","","3.5","","-9.9","","37","","","","18","","14","","24.1","","88.97","","","","","","NA"
"-114.01","51.12","CALGARY INTL A","3031092","2023-11-12 19:00","2023","11","12","19:00","","1.7","","-9.2","","44","","","","19","","10","","24.1","","88.94","","","","","","NA"
"-114.01","51.12","CALGARY INTL A","3031092","2023-11-12 20:00","2023","11","12","20:00","","1.3","","-8.9","","47","","","","18","","14","","16.1","","88.92","","","","","","Mostly Cloudy"
"-114.01","51.12","CALGARY INTL A","3031092","2023-11-12 21:00","2023","11","12","21:00","","1.9","","-8.7","","46","","","","19","","14","","16.1","","88.89","","","","","","NA"
"-114.01","51.12","CALGARY INTL A","3031092","2023-11-12 22:00","2023","11","12","22:00","","0.8","","-8.2","","51","","","","18","","9","","16.1","","88.80","","","","","","NA"
"-114.01","51.12","CALGARY INTL A","3031092","2023-11-12 23:00","2023","11","12","23:00","","0.6","","-7.8","","53","","","","19","","10","","16.1","","88.70","","","","","","Mostly Cloudy"
"-114.01","51.12","CALGARY INTL A","3031092","2023-11-13 00:00","2023","11","13","00:00","","0.6","","-8.0","","53","","","","17","","15","","16.1","","88.62","","","","","","NA"
"-114.01","51.12","CALGARY INTL A","3031092","2023-11-13 01:00","2023","11","13","01:00","","0.3","","-7.9","","54","","","","18","","5","","16.1","","88.55","","","","","","NA"
"-114.01","51.12","CALGARY INTL A","3031092","2023-11-13 02:00","2023","11","13","02:00","","-0.3","","-7.7","","58","","","","18","","4","","16.1","","88.46","","","","-2","","Mainly Clear"
"-114.01","51.12","CALGARY INTL A","3031092","2023-11-13 03:00","2023","11","13","03:00","","-1.6","","-7.0","","67","","","","14","","10","","16.1","","88.37","","","","-5","","NA"
"-114.01","51.12","CALGARY INTL A","3031092","2023-11-13 04:00","2023","11","13","04:00","","-0.8","","-6.7","","64","","","","20","","4","","16.1","","88.29","","","","-2","","NA"
"-114.01","51.12","CALGARY INTL A","3031092","2023-11-13 05:00","2023","11","13","05:00","","-1.8","","-6.6","","70","","","","24","","4","","16.1","","88.23","","","","-3","","Mostly Cloudy"
"-114.01","51.12","CALGARY INTL A","3031092","2023-11-13 06:00","2023","11","13","06:00","","-3.1","","-6.8","","76","","","","21","","3","","24.1","","88.17","","","","-4","","NA"
"-114.01","51.12","CALGARY INTL A","3031092","2023-11-13 07:00","2023","11","13","07:00","","-3.4","","-7.6","","73","","","","19","","8","","24.1","","88.14","","","","-7","","NA"
"-114.01","51.12","CALGARY INTL A","3031092","2023-11-13 08:00","2023","11","13","08:00","","-2.8","","-7.5","","70","","","","22","","9","","64.4","","88.10","","","","-6","","Mostly Cloudy"
"-114.01","51.12","CALGARY INTL A","3031092","2023-11-13 09:00","2023","11","13","09:00","","-2.8","","-7.0","","73","","","","17","","10","","64.4","","88.09","","","","-7","","NA"
"-114.01","51.12","CALGARY INTL A","3031092","2023-11-13 10:00","2023","11","13","10:00","","1.4","","-6.4","","56","","","","18","","10","","64.4","","88.01","","","","","","NA"
"-114.01","51.12","CALGARY INTL A","3031092","2023-11-13 11:00","2023","11","13","11:00","","5.2","","-5.0","","48","","","","20","","9","","64.4","","88.00","","","","","","Mainly Clear"
"-114.01","51.12","CALGARY INTL A","3031092","2023-11-13 12:00","2023","11","13","12:00","","10.4","","-3.6","","37","","","","16","","3","","64.4","","87.91","","","","","","NA"
"-114.01","51.12","CALGARY INTL A","3031092","2023-11-13 13:00","2023","11","13","13:00","","13.6","","-4.8","","27","","","","24","","21","","24.1","","87.83","","","","","","NA"
"-114.01","51.12","CALGARY INTL A","3031092","2023-11-13 14:00","2023","11","13","14:00","","13.2","","-6.4","","25","","","","22","","22","","24.1","","87.81","","","","","","Mostly Cloudy"
"-114.01","51.12","CALGARY INTL A","3031092","2023-11-13 15:00","2023","11","13","15:00","","11.9","","-6.6","","27","","","","25","","16","","24.1","","87.76","","","","","","NA"
"-114.01","51.12","CALGARY INTL A","3031092","2023-11-13 16:00","2023","11","13","16:00","","8.7","","-4.2","","40","","","","18","","13","","24.1","","87.74","","","","","","NA"
"-114.01","51.12","CALGARY INTL A","3031092","2023-11-13 17:00","2023","11","13","17:00","","8.3","","-4.0","","42","","","","20","","5","","24.1","","87.79","","","","","","Mostly Cloudy"
"-114.01","51.12","CALGARY INTL A","3031092","2023-11-13 18:00","2023","11","13","18:00","","5.5","","-1.8","","59","","","","30","","25","","24.1","","87.91","","","","","","NA"
"-114.01","51.12","CALGARY INTL A","3031092","2023-11-13 19:00","2023","11","13","19:00","","5.2","","-1.8","","61","","","","29","","22","","24.1","","87.99","","","","","","NA"
"-114.01","51.12","CALGARY INTL A","3031092","2023-11-13 20:00","2023","11","13","20:00","","5.1","","-6.3","","44","","","","25","","13","","24.1","","88.00","","","","","","Mostly Cloudy"
"-114.01","51.12","CALGARY INTL A","3031092","2023-11-13 21:00","2023","11","13","21:00","","4.2","","-11.5","","31","","","","27","","16","","24.1","","88.06","","","","","","NA"
"-114.01","51.12","CALGARY INTL A","3031092","2023-11-13 22:00","2023","11","13","22:00","","3.0","","-11.5","","34","","","","28","","9","","24.1","","88.18","","","","","","NA"
"-114.01","51.12","CALGARY INTL A","3031092","2023-11-13 23:00","2023","11","13","23:00","","2.4","","-10.9","","37","","","","23","","8","","24.1","","88.21","","","","","","Clear"
"-114.01","51.12","CALGARY INTL A","3031092","2023-11-14 00:00","2023","11","14","00:00","","1.1","","-11.0","","40","","","","22","","6","","24.1","","88.27","","","","","","NA"
"-114.01","51.12","CALGARY INTL A","3031092","2023-11-14 01:00","2023","11","14","01:00","","-0.4","","-11.0","","45","","","","29","","10","","24.1","","88.31","","","","-4","","NA"
"-114.01","51.12","CALGARY INTL A","3031092","2023-11-14 02:00","2023","11","14","02:00","","1.0","","-11.4","","39","","","","27","","11","","24.1","","88.36","","","","","","Clear"
"-114.01","51.12","CALGARY INTL A","3031092","2023-11-14 03:00","2023","11","14","03:00","","1.1","","-12.1","","37","","","","25","","10","","24.1","","88.38","","","","","","NA"
"-114.01","51.12","CALGARY INTL A","3031092","2023-11-14 04:00","2023","11","14","04:00","","2.4","","-13.3","","31","","","","28","","27","","24.1","","88.36","","","","","","NA"
"-114.01","51.12","CALGARY INTL A","3031092","2023-11-14 05:00","2023","11","14","05:00","","0.2","","-13.1","","37","","","","","","0","","24.1","","88.34","","","","","","Clear"
"-114.01","51.12","CALGARY INTL A","3031092","2023-11-14 06:00","2023","11","14","06:00","","0.6","","-13.6","","34","","","","20","","9","","24.1","","88.31","","","","","","NA"
"-114.01","51.12","CALGARY INTL A","3031092","2023-11-14 07:00","2023","11","14","07:00","","-1.9","","-12.5","","44","","","","16","","6","","24.1","","88.33","","","","-4","","NA"
"-114.01","51.12","CALGARY INTL A","3031092","2023-11-14 08:00","2023","11","14","08:00","","-1.5","","-12.2","","44","","","","19","","4","","24.1","","88.31","","","","-3","","Clear"
"-114.01","51.12","CALGARY INTL A","3031092","2023-11-14 09:00","2023","11","14","09:00","","1.0","","-12.3","","36","","","","18","","7","","64.4","","88.32","","","","","","NA"
"-114.01","51.12","CALGARY INTL A","3031092","2023-11-14 10:00","2023","11","14","10:00","","4.3","","-14.3","","25","","","","27","","28","","64.4","","88.30","","","","","","NA"
"-114.01","51.12","CALGARY INTL A","3031092","2023-11-14 11:00","2023","11","14","11:00","","5.0","","-14.7","","23","","","","28","","28","","64.4","","88.29","","","","","","Mainly Clear"
"-114.01","51.12","CALGARY INTL A","3031092","2023-11-14 12:00","2023","11","14","12:00","","5.6","","-15.2","","21","","","","28","","42","","64.4","","88.29","","","","","","NA"
"-114.01","51.12","CALGARY INTL A","3031092","2023-11-14 13:00","2023","11","14","13:00","","5.7","","-15.4","","20","","","","27","","37","","64.4","","88.27","","","","","","NA"
"-114.01","51.12","CALGARY INTL A","3031092","2023-11-14 14:00","2023","11","14","14:00","","6.2","","-15.6","","19","","","","27","","23","","64.4","","88.28","","","","","","Mostly Cloudy"
"-114.01","51.12","CALGARY INTL A","3031092","2023-11-14 15:00","2023","11","14","15:00","","5.0","","-15.4","","21","","","","29","","7","","24.1","","88.26","","","","","","NA"
"-114.01","51.12","CALGARY INTL A","3031092","2023-11-14 16:00","2023","11","14","16:00","","5.2","","-15.0","","22","","","","26","","3","","24.1","","88.24","","","","","","NA"
"-114.01","51.12","CALGARY INTL A","3031092","2023-11-14 17:00","2023","11","14","17:00","","5.0","","-15.7","","21","","","","29","","10","","24.1","","88.22","","","","","","Cloudy"
"-114.01","51.12","CALGARY INTL A","3031092","2023-11-14 18:00","2023","11","14","18:00","","5.1","","-16.2","","20","","","","26","","10","","24.1","","88.18","","","","","","NA"
"-114.01","51.12","CALGARY INTL A","3031092","2023-11-14 19:00","2023","11","14","19:00","","3.7","","-15.2","","24","","","","27","","7","","24.1","","88.15","","","","","","NA"
"-114.01","51.12","CALGARY INTL A","3031092","2023-11-14 20:00","2023","11","14","20:00","","1.7","","-14.0","","30","","","","19","","4","","24.1","","88.11","","","","","","Mostly Cloudy"
"-114.01","51.12","CALGARY INTL A","3031092","2023-11-14 21:00","2023","11","14","21:00","","1.2","","-12.6","","35","","","","22","","4","","24.1","","88.08","","","","","","NA"
"-114.01","51.12","CALGARY INTL A","3031092","2023-11-14 22:00","2023","11","14","22:00","","-2.3","","-12.4","","46","","","","1","","3","","24.1","","88.05","","","","-3","","NA"
"-114.01","51.12","CALGARY INTL A","3031092","2023-11-14 23:00","2023","11","14","23:00","","-2.9","","-12.4","","48","","","","22","","6","","24.1","","88.04","","","","-5","","Mainly Clear"
"-114.01","51.12","CALGARY INTL A","3031092","2023-11-15 00:00","2023","11","15","00:00","","-3.5","","-13.2","","47","","","","3","","5","","24.1","","88.08","","","","-6","","NA"
"-114.01","51.12","CALGARY INTL A","3031092","2023-11-15 01:00","2023","11","15","01:00","","2.3","","-15.1","","27","","","","30","","22","","24.1","","88.10","","","","","","NA"
"-114.01","51.12","CALGARY INTL A","3031092","2023-11-15 02:00","2023","11","15","02:00","","3.0","","-15.3","","25","","","","31","","25","","24.1","","88.13","","","","","","Mainly Clear"
"-114.01","51.12","CALGARY INTL A","3031092","2023-11-15 03:00","2023","11","15","03:00","","3.1","","-14.8","","26","","","","33","","25","","24.1","","88.22","","","","","","NA"
"-114.01","51.12","CALGARY INTL A","3031092","2023-11-15 04:00","2023","11","15","04:00","","3.7","","-14.4","","26","","","","31","","34","","24.1","","88.27","","","","","","NA"
"-114.01","51.12","CALGARY INTL A","3031092","2023-11-15 05:00","2023","11","15","05:00","","3.5","","-14.1","","26","","","","29","","30","","24.1","","88.34","","","","","","Clear"
"-114.01","51.12","CALGARY INTL A","3031092","2023-11-15 06:00","2023","11","15","06:00","","0.2","","-14.3","","33","","","","8","","9","","24.1","","88.37","","","","","","NA"
"-114.01","51.12","CALGARY INTL A","3031092","2023-11-15 07:00","2023","11","15","07:00","","0.7","","-13.8","","33","","","","17","","7","","24.1","","88.38","","","","","","NA"
"-114.01","51.12","CALGARY INTL A","3031092","2023-11-15 08:00","2023","11","15","08:00","","-4.8","","-11.5","","60","","","","19","","12","","64.4","","88.41","","","","-10","","Mostly Cloudy"
"-114.01","51.12","CALGARY INTL A","3031092","2023-11-15 09:00","2023","11","15","09:00","","-1.5","","-11.6","","46","","","","21","","4","","64.4","","88.41","","","","-3","","NA"
"-114.01","51.12","CALGARY INTL A","3031092","2023-11-15 10:00","2023","11","15","10:00","","0.5","","-12.2","","38","","","","36","","3","","64.4","","88.41","","","","","","NA"
"-114.01","51.12","CALGARY INTL A","3031092","2023-11-15 11:00","2023","11","15","11:00","","1.2","","-10.8","","41","","","","9","","10","","64.4","","88.41","","","","","","Mostly Cloudy"
"-114.01","51.12","CALGARY INTL A","3031092","2023-11-15 12:00","2023","11","15","12:00","","1.7","","-11.5","","37","","","","6","","11","","64.4","","88.38","","","","","","NA"
"-114.01","51.12","CALGARY INTL A","3031092","2023-11-15 13:00","2023","11","15","13:00","","2.6","","-12.6","","32","","","","8","","14","","64.4","","88.30","","","","","","NA"
"-114.01","51.12","CALGARY INTL A","3031092","2023-11-15 14:00","2023","11","15","14:00","","1.8","","-11.6","","37","","","","10","","15","","24.1","","88.26","","","","","","Cloudy"
"-114.01","51.12","CALGARY INTL A","3031092","2023-11-15 15:00","2023","11","15","15:00","","0.3","","-9.9","","46","","","","1","","21","","24.1","","88.30","","","","","","NA"
"-114.01","51.12","CALGARY INTL A","3031092","2023-11-15 16:00","2023","11","15","16:00","","-0.7","","-7.8","","59","","","","5","","22","","16.1","","88.31","","","","-6","","NA"
"-114.01","51.12","CALGARY INTL A","3031092","2023-11-15 17:00","2023","11","15","17:00","","-1.7","","-5.6","","75","","","","5","","15","","16.1","","88.35","","","","-7","","Cloudy"
"-114.01","51.12","CALGARY INTL A","3031092","2023-11-15 18:00","2023","11","15","18:00","","-1.6","","-4.8","","79","","","","2","","17","","9.7","","88.39","","","","-7","","Snow"
"-114.01","51.12","CALGARY INTL A","3031092","2023-11-15 19:00","2023","11","15","19:00","","-2.3","","-3.0","","95","","","","36","","9","","6.4","","88.42","","","","-6","","Snow"
"-114.01","51.12","CALGARY INTL A","3031092","2023-11-15 20:00","2023","11","15","20:00","","-2.5","","-3.1","","95","","","","3","","10","","2.0","","88.49","","","","-6","","Snow"
"-114.01","51.12","CALGARY INTL A","3031092","2023-11-15 21:00","2023","11","15","21:00","","-2.6","","-3.1","","96","","","","36","","5","","2.0","","88.56","","","","-5","","Snow"
"-114.01","51.12","CALGARY INTL A","3031092","2023-11-15 22:00","2023","11","15","22:00","","-2.9","","-3.2","","97","","","","34","","8","","2.0","","88.63","","","","-6","","Snow"
"-114.01","51.12","CALGARY INTL A","3031092","2023-11-15 23:00","2023","11","15","23:00","","-2.9","","-3.4","","96","","","","35","","10","","4.0","","88.69","","","","-7","","Snow"
"-114.01","51.12","CALGARY INTL A","3031092","2023-11-16 00:00","2023","11","16","00:00","","-3.2","","-3.7","","97","","","","27","","3","","4.0","","88.71","","","","-4","","Snow"
"-114.01","51.12","CALGARY INTL A","3031092","2023-11-16 01:00","2023","11","16","01:00","","-5.3","","-5.7","","97","","","","21","","8","","11.3","","88.71","","","","-9","","NA"
"-114.01","51.12","CALGARY INTL A","3031092","2023-11-16 02:00","2023","11","16","02:00","","-3.9","","-4.2","","98","","","","21","","9","","8.1","","88.68","","","","-8","","Fog"
"-114.01","51.12","CALGARY INTL A","3031092","2023-11-16 03:00","2023","11","16","03:00","","-6.7","","-7.2","","97","","","","19","","10","","16.1","","88.66","","","","-11","","NA"
"-114.01","51.12","CALGARY INTL A","3031092","2023-11-16 04:00","2023","11","16","04:00","","-6.6","","-7.4","","94","","","","19","","14","","19.3","","88.61","","","","-12","","NA"
"-114.01","51.12","CALGARY INTL A","3031092","2023-11-16 05:00","2023","11","16","05:00","","-6.7","","-7.6","","94","","","","19","","14","","24.1","","88.57","","","","-12","","Clear"
"-114.01","51.12","CALGARY INTL A","3031092","2023-11-16 06:00","2023","11","16","06:00","","-8.0","","-9.2","","91","","","","19","","8","","24.1","","88.49","","","","-12","","NA"
"-114.01","51.12","CALGARY INTL A","3031092","2023-11-16 07:00","2023","11","16","07:00","","-8.7","","-9.7","","92","","","","22","","12","","24.1","","88.48","","","","-14","","NA"
"-114.01","51.12","CALGARY INTL A","3031092","2023-11-16 08:00","2023","11","16","08:00","","-8.7","","-10.6","","86","","","","21","","11","","64.4","","88.40","","","","-14","","Clear"
"-114.01","51.12","CALGARY INTL A","3031092","2023-11-16 09:00","2023","11","16","09:00","","-7.3","","-9.5","","85","","","","22","","13","","64.4","","88.35","","","","-13","","NA"
"-114.01","51.12","CALGARY INTL A","3031092","2023-11-16 10:00","2023","11","16","10:00","","-4.7","","-9.5","","69","","","","21","","10","","64.4","","88.32","","","","-9","","NA"
"-114.01","51.12","CALGARY INTL A","3031092","2023-11-16 11:00","2023","11","16","11:00","","-2.6","","-9.2","","61","","","","22","","9","","64.4","","88.28","","","","-6","","Mainly Clear"
"-114.01","51.12","CALGARY INTL A","3031092","2023-11-16 12:00","2023","11","16","12:00","","0.0","","-9.1","","51","","","","23","","14","","64.4","","88.22","","","","-4","","NA"
"-114.01","51.12","CALGARY INTL A","3031092","2023-11-16 13:00","2023","11","16","13:00","","1.4","","-8.8","","47","","","","22","","10","","64.4","","88.19","","","","","","NA"
"-114.01","51.12","CALGARY INTL A","3031092","2023-11-16 14:00","2023","11","16","14:00","","2.5","","-4.8","","58","","","","19","","9","","64.4","","88.12","","","","","","Mostly Cloudy"
"-114.01","51.12","CALGARY INTL A","3031092","2023-11-16 15:00","2023","11","16","15:00","","3.5","","-5.2","","53","","","","19","","14","","64.4","","88.11","","","","","","NA"
"-114.01","51.12","CALGARY INTL A","3031092","2023-11-16 16:00","2023","11","16","16:00","","2.6","","-5.8","","54","","","","16","","12","","48.3","","88.08","","","","","","NA"
"-114.01","51.12","CALGARY INTL A","3031092","2023-11-16 17:00","2023","11","16","17:00","","4.5","","-7.2","","43","","","","19","","4","","48.3","","88.06","","","","","","Mostly Cloudy"
"-114.01","51.12","CALGARY INTL A","3031092","2023-11-16 18:00","2023","11","16","18:00","","4.0","","-6.4","","47","","","","14","","8","","24.1","","88.08","","","","","","NA"
"-114.01","51.12","CALGARY INTL A","3031092","2023-11-16 19:00","2023","11","16","19:00","","4.2","","-5.8","","48","","","","18","","10","","24.1","","88.08","","","","","","NA"
"-114.01","51.12","CALGARY INTL A","3031092","2023-11-16 20:00","2023","11","16","20:00","","7.1","","-4.5","","44","","","","26","","10","","24.1","","88.11","","","","","","Mostly Cloudy"
"-114.01","51.12","CALGARY INTL A","3031092","2023-11-16 21:00","2023","11","16","21:00","","7.9","","-4.0","","43","","","","28","","27","","24.1","","88.17","","","","","","NA"
"-114.01","51.12","CALGARY INTL A","3031092","2023-11-16 22:00","2023","11","16","22:00","","7.7","","-3.9","","44","","","","27","","21","","24.1","","88.19","","","","","","NA"
"-114.01","51.12","CALGARY INTL A","3031092","2023-11-16 23:00","2023","11","16","23:00","","8.1","","-3.6","","43","","","","27","","15","","24.1","","88.21","","","","","","Mainly Clear"
"-114.01","51.12","CALGARY INTL A","3031092","2023-11-17 00:00","2023","11","17","00:00","","7.8","","-3.5","","45","","","","26","","15","","24.1","","88.20","","","","","","NA"
"-114.01","51.12","CALGARY INTL A","3031092","2023-11-17 01:00","2023","11","17","01:00","","7.8","","-3.2","","46","","","","26","","9","","24.1","","88.21","","","","","","NA"
"-114.01","51.12","CALGARY INTL A","3031092","2023-11-17 02:00","2023","11","17","02:00","","7.9","","-2.9","","46","","","","26","","11","","24.1","","88.22","","","","","","Clear"
"-114.01","51.12","CALGARY INTL A","3031092","2023-11-17 03:00","2023","11","17","03:00","","9.2","","-2.5","","44","","","","28","","30","","24.1","","88.23","","","","","","NA"
"-114.01","51.12","CALGARY INTL A","3031092","2023-11-17 04:00","2023","11","17","04:00","","9.4","","-2.1","","44","","","","28","","32","","24.1","","88.27","","","","","","NA"
"-114.01","51.12","CALGARY INTL A","3031092","2023-11-17 05:00","2023","11","17","05:00","","9.5","","-1.9","","45","","","","27","","31","","24.1","","88.29","","","","","","Clear"
"-114.01","51.12","CALGARY INTL A","3031092","2023-11-17 06:00","2023","11","17","06:00","","9.3","","-1.6","","46","","","","28","","24","","24.1","","88.33","","","","","","NA"
"-114.01","51.12","CALGARY INTL A","3031092","2023-11-17 07:00","2023","11","17","07:00","","9.7","","-1.5","","45","","","","27","","28","","24.1","","88.36","","","","","","NA"
"-114.01","51.12","CALGARY INTL A","3031092","2023-11-17 08:00","2023","11","17","08:00","","9.1","","-1.4","","48","","","","22","","7","","64.4","","88.42","","","","","","Mostly Cloudy"
"-114.01","51.12","CALGARY INTL A","3031092","2023-11-17 09:00","2023","11","17","09:00","","10.4","","-1.6","","43","","","","27","","14","","64.4","","88.46","","","","","","NA"
"-114.01","51.12","CALGARY INTL A","3031092","2023-11-17 10:00","2023","11","17","10:00","","10.5","","-1.4","","43","","","","1","","5","","64.4","","88.50","","","","","","NA"
"-114.01","51.12","CALGARY INTL A","3031092","2023-11-17 11:00","2023","11","17","11:00","","13.0","","-1.3","","37","","","","27","","16","","64.4","","88.54","","","","","","Mostly Cloudy"
"-114.01","51.12","CALGARY INTL A","3031092","2023-11-17 12:00","2023","11","17","12:00","","14.3","","-1.2","","34","","","","27","","23","","64.4","","88.55","","","","","","NA"
"-114.01","51.12","CALGARY INTL A","3031092","2023-11-17 13:00","2023","11","17","13:00","","14.8","","-1.8","","32","","","","28","","25","","64.4","","88.54","","","","","","NA"
"-114.01","51.12","CALGARY INTL A","3031092","2023-11-17 14:00","2023","11","17","14:00","","15.1","","-2.6","","29","","","","30","","8","","64.4","","88.56","","","","","","Mostly Cloudy"
"-114.01","51.12","CALGARY INTL A","3031092","2023-11-17 15:00","2023","11","17","15:00","","15.1","","-3.0","","28","","","","29","","9","","48.3","","88.56","","","","","","NA"
"-114.01","51.12","CALGARY INTL A","3031092","2023-11-17 16:00","2023","11","17","16:00","","14.2","","-3.8","","28","","","","27","","12","","48.3","","88.59","","","","","","NA"
"-114.01","51.12","CALGARY INTL A","3031092","2023-11-17 17:00","2023","11","17","17:00","","12.1","","-4.2","","32","","","","28","","9","","48.3","","88.60","","","","","","Mainly Clear"
"-114.01","51.12","CALGARY INTL A","3031092","2023-11-17 18:00","2023","11","17","18:00","","9.7","","-4.6","","36","","","","35","","3","","24.1","","88.59","","","","","","NA"
"-114.01","51.12","CALGARY INTL A","3031092","2023-11-17 19:00","2023","11","17","19:00","","7.3","","-3.7","","45","","","","19","","14","","24.1","","88.61","","","","","","NA"
"-114.01","51.12","CALGARY INTL A","3031092","2023-11-17 20:00","2023","11","17","20:00","","7.7","","-3.8","","44","","","","24","","8","","24.1","","88.60","","","","","","Clear"
"-114.01","51.12","CALGARY INTL A","3031092","2023-11-17 21:00","2023","11","17","21:00","","5.2","","-3.6","","53","","","","24","","9","","24.1","","88.61","","","","","","NA"
"-114.01","51.12","CALGARY INTL A","3031092","2023-11-17 22:00","2023","11","17","22:00","","4.0","","-3.8","","57","","","","23","","10","","24.1","","88.62","","","","","","NA"
"-114.01","51.12","CALGARY INTL A","3031092","2023-11-17 23:00","2023","11","17","23:00","","4.2","","-3.9","","55","","","","26","","10","","24.1","","88.61","","","","","","Clear"
"-114.01","51.12","CALGARY INTL A","3031092","2023-11-18 00:00","2023","11","18","00:00","","4.9","","-4.0","","53","","","","29","","9","","24.1","","88.57","","","","","","NA"
"-114.01","51.12","CALGARY INTL A","3031092","2023-11-18 01:00","2023","11","18","01:00","","2.8","","-3.6","","62","","","","8","","3","","24.1","","88.52","","","","","","NA"
"-114.01","51.12","CALGARY INTL A","3031092","2023-11-18 02:00","2023","11","18","02:00","","0.4","","-5.3","","66","","","","16","","5","","24.1","","88.50","","","","","","Clear"
"-114.01","51.12","CALGARY INTL A","3031092","2023-11-18 03:00","2023","11","18","03:00","","-0.6","","-4.7","","74","","","","19","","10","","24.1","","88.47","","","","-4","","NA"
"-114.01","51.12","CALGARY INTL A","3031092","2023-11-18 04:00","2023","11","18","04:00","","1.3","","-4.3","","67","","","","22","","5","","24.1","","88.42","","","","","","NA"
"-114.01","51.12","CALGARY INTL A","3031092","2023-11-18 05:00","2023","11","18","05:00","","0.2","","-5.1","","68","","","","22","","5","","24.1","","88.37","","","","","","Clear"
"-114.01","51.12","CALGARY INTL A","3031092","2023-11-18 06:00","2023","11","18","06:00","","-0.3","","-4.6","","73","","","","18","","4","","24.1","","88.31","","","","-2","","NA"
"-114.01","51.12","CALGARY INTL A","3031092","2023-11-18 07:00","2023","11","18","07:00","","-1.5","","-6.3","","70","","","","4","","4","","24.1","","88.26","","","","-3","","NA"
"-114.01","51.12","CALGARY INTL A","3031092","2023-11-18 08:00","2023","11","18","08:00","","-1.1","","-5.2","","74","","","","15","","5","","64.4","","88.23","","","","-3","","Clear"
"-114.01","51.12","CALGARY INTL A","3031092","2023-11-18 09:00","2023","11","18","09:00","","0.5","","-3.9","","72","","","","18","","5","","64.4","","88.21","","","","","","NA"
"-114.01","51.12","CALGARY INTL A","3031092","2023-11-18 10:00","2023","11","18","10:00","","3.8","","-3.5","","59","","","","35","","4","","64.4","","88.18","","","","","","NA"
"-114.01","51.12","CALGARY INTL A","3031092","2023-11-18 11:00","2023","11","18","11:00","","6.6","","-3.4","","49","","","","21","","6","","64.4","","88.12","","","","","","Mainly Clear"
"-114.01","51.12","CALGARY INTL A","3031092","2023-11-18 12:00","2023","11","18","12:00","","9.3","","-2.9","","42","","","","19","","9","","64.4","","88.05","","","","","","NA"
"-114.01","51.12","CALGARY INTL A","3031092","2023-11-18 13:00","2023","11","18","13:00","","10.5","","-3.5","","37","","","","22","","9","","64.4","","87.97","","","","","","NA"
"-114.01","51.12","CALGARY INTL A","3031092","2023-11-18 14:00","2023","11","18","14:00","","10.3","","-2.9","","39","","","","24","","5","","64.4","","87.92","","","","","","Mostly Cloudy"
"-114.01","51.12","CALGARY INTL A","3031092","2023-11-18 15:00","2023","11","18","15:00","","10.9","","-2.8","","38","","","","22","","9","","48.3","","87.87","","","","","","NA"
"-114.01","51.12","CALGARY INTL A","3031092","2023-11-18 16:00","2023","11","18","16:00","","10.1","","-2.8","","40","","","","22","","5","","32.2","","87.82","","","","","","NA"
"-114.01","51.12","CALGARY INTL A","3031092","2023-11-18 17:00","2023","11","18","17:00","","7.8","","-2.3","","49","","","","18","","8","","32.2","","87.78","","","","","","Mainly Clear"
"-114.01","51.12","CALGARY INTL A","3031092","2023-11-18 18:00","2023","11","18","18:00","","7.0","","-2.6","","50","","","","18","","9","","24.1","","87.76","","","","","","NA"
"-114.01","51.12","CALGARY INTL A","3031092","2023-11-18 19:00","2023","11","18","19:00","","8.7","","-6.6","","33","","","","28","","17","","24.1","","87.72","","","","","","NA"
"-114.01","51.12","CALGARY INTL A","3031092","2023-11-18 20:00","2023","11","18","20:00","","9.1","","-6.6","","32","","","","28","","32","","24.1","","87.70","","","","","","Clear"
"-114.01","51.12","CALGARY INTL A","3031092","2023-11-18 21:00","2023","11","18","21:00","","9.1","","-6.0","","34","","","","28","","35","","24.1","","87.66","","","","","","NA"
"-114.01","51.12","CALGARY INTL A","3031092","2023-11-18 22:00","2023","11","18","22:00","","8.7","","-5.8","","35","","","","28","","16","","24.1","","87.66","","","","","","NA"
"-114.01","51.12","CALGARY INTL A","3031092","2023-11-18 23:00","2023","11","18","23:00","","8.4","","-5.7","","36","","","","27","","14","","24.1","","87.65","","","","","","Clear"
"-114.01","51.12","CALGARY INTL A","3031092","2023-11-19 00:00","2023","11","19","00:00","","6.8","","-5.7","","41","","","","","","0","","24.1","","87.64","","","","","","NA"
"-114.01","51.12","CALGARY INTL A","3031092","2023-11-19 01:00","2023","11","19","01:00","","3.6","","-4.9","","54","","","","17","","13","","24.1","","87.65","","","","","","NA"
"-114.01","51.12","CALGARY INTL A","3031092","2023-11-19 02:00","2023","11","19","02:00","","6.1","","-4.5","","46","","","","35","","3","","24.1","","87.67","","","","","","Mainly Clear"
"-114.01","51.12","CALGARY INTL A","3031092","2023-11-19 03:00","2023","11","19","03:00","","3.1","","-4.6","","57","","","","","","0","","24.1","","87.67","","","","","","NA"
"-114.01","51.12","CALGARY INTL A","3031092","2023-11-19 04:00","2023","11","19","04:00","","1.1","","-4.7","","66","","","","20","","12","","24.1","","87.69","","","","","","NA"
"-114.01","51.12","CALGARY INTL A","3031092","2023-11-19 05:00","2023","11","19","05:00","","1.3","","-4.8","","64","","","","19","","10","","24.1","","87.67","","","","","","Clear"
"-114.01","51.12","CALGARY INTL A","3031092","2023-11-19 06:00","2023","11","19","06:00","","0.2","","-5.3","","67","","","","19","","9","","24.1","","87.66","","","","","","NA"
"-114.01","51.12","CALGARY INTL A","3031092","2023-11-19 07:00","2023","11","19","07:00","","3.1","","-4.6","","57","","","","23","","5","","32.2","","87.68","","","","","","NA"
"-114.01","51.12","CALGARY INTL A","3031092","2023-11-19 08:00","2023","11","19","08:00","","0.0","","-4.8","","70","","","","19","","9","","64.4","","87.72","","","","-3","","Mainly Clear"
"-114.01","51.12","CALGARY INTL A","3031092","2023-11-19 09:00","2023","11","19","09:00","","1.9","","-4.0","","65","","","","17","","9","","64.4","","87.76","","","","","","NA"
"-114.01","51.12","CALGARY INTL A","3031092","2023-11-19 10:00","2023","11","19","10:00","","7.5","","-3.0","","47","","","","13","","3","","64.4","","87.80","","","","","","NA"
"-114.01","51.12","CALGARY INTL A","3031092","2023-11-19 11:00","2023","11","19","11:00","","11.9","","-3.6","","33","","","","31","","13","","64.4","","87.82","","","","","","Mainly Clear"
"-114.01","51.12","CALGARY INTL A","3031092","2023-11-19 12:00","2023","11","19","12:00","","12.5","","-2.9","","34","","","","24","","9","","24.1","","87.84","","","","","","NA"
"-114.01","51.12","CALGARY INTL A","3031092","2023-11-19 13:00","2023","11","19","13:00","","13.1","","-3.0","","32","","","","29","","18","","24.1","","87.87","","","","","","NA"
"-114.01","51.12","CALGARY INTL A","3031092","2023-11-19 14:00","2023","11","19","14:00","","11.4","","-2.9","","37","","","","29","","10","","24.1","","87.91","","","","","","Mostly Cloudy"
"-114.01","51.12","CALGARY INTL A","3031092","2023-11-19 15:00","2023","11","19","15:00","","11.2","","-2.8","","37","","","","26","","9","","24.1","","87.95","","","","","","NA"
"-114.01","51.12","CALGARY INTL A","3031092","2023-11-19 16:00","2023","11","19","16:00","","11.2","","-3.2","","36","","","","26","","26","","24.1","","88.04","","","","","","NA"
"-114.01","51.12","CALGARY INTL A","3031092","2023-11-19 17:00","2023","11","19","17:00","","9.9","","-5.0","","35","","","","27","","20","","24.1","","88.18","","","","","","Mostly Cloudy"
"-114.01","51.12","CALGARY INTL A","3031092","2023-11-19 18:00","2023","11","19","18:00","","9.1","","-6.0","","34","","","","27","","28","","24.1","","88.25","","","","","","NA"
"-114.01","51.12","CALGARY INTL A","3031092","2023-11-19 19:00","2023","11","19","19:00","","8.5","","-6.5","","34","","","","28","","35","","24.1","","88.36","","","","","","NA"
"-114.01","51.12","CALGARY INTL A","3031092","2023-11-19 20:00","2023","11","19","20:00","","8.0","","-7.1","","34","","","","28","","30","","16.1","","88.44","","","","","","Mostly Cloudy"
"-114.01","51.12","CALGARY INTL A","3031092","2023-11-19 21:00","2023","11","19","21:00","","6.9","","-7.4","","35","","","","30","","14","","16.1","","88.54","","","","","","NA"
"-114.01","51.12","CALGARY INTL A","3031092","2023-11-19 22:00","2023","11","19","22:00","","6.7","","-8.3","","34","","","","29","","31","","16.1","","88.66","","","","","","NA"
"-114.01","51.12","CALGARY INTL A","3031092","2023-11-19 23:00","2023","11","19","23:00","","6.1","","-9.0","","33","","","","29","","25","","24.1","","88.82","","","","","","Mainly Clear"
"-114.01","51.12","CALGARY INTL A","3031092","2023-11-20 00:00","2023","11","20","00:00","","5.9","","-9.8","","32","","","","29","","25","","24.1","","88.98","","","","","","NA"
"-114.01","51.12","CALGARY INTL A","3031092","2023-11-20 01:00","2023","11","20","01:00","","5.0","","-12.2","","28","","","","33","","11","","24.1","","89.08","","","","","","NA"
"-114.01","51.12","CALGARY INTL A","3031092","2023-11-20 02:00","2023","11","20","02:00","","5.2","","-14.5","","23","","","","28","","13","","24.1","","89.20","","","","","","Clear"
"-114.01","51.12","CALGARY INTL A","3031092","2023-11-20 03:00","2023","11","20","03:00","","5.5","","-14.2","","23","","","","28","","35","","24.1","","89.33","","","","","","NA"
"-114.01","51.12","CALGARY INTL A","3031092","2023-11-20 04:00","2023","11","20","04:00","","5.1","","-13.8","","24","","","","28","","32","","24.1","","89.47","","","","","","NA"
"-114.01","51.12","CALGARY INTL A","3031092","2023-11-20 05:00","2023","11","20","05:00","","4.9","","-14.4","","23","","","","28","","18","","24.1","","89.57","","","","","","Clear"
"-114.01","51.12","CALGARY INTL A","3031092","2023-11-20 06:00","2023","11","20","06:00","","4.5","","-14.9","","23","","","","29","","15","","24.1","","89.67","","","","","","NA"
"-114.01","51.12","CALGARY INTL A","3031092","2023-11-20 07:00","2023","11","20","07:00","","1.1","","-13.0","","34","","","","4","","16","","32.2","","89.79","","","","","","NA"
"-114.01","51.12","CALGARY INTL A","3031092","2023-11-20 08:00","2023","11","20","08:00","","-1.6","","-12.6","","43","","","","3","","11","","24.1","","89.87","","","","-5","","Clear"
"-114.01","51.12","CALGARY INTL A","3031092","2023-11-20 09:00","2023","11","20","09:00","","-1.1","","-11.8","","44","","","","8","","16","","64.4","","90.00","","","","-6","","NA"
"-114.01","51.12","CALGARY INTL A","3031092","2023-11-20 10:00","2023","11","20","10:00","","1.2","","-13.7","","32","","","","6","","16","","64.4","","90.09","","","","","","NA"
"-114.01","51.12","CALGARY INTL A","3031092","2023-11-20 11:00","2023","11","20","11:00","","","","","","","","","","","","","","","","","","","","","","NA"
"-114.01","51.12","CALGARY INTL A","3031092","2023-11-20 12:00","2023","11","20","12:00","","3.0","","-14.0","","28","","","","9","","13","","64.4","","90.19","","","","","","NA"
"-114.01","51.12","CALGARY INTL A","3031092","2023-11-20 13:00","2023","11","20","13:00","","3.8","","-13.4","","27","","","","13","","9","","64.4","","90.18","","","","","","NA"
"-114.01","51.12","CALGARY INTL A","3031092","2023-11-20 14:00","2023","11","20","14:00","","3.1","","-13.4","","29","","","","17","","15","","24.1","","90.15","","","","","","Mostly Cloudy"
"-114.01","51.12","CALGARY INTL A","3031092","2023-11-20 15:00","2023","11","20","15:00","","2.6","","-12.4","","32","","","","19","","15","","24.1","","90.12","","","","","","NA"
"-114.01","51.12","CALGARY INTL A","3031092","2023-11-20 16:00","2023","11","20","16:00","","2.2","","-11.6","","36","","","","16","","17","","24.1","","90.07","","","","","","NA"
"-114.01","51.12","CALGARY INTL A","3031092","2023-11-20 17:00","2023","11","20","17:00","","1.3","","-11.0","","40","","","","18","","14","","24.1","","90.06","","","","","","Mostly Cloudy"
"-114.01","51.12","CALGARY INTL A","3031092","2023-11-20 18:00","2023","11","20","18:00","","-0.1","","-10.9","","44","","","","16","","11","","24.1","","90.01","","","","-4","","NA"
"-114.01","51.12","CALGARY INTL A","3031092","2023-11-20 19:00","2023","11","20","19:00","","-0.7","","-10.5","","48","","","","16","","14","","24.1","","89.96","","","","-5","","NA"
"-114.01","51.12","CALGARY INTL A","3031092","2023-11-20 20:00","2023","11","20","20:00","","-1.3","","-10.0","","52","","","","18","","10","","24.1","","89.92","","","","-5","","Mostly Cloudy"
"-114.01","51.12","CALGARY INTL A","3031092","2023-11-20 21:00","2023","11","20","21:00","","-0.9","","-9.0","","54","","","","18","","12","","24.1","","89.84","","","","-5","","NA"
"-114.01","51.12","CALGARY INTL A","3031092","2023-11-20 22:00","2023","11","20","22:00","","-1.0","","-9.2","","54","","","","18","","12","","24.1","","89.83","","","","-5","","NA"
"-114.01","51.12","CALGARY INTL A","3031092","2023-11-20 23:00","2023","11","20","23:00","","-2.3","","-8.8","","61","","","","19","","12","","24.1","","89.74","","","","-7","","Mostly Cloudy"
"-114.01","51.12","CALGARY INTL A","3031092","2023-11-21 00:00","2023","11","21","00:00","","-1.8","","-8.3","","61","","","","16","","10","","24.1","","89.68","","","","-5","","NA"
"-114.01","51.12","CALGARY INTL A","3031092","2023-11-21 01:00","2023","11","21","01:00","","-2.0","","-7.9","","64","","","","17","","10","","24.1","","89.60","","","","-6","","NA"
"-114.01","51.12","CALGARY INTL A","3031092","2023-11-21 02:00","2023","11","21","02:00","","-0.3","","-7.8","","57","","","","19","","13","","24.1","","89.52","","","","-4","","Mostly Cloudy"
"-114.01","51.12","CALGARY INTL A","3031092","2023-11-21 03:00","2023","11","21","03:00","","6.4","","-11.0","","28","","","","30","","3","","24.1","","89.48","","","","","","NA"
"-114.01","51.12","CALGARY INTL A","3031092","2023-11-21 04:00","2023","11","21","04:00","","1.6","","-8.1","","49","","","","18","","14","","24.1","","89.41","","","","","","NA"
"-114.01","51.12","CALGARY INTL A","3031092","2023-11-21 05:00","2023","11","21","05:00","","7.6","","-9.6","","28","","","","21","","14","","24.1","","89.31","","","","","","Mostly Cloudy"
"-114.01","51.12","CALGARY INTL A","3031092","2023-11-21 06:00","2023","11","21","06:00","","7.7","","-9.0","","30","","","","22","","21","","24.1","","89.30","","","","","","NA"
"-114.01","51.12","CALGARY INTL A","3031092","2023-11-21 07:00","2023","11","21","07:00","","6.8","","-8.9","","32","","","","21","","17","","24.1","","89.28","","","","","","NA"
"-114.01","51.12","CALGARY INTL A","3031092","2023-11-21 08:00","2023","11","21","08:00","","6.6","","-9.1","","32","","","","28","","5","","64.4","","89.25","","","","","","Cloudy"
"-114.01","51.12","CALGARY INTL A","3031092","2023-11-21 09:00","2023","11","21","09:00","","5.3","","-8.7","","36","","","","23","","16","","64.4","","89.19","","","","","","NA"
"-114.01","51.12","CALGARY INTL A","3031092","2023-11-21 10:00","2023","11","21","10:00","","5.5","","-8.5","","36","","","","21","","15","","64.4","","89.13","","","","","","NA"
"-114.01","51.12","CALGARY INTL A","3031092","2023-11-21 11:00","2023","11","21","11:00","","8.0","","-8.2","","31","","","","19","","13","","64.4","","89.07","","","","","","Cloudy"
"-114.01","51.12","CALGARY INTL A","3031092","2023-11-21 12:00","2023","11","21","12:00","","9.9","","-8.6","","26","","","","19","","13","","64.4","","88.96","","","","","","NA"
"-114.01","51.12","CALGARY INTL A","3031092","2023-11-21 13:00","2023","11","21","13:00","","11.0","","-8.6","","24","","","","16","","5","","64.4","","88.88","","","","","","NA"
"-114.01","51.12","CALGARY INTL A","3031092","2023-11-21 14:00","2023","11","21","14:00","","12.7","","-9.3","","21","","","","9","","5","","64.4","","88.82","","","","","","Mostly Cloudy"
"-114.01","51.12","CALGARY INTL A","3031092","2023-11-21 15:00","2023","11","21","15:00","","13.6","","-9.2","","20","","","","15","","9","","64.4","","88.73","","","","","","NA"
"-114.01","51.12","CALGARY INTL A","3031092","2023-11-21 16:00","2023","11","21","16:00","","12.7","","-8.3","","22","","","","18","","8","","64.4","","88.72","","","","","","NA"
"-114.01","51.12","CALGARY INTL A","3031092","2023-11-21 17:00","2023","11","21","17:00","","14.9","","-10.1","","17","","","","27","","18","","24.1","","88.72","","","","","","Mostly Cloudy"
"-114.01","51.12","CALGARY INTL A","3031092","2023-11-21 18:00","2023","11","21","18:00","","14.3","","-9.1","","19","","","","27","","9","","24.1","","88.69","","","","","","NA"
"-114.01","51.12","CALGARY INTL A","3031092","2023-11-21 19:00","2023","11","21","19:00","","14.1","","-10.5","","17","","","","27","","25","","24.1","","88.70","","","","","","NA"
"-114.01","51.12","CALGARY INTL A","3031092","2023-11-21 20:00","2023","11","21","20:00","","6.9","","-10.2","","28","","","","35","","27","","24.1","","88.91","","","","","","Mostly Cloudy"
"-114.01","51.12","CALGARY INTL A","3031092","2023-11-21 21:00","2023","11","21","21:00","","5.0","","-9.3","","35","","","","2","","12","","24.1","","88.93","","","","","","NA"
"-114.01","51.12","CALGARY INTL A","3031092","2023-11-21 22:00","2023","11","21","22:00","","4.1","","-8.6","","39","","","","2","","16","","24.1","","88.95","","","","","","NA"
"-114.01","51.12","CALGARY INTL A","3031092","2023-11-21 23:00","2023","11","21","23:00","","2.8","","-7.9","","46","","","","2","","15","","24.1","","88.95","","","","","","Mostly Cloudy"
"-114.01","51.12","CALGARY INTL A","3031092","2023-11-22 00:00","2023","11","22","00:00","","1.2","","-7.7","","51","","","","1","","12","","24.1","","89.03","","","","","","NA"
"-114.01","51.12","CALGARY INTL A","3031092","2023-11-22 01:00","2023","11","22","01:00","","0.8","","-7.5","","54","","","","","","0","","24.1","","89.03","","","","","","NA"
"-114.01","51.12","CALGARY INTL A","3031092","2023-11-22 02:00","2023","11","22","02:00","","0.1","","-7.5","","57","","","","36","","3","","24.1","","89.05","","","","","","Mostly Cloudy"
"-114.01","51.12","CALGARY INTL A","3031092","2023-11-22 03:00","2023","11","22","03:00","","0.4","","-7.0","","58","","","","28","","4","","24.1","","89.08","","","","","","NA"
"-114.01","51.12","CALGARY INTL A","3031092","2023-11-22 04:00","2023","11","22","04:00","","0.3","","-6.7","","59","","","","","","0","","24.1","","89.11","","","","","","NA"
"-114.01","51.12","CALGARY INTL A","3031092","2023-11-22 05:00","2023","11","22","05:00","","-0.7","","-5.7","","69","","","","1","","6","","24.1","","89.07","","","","-3","","Mostly Cloudy"
"-114.01","51.12","CALGARY INTL A","3031092","2023-11-22 06:00","2023","11","22","06:00","","-1.1","","-5.7","","71","","","","","","0","","24.1","","89.09","","","","","","NA"
"-114.01","51.12","CALGARY INTL A","3031092","2023-11-22 07:00","2023","11","22","07:00","","-0.3","","-6.0","","66","","","","","","0","","24.1","","89.11","","","","","","NA"
"-114.01","51.12","CALGARY INTL A","3031092","2023-11-22 08:00","2023","11","22","08:00","","0.0","","-5.1","","69","","","","","","0","","48.3","","89.14","","","","","","Mostly Cloudy"
"-114.01","51.12","CALGARY INTL A","3031092","2023-11-22 09:00","2023","11","22","09:00","","0.5","","-3.8","","73","","","","11","","7","","64.4","","89.18","","","","","","NA"
"-114.01","51.12","CALGARY INTL A","3031092","2023-11-22 10:00","2023","11","22","10:00","","1.6","","-3.7","","68","","","","3","","3","","64.4","","89.25","","","","","","NA"
"-114.01","51.12","CALGARY INTL A","3031092","2023-11-22 11:00","2023","11","22","11:00","","-0.7","","-1.7","","93","","","","2","","18","","9.7","","89.34","","","","-6","","Snow"
"-114.01","51.12","CALGARY INTL A","3031092","2023-11-22 12:00","2023","11","22","12:00","","0.6","","-1.9","","83","","","","1","","11","","24.1","","89.37","","","","","","NA"
"-114.01","51.12","CALGARY INTL A","3031092","2023-11-22 13:00","2023","11","22","13:00","","-0.8","","-1.7","","93","","","","36","","13","","1.2","","89.41","","","","-5","","Snow"
"-114.01","51.12","CALGARY INTL A","3031092","2023-11-22 14:00","2023","11","22","14:00","","-0.7","","-1.3","","96","","","","36","","13","","2.0","","89.47","","","","-5","","Snow"
"-114.01","51.12","CALGARY INTL A","3031092","2023-11-22 15:00","2023","11","22","15:00","","-0.1","","-2.0","","87","","","","32","","11","","6.4","","89.51","","","","-4","","Fog"
"-114.01","51.12","CALGARY INTL A","3031092","2023-11-22 16:00","2023","11","22","16:00","","-0.1","","-1.8","","89","","","","32","","5","","14.5","","89.54","","","","-2","","Snow"
"-114.01","51.12","CALGARY INTL A","3031092","2023-11-22 17:00","2023","11","22","17:00","","0.3","","-1.9","","86","","","","36","","14","","16.1","","89.64","","","","","","Cloudy"
"-114.01","51.12","CALGARY INTL A","3031092","2023-11-22 18:00","2023","11","22","18:00","","-2.1","","-3.0","","93","","","","1","","10","","24.1","","89.65","","","","-6","","NA"
"-114.01","51.12","CALGARY INTL A","3031092","2023-11-22 19:00","2023","11","22","19:00","","-1.8","","-2.2","","97","","","","6","","10","","3.6","","89.72","","","","-5","","NA"
"-114.01","51.12","CALGARY INTL A","3031092","2023-11-22 20:00","2023","11","22","20:00","","-2.2","","-2.8","","96","","","","6","","11","","6.4","","89.76","","","","-6","","Fog"
"-114.01","51.12","CALGARY INTL A","3031092","2023-11-22 21:00","2023","11","22","21:00","","-2.7","","-3.2","","96","","","","10","","8","","4.8","","89.78","","","","-6","","Fog"
"-114.01","51.12","CALGARY INTL A","3031092","2023-11-22 22:00","2023","11","22","22:00","","-2.4","","-3.4","","93","","","","9","","3","","6.4","","89.79","","","","-4","","Fog"
"-114.01","51.12","CALGARY INTL A","3031092","2023-11-22 23:00","2023","11","22","23:00","","-2.5","","-3.2","","95","","","","17","","12","","4.8","","89.83","","","","-7","","Fog"
"-114.01","51.12","CALGARY INTL A","3031092","2023-11-23 00:00","2023","11","23","00:00","","-2.5","","-2.8","","97","","","","19","","12","","4.8","","89.86","","","","-7","","Snow,Fog"
"-114.01","51.12","CALGARY INTL A","3031092","2023-11-23 01:00","2023","11","23","01:00","","-1.9","","-2.5","","95","","","","23","","8","","4.0","","89.88","","","","-5","","Snow"
"-114.01","51.12","CALGARY INTL A","3031092","2023-11-23 02:00","2023","11","23","02:00","","-1.8","","-2.5","","95","","","","25","","6","","4.8","","89.90","","","","-4","","Fog"
"-114.01","51.12","CALGARY INTL A","3031092","2023-11-23 03:00","2023","11","23","03:00","","-1.8","","-3.1","","91","","","","32","","7","","14.5","","89.92","","","","-4","","NA"
"-114.01","51.12","CALGARY INTL A","3031092","2023-11-23 04:00","2023","11","23","04:00","","-1.3","","-3.4","","85","","","","32","","6","","24.1","","89.96","","","","-4","","NA"
"-114.01","51.12","CALGARY INTL A","3031092","2023-11-23 05:00","2023","11","23","05:00","","-1.8","","-3.6","","88","","","","33","","12","","24.1","","90.01","","","","-6","","Mostly Cloudy"
"-114.01","51.12","CALGARY INTL A","3031092","2023-11-23 06:00","2023","11","23","06:00","","-2.3","","-3.9","","89","","","","33","","14","","24.1","","90.05","","","","-7","","NA"
"-114.01","51.12","CALGARY INTL A","3031092","2023-11-23 07:00","2023","11","23","07:00","","-2.5","","-4.5","","86","","","","34","","11","","24.1","","90.08","","","","-7","","NA"
"-114.01","51.12","CALGARY INTL A","3031092","2023-11-23 08:00","2023","11","23","08:00","","-4.0","","-5.2","","91","","","","36","","10","","24.1","","90.14","","","","-8","","Mostly Cloudy"
"-114.01","51.12","CALGARY INTL A","3031092","2023-11-23 09:00","2023","11","23","09:00","","-3.1","","-4.5","","90","","","","","","0","","32.2","","90.17","","","","","","NA"
"-114.01","51.12","CALGARY INTL A","3031092","2023-11-23 10:00","2023","11","23","10:00","","-1.9","","-3.9","","86","","","","34","","5","","32.2","","90.21","","","","-4","","NA"
"-114.01","51.12","CALGARY INTL A","3031092","2023-11-23 11:00","2023","11","23","11:00","","-1.2","","-4.0","","81","","","","35","","10","","64.4","","90.26","","","","-5","","Mostly Cloudy"
"-114.01","51.12","CALGARY INTL A","3031092","2023-11-23 12:00","2023","11","23","12:00","","-0.6","","-4.4","","75","","","","35","","13","","48.3","","90.23","","","","-5","","NA"
"-114.01","51.12","CALGARY INTL A","3031092","2023-11-23 13:00","2023","11","23","13:00","","-0.2","","-4.5","","73","","","","35","","7","","48.3","","90.21","","","","-3","","NA"
"-114.01","51.12","CALGARY INTL A","3031092","2023-11-23 14:00","2023","11","23","14:00","","0.7","","-3.9","","71","","","","3","","8","","32.2","","90.19","","","","","","Mostly Cloudy"
"-114.01","51.12","CALGARY INTL A","3031092","2023-11-23 15:00","2023","11","23","15:00","","0.7","","-4.4","","69","","","","3","","7","","32.2","","90.18","","","","","","NA"
"-114.01","51.12","CALGARY INTL A","3031092","2023-11-23 16:00","2023","11","23","16:00","","-1.2","","-5.2","","74","","","","6","","7","","24.1","","90.17","","","","-4","","NA"
"-114.01","51.12","CALGARY INTL A","3031092","2023-11-23 17:00","2023","11","23","17:00","","-0.9","","-5.2","","73","","","","10","","5","","24.1","","90.17","","","","-3","","Clear"
"-114.01","51.12","CALGARY INTL A","3031092","2023-11-23 18:00","2023","11","23","18:00","","-2.7","","-5.1","","84","","","","13","","8","","24.1","","90.16","","","","-6","","NA"
"-114.01","51.12","CALGARY INTL A","3031092","2023-11-23 19:00","2023","11","23","19:00","","-3.8","","-5.4","","89","","","","18","","10","","24.1","","90.15","","","","-8","","NA"
"-114.01","51.12","CALGARY INTL A","3031092","2023-11-23 20:00","2023","11","23","20:00","","-4.4","","-5.3","","93","","","","16","","12","","24.1","","90.16","","","","-9","","Clear"
"-114.01","51.12","CALGARY INTL A","3031092","2023-11-23 21:00","2023","11","23","21:00","","-4.6","","-5.8","","91","","","","17","","11","","24.1","","90.15","","","","-9","","NA"
"-114.01","51.12","CALGARY INTL A","3031092","2023-11-23 22:00","2023","11","23","22:00","","-5.6","","-6.9","","91","","","","18","","13","","24.1","","90.16","","","","-11","","NA"
"-114.01","51.12","CALGARY INTL A","3031092","2023-11-23 23:00","2023","11","23","23:00","","-6.4","","-7.5","","92","","","","18","","11","","24.1","","90.13","","","","-11","","Clear"
"-114.01","51.12","CALGARY INTL A","3031092","2023-11-24 00:00","2023","11","24","00:00","","-5.1","","-6.2","","92","","","","20","","9","","24.1","","90.09","","","","-9","","NA"
"-114.01","51.12","CALGARY INTL A","3031092","2023-11-24 01:00","2023","11","24","01:00","","-6.4","","-7.1","","95","","","","19","","9","","24.1","","90.03","","","","-11","","NA"
"-114.01","51.12","CALGARY INTL A","3031092","2023-11-24 02:00","2023","11","24","02:00","","-6.2","","-7.8","","88","","","","21","","10","","24.1","","90.00","","","","-11","","Clear"
"-114.01","51.12","CALGARY INTL A","3031092","2023-11-24 03:00","2023","11","24","03:00","","-7.0","","-9.2","","84","","","","21","","10","","24.1","","89.99","","","","-12","","NA"
"-114.01","51.12","CALGARY INTL A","3031092","2023-11-24 04:00","2023","11","24","04:00","","-7.5","","-9.6","","85","","","","22","","11","","24.1","","89.92","","","","-13","","NA"
"-114.01","51.12","CALGARY INTL A","3031092","2023-11-24 05:00","2023","11","24","05:00","","-8.2","","-10.2","","85","","","","20","","3","","24.1","","89.91","","","","-10","","Clear"
"-114.01","51.12","CALGARY INTL A","3031092","2023-11-24 06:00","2023","11","24","06:00","","-8.5","","-11.2","","81","","","","22","","8","","24.1","","89.86","","","","-13","","NA"
"-114.01","51.12","CALGARY INTL A","3031092","2023-11-24 07:00","2023","11","24","07:00","","-8.9","","-11.5","","81","","","","21","","9","","24.1","","89.84","","","","-14","","NA"
"-114.01","51.12","CALGARY INTL A","3031092","2023-11-24 08:00","2023","11","24","08:00","","-8.6","","-11.8","","78","","","","21","","11","","64.4","","89.82","","","","-14","","Clear"
"-114.01","51.12","CALGARY INTL A","3031092","2023-11-24 09:00","2023","11","24","09:00","","-7.9","","-11.2","","78","","","","20","","9","","64.4","","89.79","","","","-12","","NA"
"-114.01","51.12","CALGARY INTL A","3031092","2023-11-24 10:00","2023","11","24","10:00","","-5.0","","-10.1","","68","","","","22","","10","","64.4","","89.78","","","","-9","","NA"
"-114.01","51.12","CALGARY INTL A","3031092","2023-11-24 11:00","2023","11","24","11:00","","-2.8","","-9.1","","62","","","","23","","7","","64.4","","89.76","","","","-6","","Clear"
"-114.01","51.12","CALGARY INTL A","3031092","2023-11-24 12:00","2023","11","24","12:00","","0.4","","-9.2","","49","","","","26","","8","","64.4","","89.69","","","","","","NA"
"-114.01","51.12","CALGARY INTL A","3031092","2023-11-24 13:00","2023","11","24","13:00","","2.0","","-9.4","","43","","","","28","","13","","64.4","","89.64","","","","","","NA"
"-114.01","51.12","CALGARY INTL A","3031092","2023-11-24 14:00","2023","11","24","14:00","","3.7","","-9.0","","39","","","","27","","4","","64.4","","89.59","","","","","","Mainly Clear"
"-114.01","51.12","CALGARY INTL A","3031092","2023-11-24 15:00","2023","11","24","15:00","","3.9","","-11.3","","32","","","","33","","10","","48.3","","89.56","","","","","","NA"
"-114.01","51.12","CALGARY INTL A","3031092","2023-11-24 16:00","2023","11","24","16:00","","2.8","","-8.9","","42","","","","27","","8","","48.3","","89.55","","","","","","NA"
"-114.01","51.12","CALGARY INTL A","3031092","2023-11-24 17:00","2023","11","24","17:00","","1.6","","-8.0","","49","","","","25","","6","","32.2","","89.54","","","","","","Mostly Cloudy"
"-114.01","51.12","CALGARY INTL A","3031092","2023-11-24 18:00","2023","11","24","18:00","","0.1","","-7.7","","56","","","","31","","5","","24.1","","89.55","","","","","","NA"
"-114.01","51.12","CALGARY INTL A","3031092","2023-11-24 19:00","2023","11","24","19:00","","-1.6","","-7.8","","63","","","","33","","5","","24.1","","89.56","","","","-3","","NA"
"-114.01","51.12","CALGARY INTL A","3031092","2023-11-24 20:00","2023","11","24","20:00","","-2.6","","-8.2","","65","","","","33","","6","","24.1","","89.56","","","","-5","","Mainly Clear"
"-114.01","51.12","CALGARY INTL A","3031092","2023-11-24 21:00","2023","11","24","21:00","","-1.5","","-6.7","","67","","","","28","","7","","24.1","","89.54","","","","-4","","NA"
"-114.01","51.12","CALGARY INTL A","3031092","2023-11-24 22:00","2023","11","24","22:00","","-1.5","","-6.3","","70","","","","33","","8","","24.1","","89.53","","","","-5","","NA"
"-114.01","51.12","CALGARY INTL A","3031092","2023-11-24 23:00","2023","11","24","23:00","","-3.0","","-7.6","","71","","","","24","","3","","24.1","","89.52","","","","-4","","Clear"
"-114.01","51.12","CALGARY INTL A","3031092","2023-11-25 00:00","2023","11","25","00:00","","-4.8","","-8.0","","79","","","","15","","4","","24.1","","89.49","","","","-7","","NA"
"-114.01","51.12","CALGARY INTL A","3031092","2023-11-25 01:00","2023","11","25","01:00","","-4.0","","-7.4","","77","","","","22","","4","","24.1","","89.46","","","","-6","","NA"
"-114.01","51.12","CALGARY INTL A","3031092","2023-11-25 02:00","2023","11","25","02:00","","-4.2","","-7.8","","76","","","","21","","4","","24.1","","89.42","","","","-6","","Clear"
"-114.01","51.12","CALGARY INTL A","3031092","2023-11-25 03:00","2023","11","25","03:00","","-4.0","","-8.8","","69","","","","23","","10","","24.1","","89.38","","","","-8","","NA"
"-114.01","51.12","CALGARY INTL A","3031092","2023-11-25 04:00","2023","11","25","04:00","","-5.2","","-9.5","","72","","","","","","0","","24.1","","89.33","","","","","","NA"
"-114.01","51.12","CALGARY INTL A","3031092","2023-11-25 05:00","2023","11","25","05:00","","-4.8","","-9.1","","72","","","","15","","3","","24.1","","89.32","","","","-6","","Clear"
"-114.01","51.12","CALGARY INTL A","3031092","2023-11-25 06:00","2023","11","25","06:00","","-4.3","","-8.8","","71","","","","36","","3","","24.1","","89.33","","","","-6","","NA"
"-114.01","51.12","CALGARY INTL A","3031092","2023-11-25 07:00","2023","11","25","07:00","","-5.7","","-9.2","","77","","","","","","0","","24.1","","89.35","","","","","","NA"
"-114.01","51.12","CALGARY INTL A","3031092","2023-11-25 08:00","2023","11","25","08:00","","-3.9","","-8.8","","69","","","","21","","3","","64.4","","89.36","","","","-5","","Mostly Cloudy"
"-114.01","51.12","CALGARY INTL A","3031092","2023-11-25 09:00","2023","11","25","09:00","","0.7","","-7.0","","57","","","","33","","21","","64.4","","89.42","","","","","","NA"
"-114.01","51.12","CALGARY INTL A","3031092","2023-11-25 10:00","2023","11","25","10:00","","2.1","","-6.5","","53","","","","33","","36","","64.4","","89.49","","","","","","NA"
"-114.01","51.12","CALGARY INTL A","3031092","2023-11-25 11:00","2023","11","25","11:00","","3.6","","-4.7","","55","","","","33","","30","","64.4","","89.54","","","","","","Mostly Cloudy"
"-114.01","51.12","CALGARY INTL A","3031092","2023-11-25 12:00","2023","11","25","12:00","","4.2","","-3.6","","57","","","","34","","31","","64.4","","89.55","","","","","","NA"
"-114.01","51.12","CALGARY INTL A","3031092","2023-11-25 13:00","2023","11","25","13:00","","4.9","","-3.3","","55","","","","34","","35","","64.4","","89.51","","","","","","NA"
"-114.01","51.12","CALGARY INTL A","3031092","2023-11-25 14:00","2023","11","25","14:00","","4.2","","-3.3","","58","","","","36","","21","","64.4","","89.56","","","","","","Mostly Cloudy"
"-114.01","51.12","CALGARY INTL A","3031092","2023-11-25 15:00","2023","11","25","15:00","","1.9","","-1.6","","78","","","","36","","31","","48.3","","89.60","","","","","","Snow"
"-114.01","51.12","CALGARY INTL A","3031092","2023-11-25 16:00","2023","11","25","16:00","","2.0","","-1.6","","77","","","","36","","9","","48.3","","89.64","","","","","","NA"
"-114.01","51.12","CALGARY INTL A","3031092","2023-11-25 17:00","2023","11","25","17:00","","1.1","","-2.2","","79","","","","36","","9","","48.3","","89.67","","","","","","Mostly Cloudy"
"-114.01","51.12","CALGARY INTL A","3031092","2023-11-25 18:00","2023","11","25","18:00","","-0.4","","-2.7","","85","","","","34","","8","","24.1","","89.69","","","","-3","","NA"
"-114.01","51.12","CALGARY INTL A","3031092","2023-11-25 19:00","2023","11","25","19:00","","-1.2","","-3.3","","86","","","","35","","12","","24.1","","89.71","","","","-5","","NA"
"-114.01","51.12","CALGARY INTL A","3031092","2023-11-25 20:00","2023","11","25","20:00","","-2.3","","-4.1","","88","","","","3","","11","","24.1","","89.72","","","","-6","","Mainly Clear"
"-114.01","51.12","CALGARY INTL A","3031092","2023-11-25 21:00","2023","11","25","21:00","","-2.8","","-4.7","","87","","","","1","","10","","24.1","","89.72","","","","-7","","NA"
"-114.01","51.12","CALGARY INTL A","3031092","2023-11-25 22:00","2023","11","25","22:00","","-1.3","","-3.8","","83","","","","25","","5","","16.1","","89.70","","","","-3","","NA"
"-114.01","51.12","CALGARY INTL A","3031092","2023-11-25 23:00","2023","11","25","23:00","","-1.0","","-3.7","","82","","","","26","","3","","16.1","","89.67","","","","-2","","Mostly Cloudy"
"-114.01","51.12","CALGARY INTL A","3031092","2023-11-26 00:00","2023","11","26","00:00","","-1.3","","-4.2","","81","","","","23","","6","","16.1","","89.68","","","","-4","","NA"
"-114.01","51.12","CALGARY INTL A","3031092","2023-11-26 01:00","2023","11","26","01:00","","-1.9","","-4.4","","83","","","","22","","7","","16.1","","89.66","","","","-5","","NA"
"-114.01","51.12","CALGARY INTL A","3031092","2023-11-26 02:00","2023","11","26","02:00","","-1.6","","-6.0","","72","","","","22","","13","","16.1","","89.54","","","","-6","","Mostly Cloudy"
"-114.01","51.12","CALGARY INTL A","3031092","2023-11-26 03:00","2023","11","26","03:00","","-2.0","","-6.2","","73","","","","23","","18","","16.1","","89.48","","","","-7","","NA"
"-114.01","51.12","CALGARY INTL A","3031092","2023-11-26 04:00","2023","11","26","04:00","","-2.3","","-5.8","","77","","","","20","","16","","16.1","","89.45","","","","-7","","NA"
"-114.01","51.12","CALGARY INTL A","3031092","2023-11-26 05:00","2023","11","26","05:00","","-2.6","","-6.8","","73","","","","17","","14","","16.1","","89.40","","","","-7","","Mostly Cloudy"
"-114.01","51.12","CALGARY INTL A","3031092","2023-11-26 06:00","2023","11","26","06:00","","-1.3","","-7.7","","62","","","","29","","14","","16.1","","89.37","","","","-6","","NA"
"-114.01","51.12","CALGARY INTL A","3031092","2023-11-26 07:00","2023","11","26","07:00","","-1.3","","-8.4","","59","","","","2","","7","","16.1","","89.36","","","","-4","","NA"
"-114.01","51.12","CALGARY INTL A","3031092","2023-11-26 08:00","2023","11","26","08:00","","-2.7","","-8.8","","63","","","","34","","13","","64.4","","89.39","","","","-7","","Mainly Clear"
"-114.01","51.12","CALGARY INTL A","3031092","2023-11-26 09:00","2023","11","26","09:00","","-2.6","","-9.6","","59","","","","36","","3","","64.4","","89.40","","","","-4","","NA"
"-114.01","51.12","CALGARY INTL A","3031092","2023-11-26 10:00","2023","11","26","10:00","","-1.0","","-7.4","","62","","","","19","","7","","64.4","","89.43","","","","-4","","NA"
"-114.01","51.12","CALGARY INTL A","3031092","2023-11-26 11:00","2023","11","26","11:00","","0.9","","-7.1","","55","","","","22","","11","","64.4","","89.43","","","","","","Mostly Cloudy"
"-114.01","51.12","CALGARY INTL A","3031092","2023-11-26 12:00","2023","11","26","12:00","","4.2","","-6.8","","45","","","","34","","16","","64.4","","89.39","","","","","","NA"
"-114.01","51.12","CALGARY INTL A","3031092","2023-11-26 13:00","2023","11","26","13:00","","4.1","","-6.1","","47","","","","33","","16","","64.4","","89.37","","","","","","NA"
"-114.01","51.12","CALGARY INTL A","3031092","2023-11-26 14:00","2023","11","26","14:00","","4.3","","-5.5","","49","","","","34","","20","","24.1","","89.37","","","","","","Mainly Clear"
"-114.01","51.12","CALGARY INTL A","3031092","2023-11-26 15:00","2023","11","26","15:00","","4.3","","-5.4","","49","","","","34","","20","","24.1","","89.38","","","","","","NA"
"-114.01","51.12","CALGARY INTL A","3031092","2023-11-26 16:00","2023","11","26","16:00","","3.1","","-5.3","","54","","","","3","","12","","24.1","","89.41","","","","","","NA"
"-114.01","51.12","CALGARY INTL A","3031092","2023-11-26 17:00","2023","11","26","17:00","","0.7","","-5.7","","62","","","","32","","8","","24.1","","89.41","","","","","","Mainly Clear"
"-114.01","51.12","CALGARY INTL A","3031092","2023-11-26 18:00","2023","11","26","18:00","","1.4","","-5.2","","61","","","","17","","7","","24.1","","89.43","","","","","","NA"
"-114.01","51.12","CALGARY INTL A","3031092","2023-11-26 19:00","2023","11","26","19:00","","-1.4","","-7.6","","63","","","","22","","6","","24.1","","89.44","","","","-4","","NA"
"-114.01","51.12","CALGARY INTL A","3031092","2023-11-26 20:00","2023","11","26","20:00","","-2.5","","-8.1","","65","","","","36","","3","","24.1","","89.42","","","","-4","","Clear"
"-114.01","51.12","CALGARY INTL A","3031092","2023-11-26 21:00","2023","11","26","21:00","","-3.1","","-8.6","","66","","","","20","","3","","24.1","","89.38","","","","-4","","NA"
"-114.01","51.12","CALGARY INTL A","3031092","2023-11-26 22:00","2023","11","26","22:00","","-4.5","","-8.6","","73","","","","36","","3","","24.1","","89.35","","","","-6","","NA"
"-114.01","51.12","CALGARY INTL A","3031092","2023-11-26 23:00","2023","11","26","23:00","","-5.9","","-10.3","","71","","","","19","","6","","24.1","","89.31","","","","-9","","Clear"
"-114.01","51.12","CALGARY INTL A","3031092","2023-11-27 00:00","2023","11","27","00:00","","-5.5","","-9.8","","72","","","","20","","8","","24.1","","89.27","","","","-9","","NA"
"-114.01","51.12","CALGARY INTL A","3031092","2023-11-27 01:00","2023","11","27","01:00","","-5.4","","-9.7","","72","","","","20","","11","","24.1","","89.21","","","","-10","","NA"
"-114.01","51.12","CALGARY INTL A","3031092","2023-11-27 02:00","2023","11","27","02:00","","-5.5","","-9.9","","71","","","","22","","11","","24.1","","89.13","","","","-10","","Mainly Clear"
"-114.01","51.12","CALGARY INTL A","3031092","2023-11-27 03:00","2023","11","27","03:00","","-5.1","","-9.8","","70","","","","23","","4","","24.1","","89.06","","","","-7","","NA"
"-114.01","51.12","CALGARY INTL A","3031092","2023-11-27 04:00","2023","11","27","04:00","","-5.2","","-9.8","","70","","","","20","","4","","24.1","","89.00","","","","-7","","NA"
"-114.01","51.12","CALGARY INTL A","3031092","2023-11-27 05:00","2023","11","27","05:00","","-5.0","","-9.5","","70","","","","20","","6","","24.1","","88.93","","","","-8","","Mostly Cloudy"
"-114.01","51.12","CALGARY INTL A","3031092","2023-11-27 06:00","2023","11","27","06:00","","-3.9","","-9.6","","65","","","","23","","5","","24.1","","88.88","","","","-6","","NA"
"-114.01","51.12","CALGARY INTL A","3031092","2023-11-27 07:00","2023","11","27","07:00","","-2.8","","-9.7","","59","","","","23","","5","","16.1","","88.82","","","","-5","","NA"
"-114.01","51.12","CALGARY INTL A","3031092","2023-11-27 08:00","2023","11","27","08:00","","-2.4","","-9.9","","57","","","","20","","9","","24.1","","88.78","","","","-6","","Cloudy"
"-114.01","51.12","CALGARY INTL A","3031092","2023-11-27 09:00","2023","11","27","09:00","","-1.9","","-9.3","","57","","","","14","","6","","64.4","","88.76","","","","-4","","NA"
"-114.01","51.12","CALGARY INTL A","3031092","2023-11-27 10:00","2023","11","27","10:00","","-0.2","","-8.1","","55","","","","11","","8","","64.4","","88.78","","","","-3","","NA"
"-114.01","51.12","CALGARY INTL A","3031092","2023-11-27 11:00","2023","11","27","11:00","","2.7","","-7.9","","46","","","","3","","4","","64.4","","88.81","","","","","","Cloudy"
"-114.01","51.12","CALGARY INTL A","3031092","2023-11-27 12:00","2023","11","27","12:00","","7.0","","-11.7","","25","","","","33","","9","","64.4","","88.76","","","","","","NA"
"-114.01","51.12","CALGARY INTL A","3031092","2023-11-27 13:00","2023","11","27","13:00","","8.3","","-14.2","","19","","","","33","","16","","64.4","","88.75","","","","","","NA"
"-114.01","51.12","CALGARY INTL A","3031092","2023-11-27 14:00","2023","11","27","14:00","","9.2","","-13.1","","19","","","","36","","8","","24.1","","88.75","","","","","","Cloudy"
"-114.01","51.12","CALGARY INTL A","3031092","2023-11-27 15:00","2023","11","27","15:00","","8.8","","-13.9","","19","","","","31","","18","","24.1","","88.76","","","","","","NA"
"-114.01","51.12","CALGARY INTL A","3031092","2023-11-27 16:00","2023","11","27","16:00","","6.6","","-14.4","","21","","","","2","","8","","24.1","","88.79","","","","","","NA"
"-114.01","51.12","CALGARY INTL A","3031092","2023-11-27 17:00","2023","11","27","17:00","","5.6","","-13.8","","24","","","","32","","9","","24.1","","88.79","","","","","","Mostly Cloudy"
"-114.01","51.12","CALGARY INTL A","3031092","2023-11-27 18:00","2023","11","27","18:00","","1.1","","-11.8","","38","","","","11","","4","","24.1","","88.77","","","","","","NA"
"-114.01","51.12","CALGARY INTL A","3031092","2023-11-27 19:00","2023","11","27","19:00","","0.6","","-11.0","","42","","","","19","","8","","24.1","","88.79","","","","","","NA"
"-114.01","51.12","CALGARY INTL A","3031092","2023-11-27 20:00","2023","11","27","20:00","","0.9","","-11.3","","40","","","","18","","3","","24.1","","88.79","","","","","","Mostly Cloudy"
"-114.01","51.12","CALGARY INTL A","3031092","2023-11-27 21:00","2023","11","27","21:00","","6.6","","-12.8","","24","","","","28","","24","","24.1","","88.81","","","","","","NA"
"-114.01","51.12","CALGARY INTL A","3031092","2023-11-27 22:00","2023","11","27","22:00","","4.3","","-12.2","","29","","","","2","","9","","24.1","","88.83","","","","","","NA"
"-114.01","51.12","CALGARY INTL A","3031092","2023-11-27 23:00","2023","11","27","23:00","","6.0","","-12.5","","25","","","","30","","18","","24.1","","88.86","","","","","","Mainly Clear"
"-114.01","51.12","CALGARY INTL A","3031092","2023-11-28 00:00","2023","11","28","00:00","","6.5","","-12.6","","24","","","","28","","31","","24.1","","88.90","","","","","","NA"
"-114.01","51.12","CALGARY INTL A","3031092","2023-11-28 01:00","2023","11","28","01:00","","6.4","","-12.9","","24","","","","29","","9","","24.1","","88.92","","","","","","NA"
"-114.01","51.12","CALGARY INTL A","3031092","2023-11-28 02:00","2023","11","28","02:00","","5.9","","-12.9","","25","","","","31","","5","","24.1","","88.93","","","","","","Mainly Clear"
"-114.01","51.12","CALGARY INTL A","3031092","2023-11-28 03:00","2023","11","28","03:00","","5.9","","-12.9","","25","","","","29","","8","","24.1","","88.93","","","","","","NA"
"-114.01","51.12","CALGARY INTL A","3031092","2023-11-28 04:00","2023","11","28","04:00","","-0.5","","-11.3","","44","","","","15","","10","","24.1","","88.93","","","","-4","","NA"
"-114.01","51.12","CALGARY INTL A","3031092","2023-11-28 05:00","2023","11","28","05:00","","-0.2","","-11.8","","42","","","","15","","8","","24.1","","88.92","","","","-3","","Clear"
"-114.01","51.12","CALGARY INTL A","3031092","2023-11-28 06:00","2023","11","28","06:00","","2.7","","-13.5","","29","","","","24","","5","","24.1","","88.92","","","","","","NA"
"-114.01","51.12","CALGARY INTL A","3031092","2023-11-28 07:00","2023","11","28","07:00","","3.8","","-14.6","","25","","","","30","","14","","24.1","","88.94","","","","","","NA"
"-114.01","51.12","CALGARY INTL A","3031092","2023-11-28 08:00","2023","11","28","08:00","","1.7","","-14.1","","30","","","","30","","6","","64.4","","88.94","","","","","","Clear"
"-114.01","51.12","CALGARY INTL A","3031092","2023-11-28 09:00","2023","11","28","09:00","","-2.5","","-12.1","","48","","","","15","","7","","64.4","","88.95","","","","-5","","NA"
"-114.01","51.12","CALGARY INTL A","3031092","2023-11-28 10:00","2023","11","28","10:00","","0.9","","-11.4","","39","","","","15","","5","","64.4","","88.92","","","","","","NA"
"-114.01","51.12","CALGARY INTL A","3031092","2023-11-28 11:00","2023","11","28","11:00","","3.0","","-11.1","","35","","","","16","","7","","64.4","","88.89","","","","","","Clear"
"-114.01","51.12","CALGARY INTL A","3031092","2023-11-28 12:00","2023","11","28","12:00","","4.3","","-11.7","","31","","","","20","","14","","64.4","","88.83","","","","","","NA"
"-114.01","51.12","CALGARY INTL A","3031092","2023-11-28 13:00","2023","11","28","13:00","","6.0","","-12.1","","26","","","","19","","12","","64.4","","88.75","","","","","","NA"
"-114.01","51.12","CALGARY INTL A","3031092","2023-11-28 14:00","2023","11","28","14:00","","6.7","","-11.9","","25","","","","17","","4","","64.4","","88.68","","","","","","Clear"
"-114.01","51.12","CALGARY INTL A","3031092","2023-11-28 15:00","2023","11","28","15:00","","7.3","","-11.7","","25","","","","17","","7","","64.4","","88.61","","","","","","NA"
"-114.01","51.12","CALGARY INTL A","3031092","2023-11-28 16:00","2023","11","28","16:00","","6.1","","-11.7","","27","","","","","","0","","64.4","","88.59","","","","","","NA"
"-114.01","51.12","CALGARY INTL A","3031092","2023-11-28 17:00","2023","11","28","17:00","","3.1","","-11.5","","33","","","","","","0","","24.1","","88.56","","","","","","Clear"
"-114.01","51.12","CALGARY INTL A","3031092","2023-11-28 18:00","2023","11","28","18:00","","-0.9","","-11.0","","46","","","","2","","4","","24.1","","88.54","","","","-2","","NA"
"-114.01","51.12","CALGARY INTL A","3031092","2023-11-28 19:00","2023","11","28","19:00","","1.6","","-12.7","","34","","","","22","","14","","24.1","","88.47","","","","","","NA"
"-114.01","51.12","CALGARY INTL A","3031092","2023-11-28 20:00","2023","11","28","20:00","","5.5","","-16.3","","19","","","","28","","28","","24.1","","88.39","","","","","","Mostly Cloudy"
"-114.01","51.12","CALGARY INTL A","3031092","2023-11-28 21:00","2023","11","28","21:00","","6.5","","-17.0","","17","","","","31","","23","","24.1","","88.43","","","","","","NA"
"-114.01","51.12","CALGARY INTL A","3031092","2023-11-28 22:00","2023","11","28","22:00","","2.4","","-14.0","","29","","","","33","","16","","24.1","","88.46","","","","","","NA"
"-114.01","51.12","CALGARY INTL A","3031092","2023-11-28 23:00","2023","11","28","23:00","","4.1","","-15.9","","22","","","","31","","21","","24.1","","88.48","","","","","","Mostly Cloudy"
"-114.01","51.12","CALGARY INTL A","3031092","2023-11-29 00:00","2023","11","29","00:00","","3.8","","-15.9","","22","","","","2","","10","","24.1","","88.51","","","","","","NA"
"-114.01","51.12","CALGARY INTL A","3031092","2023-11-29 01:00","2023","11","29","01:00","","2.7","","-13.4","","30","","","","33","","13","","24.1","","88.52","","","","","","NA"
"-114.01","51.12","CALGARY INTL A","3031092","2023-11-29 02:00","2023","11","29","02:00","","1.8","","-12.6","","34","","","","1","","11","","24.1","","88.56","","","","","","Cloudy"
"-114.01","51.12","CALGARY INTL A","3031092","2023-11-29 03:00","2023","11","29","03:00","","0.1","","-12.6","","38","","","","3","","9","","24.1","","88.60","","","","","","NA"
"-114.01","51.12","CALGARY INTL A","3031092","2023-11-29 04:00","2023","11","29","04:00","","-2.2","","-12.8","","45","","","","32","","5","","24.1","","88.59","","","","-4","","NA"
"-114.01","51.12","CALGARY INTL A","3031092","2023-11-29 05:00","2023","11","29","05:00","","-2.9","","-12.7","","47","","","","35","","15","","24.1","","88.61","","","","-8","","Mainly Clear"
"-114.01","51.12","CALGARY INTL A","3031092","2023-11-29 06:00","2023","11","29","06:00","","-5.1","","-13.0","","54","","","","","","0","","24.1","","88.62","","","","","","NA"
"-114.01","51.12","CALGARY INTL A","3031092","2023-11-29 07:00","2023","11","29","07:00","","-4.3","","-12.1","","55","","","","19","","5","","24.1","","88.64","","","","-6","","NA"
"-114.01","51.12","CALGARY INTL A","3031092","2023-11-29 08:00","2023","11","29","08:00","","-5.4","","-12.5","","58","","","","","","0","","64.4","","88.67","","","","","","Mainly Clear"
"-114.01","51.12","CALGARY INTL A","3031092","2023-11-29 09:00","2023","11","29","09:00","","-5.1","","-11.9","","59","","","","19","","3","","64.4","","88.71","","","","-6","","NA"
"-114.01","51.12","CALGARY INTL A","3031092","2023-11-29 10:00","2023","11","29","10:00","","-2.7","","-10.9","","53","","","","20","","4","","64.4","","88.74","","","","-4","","NA"
"-114.01","51.12","CALGARY INTL A","3031092","2023-11-29 11:00","2023","11","29","11:00","","0.7","","-9.6","","46","","","","33","","9","","64.4","","88.82","","","","","","Mainly Clear"
"-114.01","51.12","CALGARY INTL A","3031092","2023-11-29 12:00","2023","11","29","12:00","","1.7","","-7.5","","51","","","","36","","27","","64.4","","88.83","","","","","","NA"
"-114.01","51.12","CALGARY INTL A","3031092","2023-11-29 13:00","2023","11","29","13:00","","1.1","","-7.5","","53","","","","36","","27","","24.1","","88.83","","","","","","NA"
"-114.01","51.12","CALGARY INTL A","3031092","2023-11-29 14:00","2023","11","29","14:00","","0.5","","-8.7","","50","","","","1","","23","","24.1","","88.82","","","","","","Cloudy"
"-114.01","51.12","CALGARY INTL A","3031092","2023-11-29 15:00","2023","11","29","15:00","","0.2","","-10.1","","46","","","","1","","22","","24.1","","88.81","","","","","","NA"
"-114.01","51.12","CALGARY INTL A","3031092","2023-11-29 16:00","2023","11","29","16:00","","-0.3","","-10.0","","48","","","","3","","15","","24.1","","88.85","","","","-5","","NA"
"-114.01","51.12","CALGARY INTL A","3031092","2023-11-29 17:00","2023","11","29","17:00","","-0.8","","-9.7","","51","","","","3","","10","","24.1","","88.86","","","","-4","","Cloudy"
"-114.01","51.12","CALGARY INTL A","3031092","2023-11-29 18:00","2023","11","29","18:00","","-1.0","","-9.1","","54","","","","5","","10","","24.1","","88.87","","","","-5","","NA"
"-114.01","51.12","CALGARY INTL A","3031092","2023-11-29 19:00","2023","11","29","19:00","","-1.0","","-9.4","","53","","","","1","","9","","24.1","","88.87","","","","-4","","NA"
"-114.01","51.12","CALGARY INTL A","3031092","2023-11-29 20:00","2023","11","29","20:00","","-1.3","","-9.4","","54","","","","6","","10","","24.1","","88.88","","","","-5","","Cloudy"
"-114.01","51.12","CALGARY INTL A","3031092","2023-11-29 21:00","2023","11","29","21:00","","-1.4","","-9.5","","54","","","","5","","6","","24.1","","88.89","","","","-4","","NA"
"-114.01","51.12","CALGARY INTL A","3031092","2023-11-29 22:00","2023","11","29","22:00","","-1.7","","-9.5","","55","","","","6","","10","","24.1","","88.88","","","","-5","","NA"
"-114.01","51.12","CALGARY INTL A","3031092","2023-11-29 23:00","2023","11","29","23:00","","-1.9","","-9.6","","56","","","","7","","10","","24.1","","88.89","","","","-6","","Cloudy"
"-114.01","51.12","CALGARY INTL A","3031092","2023-11-30 00:00","2023","11","30","00:00","","-2.2","","-9.8","","56","","","","5","","7","","24.1","","88.90","","","","-5","","NA"
"-114.01","51.12","CALGARY INTL A","3031092","2023-11-30 01:00","2023","11","30","01:00","","-2.3","","-9.9","","56","","","","7","","10","","24.1","","88.88","","","","-6","","NA"
"-114.01","51.12","CALGARY INTL A","3031092","2023-11-30 02:00","2023","11","30","02:00","","-2.5","","-10.5","","54","","","","6","","10","","24.1","","88.86","","","","-6","","Cloudy"
"-114.01","51.12","CALGARY INTL A","3031092","2023-11-30 03:00","2023","11","30","03:00","","-3.2","","-10.2","","59","","","","5","","9","","24.1","","88.85","","","","-7","","NA"
"-114.01","51.12","CALGARY INTL A","3031092","2023-11-30 04:00","2023","11","30","04:00","","-3.9","","-10.2","","62","","","","6","","10","","24.1","","88.82","","","","-8","","NA"
"-114.01","51.12","CALGARY INTL A","3031092","2023-11-30 05:00","2023","11","30","05:00","","-4.3","","-11.0","","60","","","","5","","7","","24.1","","88.81","","","","-7","","Mostly Cloudy"
"-114.01","51.12","CALGARY INTL A","3031092","2023-11-30 06:00","2023","11","30","06:00","","-4.7","","-11.1","","61","","","","6","","9","","24.1","","88.78","","","","-9","","NA"
"-114.01","51.12","CALGARY INTL A","3031092","2023-11-30 07:00","2023","11","30","07:00","","-5.0","","-11.3","","61","","","","6","","4","","24.1","","88.78","","","","-7","","NA"
"-114.01","51.12","CALGARY INTL A","3031092","2023-11-30 08:00","2023","11","30","08:00","","-4.9","","-11.9","","58","","","","9","","5","","24.1","","88.74","","","","-7","","Mostly Cloudy"
"-114.01","51.12","CALGARY INTL A","3031092","2023-11-30 09:00","2023","11","30","09:00","","-4.5","","-11.4","","59","","","","16","","4","","24.1","","88.72","","","","-6","","NA"
"-114.01","51.12","CALGARY INTL A","3031092","2023-11-30 10:00","2023","11","30","10:00","","-3.9","","-11.5","","56","","","","16","","8","","14.5","","88.71","","","","-7","","NA"
"-114.01","51.12","CALGARY INTL A","3031092","2023-11-30 11:00","2023","11","30","11:00","","-3.8","","-11.3","","57","","","","16","","9","","16.1","","88.67","","","","-8","","Mostly Cloudy"
"-114.01","51.12","CALGARY INTL A","3031092","2023-11-30 12:00","2023","11","30","12:00","","-3.4","","-11.0","","56","","","","15","","9","","24.1","","88.60","","","","-7","","NA"
"-114.01","51.12","CALGARY INTL A","3031092","2023-11-30 13:00","2023","11","30","13:00","","-1.9","","-10.2","","53","","","","15","","13","","24.1","","88.53","","","","-6","","NA"
"-114.01","51.12","CALGARY INTL A","3031092","2023-11-30 14:00","2023","11","30","14:00","","-1.6","","-10.2","","52","","","","16","","18","","24.1","","88.46","","","","-7","","Mainly Clear"
"-114.01","51.12","CALGARY INTL A","3031092","2023-11-30 15:00","2023","11","30","15:00","","-1.6","","-10.3","","52","","","","18","","17","","24.1","","88.42","","","","-7","","NA"
"-114.01","51.12","CALGARY INTL A","3031092","2023-11-30 16:00","2023","11","30","16:00","","-2.3","","-10.2","","55","","","","15","","18","","24.1","","88.35","","","","-8","","NA"
"-114.01","51.12","CALGARY INTL A","3031092","2023-11-30 17:00","2023","11","30","17:00","","-3.9","","-9.9","","63","","","","16","","14","","24.1","","88.31","","","","-9","","Mainly Clear"
"-114.01","51.12","CALGARY INTL A","3031092","2023-11-30 18:00","2023","11","30","18:00","","-4.5","","-10.0","","66","","","","15","","16","","24.1","","88.26","","","","-10","","NA"
"-114.01","51.12","CALGARY INTL A","3031092","2023-11-30 19:00","2023","11","30","19:00","","-5.9","","-10.3","","71","","","","16","","18","","24.1","","88.23","","","","-12","","NA"
"-114.01","51.12","CALGARY INTL A","3031092","2023-11-30 20:00","2023","11","30","20:00","","-6.4","","-10.5","","73","","","","17","","17","","24.1","","88.18","","","","-13","","Mainly Clear"
"-114.01","51.12","CALGARY INTL A","3031092","2023-11-30 21:00","2023","11","30","21:00","","-7.3","","-10.7","","77","","","","18","","15","","24.1","","88.13","","","","-13","","NA"
"-114.01","51.12","CALGARY INTL A","3031092","2023-11-30 22:00","2023","11","30","22:00","","-8.1","","-11.1","","79","","","","17","","14","","24.1","","88.05","","","","-14","","NA"
"-114.01","51.12","CALGARY INTL A","3031092","2023-11-30 23:00","2023","11","30","23:00","","-8.1","","-11.1","","80","","","","17","","10","","24.1","","88.00","","","","-13","","Clear"
