"Longitude (x)","Latitude (y)","Station Name","Climate ID","Date/Time (LST)","Year","Month","Day","Time (LST)","Flag","Temp (°C)","Temp Flag","Dew Point Temp (°C)","Dew Point Temp Flag","Rel Hum (%)","Rel Hum Flag","Precip. Amount (mm)","Precip. Amount Flag","Wind Dir (10s deg)","Wind Dir Flag","Wind Spd (km/h)","Wind Spd Flag","Visibility (km)","Visibility Flag","Stn Press (kPa)","Stn Press Flag","Hmdx","Hmdx Flag","Wind Chill","Wind Chill Flag","Weather"
"-114.01","51.12","CALGARY INTL A","3031092","2023-12-01 00:00","2023","12","01","00:00","","-8.1","","-10.8","","81","","","","17","","8","","24.1","","87.92","","","","-12","","NA"
"-114.01","51.12","CALGARY INTL A","3031092","2023-12-01 01:00","2023","12","01","01:00","","-7.8","","-10.4","","81","","","","17","","7","","24.1","","87.84","","","","-11","","NA"
"-114.01","51.12","CALGARY INTL A","3031092","2023-12-01 02:00","2023","12","01","02:00","","-9.3","","-11.3","","85","","","","15","","6","","24.1","","87.76","","","","-13","","Mostly Cloudy"
"-114.01","51.12","CALGARY INTL A","3031092","2023-12-01 03:00","2023","12","01","03:00","","-9.2","","-11.1","","86","","","","18","","7","","24.1","","87.69","","","","-13","","NA"
"-114.01","51.12","CALGARY INTL A","3031092","2023-12-01 04:00","2023","12","01","04:00","","-10.0","","-11.9","","86","","","","18","","5","","24.1","","87.62","","","","-13","","NA"
"-114.01","51.12","CALGARY INTL A","3031092","2023-12-01 05:00","2023","12","01","05:00","","-10.3","","-12.4","","84","","","","","","0","","24.1","","87.57","","","","","","Mostly Cloudy"
"-114.01","51.12","CALGARY INTL A","3031092","2023-12-01 06:00","2023","12","01","06:00","","-10.6","","-13.1","","82","","","","20","","5","","24.1","","87.49","","","","-14","","NA"
"-114.01","51.12","CALGARY INTL A","3031092","2023-12-01 07:00","2023","12","01","07:00","","-9.9","","-12.8","","79","","","","23","","5","","24.1","","87.46","","","","-13","","NA"
"-114.01","51.12","CALGARY INTL A","3031092","2023-12-01 08:00","2023","12","01","08:00","","-10.2","","-13.1","","80","","","","","","0","","32.2","","87.42","","","","","","Cloudy"
"-114.01","51.12","CALGARY INTL A","3031092","2023-12-01 09:00","2023","12","01","09:00","","-9.6","","-12.4","","80","","","","18","","5","","64.4","","87.40","","","","-12","","NA"
"-114.01","51.12","CALGARY INTL A","3031092","2023-12-01 10:00","2023","12","01","10:00","","-8.0","","-11.3","","77","","","","36","","3","","64.4","","87.37","","","","-10","","NA"
"-114.01","51.12","CALGARY INTL A","3031092","2023-12-01 11:00","2023","12","01","11:00","","-5.8","","-10.7","","69","","","","21","","4","","64.4","","87.33","","","","-8","","Cloudy"
"-114.01","51.12","CALGARY INTL A","3031092","2023-12-01 12:00","2023","12","01","12:00","","-3.8","","-10.6","","59","","","","","","0","","64.4","","87.28","","","","","","NA"
"-114.01","51.12","CALGARY INTL A","3031092","2023-12-01 13:00","2023","12","01","13:00","","-2.2","","-9.5","","58","","","","19","","8","","64.4","","87.24","","","","-5","","NA"
"-114.01","51.12","CALGARY INTL A","3031092","2023-12-01 14:00","2023","12","01","14:00","","-0.6","","-10.9","","46","","","","20","","6","","32.2","","87.20","","","","-3","","Mostly Cloudy"
"-114.01","51.12","CALGARY INTL A","3031092","2023-12-01 15:00","2023","12","01","15:00","","-0.5","","-11.1","","45","","","","19","","8","","32.2","","87.17","","","","-3","","NA"
"-114.01","51.12","CALGARY INTL A","3031092","2023-12-01 16:00","2023","12","01","16:00","","-2.3","","-11.1","","51","","","","18","","9","","32.2","","87.19","","","","-6","","NA"
"-114.01","51.12","CALGARY INTL A","3031092","2023-12-01 17:00","2023","12","01","17:00","","-2.1","","-10.5","","53","","","","18","","7","","24.1","","87.23","","","","-5","","Mostly Cloudy"
"-114.01","51.12","CALGARY INTL A","3031092","2023-12-01 18:00","2023","12","01","18:00","","-1.5","","-10.5","","50","","","","16","","4","","24.1","","87.23","","","","-3","","NA"
"-114.01","51.12","CALGARY INTL A","3031092","2023-12-01 19:00","2023","12","01","19:00","","-0.1","","-12.9","","38","","","","27","","18","","24.1","","87.23","","","","-5","","NA"
"-114.01","51.12","CALGARY INTL A","3031092","2023-12-01 20:00","2023","12","01","20:00","","-0.6","","-13.4","","38","","","","28","","19","","24.1","","87.23","","","","-6","","Mainly Clear"
"-114.01","51.12","CALGARY INTL A","3031092","2023-12-01 21:00","2023","12","01","21:00","","-0.9","","-13.6","","38","","","","29","","17","","24.1","","87.27","","","","-6","","NA"
"-114.01","51.12","CALGARY INTL A","3031092","2023-12-01 22:00","2023","12","01","22:00","","-2.3","","-13.4","","43","","","","2","","8","","24.1","","87.27","","","","-5","","NA"
"-114.01","51.12","CALGARY INTL A","3031092","2023-12-01 23:00","2023","12","01","23:00","","-3.4","","-13.3","","46","","","","","","0","","24.1","","87.28","","","","","","Mainly Clear"
"-114.01","51.12","CALGARY INTL A","3031092","2023-12-02 00:00","2023","12","02","00:00","","-2.1","","-13.7","","41","","","","28","","5","","24.1","","87.29","","","","-4","","NA"
"-114.01","51.12","CALGARY INTL A","3031092","2023-12-02 01:00","2023","12","02","01:00","","-5.3","","-12.9","","55","","","","16","","11","","24.1","","87.28","","","","-10","","NA"
"-114.01","51.12","CALGARY INTL A","3031092","2023-12-02 02:00","2023","12","02","02:00","","-4.8","","-13.0","","53","","","","14","","13","","24.1","","87.26","","","","-10","","Clear"
"-114.01","51.12","CALGARY INTL A","3031092","2023-12-02 03:00","2023","12","02","03:00","","-5.6","","-12.8","","57","","","","18","","10","","24.1","","87.25","","","","-10","","NA"
"-114.01","51.12","CALGARY INTL A","3031092","2023-12-02 04:00","2023","12","02","04:00","","-6.5","","-12.7","","61","","","","19","","14","","24.1","","87.26","","","","-12","","NA"
"-114.01","51.12","CALGARY INTL A","3031092","2023-12-02 05:00","2023","12","02","05:00","","-4.1","","-13.3","","49","","","","20","","11","","24.1","","87.18","","","","-9","","Clear"
"-114.01","51.12","CALGARY INTL A","3031092","2023-12-02 06:00","2023","12","02","06:00","","-4.0","","-13.0","","50","","","","18","","17","","24.1","","87.07","","","","-10","","NA"
"-114.01","51.12","CALGARY INTL A","3031092","2023-12-02 07:00","2023","12","02","07:00","","-2.1","","-12.7","","44","","","","22","","20","","24.1","","87.07","","","","-8","","NA"
"-114.01","51.12","CALGARY INTL A","3031092","2023-12-02 08:00","2023","12","02","08:00","","-4.5","","-13.3","","51","","","","17","","9","","64.4","","86.98","","","","-8","","Mostly Cloudy"
"-114.01","51.12","CALGARY INTL A","3031092","2023-12-02 09:00","2023","12","02","09:00","","-2.7","","-12.2","","48","","","","21","","13","","64.4","","86.93","","","","-7","","NA"
"-114.01","51.12","CALGARY INTL A","3031092","2023-12-02 10:00","2023","12","02","10:00","","-0.6","","-12.6","","40","","","","21","","8","","64.4","","86.94","","","","-3","","NA"
"-114.01","51.12","CALGARY INTL A","3031092","2023-12-02 11:00","2023","12","02","11:00","","0.2","","-12.5","","38","","","","22","","12","","64.4","","86.89","","","","","","Mostly Cloudy"
"-114.01","51.12","CALGARY INTL A","3031092","2023-12-02 12:00","2023","12","02","12:00","","0.9","","-12.0","","38","","","","22","","8","","64.4","","86.78","","","","","","NA"
"-114.01","51.12","CALGARY INTL A","3031092","2023-12-02 13:00","2023","12","02","13:00","","3.0","","-10.9","","35","","","","20","","10","","64.4","","86.72","","","","","","NA"
"-114.01","51.12","CALGARY INTL A","3031092","2023-12-02 14:00","2023","12","02","14:00","","1.9","","-10.1","","41","","","","18","","9","","64.4","","86.67","","","","","","Mostly Cloudy"
"-114.01","51.12","CALGARY INTL A","3031092","2023-12-02 15:00","2023","12","02","15:00","","3.6","","-9.4","","38","","","","21","","10","","32.2","","86.68","","","","","","NA"
"-114.01","51.12","CALGARY INTL A","3031092","2023-12-02 16:00","2023","12","02","16:00","","2.4","","-10.3","","39","","","","29","","4","","48.3","","86.76","","","","","","NA"
"-114.01","51.12","CALGARY INTL A","3031092","2023-12-02 17:00","2023","12","02","17:00","","2.5","","-11.6","","35","","","","28","","30","","32.2","","86.83","","","","","","Cloudy"
"-114.01","51.12","CALGARY INTL A","3031092","2023-12-02 18:00","2023","12","02","18:00","","2.6","","-11.6","","35","","","","30","","31","","24.1","","86.94","","","","","","NA"
"-114.01","51.12","CALGARY INTL A","3031092","2023-12-02 19:00","2023","12","02","19:00","","2.3","","-11.6","","35","","","","30","","26","","24.1","","87.03","","","","","","NA"
"-114.01","51.12","CALGARY INTL A","3031092","2023-12-02 20:00","2023","12","02","20:00","","1.9","","-11.4","","37","","","","33","","21","","16.1","","87.14","","","","","","Cloudy"
"-114.01","51.12","CALGARY INTL A","3031092","2023-12-02 21:00","2023","12","02","21:00","","2.3","","-11.7","","35","","","","34","","18","","16.1","","87.30","","","","","","NA"
"-114.01","51.12","CALGARY INTL A","3031092","2023-12-02 22:00","2023","12","02","22:00","","1.8","","-10.8","","39","","","","31","","23","","16.1","","87.42","","","","","","NA"
"-114.01","51.12","CALGARY INTL A","3031092","2023-12-02 23:00","2023","12","02","23:00","","-0.4","","-10.2","","47","","","","30","","12","","16.1","","87.53","","","","-4","","Mostly Cloudy"
"-114.01","51.12","CALGARY INTL A","3031092","2023-12-03 00:00","2023","12","03","00:00","","-0.9","","-11.9","","43","","","","32","","7","","16.1","","87.62","","","","-3","","NA"
"-114.01","51.12","CALGARY INTL A","3031092","2023-12-03 01:00","2023","12","03","01:00","","-0.9","","-12.6","","41","","","","30","","13","","24.1","","87.70","","","","-5","","NA"
"-114.01","51.12","CALGARY INTL A","3031092","2023-12-03 02:00","2023","12","03","02:00","","0.2","","-13.7","","35","","","","28","","25","","24.1","","87.78","","","","","","Mainly Clear"
"-114.01","51.12","CALGARY INTL A","3031092","2023-12-03 03:00","2023","12","03","03:00","","0.6","","-14.3","","32","","","","27","","19","","24.1","","87.84","","","","","","NA"
"-114.01","51.12","CALGARY INTL A","3031092","2023-12-03 04:00","2023","12","03","04:00","","-0.5","","-14.0","","35","","","","25","","6","","16.1","","87.92","","","","-3","","NA"
"-114.01","51.12","CALGARY INTL A","3031092","2023-12-03 05:00","2023","12","03","05:00","","-2.9","","-13.6","","44","","","","14","","9","","16.1","","87.93","","","","-6","","Clear"
"-114.01","51.12","CALGARY INTL A","3031092","2023-12-03 06:00","2023","12","03","06:00","","-4.8","","-15.4","","44","","","","18","","9","","24.1","","87.96","","","","-9","","NA"
"-114.01","51.12","CALGARY INTL A","3031092","2023-12-03 07:00","2023","12","03","07:00","","-6.5","","-13.4","","58","","","","19","","11","","24.1","","88.00","","","","-11","","NA"
"-114.01","51.12","CALGARY INTL A","3031092","2023-12-03 08:00","2023","12","03","08:00","","-6.5","","-13.6","","57","","","","19","","11","","64.4","","88.02","","","","-11","","Mainly Clear"
"-114.01","51.12","CALGARY INTL A","3031092","2023-12-03 09:00","2023","12","03","09:00","","-5.5","","-13.2","","55","","","","18","","14","","64.4","","88.01","","","","-11","","NA"
"-114.01","51.12","CALGARY INTL A","3031092","2023-12-03 10:00","2023","12","03","10:00","","-2.7","","-12.4","","47","","","","18","","12","","64.4","","87.98","","","","-7","","NA"
"-114.01","51.12","CALGARY INTL A","3031092","2023-12-03 11:00","2023","12","03","11:00","","0.4","","-12.3","","38","","","","18","","8","","64.4","","87.93","","","","","","Mostly Cloudy"
"-114.01","51.12","CALGARY INTL A","3031092","2023-12-03 12:00","2023","12","03","12:00","","2.2","","-13.7","","30","","","","17","","14","","64.4","","87.80","","","","","","NA"
"-114.01","51.12","CALGARY INTL A","3031092","2023-12-03 13:00","2023","12","03","13:00","","1.6","","-12.2","","35","","","","18","","15","","64.4","","87.65","","","","","","NA"
"-114.01","51.12","CALGARY INTL A","3031092","2023-12-03 14:00","2023","12","03","14:00","","2.6","","-12.8","","31","","","","17","","17","","64.4","","87.48","","","","","","Cloudy"
"-114.01","51.12","CALGARY INTL A","3031092","2023-12-03 15:00","2023","12","03","15:00","","2.3","","-11.6","","35","","","","14","","16","","64.4","","87.22","","","","","","NA"
"-114.01","51.12","CALGARY INTL A","3031092","2023-12-03 16:00","2023","12","03","16:00","","2.1","","-11.6","","36","","","","19","","8","","24.1","","87.19","","","","","","NA"
"-114.01","51.12","CALGARY INTL A","3031092","2023-12-03 17:00","2023","12","03","17:00","","1.8","","-11.1","","38","","","","21","","9","","24.1","","87.20","","","","","","Mostly Cloudy"
"-114.01","51.12","CALGARY INTL A","3031092","2023-12-03 18:00","2023","12","03","18:00","","1.6","","-10.9","","39","","","","27","","6","","24.1","","87.13","","","","","","NA"
"-114.01","51.12","CALGARY INTL A","3031092","2023-12-03 19:00","2023","12","03","19:00","","0.8","","-9.6","","46","","","","29","","13","","24.1","","87.20","","","","","","NA"
"-114.01","51.12","CALGARY INTL A","3031092","2023-12-03 20:00","2023","12","03","20:00","","3.2","","-9.2","","40","","","","28","","22","","24.1","","87.32","","","","","","Mainly Clear"
"-114.01","51.12","CALGARY INTL A","3031092","2023-12-03 21:00","2023","12","03","21:00","","3.4","","-10.9","","35","","","","29","","28","","24.1","","87.46","","","","","","NA"
"-114.01","51.12","CALGARY INTL A","3031092","2023-12-03 22:00","2023","12","03","22:00","","3.2","","-11.0","","34","","","","29","","28","","24.1","","87.62","","","","","","NA"
"-114.01","51.12","CALGARY INTL A","3031092","2023-12-03 23:00","2023","12","03","23:00","","2.1","","-10.9","","38","","","","28","","14","","24.1","","87.73","","","","","","Clear"
"-114.01","51.12","CALGARY INTL A","3031092","2023-12-04 00:00","2023","12","04","00:00","","2.0","","-11.2","","37","","","","28","","16","","24.1","","87.81","","","","","","NA"
"-114.01","51.12","CALGARY INTL A","3031092","2023-12-04 01:00","2023","12","04","01:00","","2.4","","-11.3","","36","","","","28","","10","","24.1","","87.92","","","","","","NA"
"-114.01","51.12","CALGARY INTL A","3031092","2023-12-04 02:00","2023","12","04","02:00","","2.8","","-11.0","","36","","","","28","","26","","24.1","","88.02","","","","","","Clear"
"-114.01","51.12","CALGARY INTL A","3031092","2023-12-04 03:00","2023","12","04","03:00","","2.9","","-11.1","","35","","","","28","","18","","24.1","","88.10","","","","","","NA"
"-114.01","51.12","CALGARY INTL A","3031092","2023-12-04 04:00","2023","12","04","04:00","","3.5","","-11.1","","34","","","","27","","32","","24.1","","88.20","","","","","","NA"
"-114.01","51.12","CALGARY INTL A","3031092","2023-12-04 05:00","2023","12","04","05:00","","3.3","","-11.5","","33","","","","28","","27","","24.1","","88.30","","","","","","Clear"
"-114.01","51.12","CALGARY INTL A","3031092","2023-12-04 06:00","2023","12","04","06:00","","3.9","","-11.5","","32","","","","27","","28","","24.1","","88.37","","","","","","NA"
"-114.01","51.12","CALGARY INTL A","3031092","2023-12-04 07:00","2023","12","04","07:00","","3.8","","-11.2","","33","","","","27","","29","","24.1","","88.47","","","","","","NA"
"-114.01","51.12","CALGARY INTL A","3031092","2023-12-04 08:00","2023","12","04","08:00","","4.0","","-10.9","","33","","","","27","","31","","24.1","","88.54","","","","","","Mostly Cloudy"
"-114.01","51.12","CALGARY INTL A","3031092","2023-12-04 09:00","2023","12","04","09:00","","3.8","","-11.0","","33","","","","27","","23","","64.4","","88.60","","","","","","NA"
"-114.01","51.12","CALGARY INTL A","3031092","2023-12-04 10:00","2023","12","04","10:00","","3.9","","-11.0","","33","","","","22","","7","","64.4","","88.70","","","","","","NA"
"-114.01","51.12","CALGARY INTL A","3031092","2023-12-04 11:00","2023","12","04","11:00","","5.6","","-10.9","","29","","","","26","","7","","64.4","","88.66","","","","","","Cloudy"
"-114.01","51.12","CALGARY INTL A","3031092","2023-12-04 12:00","2023","12","04","12:00","","6.7","","-11.0","","27","","","","27","","11","","64.4","","88.65","","","","","","NA"
"-114.01","51.12","CALGARY INTL A","3031092","2023-12-04 13:00","2023","12","04","13:00","","7.6","","-11.6","","24","","","","26","","12","","64.4","","88.61","","","","","","NA"
"-114.01","51.12","CALGARY INTL A","3031092","2023-12-04 14:00","2023","12","04","14:00","","7.0","","-11.5","","26","","","","28","","13","","64.4","","88.61","","","","","","Mostly Cloudy"
"-114.01","51.12","CALGARY INTL A","3031092","2023-12-04 15:00","2023","12","04","15:00","","6.9","","-11.5","","26","","","","24","","7","","24.1","","88.61","","","","","","NA"
"-114.01","51.12","CALGARY INTL A","3031092","2023-12-04 16:00","2023","12","04","16:00","","6.9","","-10.8","","27","","","","23","","7","","24.1","","88.62","","","","","","NA"
"-114.01","51.12","CALGARY INTL A","3031092","2023-12-04 17:00","2023","12","04","17:00","","5.3","","-10.5","","31","","","","28","","8","","24.1","","88.59","","","","","","Cloudy"
"-114.01","51.12","CALGARY INTL A","3031092","2023-12-04 18:00","2023","12","04","18:00","","4.4","","-10.0","","34","","","","18","","4","","24.1","","88.56","","","","","","NA"
"-114.01","51.12","CALGARY INTL A","3031092","2023-12-04 19:00","2023","12","04","19:00","","5.2","","-8.9","","35","","","","26","","9","","24.1","","88.48","","","","","","NA"
"-114.01","51.12","CALGARY INTL A","3031092","2023-12-04 20:00","2023","12","04","20:00","","4.7","","-8.7","","37","","","","20","","11","","24.1","","88.45","","","","","","Mostly Cloudy"
"-114.01","51.12","CALGARY INTL A","3031092","2023-12-04 21:00","2023","12","04","21:00","","5.1","","-7.8","","39","","","","22","","8","","24.1","","88.41","","","","","","NA"
"-114.01","51.12","CALGARY INTL A","3031092","2023-12-04 22:00","2023","12","04","22:00","","3.8","","-8.1","","42","","","","17","","9","","24.1","","88.32","","","","","","NA"
"-114.01","51.12","CALGARY INTL A","3031092","2023-12-04 23:00","2023","12","04","23:00","","3.6","","-7.8","","43","","","","17","","7","","24.1","","88.28","","","","","","Mostly Cloudy"
"-114.01","51.12","CALGARY INTL A","3031092","2023-12-05 00:00","2023","12","05","00:00","","4.7","","-7.5","","41","","","","22","","10","","24.1","","88.23","","","","","","NA"
"-114.01","51.12","CALGARY INTL A","3031092","2023-12-05 01:00","2023","12","05","01:00","","4.5","","-7.2","","43","","","","20","","11","","24.1","","88.18","","","","","","NA"
"-114.01","51.12","CALGARY INTL A","3031092","2023-12-05 02:00","2023","12","05","02:00","","5.1","","-6.8","","42","","","","22","","14","","24.1","","88.15","","","","","","Cloudy"
"-114.01","51.12","CALGARY INTL A","3031092","2023-12-05 03:00","2023","12","05","03:00","","3.8","","-6.5","","47","","","","22","","8","","24.1","","88.12","","","","","","NA"
"-114.01","51.12","CALGARY INTL A","3031092","2023-12-05 04:00","2023","12","05","04:00","","4.0","","-5.3","","51","","","","16","","3","","24.1","","88.11","","","","","","NA"
"-114.01","51.12","CALGARY INTL A","3031092","2023-12-05 05:00","2023","12","05","05:00","","3.8","","-5.6","","51","","","","20","","11","","24.1","","88.03","","","","","","Mostly Cloudy"
"-114.01","51.12","CALGARY INTL A","3031092","2023-12-05 06:00","2023","12","05","06:00","","5.7","","-3.6","","51","","","","23","","14","","24.1","","88.03","","","","","","NA"
"-114.01","51.12","CALGARY INTL A","3031092","2023-12-05 07:00","2023","12","05","07:00","","1.8","","-4.4","","63","","","","","","0","","24.1","","88.01","","","","","","NA"
"-114.01","51.12","CALGARY INTL A","3031092","2023-12-05 08:00","2023","12","05","08:00","","2.9","","-4.2","","59","","","","31","","5","","24.1","","88.02","","","","","","Cloudy"
"-114.01","51.12","CALGARY INTL A","3031092","2023-12-05 09:00","2023","12","05","09:00","","1.8","","-4.3","","64","","","","20","","9","","64.4","","88.05","","","","","","NA"
"-114.01","51.12","CALGARY INTL A","3031092","2023-12-05 10:00","2023","12","05","10:00","","5.0","","-2.4","","59","","","","21","","13","","64.4","","87.91","","","","","","NA"
"-114.01","51.12","CALGARY INTL A","3031092","2023-12-05 11:00","2023","12","05","11:00","","7.6","","-0.8","","55","","","","20","","17","","64.4","","87.99","","","","","","Cloudy"
"-114.01","51.12","CALGARY INTL A","3031092","2023-12-05 12:00","2023","12","05","12:00","","11.8","","0.2","","44","","","","20","","4","","64.4","","87.91","","","","","","NA"
"-114.01","51.12","CALGARY INTL A","3031092","2023-12-05 13:00","2023","12","05","13:00","","16.4","","-0.4","","32","","","","24","","20","","24.1","","87.88","","","","","","NA"
"-114.01","51.12","CALGARY INTL A","3031092","2023-12-05 14:00","2023","12","05","14:00","","16.0","","-0.2","","33","","","","26","","17","","24.1","","87.91","","","","","","Mostly Cloudy"
"-114.01","51.12","CALGARY INTL A","3031092","2023-12-05 15:00","2023","12","05","15:00","","16.9","","-0.2","","31","","","","26","","26","","24.1","","87.95","","","","","","NA"
"-114.01","51.12","CALGARY INTL A","3031092","2023-12-05 16:00","2023","12","05","16:00","","15.2","","0.0","","35","","","","25","","13","","24.1","","88.00","","","","","","NA"
"-114.01","51.12","CALGARY INTL A","3031092","2023-12-05 17:00","2023","12","05","17:00","","8.1","","-1.4","","51","","","","2","","4","","24.1","","88.07","","","","","","Mostly Cloudy"
"-114.01","51.12","CALGARY INTL A","3031092","2023-12-05 18:00","2023","12","05","18:00","","9.5","","0.2","","52","","","","34","","7","","24.1","","88.13","","","","","","NA"
"-114.01","51.12","CALGARY INTL A","3031092","2023-12-05 19:00","2023","12","05","19:00","","8.0","","1.1","","62","","","","35","","7","","24.1","","88.19","","","","","","NA"
"-114.01","51.12","CALGARY INTL A","3031092","2023-12-05 20:00","2023","12","05","20:00","","4.9","","0.5","","73","","","","35","","13","","24.1","","88.25","","","","","","Clear"
"-114.01","51.12","CALGARY INTL A","3031092","2023-12-05 21:00","2023","12","05","21:00","","4.7","","0.6","","75","","","","34","","10","","24.1","","88.29","","","","","","NA"
"-114.01","51.12","CALGARY INTL A","3031092","2023-12-05 22:00","2023","12","05","22:00","","5.8","","1.8","","75","","","","35","","11","","24.1","","88.30","","","","","","NA"
"-114.01","51.12","CALGARY INTL A","3031092","2023-12-05 23:00","2023","12","05","23:00","","3.2","","-0.3","","78","","","","35","","11","","24.1","","88.29","","","","","","Mainly Clear"
"-114.01","51.12","CALGARY INTL A","3031092","2023-12-06 00:00","2023","12","06","00:00","","0.4","","-1.3","","88","","","","9","","17","","24.1","","88.26","","","","","","NA"
"-114.01","51.12","CALGARY INTL A","3031092","2023-12-06 01:00","2023","12","06","01:00","","0.0","","-1.8","","88","","","","3","","9","","24.1","","88.27","","","","-3","","NA"
"-114.01","51.12","CALGARY INTL A","3031092","2023-12-06 02:00","2023","12","06","02:00","","-1.4","","-2.7","","91","","","","2","","9","","24.1","","88.25","","","","-5","","Mainly Clear"
"-114.01","51.12","CALGARY INTL A","3031092","2023-12-06 03:00","2023","12","06","03:00","","0.4","","-1.7","","86","","","","34","","3","","24.1","","88.27","","","","","","NA"
"-114.01","51.12","CALGARY INTL A","3031092","2023-12-06 04:00","2023","12","06","04:00","","-1.5","","-3.1","","89","","","","36","","3","","24.1","","88.21","","","","-3","","NA"
"-114.01","51.12","CALGARY INTL A","3031092","2023-12-06 05:00","2023","12","06","05:00","","-0.7","","-2.5","","87","","","","34","","15","","24.1","","88.21","","","","-5","","Mostly Cloudy"
"-114.01","51.12","CALGARY INTL A","3031092","2023-12-06 06:00","2023","12","06","06:00","","-0.3","","-2.0","","88","","","","35","","13","","24.1","","88.24","","","","-4","","NA"
"-114.01","51.12","CALGARY INTL A","3031092","2023-12-06 07:00","2023","12","06","07:00","","0.4","","-2.0","","84","","","","35","","12","","24.1","","88.26","","","","","","NA"
"-114.01","51.12","CALGARY INTL A","3031092","2023-12-06 08:00","2023","12","06","08:00","","0.1","","-1.7","","87","","","","1","","7","","24.1","","88.25","","","","","","Mostly Cloudy"
"-114.01","51.12","CALGARY INTL A","3031092","2023-12-06 09:00","2023","12","06","09:00","","1.3","","-0.8","","86","","","","36","","10","","32.2","","88.18","","","","","","NA"
"-114.01","51.12","CALGARY INTL A","3031092","2023-12-06 10:00","2023","12","06","10:00","","4.0","","0.7","","79","","","","1","","10","","32.2","","88.22","","","","","","NA"
"-114.01","51.12","CALGARY INTL A","3031092","2023-12-06 11:00","2023","12","06","11:00","","5.4","","2.6","","82","","","","2","","11","","24.1","","88.22","","","","","","Mostly Cloudy"
"-114.01","51.12","CALGARY INTL A","3031092","2023-12-06 12:00","2023","12","06","12:00","","6.7","","2.6","","75","","","","2","","8","","24.1","","88.09","","","","","","NA"
"-114.01","51.12","CALGARY INTL A","3031092","2023-12-06 13:00","2023","12","06","13:00","","7.7","","-0.7","","55","","","","8","","21","","24.1","","87.98","","","","","","NA"
"-114.01","51.12","CALGARY INTL A","3031092","2023-12-06 14:00","2023","12","06","14:00","","7.3","","-1.6","","53","","","","7","","19","","24.1","","87.92","","","","","","Mostly Cloudy"
"-114.01","51.12","CALGARY INTL A","3031092","2023-12-06 15:00","2023","12","06","15:00","","6.5","","-1.7","","56","","","","7","","20","","24.1","","87.85","","","","","","NA"
"-114.01","51.12","CALGARY INTL A","3031092","2023-12-06 16:00","2023","12","06","16:00","","4.6","","2.2","","84","","","","3","","18","","24.1","","87.80","","","","","","NA"
"-114.01","51.12","CALGARY INTL A","3031092","2023-12-06 17:00","2023","12","06","17:00","","4.1","","0.8","","79","","","","2","","14","","24.1","","87.78","","","","","","Mostly Cloudy"
"-114.01","51.12","CALGARY INTL A","3031092","2023-12-06 18:00","2023","12","06","18:00","","3.0","","1.8","","92","","","","2","","14","","24.1","","87.75","","","","","","NA"
"-114.01","51.12","CALGARY INTL A","3031092","2023-12-06 19:00","2023","12","06","19:00","","2.3","","0.8","","90","","","","35","","15","","24.1","","87.67","","","","","","NA"
"-114.01","51.12","CALGARY INTL A","3031092","2023-12-06 20:00","2023","12","06","20:00","","2.2","","1.0","","91","","","","1","","14","","24.1","","87.63","","","","","","Mostly Cloudy"
"-114.01","51.12","CALGARY INTL A","3031092","2023-12-06 21:00","2023","12","06","21:00","","2.4","","1.0","","91","","","","36","","11","","24.1","","87.61","","","","","","NA"
"-114.01","51.12","CALGARY INTL A","3031092","2023-12-06 22:00","2023","12","06","22:00","","1.6","","0.1","","90","","","","35","","15","","24.1","","87.53","","","","","","NA"
"-114.01","51.12","CALGARY INTL A","3031092","2023-12-06 23:00","2023","12","06","23:00","","1.8","","-0.1","","87","","","","34","","11","","24.1","","87.50","","","","","","Cloudy"
"-114.01","51.12","CALGARY INTL A","3031092","2023-12-07 00:00","2023","12","07","00:00","","1.8","","0.5","","91","","","","34","","19","","11.3","","87.50","","","","","","Snow"
"-114.01","51.12","CALGARY INTL A","3031092","2023-12-07 01:00","2023","12","07","01:00","","1.1","","0.5","","96","","","","35","","18","","6.4","","87.50","","","","","","Snow"
"-114.01","51.12","CALGARY INTL A","3031092","2023-12-07 02:00","2023","12","07","02:00","","0.4","","0.3","","99","","","","35","","16","","2.4","","87.53","","","","","","Snow"
"-114.01","51.12","CALGARY INTL A","3031092","2023-12-07 03:00","2023","12","07","03:00","","0.7","","0.5","","99","","","","1","","17","","6.4","","87.54","","","","","","Snow"
"-114.01","51.12","CALGARY INTL A","3031092","2023-12-07 04:00","2023","12","07","04:00","","0.6","","0.3","","98","","","","36","","21","","6.4","","87.57","","","","","","Snow,Fog"
"-114.01","51.12","CALGARY INTL A","3031092","2023-12-07 05:00","2023","12","07","05:00","","0.4","","0.2","","99","","","","35","","16","","3.2","","87.61","","","","","","Snow,Fog"
"-114.01","51.12","CALGARY INTL A","3031092","2023-12-07 06:00","2023","12","07","06:00","","0.2","","-0.1","","98","","","","34","","23","","2.4","","87.63","","","","","","Snow,Fog"
"-114.01","51.12","CALGARY INTL A","3031092","2023-12-07 07:00","2023","12","07","07:00","","0.1","","-0.8","","94","","","","35","","26","","4.8","","87.67","","","","","","Snow,Fog"
"-114.01","51.12","CALGARY INTL A","3031092","2023-12-07 08:00","2023","12","07","08:00","","-0.2","","-1.3","","92","","","","34","","25","","9.7","","87.72","","","","-6","","Snow,Fog"
"-114.01","51.12","CALGARY INTL A","3031092","2023-12-07 09:00","2023","12","07","09:00","","-0.4","","-1.8","","90","","","","35","","26","","14.5","","87.82","","","","-7","","NA"
"-114.01","51.12","CALGARY INTL A","3031092","2023-12-07 10:00","2023","12","07","10:00","","-0.4","","-1.4","","93","","","","36","","18","","1.6","","87.88","","","","-5","","Snow"
"-114.01","51.12","CALGARY INTL A","3031092","2023-12-07 11:00","2023","12","07","11:00","","-0.6","","-1.7","","93","","","","35","","26","","3.6","","87.96","","","","-7","","Snow,Fog"
"-114.01","51.12","CALGARY INTL A","3031092","2023-12-07 12:00","2023","12","07","12:00","","-0.7","","-1.6","","94","","","","35","","13","","1.6","","87.97","","","","-5","","Snow,Fog"
"-114.01","51.12","CALGARY INTL A","3031092","2023-12-07 13:00","2023","12","07","13:00","","-0.6","","-1.8","","92","","","","34","","24","","0.8","","87.97","","","","-7","","Snow,Freezing Fog"
"-114.01","51.12","CALGARY INTL A","3031092","2023-12-07 14:00","2023","12","07","14:00","","-0.4","","-2.3","","87","","","","36","","24","","8.1","","88.01","","","","-6","","Fog"
"-114.01","51.12","CALGARY INTL A","3031092","2023-12-07 15:00","2023","12","07","15:00","","-0.5","","-2.4","","87","","","","36","","12","","24.1","","88.04","","","","-4","","Snow"
"-114.01","51.12","CALGARY INTL A","3031092","2023-12-07 16:00","2023","12","07","16:00","","-0.8","","-2.4","","89","","","","2","","16","","12.9","","88.11","","","","-6","","Snow"
"-114.01","51.12","CALGARY INTL A","3031092","2023-12-07 17:00","2023","12","07","17:00","","-0.9","","-2.5","","89","","","","36","","14","","6.4","","88.17","","","","-5","","Snow,Fog"
"-114.01","51.12","CALGARY INTL A","3031092","2023-12-07 18:00","2023","12","07","18:00","","-1.5","","-2.5","","93","","","","6","","10","","3.6","","88.22","","","","-5","","Snow,Fog"
"-114.01","51.12","CALGARY INTL A","3031092","2023-12-07 19:00","2023","12","07","19:00","","-1.6","","-2.5","","94","","","","5","","12","","3.6","","88.21","","","","-6","","Snow,Fog"
"-114.01","51.12","CALGARY INTL A","3031092","2023-12-07 20:00","2023","12","07","20:00","","-1.8","","-2.6","","94","","","","7","","9","","4.0","","88.23","","","","-5","","Snow,Fog"
"-114.01","51.12","CALGARY INTL A","3031092","2023-12-07 21:00","2023","12","07","21:00","","-1.9","","-2.3","","97","","","","8","","11","","2.0","","88.26","","","","-6","","Snow,Fog"
"-114.01","51.12","CALGARY INTL A","3031092","2023-12-07 22:00","2023","12","07","22:00","","-2.2","","-2.5","","97","","","","7","","9","","3.2","","88.28","","","","-6","","Snow,Fog"
"-114.01","51.12","CALGARY INTL A","3031092","2023-12-07 23:00","2023","12","07","23:00","","-2.1","","-2.5","","97","","","","9","","6","","4.0","","88.30","","","","-4","","Snow,Fog"
"-114.01","51.12","CALGARY INTL A","3031092","2023-12-08 00:00","2023","12","08","00:00","","-2.1","","-2.7","","96","","","","10","","8","","4.0","","88.32","","","","-5","","Snow,Fog"
"-114.01","51.12","CALGARY INTL A","3031092","2023-12-08 01:00","2023","12","08","01:00","","-2.2","","-2.6","","97","","","","","","0","","2.0","","88.35","","","","","","Snow,Fog"
"-114.01","51.12","CALGARY INTL A","3031092","2023-12-08 02:00","2023","12","08","02:00","","-2.6","","-2.8","","99","","","","7","","4","","3.2","","88.36","","","","-4","","Snow,Fog"
"-114.01","51.12","CALGARY INTL A","3031092","2023-12-08 03:00","2023","12","08","03:00","","-2.3","","-2.8","","97","","","","11","","9","","4.0","","88.39","","","","-6","","Snow,Fog"
"-114.01","51.12","CALGARY INTL A","3031092","2023-12-08 04:00","2023","12","08","04:00","","-2.3","","-2.7","","97","","","","9","","7","","4.0","","88.41","","","","-5","","Snow,Fog"
"-114.01","51.12","CALGARY INTL A","3031092","2023-12-08 05:00","2023","12","08","05:00","","-2.5","","-2.9","","97","","","","7","","9","","1.6","","88.45","","","","-6","","Snow,Fog"
"-114.01","51.12","CALGARY INTL A","3031092","2023-12-08 06:00","2023","12","08","06:00","","-3.0","","-3.3","","98","","","","6","","8","","2.0","","88.51","","","","-6","","Snow,Fog"
"-114.01","51.12","CALGARY INTL A","3031092","2023-12-08 07:00","2023","12","08","07:00","","-3.6","","-4.2","","96","","","","4","","9","","4.0","","88.58","","","","-7","","Snow,Fog"
"-114.01","51.12","CALGARY INTL A","3031092","2023-12-08 08:00","2023","12","08","08:00","","-3.5","","-4.0","","96","","","","36","","12","","3.6","","88.62","","","","-8","","Snow,Fog"
"-114.01","51.12","CALGARY INTL A","3031092","2023-12-08 09:00","2023","12","08","09:00","","-3.6","","-4.1","","96","","","","1","","11","","0.4","","88.70","","","","-8","","Snow,Freezing Fog"
"-114.01","51.12","CALGARY INTL A","3031092","2023-12-08 10:00","2023","12","08","10:00","","-3.5","","-4.1","","95","","","","4","","11","","0.4","","88.77","","","","-8","","Snow,Freezing Fog"
"-114.01","51.12","CALGARY INTL A","3031092","2023-12-08 11:00","2023","12","08","11:00","","-3.5","","-4.2","","95","","","","5","","9","","0.6","","88.86","","","","-7","","Snow,Freezing Fog"
"-114.01","51.12","CALGARY INTL A","3031092","2023-12-08 12:00","2023","12","08","12:00","","-3.2","","-4.1","","94","","","","36","","10","","1.6","","88.89","","","","-7","","Snow,Fog"
"-114.01","51.12","CALGARY INTL A","3031092","2023-12-08 13:00","2023","12","08","13:00","","-3.2","","-4.3","","92","","","","36","","10","","6.4","","88.94","","","","-7","","Snow,Fog"
"-114.01","51.12","CALGARY INTL A","3031092","2023-12-08 14:00","2023","12","08","14:00","","-3.3","","-4.7","","90","","","","1","","11","","6.4","","89.02","","","","-8","","Snow,Fog"
"-114.01","51.12","CALGARY INTL A","3031092","2023-12-08 15:00","2023","12","08","15:00","","-3.7","","-5.1","","90","","","","36","","8","","9.7","","89.10","","","","-7","","Snow,Fog"
"-114.01","51.12","CALGARY INTL A","3031092","2023-12-08 16:00","2023","12","08","16:00","","-3.8","","-5.0","","92","","","","1","","4","","8.1","","89.20","","","","-5","","Snow,Fog"
"-114.01","51.12","CALGARY INTL A","3031092","2023-12-08 17:00","2023","12","08","17:00","","-3.0","","-4.3","","90","","","","","","0","","4.0","","89.28","","","","","","Snow,Fog"
"-114.01","51.12","CALGARY INTL A","3031092","2023-12-08 18:00","2023","12","08","18:00","","-2.6","","-3.8","","91","","","","22","","8","","12.9","","89.34","","","","-6","","NA"
"-114.01","51.12","CALGARY INTL A","3031092","2023-12-08 19:00","2023","12","08","19:00","","-2.7","","-4.0","","91","","","","24","","5","","19.3","","89.37","","","","-5","","NA"
"-114.01","51.12","CALGARY INTL A","3031092","2023-12-08 20:00","2023","12","08","20:00","","-3.0","","-4.7","","88","","","","36","","3","","11.3","","89.43","","","","-4","","Mostly Cloudy"
"-114.01","51.12","CALGARY INTL A","3031092","2023-12-08 21:00","2023","12","08","21:00","","-2.6","","-4.8","","85","","","","32","","3","","12.9","","89.47","","","","-4","","NA"
"-114.01","51.12","CALGARY INTL A","3031092","2023-12-08 22:00","2023","12","08","22:00","","-2.9","","-4.9","","86","","","","35","","5","","12.9","","89.53","","","","-5","","NA"
"-114.01","51.12","CALGARY INTL A","3031092","2023-12-08 23:00","2023","12","08","23:00","","-4.4","","-6.4","","86","","","","26","","7","","16.1","","89.58","","","","-8","","Mostly Cloudy"
"-114.01","51.12","CALGARY INTL A","3031092","2023-12-09 00:00","2023","12","09","00:00","","-4.5","","-8.9","","72","","","","26","","8","","16.1","","89.61","","","","-8","","NA"
"-114.01","51.12","CALGARY INTL A","3031092","2023-12-09 01:00","2023","12","09","01:00","","-5.2","","-9.9","","70","","","","24","","7","","16.1","","89.63","","","","-8","","NA"
"-114.01","51.12","CALGARY INTL A","3031092","2023-12-09 02:00","2023","12","09","02:00","","-5.2","","-10.8","","65","","","","26","","9","","24.1","","89.63","","","","-9","","Clear"
"-114.01","51.12","CALGARY INTL A","3031092","2023-12-09 03:00","2023","12","09","03:00","","-8.4","","-12.0","","75","","","","16","","7","","24.1","","89.63","","","","-12","","NA"
"-114.01","51.12","CALGARY INTL A","3031092","2023-12-09 04:00","2023","12","09","04:00","","-8.5","","-11.7","","78","","","","21","","14","","24.1","","89.63","","","","-15","","NA"
"-114.01","51.12","CALGARY INTL A","3031092","2023-12-09 05:00","2023","12","09","05:00","","-8.9","","-12.3","","76","","","","20","","9","","24.1","","89.61","","","","-14","","Clear"
"-114.01","51.12","CALGARY INTL A","3031092","2023-12-09 06:00","2023","12","09","06:00","","-9.8","","-12.7","","80","","","","18","","4","","24.1","","89.62","","","","-12","","NA"
"-114.01","51.12","CALGARY INTL A","3031092","2023-12-09 07:00","2023","12","09","07:00","","-11.4","","-13.0","","88","","","","21","","5","","24.1","","89.63","","","","-15","","NA"
"-114.01","51.12","CALGARY INTL A","3031092","2023-12-09 08:00","2023","12","09","08:00","","-11.4","","-13.3","","85","","","","19","","9","","48.3","","89.58","","","","-17","","Mostly Cloudy"
"-114.01","51.12","CALGARY INTL A","3031092","2023-12-09 09:00","2023","12","09","09:00","","-10.5","","-13.6","","79","","","","19","","9","","64.4","","89.56","","","","-15","","NA"
"-114.01","51.12","CALGARY INTL A","3031092","2023-12-09 10:00","2023","12","09","10:00","","-7.3","","-13.6","","61","","","","18","","7","","64.4","","89.54","","","","-11","","NA"
"-114.01","51.12","CALGARY INTL A","3031092","2023-12-09 11:00","2023","12","09","11:00","","-6.2","","-11.6","","66","","","","22","","11","","64.4","","89.49","","","","-11","","Cloudy"
"-114.01","51.12","CALGARY INTL A","3031092","2023-12-09 12:00","2023","12","09","12:00","","-6.5","","-11.0","","71","","","","20","","9","","64.4","","89.36","","","","-11","","NA"
"-114.01","51.12","CALGARY INTL A","3031092","2023-12-09 13:00","2023","12","09","13:00","","-5.5","","-10.4","","69","","","","17","","9","","48.3","","89.23","","","","-10","","NA"
"-114.01","51.12","CALGARY INTL A","3031092","2023-12-09 14:00","2023","12","09","14:00","","-5.9","","-11.5","","65","","","","17","","12","","48.3","","89.05","","","","-11","","Cloudy"
"-114.01","51.12","CALGARY INTL A","3031092","2023-12-09 15:00","2023","12","09","15:00","","-6.3","","-9.8","","76","","","","18","","10","","48.3","","88.93","","","","-11","","NA"
"-114.01","51.12","CALGARY INTL A","3031092","2023-12-09 16:00","2023","12","09","16:00","","-6.0","","-9.7","","75","","","","16","","10","","48.3","","88.83","","","","-10","","NA"
"-114.01","51.12","CALGARY INTL A","3031092","2023-12-09 17:00","2023","12","09","17:00","","-6.3","","-9.2","","80","","","","18","","8","","32.2","","88.66","","","","-10","","Cloudy"
"-114.01","51.12","CALGARY INTL A","3031092","2023-12-09 18:00","2023","12","09","18:00","","-6.1","","-8.8","","81","","","","18","","7","","24.1","","88.56","","","","-9","","NA"
"-114.01","51.12","CALGARY INTL A","3031092","2023-12-09 19:00","2023","12","09","19:00","","-5.6","","-8.4","","81","","","","19","","18","","24.1","","88.38","","","","-12","","NA"
"-114.01","51.12","CALGARY INTL A","3031092","2023-12-09 20:00","2023","12","09","20:00","","-3.1","","-10.2","","58","","","","21","","15","","16.1","","88.32","","","","-8","","Mostly Cloudy"
"-114.01","51.12","CALGARY INTL A","3031092","2023-12-09 21:00","2023","12","09","21:00","","0.2","","-8.8","","51","","","","25","","19","","16.1","","88.23","","","","","","NA"
"-114.01","51.12","CALGARY INTL A","3031092","2023-12-09 22:00","2023","12","09","22:00","","0.6","","-8.6","","50","","","","28","","30","","24.1","","88.14","","","","","","NA"
"-114.01","51.12","CALGARY INTL A","3031092","2023-12-09 23:00","2023","12","09","23:00","","-0.8","","-8.5","","56","","","","27","","13","","16.1","","88.19","","","","-5","","Mostly Cloudy"
"-114.01","51.12","CALGARY INTL A","3031092","2023-12-10 00:00","2023","12","10","00:00","","0.4","","-8.8","","50","","","","28","","35","","24.1","","88.18","","","","","","Blowing Snow"
"-114.01","51.12","CALGARY INTL A","3031092","2023-12-10 01:00","2023","12","10","01:00","","-0.2","","-9.4","","50","","","","31","","12","","24.1","","88.20","","","","-4","","NA"
"-114.01","51.12","CALGARY INTL A","3031092","2023-12-10 02:00","2023","12","10","02:00","","-0.8","","-9.2","","53","","","","31","","9","","24.1","","88.23","","","","-4","","Clear"
"-114.01","51.12","CALGARY INTL A","3031092","2023-12-10 03:00","2023","12","10","03:00","","-2.1","","-9.8","","56","","","","20","","8","","24.1","","88.24","","","","-5","","NA"
"-114.01","51.12","CALGARY INTL A","3031092","2023-12-10 04:00","2023","12","10","04:00","","-1.0","","-9.0","","55","","","","29","","8","","24.1","","88.28","","","","-4","","NA"
"-114.01","51.12","CALGARY INTL A","3031092","2023-12-10 05:00","2023","12","10","05:00","","-0.7","","-9.0","","54","","","","5","","4","","24.1","","88.31","","","","-2","","Clear"
"-114.01","51.12","CALGARY INTL A","3031092","2023-12-10 06:00","2023","12","10","06:00","","-2.8","","-9.8","","59","","","","17","","7","","24.1","","88.26","","","","-6","","NA"
"-114.01","51.12","CALGARY INTL A","3031092","2023-12-10 07:00","2023","12","10","07:00","","2.5","","-7.1","","49","","","","26","","10","","24.1","","88.27","","","","","","NA"
"-114.01","51.12","CALGARY INTL A","3031092","2023-12-10 08:00","2023","12","10","08:00","","3.6","","-6.8","","47","","","","27","","27","","24.1","","88.30","","","","","","Mainly Clear"
"-114.01","51.12","CALGARY INTL A","3031092","2023-12-10 09:00","2023","12","10","09:00","","4.0","","-6.6","","46","","","","27","","30","","24.1","","88.32","","","","","","NA"
"-114.01","51.12","CALGARY INTL A","3031092","2023-12-10 10:00","2023","12","10","10:00","","4.7","","-6.1","","46","","","","27","","36","","64.4","","88.36","","","","","","NA"
"-114.01","51.12","CALGARY INTL A","3031092","2023-12-10 11:00","2023","12","10","11:00","","5.2","","-5.7","","45","","","","27","","30","","64.4","","88.37","","","","","","Mainly Clear"
"-114.01","51.12","CALGARY INTL A","3031092","2023-12-10 12:00","2023","12","10","12:00","","6.0","","-5.4","","44","","","","28","","38","","64.4","","88.34","","","","","","NA"
"-114.01","51.12","CALGARY INTL A","3031092","2023-12-10 13:00","2023","12","10","13:00","","6.5","","-5.5","","42","","","","28","","28","","64.4","","88.33","","","","","","NA"
"-114.01","51.12","CALGARY INTL A","3031092","2023-12-10 14:00","2023","12","10","14:00","","6.9","","-4.9","","43","","","","28","","30","","64.4","","88.35","","","","","","Mainly Clear"
"-114.01","51.12","CALGARY INTL A","3031092","2023-12-10 15:00","2023","12","10","15:00","","5.8","","-5.0","","46","","","","29","","12","","24.1","","88.38","","","","","","NA"
"-114.01","51.12","CALGARY INTL A","3031092","2023-12-10 16:00","2023","12","10","16:00","","5.5","","-4.9","","47","","","","28","","10","","24.1","","88.42","","","","","","NA"
"-114.01","51.12","CALGARY INTL A","3031092","2023-12-10 17:00","2023","12","10","17:00","","5.5","","-4.7","","48","","","","28","","14","","24.1","","88.44","","","","","","Mostly Cloudy"
"-114.01","51.12","CALGARY INTL A","3031092","2023-12-10 18:00","2023","12","10","18:00","","5.3","","-4.7","","48","","","","28","","16","","24.1","","88.48","","","","","","NA"
"-114.01","51.12","CALGARY INTL A","3031092","2023-12-10 19:00","2023","12","10","19:00","","5.6","","-4.4","","48","","","","29","","28","","24.1","","88.48","","","","","","NA"
"-114.01","51.12","CALGARY INTL A","3031092","2023-12-10 20:00","2023","12","10","20:00","","5.2","","-3.8","","52","","","","35","","11","","16.1","","88.61","","","","","","Mostly Cloudy"
"-114.01","51.12","CALGARY INTL A","3031092","2023-12-10 21:00","2023","12","10","21:00","","2.7","","-3.1","","66","","","","3","","14","","16.1","","88.70","","","","","","NA"
"-114.01","51.12","CALGARY INTL A","3031092","2023-12-10 22:00","2023","12","10","22:00","","1.6","","-2.6","","73","","","","5","","12","","11.3","","88.79","","","","","","NA"
"-114.01","51.12","CALGARY INTL A","3031092","2023-12-10 23:00","2023","12","10","23:00","","1.5","","-3.4","","70","","","","4","","11","","11.3","","88.89","","","","","","Mostly Cloudy"
"-114.01","51.12","CALGARY INTL A","3031092","2023-12-11 00:00","2023","12","11","00:00","","0.2","","-4.0","","73","","","","36","","12","","12.9","","89.00","","","","","","NA"
"-114.01","51.12","CALGARY INTL A","3031092","2023-12-11 01:00","2023","12","11","01:00","","0.5","","-3.9","","73","","","","35","","13","","24.1","","89.07","","","","","","NA"
"-114.01","51.12","CALGARY INTL A","3031092","2023-12-11 02:00","2023","12","11","02:00","","0.1","","-4.8","","70","","","","1","","16","","24.1","","89.13","","","","","","Mostly Cloudy"
"-114.01","51.12","CALGARY INTL A","3031092","2023-12-11 03:00","2023","12","11","03:00","","-0.3","","-5.1","","70","","","","35","","13","","16.1","","89.25","","","","-4","","NA"
"-114.01","51.12","CALGARY INTL A","3031092","2023-12-11 04:00","2023","12","11","04:00","","-0.4","","-4.7","","73","","","","36","","10","","11.3","","89.36","","","","-4","","NA"
"-114.01","51.12","CALGARY INTL A","3031092","2023-12-11 05:00","2023","12","11","05:00","","-0.3","","-4.3","","74","","","","1","","14","","12.9","","89.46","","","","-5","","Cloudy"
"-114.01","51.12","CALGARY INTL A","3031092","2023-12-11 06:00","2023","12","11","06:00","","-0.8","","-4.8","","74","","","","36","","29","","11.3","","89.54","","","","-7","","NA"
"-114.01","51.12","CALGARY INTL A","3031092","2023-12-11 07:00","2023","12","11","07:00","","-1.7","","-4.6","","80","","","","5","","19","","12.9","","89.61","","","","-7","","NA"
"-114.01","51.12","CALGARY INTL A","3031092","2023-12-11 08:00","2023","12","11","08:00","","-2.3","","-5.2","","81","","","","7","","12","","16.1","","89.66","","","","-7","","Cloudy"
"-114.01","51.12","CALGARY INTL A","3031092","2023-12-11 09:00","2023","12","11","09:00","","-2.6","","-5.2","","83","","","","8","","17","","24.1","","89.70","","","","-8","","NA"
"-114.01","51.12","CALGARY INTL A","3031092","2023-12-11 10:00","2023","12","11","10:00","","-2.1","","-5.8","","76","","","","14","","3","","24.1","","89.75","","","","-3","","NA"
"-114.01","51.12","CALGARY INTL A","3031092","2023-12-11 11:00","2023","12","11","11:00","","-1.7","","-7.5","","65","","","","8","","12","","24.1","","89.75","","","","-6","","Cloudy"
"-114.01","51.12","CALGARY INTL A","3031092","2023-12-11 12:00","2023","12","11","12:00","","-1.7","","-6.2","","72","","","","16","","7","","24.1","","89.70","","","","-4","","NA"
"-114.01","51.12","CALGARY INTL A","3031092","2023-12-11 13:00","2023","12","11","13:00","","-1.7","","-6.8","","68","","","","14","","16","","24.1","","89.64","","","","-7","","NA"
"-114.01","51.12","CALGARY INTL A","3031092","2023-12-11 14:00","2023","12","11","14:00","","-1.9","","-6.0","","74","","","","17","","16","","24.1","","89.57","","","","-7","","Cloudy"
"-114.01","51.12","CALGARY INTL A","3031092","2023-12-11 15:00","2023","12","11","15:00","","-1.8","","-6.0","","73","","","","18","","14","","24.1","","89.50","","","","-6","","NA"
"-114.01","51.12","CALGARY INTL A","3031092","2023-12-11 16:00","2023","12","11","16:00","","-2.8","","-5.0","","84","","","","16","","16","","16.1","","89.40","","","","-8","","NA"
"-114.01","51.12","CALGARY INTL A","3031092","2023-12-11 17:00","2023","12","11","17:00","","-3.4","","-5.2","","87","","","","17","","16","","16.1","","89.39","","","","-9","","Mostly Cloudy"
"-114.01","51.12","CALGARY INTL A","3031092","2023-12-11 18:00","2023","12","11","18:00","","-4.7","","-8.3","","76","","","","17","","14","","16.1","","89.35","","","","-10","","NA"
"-114.01","51.12","CALGARY INTL A","3031092","2023-12-11 19:00","2023","12","11","19:00","","-5.8","","-8.9","","79","","","","19","","9","","16.1","","89.30","","","","-10","","NA"
"-114.01","51.12","CALGARY INTL A","3031092","2023-12-11 20:00","2023","12","11","20:00","","-6.7","","-9.2","","83","","","","19","","11","","24.1","","89.25","","","","-12","","Mostly Cloudy"
"-114.01","51.12","CALGARY INTL A","3031092","2023-12-11 21:00","2023","12","11","21:00","","-6.5","","-8.8","","84","","","","19","","6","","24.1","","89.22","","","","-9","","NA"
"-114.01","51.12","CALGARY INTL A","3031092","2023-12-11 22:00","2023","12","11","22:00","","-4.7","","-7.0","","84","","","","24","","12","","24.1","","89.19","","","","-9","","NA"
"-114.01","51.12","CALGARY INTL A","3031092","2023-12-11 23:00","2023","12","11","23:00","","-4.4","","-7.3","","80","","","","22","","13","","24.1","","89.22","","","","-9","","Mostly Cloudy"
"-114.01","51.12","CALGARY INTL A","3031092","2023-12-12 00:00","2023","12","12","00:00","","-6.2","","-9.3","","79","","","","23","","18","","24.1","","89.19","","","","-13","","NA"
"-114.01","51.12","CALGARY INTL A","3031092","2023-12-12 01:00","2023","12","12","01:00","","-6.1","","-9.9","","75","","","","20","","14","","24.1","","89.20","","","","-12","","NA"
"-114.01","51.12","CALGARY INTL A","3031092","2023-12-12 02:00","2023","12","12","02:00","","-4.4","","-10.2","","64","","","","23","","8","","24.1","","89.20","","","","-8","","Clear"
"-114.01","51.12","CALGARY INTL A","3031092","2023-12-12 03:00","2023","12","12","03:00","","-5.2","","-10.5","","66","","","","22","","13","","24.1","","89.21","","","","-10","","NA"
"-114.01","51.12","CALGARY INTL A","3031092","2023-12-12 04:00","2023","12","12","04:00","","-6.1","","-11.1","","68","","","","21","","3","","24.1","","89.21","","","","-8","","NA"
"-114.01","51.12","CALGARY INTL A","3031092","2023-12-12 05:00","2023","12","12","05:00","","-6.4","","-11.4","","68","","","","18","","6","","24.1","","89.23","","","","-9","","Mainly Clear"
"-114.01","51.12","CALGARY INTL A","3031092","2023-12-12 06:00","2023","12","12","06:00","","-7.0","","-11.6","","70","","","","","","0","","24.1","","89.27","","","","","","NA"
"-114.01","51.12","CALGARY INTL A","3031092","2023-12-12 07:00","2023","12","12","07:00","","-5.8","","-11.5","","64","","","","31","","4","","24.1","","89.29","","","","-8","","NA"
"-114.01","51.12","CALGARY INTL A","3031092","2023-12-12 08:00","2023","12","12","08:00","","-6.2","","-10.9","","69","","","","18","","5","","24.1","","89.28","","","","-9","","Clear"
"-114.01","51.12","CALGARY INTL A","3031092","2023-12-12 09:00","2023","12","12","09:00","","-5.0","","-11.1","","63","","","","20","","9","","64.4","","89.28","","","","-9","","NA"
"-114.01","51.12","CALGARY INTL A","3031092","2023-12-12 10:00","2023","12","12","10:00","","-2.9","","-10.6","","56","","","","21","","12","","64.4","","89.30","","","","-7","","NA"
"-114.01","51.12","CALGARY INTL A","3031092","2023-12-12 11:00","2023","12","12","11:00","","-0.8","","-9.8","","51","","","","20","","5","","64.4","","89.31","","","","-2","","Clear"
"-114.01","51.12","CALGARY INTL A","3031092","2023-12-12 12:00","2023","12","12","12:00","","0.5","","-9.7","","47","","","","36","","3","","64.4","","89.26","","","","","","NA"
"-114.01","51.12","CALGARY INTL A","3031092","2023-12-12 13:00","2023","12","12","13:00","","1.8","","-7.9","","48","","","","19","","8","","64.4","","89.19","","","","","","NA"
"-114.01","51.12","CALGARY INTL A","3031092","2023-12-12 14:00","2023","12","12","14:00","","2.6","","-8.8","","43","","","","21","","12","","64.4","","89.15","","","","","","Mostly Cloudy"
"-114.01","51.12","CALGARY INTL A","3031092","2023-12-12 15:00","2023","12","12","15:00","","3.3","","-9.0","","40","","","","23","","8","","64.4","","89.14","","","","","","NA"
"-114.01","51.12","CALGARY INTL A","3031092","2023-12-12 16:00","2023","12","12","16:00","","2.0","","-8.2","","47","","","","27","","3","","64.4","","89.16","","","","","","NA"
"-114.01","51.12","CALGARY INTL A","3031092","2023-12-12 17:00","2023","12","12","17:00","","-4.0","","-9.5","","66","","","","","","0","","24.1","","89.10","","","","","","Mainly Clear"
"-114.01","51.12","CALGARY INTL A","3031092","2023-12-12 18:00","2023","12","12","18:00","","-1.8","","-8.4","","61","","","","22","","8","","16.1","","89.11","","","","-5","","NA"
"-114.01","51.12","CALGARY INTL A","3031092","2023-12-12 19:00","2023","12","12","19:00","","-5.8","","-12.5","","59","","","","19","","8","","16.1","","89.09","","","","-10","","NA"
"-114.01","51.12","CALGARY INTL A","3031092","2023-12-12 20:00","2023","12","12","20:00","","-0.1","","-10.7","","45","","","","22","","11","","24.1","","89.04","","","","-4","","Clear"
"-114.01","51.12","CALGARY INTL A","3031092","2023-12-12 21:00","2023","12","12","21:00","","-0.8","","-10.8","","47","","","","22","","14","","24.1","","89.00","","","","-5","","NA"
"-114.01","51.12","CALGARY INTL A","3031092","2023-12-12 22:00","2023","12","12","22:00","","-0.3","","-11.4","","43","","","","22","","10","","24.1","","88.96","","","","-4","","NA"
"-114.01","51.12","CALGARY INTL A","3031092","2023-12-12 23:00","2023","12","12","23:00","","-5.3","","-12.1","","59","","","","20","","10","","24.1","","88.91","","","","-10","","Clear"
"-114.01","51.12","CALGARY INTL A","3031092","2023-12-13 00:00","2023","12","13","00:00","","-5.2","","-12.9","","55","","","","19","","9","","24.1","","88.91","","","","-9","","NA"
"-114.01","51.12","CALGARY INTL A","3031092","2023-12-13 01:00","2023","12","13","01:00","","-2.5","","-12.8","","45","","","","19","","9","","24.1","","88.86","","","","-6","","NA"
"-114.01","51.12","CALGARY INTL A","3031092","2023-12-13 02:00","2023","12","13","02:00","","-1.5","","-12.7","","42","","","","23","","6","","24.1","","88.82","","","","-4","","Clear"
"-114.01","51.12","CALGARY INTL A","3031092","2023-12-13 03:00","2023","12","13","03:00","","-2.9","","-12.2","","49","","","","24","","3","","24.1","","88.81","","","","-4","","NA"
"-114.01","51.12","CALGARY INTL A","3031092","2023-12-13 04:00","2023","12","13","04:00","","-1.9","","-13.6","","41","","","","16","","7","","24.1","","88.75","","","","-5","","NA"
"-114.01","51.12","CALGARY INTL A","3031092","2023-12-13 05:00","2023","12","13","05:00","","1.2","","-13.5","","33","","","","14","","8","","24.1","","88.70","","","","","","Mostly Cloudy"
"-114.01","51.12","CALGARY INTL A","3031092","2023-12-13 06:00","2023","12","13","06:00","","1.7","","-12.3","","35","","","","13","","4","","24.1","","88.67","","","","","","NA"
"-114.01","51.12","CALGARY INTL A","3031092","2023-12-13 07:00","2023","12","13","07:00","","8.2","","-15.7","","17","","","","29","","11","","24.1","","88.67","","","","","","NA"
"-114.01","51.12","CALGARY INTL A","3031092","2023-12-13 08:00","2023","12","13","08:00","","6.1","","-13.1","","24","","","","11","","14","","24.1","","88.63","","","","","","Mostly Cloudy"
"-114.01","51.12","CALGARY INTL A","3031092","2023-12-13 09:00","2023","12","13","09:00","","5.6","","-11.4","","28","","","","19","","10","","64.4","","88.60","","","","","","NA"
"-114.01","51.12","CALGARY INTL A","3031092","2023-12-13 10:00","2023","12","13","10:00","","10.0","","-15.4","","15","","","","25","","20","","64.4","","88.64","","","","","","NA"
"-114.01","51.12","CALGARY INTL A","3031092","2023-12-13 11:00","2023","12","13","11:00","","11.9","","-17.1","","12","","","","26","","19","","64.4","","88.65","","","","","","Mostly Cloudy"
"-114.01","51.12","CALGARY INTL A","3031092","2023-12-13 12:00","2023","12","13","12:00","","12.2","","-14.4","","14","","","","26","","3","","64.4","","88.60","","","","","","NA"
"-114.01","51.12","CALGARY INTL A","3031092","2023-12-13 13:00","2023","12","13","13:00","","11.3","","-12.1","","18","","","","16","","3","","64.4","","88.56","","","","","","NA"
"-114.01","51.12","CALGARY INTL A","3031092","2023-12-13 14:00","2023","12","13","14:00","","10.8","","-10.9","","21","","","","19","","4","","64.4","","88.52","","","","","","Mostly Cloudy"
"-114.01","51.12","CALGARY INTL A","3031092","2023-12-13 15:00","2023","12","13","15:00","","6.6","","-5.0","","43","","","","15","","4","","24.1","","88.48","","","","","","NA"
"-114.01","51.12","CALGARY INTL A","3031092","2023-12-13 16:00","2023","12","13","16:00","","5.5","","-4.7","","48","","","","29","","4","","24.1","","88.46","","","","","","NA"
"-114.01","51.12","CALGARY INTL A","3031092","2023-12-13 17:00","2023","12","13","17:00","","3.6","","-4.8","","54","","","","34","","7","","16.1","","88.48","","","","","","Mostly Cloudy"
"-114.01","51.12","CALGARY INTL A","3031092","2023-12-13 18:00","2023","12","13","18:00","","2.7","","-5.6","","54","","","","34","","4","","16.1","","88.46","","","","","","NA"
"-114.01","51.12","CALGARY INTL A","3031092","2023-12-13 19:00","2023","12","13","19:00","","2.1","","-4.3","","63","","","","","","0","","16.1","","88.47","","","","","","NA"
"-114.01","51.12","CALGARY INTL A","3031092","2023-12-13 20:00","2023","12","13","20:00","","1.3","","-4.7","","64","","","","10","","3","","24.1","","88.50","","","","","","Mostly Cloudy"
"-114.01","51.12","CALGARY INTL A","3031092","2023-12-13 21:00","2023","12","13","21:00","","1.1","","-4.2","","68","","","","36","","4","","24.1","","88.48","","","","","","NA"
"-114.01","51.12","CALGARY INTL A","3031092","2023-12-13 22:00","2023","12","13","22:00","","2.3","","-5.9","","55","","","","19","","4","","24.1","","88.51","","","","","","NA"
"-114.01","51.12","CALGARY INTL A","3031092","2023-12-13 23:00","2023","12","13","23:00","","3.7","","-8.4","","41","","","","21","","3","","24.1","","88.56","","","","","","Mostly Cloudy"
"-114.01","51.12","CALGARY INTL A","3031092","2023-12-14 00:00","2023","12","14","00:00","","3.1","","-7.3","","46","","","","4","","5","","24.1","","88.62","","","","","","NA"
"-114.01","51.12","CALGARY INTL A","3031092","2023-12-14 01:00","2023","12","14","01:00","","7.2","","-11.2","","26","","","","31","","18","","24.1","","88.64","","","","","","NA"
"-114.01","51.12","CALGARY INTL A","3031092","2023-12-14 02:00","2023","12","14","02:00","","7.5","","-12.1","","24","","","","33","","18","","24.1","","88.70","","","","","","Mostly Cloudy"
"-114.01","51.12","CALGARY INTL A","3031092","2023-12-14 03:00","2023","12","14","03:00","","9.8","","-13.6","","18","","","","30","","27","","24.1","","88.78","","","","","","NA"
"-114.01","51.12","CALGARY INTL A","3031092","2023-12-14 04:00","2023","12","14","04:00","","6.7","","-10.2","","29","","","","1","","18","","24.1","","88.98","","","","","","NA"
"-114.01","51.12","CALGARY INTL A","3031092","2023-12-14 05:00","2023","12","14","05:00","","3.1","","-4.8","","56","","","","4","","20","","24.1","","89.10","","","","","","Mostly Cloudy"
"-114.01","51.12","CALGARY INTL A","3031092","2023-12-14 06:00","2023","12","14","06:00","","3.2","","-5.2","","54","","","","35","","14","","24.1","","89.23","","","","","","NA"
"-114.01","51.12","CALGARY INTL A","3031092","2023-12-14 07:00","2023","12","14","07:00","","2.8","","-4.2","","60","","","","36","","13","","24.1","","89.33","","","","","","NA"
"-114.01","51.12","CALGARY INTL A","3031092","2023-12-14 08:00","2023","12","14","08:00","","2.6","","-4.5","","60","","","","34","","12","","24.1","","89.42","","","","","","Cloudy"
"-114.01","51.12","CALGARY INTL A","3031092","2023-12-14 09:00","2023","12","14","09:00","","2.7","","-5.2","","56","","","","3","","8","","24.1","","89.55","","","","","","NA"
"-114.01","51.12","CALGARY INTL A","3031092","2023-12-14 10:00","2023","12","14","10:00","","1.9","","-4.2","","64","","","","2","","9","","24.1","","89.61","","","","","","NA"
"-114.01","51.12","CALGARY INTL A","3031092","2023-12-14 11:00","2023","12","14","11:00","","2.8","","-4.8","","57","","","","6","","9","","24.1","","89.62","","","","","","Cloudy"
"-114.01","51.12","CALGARY INTL A","3031092","2023-12-14 12:00","2023","12","14","12:00","","2.4","","-3.4","","66","","","","","","0","","9.7","","89.62","","","","","","Fog"
"-114.01","51.12","CALGARY INTL A","3031092","2023-12-14 13:00","2023","12","14","13:00","","1.0","","-1.2","","86","","","","19","","7","","2.0","","89.61","","","","","","Snow,Fog"
"-114.01","51.12","CALGARY INTL A","3031092","2023-12-14 14:00","2023","12","14","14:00","","0.5","","0.2","","98","","","","19","","13","","1.6","","89.59","","","","","","Snow,Fog"
"-114.01","51.12","CALGARY INTL A","3031092","2023-12-14 15:00","2023","12","14","15:00","","0.4","","0.3","","100","","","","17","","14","","3.6","","89.58","","","","","","Snow,Fog"
"-114.01","51.12","CALGARY INTL A","3031092","2023-12-14 16:00","2023","12","14","16:00","","0.5","","0.2","","98","","","","15","","11","","2.4","","89.59","","","","","","Snow,Fog"
"-114.01","51.12","CALGARY INTL A","3031092","2023-12-14 17:00","2023","12","14","17:00","","0.4","","0.0","","97","","","","14","","16","","2.8","","89.55","","","","","","Snow,Fog"
"-114.01","51.12","CALGARY INTL A","3031092","2023-12-14 18:00","2023","12","14","18:00","","0.3","","-0.3","","96","","","","13","","19","","9.7","","89.54","","","","","","Fog"
"-114.01","51.12","CALGARY INTL A","3031092","2023-12-14 19:00","2023","12","14","19:00","","0.2","","-0.2","","98","","","","14","","17","","6.4","","89.53","","","","","","Fog"
"-114.01","51.12","CALGARY INTL A","3031092","2023-12-14 20:00","2023","12","14","20:00","","0.2","","-0.4","","96","","","","14","","14","","24.1","","89.51","","","","","","Cloudy"
"-114.01","51.12","CALGARY INTL A","3031092","2023-12-14 21:00","2023","12","14","21:00","","0.1","","-0.5","","96","","","","11","","9","","6.4","","89.59","","","","","","Fog"
"-114.01","51.12","CALGARY INTL A","3031092","2023-12-14 22:00","2023","12","14","22:00","","0.1","","-0.8","","94","","","","14","","13","","8.1","","89.58","","","","","","Fog"
"-114.01","51.12","CALGARY INTL A","3031092","2023-12-14 23:00","2023","12","14","23:00","","0.0","","-1.3","","91","","","","15","","14","","8.1","","89.57","","","","-4","","Fog"
"-114.01","51.12","CALGARY INTL A","3031092","2023-12-15 00:00","2023","12","15","00:00","","-0.2","","-1.3","","92","","","","16","","15","","9.7","","89.63","","","","-5","","Fog"
"-114.01","51.12","CALGARY INTL A","3031092","2023-12-15 01:00","2023","12","15","01:00","","-0.4","","-1.1","","95","","","","13","","9","","4.8","","89.70","","","","-4","","Fog"
"-114.01","51.12","CALGARY INTL A","3031092","2023-12-15 02:00","2023","12","15","02:00","","-1.4","","-1.8","","97","","","","12","","7","","9.7","","89.68","","","","-4","","Fog"
"-114.01","51.12","CALGARY INTL A","3031092","2023-12-15 03:00","2023","12","15","03:00","","-1.9","","-1.9","","100","","","","20","","5","","1.2","","89.77","","","","-4","","Fog"
"-114.01","51.12","CALGARY INTL A","3031092","2023-12-15 04:00","2023","12","15","04:00","","-5.0","","-5.0","","100","","","","2","","6","","0.4","","89.79","","","","-8","","Freezing Fog"
"-114.01","51.12","CALGARY INTL A","3031092","2023-12-15 05:00","2023","12","15","05:00","","-3.0","","-3.0","","100","","","","1","","7","","0.4","","89.80","","","","-6","","Freezing Fog"
"-114.01","51.12","CALGARY INTL A","3031092","2023-12-15 06:00","2023","12","15","06:00","","-3.2","","-3.2","","100","","","","36","","4","","0.4","","89.83","","","","-5","","Freezing Fog"
"-114.01","51.12","CALGARY INTL A","3031092","2023-12-15 07:00","2023","12","15","07:00","","-4.5","","-4.8","","98","","","","36","","3","","0.8","","89.81","","","","-6","","Freezing Fog"
"-114.01","51.12","CALGARY INTL A","3031092","2023-12-15 08:00","2023","12","15","08:00","","-4.8","","-5.2","","98","","","","23","","9","","0.8","","89.76","","","","-9","","Freezing Fog"
"-114.01","51.12","CALGARY INTL A","3031092","2023-12-15 09:00","2023","12","15","09:00","","-5.7","","-6.2","","97","","","","22","","15","","0.8","","89.77","","","","-11","","Freezing Fog"
"-114.01","51.12","CALGARY INTL A","3031092","2023-12-15 10:00","2023","12","15","10:00","","-5.2","","-5.5","","98","","","","22","","11","","0.2","","89.72","","","","-10","","Freezing Fog"
"-114.01","51.12","CALGARY INTL A","3031092","2023-12-15 11:00","2023","12","15","11:00","","-4.1","","-4.3","","98","","","","18","","10","","4.0","","89.66","","","","-8","","Fog"
"-114.01","51.12","CALGARY INTL A","3031092","2023-12-15 12:00","2023","12","15","12:00","","-3.0","","-3.3","","97","","","","18","","10","","48.3","","89.58","","","","-7","","NA"
"-114.01","51.12","CALGARY INTL A","3031092","2023-12-15 13:00","2023","12","15","13:00","","-1.1","","-4.0","","81","","","","17","","13","","48.3","","89.44","","","","-5","","NA"
"-114.01","51.12","CALGARY INTL A","3031092","2023-12-15 14:00","2023","12","15","14:00","","-0.8","","-4.3","","77","","","","18","","12","","32.2","","89.32","","","","-5","","Mostly Cloudy"
"-114.01","51.12","CALGARY INTL A","3031092","2023-12-15 15:00","2023","12","15","15:00","","-1.2","","-5.0","","76","","","","19","","15","","32.2","","89.25","","","","-6","","NA"
"-114.01","51.12","CALGARY INTL A","3031092","2023-12-15 16:00","2023","12","15","16:00","","-2.1","","-5.0","","80","","","","19","","14","","32.2","","89.16","","","","-7","","NA"
"-114.01","51.12","CALGARY INTL A","3031092","2023-12-15 17:00","2023","12","15","17:00","","-2.0","","-4.8","","81","","","","19","","14","","24.1","","89.08","","","","-7","","Mostly Cloudy"
"-114.01","51.12","CALGARY INTL A","3031092","2023-12-15 18:00","2023","12","15","18:00","","-1.7","","-4.8","","79","","","","21","","11","","24.1","","89.03","","","","-6","","NA"
"-114.01","51.12","CALGARY INTL A","3031092","2023-12-15 19:00","2023","12","15","19:00","","-0.7","","-5.3","","71","","","","21","","11","","24.1","","88.93","","","","-4","","NA"
"-114.01","51.12","CALGARY INTL A","3031092","2023-12-15 20:00","2023","12","15","20:00","","1.6","","-5.0","","61","","","","22","","17","","16.1","","88.82","","","","","","Mostly Cloudy"
"-114.01","51.12","CALGARY INTL A","3031092","2023-12-15 21:00","2023","12","15","21:00","","4.0","","-5.1","","52","","","","22","","18","","24.1","","88.75","","","","","","NA"
"-114.01","51.12","CALGARY INTL A","3031092","2023-12-15 22:00","2023","12","15","22:00","","3.5","","-5.4","","52","","","","22","","11","","24.1","","88.71","","","","","","NA"
"-114.01","51.12","CALGARY INTL A","3031092","2023-12-15 23:00","2023","12","15","23:00","","2.8","","-5.3","","55","","","","21","","15","","24.1","","88.62","","","","","","Mostly Cloudy"
"-114.01","51.12","CALGARY INTL A","3031092","2023-12-16 00:00","2023","12","16","00:00","","1.4","","-5.5","","60","","","","17","","11","","24.1","","88.52","","","","","","NA"
"-114.01","51.12","CALGARY INTL A","3031092","2023-12-16 01:00","2023","12","16","01:00","","1.6","","-5.0","","62","","","","18","","11","","24.1","","88.41","","","","","","NA"
"-114.01","51.12","CALGARY INTL A","3031092","2023-12-16 02:00","2023","12","16","02:00","","1.1","","-4.5","","66","","","","22","","5","","24.1","","88.41","","","","","","Clear"
"-114.01","51.12","CALGARY INTL A","3031092","2023-12-16 03:00","2023","12","16","03:00","","2.8","","-4.6","","58","","","","23","","3","","24.1","","88.35","","","","","","NA"
"-114.01","51.12","CALGARY INTL A","3031092","2023-12-16 04:00","2023","12","16","04:00","","8.4","","-4.4","","40","","","","26","","13","","24.1","","88.36","","","","","","NA"
"-114.01","51.12","CALGARY INTL A","3031092","2023-12-16 05:00","2023","12","16","05:00","","10.1","","-5.5","","33","","","","28","","26","","16.1","","88.38","","","","","","Mostly Cloudy"
"-114.01","51.12","CALGARY INTL A","3031092","2023-12-16 06:00","2023","12","16","06:00","","7.3","","-4.2","","44","","","","35","","18","","16.1","","88.49","","","","","","NA"
"-114.01","51.12","CALGARY INTL A","3031092","2023-12-16 07:00","2023","12","16","07:00","","3.6","","-2.7","","63","","","","1","","21","","24.1","","88.58","","","","","","NA"
"-114.01","51.12","CALGARY INTL A","3031092","2023-12-16 08:00","2023","12","16","08:00","","1.7","","-2.3","","75","","","","3","","16","","24.1","","88.63","","","","","","Mostly Cloudy"
"-114.01","51.12","CALGARY INTL A","3031092","2023-12-16 09:00","2023","12","16","09:00","","1.1","","-1.3","","84","","","","1","","11","","48.3","","88.71","","","","","","NA"
"-114.01","51.12","CALGARY INTL A","3031092","2023-12-16 10:00","2023","12","16","10:00","","1.1","","-1.1","","85","","","","25","","3","","64.4","","88.77","","","","","","NA"
"-114.01","51.12","CALGARY INTL A","3031092","2023-12-16 11:00","2023","12","16","11:00","","2.9","","-1.0","","76","","","","21","","10","","64.4","","88.79","","","","","","Mostly Cloudy"
"-114.01","51.12","CALGARY INTL A","3031092","2023-12-16 12:00","2023","12","16","12:00","","3.8","","-0.7","","72","","","","17","","12","","64.4","","88.77","","","","","","NA"
"-114.01","51.12","CALGARY INTL A","3031092","2023-12-16 13:00","2023","12","16","13:00","","3.8","","-0.7","","73","","","","16","","16","","64.4","","88.71","","","","","","NA"
"-114.01","51.12","CALGARY INTL A","3031092","2023-12-16 14:00","2023","12","16","14:00","","3.7","","-0.9","","72","","","","17","","16","","32.2","","88.65","","","","","","Clear"
"-114.01","51.12","CALGARY INTL A","3031092","2023-12-16 15:00","2023","12","16","15:00","","3.4","","-1.1","","72","","","","18","","8","","24.1","","88.58","","","","","","NA"
"-114.01","51.12","CALGARY INTL A","3031092","2023-12-16 16:00","2023","12","16","16:00","","2.6","","-1.5","","74","","","","18","","18","","24.1","","88.58","","","","","","NA"
"-114.01","51.12","CALGARY INTL A","3031092","2023-12-16 17:00","2023","12","16","17:00","","1.1","","-2.0","","80","","","","18","","10","","24.1","","88.60","","","","","","Mainly Clear"
"-114.01","51.12","CALGARY INTL A","3031092","2023-12-16 18:00","2023","12","16","18:00","","0.4","","-2.0","","84","","","","19","","10","","24.1","","88.59","","","","","","NA"
"-114.01","51.12","CALGARY INTL A","3031092","2023-12-16 19:00","2023","12","16","19:00","","-0.9","","-2.6","","88","","","","19","","9","","24.1","","88.58","","","","-4","","NA"
"-114.01","51.12","CALGARY INTL A","3031092","2023-12-16 20:00","2023","12","16","20:00","","-0.4","","-2.5","","85","","","","12","","4","","24.1","","88.66","","","","-2","","Mostly Cloudy"
"-114.01","51.12","CALGARY INTL A","3031092","2023-12-16 21:00","2023","12","16","21:00","","1.7","","-3.3","","69","","","","8","","4","","16.1","","88.71","","","","","","NA"
"-114.01","51.12","CALGARY INTL A","3031092","2023-12-16 22:00","2023","12","16","22:00","","5.7","","-4.8","","47","","","","31","","13","","16.1","","88.79","","","","","","NA"
"-114.01","51.12","CALGARY INTL A","3031092","2023-12-16 23:00","2023","12","16","23:00","","2.5","","-3.7","","63","","","","3","","18","","16.1","","88.88","","","","","","Mostly Cloudy"
"-114.01","51.12","CALGARY INTL A","3031092","2023-12-17 00:00","2023","12","17","00:00","","3.5","","-4.6","","55","","","","34","","7","","16.1","","88.96","","","","","","NA"
"-114.01","51.12","CALGARY INTL A","3031092","2023-12-17 01:00","2023","12","17","01:00","","0.2","","-2.9","","80","","","","35","","31","","16.1","","89.22","","","","","","NA"
"-114.01","51.12","CALGARY INTL A","3031092","2023-12-17 02:00","2023","12","17","02:00","","-0.6","","-3.9","","79","","","","2","","25","","11.3","","89.32","","","","-7","","Mostly Cloudy"
"-114.01","51.12","CALGARY INTL A","3031092","2023-12-17 03:00","2023","12","17","03:00","","-1.7","","-6.8","","68","","","","3","","28","","11.3","","89.42","","","","-8","","NA"
"-114.01","51.12","CALGARY INTL A","3031092","2023-12-17 04:00","2023","12","17","04:00","","-3.3","","-8.1","","70","","","","1","","13","","11.3","","89.52","","","","-8","","NA"
"-114.01","51.12","CALGARY INTL A","3031092","2023-12-17 05:00","2023","12","17","05:00","","-3.1","","-7.6","","71","","","","7","","13","","11.3","","89.60","","","","-8","","Cloudy"
"-114.01","51.12","CALGARY INTL A","3031092","2023-12-17 06:00","2023","12","17","06:00","","-2.6","","-9.0","","61","","","","9","","12","","11.3","","89.66","","","","-7","","NA"
"-114.01","51.12","CALGARY INTL A","3031092","2023-12-17 07:00","2023","12","17","07:00","","-2.5","","-8.7","","62","","","","11","","8","","11.3","","89.69","","","","-6","","NA"
"-114.01","51.12","CALGARY INTL A","3031092","2023-12-17 08:00","2023","12","17","08:00","","-2.4","","-8.6","","63","","","","19","","9","","16.1","","89.70","","","","-6","","Cloudy"
"-114.01","51.12","CALGARY INTL A","3031092","2023-12-17 09:00","2023","12","17","09:00","","-3.1","","-9.2","","63","","","","18","","14","","24.1","","89.72","","","","-8","","NA"
"-114.01","51.12","CALGARY INTL A","3031092","2023-12-17 10:00","2023","12","17","10:00","","-3.0","","-9.8","","60","","","","18","","13","","24.1","","89.73","","","","-8","","NA"
"-114.01","51.12","CALGARY INTL A","3031092","2023-12-17 11:00","2023","12","17","11:00","","-2.0","","-8.8","","60","","","","19","","25","","24.1","","89.69","","","","-8","","Mainly Clear"
"-114.01","51.12","CALGARY INTL A","3031092","2023-12-17 12:00","2023","12","17","12:00","","-1.0","","-9.4","","53","","","","18","","22","","24.1","","89.60","","","","-7","","NA"
"-114.01","51.12","CALGARY INTL A","3031092","2023-12-17 13:00","2023","12","17","13:00","","-0.6","","-8.3","","56","","","","18","","24","","24.1","","89.48","","","","-7","","NA"
"-114.01","51.12","CALGARY INTL A","3031092","2023-12-17 14:00","2023","12","17","14:00","","-0.6","","-9.1","","53","","","","18","","25","","24.1","","89.36","","","","-7","","Mostly Cloudy"
"-114.01","51.12","CALGARY INTL A","3031092","2023-12-17 15:00","2023","12","17","15:00","","-1.3","","-7.9","","61","","","","18","","23","","24.1","","89.29","","","","-7","","NA"
"-114.01","51.12","CALGARY INTL A","3031092","2023-12-17 16:00","2023","12","17","16:00","","-2.6","","-6.3","","76","","","","16","","16","","24.1","","89.19","","","","-8","","NA"
"-114.01","51.12","CALGARY INTL A","3031092","2023-12-17 17:00","2023","12","17","17:00","","-2.9","","-5.3","","83","","","","15","","13","","24.1","","89.10","","","","-8","","Mostly Cloudy"
"-114.01","51.12","CALGARY INTL A","3031092","2023-12-17 18:00","2023","12","17","18:00","","-3.5","","-5.7","","84","","","","15","","11","","16.1","","89.02","","","","-8","","NA"
"-114.01","51.12","CALGARY INTL A","3031092","2023-12-17 19:00","2023","12","17","19:00","","-3.0","","-5.9","","81","","","","15","","12","","16.1","","88.90","","","","-7","","NA"
"-114.01","51.12","CALGARY INTL A","3031092","2023-12-17 20:00","2023","12","17","20:00","","-3.6","","-6.2","","82","","","","19","","10","","24.1","","88.82","","","","-8","","Mainly Clear"
"-114.01","51.12","CALGARY INTL A","3031092","2023-12-17 21:00","2023","12","17","21:00","","-3.4","","-6.9","","77","","","","18","","21","","24.1","","88.74","","","","-10","","NA"
"-114.01","51.12","CALGARY INTL A","3031092","2023-12-17 22:00","2023","12","17","22:00","","5.5","","-5.7","","45","","","","28","","26","","24.1","","88.65","","","","","","NA"
"-114.01","51.12","CALGARY INTL A","3031092","2023-12-17 23:00","2023","12","17","23:00","","6.0","","-5.5","","43","","","","28","","26","","24.1","","88.64","","","","","","Mainly Clear"
"-114.01","51.12","CALGARY INTL A","3031092","2023-12-18 00:00","2023","12","18","00:00","","6.8","","-5.3","","42","","","","29","","19","","24.1","","88.63","","","","","","NA"
"-114.01","51.12","CALGARY INTL A","3031092","2023-12-18 01:00","2023","12","18","01:00","","6.6","","-4.6","","44","","","","31","","15","","24.1","","88.59","","","","","","NA"
"-114.01","51.12","CALGARY INTL A","3031092","2023-12-18 02:00","2023","12","18","02:00","","1.9","","-4.5","","63","","","","12","","18","","24.1","","88.56","","","","","","Mainly Clear"
"-114.01","51.12","CALGARY INTL A","3031092","2023-12-18 03:00","2023","12","18","03:00","","2.8","","-4.9","","57","","","","14","","10","","24.1","","88.53","","","","","","NA"
"-114.01","51.12","CALGARY INTL A","3031092","2023-12-18 04:00","2023","12","18","04:00","","4.3","","-4.7","","52","","","","11","","7","","24.1","","88.48","","","","","","NA"
"-114.01","51.12","CALGARY INTL A","3031092","2023-12-18 05:00","2023","12","18","05:00","","2.5","","-4.8","","58","","","","16","","10","","24.1","","88.42","","","","","","Mostly Cloudy"
"-114.01","51.12","CALGARY INTL A","3031092","2023-12-18 06:00","2023","12","18","06:00","","1.1","","-4.2","","68","","","","8","","14","","24.1","","88.37","","","","","","NA"
"-114.01","51.12","CALGARY INTL A","3031092","2023-12-18 07:00","2023","12","18","07:00","","1.9","","-3.4","","68","","","","17","","8","","24.1","","88.29","","","","","","NA"
"-114.01","51.12","CALGARY INTL A","3031092","2023-12-18 08:00","2023","12","18","08:00","","3.0","","-3.1","","64","","","","18","","7","","24.1","","88.23","","","","","","Mostly Cloudy"
"-114.01","51.12","CALGARY INTL A","3031092","2023-12-18 09:00","2023","12","18","09:00","","2.5","","-2.1","","72","","","","14","","6","","64.4","","88.23","","","","","","NA"
"-114.01","51.12","CALGARY INTL A","3031092","2023-12-18 10:00","2023","12","18","10:00","","2.2","","-1.9","","74","","","","2","","14","","64.4","","88.25","","","","","","NA"
"-114.01","51.12","CALGARY INTL A","3031092","2023-12-18 11:00","2023","12","18","11:00","","4.2","","-1.5","","66","","","","2","","9","","64.4","","88.22","","","","","","Mostly Cloudy"
"-114.01","51.12","CALGARY INTL A","3031092","2023-12-18 12:00","2023","12","18","12:00","","4.0","","-1.5","","67","","","","20","","8","","64.4","","88.12","","","","","","NA"
"-114.01","51.12","CALGARY INTL A","3031092","2023-12-18 13:00","2023","12","18","13:00","","4.1","","-1.7","","66","","","","36","","3","","64.4","","88.05","","","","","","NA"
"-114.01","51.12","CALGARY INTL A","3031092","2023-12-18 14:00","2023","12","18","14:00","","3.9","","-1.1","","70","","","","7","","10","","24.1","","87.99","","","","","","Cloudy"
"-114.01","51.12","CALGARY INTL A","3031092","2023-12-18 15:00","2023","12","18","15:00","","3.4","","-0.8","","74","","","","2","","9","","24.1","","87.95","","","","","","NA"
"-114.01","51.12","CALGARY INTL A","3031092","2023-12-18 16:00","2023","12","18","16:00","","2.3","","-0.9","","80","","","","5","","9","","16.1","","87.97","","","","","","NA"
"-114.01","51.12","CALGARY INTL A","3031092","2023-12-18 17:00","2023","12","18","17:00","","1.2","","-2.2","","78","","","","1","","9","","16.1","","87.97","","","","","","Cloudy"
"-114.01","51.12","CALGARY INTL A","3031092","2023-12-18 18:00","2023","12","18","18:00","","0.8","","-2.6","","78","","","","3","","10","","16.1","","87.98","","","","","","NA"
"-114.01","51.12","CALGARY INTL A","3031092","2023-12-18 19:00","2023","12","18","19:00","","0.7","","-2.6","","78","","","","35","","11","","16.1","","87.97","","","","","","NA"
"-114.01","51.12","CALGARY INTL A","3031092","2023-12-18 20:00","2023","12","18","20:00","","1.0","","-3.2","","73","","","","7","","9","","24.1","","87.98","","","","","","Mostly Cloudy"
"-114.01","51.12","CALGARY INTL A","3031092","2023-12-18 21:00","2023","12","18","21:00","","-0.3","","-3.4","","80","","","","1","","13","","24.1","","88.02","","","","-4","","NA"
"-114.01","51.12","CALGARY INTL A","3031092","2023-12-18 22:00","2023","12","18","22:00","","-1.1","","-4.0","","81","","","","2","","15","","24.1","","88.10","","","","-6","","NA"
"-114.01","51.12","CALGARY INTL A","3031092","2023-12-18 23:00","2023","12","18","23:00","","-1.1","","-4.3","","79","","","","1","","16","","24.1","","88.13","","","","-6","","Mostly Cloudy"
"-114.01","51.12","CALGARY INTL A","3031092","2023-12-19 00:00","2023","12","19","00:00","","-1.3","","-4.3","","80","","","","36","","10","","24.1","","88.16","","","","-5","","NA"
"-114.01","51.12","CALGARY INTL A","3031092","2023-12-19 01:00","2023","12","19","01:00","","-1.6","","-4.4","","81","","","","35","","10","","24.1","","88.18","","","","-5","","NA"
"-114.01","51.12","CALGARY INTL A","3031092","2023-12-19 02:00","2023","12","19","02:00","","-1.6","","-4.4","","81","","","","36","","9","","24.1","","88.22","","","","-5","","Mostly Cloudy"
"-114.01","51.12","CALGARY INTL A","3031092","2023-12-19 03:00","2023","12","19","03:00","","-1.5","","-4.2","","82","","","","2","","8","","24.1","","88.24","","","","-5","","NA"
"-114.01","51.12","CALGARY INTL A","3031092","2023-12-19 04:00","2023","12","19","04:00","","-2.3","","-4.3","","87","","","","2","","10","","24.1","","88.24","","","","-6","","NA"
"-114.01","51.12","CALGARY INTL A","3031092","2023-12-19 05:00","2023","12","19","05:00","","-2.4","","-4.2","","88","","","","1","","9","","24.1","","88.27","","","","-6","","Mostly Cloudy"
"-114.01","51.12","CALGARY INTL A","3031092","2023-12-19 06:00","2023","12","19","06:00","","-3.2","","-4.5","","91","","","","2","","9","","16.1","","88.23","","","","-7","","NA"
"-114.01","51.12","CALGARY INTL A","3031092","2023-12-19 07:00","2023","12","19","07:00","","-2.5","","-3.9","","90","","","","7","","7","","12.9","","88.23","","","","-5","","NA"
"-114.01","51.12","CALGARY INTL A","3031092","2023-12-19 08:00","2023","12","19","08:00","","-2.7","","-3.9","","91","","","","6","","7","","16.1","","88.20","","","","-6","","Cloudy"
"-114.01","51.12","CALGARY INTL A","3031092","2023-12-19 09:00","2023","12","19","09:00","","-2.0","","-4.0","","86","","","","15","","9","","12.9","","88.17","","","","-5","","NA"
"-114.01","51.12","CALGARY INTL A","3031092","2023-12-19 10:00","2023","12","19","10:00","","-2.1","","-4.1","","87","","","","17","","10","","9.7","","88.13","","","","-6","","Haze"
"-114.01","51.12","CALGARY INTL A","3031092","2023-12-19 11:00","2023","12","19","11:00","","-1.9","","-4.1","","85","","","","16","","12","","9.7","","88.09","","","","-6","","Haze"
"-114.01","51.12","CALGARY INTL A","3031092","2023-12-19 12:00","2023","12","19","12:00","","-2.2","","-4.4","","85","","","","16","","14","","9.7","","88.03","","","","-7","","Haze"
"-114.01","51.12","CALGARY INTL A","3031092","2023-12-19 13:00","2023","12","19","13:00","","-2.2","","-4.3","","86","","","","15","","12","","8.1","","88.00","","","","-6","","Haze"
"-114.01","51.12","CALGARY INTL A","3031092","2023-12-19 14:00","2023","12","19","14:00","","-2.1","","-4.1","","86","","","","15","","12","","8.1","","87.94","","","","-6","","Haze"
"-114.01","51.12","CALGARY INTL A","3031092","2023-12-19 15:00","2023","12","19","15:00","","-2.0","","-3.9","","87","","","","15","","13","","8.1","","87.90","","","","-6","","Haze"
"-114.01","51.12","CALGARY INTL A","3031092","2023-12-19 16:00","2023","12","19","16:00","","-2.4","","-3.8","","91","","","","16","","10","","9.7","","87.94","","","","-6","","Haze"
"-114.01","51.12","CALGARY INTL A","3031092","2023-12-19 17:00","2023","12","19","17:00","","-2.5","","-3.5","","92","","","","17","","13","","8.1","","87.95","","","","-7","","Haze"
"-114.01","51.12","CALGARY INTL A","3031092","2023-12-19 18:00","2023","12","19","18:00","","-2.1","","-3.1","","93","","","","16","","10","","6.4","","87.97","","","","-6","","Haze"
"-114.01","51.12","CALGARY INTL A","3031092","2023-12-19 19:00","2023","12","19","19:00","","-2.2","","-3.0","","94","","","","14","","14","","4.8","","87.97","","","","-7","","Fog"
"-114.01","51.12","CALGARY INTL A","3031092","2023-12-19 20:00","2023","12","19","20:00","","-2.7","","-3.1","","97","","","","16","","14","","4.0","","87.94","","","","-8","","Fog"
"-114.01","51.12","CALGARY INTL A","3031092","2023-12-19 21:00","2023","12","19","21:00","","-2.9","","-3.0","","99","","","","17","","13","","2.4","","87.91","","","","-8","","Fog"
"-114.01","51.12","CALGARY INTL A","3031092","2023-12-19 22:00","2023","12","19","22:00","","-3.0","","-3.0","","100","","","","16","","9","","1.2","","87.87","","","","-7","","Fog"
"-114.01","51.12","CALGARY INTL A","3031092","2023-12-19 23:00","2023","12","19","23:00","","-2.9","","-2.9","","100","","","","23","","9","","1.0","","87.84","","","","-6","","Fog"
"-114.01","51.12","CALGARY INTL A","3031092","2023-12-20 00:00","2023","12","20","00:00","","-3.7","","-4.3","","96","","","","19","","13","","12.9","","87.83","","","","-9","","NA"
"-114.01","51.12","CALGARY INTL A","3031092","2023-12-20 01:00","2023","12","20","01:00","","-3.3","","-4.7","","90","","","","19","","16","","24.1","","87.81","","","","-9","","NA"
"-114.01","51.12","CALGARY INTL A","3031092","2023-12-20 02:00","2023","12","20","02:00","","-0.7","","-3.5","","81","","","","20","","18","","24.1","","87.83","","","","-6","","Mostly Cloudy"
"-114.01","51.12","CALGARY INTL A","3031092","2023-12-20 03:00","2023","12","20","03:00","","1.2","","-2.4","","77","","","","19","","9","","24.1","","87.87","","","","","","NA"
"-114.01","51.12","CALGARY INTL A","3031092","2023-12-20 04:00","2023","12","20","04:00","","3.0","","-2.5","","67","","","","19","","14","","24.1","","87.89","","","","","","NA"
"-114.01","51.12","CALGARY INTL A","3031092","2023-12-20 05:00","2023","12","20","05:00","","3.8","","-1.9","","66","","","","16","","12","","24.1","","87.93","","","","","","Mostly Cloudy"
"-114.01","51.12","CALGARY INTL A","3031092","2023-12-20 06:00","2023","12","20","06:00","","7.2","","-2.0","","52","","","","24","","9","","24.1","","87.93","","","","","","NA"
"-114.01","51.12","CALGARY INTL A","3031092","2023-12-20 07:00","2023","12","20","07:00","","9.2","","-2.5","","44","","","","26","","14","","24.1","","87.94","","","","","","NA"
"-114.01","51.12","CALGARY INTL A","3031092","2023-12-20 08:00","2023","12","20","08:00","","8.3","","-2.3","","47","","","","26","","14","","24.1","","88.01","","","","","","Mostly Cloudy"
"-114.01","51.12","CALGARY INTL A","3031092","2023-12-20 09:00","2023","12","20","09:00","","5.0","","-1.8","","62","","","","22","","17","","64.4","","88.07","","","","","","NA"
"-114.01","51.12","CALGARY INTL A","3031092","2023-12-20 10:00","2023","12","20","10:00","","6.6","","-1.9","","54","","","","22","","16","","64.4","","88.09","","","","","","NA"
"-114.01","51.12","CALGARY INTL A","3031092","2023-12-20 11:00","2023","12","20","11:00","","7.1","","-1.9","","53","","","","24","","9","","64.4","","88.12","","","","","","Mostly Cloudy"
"-114.01","51.12","CALGARY INTL A","3031092","2023-12-20 12:00","2023","12","20","12:00","","7.5","","-1.4","","53","","","","20","","7","","64.4","","88.10","","","","","","NA"
"-114.01","51.12","CALGARY INTL A","3031092","2023-12-20 13:00","2023","12","20","13:00","","8.7","","-1.5","","49","","","","21","","11","","64.4","","88.06","","","","","","NA"
"-114.01","51.12","CALGARY INTL A","3031092","2023-12-20 14:00","2023","12","20","14:00","","8.8","","-1.1","","50","","","","18","","8","","48.3","","88.05","","","","","","Mainly Clear"
"-114.01","51.12","CALGARY INTL A","3031092","2023-12-20 15:00","2023","12","20","15:00","","9.8","","-2.0","","44","","","","21","","9","","48.3","","88.06","","","","","","NA"
"-114.01","51.12","CALGARY INTL A","3031092","2023-12-20 16:00","2023","12","20","16:00","","9.8","","-2.6","","42","","","","25","","7","","32.2","","88.09","","","","","","NA"
"-114.01","51.12","CALGARY INTL A","3031092","2023-12-20 17:00","2023","12","20","17:00","","8.4","","-2.7","","45","","","","23","","5","","32.2","","88.12","","","","","","Mainly Clear"
"-114.01","51.12","CALGARY INTL A","3031092","2023-12-20 18:00","2023","12","20","18:00","","7.4","","-3.0","","48","","","","21","","5","","24.1","","88.17","","","","","","NA"
"-114.01","51.12","CALGARY INTL A","3031092","2023-12-20 19:00","2023","12","20","19:00","","6.4","","-3.0","","51","","","","23","","7","","24.1","","88.18","","","","","","NA"
"-114.01","51.12","CALGARY INTL A","3031092","2023-12-20 20:00","2023","12","20","20:00","","4.5","","-3.6","","56","","","","21","","10","","24.1","","88.22","","","","","","Mainly Clear"
"-114.01","51.12","CALGARY INTL A","3031092","2023-12-20 21:00","2023","12","20","21:00","","4.0","","-3.3","","59","","","","23","","3","","24.1","","88.28","","","","","","NA"
"-114.01","51.12","CALGARY INTL A","3031092","2023-12-20 22:00","2023","12","20","22:00","","4.7","","-3.0","","58","","","","23","","9","","24.1","","88.34","","","","","","NA"
"-114.01","51.12","CALGARY INTL A","3031092","2023-12-20 23:00","2023","12","20","23:00","","8.0","","-3.3","","45","","","","28","","25","","24.1","","88.38","","","","","","Mainly Clear"
"-114.01","51.12","CALGARY INTL A","3031092","2023-12-21 00:00","2023","12","21","00:00","","7.2","","-3.5","","46","","","","27","","7","","24.1","","88.41","","","","","","NA"
"-114.01","51.12","CALGARY INTL A","3031092","2023-12-21 01:00","2023","12","21","01:00","","6.9","","-3.9","","46","","","","24","","9","","24.1","","88.47","","","","","","NA"
"-114.01","51.12","CALGARY INTL A","3031092","2023-12-21 02:00","2023","12","21","02:00","","5.6","","-2.5","","56","","","","35","","25","","24.1","","88.59","","","","","","Mostly Cloudy"
"-114.01","51.12","CALGARY INTL A","3031092","2023-12-21 03:00","2023","12","21","03:00","","4.9","","-2.5","","59","","","","35","","13","","22.5","","88.71","","","","","","NA"
"-114.01","51.12","CALGARY INTL A","3031092","2023-12-21 04:00","2023","12","21","04:00","","4.5","","-2.2","","62","","","","4","","7","","24.1","","88.71","","","","","","NA"
"-114.01","51.12","CALGARY INTL A","3031092","2023-12-21 05:00","2023","12","21","05:00","","2.6","","-1.7","","73","","","","7","","6","","24.1","","88.73","","","","","","Mostly Cloudy"
"-114.01","51.12","CALGARY INTL A","3031092","2023-12-21 06:00","2023","12","21","06:00","","0.7","","-2.5","","79","","","","6","","4","","24.1","","88.79","","","","","","NA"
"-114.01","51.12","CALGARY INTL A","3031092","2023-12-21 07:00","2023","12","21","07:00","","1.0","","-3.4","","73","","","","18","","12","","24.1","","88.80","","","","","","NA"
"-114.01","51.12","CALGARY INTL A","3031092","2023-12-21 08:00","2023","12","21","08:00","","0.2","","-4.2","","72","","","","18","","13","","24.1","","88.80","","","","","","Mostly Cloudy"
"-114.01","51.12","CALGARY INTL A","3031092","2023-12-21 09:00","2023","12","21","09:00","","1.6","","-4.3","","65","","","","16","","9","","32.2","","88.79","","","","","","NA"
"-114.01","51.12","CALGARY INTL A","3031092","2023-12-21 10:00","2023","12","21","10:00","","1.6","","-3.9","","67","","","","18","","10","","48.3","","88.76","","","","","","NA"
"-114.01","51.12","CALGARY INTL A","3031092","2023-12-21 11:00","2023","12","21","11:00","","3.1","","-3.7","","61","","","","20","","12","","48.3","","88.72","","","","","","Cloudy"
"-114.01","51.12","CALGARY INTL A","3031092","2023-12-21 12:00","2023","12","21","12:00","","3.3","","-3.6","","61","","","","18","","12","","48.3","","88.63","","","","","","NA"
"-114.01","51.12","CALGARY INTL A","3031092","2023-12-21 13:00","2023","12","21","13:00","","4.0","","-3.5","","58","","","","20","","12","","48.3","","88.56","","","","","","NA"
"-114.01","51.12","CALGARY INTL A","3031092","2023-12-21 14:00","2023","12","21","14:00","","3.3","","-2.6","","65","","","","17","","14","","48.3","","88.47","","","","","","Mostly Cloudy"
"-114.01","51.12","CALGARY INTL A","3031092","2023-12-21 15:00","2023","12","21","15:00","","3.3","","-2.8","","64","","","","18","","13","","32.2","","88.42","","","","","","NA"
"-114.01","51.12","CALGARY INTL A","3031092","2023-12-21 16:00","2023","12","21","16:00","","3.5","","-2.8","","64","","","","16","","8","","24.1","","88.41","","","","","","NA"
"-114.01","51.12","CALGARY INTL A","3031092","2023-12-21 17:00","2023","12","21","17:00","","3.6","","-2.5","","65","","","","21","","14","","24.1","","88.40","","","","","","Mainly Clear"
"-114.01","51.12","CALGARY INTL A","3031092","2023-12-21 18:00","2023","12","21","18:00","","6.0","","-2.7","","54","","","","25","","7","","24.1","","88.41","","","","","","NA"
"-114.01","51.12","CALGARY INTL A","3031092","2023-12-21 19:00","2023","12","21","19:00","","1.4","","-3.4","","70","","","","18","","3","","24.1","","88.41","","","","","","NA"
"-114.01","51.12","CALGARY INTL A","3031092","2023-12-21 20:00","2023","12","21","20:00","","4.7","","-3.3","","56","","","","24","","5","","24.1","","88.39","","","","","","Mainly Clear"
"-114.01","51.12","CALGARY INTL A","3031092","2023-12-21 21:00","2023","12","21","21:00","","4.0","","-2.9","","61","","","","22","","14","","24.1","","88.36","","","","","","NA"
"-114.01","51.12","CALGARY INTL A","3031092","2023-12-21 22:00","2023","12","21","22:00","","6.2","","-3.1","","51","","","","24","","12","","16.1","","88.34","","","","","","NA"
"-114.01","51.12","CALGARY INTL A","3031092","2023-12-21 23:00","2023","12","21","23:00","","2.5","","-3.1","","67","","","","24","","9","","16.1","","88.34","","","","","","Mostly Cloudy"
"-114.01","51.12","CALGARY INTL A","3031092","2023-12-22 00:00","2023","12","22","00:00","","3.4","","-2.7","","64","","","","21","","6","","24.1","","88.30","","","","","","NA"
"-114.01","51.12","CALGARY INTL A","3031092","2023-12-22 01:00","2023","12","22","01:00","","1.0","","-2.9","","75","","","","17","","10","","16.1","","88.29","","","","","","NA"
"-114.01","51.12","CALGARY INTL A","3031092","2023-12-22 02:00","2023","12","22","02:00","","1.0","","-3.3","","73","","","","14","","6","","24.1","","88.25","","","","","","Mostly Cloudy"
"-114.01","51.12","CALGARY INTL A","3031092","2023-12-22 03:00","2023","12","22","03:00","","1.4","","-2.7","","75","","","","19","","5","","24.1","","88.23","","","","","","NA"
"-114.01","51.12","CALGARY INTL A","3031092","2023-12-22 04:00","2023","12","22","04:00","","7.8","","-2.6","","48","","","","23","","14","","16.1","","88.16","","","","","","NA"
"-114.01","51.12","CALGARY INTL A","3031092","2023-12-22 05:00","2023","12","22","05:00","","6.8","","-3.0","","50","","","","23","","16","","24.1","","88.13","","","","","","Mostly Cloudy"
"-114.01","51.12","CALGARY INTL A","3031092","2023-12-22 06:00","2023","12","22","06:00","","4.7","","-2.6","","59","","","","18","","10","","24.1","","88.08","","","","","","NA"
"-114.01","51.12","CALGARY INTL A","3031092","2023-12-22 07:00","2023","12","22","07:00","","7.3","","-3.0","","48","","","","27","","9","","24.1","","88.01","","","","","","NA"
"-114.01","51.12","CALGARY INTL A","3031092","2023-12-22 08:00","2023","12","22","08:00","","6.3","","-2.8","","52","","","","23","","11","","24.1","","87.95","","","","","","Mostly Cloudy"
"-114.01","51.12","CALGARY INTL A","3031092","2023-12-22 09:00","2023","12","22","09:00","","3.1","","-2.9","","65","","","","19","","11","","64.4","","87.92","","","","","","NA"
"-114.01","51.12","CALGARY INTL A","3031092","2023-12-22 10:00","2023","12","22","10:00","","5.3","","-2.8","","56","","","","22","","12","","64.4","","87.90","","","","","","NA"
"-114.01","51.12","CALGARY INTL A","3031092","2023-12-22 11:00","2023","12","22","11:00","","6.6","","-3.3","","49","","","","22","","9","","64.4","","87.86","","","","","","Mostly Cloudy"
"-114.01","51.12","CALGARY INTL A","3031092","2023-12-22 12:00","2023","12","22","12:00","","9.7","","-3.4","","40","","","","16","","6","","64.4","","87.78","","","","","","NA"
"-114.01","51.12","CALGARY INTL A","3031092","2023-12-22 13:00","2023","12","22","13:00","","10.1","","-2.6","","41","","","","18","","7","","48.3","","87.71","","","","","","NA"
"-114.01","51.12","CALGARY INTL A","3031092","2023-12-22 14:00","2023","12","22","14:00","","9.4","","-2.4","","43","","","","13","","12","","48.3","","87.66","","","","","","Mainly Clear"
"-114.01","51.12","CALGARY INTL A","3031092","2023-12-22 15:00","2023","12","22","15:00","","9.4","","-1.4","","47","","","","16","","7","","24.1","","87.62","","","","","","NA"
"-114.01","51.12","CALGARY INTL A","3031092","2023-12-22 16:00","2023","12","22","16:00","","8.6","","-2.3","","46","","","","14","","8","","24.1","","87.59","","","","","","NA"
"-114.01","51.12","CALGARY INTL A","3031092","2023-12-22 17:00","2023","12","22","17:00","","6.2","","-2.6","","53","","","","19","","13","","24.1","","87.59","","","","","","Mostly Cloudy"
"-114.01","51.12","CALGARY INTL A","3031092","2023-12-22 18:00","2023","12","22","18:00","","5.3","","-2.7","","56","","","","20","","12","","24.1","","87.57","","","","","","NA"
"-114.01","51.12","CALGARY INTL A","3031092","2023-12-22 19:00","2023","12","22","19:00","","5.5","","-3.0","","54","","","","20","","19","","24.1","","87.53","","","","","","NA"
"-114.01","51.12","CALGARY INTL A","3031092","2023-12-22 20:00","2023","12","22","20:00","","2.9","","-3.1","","65","","","","9","","3","","24.1","","87.50","","","","","","Clear"
"-114.01","51.12","CALGARY INTL A","3031092","2023-12-22 21:00","2023","12","22","21:00","","3.5","","-3.4","","60","","","","15","","9","","24.1","","87.51","","","","","","NA"
"-114.01","51.12","CALGARY INTL A","3031092","2023-12-22 22:00","2023","12","22","22:00","","1.6","","-3.0","","71","","","","12","","9","","16.1","","87.52","","","","","","NA"
"-114.01","51.12","CALGARY INTL A","3031092","2023-12-22 23:00","2023","12","22","23:00","","1.7","","-3.3","","69","","","","36","","43","","16.1","","87.76","","","","","","Mostly Cloudy"
"-114.01","51.12","CALGARY INTL A","3031092","2023-12-23 00:00","2023","12","23","00:00","","1.0","","-4.4","","67","","","","36","","48","","16.1","","87.90","","","","","","NA"
"-114.01","51.12","CALGARY INTL A","3031092","2023-12-23 01:00","2023","12","23","01:00","","-0.6","","-5.3","","71","","","","36","","41","","16.1","","88.07","","","","-8","","NA"
"-114.01","51.12","CALGARY INTL A","3031092","2023-12-23 02:00","2023","12","23","02:00","","-0.8","","-4.8","","74","","","","35","","35","","11.3","","88.20","","","","-8","","Cloudy"
"-114.01","51.12","CALGARY INTL A","3031092","2023-12-23 03:00","2023","12","23","03:00","","-1.8","","-4.2","","83","","","","36","","27","","4.0","","88.35","","","","-8","","Snow,Blowing Snow"
"-114.01","51.12","CALGARY INTL A","3031092","2023-12-23 04:00","2023","12","23","04:00","","-2.6","","-3.4","","94","","","","36","","25","","1.2","","88.51","","","","-9","","Snow,Blowing Snow"
"-114.01","51.12","CALGARY INTL A","3031092","2023-12-23 05:00","2023","12","23","05:00","","-2.1","","-5.0","","81","","","","35","","13","","8.1","","88.58","","","","-7","","Snow"
"-114.01","51.12","CALGARY INTL A","3031092","2023-12-23 06:00","2023","12","23","06:00","","-2.1","","-4.5","","84","","","","15","","9","","4.8","","88.67","","","","-6","","Snow Showers"
"-114.01","51.12","CALGARY INTL A","3031092","2023-12-23 07:00","2023","12","23","07:00","","-2.7","","-5.7","","80","","","","21","","7","","12.9","","88.74","","","","-6","","NA"
"-114.01","51.12","CALGARY INTL A","3031092","2023-12-23 08:00","2023","12","23","08:00","","-2.7","","-6.2","","77","","","","28","","8","","24.1","","88.82","","","","-6","","Mostly Cloudy"
"-114.01","51.12","CALGARY INTL A","3031092","2023-12-23 09:00","2023","12","23","09:00","","-3.4","","-6.8","","77","","","","5","","4","","32.2","","88.93","","","","-5","","NA"
"-114.01","51.12","CALGARY INTL A","3031092","2023-12-23 10:00","2023","12","23","10:00","","-3.5","","-5.6","","85","","","","15","","3","","64.4","","89.02","","","","-5","","NA"
"-114.01","51.12","CALGARY INTL A","3031092","2023-12-23 11:00","2023","12","23","11:00","","-1.7","","-5.4","","76","","","","26","","9","","64.4","","89.09","","","","-5","","Mainly Clear"
"-114.01","51.12","CALGARY INTL A","3031092","2023-12-23 12:00","2023","12","23","12:00","","-0.4","","-6.0","","66","","","","26","","12","","64.4","","89.11","","","","-4","","NA"
"-114.01","51.12","CALGARY INTL A","3031092","2023-12-23 13:00","2023","12","23","13:00","","0.2","","-8.4","","53","","","","28","","12","","64.4","","89.13","","","","","","NA"
"-114.01","51.12","CALGARY INTL A","3031092","2023-12-23 14:00","2023","12","23","14:00","","0.4","","-10.2","","45","","","","29","","16","","48.3","","89.17","","","","","","Clear"
"-114.01","51.12","CALGARY INTL A","3031092","2023-12-23 15:00","2023","12","23","15:00","","0.0","","-10.7","","45","","","","29","","16","","48.3","","89.22","","","","-5","","NA"
"-114.01","51.12","CALGARY INTL A","3031092","2023-12-23 16:00","2023","12","23","16:00","","-0.5","","-11.5","","43","","","","28","","13","","48.3","","89.26","","","","-5","","NA"
"-114.01","51.12","CALGARY INTL A","3031092","2023-12-23 17:00","2023","12","23","17:00","","-1.6","","-12.3","","44","","","","28","","13","","32.2","","89.31","","","","-6","","Clear"
"-114.01","51.12","CALGARY INTL A","3031092","2023-12-23 18:00","2023","12","23","18:00","","-3.3","","-13.6","","45","","","","30","","10","","24.1","","89.34","","","","-7","","NA"
"-114.01","51.12","CALGARY INTL A","3031092","2023-12-23 19:00","2023","12","23","19:00","","-3.8","","-13.4","","47","","","","30","","8","","24.1","","89.40","","","","-7","","NA"
"-114.01","51.12","CALGARY INTL A","3031092","2023-12-23 20:00","2023","12","23","20:00","","-3.2","","-13.9","","44","","","","21","","5","","24.1","","89.42","","","","-5","","Clear"
"-114.01","51.12","CALGARY INTL A","3031092","2023-12-23 21:00","2023","12","23","21:00","","-5.2","","-14.3","","49","","","","","","0","","24.1","","89.44","","","","","","NA"
"-114.01","51.12","CALGARY INTL A","3031092","2023-12-23 22:00","2023","12","23","22:00","","-4.6","","-14.3","","47","","","","","","0","","24.1","","89.44","","","","","","NA"
"-114.01","51.12","CALGARY INTL A","3031092","2023-12-23 23:00","2023","12","23","23:00","","-8.4","","-14.7","","61","","","","17","","3","","24.1","","89.44","","","","-10","","Clear"
"-114.01","51.12","CALGARY INTL A","3031092","2023-12-24 00:00","2023","12","24","00:00","","-9.4","","-13.1","","75","","","","19","","8","","24.1","","89.46","","","","-14","","NA"
"-114.01","51.12","CALGARY INTL A","3031092","2023-12-24 01:00","2023","12","24","01:00","","-9.0","","-13.6","","69","","","","20","","7","","24.1","","89.47","","","","-13","","NA"
"-114.01","51.12","CALGARY INTL A","3031092","2023-12-24 02:00","2023","12","24","02:00","","-9.2","","-13.4","","72","","","","20","","7","","24.1","","89.43","","","","-13","","Clear"
"-114.01","51.12","CALGARY INTL A","3031092","2023-12-24 03:00","2023","12","24","03:00","","-10.2","","-14.4","","71","","","","19","","5","","24.1","","89.41","","","","-13","","NA"
"-114.01","51.12","CALGARY INTL A","3031092","2023-12-24 04:00","2023","12","24","04:00","","-10.1","","-14.1","","73","","","","36","","3","","24.1","","89.36","","","","-12","","NA"
"-114.01","51.12","CALGARY INTL A","3031092","2023-12-24 05:00","2023","12","24","05:00","","-10.1","","-14.1","","73","","","","19","","5","","24.1","","89.30","","","","-13","","Clear"
"-114.01","51.12","CALGARY INTL A","3031092","2023-12-24 06:00","2023","12","24","06:00","","-11.3","","-14.6","","76","","","","20","","4","","24.1","","89.29","","","","-14","","NA"
"-114.01","51.12","CALGARY INTL A","3031092","2023-12-24 07:00","2023","12","24","07:00","","-11.5","","-14.9","","76","","","","20","","7","","24.1","","89.25","","","","-16","","NA"
"-114.01","51.12","CALGARY INTL A","3031092","2023-12-24 08:00","2023","12","24","08:00","","-11.2","","-15.3","","72","","","","20","","6","","24.1","","89.20","","","","-15","","Clear"
"-114.01","51.12","CALGARY INTL A","3031092","2023-12-24 09:00","2023","12","24","09:00","","-10.2","","-14.6","","70","","","","21","","6","","64.4","","89.16","","","","-14","","NA"
"-114.01","51.12","CALGARY INTL A","3031092","2023-12-24 10:00","2023","12","24","10:00","","-7.9","","-13.8","","63","","","","21","","8","","64.4","","89.13","","","","-12","","NA"
"-114.01","51.12","CALGARY INTL A","3031092","2023-12-24 11:00","2023","12","24","11:00","","-5.9","","-13.2","","57","","","","19","","6","","64.4","","89.08","","","","-9","","Clear"
"-114.01","51.12","CALGARY INTL A","3031092","2023-12-24 12:00","2023","12","24","12:00","","-4.1","","-11.4","","57","","","","20","","9","","64.4","","89.00","","","","-8","","NA"
"-114.01","51.12","CALGARY INTL A","3031092","2023-12-24 13:00","2023","12","24","13:00","","-2.3","","-10.9","","52","","","","20","","9","","64.4","","88.95","","","","-6","","NA"
"-114.01","51.12","CALGARY INTL A","3031092","2023-12-24 14:00","2023","12","24","14:00","","-1.0","","-10.2","","50","","","","20","","10","","24.1","","88.87","","","","-5","","Clear"
"-114.01","51.12","CALGARY INTL A","3031092","2023-12-24 15:00","2023","12","24","15:00","","-0.3","","-9.5","","50","","","","22","","9","","24.1","","88.85","","","","-3","","NA"
"-114.01","51.12","CALGARY INTL A","3031092","2023-12-24 16:00","2023","12","24","16:00","","-1.3","","-10.1","","51","","","","20","","5","","24.1","","88.87","","","","-3","","NA"
"-114.01","51.12","CALGARY INTL A","3031092","2023-12-24 17:00","2023","12","24","17:00","","-2.8","","-11.2","","53","","","","19","","8","","24.1","","88.89","","","","-6","","Clear"
"-114.01","51.12","CALGARY INTL A","3031092","2023-12-24 18:00","2023","12","24","18:00","","-3.6","","-12.0","","53","","","","20","","12","","24.1","","88.89","","","","-8","","NA"
"-114.01","51.12","CALGARY INTL A","3031092","2023-12-24 19:00","2023","12","24","19:00","","-4.4","","-12.6","","53","","","","19","","8","","24.1","","88.87","","","","-8","","NA"
"-114.01","51.12","CALGARY INTL A","3031092","2023-12-24 20:00","2023","12","24","20:00","","-5.1","","-13.2","","53","","","","20","","9","","24.1","","88.85","","","","-9","","Clear"
"-114.01","51.12","CALGARY INTL A","3031092","2023-12-24 21:00","2023","12","24","21:00","","-4.6","","-13.3","","51","","","","21","","7","","24.1","","88.86","","","","-8","","NA"
"-114.01","51.12","CALGARY INTL A","3031092","2023-12-24 22:00","2023","12","24","22:00","","-7.2","","-13.9","","59","","","","20","","9","","24.1","","88.86","","","","-12","","NA"
"-114.01","51.12","CALGARY INTL A","3031092","2023-12-24 23:00","2023","12","24","23:00","","-6.9","","-13.6","","59","","","","21","","9","","24.1","","88.86","","","","-11","","Clear"
"-114.01","51.12","CALGARY INTL A","3031092","2023-12-25 00:00","2023","12","25","00:00","","-5.4","","-13.5","","53","","","","23","","9","","24.1","","88.85","","","","-9","","NA"
"-114.01","51.12","CALGARY INTL A","3031092","2023-12-25 01:00","2023","12","25","01:00","","-8.7","","-14.3","","64","","","","36","","3","","24.1","","88.86","","","","-10","","NA"
"-114.01","51.12","CALGARY INTL A","3031092","2023-12-25 02:00","2023","12","25","02:00","","-8.0","","-13.4","","66","","","","28","","4","","24.1","","88.88","","","","-10","","Clear"
"-114.01","51.12","CALGARY INTL A","3031092","2023-12-25 03:00","2023","12","25","03:00","","-8.7","","-13.8","","67","","","","19","","5","","24.1","","88.90","","","","-11","","NA"
"-114.01","51.12","CALGARY INTL A","3031092","2023-12-25 04:00","2023","12","25","04:00","","-10.9","","-16.4","","64","","","","17","","8","","24.1","","88.98","","","","-16","","NA"
"-114.01","51.12","CALGARY INTL A","3031092","2023-12-25 05:00","2023","12","25","05:00","","-8.8","","-15.9","","57","","","","18","","9","","24.1","","88.97","","","","-13","","Mainly Clear"
"-114.01","51.12","CALGARY INTL A","3031092","2023-12-25 06:00","2023","12","25","06:00","","-10.0","","-17.5","","55","","","","13","","5","","24.1","","89.03","","","","-13","","NA"
"-114.01","51.12","CALGARY INTL A","3031092","2023-12-25 07:00","2023","12","25","07:00","","-9.7","","-15.9","","61","","","","","","0","","24.1","","89.08","","","","","","NA"
"-114.01","51.12","CALGARY INTL A","3031092","2023-12-25 08:00","2023","12","25","08:00","","-7.0","","-15.2","","52","","","","18","","5","","32.2","","89.06","","","","-10","","Mostly Cloudy"
"-114.01","51.12","CALGARY INTL A","3031092","2023-12-25 09:00","2023","12","25","09:00","","-10.2","","-15.7","","65","","","","32","","4","","64.4","","89.05","","","","-13","","NA"
"-114.01","51.12","CALGARY INTL A","3031092","2023-12-25 10:00","2023","12","25","10:00","","-7.0","","-13.0","","63","","","","9","","6","","64.4","","89.07","","","","-10","","NA"
"-114.01","51.12","CALGARY INTL A","3031092","2023-12-25 11:00","2023","12","25","11:00","","-1.4","","-12.4","","43","","","","12","","7","","64.4","","89.06","","","","-4","","Mostly Cloudy"
"-114.01","51.12","CALGARY INTL A","3031092","2023-12-25 12:00","2023","12","25","12:00","","0.5","","-10.7","","43","","","","19","","11","","64.4","","89.04","","","","","","NA"
"-114.01","51.12","CALGARY INTL A","3031092","2023-12-25 13:00","2023","12","25","13:00","","2.3","","-10.8","","38","","","","22","","12","","64.4","","88.99","","","","","","NA"
"-114.01","51.12","CALGARY INTL A","3031092","2023-12-25 14:00","2023","12","25","14:00","","3.2","","-10.4","","36","","","","22","","9","","64.4","","88.91","","","","","","Mostly Cloudy"
"-114.01","51.12","CALGARY INTL A","3031092","2023-12-25 15:00","2023","12","25","15:00","","3.1","","-9.6","","39","","","","18","","9","","48.3","","88.88","","","","","","NA"
"-114.01","51.12","CALGARY INTL A","3031092","2023-12-25 16:00","2023","12","25","16:00","","3.0","","-11.1","","35","","","","21","","8","","32.2","","88.83","","","","","","NA"
"-114.01","51.12","CALGARY INTL A","3031092","2023-12-25 17:00","2023","12","25","17:00","","-1.7","","-9.9","","54","","","","","","0","","24.1","","88.81","","","","","","Mostly Cloudy"
"-114.01","51.12","CALGARY INTL A","3031092","2023-12-25 18:00","2023","12","25","18:00","","-1.1","","-10.1","","50","","","","32","","5","","24.1","","88.78","","","","-3","","NA"
"-114.01","51.12","CALGARY INTL A","3031092","2023-12-25 19:00","2023","12","25","19:00","","0.4","","-10.4","","44","","","","18","","6","","24.1","","88.71","","","","","","NA"
"-114.01","51.12","CALGARY INTL A","3031092","2023-12-25 20:00","2023","12","25","20:00","","-0.2","","-10.6","","46","","","","3","","5","","24.1","","88.68","","","","-2","","Mainly Clear"
"-114.01","51.12","CALGARY INTL A","3031092","2023-12-25 21:00","2023","12","25","21:00","","-0.5","","-11.1","","45","","","","36","","3","","24.1","","88.67","","","","-1","","NA"
"-114.01","51.12","CALGARY INTL A","3031092","2023-12-25 22:00","2023","12","25","22:00","","-3.5","","-11.4","","55","","","","36","","3","","24.1","","88.64","","","","-5","","NA"
"-114.01","51.12","CALGARY INTL A","3031092","2023-12-25 23:00","2023","12","25","23:00","","-4.3","","-10.1","","64","","","","20","","7","","24.1","","88.60","","","","-7","","Clear"
"-114.01","51.12","CALGARY INTL A","3031092","2023-12-26 00:00","2023","12","26","00:00","","-4.1","","-9.8","","65","","","","22","","5","","24.1","","88.55","","","","-6","","NA"
"-114.01","51.12","CALGARY INTL A","3031092","2023-12-26 01:00","2023","12","26","01:00","","-3.0","","-9.3","","62","","","","","","0","","24.1","","88.51","","","","","","NA"
"-114.01","51.12","CALGARY INTL A","3031092","2023-12-26 02:00","2023","12","26","02:00","","-5.5","","-9.4","","74","","","","","","0","","24.1","","88.48","","","","","","Clear"
"-114.01","51.12","CALGARY INTL A","3031092","2023-12-26 03:00","2023","12","26","03:00","","-5.3","","-9.0","","76","","","","17","","6","","24.1","","88.47","","","","-8","","NA"
"-114.01","51.12","CALGARY INTL A","3031092","2023-12-26 04:00","2023","12","26","04:00","","-2.9","","-8.0","","68","","","","26","","7","","24.1","","88.44","","","","-6","","NA"
"-114.01","51.12","CALGARY INTL A","3031092","2023-12-26 05:00","2023","12","26","05:00","","-4.4","","-9.0","","70","","","","33","","4","","24.1","","88.44","","","","-6","","Clear"
"-114.01","51.12","CALGARY INTL A","3031092","2023-12-26 06:00","2023","12","26","06:00","","-5.3","","-8.7","","78","","","","18","","4","","24.1","","88.43","","","","-7","","NA"
"-114.01","51.12","CALGARY INTL A","3031092","2023-12-26 07:00","2023","12","26","07:00","","-4.0","","-7.8","","75","","","","9","","3","","24.1","","88.41","","","","-5","","NA"
"-114.01","51.12","CALGARY INTL A","3031092","2023-12-26 08:00","2023","12","26","08:00","","-2.4","","-6.2","","75","","","","17","","8","","32.2","","88.38","","","","-6","","Clear"
"-114.01","51.12","CALGARY INTL A","3031092","2023-12-26 09:00","2023","12","26","09:00","","5.4","","-3.6","","52","","","","","","0","","64.4","","88.38","","","","","","NA"
"-114.01","51.12","CALGARY INTL A","3031092","2023-12-26 10:00","2023","12","26","10:00","","8.8","","-3.6","","41","","","","27","","25","","64.4","","88.39","","","","","","NA"
"-114.01","51.12","CALGARY INTL A","3031092","2023-12-26 11:00","2023","12","26","11:00","","8.6","","-3.4","","43","","","","29","","28","","64.4","","88.44","","","","","","Mainly Clear"
"-114.01","51.12","CALGARY INTL A","3031092","2023-12-26 12:00","2023","12","26","12:00","","9.2","","-4.3","","38","","","","29","","34","","64.4","","88.47","","","","","","NA"
"-114.01","51.12","CALGARY INTL A","3031092","2023-12-26 13:00","2023","12","26","13:00","","9.0","","-6.6","","33","","","","28","","38","","64.4","","88.55","","","","","","NA"
"-114.01","51.12","CALGARY INTL A","3031092","2023-12-26 14:00","2023","12","26","14:00","","8.9","","-7.4","","31","","","","27","","33","","64.4","","88.61","","","","","","Mostly Cloudy"
"-114.01","51.12","CALGARY INTL A","3031092","2023-12-26 15:00","2023","12","26","15:00","","8.2","","-7.6","","32","","","","27","","16","","48.3","","88.69","","","","","","NA"
"-114.01","51.12","CALGARY INTL A","3031092","2023-12-26 16:00","2023","12","26","16:00","","6.8","","-7.7","","35","","","","28","","10","","48.3","","88.79","","","","","","NA"
"-114.01","51.12","CALGARY INTL A","3031092","2023-12-26 17:00","2023","12","26","17:00","","5.7","","-8.3","","36","","","","27","","13","","24.1","","88.89","","","","","","Mainly Clear"
"-114.01","51.12","CALGARY INTL A","3031092","2023-12-26 18:00","2023","12","26","18:00","","4.9","","-8.9","","36","","","","23","","8","","24.1","","88.98","","","","","","NA"
"-114.01","51.12","CALGARY INTL A","3031092","2023-12-26 19:00","2023","12","26","19:00","","4.2","","-9.4","","36","","","","22","","4","","24.1","","89.05","","","","","","NA"
"-114.01","51.12","CALGARY INTL A","3031092","2023-12-26 20:00","2023","12","26","20:00","","5.0","","-11.6","","29","","","","28","","15","","24.1","","89.10","","","","","","Mainly Clear"
"-114.01","51.12","CALGARY INTL A","3031092","2023-12-26 21:00","2023","12","26","21:00","","4.1","","-11.4","","31","","","","","","0","","24.1","","89.14","","","","","","NA"
"-114.01","51.12","CALGARY INTL A","3031092","2023-12-26 22:00","2023","12","26","22:00","","2.6","","-11.0","","36","","","","12","","10","","24.1","","89.14","","","","","","NA"
"-114.01","51.12","CALGARY INTL A","3031092","2023-12-26 23:00","2023","12","26","23:00","","-0.2","","-10.2","","47","","","","18","","11","","24.1","","89.13","","","","-4","","Mainly Clear"
"-114.01","51.12","CALGARY INTL A","3031092","2023-12-27 00:00","2023","12","27","00:00","","0.9","","-10.7","","42","","","","29","","4","","24.1","","89.15","","","","","","NA"
"-114.01","51.12","CALGARY INTL A","3031092","2023-12-27 01:00","2023","12","27","01:00","","-0.9","","-10.6","","48","","","","35","","10","","24.1","","89.18","","","","-4","","NA"
"-114.01","51.12","CALGARY INTL A","3031092","2023-12-27 02:00","2023","12","27","02:00","","-1.1","","-9.7","","52","","","","21","","8","","24.1","","89.18","","","","-4","","Mainly Clear"
"-114.01","51.12","CALGARY INTL A","3031092","2023-12-27 03:00","2023","12","27","03:00","","-2.9","","-9.7","","60","","","","20","","9","","24.1","","89.18","","","","-6","","NA"
"-114.01","51.12","CALGARY INTL A","3031092","2023-12-27 04:00","2023","12","27","04:00","","-3.5","","-10.6","","58","","","","22","","8","","24.1","","89.18","","","","-7","","NA"
"-114.01","51.12","CALGARY INTL A","3031092","2023-12-27 05:00","2023","12","27","05:00","","-4.6","","-10.6","","63","","","","20","","9","","24.1","","89.14","","","","-8","","Mainly Clear"
"-114.01","51.12","CALGARY INTL A","3031092","2023-12-27 06:00","2023","12","27","06:00","","-1.6","","-11.0","","49","","","","23","","14","","24.1","","89.10","","","","-6","","NA"
"-114.01","51.12","CALGARY INTL A","3031092","2023-12-27 07:00","2023","12","27","07:00","","-4.6","","-10.5","","64","","","","20","","5","","24.1","","89.09","","","","-7","","NA"
"-114.01","51.12","CALGARY INTL A","3031092","2023-12-27 08:00","2023","12","27","08:00","","-4.7","","-10.4","","65","","","","27","","3","","24.1","","89.03","","","","-6","","Mostly Cloudy"
"-114.01","51.12","CALGARY INTL A","3031092","2023-12-27 09:00","2023","12","27","09:00","","-3.4","","-9.9","","61","","","","21","","7","","64.4","","88.98","","","","-6","","NA"
"-114.01","51.12","CALGARY INTL A","3031092","2023-12-27 10:00","2023","12","27","10:00","","-1.5","","-9.5","","55","","","","21","","11","","64.4","","88.95","","","","-5","","NA"
"-114.01","51.12","CALGARY INTL A","3031092","2023-12-27 11:00","2023","12","27","11:00","","-0.6","","-8.4","","56","","","","18","","11","","64.4","","88.87","","","","-4","","Mostly Cloudy"
"-114.01","51.12","CALGARY INTL A","3031092","2023-12-27 12:00","2023","12","27","12:00","","0.6","","-8.8","","50","","","","21","","10","","64.4","","88.79","","","","","","NA"
"-114.01","51.12","CALGARY INTL A","3031092","2023-12-27 13:00","2023","12","27","13:00","","2.3","","-9.7","","41","","","","22","","10","","64.4","","88.73","","","","","","NA"
"-114.01","51.12","CALGARY INTL A","3031092","2023-12-27 14:00","2023","12","27","14:00","","3.8","","-9.1","","38","","","","21","","5","","24.1","","88.65","","","","","","Mostly Cloudy"
"-114.01","51.12","CALGARY INTL A","3031092","2023-12-27 15:00","2023","12","27","15:00","","4.1","","-8.9","","38","","","","22","","5","","24.1","","88.62","","","","","","NA"
"-114.01","51.12","CALGARY INTL A","3031092","2023-12-27 16:00","2023","12","27","16:00","","1.3","","-7.9","","50","","","","19","","5","","24.1","","88.59","","","","","","NA"
"-114.01","51.12","CALGARY INTL A","3031092","2023-12-27 17:00","2023","12","27","17:00","","2.4","","-8.3","","45","","","","20","","5","","24.1","","88.59","","","","","","Mostly Cloudy"
"-114.01","51.12","CALGARY INTL A","3031092","2023-12-27 18:00","2023","12","27","18:00","","0.8","","-7.2","","55","","","","28","","3","","16.1","","88.56","","","","","","NA"
"-114.01","51.12","CALGARY INTL A","3031092","2023-12-27 19:00","2023","12","27","19:00","","0.2","","-6.6","","60","","","","13","","15","","16.1","","88.55","","","","","","NA"
"-114.01","51.12","CALGARY INTL A","3031092","2023-12-27 20:00","2023","12","27","20:00","","1.6","","-8.0","","49","","","","27","","7","","24.1","","88.53","","","","","","Mostly Cloudy"
"-114.01","51.12","CALGARY INTL A","3031092","2023-12-27 21:00","2023","12","27","21:00","","1.2","","-7.9","","51","","","","19","","5","","24.1","","88.50","","","","","","NA"
"-114.01","51.12","CALGARY INTL A","3031092","2023-12-27 22:00","2023","12","27","22:00","","-1.7","","-6.9","","68","","","","19","","7","","24.1","","88.47","","","","-4","","NA"
"-114.01","51.12","CALGARY INTL A","3031092","2023-12-27 23:00","2023","12","27","23:00","","2.2","","-7.2","","50","","","","21","","13","","24.1","","88.49","","","","","","Cloudy"
"-114.01","51.12","CALGARY INTL A","3031092","2023-12-28 00:00","2023","12","28","00:00","","2.1","","-6.3","","54","","","","19","","17","","24.1","","88.50","","","","","","NA"
"-114.01","51.12","CALGARY INTL A","3031092","2023-12-28 01:00","2023","12","28","01:00","","4.6","","-6.5","","45","","","","22","","12","","24.1","","88.49","","","","","","NA"
"-114.01","51.12","CALGARY INTL A","3031092","2023-12-28 02:00","2023","12","28","02:00","","4.6","","-6.3","","45","","","","17","","13","","24.1","","88.54","","","","","","Cloudy"
"-114.01","51.12","CALGARY INTL A","3031092","2023-12-28 03:00","2023","12","28","03:00","","6.8","","-6.7","","38","","","","24","","11","","24.1","","88.59","","","","","","NA"
"-114.01","51.12","CALGARY INTL A","3031092","2023-12-28 04:00","2023","12","28","04:00","","9.2","","-6.0","","33","","","","28","","21","","24.1","","88.63","","","","","","NA"
"-114.01","51.12","CALGARY INTL A","3031092","2023-12-28 05:00","2023","12","28","05:00","","8.3","","-5.8","","36","","","","21","","5","","24.1","","88.68","","","","","","Mostly Cloudy"
"-114.01","51.12","CALGARY INTL A","3031092","2023-12-28 06:00","2023","12","28","06:00","","5.7","","-5.5","","44","","","","35","","8","","24.1","","88.76","","","","","","NA"
"-114.01","51.12","CALGARY INTL A","3031092","2023-12-28 07:00","2023","12","28","07:00","","4.9","","-5.0","","49","","","","34","","12","","24.1","","88.81","","","","","","NA"
"-114.01","51.12","CALGARY INTL A","3031092","2023-12-28 08:00","2023","12","28","08:00","","4.4","","-5.2","","50","","","","8","","7","","24.1","","88.77","","","","","","Mainly Clear"
"-114.01","51.12","CALGARY INTL A","3031092","2023-12-28 09:00","2023","12","28","09:00","","4.8","","-4.4","","51","","","","10","","7","","64.4","","88.83","","","","","","NA"
"-114.01","51.12","CALGARY INTL A","3031092","2023-12-28 10:00","2023","12","28","10:00","","7.2","","-4.9","","42","","","","12","","4","","64.4","","88.90","","","","","","NA"
"-114.01","51.12","CALGARY INTL A","3031092","2023-12-28 11:00","2023","12","28","11:00","","8.7","","-5.5","","36","","","","31","","4","","64.4","","88.96","","","","","","Clear"
"-114.01","51.12","CALGARY INTL A","3031092","2023-12-28 12:00","2023","12","28","12:00","","9.6","","-6.4","","32","","","","28","","24","","64.4","","88.99","","","","","","NA"
"-114.01","51.12","CALGARY INTL A","3031092","2023-12-28 13:00","2023","12","28","13:00","","10.0","","-6.5","","31","","","","29","","22","","64.4","","89.01","","","","","","NA"
"-114.01","51.12","CALGARY INTL A","3031092","2023-12-28 14:00","2023","12","28","14:00","","10.3","","-6.8","","29","","","","26","","12","","64.4","","89.04","","","","","","Mainly Clear"
"-114.01","51.12","CALGARY INTL A","3031092","2023-12-28 15:00","2023","12","28","15:00","","9.7","","-6.5","","31","","","","26","","12","","24.1","","89.12","","","","","","NA"
"-114.01","51.12","CALGARY INTL A","3031092","2023-12-28 16:00","2023","12","28","16:00","","8.9","","-6.9","","32","","","","27","","10","","24.1","","89.19","","","","","","NA"
"-114.01","51.12","CALGARY INTL A","3031092","2023-12-28 17:00","2023","12","28","17:00","","7.3","","-6.7","","36","","","","28","","18","","24.1","","89.26","","","","","","Mostly Cloudy"
"-114.01","51.12","CALGARY INTL A","3031092","2023-12-28 18:00","2023","12","28","18:00","","6.0","","-6.4","","40","","","","23","","9","","16.1","","89.35","","","","","","NA"
"-114.01","51.12","CALGARY INTL A","3031092","2023-12-28 19:00","2023","12","28","19:00","","6.2","","-6.9","","38","","","","15","","3","","16.1","","89.39","","","","","","NA"
"-114.01","51.12","CALGARY INTL A","3031092","2023-12-28 20:00","2023","12","28","20:00","","5.8","","-6.8","","40","","","","23","","7","","24.1","","89.35","","","","","","Mostly Cloudy"
"-114.01","51.12","CALGARY INTL A","3031092","2023-12-28 21:00","2023","12","28","21:00","","4.0","","-6.6","","46","","","","21","","7","","24.1","","89.30","","","","","","NA"
"-114.01","51.12","CALGARY INTL A","3031092","2023-12-28 22:00","2023","12","28","22:00","","3.6","","-6.8","","47","","","","14","","4","","24.1","","89.29","","","","","","NA"
"-114.01","51.12","CALGARY INTL A","3031092","2023-12-28 23:00","2023","12","28","23:00","","0.8","","-6.6","","58","","","","20","","13","","24.1","","89.31","","","","","","Mainly Clear"
"-114.01","51.12","CALGARY INTL A","3031092","2023-12-29 00:00","2023","12","29","00:00","","1.7","","-6.9","","53","","","","36","","3","","24.1","","89.33","","","","","","NA"
"-114.01","51.12","CALGARY INTL A","3031092","2023-12-29 01:00","2023","12","29","01:00","","3.3","","-6.8","","48","","","","1","","9","","24.1","","89.36","","","","","","NA"
"-114.01","51.12","CALGARY INTL A","3031092","2023-12-29 02:00","2023","12","29","02:00","","6.4","","-6.8","","38","","","","29","","15","","24.1","","89.40","","","","","","Mostly Cloudy"
"-114.01","51.12","CALGARY INTL A","3031092","2023-12-29 03:00","2023","12","29","03:00","","6.4","","-6.3","","40","","","","29","","16","","24.1","","89.39","","","","","","NA"
"-114.01","51.12","CALGARY INTL A","3031092","2023-12-29 04:00","2023","12","29","04:00","","5.2","","-6.0","","44","","","","","","0","","24.1","","89.37","","","","","","NA"
"-114.01","51.12","CALGARY INTL A","3031092","2023-12-29 05:00","2023","12","29","05:00","","1.5","","-6.5","","56","","","","15","","5","","24.1","","89.35","","","","","","Mostly Cloudy"
"-114.01","51.12","CALGARY INTL A","3031092","2023-12-29 06:00","2023","12","29","06:00","","-0.2","","-6.0","","65","","","","14","","9","","24.1","","89.35","","","","-3","","NA"
"-114.01","51.12","CALGARY INTL A","3031092","2023-12-29 07:00","2023","12","29","07:00","","-1.9","","-6.6","","70","","","","17","","4","","24.1","","89.37","","","","-3","","NA"
"-114.01","51.12","CALGARY INTL A","3031092","2023-12-29 08:00","2023","12","29","08:00","","-0.8","","-5.6","","70","","","","15","","5","","24.1","","89.34","","","","-2","","Mainly Clear"
"-114.01","51.12","CALGARY INTL A","3031092","2023-12-29 09:00","2023","12","29","09:00","","-3.2","","-6.7","","77","","","","15","","7","","64.4","","89.38","","","","-6","","NA"
"-114.01","51.12","CALGARY INTL A","3031092","2023-12-29 10:00","2023","12","29","10:00","","0.0","","-4.9","","70","","","","17","","8","","64.4","","89.39","","","","-3","","NA"
"-114.01","51.12","CALGARY INTL A","3031092","2023-12-29 11:00","2023","12","29","11:00","","2.5","","-4.3","","60","","","","19","","7","","64.4","","89.38","","","","","","Cloudy"
"-114.01","51.12","CALGARY INTL A","3031092","2023-12-29 12:00","2023","12","29","12:00","","4.3","","-4.5","","53","","","","20","","7","","64.4","","89.32","","","","","","NA"
"-114.01","51.12","CALGARY INTL A","3031092","2023-12-29 13:00","2023","12","29","13:00","","6.0","","-4.8","","46","","","","21","","4","","24.1","","89.27","","","","","","NA"
"-114.01","51.12","CALGARY INTL A","3031092","2023-12-29 14:00","2023","12","29","14:00","","6.5","","-4.7","","44","","","","19","","10","","24.1","","89.23","","","","","","Cloudy"
"-114.01","51.12","CALGARY INTL A","3031092","2023-12-29 15:00","2023","12","29","15:00","","6.0","","-5.2","","44","","","","19","","7","","24.1","","89.21","","","","","","NA"
"-114.01","51.12","CALGARY INTL A","3031092","2023-12-29 16:00","2023","12","29","16:00","","3.8","","-5.4","","51","","","","15","","10","","24.1","","89.19","","","","","","NA"
"-114.01","51.12","CALGARY INTL A","3031092","2023-12-29 17:00","2023","12","29","17:00","","1.7","","-5.0","","61","","","","16","","5","","24.1","","89.20","","","","","","Cloudy"
"-114.01","51.12","CALGARY INTL A","3031092","2023-12-29 18:00","2023","12","29","18:00","","1.7","","-4.9","","62","","","","20","","6","","24.1","","89.20","","","","","","NA"
"-114.01","51.12","CALGARY INTL A","3031092","2023-12-29 19:00","2023","12","29","19:00","","-2.0","","-5.8","","75","","","","13","","10","","16.1","","89.17","","","","-6","","NA"
"-114.01","51.12","CALGARY INTL A","3031092","2023-12-29 20:00","2023","12","29","20:00","","-0.7","","-5.4","","71","","","","20","","8","","24.1","","89.16","","","","-4","","Mostly Cloudy"
"-114.01","51.12","CALGARY INTL A","3031092","2023-12-29 21:00","2023","12","29","21:00","","-1.2","","-5.6","","72","","","","20","","8","","24.1","","89.12","","","","-4","","NA"
"-114.01","51.12","CALGARY INTL A","3031092","2023-12-29 22:00","2023","12","29","22:00","","-1.7","","-5.4","","76","","","","23","","4","","24.1","","89.13","","","","-3","","NA"
"-114.01","51.12","CALGARY INTL A","3031092","2023-12-29 23:00","2023","12","29","23:00","","-1.7","","-5.4","","76","","","","16","","3","","24.1","","89.09","","","","-3","","Mostly Cloudy"
"-114.01","51.12","CALGARY INTL A","3031092","2023-12-30 00:00","2023","12","30","00:00","","-2.7","","-5.5","","81","","","","17","","5","","24.1","","89.06","","","","-5","","NA"
"-114.01","51.12","CALGARY INTL A","3031092","2023-12-30 01:00","2023","12","30","01:00","","-3.6","","-6.4","","81","","","","17","","8","","24.1","","89.04","","","","-7","","NA"
"-114.01","51.12","CALGARY INTL A","3031092","2023-12-30 02:00","2023","12","30","02:00","","-4.1","","-6.8","","82","","","","20","","4","","24.1","","89.00","","","","-6","","Mainly Clear"
"-114.01","51.12","CALGARY INTL A","3031092","2023-12-30 03:00","2023","12","30","03:00","","-4.5","","-6.6","","85","","","","18","","7","","24.1","","88.96","","","","-8","","NA"
"-114.01","51.12","CALGARY INTL A","3031092","2023-12-30 04:00","2023","12","30","04:00","","-4.8","","-7.4","","82","","","","17","","8","","24.1","","88.93","","","","-8","","NA"
"-114.01","51.12","CALGARY INTL A","3031092","2023-12-30 05:00","2023","12","30","05:00","","-5.0","","-7.4","","84","","","","36","","3","","24.1","","88.87","","","","-6","","Mainly Clear"
"-114.01","51.12","CALGARY INTL A","3031092","2023-12-30 06:00","2023","12","30","06:00","","-3.5","","-6.5","","80","","","","21","","9","","24.1","","88.84","","","","-7","","NA"
"-114.01","51.12","CALGARY INTL A","3031092","2023-12-30 07:00","2023","12","30","07:00","","-4.5","","-7.1","","82","","","","20","","10","","24.1","","88.80","","","","-9","","NA"
"-114.01","51.12","CALGARY INTL A","3031092","2023-12-30 08:00","2023","12","30","08:00","","-4.2","","-7.2","","79","","","","21","","10","","24.1","","88.75","","","","-8","","Mostly Cloudy"
"-114.01","51.12","CALGARY INTL A","3031092","2023-12-30 09:00","2023","12","30","09:00","","-4.1","","-6.8","","82","","","","19","","10","","64.4","","88.74","","","","-8","","NA"
"-114.01","51.12","CALGARY INTL A","3031092","2023-12-30 10:00","2023","12","30","10:00","","-3.2","","-6.1","","81","","","","18","","11","","64.4","","88.76","","","","-7","","NA"
"-114.01","51.12","CALGARY INTL A","3031092","2023-12-30 11:00","2023","12","30","11:00","","-1.8","","-5.7","","75","","","","17","","10","","64.4","","88.72","","","","-5","","Mainly Clear"
"-114.01","51.12","CALGARY INTL A","3031092","2023-12-30 12:00","2023","12","30","12:00","","0.8","","-4.1","","70","","","","18","","11","","64.4","","88.67","","","","","","NA"
"-114.01","51.12","CALGARY INTL A","3031092","2023-12-30 13:00","2023","12","30","13:00","","2.7","","-4.0","","61","","","","18","","9","","64.4","","88.62","","","","","","NA"
"-114.01","51.12","CALGARY INTL A","3031092","2023-12-30 14:00","2023","12","30","14:00","","1.4","","-4.2","","67","","","","17","","12","","16.1","","88.59","","","","","","Mostly Cloudy"
"-114.01","51.12","CALGARY INTL A","3031092","2023-12-30 15:00","2023","12","30","15:00","","-0.2","","-4.8","","71","","","","18","","10","","16.1","","88.59","","","","-4","","NA"
"-114.01","51.12","CALGARY INTL A","3031092","2023-12-30 16:00","2023","12","30","16:00","","-1.3","","-5.2","","75","","","","18","","9","","16.1","","88.59","","","","-5","","NA"
"-114.01","51.12","CALGARY INTL A","3031092","2023-12-30 17:00","2023","12","30","17:00","","-1.2","","-4.9","","76","","","","18","","10","","16.1","","88.61","","","","-5","","Cloudy"
"-114.01","51.12","CALGARY INTL A","3031092","2023-12-30 18:00","2023","12","30","18:00","","-0.6","","-4.7","","74","","","","19","","8","","16.1","","88.61","","","","-3","","NA"
"-114.01","51.12","CALGARY INTL A","3031092","2023-12-30 19:00","2023","12","30","19:00","","-1.0","","-5.2","","74","","","","19","","12","","16.1","","88.57","","","","-5","","NA"
"-114.01","51.12","CALGARY INTL A","3031092","2023-12-30 20:00","2023","12","30","20:00","","0.5","","-3.6","","74","","","","24","","12","","24.1","","88.56","","","","","","Mostly Cloudy"
"-114.01","51.12","CALGARY INTL A","3031092","2023-12-30 21:00","2023","12","30","21:00","","3.0","","-4.0","","60","","","","25","","8","","24.1","","88.56","","","","","","NA"
"-114.01","51.12","CALGARY INTL A","3031092","2023-12-30 22:00","2023","12","30","22:00","","2.6","","-4.1","","61","","","","3","","5","","24.1","","88.53","","","","","","NA"
"-114.01","51.12","CALGARY INTL A","3031092","2023-12-30 23:00","2023","12","30","23:00","","0.6","","-4.1","","71","","","","20","","7","","24.1","","88.54","","","","","","Mostly Cloudy"
"-114.01","51.12","CALGARY INTL A","3031092","2023-12-31 00:00","2023","12","31","00:00","","-0.1","","-4.0","","75","","","","19","","10","","24.1","","88.53","","","","-3","","NA"
"-114.01","51.12","CALGARY INTL A","3031092","2023-12-31 01:00","2023","12","31","01:00","","0.9","","-3.3","","73","","","","19","","8","","24.1","","88.50","","","","","","NA"
"-114.01","51.12","CALGARY INTL A","3031092","2023-12-31 02:00","2023","12","31","02:00","","3.2","","-3.0","","64","","","","20","","8","","24.1","","88.54","","","","","","Mostly Cloudy"
"-114.01","51.12","CALGARY INTL A","3031092","2023-12-31 03:00","2023","12","31","03:00","","3.0","","-3.0","","65","","","","36","","3","","24.1","","88.53","","","","","","NA"
"-114.01","51.12","CALGARY INTL A","3031092","2023-12-31 04:00","2023","12","31","04:00","","2.7","","-2.5","","69","","","","21","","9","","24.1","","88.54","","","","","","NA"
"-114.01","51.12","CALGARY INTL A","3031092","2023-12-31 05:00","2023","12","31","05:00","","4.6","","-2.7","","59","","","","1","","8","","24.1","","88.55","","","","","","Mostly Cloudy"
"-114.01","51.12","CALGARY INTL A","3031092","2023-12-31 06:00","2023","12","31","06:00","","4.5","","-2.5","","60","","","","1","","11","","24.1","","88.53","","","","","","NA"
"-114.01","51.12","CALGARY INTL A","3031092","2023-12-31 07:00","2023","12","31","07:00","","4.7","","-1.8","","63","","","","4","","5","","24.1","","88.57","","","","","","NA"
"-114.01","51.12","CALGARY INTL A","3031092","2023-12-31 08:00","2023","12","31","08:00","","4.2","","-1.4","","67","","","","25","","4","","24.1","","88.55","","","","","","Mostly Cloudy"
"-114.01","51.12","CALGARY INTL A","3031092","2023-12-31 09:00","2023","12","31","09:00","","2.0","","-2.6","","72","","","","5","","5","","64.4","","88.57","","","","","","NA"
"-114.01","51.12","CALGARY INTL A","3031092","2023-12-31 10:00","2023","12","31","10:00","","5.0","","-1.5","","63","","","","","","0","","24.1","","88.61","","","","","","NA"
"-114.01","51.12","CALGARY INTL A","3031092","2023-12-31 11:00","2023","12","31","11:00","","7.5","","-1.3","","54","","","","7","","6","","24.1","","88.64","","","","","","Mainly Clear"
"-114.01","51.12","CALGARY INTL A","3031092","2023-12-31 12:00","2023","12","31","12:00","","8.7","","-1.7","","48","","","","7","","5","","24.1","","88.62","","","","","","NA"
"-114.01","51.12","CALGARY INTL A","3031092","2023-12-31 13:00","2023","12","31","13:00","","9.9","","-2.1","","43","","","","17","","3","","24.1","","88.61","","","","","","NA"
"-114.01","51.12","CALGARY INTL A","3031092","2023-12-31 14:00","2023","12","31","14:00","","8.4","","-0.9","","52","","","","19","","8","","24.1","","88.60","","","","","","Mostly Cloudy"
"-114.01","51.12","CALGARY INTL A","3031092","2023-12-31 15:00","2023","12","31","15:00","","9.5","","-3.6","","39","","","","26","","12","","24.1","","88.59","","","","","","NA"
"-114.01","51.12","CALGARY INTL A","3031092","2023-12-31 16:00","2023","12","31","16:00","","8.0","","-3.8","","43","","","","24","","8","","24.1","","88.61","","","","","","NA"
"-114.01","51.12","CALGARY INTL A","3031092","2023-12-31 17:00","2023","12","31","17:00","","6.5","","-3.5","","49","","","","36","","3","","24.1","","88.63","","","","","","Mostly Cloudy"
"-114.01","51.12","CALGARY INTL A","3031092","2023-12-31 18:00","2023","12","31","18:00","","6.2","","-3.1","","51","","","","31","","21","","16.1","","88.67","","","","","","NA"
"-114.01","51.12","CALGARY INTL A","3031092","2023-12-31 19:00","2023","12","31","19:00","","6.2","","-1.9","","56","","","","33","","16","","16.1","","88.69","","","","","","NA"
"-114.01","51.12","CALGARY INTL A","3031092","2023-12-31 20:00","2023","12","31","20:00","","5.5","","-2.3","","57","","","","34","","12","","24.1","","88.74","","","","","","Cloudy"
"-114.01","51.12","CALGARY INTL A","3031092","2023-12-31 21:00","2023","12","31","21:00","","5.1","","-1.9","","61","","","","34","","7","","12.9","","88.76","","","","","","NA"
"-114.01","51.12","CALGARY INTL A","3031092","2023-12-31 22:00","2023","12","31","22:00","","4.0","","1.1","","81","","","","34","","13","","6.4","","88.84","","","","","","Rain,Fog"
"-114.01","51.12","CALGARY INTL A","3031092","2023-12-31 23:00","2023","12","31","23:00","","3.2","","1.5","","88","","","","27","","7","","9.7","","88.88","","","","","","Rain,Fog"
