"Longitude (x)","Latitude (y)","Station Name","Climate ID","Date/Time (LST)","Year","Month","Day","Time (LST)","Flag","Temp (°C)","Temp Flag","Dew Point Temp (°C)","Dew Point Temp Flag","Rel Hum (%)","Rel Hum Flag","Precip. Amount (mm)","Precip. Amount Flag","Wind Dir (10s deg)","Wind Dir Flag","Wind Spd (km/h)","Wind Spd Flag","Visibility (km)","Visibility Flag","Stn Press (kPa)","Stn Press Flag","Hmdx","Hmdx Flag","Wind Chill","Wind Chill Flag","Weather"
"-114.01","51.12","CALGARY INTL A","3031092","2024-06-01 00:00","2024","06","01","00:00","","9.9","","-6.3","","31","","","","3","","6","","24.1","","88.78","","","","","","NA"
"-114.01","51.12","CALGARY INTL A","3031092","2024-06-01 01:00","2024","06","01","01:00","","6.5","","-4.9","","44","","","","7","","10","","24.1","","88.76","","","","","","NA"
"-114.01","51.12","CALGARY INTL A","3031092","2024-06-01 02:00","2024","06","01","02:00","","5.9","","-4.9","","46","","","","9","","13","","24.1","","88.73","","","","","","Clear"
"-114.01","51.12","CALGARY INTL A","3031092","2024-06-01 03:00","2024","06","01","03:00","","3.4","","-4.6","","56","","","","12","","7","","24.1","","88.73","","","","","","NA"
"-114.01","51.12","CALGARY INTL A","3031092","2024-06-01 04:00","2024","06","01","04:00","","4.2","","-4.3","","54","","","","16","","3","","32.2","","88.70","","","","","","NA"
"-114.01","51.12","CALGARY INTL A","3031092","2024-06-01 05:00","2024","06","01","05:00","","3.5","","-3.4","","61","","","","20","","5","","64.4","","88.67","","","","","","Mainly Clear"
"-114.01","51.12","CALGARY INTL A","3031092","2024-06-01 06:00","2024","06","01","06:00","","6.5","","-3.2","","50","","","","18","","4","","64.4","","88.64","","","","","","NA"
"-114.01","51.12","CALGARY INTL A","3031092","2024-06-01 07:00","2024","06","01","07:00","","9.9","","-2.0","","43","","","","20","","7","","48.3","","88.63","","","","","","NA"
"-114.01","51.12","CALGARY INTL A","3031092","2024-06-01 08:00","2024","06","01","08:00","","11.9","","-1.6","","39","","","","20","","9","","64.4","","88.61","","","","","","Mostly Cloudy"
"-114.01","51.12","CALGARY INTL A","3031092","2024-06-01 09:00","2024","06","01","09:00","","12.6","","-5.0","","29","","","","18","","8","","64.4","","88.55","","","","","","NA"
"-114.01","51.12","CALGARY INTL A","3031092","2024-06-01 10:00","2024","06","01","10:00","","15.0","","-1.2","","33","","","","14","","13","","64.4","","88.48","","","","","","NA"
"-114.01","51.12","CALGARY INTL A","3031092","2024-06-01 11:00","2024","06","01","11:00","","16.0","","-0.9","","31","","","","19","","8","","64.4","","88.40","","","","","","Cloudy"
"-114.01","51.12","CALGARY INTL A","3031092","2024-06-01 12:00","2024","06","01","12:00","","16.9","","-1.1","","29","","","","21","","13","","64.4","","88.36","","","","","","NA"
"-114.01","51.12","CALGARY INTL A","3031092","2024-06-01 13:00","2024","06","01","13:00","","16.1","","-0.3","","32","","","","10","","19","","64.4","","88.32","","","","","","NA"
"-114.01","51.12","CALGARY INTL A","3031092","2024-06-01 14:00","2024","06","01","14:00","","17.1","","1.0","","33","","","","17","","7","","64.4","","88.26","","","","","","Cloudy"
"-114.01","51.12","CALGARY INTL A","3031092","2024-06-01 15:00","2024","06","01","15:00","","16.8","","-1.4","","29","","","","14","","5","","64.4","","88.21","","","","","","NA"
"-114.01","51.12","CALGARY INTL A","3031092","2024-06-01 16:00","2024","06","01","16:00","","16.9","","-0.4","","30","","","","16","","4","","64.4","","88.18","","","","","","NA"
"-114.01","51.12","CALGARY INTL A","3031092","2024-06-01 17:00","2024","06","01","17:00","","17.3","","0.4","","32","","","","31","","16","","64.4","","88.16","","","","","","Cloudy"
"-114.01","51.12","CALGARY INTL A","3031092","2024-06-01 18:00","2024","06","01","18:00","","17.2","","0.8","","33","","","","23","","9","","48.3","","88.15","","","","","","NA"
"-114.01","51.12","CALGARY INTL A","3031092","2024-06-01 19:00","2024","06","01","19:00","","15.7","","3.0","","42","","","","19","","21","","9.7","","88.14","","","","","","Rain Showers"
"-114.01","51.12","CALGARY INTL A","3031092","2024-06-01 20:00","2024","06","01","20:00","","15.3","","2.0","","40","","","","22","","6","","12.9","","88.13","","","","","","Rain Showers"
"-114.01","51.12","CALGARY INTL A","3031092","2024-06-01 21:00","2024","06","01","21:00","","14.3","","1.1","","40","","","","","","0","","16.1","","88.14","","","","","","NA"
"-114.01","51.12","CALGARY INTL A","3031092","2024-06-01 22:00","2024","06","01","22:00","","13.3","","0.1","","40","","","","28","","10","","16.1","","88.15","","","","","","NA"
"-114.01","51.12","CALGARY INTL A","3031092","2024-06-01 23:00","2024","06","01","23:00","","11.8","","2.6","","53","","","","33","","26","","16.1","","88.22","","","","","","Mostly Cloudy"
"-114.01","51.12","CALGARY INTL A","3031092","2024-06-02 00:00","2024","06","02","00:00","","9.8","","4.0","","67","","","","36","","18","","16.1","","88.26","","","","","","NA"
"-114.01","51.12","CALGARY INTL A","3031092","2024-06-02 01:00","2024","06","02","01:00","","8.8","","4.2","","73","","","","1","","18","","16.1","","88.25","","","","","","NA"
"-114.01","51.12","CALGARY INTL A","3031092","2024-06-02 02:00","2024","06","02","02:00","","8.8","","4.0","","72","","","","36","","17","","24.1","","88.25","","","","","","Mainly Clear"
"-114.01","51.12","CALGARY INTL A","3031092","2024-06-02 03:00","2024","06","02","03:00","","8.5","","3.9","","72","","","","12","","10","","24.1","","88.26","","","","","","NA"
"-114.01","51.12","CALGARY INTL A","3031092","2024-06-02 04:00","2024","06","02","04:00","","8.6","","3.5","","70","","","","7","","9","","24.1","","88.25","","","","","","NA"
"-114.01","51.12","CALGARY INTL A","3031092","2024-06-02 05:00","2024","06","02","05:00","","7.2","","3.4","","77","","","","8","","16","","32.2","","88.26","","","","","","Mostly Cloudy"
"-114.01","51.12","CALGARY INTL A","3031092","2024-06-02 06:00","2024","06","02","06:00","","8.0","","4.0","","76","","","","15","","7","","64.4","","88.28","","","","","","NA"
"-114.01","51.12","CALGARY INTL A","3031092","2024-06-02 07:00","2024","06","02","07:00","","10.7","","3.9","","63","","","","21","","7","","64.4","","88.29","","","","","","NA"
"-114.01","51.12","CALGARY INTL A","3031092","2024-06-02 08:00","2024","06","02","08:00","","12.8","","4.1","","55","","","","13","","4","","64.4","","88.28","","","","","","Mainly Clear"
"-114.01","51.12","CALGARY INTL A","3031092","2024-06-02 09:00","2024","06","02","09:00","","14.1","","3.4","","48","","","","16","","7","","64.4","","88.24","","","","","","NA"
"-114.01","51.12","CALGARY INTL A","3031092","2024-06-02 10:00","2024","06","02","10:00","","15.0","","2.0","","41","","","","23","","8","","64.4","","88.21","","","","","","NA"
"-114.01","51.12","CALGARY INTL A","3031092","2024-06-02 11:00","2024","06","02","11:00","","16.3","","2.7","","40","","","","16","","10","","64.4","","88.16","","","","","","Mainly Clear"
"-114.01","51.12","CALGARY INTL A","3031092","2024-06-02 12:00","2024","06","02","12:00","","15.7","","1.6","","38","","","","20","","4","","64.4","","88.12","","","","","","NA"
"-114.01","51.12","CALGARY INTL A","3031092","2024-06-02 13:00","2024","06","02","13:00","","16.4","","1.9","","37","","","","14","","7","","64.4","","88.09","","","","","","NA"
"-114.01","51.12","CALGARY INTL A","3031092","2024-06-02 14:00","2024","06","02","14:00","","17.5","","2.0","","35","","","","13","","14","","64.4","","88.01","","","","","","Mainly Clear"
"-114.01","51.12","CALGARY INTL A","3031092","2024-06-02 15:00","2024","06","02","15:00","","18.9","","1.6","","31","","","","10","","13","","64.4","","87.93","","","","","","NA"
"-114.01","51.12","CALGARY INTL A","3031092","2024-06-02 16:00","2024","06","02","16:00","","18.4","","0.5","","30","","","","13","","17","","64.4","","87.89","","","","","","NA"
"-114.01","51.12","CALGARY INTL A","3031092","2024-06-02 17:00","2024","06","02","17:00","","18.6","","0.9","","30","","","","13","","24","","64.4","","87.82","","","","","","Mainly Clear"
"-114.01","51.12","CALGARY INTL A","3031092","2024-06-02 18:00","2024","06","02","18:00","","18.3","","0.4","","30","","","","12","","23","","64.4","","87.76","","","","","","NA"
"-114.01","51.12","CALGARY INTL A","3031092","2024-06-02 19:00","2024","06","02","19:00","","17.9","","1.3","","33","","","","12","","19","","32.2","","87.69","","","","","","NA"
"-114.01","51.12","CALGARY INTL A","3031092","2024-06-02 20:00","2024","06","02","20:00","","16.8","","2.2","","37","","","","11","","19","","32.2","","87.63","","","","","","Mostly Cloudy"
"-114.01","51.12","CALGARY INTL A","3031092","2024-06-02 21:00","2024","06","02","21:00","","15.7","","2.8","","42","","","","12","","17","","24.1","","87.57","","","","","","NA"
"-114.01","51.12","CALGARY INTL A","3031092","2024-06-02 22:00","2024","06","02","22:00","","16.4","","1.7","","37","","","","16","","12","","24.1","","87.54","","","","","","NA"
"-114.01","51.12","CALGARY INTL A","3031092","2024-06-02 23:00","2024","06","02","23:00","","13.5","","3.2","","50","","","","13","","12","","24.1","","87.51","","","","","","Mostly Cloudy"
"-114.01","51.12","CALGARY INTL A","3031092","2024-06-03 00:00","2024","06","03","00:00","","11.1","","3.3","","58","","","","13","","12","","24.1","","87.42","","","","","","NA"
"-114.01","51.12","CALGARY INTL A","3031092","2024-06-03 01:00","2024","06","03","01:00","","11.8","","3.3","","56","","","","12","","13","","24.1","","87.34","","","","","","NA"
"-114.01","51.12","CALGARY INTL A","3031092","2024-06-03 02:00","2024","06","03","02:00","","10.4","","4.1","","65","","","","13","","13","","24.1","","87.24","","","","","","Mostly Cloudy"
"-114.01","51.12","CALGARY INTL A","3031092","2024-06-03 03:00","2024","06","03","03:00","","11.1","","4.0","","61","","","","15","","9","","24.1","","87.18","","","","","","NA"
"-114.01","51.12","CALGARY INTL A","3031092","2024-06-03 04:00","2024","06","03","04:00","","11.7","","3.9","","59","","","","14","","8","","32.2","","87.13","","","","","","NA"
"-114.01","51.12","CALGARY INTL A","3031092","2024-06-03 05:00","2024","06","03","05:00","","10.3","","3.7","","63","","","","14","","11","","48.3","","87.07","","","","","","Mostly Cloudy"
"-114.01","51.12","CALGARY INTL A","3031092","2024-06-03 06:00","2024","06","03","06:00","","11.9","","3.7","","57","","","","12","","5","","48.3","","87.04","","","","","","NA"
"-114.01","51.12","CALGARY INTL A","3031092","2024-06-03 07:00","2024","06","03","07:00","","12.9","","3.0","","51","","","","20","","7","","64.4","","87.00","","","","","","NA"
"-114.01","51.12","CALGARY INTL A","3031092","2024-06-03 08:00","2024","06","03","08:00","","14.9","","2.3","","42","","","","24","","8","","64.4","","87.00","","","","","","Mostly Cloudy"
"-114.01","51.12","CALGARY INTL A","3031092","2024-06-03 09:00","2024","06","03","09:00","","16.0","","2.9","","41","","","","22","","14","","64.4","","86.95","","","","","","NA"
"-114.01","51.12","CALGARY INTL A","3031092","2024-06-03 10:00","2024","06","03","10:00","","16.5","","2.6","","39","","","","17","","6","","64.4","","86.90","","","","","","NA"
"-114.01","51.12","CALGARY INTL A","3031092","2024-06-03 11:00","2024","06","03","11:00","","17.6","","3.3","","38","","","","18","","6","","64.4","","86.88","","","","","","Mostly Cloudy"
"-114.01","51.12","CALGARY INTL A","3031092","2024-06-03 12:00","2024","06","03","12:00","","17.3","","2.9","","38","","","","19","","8","","64.4","","86.86","","","","","","NA"
"-114.01","51.12","CALGARY INTL A","3031092","2024-06-03 13:00","2024","06","03","13:00","","17.7","","2.5","","36","","","","15","","17","","64.4","","86.84","","","","","","NA"
"-114.01","51.12","CALGARY INTL A","3031092","2024-06-03 14:00","2024","06","03","14:00","","19.2","","3.5","","35","","","","17","","9","","64.4","","86.80","","","","","","Mostly Cloudy"
"-114.01","51.12","CALGARY INTL A","3031092","2024-06-03 15:00","2024","06","03","15:00","","18.0","","2.0","","34","","","","14","","11","","64.4","","86.78","","","","","","NA"
"-114.01","51.12","CALGARY INTL A","3031092","2024-06-03 16:00","2024","06","03","16:00","","13.3","","6.9","","65","","","","19","","23","","24.1","","86.86","","","","","","Rain Showers"
"-114.01","51.12","CALGARY INTL A","3031092","2024-06-03 17:00","2024","06","03","17:00","","14.1","","5.0","","54","","","","19","","13","","24.1","","86.91","","","","","","Cloudy"
"-114.01","51.12","CALGARY INTL A","3031092","2024-06-03 18:00","2024","06","03","18:00","","11.7","","7.3","","74","","","","2","","19","","14.5","","87.08","","","","","","Rain Showers"
"-114.01","51.12","CALGARY INTL A","3031092","2024-06-03 19:00","2024","06","03","19:00","","10.9","","7.5","","79","","","","1","","17","","16.1","","87.13","","","","","","Rain Showers"
"-114.01","51.12","CALGARY INTL A","3031092","2024-06-03 20:00","2024","06","03","20:00","","11.7","","7.2","","74","","","","10","","4","","16.1","","87.22","","","","","","Rain Showers"
"-114.01","51.12","CALGARY INTL A","3031092","2024-06-03 21:00","2024","06","03","21:00","","11.4","","7.3","","76","","","","13","","4","","32.2","","87.26","","","","","","NA"
"-114.01","51.12","CALGARY INTL A","3031092","2024-06-03 22:00","2024","06","03","22:00","","10.6","","7.2","","80","","","","5","","6","","24.1","","87.35","","","","","","NA"
"-114.01","51.12","CALGARY INTL A","3031092","2024-06-03 23:00","2024","06","03","23:00","","11.5","","3.8","","59","","","","28","","22","","24.1","","87.38","","","","","","Mainly Clear"
"-114.01","51.12","CALGARY INTL A","3031092","2024-06-04 00:00","2024","06","04","00:00","","10.6","","1.7","","54","","","","31","","15","","24.1","","87.42","","","","","","NA"
"-114.01","51.12","CALGARY INTL A","3031092","2024-06-04 01:00","2024","06","04","01:00","","9.5","","0.8","","55","","","","3","","8","","24.1","","87.47","","","","","","NA"
"-114.01","51.12","CALGARY INTL A","3031092","2024-06-04 02:00","2024","06","04","02:00","","8.4","","1.6","","62","","","","7","","10","","24.1","","87.54","","","","","","Clear"
"-114.01","51.12","CALGARY INTL A","3031092","2024-06-04 03:00","2024","06","04","03:00","","9.6","","-0.5","","49","","","","34","","10","","24.1","","87.57","","","","","","NA"
"-114.01","51.12","CALGARY INTL A","3031092","2024-06-04 04:00","2024","06","04","04:00","","7.4","","0.0","","59","","","","9","","13","","32.2","","87.60","","","","","","NA"
"-114.01","51.12","CALGARY INTL A","3031092","2024-06-04 05:00","2024","06","04","05:00","","5.2","","-0.1","","68","","","","16","","16","","32.2","","87.64","","","","","","Clear"
"-114.01","51.12","CALGARY INTL A","3031092","2024-06-04 06:00","2024","06","04","06:00","","9.6","","0.3","","52","","","","12","","12","","24.1","","87.68","","","","","","NA"
"-114.01","51.12","CALGARY INTL A","3031092","2024-06-04 07:00","2024","06","04","07:00","","12.3","","-1.3","","39","","","","28","","12","","64.4","","87.70","","","","","","NA"
"-114.01","51.12","CALGARY INTL A","3031092","2024-06-04 08:00","2024","06","04","08:00","","13.7","","-3.3","","30","","","","27","","17","","64.4","","87.69","","","","","","Mainly Clear"
"-114.01","51.12","CALGARY INTL A","3031092","2024-06-04 09:00","2024","06","04","09:00","","14.9","","-3.1","","29","","","","27","","32","","64.4","","87.61","","","","","","NA"
"-114.01","51.12","CALGARY INTL A","3031092","2024-06-04 10:00","2024","06","04","10:00","","15.4","","-3.6","","27","","","","27","","30","","64.4","","87.66","","","","","","NA"
"-114.01","51.12","CALGARY INTL A","3031092","2024-06-04 11:00","2024","06","04","11:00","","16.4","","-3.6","","25","","","","27","","33","","64.4","","87.62","","","","","","Clear"
"-114.01","51.12","CALGARY INTL A","3031092","2024-06-04 12:00","2024","06","04","12:00","","17.3","","-3.0","","25","","","","30","","36","","64.4","","87.59","","","","","","NA"
"-114.01","51.12","CALGARY INTL A","3031092","2024-06-04 13:00","2024","06","04","13:00","","17.9","","-4.4","","21","","","","27","","35","","64.4","","87.53","","","","","","NA"
"-114.01","51.12","CALGARY INTL A","3031092","2024-06-04 14:00","2024","06","04","14:00","","17.6","","-5.0","","21","","","","27","","40","","64.4","","87.48","","","","","","Mainly Clear"
"-114.01","51.12","CALGARY INTL A","3031092","2024-06-04 15:00","2024","06","04","15:00","","18.6","","-3.6","","22","","","","29","","30","","64.4","","87.46","","","","","","NA"
"-114.01","51.12","CALGARY INTL A","3031092","2024-06-04 16:00","2024","06","04","16:00","","17.6","","-3.0","","24","","","","28","","33","","64.4","","87.53","","","","","","NA"
"-114.01","51.12","CALGARY INTL A","3031092","2024-06-04 17:00","2024","06","04","17:00","","16.8","","-3.2","","25","","","","27","","37","","64.4","","87.50","","","","","","Mainly Clear"
"-114.01","51.12","CALGARY INTL A","3031092","2024-06-04 18:00","2024","06","04","18:00","","16.5","","-2.7","","27","","","","25","","30","","24.1","","87.55","","","","","","NA"
"-114.01","51.12","CALGARY INTL A","3031092","2024-06-04 19:00","2024","06","04","19:00","","15.5","","-2.1","","30","","","","28","","32","","24.1","","87.58","","","","","","NA"
"-114.01","51.12","CALGARY INTL A","3031092","2024-06-04 20:00","2024","06","04","20:00","","13.3","","-0.5","","38","","","","28","","38","","24.1","","87.72","","","","","","Mainly Clear"
"-114.01","51.12","CALGARY INTL A","3031092","2024-06-04 21:00","2024","06","04","21:00","","10.9","","-0.6","","45","","","","25","","21","","24.1","","87.74","","","","","","NA"
"-114.01","51.12","CALGARY INTL A","3031092","2024-06-04 22:00","2024","06","04","22:00","","10.0","","-0.3","","48","","","","20","","16","","24.1","","87.79","","","","","","NA"
"-114.01","51.12","CALGARY INTL A","3031092","2024-06-04 23:00","2024","06","04","23:00","","10.0","","-4.0","","37","","","","","","0","","24.1","","87.85","","","","","","Clear"
"-114.01","51.12","CALGARY INTL A","3031092","2024-06-05 00:00","2024","06","05","00:00","","9.6","","-6.2","","32","","","","22","","9","","24.1","","87.92","","","","","","NA"
"-114.01","51.12","CALGARY INTL A","3031092","2024-06-05 01:00","2024","06","05","01:00","","10.2","","-6.4","","31","","","","29","","14","","24.1","","88.05","","","","","","NA"
"-114.01","51.12","CALGARY INTL A","3031092","2024-06-05 02:00","2024","06","05","02:00","","9.6","","-5.2","","35","","","","23","","5","","24.1","","88.15","","","","","","Mainly Clear"
"-114.01","51.12","CALGARY INTL A","3031092","2024-06-05 03:00","2024","06","05","03:00","","8.0","","-4.5","","41","","","","35","","18","","24.1","","88.31","","","","","","NA"
"-114.01","51.12","CALGARY INTL A","3031092","2024-06-05 04:00","2024","06","05","04:00","","8.0","","-5.2","","39","","","","30","","10","","32.2","","88.39","","","","","","NA"
"-114.01","51.12","CALGARY INTL A","3031092","2024-06-05 05:00","2024","06","05","05:00","","8.2","","-4.7","","40","","","","25","","7","","24.1","","88.50","","","","","","Clear"
"-114.01","51.12","CALGARY INTL A","3031092","2024-06-05 06:00","2024","06","05","06:00","","10.2","","-5.0","","34","","","","27","","25","","64.4","","88.58","","","","","","NA"
"-114.01","51.12","CALGARY INTL A","3031092","2024-06-05 07:00","2024","06","05","07:00","","11.7","","-5.0","","31","","","","27","","11","","64.4","","88.66","","","","","","NA"
"-114.01","51.12","CALGARY INTL A","3031092","2024-06-05 08:00","2024","06","05","08:00","","13.3","","-5.9","","26","","","","29","","35","","64.4","","88.73","","","","","","Clear"
"-114.01","51.12","CALGARY INTL A","3031092","2024-06-05 09:00","2024","06","05","09:00","","14.4","","-8.2","","20","","","","28","","27","","64.4","","88.76","","","","","","NA"
"-114.01","51.12","CALGARY INTL A","3031092","2024-06-05 10:00","2024","06","05","10:00","","15.0","","-6.0","","23","","","","24","","9","","64.4","","88.76","","","","","","NA"
"-114.01","51.12","CALGARY INTL A","3031092","2024-06-05 11:00","2024","06","05","11:00","","15.5","","-5.3","","23","","","","15","","3","","64.4","","88.77","","","","","","Mainly Clear"
"-114.01","51.12","CALGARY INTL A","3031092","2024-06-05 12:00","2024","06","05","12:00","","16.6","","-5.0","","22","","","","28","","11","","64.4","","88.79","","","","","","NA"
"-114.01","51.12","CALGARY INTL A","3031092","2024-06-05 13:00","2024","06","05","13:00","","17.3","","-5.0","","21","","","","28","","21","","64.4","","88.79","","","","","","NA"
"-114.01","51.12","CALGARY INTL A","3031092","2024-06-05 14:00","2024","06","05","14:00","","18.1","","-5.1","","20","","","","34","","10","","64.4","","88.79","","","","","","Mainly Clear"
"-114.01","51.12","CALGARY INTL A","3031092","2024-06-05 15:00","2024","06","05","15:00","","18.6","","-4.8","","20","","","","29","","14","","64.4","","88.79","","","","","","NA"
"-114.01","51.12","CALGARY INTL A","3031092","2024-06-05 16:00","2024","06","05","16:00","","18.6","","-4.0","","21","","","","30","","25","","64.4","","88.79","","","","","","NA"
"-114.01","51.12","CALGARY INTL A","3031092","2024-06-05 17:00","2024","06","05","17:00","","18.4","","-5.1","","20","","","","28","","28","","64.4","","88.83","","","","","","Mainly Clear"
"-114.01","51.12","CALGARY INTL A","3031092","2024-06-05 18:00","2024","06","05","18:00","","18.2","","-5.1","","20","","","","28","","25","","64.4","","88.87","","","","","","NA"
"-114.01","51.12","CALGARY INTL A","3031092","2024-06-05 19:00","2024","06","05","19:00","","17.5","","-5.1","","21","","","","27","","25","","64.4","","88.90","","","","","","NA"
"-114.01","51.12","CALGARY INTL A","3031092","2024-06-05 20:00","2024","06","05","20:00","","16.2","","-5.2","","23","","","","28","","26","","64.4","","88.96","","","","","","Mainly Clear"
"-114.01","51.12","CALGARY INTL A","3031092","2024-06-05 21:00","2024","06","05","21:00","","14.4","","-5.0","","26","","","","28","","26","","48.3","","89.03","","","","","","NA"
"-114.01","51.12","CALGARY INTL A","3031092","2024-06-05 22:00","2024","06","05","22:00","","13.1","","-5.2","","27","","","","28","","22","","24.1","","89.09","","","","","","NA"
"-114.01","51.12","CALGARY INTL A","3031092","2024-06-05 23:00","2024","06","05","23:00","","11.8","","-5.2","","30","","","","32","","12","","24.1","","89.14","","","","","","Clear"
"-114.01","51.12","CALGARY INTL A","3031092","2024-06-06 00:00","2024","06","06","00:00","","7.7","","-3.6","","45","","","","2","","14","","24.1","","89.18","","","","","","NA"
"-114.01","51.12","CALGARY INTL A","3031092","2024-06-06 01:00","2024","06","06","01:00","","8.9","","-4.5","","38","","","","9","","14","","24.1","","89.20","","","","","","NA"
"-114.01","51.12","CALGARY INTL A","3031092","2024-06-06 02:00","2024","06","06","02:00","","5.9","","-3.6","","50","","","","6","","10","","24.1","","89.23","","","","","","Clear"
"-114.01","51.12","CALGARY INTL A","3031092","2024-06-06 03:00","2024","06","06","03:00","","5.4","","-4.0","","51","","","","7","","11","","24.1","","89.26","","","","","","NA"
"-114.01","51.12","CALGARY INTL A","3031092","2024-06-06 04:00","2024","06","06","04:00","","3.3","","-3.9","","59","","","","6","","12","","32.2","","89.29","","","","","","NA"
"-114.01","51.12","CALGARY INTL A","3031092","2024-06-06 05:00","2024","06","06","05:00","","5.0","","-4.0","","52","","","","9","","10","","64.4","","89.31","","","","","","Clear"
"-114.01","51.12","CALGARY INTL A","3031092","2024-06-06 06:00","2024","06","06","06:00","","6.6","","-1.6","","56","","","","12","","12","","64.4","","89.30","","","","","","NA"
"-114.01","51.12","CALGARY INTL A","3031092","2024-06-06 07:00","2024","06","06","07:00","","10.5","","-2.3","","41","","","","11","","10","","64.4","","89.30","","","","","","NA"
"-114.01","51.12","CALGARY INTL A","3031092","2024-06-06 08:00","2024","06","06","08:00","","12.8","","-1.9","","36","","","","15","","6","","64.4","","89.29","","","","","","Mostly Cloudy"
"-114.01","51.12","CALGARY INTL A","3031092","2024-06-06 09:00","2024","06","06","09:00","","13.7","","-2.4","","33","","","","14","","8","","64.4","","89.22","","","","","","NA"
"-114.01","51.12","CALGARY INTL A","3031092","2024-06-06 10:00","2024","06","06","10:00","","15.4","","-3.0","","28","","","","14","","13","","64.4","","89.16","","","","","","NA"
"-114.01","51.12","CALGARY INTL A","3031092","2024-06-06 11:00","2024","06","06","11:00","","16.9","","-0.8","","30","","","","12","","13","","64.4","","89.08","","","","","","Mainly Clear"
"-114.01","51.12","CALGARY INTL A","3031092","2024-06-06 12:00","2024","06","06","12:00","","17.9","","-2.1","","25","","","","24","","9","","64.4","","89.01","","","","","","NA"
"-114.01","51.12","CALGARY INTL A","3031092","2024-06-06 13:00","2024","06","06","13:00","","18.1","","-1.6","","26","","","","14","","4","","64.4","","88.93","","","","","","NA"
"-114.01","51.12","CALGARY INTL A","3031092","2024-06-06 14:00","2024","06","06","14:00","","19.1","","-0.3","","27","","","","17","","10","","64.4","","88.85","","","","","","Mostly Cloudy"
"-114.01","51.12","CALGARY INTL A","3031092","2024-06-06 15:00","2024","06","06","15:00","","21.1","","-0.8","","23","","","","20","","19","","48.3","","88.80","","","","","","NA"
"-114.01","51.12","CALGARY INTL A","3031092","2024-06-06 16:00","2024","06","06","16:00","","21.6","","-2.3","","20","","","","","","0","","48.3","","88.75","","","","","","NA"
"-114.01","51.12","CALGARY INTL A","3031092","2024-06-06 17:00","2024","06","06","17:00","","20.1","","-1.9","","22","","","","3","","21","","48.3","","88.74","","","","","","Mostly Cloudy"
"-114.01","51.12","CALGARY INTL A","3031092","2024-06-06 18:00","2024","06","06","18:00","","18.2","","-1.3","","26","","","","4","","18","","64.4","","88.75","","","","","","NA"
"-114.01","51.12","CALGARY INTL A","3031092","2024-06-06 19:00","2024","06","06","19:00","","17.1","","-1.4","","28","","","","3","","27","","16.1","","88.78","","","","","","NA"
"-114.01","51.12","CALGARY INTL A","3031092","2024-06-06 20:00","2024","06","06","20:00","","16.0","","-0.8","","31","","","","5","","15","","16.1","","88.80","","","","","","Cloudy"
"-114.01","51.12","CALGARY INTL A","3031092","2024-06-06 21:00","2024","06","06","21:00","","14.9","","-0.6","","34","","","","2","","22","","16.1","","88.87","","","","","","NA"
"-114.01","51.12","CALGARY INTL A","3031092","2024-06-06 22:00","2024","06","06","22:00","","12.7","","0.1","","42","","","","2","","13","","16.1","","88.90","","","","","","NA"
"-114.01","51.12","CALGARY INTL A","3031092","2024-06-06 23:00","2024","06","06","23:00","","12.9","","0.8","","43","","","","2","","17","","24.1","","88.96","","","","","","Cloudy"
"-114.01","51.12","CALGARY INTL A","3031092","2024-06-07 00:00","2024","06","07","00:00","","12.0","","-0.2","","43","","","","3","","17","","24.1","","89.00","","","","","","NA"
"-114.01","51.12","CALGARY INTL A","3031092","2024-06-07 01:00","2024","06","07","01:00","","11.3","","-1.3","","41","","","","1","","27","","24.1","","89.07","","","","","","NA"
"-114.01","51.12","CALGARY INTL A","3031092","2024-06-07 02:00","2024","06","07","02:00","","9.2","","0.1","","53","","","","36","","23","","24.1","","89.12","","","","","","Mostly Cloudy"
"-114.01","51.12","CALGARY INTL A","3031092","2024-06-07 03:00","2024","06","07","03:00","","7.8","","0.6","","60","","","","1","","20","","16.1","","89.15","","","","","","NA"
"-114.01","51.12","CALGARY INTL A","3031092","2024-06-07 04:00","2024","06","07","04:00","","8.3","","0.1","","56","","","","34","","18","","16.1","","89.14","","","","","","NA"
"-114.01","51.12","CALGARY INTL A","3031092","2024-06-07 05:00","2024","06","07","05:00","","8.9","","0.0","","53","","","","9","","7","","24.1","","89.16","","","","","","Mostly Cloudy"
"-114.01","51.12","CALGARY INTL A","3031092","2024-06-07 06:00","2024","06","07","06:00","","9.4","","-0.1","","51","","","","1","","15","","24.1","","89.21","","","","","","NA"
"-114.01","51.12","CALGARY INTL A","3031092","2024-06-07 07:00","2024","06","07","07:00","","10.4","","-0.6","","46","","","","2","","17","","64.4","","89.21","","","","","","NA"
"-114.01","51.12","CALGARY INTL A","3031092","2024-06-07 08:00","2024","06","07","08:00","","12.2","","-3.0","","34","","","","1","","17","","64.4","","89.22","","","","","","Mostly Cloudy"
"-114.01","51.12","CALGARY INTL A","3031092","2024-06-07 09:00","2024","06","07","09:00","","13.2","","-3.2","","32","","","","3","","19","","64.4","","89.19","","","","","","NA"
"-114.01","51.12","CALGARY INTL A","3031092","2024-06-07 10:00","2024","06","07","10:00","","13.8","","-2.6","","32","","","","3","","10","","64.4","","89.15","","","","","","NA"
"-114.01","51.12","CALGARY INTL A","3031092","2024-06-07 11:00","2024","06","07","11:00","","14.9","","-3.8","","27","","","","1","","7","","64.4","","89.13","","","","","","Mainly Clear"
"-114.01","51.12","CALGARY INTL A","3031092","2024-06-07 12:00","2024","06","07","12:00","","16.1","","-2.3","","28","","","","2","","20","","64.4","","89.07","","","","","","NA"
"-114.01","51.12","CALGARY INTL A","3031092","2024-06-07 13:00","2024","06","07","13:00","","17.1","","-1.7","","27","","","","1","","20","","64.4","","89.01","","","","","","NA"
"-114.01","51.12","CALGARY INTL A","3031092","2024-06-07 14:00","2024","06","07","14:00","","18.3","","-1.5","","26","","","","2","","17","","48.3","","88.97","","","","","","Mostly Cloudy"
"-114.01","51.12","CALGARY INTL A","3031092","2024-06-07 15:00","2024","06","07","15:00","","18.5","","-1.7","","25","","","","8","","3","","48.3","","88.94","","","","","","NA"
"-114.01","51.12","CALGARY INTL A","3031092","2024-06-07 16:00","2024","06","07","16:00","","19.3","","-1.9","","24","","","","2","","19","","48.3","","88.91","","","","","","NA"
"-114.01","51.12","CALGARY INTL A","3031092","2024-06-07 17:00","2024","06","07","17:00","","19.0","","-2.1","","24","","","","7","","15","","32.2","","88.90","","","","","","Mainly Clear"
"-114.01","51.12","CALGARY INTL A","3031092","2024-06-07 18:00","2024","06","07","18:00","","18.0","","-2.2","","25","","","","3","","19","","32.2","","88.91","","","","","","NA"
"-114.01","51.12","CALGARY INTL A","3031092","2024-06-07 19:00","2024","06","07","19:00","","17.6","","-3.1","","24","","","","4","","21","","32.2","","88.95","","","","","","NA"
"-114.01","51.12","CALGARY INTL A","3031092","2024-06-07 20:00","2024","06","07","20:00","","15.4","","-3.9","","26","","","","4","","20","","32.2","","89.00","","","","","","Mainly Clear"
"-114.01","51.12","CALGARY INTL A","3031092","2024-06-07 21:00","2024","06","07","21:00","","14.1","","-4.0","","28","","","","4","","16","","48.3","","89.04","","","","","","NA"
"-114.01","51.12","CALGARY INTL A","3031092","2024-06-07 22:00","2024","06","07","22:00","","12.1","","-3.0","","35","","","","1","","13","","24.1","","89.07","","","","","","NA"
"-114.01","51.12","CALGARY INTL A","3031092","2024-06-07 23:00","2024","06","07","23:00","","13.1","","-1.9","","35","","","","7","","8","","16.1","","89.10","","","","","","Mostly Cloudy"
"-114.01","51.12","CALGARY INTL A","3031092","2024-06-08 00:00","2024","06","08","00:00","","12.2","","-1.8","","37","","","","5","","10","","16.1","","89.13","","","","","","NA"
"-114.01","51.12","CALGARY INTL A","3031092","2024-06-08 01:00","2024","06","08","01:00","","11.4","","-1.8","","39","","","","3","","15","","16.1","","89.14","","","","","","NA"
"-114.01","51.12","CALGARY INTL A","3031092","2024-06-08 02:00","2024","06","08","02:00","","10.7","","-1.6","","42","","","","3","","13","","16.1","","89.15","","","","","","Mostly Cloudy"
"-114.01","51.12","CALGARY INTL A","3031092","2024-06-08 03:00","2024","06","08","03:00","","10.7","","-1.4","","43","","","","7","","10","","16.1","","89.16","","","","","","NA"
"-114.01","51.12","CALGARY INTL A","3031092","2024-06-08 04:00","2024","06","08","04:00","","10.0","","-1.2","","45","","","","5","","10","","16.1","","89.18","","","","","","NA"
"-114.01","51.12","CALGARY INTL A","3031092","2024-06-08 05:00","2024","06","08","05:00","","11.2","","-2.7","","38","","","","7","","9","","32.2","","89.19","","","","","","Mostly Cloudy"
"-114.01","51.12","CALGARY INTL A","3031092","2024-06-08 06:00","2024","06","08","06:00","","12.8","","-3.2","","33","","","","5","","7","","48.3","","89.16","","","","","","NA"
"-114.01","51.12","CALGARY INTL A","3031092","2024-06-08 07:00","2024","06","08","07:00","","13.7","","-4.1","","29","","","","34","","17","","64.4","","89.16","","","","","","NA"
"-114.01","51.12","CALGARY INTL A","3031092","2024-06-08 08:00","2024","06","08","08:00","","12.8","","-2.3","","35","","","","1","","31","","64.4","","89.18","","","","","","Mostly Cloudy"
"-114.01","51.12","CALGARY INTL A","3031092","2024-06-08 09:00","2024","06","08","09:00","","12.4","","0.5","","44","","","","35","","30","","64.4","","89.19","","","","","","NA"
"-114.01","51.12","CALGARY INTL A","3031092","2024-06-08 10:00","2024","06","08","10:00","","12.1","","2.3","","51","","","","1","","39","","48.3","","89.23","","","","","","NA"
"-114.01","51.12","CALGARY INTL A","3031092","2024-06-08 11:00","2024","06","08","11:00","","10.2","","2.6","","59","","","","2","","39","","32.2","","89.32","","","","","","Mostly Cloudy"
"-114.01","51.12","CALGARY INTL A","3031092","2024-06-08 12:00","2024","06","08","12:00","","9.5","","2.1","","60","","","","2","","36","","24.1","","89.39","","","","","","NA"
"-114.01","51.12","CALGARY INTL A","3031092","2024-06-08 13:00","2024","06","08","13:00","","8.8","","1.9","","62","","","","1","","30","","24.1","","89.46","","","","","","NA"
"-114.01","51.12","CALGARY INTL A","3031092","2024-06-08 14:00","2024","06","08","14:00","","9.4","","1.3","","57","","","","1","","28","","24.1","","89.48","","","","","","Mostly Cloudy"
"-114.01","51.12","CALGARY INTL A","3031092","2024-06-08 15:00","2024","06","08","15:00","","10.1","","0.6","","52","","","","2","","32","","24.1","","89.51","","","","","","NA"
"-114.01","51.12","CALGARY INTL A","3031092","2024-06-08 16:00","2024","06","08","16:00","","8.8","","0.6","","56","","","","36","","26","","24.1","","89.56","","","","","","NA"
"-114.01","51.12","CALGARY INTL A","3031092","2024-06-08 17:00","2024","06","08","17:00","","8.7","","0.0","","54","","","","36","","27","","24.1","","89.58","","","","","","Cloudy"
"-114.01","51.12","CALGARY INTL A","3031092","2024-06-08 18:00","2024","06","08","18:00","","7.6","","-0.1","","58","","","","36","","25","","24.1","","89.63","","","","","","NA"
"-114.01","51.12","CALGARY INTL A","3031092","2024-06-08 19:00","2024","06","08","19:00","","7.0","","0.2","","62","","","","3","","19","","24.1","","89.66","","","","","","NA"
"-114.01","51.12","CALGARY INTL A","3031092","2024-06-08 20:00","2024","06","08","20:00","","6.5","","0.5","","65","","","","2","","20","","16.1","","89.70","","","","","","Cloudy"
"-114.01","51.12","CALGARY INTL A","3031092","2024-06-08 21:00","2024","06","08","21:00","","5.9","","1.2","","72","","","","5","","14","","16.1","","89.73","","","","","","NA"
"-114.01","51.12","CALGARY INTL A","3031092","2024-06-08 22:00","2024","06","08","22:00","","5.9","","1.2","","72","","","","6","","12","","16.1","","89.73","","","","","","NA"
"-114.01","51.12","CALGARY INTL A","3031092","2024-06-08 23:00","2024","06","08","23:00","","6.0","","1.1","","71","","","","7","","11","","16.1","","89.72","","","","","","Cloudy"
"-114.01","51.12","CALGARY INTL A","3031092","2024-06-09 00:00","2024","06","09","00:00","","5.9","","1.0","","71","","","","8","","14","","16.1","","89.69","","","","","","NA"
"-114.01","51.12","CALGARY INTL A","3031092","2024-06-09 01:00","2024","06","09","01:00","","6.2","","0.6","","67","","","","9","","16","","16.1","","89.68","","","","","","NA"
"-114.01","51.12","CALGARY INTL A","3031092","2024-06-09 02:00","2024","06","09","02:00","","6.1","","1.2","","71","","","","16","","9","","16.1","","89.67","","","","","","Clear"
"-114.01","51.12","CALGARY INTL A","3031092","2024-06-09 03:00","2024","06","09","03:00","","6.0","","1.1","","71","","","","13","","8","","16.1","","89.64","","","","","","NA"
"-114.01","51.12","CALGARY INTL A","3031092","2024-06-09 04:00","2024","06","09","04:00","","5.4","","0.8","","72","","","","13","","13","","16.1","","89.61","","","","","","NA"
"-114.01","51.12","CALGARY INTL A","3031092","2024-06-09 05:00","2024","06","09","05:00","","5.1","","1.2","","75","","","","13","","17","","16.1","","89.61","","","","","","Mostly Cloudy"
"-114.01","51.12","CALGARY INTL A","3031092","2024-06-09 06:00","2024","06","09","06:00","","5.8","","1.4","","74","","","","14","","13","","16.1","","89.56","","","","","","NA"
"-114.01","51.12","CALGARY INTL A","3031092","2024-06-09 07:00","2024","06","09","07:00","","6.6","","1.6","","70","","","","15","","18","","16.1","","89.52","","","","","","NA"
"-114.01","51.12","CALGARY INTL A","3031092","2024-06-09 08:00","2024","06","09","08:00","","7.7","","1.4","","65","","","","14","","18","","24.1","","89.50","","","","","","Cloudy"
"-114.01","51.12","CALGARY INTL A","3031092","2024-06-09 09:00","2024","06","09","09:00","","9.0","","1.7","","60","","","","16","","21","","24.1","","89.45","","","","","","NA"
"-114.01","51.12","CALGARY INTL A","3031092","2024-06-09 10:00","2024","06","09","10:00","","11.8","","1.9","","50","","","","16","","23","","24.1","","89.39","","","","","","NA"
"-114.01","51.12","CALGARY INTL A","3031092","2024-06-09 11:00","2024","06","09","11:00","","12.0","","1.9","","50","","","","18","","27","","24.1","","89.34","","","","","","Mostly Cloudy"
"-114.01","51.12","CALGARY INTL A","3031092","2024-06-09 12:00","2024","06","09","12:00","","14.0","","2.1","","44","","","","15","","35","","24.1","","89.27","","","","","","NA"
"-114.01","51.12","CALGARY INTL A","3031092","2024-06-09 13:00","2024","06","09","13:00","","15.5","","3.0","","43","","","","15","","28","","24.1","","89.21","","","","","","NA"
"-114.01","51.12","CALGARY INTL A","3031092","2024-06-09 14:00","2024","06","09","14:00","","17.0","","3.0","","39","","","","17","","26","","24.1","","89.15","","","","","","Mostly Cloudy"
"-114.01","51.12","CALGARY INTL A","3031092","2024-06-09 15:00","2024","06","09","15:00","","17.3","","2.5","","37","","","","15","","32","","24.1","","89.10","","","","","","NA"
"-114.01","51.12","CALGARY INTL A","3031092","2024-06-09 16:00","2024","06","09","16:00","","17.8","","3.1","","37","","","","15","","32","","24.1","","89.02","","","","","","NA"
"-114.01","51.12","CALGARY INTL A","3031092","2024-06-09 17:00","2024","06","09","17:00","","18.6","","4.0","","38","","","","16","","24","","24.1","","88.97","","","","","","Mostly Cloudy"
"-114.01","51.12","CALGARY INTL A","3031092","2024-06-09 18:00","2024","06","09","18:00","","18.3","","3.4","","37","","","","15","","30","","24.1","","88.90","","","","","","NA"
"-114.01","51.12","CALGARY INTL A","3031092","2024-06-09 19:00","2024","06","09","19:00","","17.7","","4.1","","40","","","","16","","25","","24.1","","88.87","","","","","","NA"
"-114.01","51.12","CALGARY INTL A","3031092","2024-06-09 20:00","2024","06","09","20:00","","17.0","","4.2","","42","","","","15","","28","","16.1","","88.84","","","","","","Mostly Cloudy"
"-114.01","51.12","CALGARY INTL A","3031092","2024-06-09 21:00","2024","06","09","21:00","","16.1","","4.4","","45","","","","14","","24","","16.1","","88.84","","","","","","NA"
"-114.01","51.12","CALGARY INTL A","3031092","2024-06-09 22:00","2024","06","09","22:00","","15.3","","4.5","","48","","","","13","","22","","16.1","","88.82","","","","","","NA"
"-114.01","51.12","CALGARY INTL A","3031092","2024-06-09 23:00","2024","06","09","23:00","","14.6","","4.7","","51","","","","13","","20","","24.1","","88.81","","","","","","Mostly Cloudy"
"-114.01","51.12","CALGARY INTL A","3031092","2024-06-10 00:00","2024","06","10","00:00","","14.1","","4.8","","53","","","","13","","21","","16.1","","88.74","","","","","","NA"
"-114.01","51.12","CALGARY INTL A","3031092","2024-06-10 01:00","2024","06","10","01:00","","13.6","","6.2","","61","","","","15","","18","","12.9","","88.71","","","","","","Rain Showers"
"-114.01","51.12","CALGARY INTL A","3031092","2024-06-10 02:00","2024","06","10","02:00","","12.7","","9.1","","78","","","","19","","14","","12.9","","88.73","","","","","","Rain"
"-114.01","51.12","CALGARY INTL A","3031092","2024-06-10 03:00","2024","06","10","03:00","","12.5","","8.9","","79","","","","17","","10","","12.9","","88.65","","","","","","Rain"
"-114.01","51.12","CALGARY INTL A","3031092","2024-06-10 04:00","2024","06","10","04:00","","12.1","","9.9","","87","","","","11","","11","","16.1","","88.58","","","","","","Rain"
"-114.01","51.12","CALGARY INTL A","3031092","2024-06-10 05:00","2024","06","10","05:00","","11.5","","10.1","","91","","","","13","","18","","32.2","","88.53","","","","","","Mostly Cloudy"
"-114.01","51.12","CALGARY INTL A","3031092","2024-06-10 06:00","2024","06","10","06:00","","11.6","","9.1","","85","","","","11","","11","","32.2","","88.59","","","","","","NA"
"-114.01","51.12","CALGARY INTL A","3031092","2024-06-10 07:00","2024","06","10","07:00","","13.7","","9.3","","75","","","","20","","9","","64.4","","88.58","","","","","","NA"
"-114.01","51.12","CALGARY INTL A","3031092","2024-06-10 08:00","2024","06","10","08:00","","15.9","","8.2","","60","","","","6","","5","","64.4","","88.59","","","","","","Mostly Cloudy"
"-114.01","51.12","CALGARY INTL A","3031092","2024-06-10 09:00","2024","06","10","09:00","","14.5","","6.9","","60","","","","1","","16","","64.4","","88.66","","","","","","NA"
"-114.01","51.12","CALGARY INTL A","3031092","2024-06-10 10:00","2024","06","10","10:00","","18.0","","5.5","","44","","","","1","","29","","64.4","","88.67","","","","","","NA"
"-114.01","51.12","CALGARY INTL A","3031092","2024-06-10 11:00","2024","06","10","11:00","","19.1","","4.6","","38","","","","3","","27","","64.4","","88.66","","","","","","Mainly Clear"
"-114.01","51.12","CALGARY INTL A","3031092","2024-06-10 12:00","2024","06","10","12:00","","19.5","","4.5","","37","","","","4","","22","","64.4","","88.63","","","","","","NA"
"-114.01","51.12","CALGARY INTL A","3031092","2024-06-10 13:00","2024","06","10","13:00","","20.7","","4.7","","35","","","","8","","14","","24.1","","88.61","","","","","","NA"
"-114.01","51.12","CALGARY INTL A","3031092","2024-06-10 14:00","2024","06","10","14:00","","20.7","","3.9","","33","","","","3","","17","","64.4","","88.57","","","","","","Mostly Cloudy"
"-114.01","51.12","CALGARY INTL A","3031092","2024-06-10 15:00","2024","06","10","15:00","","19.9","","3.8","","34","","","","7","","15","","24.1","","88.57","","","","","","NA"
"-114.01","51.12","CALGARY INTL A","3031092","2024-06-10 16:00","2024","06","10","16:00","","21.7","","3.8","","31","","","","9","","18","","24.1","","88.56","","","","","","NA"
"-114.01","51.12","CALGARY INTL A","3031092","2024-06-10 17:00","2024","06","10","17:00","","22.0","","3.4","","29","","","","8","","6","","24.1","","88.53","","","","","","Mostly Cloudy"
"-114.01","51.12","CALGARY INTL A","3031092","2024-06-10 18:00","2024","06","10","18:00","","20.5","","4.4","","34","","","","9","","17","","24.1","","88.55","","","","","","NA"
"-114.01","51.12","CALGARY INTL A","3031092","2024-06-10 19:00","2024","06","10","19:00","","22.3","","1.0","","24","","","","29","","11","","32.2","","88.56","","","","","","NA"
"-114.01","51.12","CALGARY INTL A","3031092","2024-06-10 20:00","2024","06","10","20:00","","20.5","","1.1","","27","","","","30","","13","","24.1","","88.58","","","","","","Mostly Cloudy"
"-114.01","51.12","CALGARY INTL A","3031092","2024-06-10 21:00","2024","06","10","21:00","","18.9","","1.6","","31","","","","","","0","","24.1","","88.62","","","","","","NA"
"-114.01","51.12","CALGARY INTL A","3031092","2024-06-10 22:00","2024","06","10","22:00","","17.1","","2.0","","36","","","","","","0","","24.1","","88.63","","","","","","NA"
"-114.01","51.12","CALGARY INTL A","3031092","2024-06-10 23:00","2024","06","10","23:00","","14.9","","2.0","","42","","","","8","","8","","24.1","","88.64","","","","","","Clear"
"-114.01","51.12","CALGARY INTL A","3031092","2024-06-11 00:00","2024","06","11","00:00","","16.0","","2.0","","39","","","","30","","8","","24.1","","88.63","","","","","","NA"
"-114.01","51.12","CALGARY INTL A","3031092","2024-06-11 01:00","2024","06","11","01:00","","15.7","","1.9","","39","","","","31","","3","","24.1","","88.62","","","","","","NA"
"-114.01","51.12","CALGARY INTL A","3031092","2024-06-11 02:00","2024","06","11","02:00","","12.3","","2.0","","49","","","","7","","13","","24.1","","88.64","","","","","","Clear"
"-114.01","51.12","CALGARY INTL A","3031092","2024-06-11 03:00","2024","06","11","03:00","","11.9","","2.4","","52","","","","12","","14","","24.1","","88.62","","","","","","NA"
"-114.01","51.12","CALGARY INTL A","3031092","2024-06-11 04:00","2024","06","11","04:00","","10.3","","3.1","","60","","","","14","","9","","32.2","","88.58","","","","","","NA"
"-114.01","51.12","CALGARY INTL A","3031092","2024-06-11 05:00","2024","06","11","05:00","","12.6","","2.2","","49","","","","9","","13","","48.3","","88.58","","","","","","Mainly Clear"
"-114.01","51.12","CALGARY INTL A","3031092","2024-06-11 06:00","2024","06","11","06:00","","11.5","","4.1","","60","","","","11","","10","","64.4","","88.56","","","","","","NA"
"-114.01","51.12","CALGARY INTL A","3031092","2024-06-11 07:00","2024","06","11","07:00","","14.8","","4.2","","49","","","","","","","M","64.4","","88.52","","","","","","NA"
"-114.01","51.12","CALGARY INTL A","3031092","2024-06-11 08:00","2024","06","11","08:00","","17.2","","3.8","","41","","","","22","","7","","64.4","","88.46","","","","","","Clear"
"-114.01","51.12","CALGARY INTL A","3031092","2024-06-11 09:00","2024","06","11","09:00","","19.4","","2.8","","33","","","","16","","5","","64.4","","88.37","","","","","","NA"
"-114.01","51.12","CALGARY INTL A","3031092","2024-06-11 10:00","2024","06","11","10:00","","21.3","","3.1","","30","","","","13","","18","","64.4","","88.29","","","","","","NA"
"-114.01","51.12","CALGARY INTL A","3031092","2024-06-11 11:00","2024","06","11","11:00","","22.8","","3.0","","27","","","","19","","27","","64.4","","88.16","","","","","","Mainly Clear"
"-114.01","51.12","CALGARY INTL A","3031092","2024-06-11 12:00","2024","06","11","12:00","","23.1","","4.5","","29","","","","17","","15","","64.4","","88.07","","","","","","NA"
"-114.01","51.12","CALGARY INTL A","3031092","2024-06-11 13:00","2024","06","11","13:00","","23.0","","3.8","","28","","","","19","","9","","64.4","","87.98","","","","","","NA"
"-114.01","51.12","CALGARY INTL A","3031092","2024-06-11 14:00","2024","06","11","14:00","","23.6","","3.5","","27","","","","22","","9","","64.4","","87.84","","","","","","Mostly Cloudy"
"-114.01","51.12","CALGARY INTL A","3031092","2024-06-11 15:00","2024","06","11","15:00","","26.1","","2.2","","21","","","","27","","30","","24.1","","87.73","","25","","","","NA"
"-114.01","51.12","CALGARY INTL A","3031092","2024-06-11 16:00","2024","06","11","16:00","","24.2","","-1.6","","18","","","","28","","32","","24.1","","87.69","","","","","","NA"
"-114.01","51.12","CALGARY INTL A","3031092","2024-06-11 17:00","2024","06","11","17:00","","16.0","","5.9","","51","","","","28","","43","","64.4","","87.93","","","","","","Mostly Cloudy"
"-114.01","51.12","CALGARY INTL A","3031092","2024-06-11 18:00","2024","06","11","18:00","","17.4","","5.3","","45","","","","27","","28","","64.4","","87.94","","","","","","NA"
"-114.01","51.12","CALGARY INTL A","3031092","2024-06-11 19:00","2024","06","11","19:00","","19.1","","2.9","","34","","","","29","","39","","64.4","","87.92","","","","","","NA"
"-114.01","51.12","CALGARY INTL A","3031092","2024-06-11 20:00","2024","06","11","20:00","","18.1","","1.2","","32","","","","29","","27","","24.1","","87.94","","","","","","Mainly Clear"
"-114.01","51.12","CALGARY INTL A","3031092","2024-06-11 21:00","2024","06","11","21:00","","16.5","","0.7","","34","","","","28","","30","","24.1","","88.02","","","","","","NA"
"-114.01","51.12","CALGARY INTL A","3031092","2024-06-11 22:00","2024","06","11","22:00","","14.9","","0.8","","38","","","","30","","28","","24.1","","88.11","","","","","","NA"
"-114.01","51.12","CALGARY INTL A","3031092","2024-06-11 23:00","2024","06","11","23:00","","14.9","","-0.1","","35","","","","29","","37","","24.1","","88.15","","","","","","Mainly Clear"
"-114.01","51.12","CALGARY INTL A","3031092","2024-06-12 00:00","2024","06","12","00:00","","12.5","","0.5","","44","","","","29","","24","","24.1","","88.20","","","","","","NA"
"-114.01","51.12","CALGARY INTL A","3031092","2024-06-12 01:00","2024","06","12","01:00","","11.1","","0.3","","47","","","","34","","8","","24.1","","88.25","","","","","","NA"
"-114.01","51.12","CALGARY INTL A","3031092","2024-06-12 02:00","2024","06","12","02:00","","9.1","","0.6","","55","","","","33","","10","","24.1","","88.29","","","","","","Clear"
"-114.01","51.12","CALGARY INTL A","3031092","2024-06-12 03:00","2024","06","12","03:00","","6.6","","0.7","","66","","","","35","","15","","24.1","","88.34","","","","","","NA"
"-114.01","51.12","CALGARY INTL A","3031092","2024-06-12 04:00","2024","06","12","04:00","","7.0","","0.3","","62","","","","32","","6","","48.3","","88.38","","","","","","NA"
"-114.01","51.12","CALGARY INTL A","3031092","2024-06-12 05:00","2024","06","12","05:00","","6.3","","0.5","","66","","","","32","","9","","24.1","","88.40","","","","","","Mainly Clear"
"-114.01","51.12","CALGARY INTL A","3031092","2024-06-12 06:00","2024","06","12","06:00","","9.1","","1.4","","58","","","","21","","14","","48.3","","88.43","","","","","","NA"
"-114.01","51.12","CALGARY INTL A","3031092","2024-06-12 07:00","2024","06","12","07:00","","11.9","","-3.0","","35","","","","27","","14","","64.4","","88.45","","","","","","NA"
"-114.01","51.12","CALGARY INTL A","3031092","2024-06-12 08:00","2024","06","12","08:00","","14.1","","-2.2","","32","","","","28","","38","","64.4","","88.47","","","","","","Mostly Cloudy"
"-114.01","51.12","CALGARY INTL A","3031092","2024-06-12 09:00","2024","06","12","09:00","","15.9","","-4.2","","25","","","","28","","40","","64.4","","88.50","","","","","","NA"
"-114.01","51.12","CALGARY INTL A","3031092","2024-06-12 10:00","2024","06","12","10:00","","16.8","","-4.3","","23","","","","27","","30","","64.4","","88.51","","","","","","NA"
"-114.01","51.12","CALGARY INTL A","3031092","2024-06-12 11:00","2024","06","12","11:00","","17.6","","-3.9","","23","","","","25","","21","","64.4","","88.51","","","","","","Mainly Clear"
"-114.01","51.12","CALGARY INTL A","3031092","2024-06-12 12:00","2024","06","12","12:00","","17.9","","-4.1","","22","","","","26","","31","","64.4","","88.54","","","","","","NA"
"-114.01","51.12","CALGARY INTL A","3031092","2024-06-12 13:00","2024","06","12","13:00","","19.1","","-4.3","","20","","","","27","","43","","64.4","","88.56","","","","","","NA"
"-114.01","51.12","CALGARY INTL A","3031092","2024-06-12 14:00","2024","06","12","14:00","","19.8","","-3.6","","20","","","","29","","42","","64.4","","88.61","","","","","","Mostly Cloudy"
"-114.01","51.12","CALGARY INTL A","3031092","2024-06-12 15:00","2024","06","12","15:00","","20.4","","-3.6","","19","","","","29","","47","","64.4","","88.65","","","","","","NA"
"-114.01","51.12","CALGARY INTL A","3031092","2024-06-12 16:00","2024","06","12","16:00","","17.8","","3.5","","38","","","","36","","15","","48.3","","88.73","","","","","","NA"
"-114.01","51.12","CALGARY INTL A","3031092","2024-06-12 17:00","2024","06","12","17:00","","17.0","","2.4","","37","","","","32","","17","","48.3","","88.74","","","","","","Mostly Cloudy"
"-114.01","51.12","CALGARY INTL A","3031092","2024-06-12 18:00","2024","06","12","18:00","","18.6","","-0.9","","26","","","","28","","28","","48.3","","88.75","","","","","","NA"
"-114.01","51.12","CALGARY INTL A","3031092","2024-06-12 19:00","2024","06","12","19:00","","17.8","","-3.0","","24","","","","28","","36","","32.2","","88.80","","","","","","NA"
"-114.01","51.12","CALGARY INTL A","3031092","2024-06-12 20:00","2024","06","12","20:00","","17.5","","-2.5","","25","","","","27","","33","","32.2","","88.85","","","","","","Mainly Clear"
"-114.01","51.12","CALGARY INTL A","3031092","2024-06-12 21:00","2024","06","12","21:00","","15.6","","-2.1","","29","","","","28","","28","","32.2","","88.94","","","","","","NA"
"-114.01","51.12","CALGARY INTL A","3031092","2024-06-12 22:00","2024","06","12","22:00","","13.4","","1.9","","45","","","","31","","14","","24.1","","89.03","","","","","","NA"
"-114.01","51.12","CALGARY INTL A","3031092","2024-06-12 23:00","2024","06","12","23:00","","12.3","","3.6","","55","","","","6","","12","","24.1","","89.10","","","","","","Clear"
"-114.01","51.12","CALGARY INTL A","3031092","2024-06-13 00:00","2024","06","13","00:00","","10.7","","4.5","","66","","","","15","","9","","24.1","","89.11","","","","","","NA"
"-114.01","51.12","CALGARY INTL A","3031092","2024-06-13 01:00","2024","06","13","01:00","","10.2","","4.4","","67","","","","10","","4","","24.1","","89.17","","","","","","NA"
"-114.01","51.12","CALGARY INTL A","3031092","2024-06-13 02:00","2024","06","13","02:00","","9.5","","-0.1","","51","","","","3","","5","","24.1","","89.18","","","","","","Clear"
"-114.01","51.12","CALGARY INTL A","3031092","2024-06-13 03:00","2024","06","13","03:00","","5.8","","-0.2","","65","","","","7","","10","","24.1","","89.20","","","","","","NA"
"-114.01","51.12","CALGARY INTL A","3031092","2024-06-13 04:00","2024","06","13","04:00","","6.6","","0.0","","63","","","","17","","14","","32.2","","89.22","","","","","","NA"
"-114.01","51.12","CALGARY INTL A","3031092","2024-06-13 05:00","2024","06","13","05:00","","6.3","","0.5","","66","","","","5","","5","","48.3","","89.26","","","","","","Clear"
"-114.01","51.12","CALGARY INTL A","3031092","2024-06-13 06:00","2024","06","13","06:00","","9.3","","0.9","","56","","","","20","","10","","64.4","","89.30","","","","","","NA"
"-114.01","51.12","CALGARY INTL A","3031092","2024-06-13 07:00","2024","06","13","07:00","","11.6","","1.8","","51","","","","23","","10","","64.4","","89.33","","","","","","NA"
"-114.01","51.12","CALGARY INTL A","3031092","2024-06-13 08:00","2024","06","13","08:00","","13.6","","4.3","","53","","","","19","","26","","64.4","","89.36","","","","","","Mainly Clear"
"-114.01","51.12","CALGARY INTL A","3031092","2024-06-13 09:00","2024","06","13","09:00","","14.9","","4.5","","50","","","","18","","26","","64.4","","89.35","","","","","","NA"
"-114.01","51.12","CALGARY INTL A","3031092","2024-06-13 10:00","2024","06","13","10:00","","16.8","","2.8","","39","","","","19","","24","","64.4","","89.31","","","","","","NA"
"-114.01","51.12","CALGARY INTL A","3031092","2024-06-13 11:00","2024","06","13","11:00","","16.3","","1.1","","35","","","","19","","29","","64.4","","89.26","","","","","","Mostly Cloudy"
"-114.01","51.12","CALGARY INTL A","3031092","2024-06-13 12:00","2024","06","13","12:00","","18.3","","1.5","","32","","","","19","","22","","64.4","","89.21","","","","","","NA"
"-114.01","51.12","CALGARY INTL A","3031092","2024-06-13 13:00","2024","06","13","13:00","","19.4","","1.5","","30","","","","21","","18","","64.4","","89.15","","","","","","NA"
"-114.01","51.12","CALGARY INTL A","3031092","2024-06-13 14:00","2024","06","13","14:00","","20.7","","0.4","","25","","","","20","","26","","64.4","","89.09","","","","","","Mostly Cloudy"
"-114.01","51.12","CALGARY INTL A","3031092","2024-06-13 15:00","2024","06","13","15:00","","21.2","","1.1","","26","","","","17","","18","","64.4","","89.05","","","","","","NA"
"-114.01","51.12","CALGARY INTL A","3031092","2024-06-13 16:00","2024","06","13","16:00","","22.0","","0.5","","24","","","","15","","7","","48.3","","88.99","","","","","","NA"
"-114.01","51.12","CALGARY INTL A","3031092","2024-06-13 17:00","2024","06","13","17:00","","21.7","","0.8","","25","","","","16","","24","","32.2","","88.93","","","","","","Cloudy"
"-114.01","51.12","CALGARY INTL A","3031092","2024-06-13 18:00","2024","06","13","18:00","","20.7","","1.2","","27","","","","19","","23","","48.3","","88.90","","","","","","NA"
"-114.01","51.12","CALGARY INTL A","3031092","2024-06-13 19:00","2024","06","13","19:00","","20.4","","1.1","","27","","","","16","","25","","48.3","","88.87","","","","","","NA"
"-114.01","51.12","CALGARY INTL A","3031092","2024-06-13 20:00","2024","06","13","20:00","","19.6","","0.6","","28","","","","16","","24","","48.3","","88.86","","","","","","Cloudy"
"-114.01","51.12","CALGARY INTL A","3031092","2024-06-13 21:00","2024","06","13","21:00","","17.9","","0.8","","31","","","","15","","24","","32.2","","88.86","","","","","","NA"
"-114.01","51.12","CALGARY INTL A","3031092","2024-06-13 22:00","2024","06","13","22:00","","16.4","","0.9","","35","","","","15","","20","","24.1","","88.87","","","","","","NA"
"-114.01","51.12","CALGARY INTL A","3031092","2024-06-13 23:00","2024","06","13","23:00","","15.0","","2.5","","43","","","","15","","20","","24.1","","88.85","","","","","","Mostly Cloudy"
"-114.01","51.12","CALGARY INTL A","3031092","2024-06-14 00:00","2024","06","14","00:00","","14.6","","3.1","","46","","","","16","","23","","24.1","","88.81","","","","","","NA"
"-114.01","51.12","CALGARY INTL A","3031092","2024-06-14 01:00","2024","06","14","01:00","","14.8","","3.8","","48","","","","18","","21","","24.1","","88.77","","","","","","NA"
"-114.01","51.12","CALGARY INTL A","3031092","2024-06-14 02:00","2024","06","14","02:00","","14.2","","4.8","","53","","","","18","","19","","24.1","","88.72","","","","","","Mostly Cloudy"
"-114.01","51.12","CALGARY INTL A","3031092","2024-06-14 03:00","2024","06","14","03:00","","13.6","","5.0","","56","","","","18","","20","","24.1","","88.65","","","","","","NA"
"-114.01","51.12","CALGARY INTL A","3031092","2024-06-14 04:00","2024","06","14","04:00","","12.2","","5.1","","62","","","","20","","19","","32.2","","88.58","","","","","","NA"
"-114.01","51.12","CALGARY INTL A","3031092","2024-06-14 05:00","2024","06","14","05:00","","11.7","","5.5","","65","","","","19","","19","","48.3","","88.55","","","","","","Mostly Cloudy"
"-114.01","51.12","CALGARY INTL A","3031092","2024-06-14 06:00","2024","06","14","06:00","","13.2","","5.6","","60","","","","18","","13","","32.2","","88.52","","","","","","NA"
"-114.01","51.12","CALGARY INTL A","3031092","2024-06-14 07:00","2024","06","14","07:00","","13.8","","4.6","","53","","","","30","","4","","64.4","","88.50","","","","","","NA"
"-114.01","51.12","CALGARY INTL A","3031092","2024-06-14 08:00","2024","06","14","08:00","","16.0","","5.8","","50","","","","23","","13","","48.3","","88.47","","","","","","Mostly Cloudy"
"-114.01","51.12","CALGARY INTL A","3031092","2024-06-14 09:00","2024","06","14","09:00","","18.4","","3.1","","36","","","","21","","14","","48.3","","88.43","","","","","","NA"
"-114.01","51.12","CALGARY INTL A","3031092","2024-06-14 10:00","2024","06","14","10:00","","21.2","","1.8","","27","","","","28","","24","","64.4","","88.39","","","","","","NA"
"-114.01","51.12","CALGARY INTL A","3031092","2024-06-14 11:00","2024","06","14","11:00","","21.7","","-1.0","","22","","","","27","","17","","64.4","","88.34","","","","","","Mostly Cloudy"
"-114.01","51.12","CALGARY INTL A","3031092","2024-06-14 12:00","2024","06","14","12:00","","22.6","","-0.5","","21","","","","29","","14","","64.4","","88.27","","","","","","NA"
"-114.01","51.12","CALGARY INTL A","3031092","2024-06-14 13:00","2024","06","14","13:00","","23.8","","-3.2","","16","","","","21","","18","","48.3","","88.21","","","","","","NA"
"-114.01","51.12","CALGARY INTL A","3031092","2024-06-14 14:00","2024","06","14","14:00","","24.3","","-4.3","","14","","","","21","","27","","48.3","","88.19","","","","","","Mostly Cloudy"
"-114.01","51.12","CALGARY INTL A","3031092","2024-06-14 15:00","2024","06","14","15:00","","25.2","","-4.6","","13","","","","26","","25","","32.2","","88.16","","","","","","NA"
"-114.01","51.12","CALGARY INTL A","3031092","2024-06-14 16:00","2024","06","14","16:00","","25.0","","-4.1","","14","","","","28","","35","","32.2","","88.16","","","","","","NA"
"-114.01","51.12","CALGARY INTL A","3031092","2024-06-14 17:00","2024","06","14","17:00","","24.1","","-2.2","","17","","","","29","","36","","32.2","","88.15","","","","","","Mostly Cloudy"
"-114.01","51.12","CALGARY INTL A","3031092","2024-06-14 18:00","2024","06","14","18:00","","22.4","","-0.9","","21","","","","30","","31","","32.2","","88.19","","","","","","NA"
"-114.01","51.12","CALGARY INTL A","3031092","2024-06-14 19:00","2024","06","14","19:00","","21.4","","-2.8","","19","","","","29","","45","","16.1","","88.23","","","","","","NA"
"-114.01","51.12","CALGARY INTL A","3031092","2024-06-14 20:00","2024","06","14","20:00","","19.8","","-2.4","","22","","","","29","","34","","16.1","","88.29","","","","","","Mostly Cloudy"
"-114.01","51.12","CALGARY INTL A","3031092","2024-06-14 21:00","2024","06","14","21:00","","16.0","","5.6","","50","","","","4","","20","","16.1","","88.43","","","","","","NA"
"-114.01","51.12","CALGARY INTL A","3031092","2024-06-14 22:00","2024","06","14","22:00","","14.4","","6.5","","59","","","","33","","18","","16.1","","88.50","","","","","","NA"
"-114.01","51.12","CALGARY INTL A","3031092","2024-06-14 23:00","2024","06","14","23:00","","13.9","","5.5","","57","","","","36","","14","","16.1","","88.53","","","","","","Mostly Cloudy"
"-114.01","51.12","CALGARY INTL A","3031092","2024-06-15 00:00","2024","06","15","00:00","","12.9","","5.4","","60","","","","36","","12","","16.1","","88.53","","","","","","NA"
"-114.01","51.12","CALGARY INTL A","3031092","2024-06-15 01:00","2024","06","15","01:00","","12.3","","5.0","","61","","","","3","","22","","16.1","","88.56","","","","","","NA"
"-114.01","51.12","CALGARY INTL A","3031092","2024-06-15 02:00","2024","06","15","02:00","","10.6","","4.1","","64","","","","35","","15","","16.1","","88.55","","","","","","Mostly Cloudy"
"-114.01","51.12","CALGARY INTL A","3031092","2024-06-15 03:00","2024","06","15","03:00","","9.9","","3.5","","64","","","","35","","13","","16.1","","88.53","","","","","","NA"
"-114.01","51.12","CALGARY INTL A","3031092","2024-06-15 04:00","2024","06","15","04:00","","10.3","","3.0","","60","","","","13","","3","","16.1","","88.57","","","","","","NA"
"-114.01","51.12","CALGARY INTL A","3031092","2024-06-15 05:00","2024","06","15","05:00","","10.2","","3.3","","62","","","","4","","10","","16.1","","88.56","","","","","","Mostly Cloudy"
"-114.01","51.12","CALGARY INTL A","3031092","2024-06-15 06:00","2024","06","15","06:00","","10.4","","2.9","","59","","","","33","","15","","24.1","","88.54","","","","","","NA"
"-114.01","51.12","CALGARY INTL A","3031092","2024-06-15 07:00","2024","06","15","07:00","","10.5","","3.8","","63","","","","36","","10","","24.1","","88.45","","","","","","NA"
"-114.01","51.12","CALGARY INTL A","3031092","2024-06-15 08:00","2024","06","15","08:00","","12.5","","3.8","","55","","","","2","","13","","24.1","","88.41","","","","","","Cloudy"
"-114.01","51.12","CALGARY INTL A","3031092","2024-06-15 09:00","2024","06","15","09:00","","13.8","","3.6","","50","","","","4","","14","","24.1","","88.33","","","","","","NA"
"-114.01","51.12","CALGARY INTL A","3031092","2024-06-15 10:00","2024","06","15","10:00","","15.0","","2.3","","42","","","","7","","16","","24.1","","88.23","","","","","","NA"
"-114.01","51.12","CALGARY INTL A","3031092","2024-06-15 11:00","2024","06","15","11:00","","14.1","","0.7","","40","","","","10","","21","","24.1","","88.17","","","","","","Cloudy"
"-114.01","51.12","CALGARY INTL A","3031092","2024-06-15 12:00","2024","06","15","12:00","","14.0","","1.7","","43","","","","14","","16","","24.1","","88.12","","","","","","NA"
"-114.01","51.12","CALGARY INTL A","3031092","2024-06-15 13:00","2024","06","15","13:00","","13.6","","2.9","","48","","","","15","","22","","24.1","","88.08","","","","","","NA"
"-114.01","51.12","CALGARY INTL A","3031092","2024-06-15 14:00","2024","06","15","14:00","","13.2","","4.1","","54","","","","6","","14","","24.1","","88.04","","","","","","Cloudy"
"-114.01","51.12","CALGARY INTL A","3031092","2024-06-15 15:00","2024","06","15","15:00","","11.9","","5.3","","64","","","","30","","19","","16.1","","88.00","","","","","","NA"
"-114.01","51.12","CALGARY INTL A","3031092","2024-06-15 16:00","2024","06","15","16:00","","7.0","","4.5","","84","","","","18","","27","","8.1","","88.11","","","","","","Thunderstorms,Rain Showers"
"-114.01","51.12","CALGARY INTL A","3031092","2024-06-15 17:00","2024","06","15","17:00","","7.8","","5.8","","87","","","","5","","14","","9.7","","88.09","","","","","","Rain Showers"
"-114.01","51.12","CALGARY INTL A","3031092","2024-06-15 18:00","2024","06","15","18:00","","7.1","","5.4","","89","","","","33","","26","","9.7","","88.12","","","","","","Rain Showers"
"-114.01","51.12","CALGARY INTL A","3031092","2024-06-15 19:00","2024","06","15","19:00","","6.8","","5.2","","89","","","","28","","29","","8.1","","88.12","","","","","","Rain,Fog"
"-114.01","51.12","CALGARY INTL A","3031092","2024-06-15 20:00","2024","06","15","20:00","","6.6","","5.2","","91","","","","29","","17","","9.7","","88.13","","","","","","Rain,Fog"
"-114.01","51.12","CALGARY INTL A","3031092","2024-06-15 21:00","2024","06","15","21:00","","6.8","","5.5","","91","","","","5","","9","","12.9","","88.12","","","","","","Rain"
"-114.01","51.12","CALGARY INTL A","3031092","2024-06-15 22:00","2024","06","15","22:00","","7.3","","5.0","","85","","","","30","","26","","12.9","","88.11","","","","","","Rain"
"-114.01","51.12","CALGARY INTL A","3031092","2024-06-15 23:00","2024","06","15","23:00","","6.8","","5.7","","92","","","","30","","26","","12.9","","88.11","","","","","","Rain"
"-114.01","51.12","CALGARY INTL A","3031092","2024-06-16 00:00","2024","06","16","00:00","","7.2","","5.4","","88","","","","28","","31","","16.1","","88.08","","","","","","NA"
"-114.01","51.12","CALGARY INTL A","3031092","2024-06-16 01:00","2024","06","16","01:00","","7.4","","5.0","","85","","","","31","","37","","12.9","","88.08","","","","","","Rain"
"-114.01","51.12","CALGARY INTL A","3031092","2024-06-16 02:00","2024","06","16","02:00","","7.3","","4.5","","82","","","","31","","32","","16.1","","88.10","","","","","","Cloudy"
"-114.01","51.12","CALGARY INTL A","3031092","2024-06-16 03:00","2024","06","16","03:00","","7.0","","3.6","","79","","","","30","","29","","16.1","","88.13","","","","","","NA"
"-114.01","51.12","CALGARY INTL A","3031092","2024-06-16 04:00","2024","06","16","04:00","","7.4","","2.3","","70","","","","30","","38","","24.1","","88.13","","","","","","NA"
"-114.01","51.12","CALGARY INTL A","3031092","2024-06-16 05:00","2024","06","16","05:00","","7.1","","1.7","","69","","","","31","","35","","32.2","","88.19","","","","","","Mostly Cloudy"
"-114.01","51.12","CALGARY INTL A","3031092","2024-06-16 06:00","2024","06","16","06:00","","7.5","","2.2","","69","","","","31","","41","","24.1","","88.23","","","","","","NA"
"-114.01","51.12","CALGARY INTL A","3031092","2024-06-16 07:00","2024","06","16","07:00","","7.0","","2.7","","74","","","","31","","45","","24.1","","88.33","","","","","","NA"
"-114.01","51.12","CALGARY INTL A","3031092","2024-06-16 08:00","2024","06","16","08:00","","6.5","","3.7","","83","","","","32","","36","","9.7","","88.40","","","","","","Rain Showers"
"-114.01","51.12","CALGARY INTL A","3031092","2024-06-16 09:00","2024","06","16","09:00","","6.3","","3.7","","83","","","","32","","33","","24.1","","88.47","","","","","","NA"
"-114.01","51.12","CALGARY INTL A","3031092","2024-06-16 10:00","2024","06","16","10:00","","8.1","","3.6","","73","","","","31","","28","","24.1","","88.49","","","","","","NA"
"-114.01","51.12","CALGARY INTL A","3031092","2024-06-16 11:00","2024","06","16","11:00","","8.7","","2.5","","65","","","","31","","36","","24.1","","88.53","","","","","","Cloudy"
"-114.01","51.12","CALGARY INTL A","3031092","2024-06-16 12:00","2024","06","16","12:00","","10.1","","2.8","","60","","","","30","","32","","24.1","","88.53","","","","","","NA"
"-114.01","51.12","CALGARY INTL A","3031092","2024-06-16 13:00","2024","06","16","13:00","","11.8","","2.1","","51","","","","29","","30","","24.1","","88.52","","","","","","NA"
"-114.01","51.12","CALGARY INTL A","3031092","2024-06-16 14:00","2024","06","16","14:00","","11.8","","0.5","","46","","","","28","","25","","24.1","","88.51","","","","","","Cloudy"
"-114.01","51.12","CALGARY INTL A","3031092","2024-06-16 15:00","2024","06","16","15:00","","8.4","","5.4","","82","","","","32","","22","","16.1","","88.58","","","","","","Rain Showers"
"-114.01","51.12","CALGARY INTL A","3031092","2024-06-16 16:00","2024","06","16","16:00","","10.3","","2.1","","57","","","","30","","26","","24.1","","88.57","","","","","","NA"
"-114.01","51.12","CALGARY INTL A","3031092","2024-06-16 17:00","2024","06","16","17:00","","8.0","","3.6","","74","","","","3","","26","","24.1","","88.62","","","","","","Cloudy"
"-114.01","51.12","CALGARY INTL A","3031092","2024-06-16 18:00","2024","06","16","18:00","","9.0","","4.0","","70","","","","4","","15","","24.1","","88.60","","","","","","NA"
"-114.01","51.12","CALGARY INTL A","3031092","2024-06-16 19:00","2024","06","16","19:00","","9.7","","1.3","","56","","","","2","","15","","16.1","","88.61","","","","","","NA"
"-114.01","51.12","CALGARY INTL A","3031092","2024-06-16 20:00","2024","06","16","20:00","","9.3","","2.1","","61","","","","36","","6","","16.1","","88.62","","","","","","Mostly Cloudy"
"-114.01","51.12","CALGARY INTL A","3031092","2024-06-16 21:00","2024","06","16","21:00","","8.0","","3.9","","76","","","","20","","10","","16.1","","88.64","","","","","","NA"
"-114.01","51.12","CALGARY INTL A","3031092","2024-06-16 22:00","2024","06","16","22:00","","7.4","","4.2","","80","","","","19","","12","","16.1","","88.64","","","","","","NA"
"-114.01","51.12","CALGARY INTL A","3031092","2024-06-16 23:00","2024","06","16","23:00","","6.6","","3.0","","78","","","","21","","13","","16.1","","88.61","","","","","","Mostly Cloudy"
"-114.01","51.12","CALGARY INTL A","3031092","2024-06-17 00:00","2024","06","17","00:00","","6.1","","2.8","","79","","","","21","","9","","24.1","","88.59","","","","","","NA"
"-114.01","51.12","CALGARY INTL A","3031092","2024-06-17 01:00","2024","06","17","01:00","","5.3","","2.3","","81","","","","31","","13","","24.1","","88.55","","","","","","NA"
"-114.01","51.12","CALGARY INTL A","3031092","2024-06-17 02:00","2024","06","17","02:00","","4.0","","1.4","","84","","","","30","","13","","24.1","","88.53","","","","","","Mainly Clear"
"-114.01","51.12","CALGARY INTL A","3031092","2024-06-17 03:00","2024","06","17","03:00","","3.6","","1.3","","85","","","","30","","12","","24.1","","88.52","","","","","","NA"
"-114.01","51.12","CALGARY INTL A","3031092","2024-06-17 04:00","2024","06","17","04:00","","3.4","","0.9","","84","","","","31","","16","","24.1","","88.52","","","","","","NA"
"-114.01","51.12","CALGARY INTL A","3031092","2024-06-17 05:00","2024","06","17","05:00","","3.2","","1.0","","85","","","","32","","11","","24.1","","88.52","","","","","","Mostly Cloudy"
"-114.01","51.12","CALGARY INTL A","3031092","2024-06-17 06:00","2024","06","17","06:00","","4.9","","1.7","","80","","","","31","","14","","24.1","","88.56","","","","","","NA"
"-114.01","51.12","CALGARY INTL A","3031092","2024-06-17 07:00","2024","06","17","07:00","","7.5","","2.5","","71","","","","30","","16","","24.1","","88.58","","","","","","NA"
"-114.01","51.12","CALGARY INTL A","3031092","2024-06-17 08:00","2024","06","17","08:00","","9.2","","2.0","","61","","","","36","","10","","24.1","","88.54","","","","","","Mainly Clear"
"-114.01","51.12","CALGARY INTL A","3031092","2024-06-17 09:00","2024","06","17","09:00","","9.8","","0.7","","53","","","","34","","15","","24.1","","88.51","","","","","","NA"
"-114.01","51.12","CALGARY INTL A","3031092","2024-06-17 10:00","2024","06","17","10:00","","11.3","","-0.4","","44","","","","34","","12","","64.4","","88.46","","","","","","NA"
"-114.01","51.12","CALGARY INTL A","3031092","2024-06-17 11:00","2024","06","17","11:00","","12.0","","0.4","","45","","","","34","","12","","64.4","","88.41","","","","","","Mostly Cloudy"
"-114.01","51.12","CALGARY INTL A","3031092","2024-06-17 12:00","2024","06","17","12:00","","13.0","","0.7","","43","","","","6","","18","","64.4","","88.38","","","","","","NA"
"-114.01","51.12","CALGARY INTL A","3031092","2024-06-17 13:00","2024","06","17","13:00","","11.9","","0.7","","46","","","","2","","21","","64.4","","88.36","","","","","","NA"
"-114.01","51.12","CALGARY INTL A","3031092","2024-06-17 14:00","2024","06","17","14:00","","11.5","","0.7","","47","","","","5","","15","","24.1","","88.35","","","","","","Cloudy"
"-114.01","51.12","CALGARY INTL A","3031092","2024-06-17 15:00","2024","06","17","15:00","","11.0","","-0.5","","45","","","","31","","5","","24.1","","88.36","","","","","","NA"
"-114.01","51.12","CALGARY INTL A","3031092","2024-06-17 16:00","2024","06","17","16:00","","9.8","","3.6","","65","","","","17","","9","","24.1","","88.40","","","","","","NA"
"-114.01","51.12","CALGARY INTL A","3031092","2024-06-17 17:00","2024","06","17","17:00","","9.2","","1.8","","60","","","","33","","26","","16.1","","88.47","","","","","","Rain Showers"
"-114.01","51.12","CALGARY INTL A","3031092","2024-06-17 18:00","2024","06","17","18:00","","6.4","","4.1","","86","","","","35","","25","","9.7","","88.55","","","","","","Rain Showers"
"-114.01","51.12","CALGARY INTL A","3031092","2024-06-17 19:00","2024","06","17","19:00","","5.9","","4.2","","89","","","","33","","16","","9.7","","88.61","","","","","","Rain Showers,Fog"
"-114.01","51.12","CALGARY INTL A","3031092","2024-06-17 20:00","2024","06","17","20:00","","5.8","","3.9","","87","","","","33","","14","","9.7","","88.67","","","","","","Rain Showers,Fog"
"-114.01","51.12","CALGARY INTL A","3031092","2024-06-17 21:00","2024","06","17","21:00","","6.1","","4.3","","89","","","","30","","8","","9.7","","88.71","","","","","","Rain Showers,Fog"
"-114.01","51.12","CALGARY INTL A","3031092","2024-06-17 22:00","2024","06","17","22:00","","5.5","","4.3","","92","","","","26","","7","","11.3","","88.77","","","","","","Rain Showers"
"-114.01","51.12","CALGARY INTL A","3031092","2024-06-17 23:00","2024","06","17","23:00","","5.6","","3.9","","89","","","","32","","10","","12.9","","88.80","","","","","","Rain Showers"
"-114.01","51.12","CALGARY INTL A","3031092","2024-06-18 00:00","2024","06","18","00:00","","5.4","","3.2","","86","","","","33","","15","","19.3","","88.79","","","","","","NA"
"-114.01","51.12","CALGARY INTL A","3031092","2024-06-18 01:00","2024","06","18","01:00","","5.2","","3.1","","86","","","","33","","14","","24.1","","88.80","","","","","","NA"
"-114.01","51.12","CALGARY INTL A","3031092","2024-06-18 02:00","2024","06","18","02:00","","4.9","","2.8","","86","","","","33","","13","","24.1","","88.82","","","","","","Mostly Cloudy"
"-114.01","51.12","CALGARY INTL A","3031092","2024-06-18 03:00","2024","06","18","03:00","","4.7","","1.2","","78","","","","34","","16","","24.1","","88.84","","","","","","NA"
"-114.01","51.12","CALGARY INTL A","3031092","2024-06-18 04:00","2024","06","18","04:00","","4.0","","1.2","","82","","","","35","","12","","32.2","","88.89","","","","","","NA"
"-114.01","51.12","CALGARY INTL A","3031092","2024-06-18 05:00","2024","06","18","05:00","","3.9","","0.8","","80","","","","33","","12","","24.1","","88.96","","","","","","Mostly Cloudy"
"-114.01","51.12","CALGARY INTL A","3031092","2024-06-18 06:00","2024","06","18","06:00","","4.1","","0.5","","78","","","","34","","14","","64.4","","89.02","","","","","","NA"
"-114.01","51.12","CALGARY INTL A","3031092","2024-06-18 07:00","2024","06","18","07:00","","5.5","","1.4","","75","","","","36","","16","","64.4","","89.04","","","","","","NA"
"-114.01","51.12","CALGARY INTL A","3031092","2024-06-18 08:00","2024","06","18","08:00","","6.8","","1.6","","69","","","","5","","8","","64.4","","89.07","","","","","","Mostly Cloudy"
"-114.01","51.12","CALGARY INTL A","3031092","2024-06-18 09:00","2024","06","18","09:00","","7.5","","1.6","","66","","","","28","","3","","64.4","","89.08","","","","","","NA"
"-114.01","51.12","CALGARY INTL A","3031092","2024-06-18 10:00","2024","06","18","10:00","","8.5","","1.0","","59","","","","","","0","","64.4","","89.08","","","","","","NA"
"-114.01","51.12","CALGARY INTL A","3031092","2024-06-18 11:00","2024","06","18","11:00","","7.4","","0.9","","63","","","","22","","8","","64.4","","89.07","","","","","","Cloudy"
"-114.01","51.12","CALGARY INTL A","3031092","2024-06-18 12:00","2024","06","18","12:00","","6.6","","2.8","","76","","","","20","","13","","11.3","","89.10","","","","","","Rain Showers"
"-114.01","51.12","CALGARY INTL A","3031092","2024-06-18 13:00","2024","06","18","13:00","","7.7","","2.7","","71","","","","30","","17","","16.1","","89.10","","","","","","NA"
"-114.01","51.12","CALGARY INTL A","3031092","2024-06-18 14:00","2024","06","18","14:00","","7.9","","2.5","","68","","","","23","","13","","24.1","","89.09","","","","","","Mostly Cloudy"
"-114.01","51.12","CALGARY INTL A","3031092","2024-06-18 15:00","2024","06","18","15:00","","9.9","","1.2","","55","","","","20","","15","","24.1","","89.09","","","","","","NA"
"-114.01","51.12","CALGARY INTL A","3031092","2024-06-18 16:00","2024","06","18","16:00","","11.1","","1.4","","51","","","","18","","19","","24.1","","89.07","","","","","","NA"
"-114.01","51.12","CALGARY INTL A","3031092","2024-06-18 17:00","2024","06","18","17:00","","10.4","","2.0","","56","","","","18","","10","","24.1","","89.06","","","","","","Mostly Cloudy"
"-114.01","51.12","CALGARY INTL A","3031092","2024-06-18 18:00","2024","06","18","18:00","","8.9","","3.9","","71","","","","34","","14","","24.1","","89.08","","","","","","Rain Showers"
"-114.01","51.12","CALGARY INTL A","3031092","2024-06-18 19:00","2024","06","18","19:00","","8.7","","3.8","","71","","","","14","","9","","24.1","","89.12","","","","","","NA"
"-114.01","51.12","CALGARY INTL A","3031092","2024-06-18 20:00","2024","06","18","20:00","","7.9","","3.2","","72","","","","13","","11","","24.1","","89.14","","","","","","Mostly Cloudy"
"-114.01","51.12","CALGARY INTL A","3031092","2024-06-18 21:00","2024","06","18","21:00","","8.3","","3.3","","71","","","","7","","5","","24.1","","89.19","","","","","","NA"
"-114.01","51.12","CALGARY INTL A","3031092","2024-06-18 22:00","2024","06","18","22:00","","6.7","","5.0","","89","","","","17","","7","","24.1","","89.23","","","","","","NA"
"-114.01","51.12","CALGARY INTL A","3031092","2024-06-18 23:00","2024","06","18","23:00","","7.1","","3.9","","80","","","","27","","5","","24.1","","89.24","","","","","","Mainly Clear"
"-114.01","51.12","CALGARY INTL A","3031092","2024-06-19 00:00","2024","06","19","00:00","","5.9","","3.1","","82","","","","32","","7","","24.1","","89.23","","","","","","NA"
"-114.01","51.12","CALGARY INTL A","3031092","2024-06-19 01:00","2024","06","19","01:00","","5.7","","3.5","","86","","","","24","","7","","24.1","","89.20","","","","","","NA"
"-114.01","51.12","CALGARY INTL A","3031092","2024-06-19 02:00","2024","06","19","02:00","","5.0","","2.7","","85","","","","26","","4","","24.1","","89.20","","","","","","Mainly Clear"
"-114.01","51.12","CALGARY INTL A","3031092","2024-06-19 03:00","2024","06","19","03:00","","4.2","","2.2","","87","","","","23","","3","","24.1","","89.19","","","","","","NA"
"-114.01","51.12","CALGARY INTL A","3031092","2024-06-19 04:00","2024","06","19","04:00","","3.1","","1.9","","92","","","","8","","4","","64.4","","89.21","","","","","","NA"
"-114.01","51.12","CALGARY INTL A","3031092","2024-06-19 05:00","2024","06","19","05:00","","2.5","","1.2","","91","","","","33","","5","","64.4","","89.25","","","","","","Mostly Cloudy"
"-114.01","51.12","CALGARY INTL A","3031092","2024-06-19 06:00","2024","06","19","06:00","","3.4","","2.1","","91","","","","16","","3","","64.4","","89.29","","","","","","NA"
"-114.01","51.12","CALGARY INTL A","3031092","2024-06-19 07:00","2024","06","19","07:00","","5.5","","2.4","","80","","","","36","","3","","64.4","","89.31","","","","","","NA"
"-114.01","51.12","CALGARY INTL A","3031092","2024-06-19 08:00","2024","06","19","08:00","","7.9","","2.5","","69","","","","28","","5","","64.4","","89.34","","","","","","Cloudy"
"-114.01","51.12","CALGARY INTL A","3031092","2024-06-19 09:00","2024","06","19","09:00","","9.8","","2.7","","61","","","","14","","7","","64.4","","89.35","","","","","","NA"
"-114.01","51.12","CALGARY INTL A","3031092","2024-06-19 10:00","2024","06","19","10:00","","10.7","","1.2","","52","","","","30","","5","","64.4","","89.37","","","","","","NA"
"-114.01","51.12","CALGARY INTL A","3031092","2024-06-19 11:00","2024","06","19","11:00","","12.4","","2.8","","52","","","","","","0","","64.4","","89.38","","","","","","Cloudy"
"-114.01","51.12","CALGARY INTL A","3031092","2024-06-19 12:00","2024","06","19","12:00","","12.6","","0.6","","44","","","","20","","4","","48.3","","89.38","","","","","","NA"
"-114.01","51.12","CALGARY INTL A","3031092","2024-06-19 13:00","2024","06","19","13:00","","15.2","","3.4","","45","","","","17","","10","","48.3","","89.37","","","","","","NA"
"-114.01","51.12","CALGARY INTL A","3031092","2024-06-19 14:00","2024","06","19","14:00","","13.4","","0.8","","42","","","","18","","9","","48.3","","89.37","","","","","","Cloudy"
"-114.01","51.12","CALGARY INTL A","3031092","2024-06-19 15:00","2024","06","19","15:00","","12.7","","1.8","","47","","","","22","","21","","48.3","","89.39","","","","","","NA"
"-114.01","51.12","CALGARY INTL A","3031092","2024-06-19 16:00","2024","06","19","16:00","","13.7","","2.0","","45","","","","21","","12","","32.2","","89.38","","","","","","NA"
"-114.01","51.12","CALGARY INTL A","3031092","2024-06-19 17:00","2024","06","19","17:00","","14.1","","-0.1","","38","","","","19","","4","","48.3","","89.38","","","","","","Cloudy"
"-114.01","51.12","CALGARY INTL A","3031092","2024-06-19 18:00","2024","06","19","18:00","","15.0","","0.7","","38","","","","","","0","","32.2","","89.38","","","","","","NA"
"-114.01","51.12","CALGARY INTL A","3031092","2024-06-19 19:00","2024","06","19","19:00","","14.1","","1.9","","43","","","","17","","10","","48.3","","89.39","","","","","","NA"
"-114.01","51.12","CALGARY INTL A","3031092","2024-06-19 20:00","2024","06","19","20:00","","12.5","","2.5","","50","","","","18","","10","","32.2","","89.42","","","","","","Mostly Cloudy"
"-114.01","51.12","CALGARY INTL A","3031092","2024-06-19 21:00","2024","06","19","21:00","","12.3","","2.2","","50","","","","18","","9","","24.1","","89.46","","","","","","NA"
"-114.01","51.12","CALGARY INTL A","3031092","2024-06-19 22:00","2024","06","19","22:00","","11.5","","2.8","","55","","","","17","","5","","24.1","","89.47","","","","","","NA"
"-114.01","51.12","CALGARY INTL A","3031092","2024-06-19 23:00","2024","06","19","23:00","","10.4","","3.2","","61","","","","16","","8","","24.1","","89.50","","","","","","Mostly Cloudy"
"-114.01","51.12","CALGARY INTL A","3031092","2024-06-20 00:00","2024","06","20","00:00","","10.4","","3.2","","61","","","","20","","6","","24.1","","89.50","","","","","","NA"
"-114.01","51.12","CALGARY INTL A","3031092","2024-06-20 01:00","2024","06","20","01:00","","8.1","","3.1","","71","","","","","","0","","24.1","","89.49","","","","","","NA"
"-114.01","51.12","CALGARY INTL A","3031092","2024-06-20 02:00","2024","06","20","02:00","","7.4","","2.9","","73","","","","29","","6","","24.1","","89.48","","","","","","Mostly Cloudy"
"-114.01","51.12","CALGARY INTL A","3031092","2024-06-20 03:00","2024","06","20","03:00","","7.7","","3.2","","73","","","","","","0","","24.1","","89.45","","","","","","NA"
"-114.01","51.12","CALGARY INTL A","3031092","2024-06-20 04:00","2024","06","20","04:00","","7.5","","3.9","","78","","","","23","","6","","32.2","","89.46","","","","","","NA"
"-114.01","51.12","CALGARY INTL A","3031092","2024-06-20 05:00","2024","06","20","05:00","","6.3","","3.0","","80","","","","35","","7","","48.3","","89.48","","","","","","Mostly Cloudy"
"-114.01","51.12","CALGARY INTL A","3031092","2024-06-20 06:00","2024","06","20","06:00","","8.2","","3.7","","73","","","","","","0","","48.3","","89.51","","","","","","NA"
"-114.01","51.12","CALGARY INTL A","3031092","2024-06-20 07:00","2024","06","20","07:00","","10.4","","4.3","","66","","","","32","","5","","64.4","","89.50","","","","","","NA"
"-114.01","51.12","CALGARY INTL A","3031092","2024-06-20 08:00","2024","06","20","08:00","","12.8","","5.1","","59","","","","20","","8","","64.4","","89.52","","","","","","Mostly Cloudy"
"-114.01","51.12","CALGARY INTL A","3031092","2024-06-20 09:00","2024","06","20","09:00","","15.0","","4.7","","50","","","","18","","10","","64.4","","89.53","","","","","","NA"
"-114.01","51.12","CALGARY INTL A","3031092","2024-06-20 10:00","2024","06","20","10:00","","16.3","","5.0","","47","","","","18","","16","","64.4","","89.52","","","","","","NA"
"-114.01","51.12","CALGARY INTL A","3031092","2024-06-20 11:00","2024","06","20","11:00","","17.6","","4.6","","42","","","","15","","16","","48.3","","89.50","","","","","","Mostly Cloudy"
"-114.01","51.12","CALGARY INTL A","3031092","2024-06-20 12:00","2024","06","20","12:00","","17.8","","3.8","","39","","","","13","","12","","48.3","","89.50","","","","","","NA"
"-114.01","51.12","CALGARY INTL A","3031092","2024-06-20 13:00","2024","06","20","13:00","","18.3","","4.8","","41","","","","19","","16","","48.3","","89.47","","","","","","NA"
"-114.01","51.12","CALGARY INTL A","3031092","2024-06-20 14:00","2024","06","20","14:00","","17.3","","3.0","","38","","","","24","","15","","64.4","","89.44","","","","","","Mostly Cloudy"
"-114.01","51.12","CALGARY INTL A","3031092","2024-06-20 15:00","2024","06","20","15:00","","19.0","","2.9","","34","","","","23","","14","","48.3","","89.43","","","","","","NA"
"-114.01","51.12","CALGARY INTL A","3031092","2024-06-20 16:00","2024","06","20","16:00","","19.5","","0.3","","27","","","","20","","16","","48.3","","89.40","","","","","","NA"
"-114.01","51.12","CALGARY INTL A","3031092","2024-06-20 17:00","2024","06","20","17:00","","19.6","","1.3","","29","","","","14","","7","","48.3","","89.38","","","","","","Mainly Clear"
"-114.01","51.12","CALGARY INTL A","3031092","2024-06-20 18:00","2024","06","20","18:00","","20.0","","-0.3","","25","","","","21","","10","","48.3","","89.37","","","","","","NA"
"-114.01","51.12","CALGARY INTL A","3031092","2024-06-20 19:00","2024","06","20","19:00","","18.9","","1.6","","31","","","","14","","15","","48.3","","89.37","","","","","","NA"
"-114.01","51.12","CALGARY INTL A","3031092","2024-06-20 20:00","2024","06","20","20:00","","15.6","","5.7","","51","","","","9","","25","","24.1","","89.43","","","","","","Mainly Clear"
"-114.01","51.12","CALGARY INTL A","3031092","2024-06-20 21:00","2024","06","20","21:00","","12.8","","6.0","","63","","","","11","","10","","16.1","","89.51","","","","","","NA"
"-114.01","51.12","CALGARY INTL A","3031092","2024-06-20 22:00","2024","06","20","22:00","","11.2","","5.2","","66","","","","2","","11","","12.9","","89.58","","","","","","NA"
"-114.01","51.12","CALGARY INTL A","3031092","2024-06-20 23:00","2024","06","20","23:00","","11.7","","5.2","","64","","","","16","","7","","12.9","","89.57","","","","","","Mostly Cloudy"
"-114.01","51.12","CALGARY INTL A","3031092","2024-06-21 00:00","2024","06","21","00:00","","11.1","","5.3","","67","","","","6","","4","","12.9","","89.54","","","","","","NA"
"-114.01","51.12","CALGARY INTL A","3031092","2024-06-21 01:00","2024","06","21","01:00","","11.2","","5.4","","67","","","","32","","5","","16.1","","89.51","","","","","","NA"
"-114.01","51.12","CALGARY INTL A","3031092","2024-06-21 02:00","2024","06","21","02:00","","9.3","","5.0","","74","","","","2","","8","","24.1","","89.48","","","","","","Mainly Clear"
"-114.01","51.12","CALGARY INTL A","3031092","2024-06-21 03:00","2024","06","21","03:00","","8.9","","5.2","","78","","","","36","","3","","24.1","","89.42","","","","","","NA"
"-114.01","51.12","CALGARY INTL A","3031092","2024-06-21 04:00","2024","06","21","04:00","","7.6","","4.7","","82","","","","32","","8","","24.1","","89.40","","","","","","NA"
"-114.01","51.12","CALGARY INTL A","3031092","2024-06-21 05:00","2024","06","21","05:00","","8.0","","5.0","","81","","","","22","","3","","16.1","","89.42","","","","","","Mainly Clear"
"-114.01","51.12","CALGARY INTL A","3031092","2024-06-21 06:00","2024","06","21","06:00","","7.9","","5.2","","83","","","","23","","8","","24.1","","89.40","","","","","","NA"
"-114.01","51.12","CALGARY INTL A","3031092","2024-06-21 07:00","2024","06","21","07:00","","8.6","","5.3","","80","","","","33","","5","","64.4","","89.38","","","","","","NA"
"-114.01","51.12","CALGARY INTL A","3031092","2024-06-21 08:00","2024","06","21","08:00","","12.9","","6.6","","65","","","","13","","5","","64.4","","89.38","","","","","","Mainly Clear"
"-114.01","51.12","CALGARY INTL A","3031092","2024-06-21 09:00","2024","06","21","09:00","","16.2","","6.4","","52","","","","18","","5","","64.4","","89.34","","","","","","NA"
"-114.01","51.12","CALGARY INTL A","3031092","2024-06-21 10:00","2024","06","21","10:00","","17.8","","6.9","","49","","","","16","","17","","64.4","","89.29","","","","","","NA"
"-114.01","51.12","CALGARY INTL A","3031092","2024-06-21 11:00","2024","06","21","11:00","","19.4","","7.4","","45","","","","16","","22","","48.3","","89.25","","","","","","Mainly Clear"
"-114.01","51.12","CALGARY INTL A","3031092","2024-06-21 12:00","2024","06","21","12:00","","19.2","","7.5","","46","","","","16","","24","","64.4","","89.21","","","","","","NA"
"-114.01","51.12","CALGARY INTL A","3031092","2024-06-21 13:00","2024","06","21","13:00","","20.5","","8.5","","45","","","","17","","30","","48.3","","89.16","","","","","","NA"
"-114.01","51.12","CALGARY INTL A","3031092","2024-06-21 14:00","2024","06","21","14:00","","20.5","","7.8","","43","","","","18","","29","","48.3","","89.11","","","","","","Mostly Cloudy"
"-114.01","51.12","CALGARY INTL A","3031092","2024-06-21 15:00","2024","06","21","15:00","","20.9","","7.1","","40","","","","20","","27","","32.2","","89.06","","","","","","NA"
"-114.01","51.12","CALGARY INTL A","3031092","2024-06-21 16:00","2024","06","21","16:00","","21.6","","5.2","","34","","","","13","","18","","32.2","","89.06","","","","","","NA"
"-114.01","51.12","CALGARY INTL A","3031092","2024-06-21 17:00","2024","06","21","17:00","","20.3","","3.8","","33","","","","36","","19","","32.2","","89.03","","","","","","Mostly Cloudy"
"-114.01","51.12","CALGARY INTL A","3031092","2024-06-21 18:00","2024","06","21","18:00","","19.1","","2.8","","34","","","","","","0","","32.2","","89.03","","","","","","NA"
"-114.01","51.12","CALGARY INTL A","3031092","2024-06-21 19:00","2024","06","21","19:00","","19.7","","4.8","","37","","","","9","","16","","12.9","","89.00","","","","","","NA"
"-114.01","51.12","CALGARY INTL A","3031092","2024-06-21 20:00","2024","06","21","20:00","","15.2","","5.1","","50","","","","7","","22","","12.9","","89.07","","","","","","Mostly Cloudy"
"-114.01","51.12","CALGARY INTL A","3031092","2024-06-21 21:00","2024","06","21","21:00","","12.4","","5.4","","62","","","","6","","12","","12.9","","89.12","","","","","","NA"
"-114.01","51.12","CALGARY INTL A","3031092","2024-06-21 22:00","2024","06","21","22:00","","13.4","","5.4","","58","","","","11","","21","","16.1","","89.05","","","","","","NA"
"-114.01","51.12","CALGARY INTL A","3031092","2024-06-21 23:00","2024","06","21","23:00","","12.0","","6.0","","67","","","","17","","10","","16.1","","89.09","","","","","","Mostly Cloudy"
"-114.01","51.12","CALGARY INTL A","3031092","2024-06-22 00:00","2024","06","22","00:00","","11.5","","6.4","","71","","","","20","","8","","24.1","","89.03","","","","","","NA"
"-114.01","51.12","CALGARY INTL A","3031092","2024-06-22 01:00","2024","06","22","01:00","","11.7","","4.8","","63","","","","23","","9","","24.1","","88.99","","","","","","NA"
"-114.01","51.12","CALGARY INTL A","3031092","2024-06-22 02:00","2024","06","22","02:00","","9.8","","4.6","","70","","","","36","","3","","24.1","","88.96","","","","","","Clear"
"-114.01","51.12","CALGARY INTL A","3031092","2024-06-22 03:00","2024","06","22","03:00","","8.8","","4.9","","76","","","","30","","4","","24.1","","88.93","","","","","","NA"
"-114.01","51.12","CALGARY INTL A","3031092","2024-06-22 04:00","2024","06","22","04:00","","8.2","","4.1","","75","","","","31","","3","","32.2","","88.89","","","","","","NA"
"-114.01","51.12","CALGARY INTL A","3031092","2024-06-22 05:00","2024","06","22","05:00","","7.5","","3.5","","76","","","","","","0","","64.4","","88.88","","","","","","Clear"
"-114.01","51.12","CALGARY INTL A","3031092","2024-06-22 06:00","2024","06","22","06:00","","10.1","","5.8","","75","","","","11","","5","","64.4","","88.88","","","","","","NA"
"-114.01","51.12","CALGARY INTL A","3031092","2024-06-22 07:00","2024","06","22","07:00","","12.6","","6.0","","64","","","","18","","7","","64.4","","88.88","","","","","","NA"
"-114.01","51.12","CALGARY INTL A","3031092","2024-06-22 08:00","2024","06","22","08:00","","15.3","","6.2","","54","","","","4","","3","","64.4","","88.88","","","","","","Mainly Clear"
"-114.01","51.12","CALGARY INTL A","3031092","2024-06-22 09:00","2024","06","22","09:00","","17.9","","6.0","","45","","","","17","","4","","64.4","","88.88","","","","","","NA"
"-114.01","51.12","CALGARY INTL A","3031092","2024-06-22 10:00","2024","06","22","10:00","","21.0","","6.3","","38","","","","22","","5","","64.4","","88.85","","","","","","NA"
"-114.01","51.12","CALGARY INTL A","3031092","2024-06-22 11:00","2024","06","22","11:00","","23.1","","3.0","","26","","","","","","0","","64.4","","88.80","","","","","","Mostly Cloudy"
"-114.01","51.12","CALGARY INTL A","3031092","2024-06-22 12:00","2024","06","22","12:00","","24.3","","-0.8","","19","","","","33","","8","","64.4","","88.77","","","","","","NA"
"-114.01","51.12","CALGARY INTL A","3031092","2024-06-22 13:00","2024","06","22","13:00","","24.6","","3.0","","24","","","","8","","11","","48.3","","88.74","","","","","","NA"
"-114.01","51.12","CALGARY INTL A","3031092","2024-06-22 14:00","2024","06","22","14:00","","24.8","","5.0","","27","","","","10","","12","","32.2","","88.70","","","","","","Mostly Cloudy"
"-114.01","51.12","CALGARY INTL A","3031092","2024-06-22 15:00","2024","06","22","15:00","","25.4","","3.5","","24","","","","15","","19","","32.2","","88.67","","","","","","NA"
"-114.01","51.12","CALGARY INTL A","3031092","2024-06-22 16:00","2024","06","22","16:00","","26.2","","3.2","","22","","","","16","","25","","32.2","","88.62","","25","","","","NA"
"-114.01","51.12","CALGARY INTL A","3031092","2024-06-22 17:00","2024","06","22","17:00","","25.4","","5.2","","27","","","","19","","23","","32.2","","88.57","","25","","","","Mostly Cloudy"
"-114.01","51.12","CALGARY INTL A","3031092","2024-06-22 18:00","2024","06","22","18:00","","24.5","","7.3","","33","","","","19","","27","","32.2","","88.54","","25","","","","NA"
"-114.01","51.12","CALGARY INTL A","3031092","2024-06-22 19:00","2024","06","22","19:00","","23.2","","8.7","","39","","","","18","","20","","32.2","","88.53","","","","","","NA"
"-114.01","51.12","CALGARY INTL A","3031092","2024-06-22 20:00","2024","06","22","20:00","","21.8","","9.2","","44","","","","17","","19","","24.1","","88.51","","","","","","Mostly Cloudy"
"-114.01","51.12","CALGARY INTL A","3031092","2024-06-22 21:00","2024","06","22","21:00","","20.4","","8.9","","47","","","","17","","18","","24.1","","88.49","","","","","","NA"
"-114.01","51.12","CALGARY INTL A","3031092","2024-06-22 22:00","2024","06","22","22:00","","19.0","","9.7","","54","","","","17","","17","","24.1","","88.47","","","","","","NA"
"-114.01","51.12","CALGARY INTL A","3031092","2024-06-22 23:00","2024","06","22","23:00","","18.7","","9.9","","56","","","","17","","17","","24.1","","88.40","","","","","","Mostly Cloudy"
"-114.01","51.12","CALGARY INTL A","3031092","2024-06-23 00:00","2024","06","23","00:00","","16.7","","11.2","","70","","","","18","","10","","24.1","","88.36","","","","","","NA"
"-114.01","51.12","CALGARY INTL A","3031092","2024-06-23 01:00","2024","06","23","01:00","","16.8","","10.9","","68","","","","22","","5","","24.1","","88.32","","","","","","NA"
"-114.01","51.12","CALGARY INTL A","3031092","2024-06-23 02:00","2024","06","23","02:00","","13.7","","9.0","","73","","","","19","","9","","24.1","","88.28","","","","","","Mainly Clear"
"-114.01","51.12","CALGARY INTL A","3031092","2024-06-23 03:00","2024","06","23","03:00","","16.0","","8.4","","60","","","","24","","10","","24.1","","88.25","","","","","","NA"
"-114.01","51.12","CALGARY INTL A","3031092","2024-06-23 04:00","2024","06","23","04:00","","12.7","","7.7","","72","","","","22","","5","","24.1","","88.23","","","","","","NA"
"-114.01","51.12","CALGARY INTL A","3031092","2024-06-23 05:00","2024","06","23","05:00","","12.7","","7.2","","69","","","","16","","5","","64.4","","88.21","","","","","","Mainly Clear"
"-114.01","51.12","CALGARY INTL A","3031092","2024-06-23 06:00","2024","06","23","06:00","","14.4","","8.3","","67","","","","","","0","","64.4","","88.17","","","","","","NA"
"-114.01","51.12","CALGARY INTL A","3031092","2024-06-23 07:00","2024","06","23","07:00","","16.8","","8.3","","57","","","","32","","5","","64.4","","88.14","","","","","","NA"
"-114.01","51.12","CALGARY INTL A","3031092","2024-06-23 08:00","2024","06","23","08:00","","20.1","","6.2","","40","","","","15","","4","","64.4","","88.09","","","","","","Clear"
"-114.01","51.12","CALGARY INTL A","3031092","2024-06-23 09:00","2024","06","23","09:00","","21.8","","6.6","","37","","","","36","","3","","64.4","","88.02","","","","","","NA"
"-114.01","51.12","CALGARY INTL A","3031092","2024-06-23 10:00","2024","06","23","10:00","","24.1","","7.2","","33","","","","18","","4","","64.4","","88.00","","","","","","NA"
"-114.01","51.12","CALGARY INTL A","3031092","2024-06-23 11:00","2024","06","23","11:00","","25.4","","6.5","","29","","","","14","","9","","64.4","","87.91","","25","","","","Mainly Clear"
"-114.01","51.12","CALGARY INTL A","3031092","2024-06-23 12:00","2024","06","23","12:00","","26.6","","6.4","","27","","","","13","","10","","24.1","","87.86","","26","","","","NA"
"-114.01","51.12","CALGARY INTL A","3031092","2024-06-23 13:00","2024","06","23","13:00","","27.3","","2.0","","19","","","","28","","25","","24.1","","87.83","","26","","","","NA"
"-114.01","51.12","CALGARY INTL A","3031092","2024-06-23 14:00","2024","06","23","14:00","","25.8","","8.2","","32","","","","2","","27","","24.1","","87.82","","26","","","","Mainly Clear"
"-114.01","51.12","CALGARY INTL A","3031092","2024-06-23 15:00","2024","06","23","15:00","","25.8","","8.6","","33","","","","33","","7","","24.1","","87.81","","26","","","","NA"
"-114.01","51.12","CALGARY INTL A","3031092","2024-06-23 16:00","2024","06","23","16:00","","25.1","","4.1","","25","","","","27","","3","","24.1","","87.76","","","","","","NA"
"-114.01","51.12","CALGARY INTL A","3031092","2024-06-23 17:00","2024","06","23","17:00","","25.4","","3.3","","23","","","","30","","37","","24.1","","87.80","","","","","","Mainly Clear"
"-114.01","51.12","CALGARY INTL A","3031092","2024-06-23 18:00","2024","06","23","18:00","","22.3","","3.4","","28","","","","31","","34","","24.1","","87.89","","","","","","NA"
"-114.01","51.12","CALGARY INTL A","3031092","2024-06-23 19:00","2024","06","23","19:00","","19.4","","4.1","","36","","","","28","","43","","9.7","","87.94","","","","","","Haze"
"-114.01","51.12","CALGARY INTL A","3031092","2024-06-23 20:00","2024","06","23","20:00","","18.1","","4.2","","39","","","","28","","34","","16.1","","88.06","","","","","","Mostly Cloudy"
"-114.01","51.12","CALGARY INTL A","3031092","2024-06-23 21:00","2024","06","23","21:00","","17.4","","3.8","","40","","","","29","","21","","16.1","","88.15","","","","","","NA"
"-114.01","51.12","CALGARY INTL A","3031092","2024-06-23 22:00","2024","06","23","22:00","","16.3","","4.0","","44","","","","27","","26","","24.1","","88.21","","","","","","NA"
"-114.01","51.12","CALGARY INTL A","3031092","2024-06-23 23:00","2024","06","23","23:00","","15.9","","3.0","","42","","","","28","","22","","24.1","","88.28","","","","","","Mostly Cloudy"
"-114.01","51.12","CALGARY INTL A","3031092","2024-06-24 00:00","2024","06","24","00:00","","15.8","","2.1","","39","","","","29","","17","","24.1","","88.30","","","","","","NA"
"-114.01","51.12","CALGARY INTL A","3031092","2024-06-24 01:00","2024","06","24","01:00","","13.9","","2.1","","45","","","","31","","13","","24.1","","88.36","","","","","","NA"
"-114.01","51.12","CALGARY INTL A","3031092","2024-06-24 02:00","2024","06","24","02:00","","13.5","","1.3","","43","","","","30","","10","","24.1","","88.39","","","","","","Mainly Clear"
"-114.01","51.12","CALGARY INTL A","3031092","2024-06-24 03:00","2024","06","24","03:00","","11.0","","2.2","","55","","","","17","","6","","24.1","","88.38","","","","","","NA"
"-114.01","51.12","CALGARY INTL A","3031092","2024-06-24 04:00","2024","06","24","04:00","","11.1","","2.0","","54","","","","21","","8","","24.1","","88.42","","","","","","NA"
"-114.01","51.12","CALGARY INTL A","3031092","2024-06-24 05:00","2024","06","24","05:00","","11.8","","1.7","","50","","","","8","","4","","32.2","","88.45","","","","","","Mostly Cloudy"
"-114.01","51.12","CALGARY INTL A","3031092","2024-06-24 06:00","2024","06","24","06:00","","15.2","","0.5","","37","","","","28","","9","","32.2","","88.47","","","","","","NA"
"-114.01","51.12","CALGARY INTL A","3031092","2024-06-24 07:00","2024","06","24","07:00","","15.2","","2.1","","41","","","","32","","5","","64.4","","88.50","","","","","","NA"
"-114.01","51.12","CALGARY INTL A","3031092","2024-06-24 08:00","2024","06","24","08:00","","17.9","","0.2","","30","","","","28","","18","","64.4","","88.49","","","","","","Mostly Cloudy"
"-114.01","51.12","CALGARY INTL A","3031092","2024-06-24 09:00","2024","06","24","09:00","","18.7","","-0.9","","26","","","","28","","26","","64.4","","88.46","","","","","","NA"
"-114.01","51.12","CALGARY INTL A","3031092","2024-06-24 10:00","2024","06","24","10:00","","19.7","","0.3","","27","","","","23","","18","","64.4","","88.46","","","","","","NA"
"-114.01","51.12","CALGARY INTL A","3031092","2024-06-24 11:00","2024","06","24","11:00","","20.5","","-2.9","","20","","","","27","","14","","64.4","","88.45","","","","","","Mainly Clear"
"-114.01","51.12","CALGARY INTL A","3031092","2024-06-24 12:00","2024","06","24","12:00","","21.1","","-3.0","","19","","","","29","","26","","64.4","","88.43","","","","","","NA"
"-114.01","51.12","CALGARY INTL A","3031092","2024-06-24 13:00","2024","06","24","13:00","","21.4","","-2.5","","20","","","","24","","16","","64.4","","88.45","","","","","","NA"
"-114.01","51.12","CALGARY INTL A","3031092","2024-06-24 14:00","2024","06","24","14:00","","21.9","","-3.1","","18","","","","26","","20","","64.4","","88.46","","","","","","Mainly Clear"
"-114.01","51.12","CALGARY INTL A","3031092","2024-06-24 15:00","2024","06","24","15:00","","22.2","","-3.5","","17","","","","28","","34","","64.4","","88.47","","","","","","NA"
"-114.01","51.12","CALGARY INTL A","3031092","2024-06-24 16:00","2024","06","24","16:00","","21.9","","-3.6","","18","","","","27","","26","","64.4","","88.50","","","","","","NA"
"-114.01","51.12","CALGARY INTL A","3031092","2024-06-24 17:00","2024","06","24","17:00","","21.9","","-3.6","","18","","","","27","","21","","64.4","","88.51","","","","","","Mainly Clear"
"-114.01","51.12","CALGARY INTL A","3031092","2024-06-24 18:00","2024","06","24","18:00","","21.8","","-3.5","","18","","","","27","","25","","64.4","","88.55","","","","","","NA"
"-114.01","51.12","CALGARY INTL A","3031092","2024-06-24 19:00","2024","06","24","19:00","","21.4","","-3.5","","18","","","","29","","29","","64.4","","88.62","","","","","","NA"
"-114.01","51.12","CALGARY INTL A","3031092","2024-06-24 20:00","2024","06","24","20:00","","19.8","","-2.5","","22","","","","29","","22","","48.3","","88.68","","","","","","Mainly Clear"
"-114.01","51.12","CALGARY INTL A","3031092","2024-06-24 21:00","2024","06","24","21:00","","17.7","","-1.4","","27","","","","32","","16","","32.2","","88.77","","","","","","NA"
"-114.01","51.12","CALGARY INTL A","3031092","2024-06-24 22:00","2024","06","24","22:00","","16.3","","-1.6","","29","","","","31","","13","","24.1","","88.84","","","","","","NA"
"-114.01","51.12","CALGARY INTL A","3031092","2024-06-24 23:00","2024","06","24","23:00","","15.9","","-1.6","","30","","","","28","","10","","24.1","","88.89","","","","","","Mostly Cloudy"
"-114.01","51.12","CALGARY INTL A","3031092","2024-06-25 00:00","2024","06","25","00:00","","13.9","","-0.3","","37","","","","34","","4","","24.1","","88.93","","","","","","NA"
"-114.01","51.12","CALGARY INTL A","3031092","2024-06-25 01:00","2024","06","25","01:00","","12.4","","2.2","","50","","","","1","","11","","24.1","","89.03","","","","","","NA"
"-114.01","51.12","CALGARY INTL A","3031092","2024-06-25 02:00","2024","06","25","02:00","","10.3","","3.0","","61","","","","36","","5","","24.1","","89.08","","","","","","Mainly Clear"
"-114.01","51.12","CALGARY INTL A","3031092","2024-06-25 03:00","2024","06","25","03:00","","10.8","","3.4","","60","","","","33","","8","","24.1","","89.15","","","","","","NA"
"-114.01","51.12","CALGARY INTL A","3031092","2024-06-25 04:00","2024","06","25","04:00","","10.8","","3.9","","62","","","","35","","9","","24.1","","89.17","","","","","","NA"
"-114.01","51.12","CALGARY INTL A","3031092","2024-06-25 05:00","2024","06","25","05:00","","9.8","","4.1","","68","","","","32","","8","","48.3","","89.23","","","","","","Mainly Clear"
"-114.01","51.12","CALGARY INTL A","3031092","2024-06-25 06:00","2024","06","25","06:00","","11.2","","4.6","","64","","","","33","","4","","32.2","","89.31","","","","","","NA"
"-114.01","51.12","CALGARY INTL A","3031092","2024-06-25 07:00","2024","06","25","07:00","","12.9","","4.2","","55","","","","31","","5","","64.4","","89.35","","","","","","NA"
"-114.01","51.12","CALGARY INTL A","3031092","2024-06-25 08:00","2024","06","25","08:00","","14.4","","4.6","","51","","","","32","","12","","64.4","","89.39","","","","","","Mainly Clear"
"-114.01","51.12","CALGARY INTL A","3031092","2024-06-25 09:00","2024","06","25","09:00","","14.9","","4.6","","50","","","","36","","3","","64.4","","89.40","","","","","","NA"
"-114.01","51.12","CALGARY INTL A","3031092","2024-06-25 10:00","2024","06","25","10:00","","16.6","","5.1","","46","","","","33","","10","","64.4","","89.41","","","","","","NA"
"-114.01","51.12","CALGARY INTL A","3031092","2024-06-25 11:00","2024","06","25","11:00","","17.5","","4.5","","42","","","","27","","13","","64.4","","89.42","","","","","","Mainly Clear"
"-114.01","51.12","CALGARY INTL A","3031092","2024-06-25 12:00","2024","06","25","12:00","","18.5","","3.0","","35","","","","32","","14","","64.4","","89.43","","","","","","NA"
"-114.01","51.12","CALGARY INTL A","3031092","2024-06-25 13:00","2024","06","25","13:00","","18.9","","4.0","","37","","","","1","","17","","64.4","","89.45","","","","","","NA"
"-114.01","51.12","CALGARY INTL A","3031092","2024-06-25 14:00","2024","06","25","14:00","","20.4","","4.1","","34","","","","34","","16","","24.1","","89.45","","","","","","Mainly Clear"
"-114.01","51.12","CALGARY INTL A","3031092","2024-06-25 15:00","2024","06","25","15:00","","20.5","","4.2","","34","","","","6","","9","","24.1","","89.46","","","","","","NA"
"-114.01","51.12","CALGARY INTL A","3031092","2024-06-25 16:00","2024","06","25","16:00","","20.2","","5.8","","39","","","","4","","14","","24.1","","89.47","","","","","","NA"
"-114.01","51.12","CALGARY INTL A","3031092","2024-06-25 17:00","2024","06","25","17:00","","20.8","","6.2","","38","","","","6","","14","","24.1","","89.47","","","","","","Mainly Clear"
"-114.01","51.12","CALGARY INTL A","3031092","2024-06-25 18:00","2024","06","25","18:00","","19.7","","7.2","","44","","","","10","","20","","24.1","","89.46","","","","","","NA"
"-114.01","51.12","CALGARY INTL A","3031092","2024-06-25 19:00","2024","06","25","19:00","","18.6","","7.6","","49","","","","9","","21","","48.3","","89.48","","","","","","NA"
"-114.01","51.12","CALGARY INTL A","3031092","2024-06-25 20:00","2024","06","25","20:00","","17.2","","7.7","","53","","","","11","","21","","48.3","","89.48","","","","","","Mostly Cloudy"
"-114.01","51.12","CALGARY INTL A","3031092","2024-06-25 21:00","2024","06","25","21:00","","15.7","","8.2","","61","","","","12","","17","","24.1","","89.48","","","","","","NA"
"-114.01","51.12","CALGARY INTL A","3031092","2024-06-25 22:00","2024","06","25","22:00","","14.9","","8.0","","63","","","","13","","17","","24.1","","89.51","","","","","","NA"
"-114.01","51.12","CALGARY INTL A","3031092","2024-06-25 23:00","2024","06","25","23:00","","14.8","","8.1","","64","","","","15","","23","","24.1","","89.50","","","","","","Mainly Clear"
"-114.01","51.12","CALGARY INTL A","3031092","2024-06-26 00:00","2024","06","26","00:00","","13.7","","8.1","","68","","","","17","","16","","24.1","","89.47","","","","","","NA"
"-114.01","51.12","CALGARY INTL A","3031092","2024-06-26 01:00","2024","06","26","01:00","","13.0","","8.0","","72","","","","16","","12","","24.1","","89.42","","","","","","NA"
"-114.01","51.12","CALGARY INTL A","3031092","2024-06-26 02:00","2024","06","26","02:00","","12.9","","8.1","","72","","","","15","","14","","24.1","","89.36","","","","","","Mostly Cloudy"
"-114.01","51.12","CALGARY INTL A","3031092","2024-06-26 03:00","2024","06","26","03:00","","12.7","","7.3","","69","","","","18","","18","","24.1","","89.31","","","","","","NA"
"-114.01","51.12","CALGARY INTL A","3031092","2024-06-26 04:00","2024","06","26","04:00","","11.8","","6.8","","71","","","","18","","14","","32.2","","89.25","","","","","","NA"
"-114.01","51.12","CALGARY INTL A","3031092","2024-06-26 05:00","2024","06","26","05:00","","11.2","","6.9","","75","","","","18","","16","","48.3","","89.21","","","","","","Mostly Cloudy"
"-114.01","51.12","CALGARY INTL A","3031092","2024-06-26 06:00","2024","06","26","06:00","","12.2","","6.9","","70","","","","18","","10","","48.3","","89.18","","","","","","NA"
"-114.01","51.12","CALGARY INTL A","3031092","2024-06-26 07:00","2024","06","26","07:00","","14.3","","7.1","","62","","","","19","","13","","24.1","","89.13","","","","","","NA"
"-114.01","51.12","CALGARY INTL A","3031092","2024-06-26 08:00","2024","06","26","08:00","","16.5","","6.6","","52","","","","18","","23","","24.1","","89.09","","","","","","Mainly Clear"
"-114.01","51.12","CALGARY INTL A","3031092","2024-06-26 09:00","2024","06","26","09:00","","17.9","","6.3","","46","","","","16","","30","","24.1","","89.03","","","","","","NA"
"-114.01","51.12","CALGARY INTL A","3031092","2024-06-26 10:00","2024","06","26","10:00","","19.7","","7.6","","45","","","","15","","27","","24.1","","88.93","","","","","","NA"
"-114.01","51.12","CALGARY INTL A","3031092","2024-06-26 11:00","2024","06","26","11:00","","21.6","","7.8","","41","","","","17","","31","","24.1","","88.86","","","","","","Mostly Cloudy"
"-114.01","51.12","CALGARY INTL A","3031092","2024-06-26 12:00","2024","06","26","12:00","","22.3","","7.9","","39","","","","16","","35","","24.1","","88.78","","","","","","NA"
"-114.01","51.12","CALGARY INTL A","3031092","2024-06-26 13:00","2024","06","26","13:00","","21.8","","9.8","","46","","","","15","","30","","24.1","","88.75","","","","","","NA"
"-114.01","51.12","CALGARY INTL A","3031092","2024-06-26 14:00","2024","06","26","14:00","","22.7","","10.8","","46","","","","15","","26","","24.1","","88.68","","","","","","Cloudy"
"-114.01","51.12","CALGARY INTL A","3031092","2024-06-26 15:00","2024","06","26","15:00","","20.0","","9.2","","49","","","","14","","30","","24.1","","88.69","","","","","","NA"
"-114.01","51.12","CALGARY INTL A","3031092","2024-06-26 16:00","2024","06","26","16:00","","19.5","","9.5","","52","","","","15","","24","","24.1","","88.67","","","","","","NA"
"-114.01","51.12","CALGARY INTL A","3031092","2024-06-26 17:00","2024","06","26","17:00","","19.1","","10.4","","57","","","","15","","34","","24.1","","88.60","","","","","","Cloudy"
"-114.01","51.12","CALGARY INTL A","3031092","2024-06-26 18:00","2024","06","26","18:00","","17.8","","12.1","","69","","","","13","","15","","24.1","","88.59","","","","","","Rain"
"-114.01","51.12","CALGARY INTL A","3031092","2024-06-26 19:00","2024","06","26","19:00","","17.6","","11.7","","68","","","","13","","14","","48.3","","88.52","","","","","","NA"
"-114.01","51.12","CALGARY INTL A","3031092","2024-06-26 20:00","2024","06","26","20:00","","17.7","","10.6","","63","","","","16","","12","","24.1","","88.49","","","","","","Mostly Cloudy"
"-114.01","51.12","CALGARY INTL A","3031092","2024-06-26 21:00","2024","06","26","21:00","","16.9","","10.6","","66","","","","17","","4","","16.1","","88.45","","","","","","NA"
"-114.01","51.12","CALGARY INTL A","3031092","2024-06-26 22:00","2024","06","26","22:00","","14.4","","10.9","","79","","","","11","","36","","8.1","","88.40","","","","","","Thunderstorms,Rain Showers,Fog"
"-114.01","51.12","CALGARY INTL A","3031092","2024-06-26 23:00","2024","06","26","23:00","","14.3","","11.5","","83","","","","14","","12","","24.1","","88.40","","","","","","Mostly Cloudy"
"-114.01","51.12","CALGARY INTL A","3031092","2024-06-27 00:00","2024","06","27","00:00","","14.0","","11.8","","86","","","","19","","6","","24.1","","88.31","","","","","","NA"
"-114.01","51.12","CALGARY INTL A","3031092","2024-06-27 01:00","2024","06","27","01:00","","14.3","","12.4","","89","","","","21","","8","","24.1","","88.26","","","","","","NA"
"-114.01","51.12","CALGARY INTL A","3031092","2024-06-27 02:00","2024","06","27","02:00","","13.8","","12.5","","92","","","","33","","8","","24.1","","88.20","","","","","","Mostly Cloudy"
"-114.01","51.12","CALGARY INTL A","3031092","2024-06-27 03:00","2024","06","27","03:00","","12.9","","12.1","","95","","","","5","","5","","24.1","","88.16","","","","","","NA"
"-114.01","51.12","CALGARY INTL A","3031092","2024-06-27 04:00","2024","06","27","04:00","","12.3","","11.2","","93","","","","5","","4","","24.1","","88.10","","","","","","NA"
"-114.01","51.12","CALGARY INTL A","3031092","2024-06-27 05:00","2024","06","27","05:00","","12.7","","11.6","","93","","","","4","","4","","24.1","","88.09","","","","","","Cloudy"
"-114.01","51.12","CALGARY INTL A","3031092","2024-06-27 06:00","2024","06","27","06:00","","12.0","","11.2","","95","","","","2","","5","","32.2","","88.06","","","","","","NA"
"-114.01","51.12","CALGARY INTL A","3031092","2024-06-27 07:00","2024","06","27","07:00","","12.5","","12.0","","97","","","","1","","8","","2.4","","87.99","","","","","","Fog"
"-114.01","51.12","CALGARY INTL A","3031092","2024-06-27 08:00","2024","06","27","08:00","","12.7","","12.2","","96","","","","4","","8","","4.0","","87.96","","","","","","Fog"
"-114.01","51.12","CALGARY INTL A","3031092","2024-06-27 09:00","2024","06","27","09:00","","13.2","","11.6","","90","","","","34","","5","","14.5","","88.03","","","","","","NA"
"-114.01","51.12","CALGARY INTL A","3031092","2024-06-27 10:00","2024","06","27","10:00","","13.9","","7.8","","66","","","","30","","21","","24.1","","88.04","","","","","","NA"
"-114.01","51.12","CALGARY INTL A","3031092","2024-06-27 11:00","2024","06","27","11:00","","13.8","","6.5","","61","","","","34","","17","","32.2","","88.08","","","","","","Rain Showers"
"-114.01","51.12","CALGARY INTL A","3031092","2024-06-27 12:00","2024","06","27","12:00","","13.1","","8.4","","73","","","","33","","18","","32.2","","88.02","","","","","","NA"
"-114.01","51.12","CALGARY INTL A","3031092","2024-06-27 13:00","2024","06","27","13:00","","15.0","","8.8","","66","","","","32","","22","","32.2","","87.94","","","","","","NA"
"-114.01","51.12","CALGARY INTL A","3031092","2024-06-27 14:00","2024","06","27","14:00","","13.5","","8.9","","74","","","","33","","16","","32.2","","87.98","","","","","","Rain Showers"
"-114.01","51.12","CALGARY INTL A","3031092","2024-06-27 15:00","2024","06","27","15:00","","13.0","","9.8","","81","","","","33","","22","","14.5","","87.96","","","","","","Rain Showers"
"-114.01","51.12","CALGARY INTL A","3031092","2024-06-27 16:00","2024","06","27","16:00","","12.8","","10.2","","85","","","","31","","18","","14.5","","87.93","","","","","","Rain"
"-114.01","51.12","CALGARY INTL A","3031092","2024-06-27 17:00","2024","06","27","17:00","","12.1","","10.2","","88","","","","30","","22","","9.7","","87.89","","","","","","Rain,Fog"
"-114.01","51.12","CALGARY INTL A","3031092","2024-06-27 18:00","2024","06","27","18:00","","11.2","","9.8","","91","","","","32","","23","","6.4","","87.86","","","","","","Moderate Rain,Fog"
"-114.01","51.12","CALGARY INTL A","3031092","2024-06-27 19:00","2024","06","27","19:00","","10.6","","9.0","","90","","","","31","","31","","8.1","","87.84","","","","","","Moderate Rain,Fog"
"-114.01","51.12","CALGARY INTL A","3031092","2024-06-27 20:00","2024","06","27","20:00","","10.3","","8.8","","91","","","","31","","34","","8.1","","87.80","","","","","","Rain,Fog"
"-114.01","51.12","CALGARY INTL A","3031092","2024-06-27 21:00","2024","06","27","21:00","","10.8","","10.3","","97","","","","1","","36","","8.1","","87.93","","","","","","Rain,Fog"
"-114.01","51.12","CALGARY INTL A","3031092","2024-06-27 22:00","2024","06","27","22:00","","10.6","","10.1","","97","","","","36","","32","","2.8","","88.05","","","","","","Moderate Rain,Fog"
"-114.01","51.12","CALGARY INTL A","3031092","2024-06-27 23:00","2024","06","27","23:00","","10.0","","9.0","","93","","","","2","","37","","6.4","","88.20","","","","","","Rain,Fog"
"-114.01","51.12","CALGARY INTL A","3031092","2024-06-28 00:00","2024","06","28","00:00","","9.8","","9.3","","96","","","","34","","21","","4.8","","88.27","","","","","","Moderate Rain,Fog"
"-114.01","51.12","CALGARY INTL A","3031092","2024-06-28 01:00","2024","06","28","01:00","","10.1","","9.0","","93","","","","2","","38","","4.8","","88.43","","","","","","Moderate Rain,Fog"
"-114.01","51.12","CALGARY INTL A","3031092","2024-06-28 02:00","2024","06","28","02:00","","9.1","","8.2","","95","","","","34","","22","","6.4","","88.53","","","","","","Thunderstorms,Rain Showers,Fog"
"-114.01","51.12","CALGARY INTL A","3031092","2024-06-28 03:00","2024","06","28","03:00","","8.9","","8.1","","95","","","","32","","19","","8.1","","88.61","","","","","","Rain Showers,Fog"
"-114.01","51.12","CALGARY INTL A","3031092","2024-06-28 04:00","2024","06","28","04:00","","9.0","","8.3","","95","","","","31","","11","","24.1","","88.64","","","","","","NA"
"-114.01","51.12","CALGARY INTL A","3031092","2024-06-28 05:00","2024","06","28","05:00","","10.7","","9.1","","90","","","","34","","23","","32.2","","88.72","","","","","","Mostly Cloudy"
"-114.01","51.12","CALGARY INTL A","3031092","2024-06-28 06:00","2024","06","28","06:00","","10.8","","9.0","","89","","","","34","","27","","16.1","","88.82","","","","","","NA"
"-114.01","51.12","CALGARY INTL A","3031092","2024-06-28 07:00","2024","06","28","07:00","","11.2","","8.9","","86","","","","35","","25","","24.1","","88.91","","","","","","NA"
"-114.01","51.12","CALGARY INTL A","3031092","2024-06-28 08:00","2024","06","28","08:00","","12.1","","9.0","","81","","","","34","","31","","24.1","","88.97","","","","","","Mostly Cloudy"
"-114.01","51.12","CALGARY INTL A","3031092","2024-06-28 09:00","2024","06","28","09:00","","13.0","","8.9","","76","","","","34","","29","","24.1","","89.01","","","","","","NA"
"-114.01","51.12","CALGARY INTL A","3031092","2024-06-28 10:00","2024","06","28","10:00","","15.6","","9.6","","67","","","","34","","27","","24.1","","89.08","","","","","","NA"
"-114.01","51.12","CALGARY INTL A","3031092","2024-06-28 11:00","2024","06","28","11:00","","16.7","","9.3","","62","","","","35","","30","","24.1","","89.12","","","","","","Mostly Cloudy"
"-114.01","51.12","CALGARY INTL A","3031092","2024-06-28 12:00","2024","06","28","12:00","","18.3","","8.0","","51","","","","36","","23","","24.1","","89.19","","","","","","NA"
"-114.01","51.12","CALGARY INTL A","3031092","2024-06-28 13:00","2024","06","28","13:00","","18.5","","5.5","","42","","","","35","","23","","24.1","","89.25","","","","","","NA"
"-114.01","51.12","CALGARY INTL A","3031092","2024-06-28 14:00","2024","06","28","14:00","","18.7","","5.3","","41","","","","1","","28","","24.1","","89.26","","","","","","Mostly Cloudy"
"-114.01","51.12","CALGARY INTL A","3031092","2024-06-28 15:00","2024","06","28","15:00","","19.3","","6.1","","42","","","","3","","23","","32.2","","89.30","","","","","","NA"
"-114.01","51.12","CALGARY INTL A","3031092","2024-06-28 16:00","2024","06","28","16:00","","17.4","","5.5","","45","","","","3","","13","","32.2","","89.32","","","","","","NA"
"-114.01","51.12","CALGARY INTL A","3031092","2024-06-28 17:00","2024","06","28","17:00","","15.9","","7.2","","56","","","","28","","16","","32.2","","89.34","","","","","","Cloudy"
"-114.01","51.12","CALGARY INTL A","3031092","2024-06-28 18:00","2024","06","28","18:00","","16.6","","6.9","","52","","","","29","","9","","32.2","","89.35","","","","","","NA"
"-114.01","51.12","CALGARY INTL A","3031092","2024-06-28 19:00","2024","06","28","19:00","","16.4","","6.3","","51","","","","30","","4","","24.1","","89.36","","","","","","NA"
"-114.01","51.12","CALGARY INTL A","3031092","2024-06-28 20:00","2024","06","28","20:00","","16.2","","5.9","","50","","","","22","","5","","32.2","","89.35","","","","","","Cloudy"
"-114.01","51.12","CALGARY INTL A","3031092","2024-06-28 21:00","2024","06","28","21:00","","15.0","","6.0","","55","","","","18","","7","","24.1","","89.35","","","","","","NA"
"-114.01","51.12","CALGARY INTL A","3031092","2024-06-28 22:00","2024","06","28","22:00","","13.3","","7.7","","69","","","","18","","8","","24.1","","89.35","","","","","","NA"
"-114.01","51.12","CALGARY INTL A","3031092","2024-06-28 23:00","2024","06","28","23:00","","12.7","","8.0","","73","","","","20","","7","","24.1","","89.35","","","","","","Mainly Clear"
"-114.01","51.12","CALGARY INTL A","3031092","2024-06-29 00:00","2024","06","29","00:00","","10.7","","7.9","","83","","","","19","","9","","24.1","","89.34","","","","","","NA"
"-114.01","51.12","CALGARY INTL A","3031092","2024-06-29 01:00","2024","06","29","01:00","","11.1","","7.5","","79","","","","16","","7","","24.1","","89.34","","","","","","NA"
"-114.01","51.12","CALGARY INTL A","3031092","2024-06-29 02:00","2024","06","29","02:00","","11.1","","7.7","","79","","","","20","","4","","24.1","","89.33","","","","","","Clear"
"-114.01","51.12","CALGARY INTL A","3031092","2024-06-29 03:00","2024","06","29","03:00","","9.8","","7.6","","86","","","","19","","7","","24.1","","89.33","","","","","","NA"
"-114.01","51.12","CALGARY INTL A","3031092","2024-06-29 04:00","2024","06","29","04:00","","8.6","","7.0","","90","","","","17","","9","","16.1","","89.31","","","","","","NA"
"-114.01","51.12","CALGARY INTL A","3031092","2024-06-29 05:00","2024","06","29","05:00","","7.9","","6.9","","93","","","","20","","8","","32.2","","89.32","","","","","","Mainly Clear"
"-114.01","51.12","CALGARY INTL A","3031092","2024-06-29 06:00","2024","06","29","06:00","","9.6","","7.4","","86","","","","21","","7","","32.2","","89.30","","","","","","NA"
"-114.01","51.12","CALGARY INTL A","3031092","2024-06-29 07:00","2024","06","29","07:00","","11.1","","7.8","","80","","","","20","","9","","24.1","","89.31","","","","","","NA"
"-114.01","51.12","CALGARY INTL A","3031092","2024-06-29 08:00","2024","06","29","08:00","","13.0","","7.5","","69","","","","20","","7","","32.2","","89.31","","","","","","Cloudy"
"-114.01","51.12","CALGARY INTL A","3031092","2024-06-29 09:00","2024","06","29","09:00","","15.6","","8.0","","60","","","","19","","13","","32.2","","89.31","","","","","","NA"
"-114.01","51.12","CALGARY INTL A","3031092","2024-06-29 10:00","2024","06","29","10:00","","17.6","","9.2","","58","","","","13","","13","","32.2","","89.31","","","","","","NA"
"-114.01","51.12","CALGARY INTL A","3031092","2024-06-29 11:00","2024","06","29","11:00","","19.2","","8.5","","50","","","","16","","18","","32.2","","89.28","","","","","","Mostly Cloudy"
"-114.01","51.12","CALGARY INTL A","3031092","2024-06-29 12:00","2024","06","29","12:00","","20.2","","8.3","","46","","","","16","","15","","32.2","","89.25","","","","","","NA"
"-114.01","51.12","CALGARY INTL A","3031092","2024-06-29 13:00","2024","06","29","13:00","","21.3","","8.1","","42","","","","16","","23","","32.2","","89.22","","","","","","NA"
"-114.01","51.12","CALGARY INTL A","3031092","2024-06-29 14:00","2024","06","29","14:00","","22.4","","8.7","","41","","","","15","","26","","32.2","","89.20","","","","","","Cloudy"
"-114.01","51.12","CALGARY INTL A","3031092","2024-06-29 15:00","2024","06","29","15:00","","21.2","","6.9","","39","","","","16","","27","","32.2","","89.19","","","","","","NA"
"-114.01","51.12","CALGARY INTL A","3031092","2024-06-29 16:00","2024","06","29","16:00","","22.1","","9.0","","43","","","","17","","25","","32.2","","89.17","","","","","","NA"
"-114.01","51.12","CALGARY INTL A","3031092","2024-06-29 17:00","2024","06","29","17:00","","21.4","","8.1","","42","","","","17","","26","","32.2","","89.15","","","","","","Mostly Cloudy"
"-114.01","51.12","CALGARY INTL A","3031092","2024-06-29 18:00","2024","06","29","18:00","","21.0","","8.5","","44","","","","16","","33","","24.1","","89.15","","","","","","NA"
"-114.01","51.12","CALGARY INTL A","3031092","2024-06-29 19:00","2024","06","29","19:00","","20.1","","9.4","","50","","","","15","","27","","24.1","","89.13","","","","","","NA"
"-114.01","51.12","CALGARY INTL A","3031092","2024-06-29 20:00","2024","06","29","20:00","","18.3","","9.9","","58","","","","15","","24","","16.1","","89.16","","","","","","Mainly Clear"
"-114.01","51.12","CALGARY INTL A","3031092","2024-06-29 21:00","2024","06","29","21:00","","17.1","","9.8","","62","","","","16","","22","","16.1","","89.18","","","","","","NA"
"-114.01","51.12","CALGARY INTL A","3031092","2024-06-29 22:00","2024","06","29","22:00","","15.8","","9.5","","66","","","","16","","17","","16.1","","89.20","","","","","","NA"
"-114.01","51.12","CALGARY INTL A","3031092","2024-06-29 23:00","2024","06","29","23:00","","14.6","","9.2","","70","","","","16","","13","","16.1","","89.19","","","","","","Mostly Cloudy"
"-114.01","51.12","CALGARY INTL A","3031092","2024-06-30 00:00","2024","06","30","00:00","","14.8","","9.5","","70","","","","17","","16","","16.1","","89.16","","","","","","NA"
"-114.01","51.12","CALGARY INTL A","3031092","2024-06-30 01:00","2024","06","30","01:00","","14.3","","9.6","","73","","","","18","","14","","16.1","","89.13","","","","","","NA"
"-114.01","51.12","CALGARY INTL A","3031092","2024-06-30 02:00","2024","06","30","02:00","","13.7","","9.2","","74","","","","17","","17","","16.1","","89.09","","","","","","Mostly Cloudy"
"-114.01","51.12","CALGARY INTL A","3031092","2024-06-30 03:00","2024","06","30","03:00","","12.9","","9.4","","79","","","","18","","19","","16.1","","89.06","","","","","","NA"
"-114.01","51.12","CALGARY INTL A","3031092","2024-06-30 04:00","2024","06","30","04:00","","12.2","","9.5","","84","","","","18","","11","","16.1","","89.03","","","","","","NA"
"-114.01","51.12","CALGARY INTL A","3031092","2024-06-30 05:00","2024","06","30","05:00","","12.4","","9.5","","82","","","","17","","19","","24.1","","89.02","","","","","","Mostly Cloudy"
"-114.01","51.12","CALGARY INTL A","3031092","2024-06-30 06:00","2024","06","30","06:00","","12.2","","9.8","","85","","","","16","","16","","24.1","","89.02","","","","","","NA"
"-114.01","51.12","CALGARY INTL A","3031092","2024-06-30 07:00","2024","06","30","07:00","","12.9","","10.2","","83","","","","18","","12","","48.3","","88.99","","","","","","NA"
"-114.01","51.12","CALGARY INTL A","3031092","2024-06-30 08:00","2024","06","30","08:00","","13.8","","10.2","","78","","","","17","","12","","32.2","","88.99","","","","","","Cloudy"
"-114.01","51.12","CALGARY INTL A","3031092","2024-06-30 09:00","2024","06","30","09:00","","13.2","","10.6","","85","","","","17","","15","","16.1","","89.05","","","","","","Rain"
"-114.01","51.12","CALGARY INTL A","3031092","2024-06-30 10:00","2024","06","30","10:00","","13.9","","11.5","","85","","","","20","","10","","16.1","","89.04","","","","","","Rain"
"-114.01","51.12","CALGARY INTL A","3031092","2024-06-30 11:00","2024","06","30","11:00","","14.0","","11.9","","87","","","","21","","11","","16.1","","89.06","","","","","","Rain"
"-114.01","51.12","CALGARY INTL A","3031092","2024-06-30 12:00","2024","06","30","12:00","","14.2","","12.0","","86","","","","8","","4","","16.1","","89.02","","","","","","Rain"
"-114.01","51.12","CALGARY INTL A","3031092","2024-06-30 13:00","2024","06","30","13:00","","15.7","","11.9","","78","","","","3","","5","","16.1","","88.96","","","","","","NA"
"-114.01","51.12","CALGARY INTL A","3031092","2024-06-30 14:00","2024","06","30","14:00","","17.2","","12.3","","73","","","","15","","9","","16.1","","88.92","","","","","","Mostly Cloudy"
"-114.01","51.12","CALGARY INTL A","3031092","2024-06-30 15:00","2024","06","30","15:00","","18.4","","12.9","","70","","","","15","","16","","16.1","","88.87","","","","","","NA"
"-114.01","51.12","CALGARY INTL A","3031092","2024-06-30 16:00","2024","06","30","16:00","","18.7","","12.2","","65","","","","14","","9","","16.1","","88.81","","","","","","NA"
"-114.01","51.12","CALGARY INTL A","3031092","2024-06-30 17:00","2024","06","30","17:00","","18.6","","12.7","","68","","","","13","","11","","16.1","","88.75","","","","","","Mostly Cloudy"
"-114.01","51.12","CALGARY INTL A","3031092","2024-06-30 18:00","2024","06","30","18:00","","18.3","","13.4","","73","","","","14","","16","","32.2","","88.72","","","","","","NA"
"-114.01","51.12","CALGARY INTL A","3031092","2024-06-30 19:00","2024","06","30","19:00","","18.6","","12.8","","69","","","","14","","18","","16.1","","88.70","","","","","","Thunderstorms,Rain Showers"
"-114.01","51.12","CALGARY INTL A","3031092","2024-06-30 20:00","2024","06","30","20:00","","14.8","","12.5","","86","","","","34","","19","","4.8","","88.75","","","","","","Thunderstorms,Moderate Rain Showers"
"-114.01","51.12","CALGARY INTL A","3031092","2024-06-30 21:00","2024","06","30","21:00","","14.2","","11.7","","84","","","","22","","4","","12.9","","88.71","","","","","","Thunderstorms,Rain Showers"
"-114.01","51.12","CALGARY INTL A","3031092","2024-06-30 22:00","2024","06","30","22:00","","13.8","","12.3","","91","","","","22","","7","","9.7","","88.74","","","","","","Thunderstorms,Moderate Rain Showers"
"-114.01","51.12","CALGARY INTL A","3031092","2024-06-30 23:00","2024","06","30","23:00","","13.1","","11.4","","89","","","","12","","3","","12.9","","88.71","","","","","","Rain"
