"Longitude (x)","Latitude (y)","Station Name","Climate ID","Date/Time (LST)","Year","Month","Day","Time (LST)","Flag","Temp (°C)","Temp Flag","Dew Point Temp (°C)","Dew Point Temp Flag","Rel Hum (%)","Rel Hum Flag","Precip. Amount (mm)","Precip. Amount Flag","Wind Dir (10s deg)","Wind Dir Flag","Wind Spd (km/h)","Wind Spd Flag","Visibility (km)","Visibility Flag","Stn Press (kPa)","Stn Press Flag","Hmdx","Hmdx Flag","Wind Chill","Wind Chill Flag","Weather"
"-114.01","51.12","CALGARY INTL A","3031092","2024-05-01 00:00","2024","05","01","00:00","","1.3","","-2.2","","78","","","","30","","25","","11.3","","88.58","","","","","","Snow"
"-114.01","51.12","CALGARY INTL A","3031092","2024-05-01 01:00","2024","05","01","01:00","","0.7","","-1.3","","87","","","","31","","21","","16.1","","88.57","","","","","","Snow"
"-114.01","51.12","CALGARY INTL A","3031092","2024-05-01 02:00","2024","05","01","02:00","","0.4","","-0.8","","92","","","","1","","13","","4.8","","88.57","","","","","","Snow,Fog"
"-114.01","51.12","CALGARY INTL A","3031092","2024-05-01 03:00","2024","05","01","03:00","","0.4","","-0.4","","94","","","","34","","17","","11.3","","88.57","","","","","","Snow"
"-114.01","51.12","CALGARY INTL A","3031092","2024-05-01 04:00","2024","05","01","04:00","","0.5","","-1.6","","86","","","","33","","22","","11.3","","88.56","","","","","","Snow"
"-114.01","51.12","CALGARY INTL A","3031092","2024-05-01 05:00","2024","05","01","05:00","","0.5","","-1.5","","86","","","","32","","23","","16.1","","88.56","","","","","","Cloudy"
"-114.01","51.12","CALGARY INTL A","3031092","2024-05-01 06:00","2024","05","01","06:00","","0.7","","-1.6","","85","","","","34","","19","","32.2","","88.55","","","","","","NA"
"-114.01","51.12","CALGARY INTL A","3031092","2024-05-01 07:00","2024","05","01","07:00","","1.3","","-1.9","","79","","","","34","","27","","64.4","","88.53","","","","","","NA"
"-114.01","51.12","CALGARY INTL A","3031092","2024-05-01 08:00","2024","05","01","08:00","","1.2","","-0.4","","89","","","","34","","26","","4.0","","88.54","","","","","","Rain"
"-114.01","51.12","CALGARY INTL A","3031092","2024-05-01 09:00","2024","05","01","09:00","","0.6","","-0.1","","95","","","","33","","23","","1.2","","88.56","","","","","","Snow,Fog"
"-114.01","51.12","CALGARY INTL A","3031092","2024-05-01 10:00","2024","05","01","10:00","","0.7","","0.2","","97","","","","32","","33","","1.2","","88.52","","","","","","Snow,Fog"
"-114.01","51.12","CALGARY INTL A","3031092","2024-05-01 11:00","2024","05","01","11:00","","0.8","","0.5","","98","","","","33","","24","","2.0","","88.51","","","","","","Snow,Fog"
"-114.01","51.12","CALGARY INTL A","3031092","2024-05-01 12:00","2024","05","01","12:00","","2.6","","0.8","","88","","","","33","","39","","6.4","","88.51","","","","","","Fog"
"-114.01","51.12","CALGARY INTL A","3031092","2024-05-01 13:00","2024","05","01","13:00","","2.0","","0.2","","88","","","","34","","34","","24.1","","88.56","","","","","","NA"
"-114.01","51.12","CALGARY INTL A","3031092","2024-05-01 14:00","2024","05","01","14:00","","2.0","","0.3","","88","","","","35","","34","","6.4","","88.58","","","","","","Rain"
"-114.01","51.12","CALGARY INTL A","3031092","2024-05-01 15:00","2024","05","01","15:00","","2.2","","1.1","","92","","","","35","","30","","4.8","","88.60","","","","","","Rain"
"-114.01","51.12","CALGARY INTL A","3031092","2024-05-01 16:00","2024","05","01","16:00","","1.5","","0.5","","93","","","","34","","37","","4.0","","88.64","","","","","","Rain,Fog"
"-114.01","51.12","CALGARY INTL A","3031092","2024-05-01 17:00","2024","05","01","17:00","","1.4","","0.4","","93","","","","34","","34","","2.8","","88.69","","","","","","Rain,Fog"
"-114.01","51.12","CALGARY INTL A","3031092","2024-05-01 18:00","2024","05","01","18:00","","0.6","","0.2","","97","","","","34","","34","","2.0","","88.73","","","","","","Snow,Fog"
"-114.01","51.12","CALGARY INTL A","3031092","2024-05-01 19:00","2024","05","01","19:00","","1.3","","0.9","","97","","","","34","","26","","16.1","","88.76","","","","","","Snow"
"-114.01","51.12","CALGARY INTL A","3031092","2024-05-01 20:00","2024","05","01","20:00","","1.8","","0.7","","92","","","","33","","32","","16.1","","88.79","","","","","","Cloudy"
"-114.01","51.12","CALGARY INTL A","3031092","2024-05-01 21:00","2024","05","01","21:00","","1.9","","0.6","","91","","","","33","","32","","11.3","","88.83","","","","","","Rain"
"-114.01","51.12","CALGARY INTL A","3031092","2024-05-01 22:00","2024","05","01","22:00","","1.8","","0.7","","92","","","","33","","23","","11.3","","88.85","","","","","","Rain"
"-114.01","51.12","CALGARY INTL A","3031092","2024-05-01 23:00","2024","05","01","23:00","","2.1","","0.7","","91","","","","33","","31","","9.7","","88.82","","","","","","Rain,Fog"
"-114.01","51.12","CALGARY INTL A","3031092","2024-05-02 00:00","2024","05","02","00:00","","1.6","","0.7","","94","","","","34","","30","","4.8","","88.87","","","","","","Rain,Fog"
"-114.01","51.12","CALGARY INTL A","3031092","2024-05-02 01:00","2024","05","02","01:00","","0.0","","-0.3","","98","","","","2","","24","","2.0","","88.94","","","","-6","","Snow"
"-114.01","51.12","CALGARY INTL A","3031092","2024-05-02 02:00","2024","05","02","02:00","","-0.1","","-0.4","","98","","","","36","","17","","2.0","","88.97","","","","-5","","Snow"
"-114.01","51.12","CALGARY INTL A","3031092","2024-05-02 03:00","2024","05","02","03:00","","-0.1","","-0.3","","99","","","","36","","15","","2.4","","88.99","","","","-5","","Snow"
"-114.01","51.12","CALGARY INTL A","3031092","2024-05-02 04:00","2024","05","02","04:00","","0.1","","-0.2","","98","","","","35","","15","","8.1","","89.02","","","","","","Fog"
"-114.01","51.12","CALGARY INTL A","3031092","2024-05-02 05:00","2024","05","02","05:00","","0.0","","-0.5","","96","","","","33","","21","","8.1","","89.03","","","","-5","","Fog"
"-114.01","51.12","CALGARY INTL A","3031092","2024-05-02 06:00","2024","05","02","06:00","","0.1","","-0.7","","94","","","","33","","19","","16.1","","89.05","","","","","","NA"
"-114.01","51.12","CALGARY INTL A","3031092","2024-05-02 07:00","2024","05","02","07:00","","0.7","","-0.8","","90","","","","33","","16","","24.1","","89.07","","","","","","NA"
"-114.01","51.12","CALGARY INTL A","3031092","2024-05-02 08:00","2024","05","02","08:00","","1.4","","0.1","","91","","","","34","","23","","16.1","","89.10","","","","","","Cloudy"
"-114.01","51.12","CALGARY INTL A","3031092","2024-05-02 09:00","2024","05","02","09:00","","2.7","","0.2","","84","","","","33","","27","","24.1","","89.08","","","","","","NA"
"-114.01","51.12","CALGARY INTL A","3031092","2024-05-02 10:00","2024","05","02","10:00","","4.2","","0.7","","77","","","","33","","23","","32.2","","89.05","","","","","","NA"
"-114.01","51.12","CALGARY INTL A","3031092","2024-05-02 11:00","2024","05","02","11:00","","4.6","","0.0","","72","","","","33","","29","","32.2","","89.01","","","","","","Cloudy"
"-114.01","51.12","CALGARY INTL A","3031092","2024-05-02 12:00","2024","05","02","12:00","","4.6","","2.5","","87","","","","33","","28","","16.1","","89.01","","","","","","NA"
"-114.01","51.12","CALGARY INTL A","3031092","2024-05-02 13:00","2024","05","02","13:00","","6.6","","-0.1","","62","","","","34","","39","","24.1","","88.97","","","","","","NA"
"-114.01","51.12","CALGARY INTL A","3031092","2024-05-02 14:00","2024","05","02","14:00","","6.8","","-1.2","","56","","","","35","","34","","24.1","","88.97","","","","","","Cloudy"
"-114.01","51.12","CALGARY INTL A","3031092","2024-05-02 15:00","2024","05","02","15:00","","5.6","","0.6","","70","","","","34","","24","","24.1","","88.98","","","","","","NA"
"-114.01","51.12","CALGARY INTL A","3031092","2024-05-02 16:00","2024","05","02","16:00","","6.0","","-1.6","","58","","","","34","","42","","16.1","","89.00","","","","","","NA"
"-114.01","51.12","CALGARY INTL A","3031092","2024-05-02 17:00","2024","05","02","17:00","","6.6","","-2.9","","51","","","","36","","25","","24.1","","89.04","","","","","","Cloudy"
"-114.01","51.12","CALGARY INTL A","3031092","2024-05-02 18:00","2024","05","02","18:00","","3.9","","-1.5","","68","","","","8","","11","","24.1","","89.08","","","","","","Moderate Rain Showers"
"-114.01","51.12","CALGARY INTL A","3031092","2024-05-02 19:00","2024","05","02","19:00","","3.9","","-1.9","","66","","","","11","","14","","16.1","","89.12","","","","","","NA"
"-114.01","51.12","CALGARY INTL A","3031092","2024-05-02 20:00","2024","05","02","20:00","","3.0","","-0.5","","78","","","","20","","11","","19.3","","89.12","","","","","","Mostly Cloudy"
"-114.01","51.12","CALGARY INTL A","3031092","2024-05-02 21:00","2024","05","02","21:00","","2.1","","-1.2","","79","","","","18","","9","","19.3","","89.18","","","","","","NA"
"-114.01","51.12","CALGARY INTL A","3031092","2024-05-02 22:00","2024","05","02","22:00","","1.7","","-0.9","","83","","","","15","","3","","24.1","","89.16","","","","","","NA"
"-114.01","51.12","CALGARY INTL A","3031092","2024-05-02 23:00","2024","05","02","23:00","","1.7","","-1.0","","82","","","","18","","8","","24.1","","89.13","","","","","","Mostly Cloudy"
"-114.01","51.12","CALGARY INTL A","3031092","2024-05-03 00:00","2024","05","03","00:00","","1.1","","-0.9","","87","","","","14","","11","","24.1","","89.11","","","","","","NA"
"-114.01","51.12","CALGARY INTL A","3031092","2024-05-03 01:00","2024","05","03","01:00","","0.2","","-1.6","","88","","","","17","","10","","24.1","","89.11","","","","","","NA"
"-114.01","51.12","CALGARY INTL A","3031092","2024-05-03 02:00","2024","05","03","02:00","","-0.8","","-2.5","","88","","","","18","","12","","24.1","","89.08","","","","-5","","Mainly Clear"
"-114.01","51.12","CALGARY INTL A","3031092","2024-05-03 03:00","2024","05","03","03:00","","-1.3","","-2.6","","91","","","","14","","4","","24.1","","89.08","","","","-3","","NA"
"-114.01","51.12","CALGARY INTL A","3031092","2024-05-03 04:00","2024","05","03","04:00","","-1.4","","-1.8","","97","","","","","","0","","24.1","","89.06","","","","","","NA"
"-114.01","51.12","CALGARY INTL A","3031092","2024-05-03 05:00","2024","05","03","05:00","","-0.4","","-0.9","","96","","","","23","","4","","32.2","","89.06","","","","-2","","Mostly Cloudy"
"-114.01","51.12","CALGARY INTL A","3031092","2024-05-03 06:00","2024","05","03","06:00","","1.8","","-1.7","","78","","","","33","","11","","48.3","","89.07","","","","","","NA"
"-114.01","51.12","CALGARY INTL A","3031092","2024-05-03 07:00","2024","05","03","07:00","","3.3","","-0.9","","74","","","","34","","12","","64.4","","89.08","","","","","","NA"
"-114.01","51.12","CALGARY INTL A","3031092","2024-05-03 08:00","2024","05","03","08:00","","7.0","","-0.5","","59","","","","31","","20","","64.4","","89.07","","","","","","Mostly Cloudy"
"-114.01","51.12","CALGARY INTL A","3031092","2024-05-03 09:00","2024","05","03","09:00","","7.8","","-0.9","","54","","","","32","","21","","64.4","","89.06","","","","","","NA"
"-114.01","51.12","CALGARY INTL A","3031092","2024-05-03 10:00","2024","05","03","10:00","","8.5","","-1.9","","48","","","","32","","10","","64.4","","89.05","","","","","","NA"
"-114.01","51.12","CALGARY INTL A","3031092","2024-05-03 11:00","2024","05","03","11:00","","9.0","","-2.0","","46","","","","28","","18","","64.4","","89.03","","","","","","Mostly Cloudy"
"-114.01","51.12","CALGARY INTL A","3031092","2024-05-03 12:00","2024","05","03","12:00","","8.3","","-3.6","","43","","","","3","","16","","64.4","","89.03","","","","","","NA"
"-114.01","51.12","CALGARY INTL A","3031092","2024-05-03 13:00","2024","05","03","13:00","","10.2","","-2.7","","40","","","","31","","28","","64.4","","88.98","","","","","","NA"
"-114.01","51.12","CALGARY INTL A","3031092","2024-05-03 14:00","2024","05","03","14:00","","9.8","","-3.5","","39","","","","5","","17","","64.4","","88.97","","","","","","Mostly Cloudy"
"-114.01","51.12","CALGARY INTL A","3031092","2024-05-03 15:00","2024","05","03","15:00","","9.4","","-2.6","","43","","","","2","","8","","64.4","","88.96","","","","","","Rain Showers"
"-114.01","51.12","CALGARY INTL A","3031092","2024-05-03 16:00","2024","05","03","16:00","","11.2","","-3.7","","35","","","","7","","20","","48.3","","88.93","","","","","","NA"
"-114.01","51.12","CALGARY INTL A","3031092","2024-05-03 17:00","2024","05","03","17:00","","10.6","","-4.0","","35","","","","6","","7","","48.3","","88.91","","","","","","Mostly Cloudy"
"-114.01","51.12","CALGARY INTL A","3031092","2024-05-03 18:00","2024","05","03","18:00","","10.5","","-4.2","","35","","","","21","","14","","48.3","","88.90","","","","","","NA"
"-114.01","51.12","CALGARY INTL A","3031092","2024-05-03 19:00","2024","05","03","19:00","","10.3","","-3.6","","37","","","","15","","8","","16.1","","88.88","","","","","","NA"
"-114.01","51.12","CALGARY INTL A","3031092","2024-05-03 20:00","2024","05","03","20:00","","7.4","","-1.3","","54","","","","18","","12","","16.1","","88.87","","","","","","Mainly Clear"
"-114.01","51.12","CALGARY INTL A","3031092","2024-05-03 21:00","2024","05","03","21:00","","8.1","","-2.0","","49","","","","21","","7","","16.1","","88.88","","","","","","NA"
"-114.01","51.12","CALGARY INTL A","3031092","2024-05-03 22:00","2024","05","03","22:00","","6.3","","-1.7","","56","","","","20","","5","","16.1","","88.87","","","","","","NA"
"-114.01","51.12","CALGARY INTL A","3031092","2024-05-03 23:00","2024","05","03","23:00","","4.9","","-1.9","","61","","","","16","","8","","24.1","","88.87","","","","","","Clear"
"-114.01","51.12","CALGARY INTL A","3031092","2024-05-04 00:00","2024","05","04","00:00","","3.6","","-2.1","","66","","","","18","","9","","24.1","","88.85","","","","","","NA"
"-114.01","51.12","CALGARY INTL A","3031092","2024-05-04 01:00","2024","05","04","01:00","","2.6","","-2.9","","67","","","","22","","9","","24.1","","88.83","","","","","","NA"
"-114.01","51.12","CALGARY INTL A","3031092","2024-05-04 02:00","2024","05","04","02:00","","2.5","","-2.5","","70","","","","20","","5","","24.1","","88.79","","","","","","Clear"
"-114.01","51.12","CALGARY INTL A","3031092","2024-05-04 03:00","2024","05","04","03:00","","1.0","","-3.2","","74","","","","","","0","","24.1","","88.76","","","","","","NA"
"-114.01","51.12","CALGARY INTL A","3031092","2024-05-04 04:00","2024","05","04","04:00","","0.2","","-3.5","","77","","","","20","","7","","24.1","","88.77","","","","","","NA"
"-114.01","51.12","CALGARY INTL A","3031092","2024-05-04 05:00","2024","05","04","05:00","","-1.5","","-4.5","","80","","","","35","","8","","64.4","","88.79","","","","-5","","Mainly Clear"
"-114.01","51.12","CALGARY INTL A","3031092","2024-05-04 06:00","2024","05","04","06:00","","0.4","","-3.3","","76","","","","32","","16","","64.4","","88.79","","","","","","NA"
"-114.01","51.12","CALGARY INTL A","3031092","2024-05-04 07:00","2024","05","04","07:00","","2.9","","-2.5","","68","","","","34","","12","","64.4","","88.80","","","","","","NA"
"-114.01","51.12","CALGARY INTL A","3031092","2024-05-04 08:00","2024","05","04","08:00","","4.7","","-0.8","","67","","","","2","","19","","64.4","","88.81","","","","","","Mostly Cloudy"
"-114.01","51.12","CALGARY INTL A","3031092","2024-05-04 09:00","2024","05","04","09:00","","6.2","","-0.3","","63","","","","3","","18","","64.4","","88.80","","","","","","NA"
"-114.01","51.12","CALGARY INTL A","3031092","2024-05-04 10:00","2024","05","04","10:00","","8.1","","-0.6","","54","","","","5","","19","","48.3","","88.79","","","","","","NA"
"-114.01","51.12","CALGARY INTL A","3031092","2024-05-04 11:00","2024","05","04","11:00","","10.2","","0.3","","50","","","","10","","17","","48.3","","88.74","","","","","","Cloudy"
"-114.01","51.12","CALGARY INTL A","3031092","2024-05-04 12:00","2024","05","04","12:00","","11.4","","-0.2","","45","","","","11","","16","","48.3","","88.68","","","","","","NA"
"-114.01","51.12","CALGARY INTL A","3031092","2024-05-04 13:00","2024","05","04","13:00","","12.1","","-1.4","","39","","","","11","","7","","48.3","","88.62","","","","","","NA"
"-114.01","51.12","CALGARY INTL A","3031092","2024-05-04 14:00","2024","05","04","14:00","","14.3","","-3.4","","29","","","","16","","17","","48.3","","88.55","","","","","","Mostly Cloudy"
"-114.01","51.12","CALGARY INTL A","3031092","2024-05-04 15:00","2024","05","04","15:00","","12.6","","-3.5","","32","","","","15","","13","","48.3","","88.50","","","","","","NA"
"-114.01","51.12","CALGARY INTL A","3031092","2024-05-04 16:00","2024","05","04","16:00","","12.6","","-3.5","","32","","","","15","","13","","32.2","","88.42","","","","","","NA"
"-114.01","51.12","CALGARY INTL A","3031092","2024-05-04 17:00","2024","05","04","17:00","","12.6","","-4.2","","31","","","","14","","23","","32.2","","88.36","","","","","","Mostly Cloudy"
"-114.01","51.12","CALGARY INTL A","3031092","2024-05-04 18:00","2024","05","04","18:00","","13.3","","-4.6","","28","","","","14","","16","","32.2","","88.29","","","","","","NA"
"-114.01","51.12","CALGARY INTL A","3031092","2024-05-04 19:00","2024","05","04","19:00","","12.9","","-4.7","","29","","","","15","","25","","32.2","","88.27","","","","","","NA"
"-114.01","51.12","CALGARY INTL A","3031092","2024-05-04 20:00","2024","05","04","20:00","","11.5","","-5.1","","31","","","","15","","22","","24.1","","88.26","","","","","","Mostly Cloudy"
"-114.01","51.12","CALGARY INTL A","3031092","2024-05-04 21:00","2024","05","04","21:00","","9.8","","-4.1","","37","","","","15","","19","","24.1","","88.26","","","","","","NA"
"-114.01","51.12","CALGARY INTL A","3031092","2024-05-04 22:00","2024","05","04","22:00","","9.0","","-4.1","","39","","","","14","","19","","24.1","","88.24","","","","","","NA"
"-114.01","51.12","CALGARY INTL A","3031092","2024-05-04 23:00","2024","05","04","23:00","","7.0","","0.5","","63","","","","12","","28","","16.1","","88.24","","","","","","Mostly Cloudy"
"-114.01","51.12","CALGARY INTL A","3031092","2024-05-05 00:00","2024","05","05","00:00","","5.8","","0.5","","68","","","","13","","20","","24.1","","88.21","","","","","","NA"
"-114.01","51.12","CALGARY INTL A","3031092","2024-05-05 01:00","2024","05","05","01:00","","4.9","","0.6","","74","","","","15","","17","","16.1","","88.18","","","","","","NA"
"-114.01","51.12","CALGARY INTL A","3031092","2024-05-05 02:00","2024","05","05","02:00","","3.6","","0.5","","80","","","","14","","13","","24.1","","88.12","","","","","","Mostly Cloudy"
"-114.01","51.12","CALGARY INTL A","3031092","2024-05-05 03:00","2024","05","05","03:00","","3.8","","0.0","","76","","","","14","","14","","24.1","","88.07","","","","","","NA"
"-114.01","51.12","CALGARY INTL A","3031092","2024-05-05 04:00","2024","05","05","04:00","","3.8","","-1.3","","69","","","","14","","6","","16.1","","88.06","","","","","","NA"
"-114.01","51.12","CALGARY INTL A","3031092","2024-05-05 05:00","2024","05","05","05:00","","3.2","","-0.6","","76","","","","13","","12","","32.2","","88.03","","","","","","Cloudy"
"-114.01","51.12","CALGARY INTL A","3031092","2024-05-05 06:00","2024","05","05","06:00","","4.2","","-0.5","","71","","","","12","","9","","24.1","","88.00","","","","","","NA"
"-114.01","51.12","CALGARY INTL A","3031092","2024-05-05 07:00","2024","05","05","07:00","","4.5","","-0.7","","69","","","","15","","14","","64.4","","88.00","","","","","","NA"
"-114.01","51.12","CALGARY INTL A","3031092","2024-05-05 08:00","2024","05","05","08:00","","5.2","","-0.2","","68","","","","15","","10","","64.4","","87.97","","","","","","Cloudy"
"-114.01","51.12","CALGARY INTL A","3031092","2024-05-05 09:00","2024","05","05","09:00","","6.3","","-0.2","","63","","","","17","","11","","64.4","","87.95","","","","","","NA"
"-114.01","51.12","CALGARY INTL A","3031092","2024-05-05 10:00","2024","05","05","10:00","","7.3","","0.3","","61","","","","15","","5","","64.4","","87.93","","","","","","NA"
"-114.01","51.12","CALGARY INTL A","3031092","2024-05-05 11:00","2024","05","05","11:00","","9.8","","0.0","","50","","","","13","","8","","64.4","","87.90","","","","","","Cloudy"
"-114.01","51.12","CALGARY INTL A","3031092","2024-05-05 12:00","2024","05","05","12:00","","11.9","","0.6","","46","","","","13","","14","","64.4","","87.86","","","","","","NA"
"-114.01","51.12","CALGARY INTL A","3031092","2024-05-05 13:00","2024","05","05","13:00","","12.0","","-0.3","","42","","","","17","","39","","64.4","","87.85","","","","","","NA"
"-114.01","51.12","CALGARY INTL A","3031092","2024-05-05 14:00","2024","05","05","14:00","","11.6","","0.2","","45","","","","17","","23","","24.1","","87.84","","","","","","Cloudy"
"-114.01","51.12","CALGARY INTL A","3031092","2024-05-05 15:00","2024","05","05","15:00","","10.5","","2.2","","56","","","","16","","28","","24.1","","87.81","","","","","","NA"
"-114.01","51.12","CALGARY INTL A","3031092","2024-05-05 16:00","2024","05","05","16:00","","7.6","","4.2","","79","","","","16","","12","","24.1","","87.79","","","","","","NA"
"-114.01","51.12","CALGARY INTL A","3031092","2024-05-05 17:00","2024","05","05","17:00","","7.8","","4.3","","78","","","","16","","13","","16.1","","87.76","","","","","","Rain"
"-114.01","51.12","CALGARY INTL A","3031092","2024-05-05 18:00","2024","05","05","18:00","","7.8","","4.0","","77","","","","19","","10","","24.1","","87.73","","","","","","NA"
"-114.01","51.12","CALGARY INTL A","3031092","2024-05-05 19:00","2024","05","05","19:00","","7.8","","4.4","","79","","","","19","","7","","9.7","","87.70","","","","","","Rain,Fog"
"-114.01","51.12","CALGARY INTL A","3031092","2024-05-05 20:00","2024","05","05","20:00","","7.5","","3.7","","77","","","","21","","6","","9.7","","87.68","","","","","","Rain,Fog"
"-114.01","51.12","CALGARY INTL A","3031092","2024-05-05 21:00","2024","05","05","21:00","","7.3","","3.7","","77","","","","","","0","","16.1","","87.65","","","","","","Rain"
"-114.01","51.12","CALGARY INTL A","3031092","2024-05-05 22:00","2024","05","05","22:00","","7.0","","4.8","","86","","","","7","","5","","16.1","","87.61","","","","","","Rain"
"-114.01","51.12","CALGARY INTL A","3031092","2024-05-05 23:00","2024","05","05","23:00","","7.0","","5.2","","88","","","","4","","5","","16.1","","87.54","","","","","","Rain"
"-114.01","51.12","CALGARY INTL A","3031092","2024-05-06 00:00","2024","05","06","00:00","","6.3","","5.1","","92","","","","2","","7","","16.1","","87.48","","","","","","Rain"
"-114.01","51.12","CALGARY INTL A","3031092","2024-05-06 01:00","2024","05","06","01:00","","5.9","","4.5","","91","","","","34","","8","","16.1","","87.40","","","","","","NA"
"-114.01","51.12","CALGARY INTL A","3031092","2024-05-06 02:00","2024","05","06","02:00","","4.6","","3.8","","95","","","","35","","5","","16.1","","87.38","","","","","","Mainly Clear"
"-114.01","51.12","CALGARY INTL A","3031092","2024-05-06 03:00","2024","05","06","03:00","","3.9","","3.6","","98","","","","33","","4","","16.1","","87.30","","","","","","NA"
"-114.01","51.12","CALGARY INTL A","3031092","2024-05-06 04:00","2024","05","06","04:00","","3.1","","3.1","","100","","","","15","","4","","16.1","","87.32","","","","","","NA"
"-114.01","51.12","CALGARY INTL A","3031092","2024-05-06 05:00","2024","05","06","05:00","","2.8","","2.8","","100","","","","34","","3","","8.1","","87.29","","","","","","Fog"
"-114.01","51.12","CALGARY INTL A","3031092","2024-05-06 06:00","2024","05","06","06:00","","2.7","","1.9","","95","","","","33","","3","","16.1","","87.28","","","","","","NA"
"-114.01","51.12","CALGARY INTL A","3031092","2024-05-06 07:00","2024","05","06","07:00","","5.2","","3.4","","88","","","","19","","7","","64.4","","87.26","","","","","","NA"
"-114.01","51.12","CALGARY INTL A","3031092","2024-05-06 08:00","2024","05","06","08:00","","8.3","","3.8","","73","","","","29","","7","","64.4","","87.25","","","","","","Cloudy"
"-114.01","51.12","CALGARY INTL A","3031092","2024-05-06 09:00","2024","05","06","09:00","","10.6","","3.1","","60","","","","24","","7","","64.4","","87.27","","","","","","NA"
"-114.01","51.12","CALGARY INTL A","3031092","2024-05-06 10:00","2024","05","06","10:00","","12.7","","4.4","","57","","","","13","","6","","64.4","","87.24","","","","","","NA"
"-114.01","51.12","CALGARY INTL A","3031092","2024-05-06 11:00","2024","05","06","11:00","","14.3","","4.3","","51","","","","2","","12","","64.4","","87.22","","","","","","Mostly Cloudy"
"-114.01","51.12","CALGARY INTL A","3031092","2024-05-06 12:00","2024","05","06","12:00","","15.5","","2.9","","42","","","","33","","14","","64.4","","87.20","","","","","","NA"
"-114.01","51.12","CALGARY INTL A","3031092","2024-05-06 13:00","2024","05","06","13:00","","15.7","","2.9","","42","","","","3","","14","","64.4","","87.18","","","","","","NA"
"-114.01","51.12","CALGARY INTL A","3031092","2024-05-06 14:00","2024","05","06","14:00","","15.8","","2.5","","41","","","","3","","22","","24.1","","87.23","","","","","","Cloudy"
"-114.01","51.12","CALGARY INTL A","3031092","2024-05-06 15:00","2024","05","06","15:00","","11.3","","6.0","","70","","","","28","","27","","16.1","","87.30","","","","","","NA"
"-114.01","51.12","CALGARY INTL A","3031092","2024-05-06 16:00","2024","05","06","16:00","","10.6","","6.5","","76","","","","29","","22","","9.7","","87.36","","","","","","Rain Showers"
"-114.01","51.12","CALGARY INTL A","3031092","2024-05-06 17:00","2024","05","06","17:00","","9.2","","5.4","","77","","","","29","","28","","8.1","","87.45","","","","","","Rain Showers"
"-114.01","51.12","CALGARY INTL A","3031092","2024-05-06 18:00","2024","05","06","18:00","","8.5","","4.2","","74","","","","29","","28","","9.7","","87.50","","","","","","Rain Showers"
"-114.01","51.12","CALGARY INTL A","3031092","2024-05-06 19:00","2024","05","06","19:00","","6.9","","4.4","","84","","","","30","","29","","12.9","","87.57","","","","","","Rain Showers"
"-114.01","51.12","CALGARY INTL A","3031092","2024-05-06 20:00","2024","05","06","20:00","","6.4","","4.0","","84","","","","31","","25","","12.9","","87.58","","","","","","Rain Showers"
"-114.01","51.12","CALGARY INTL A","3031092","2024-05-06 21:00","2024","05","06","21:00","","6.0","","3.6","","84","","","","30","","22","","12.9","","87.60","","","","","","Rain Showers"
"-114.01","51.12","CALGARY INTL A","3031092","2024-05-06 22:00","2024","05","06","22:00","","6.1","","3.1","","81","","","","32","","24","","12.9","","87.61","","","","","","NA"
"-114.01","51.12","CALGARY INTL A","3031092","2024-05-06 23:00","2024","05","06","23:00","","5.6","","3.4","","86","","","","33","","32","","14.5","","87.61","","","","","","Cloudy"
"-114.01","51.12","CALGARY INTL A","3031092","2024-05-07 00:00","2024","05","07","00:00","","5.4","","3.0","","85","","","","32","","39","","14.5","","87.61","","","","","","Rain Showers"
"-114.01","51.12","CALGARY INTL A","3031092","2024-05-07 01:00","2024","05","07","01:00","","5.0","","3.2","","88","","","","32","","33","","11.3","","87.60","","","","","","Rain Showers"
"-114.01","51.12","CALGARY INTL A","3031092","2024-05-07 02:00","2024","05","07","02:00","","4.9","","2.7","","86","","","","32","","33","","12.9","","87.61","","","","","","Rain Showers"
"-114.01","51.12","CALGARY INTL A","3031092","2024-05-07 03:00","2024","05","07","03:00","","5.1","","2.4","","82","","","","31","","36","","14.5","","87.61","","","","","","Rain Showers"
"-114.01","51.12","CALGARY INTL A","3031092","2024-05-07 04:00","2024","05","07","04:00","","4.9","","2.3","","83","","","","31","","32","","14.5","","87.65","","","","","","Rain Showers"
"-114.01","51.12","CALGARY INTL A","3031092","2024-05-07 05:00","2024","05","07","05:00","","4.5","","2.5","","87","","","","32","","42","","14.5","","87.68","","","","","","Rain Showers"
"-114.01","51.12","CALGARY INTL A","3031092","2024-05-07 06:00","2024","05","07","06:00","","4.4","","2.3","","86","","","","33","","36","","14.5","","87.74","","","","","","Rain Showers"
"-114.01","51.12","CALGARY INTL A","3031092","2024-05-07 07:00","2024","05","07","07:00","","4.3","","1.9","","84","","","","32","","46","","12.9","","87.76","","","","","","Rain"
"-114.01","51.12","CALGARY INTL A","3031092","2024-05-07 08:00","2024","05","07","08:00","","4.0","","1.9","","86","","","","33","","46","","11.3","","87.80","","","","","","Rain"
"-114.01","51.12","CALGARY INTL A","3031092","2024-05-07 09:00","2024","05","07","09:00","","4.1","","1.6","","84","","","","33","","54","","11.3","","87.83","","","","","","Rain"
"-114.01","51.12","CALGARY INTL A","3031092","2024-05-07 10:00","2024","05","07","10:00","","4.2","","1.8","","84","","","","34","","51","","11.3","","87.92","","","","","","Rain"
"-114.01","51.12","CALGARY INTL A","3031092","2024-05-07 11:00","2024","05","07","11:00","","4.8","","2.1","","83","","","","33","","58","","11.3","","87.97","","","","","","Rain"
"-114.01","51.12","CALGARY INTL A","3031092","2024-05-07 12:00","2024","05","07","12:00","","5.1","","2.5","","83","","","","33","","44","","12.9","","88.04","","","","","","Rain"
"-114.01","51.12","CALGARY INTL A","3031092","2024-05-07 13:00","2024","05","07","13:00","","5.3","","2.6","","83","","","","34","","52","","16.1","","88.10","","","","","","Rain"
"-114.01","51.12","CALGARY INTL A","3031092","2024-05-07 14:00","2024","05","07","14:00","","5.5","","2.8","","82","","","","34","","45","","11.3","","88.18","","","","","","Rain"
"-114.01","51.12","CALGARY INTL A","3031092","2024-05-07 15:00","2024","05","07","15:00","","5.3","","3.0","","85","","","","34","","41","","11.3","","88.27","","","","","","Rain"
"-114.01","51.12","CALGARY INTL A","3031092","2024-05-07 16:00","2024","05","07","16:00","","5.1","","2.9","","85","","","","34","","36","","11.3","","88.36","","","","","","Rain"
"-114.01","51.12","CALGARY INTL A","3031092","2024-05-07 17:00","2024","05","07","17:00","","5.3","","1.9","","78","","","","35","","39","","12.9","","88.47","","","","","","Rain"
"-114.01","51.12","CALGARY INTL A","3031092","2024-05-07 18:00","2024","05","07","18:00","","6.2","","0.8","","68","","","","34","","40","","16.1","","88.54","","","","","","NA"
"-114.01","51.12","CALGARY INTL A","3031092","2024-05-07 19:00","2024","05","07","19:00","","6.3","","0.8","","68","","","","1","","24","","16.1","","88.60","","","","","","NA"
"-114.01","51.12","CALGARY INTL A","3031092","2024-05-07 20:00","2024","05","07","20:00","","5.4","","1.0","","73","","","","36","","18","","14.5","","88.69","","","","","","Cloudy"
"-114.01","51.12","CALGARY INTL A","3031092","2024-05-07 21:00","2024","05","07","21:00","","6.2","","-0.8","","60","","","","36","","25","","14.5","","88.84","","","","","","NA"
"-114.01","51.12","CALGARY INTL A","3031092","2024-05-07 22:00","2024","05","07","22:00","","6.2","","-1.3","","59","","","","35","","20","","24.1","","88.95","","","","","","NA"
"-114.01","51.12","CALGARY INTL A","3031092","2024-05-07 23:00","2024","05","07","23:00","","5.8","","-1.1","","61","","","","35","","19","","24.1","","89.01","","","","","","Cloudy"
"-114.01","51.12","CALGARY INTL A","3031092","2024-05-08 00:00","2024","05","08","00:00","","5.9","","-1.6","","59","","","","35","","27","","24.1","","89.05","","","","","","NA"
"-114.01","51.12","CALGARY INTL A","3031092","2024-05-08 01:00","2024","05","08","01:00","","5.8","","-2.0","","57","","","","35","","23","","24.1","","89.07","","","","","","NA"
"-114.01","51.12","CALGARY INTL A","3031092","2024-05-08 02:00","2024","05","08","02:00","","5.7","","-2.4","","56","","","","34","","21","","24.1","","89.13","","","","","","Cloudy"
"-114.01","51.12","CALGARY INTL A","3031092","2024-05-08 03:00","2024","05","08","03:00","","6.1","","-3.3","","51","","","","35","","25","","24.1","","89.23","","","","","","NA"
"-114.01","51.12","CALGARY INTL A","3031092","2024-05-08 04:00","2024","05","08","04:00","","6.1","","-5.2","","44","","","","34","","29","","24.1","","89.34","","","","","","NA"
"-114.01","51.12","CALGARY INTL A","3031092","2024-05-08 05:00","2024","05","08","05:00","","5.7","","-5.5","","44","","","","33","","29","","48.3","","89.42","","","","","","Cloudy"
"-114.01","51.12","CALGARY INTL A","3031092","2024-05-08 06:00","2024","05","08","06:00","","5.4","","-5.6","","45","","","","34","","26","","64.4","","89.53","","","","","","NA"
"-114.01","51.12","CALGARY INTL A","3031092","2024-05-08 07:00","2024","05","08","07:00","","5.5","","-5.7","","44","","","","34","","26","","64.4","","89.60","","","","","","NA"
"-114.01","51.12","CALGARY INTL A","3031092","2024-05-08 08:00","2024","05","08","08:00","","5.8","","-5.6","","44","","","","34","","24","","64.4","","89.68","","","","","","Cloudy"
"-114.01","51.12","CALGARY INTL A","3031092","2024-05-08 09:00","2024","05","08","09:00","","6.6","","-6.2","","40","","","","33","","34","","64.4","","89.73","","","","","","NA"
"-114.01","51.12","CALGARY INTL A","3031092","2024-05-08 10:00","2024","05","08","10:00","","7.2","","-6.7","","37","","","","33","","34","","64.4","","89.77","","","","","","NA"
"-114.01","51.12","CALGARY INTL A","3031092","2024-05-08 11:00","2024","05","08","11:00","","7.9","","-6.2","","36","","","","34","","27","","48.3","","89.81","","","","","","Cloudy"
"-114.01","51.12","CALGARY INTL A","3031092","2024-05-08 12:00","2024","05","08","12:00","","10.2","","-3.9","","37","","","","34","","23","","64.4","","89.81","","","","","","NA"
"-114.01","51.12","CALGARY INTL A","3031092","2024-05-08 13:00","2024","05","08","13:00","","10.3","","-5.5","","33","","","","33","","20","","64.4","","89.79","","","","","","NA"
"-114.01","51.12","CALGARY INTL A","3031092","2024-05-08 14:00","2024","05","08","14:00","","10.0","","-6.5","","31","","","","29","","16","","64.4","","89.80","","","","","","Mostly Cloudy"
"-114.01","51.12","CALGARY INTL A","3031092","2024-05-08 15:00","2024","05","08","15:00","","10.5","","-5.4","","32","","","","32","","12","","64.4","","89.78","","","","","","NA"
"-114.01","51.12","CALGARY INTL A","3031092","2024-05-08 16:00","2024","05","08","16:00","","11.1","","-4.8","","32","","","","36","","3","","64.4","","89.76","","","","","","NA"
"-114.01","51.12","CALGARY INTL A","3031092","2024-05-08 17:00","2024","05","08","17:00","","11.5","","-4.3","","33","","","","","","0","","64.4","","89.74","","","","","","Mostly Cloudy"
"-114.01","51.12","CALGARY INTL A","3031092","2024-05-08 18:00","2024","05","08","18:00","","11.5","","-2.2","","38","","","","17","","7","","64.4","","89.73","","","","","","NA"
"-114.01","51.12","CALGARY INTL A","3031092","2024-05-08 19:00","2024","05","08","19:00","","10.7","","-2.3","","40","","","","17","","14","","48.3","","89.74","","","","","","NA"
"-114.01","51.12","CALGARY INTL A","3031092","2024-05-08 20:00","2024","05","08","20:00","","9.9","","-2.0","","43","","","","17","","9","","48.3","","89.79","","","","","","Mostly Cloudy"
"-114.01","51.12","CALGARY INTL A","3031092","2024-05-08 21:00","2024","05","08","21:00","","8.9","","-2.3","","45","","","","17","","7","","32.2","","89.86","","","","","","NA"
"-114.01","51.12","CALGARY INTL A","3031092","2024-05-08 22:00","2024","05","08","22:00","","8.8","","-2.2","","46","","","","17","","5","","24.1","","89.91","","","","","","NA"
"-114.01","51.12","CALGARY INTL A","3031092","2024-05-08 23:00","2024","05","08","23:00","","8.0","","-1.5","","51","","","","20","","4","","24.1","","89.94","","","","","","Mainly Clear"
"-114.01","51.12","CALGARY INTL A","3031092","2024-05-09 00:00","2024","05","09","00:00","","6.3","","-1.3","","58","","","","23","","7","","24.1","","89.96","","","","","","NA"
"-114.01","51.12","CALGARY INTL A","3031092","2024-05-09 01:00","2024","05","09","01:00","","7.5","","-1.4","","53","","","","23","","9","","24.1","","89.99","","","","","","NA"
"-114.01","51.12","CALGARY INTL A","3031092","2024-05-09 02:00","2024","05","09","02:00","","6.1","","-1.2","","59","","","","36","","3","","24.1","","90.05","","","","","","Mainly Clear"
"-114.01","51.12","CALGARY INTL A","3031092","2024-05-09 03:00","2024","05","09","03:00","","3.1","","-1.8","","70","","","","","","0","","24.1","","90.09","","","","","","NA"
"-114.01","51.12","CALGARY INTL A","3031092","2024-05-09 04:00","2024","05","09","04:00","","4.0","","-1.5","","67","","","","29","","5","","24.1","","90.15","","","","","","NA"
"-114.01","51.12","CALGARY INTL A","3031092","2024-05-09 05:00","2024","05","09","05:00","","5.4","","-3.2","","54","","","","33","","17","","48.3","","90.21","","","","","","Mainly Clear"
"-114.01","51.12","CALGARY INTL A","3031092","2024-05-09 06:00","2024","05","09","06:00","","6.8","","-3.4","","48","","","","34","","19","","64.4","","90.28","","","","","","NA"
"-114.01","51.12","CALGARY INTL A","3031092","2024-05-09 07:00","2024","05","09","07:00","","9.0","","-3.3","","42","","","","33","","14","","64.4","","90.33","","","","","","NA"
"-114.01","51.12","CALGARY INTL A","3031092","2024-05-09 08:00","2024","05","09","08:00","","11.0","","-2.6","","38","","","","28","","7","","64.4","","90.35","","","","","","Mainly Clear"
"-114.01","51.12","CALGARY INTL A","3031092","2024-05-09 09:00","2024","05","09","09:00","","12.4","","-2.1","","36","","","","32","","6","","64.4","","90.34","","","","","","NA"
"-114.01","51.12","CALGARY INTL A","3031092","2024-05-09 10:00","2024","05","09","10:00","","13.4","","-2.9","","32","","","","6","","4","","64.4","","90.31","","","","","","NA"
"-114.01","51.12","CALGARY INTL A","3031092","2024-05-09 11:00","2024","05","09","11:00","","14.9","","-0.8","","34","","","","15","","9","","64.4","","90.26","","","","","","Cloudy"
"-114.01","51.12","CALGARY INTL A","3031092","2024-05-09 12:00","2024","05","09","12:00","","16.1","","-1.7","","29","","","","16","","7","","64.4","","90.17","","","","","","NA"
"-114.01","51.12","CALGARY INTL A","3031092","2024-05-09 13:00","2024","05","09","13:00","","17.1","","-4.0","","23","","","","24","","5","","64.4","","90.11","","","","","","NA"
"-114.01","51.12","CALGARY INTL A","3031092","2024-05-09 14:00","2024","05","09","14:00","","19.1","","0.0","","27","","","","19","","11","","64.4","","90.04","","","","","","Cloudy"
"-114.01","51.12","CALGARY INTL A","3031092","2024-05-09 15:00","2024","05","09","15:00","","20.0","","-2.2","","22","","","","20","","10","","64.4","","89.98","","","","","","NA"
"-114.01","51.12","CALGARY INTL A","3031092","2024-05-09 16:00","2024","05","09","16:00","","21.2","","-3.7","","18","","","","23","","10","","64.4","","89.92","","","","","","NA"
"-114.01","51.12","CALGARY INTL A","3031092","2024-05-09 17:00","2024","05","09","17:00","","21.3","","-0.3","","23","","","","18","","15","","64.4","","89.86","","","","","","Cloudy"
"-114.01","51.12","CALGARY INTL A","3031092","2024-05-09 18:00","2024","05","09","18:00","","21.1","","-1.0","","22","","","","9","","11","","48.3","","89.82","","","","","","NA"
"-114.01","51.12","CALGARY INTL A","3031092","2024-05-09 19:00","2024","05","09","19:00","","18.9","","1.2","","30","","","","18","","13","","48.3","","89.81","","","","","","NA"
"-114.01","51.12","CALGARY INTL A","3031092","2024-05-09 20:00","2024","05","09","20:00","","17.2","","-0.5","","30","","","","17","","14","","64.4","","89.82","","","","","","Mainly Clear"
"-114.01","51.12","CALGARY INTL A","3031092","2024-05-09 21:00","2024","05","09","21:00","","15.6","","0.2","","35","","","","17","","7","","48.3","","89.86","","","","","","NA"
"-114.01","51.12","CALGARY INTL A","3031092","2024-05-09 22:00","2024","05","09","22:00","","13.0","","0.9","","43","","","","5","","4","","24.1","","89.86","","","","","","NA"
"-114.01","51.12","CALGARY INTL A","3031092","2024-05-09 23:00","2024","05","09","23:00","","13.6","","0.0","","39","","","","23","","9","","24.1","","89.84","","","","","","Clear"
"-114.01","51.12","CALGARY INTL A","3031092","2024-05-10 00:00","2024","05","10","00:00","","10.5","","0.4","","50","","","","34","","5","","24.1","","89.82","","","","","","NA"
"-114.01","51.12","CALGARY INTL A","3031092","2024-05-10 01:00","2024","05","10","01:00","","8.5","","0.8","","58","","","","36","","3","","24.1","","89.82","","","","","","NA"
"-114.01","51.12","CALGARY INTL A","3031092","2024-05-10 02:00","2024","05","10","02:00","","9.6","","-1.0","","48","","","","35","","8","","24.1","","89.83","","","","","","Clear"
"-114.01","51.12","CALGARY INTL A","3031092","2024-05-10 03:00","2024","05","10","03:00","","8.3","","-1.0","","52","","","","13","","5","","24.1","","89.80","","","","","","NA"
"-114.01","51.12","CALGARY INTL A","3031092","2024-05-10 04:00","2024","05","10","04:00","","6.3","","-1.0","","60","","","","20","","4","","24.1","","89.79","","","","","","NA"
"-114.01","51.12","CALGARY INTL A","3031092","2024-05-10 05:00","2024","05","10","05:00","","7.3","","-1.0","","56","","","","","","0","","64.4","","89.76","","","","","","Mainly Clear"
"-114.01","51.12","CALGARY INTL A","3031092","2024-05-10 06:00","2024","05","10","06:00","","7.6","","1.4","","65","","","","2","","3","","64.4","","89.74","","","","","","NA"
"-114.01","51.12","CALGARY INTL A","3031092","2024-05-10 07:00","2024","05","10","07:00","","11.6","","0.5","","46","","","","13","","4","","64.4","","89.70","","","","","","NA"
"-114.01","51.12","CALGARY INTL A","3031092","2024-05-10 08:00","2024","05","10","08:00","","15.2","","1.0","","38","","","","22","","7","","64.4","","89.66","","","","","","Mainly Clear"
"-114.01","51.12","CALGARY INTL A","3031092","2024-05-10 09:00","2024","05","10","09:00","","18.1","","-0.4","","28","","","","20","","8","","64.4","","89.59","","","","","","NA"
"-114.01","51.12","CALGARY INTL A","3031092","2024-05-10 10:00","2024","05","10","10:00","","20.0","","-0.2","","26","","","","19","","12","","64.4","","89.50","","","","","","NA"
"-114.01","51.12","CALGARY INTL A","3031092","2024-05-10 11:00","2024","05","10","11:00","","21.1","","1.9","","28","","","","20","","12","","64.4","","89.39","","","","","","Mainly Clear"
"-114.01","51.12","CALGARY INTL A","3031092","2024-05-10 12:00","2024","05","10","12:00","","22.5","","1.3","","24","","","","18","","13","","64.4","","89.27","","","","","","NA"
"-114.01","51.12","CALGARY INTL A","3031092","2024-05-10 13:00","2024","05","10","13:00","","23.2","","-0.1","","21","","","","19","","13","","64.4","","89.15","","","","","","NA"
"-114.01","51.12","CALGARY INTL A","3031092","2024-05-10 14:00","2024","05","10","14:00","","24.6","","-1.5","","17","","","","33","","7","","64.4","","89.05","","","","","","Mostly Cloudy"
"-114.01","51.12","CALGARY INTL A","3031092","2024-05-10 15:00","2024","05","10","15:00","","25.2","","-6.6","","11","","","","21","","10","","64.4","","88.96","","","","","","NA"
"-114.01","51.12","CALGARY INTL A","3031092","2024-05-10 16:00","2024","05","10","16:00","","25.0","","-5.8","","12","","","","24","","12","","64.4","","88.87","","","","","","NA"
"-114.01","51.12","CALGARY INTL A","3031092","2024-05-10 17:00","2024","05","10","17:00","","25.0","","-5.4","","13","","","","28","","23","","64.4","","88.82","","","","","","Cloudy"
"-114.01","51.12","CALGARY INTL A","3031092","2024-05-10 18:00","2024","05","10","18:00","","24.6","","-5.0","","13","","","","28","","26","","48.3","","88.77","","","","","","NA"
"-114.01","51.12","CALGARY INTL A","3031092","2024-05-10 19:00","2024","05","10","19:00","","23.1","","-4.7","","15","","","","28","","22","","48.3","","88.74","","","","","","NA"
"-114.01","51.12","CALGARY INTL A","3031092","2024-05-10 20:00","2024","05","10","20:00","","21.5","","-4.2","","17","","","","27","","21","","48.3","","88.72","","","","","","Mostly Cloudy"
"-114.01","51.12","CALGARY INTL A","3031092","2024-05-10 21:00","2024","05","10","21:00","","20.2","","-4.7","","18","","","","28","","22","","24.1","","88.72","","","","","","NA"
"-114.01","51.12","CALGARY INTL A","3031092","2024-05-10 22:00","2024","05","10","22:00","","18.7","","-4.7","","20","","","","30","","19","","24.1","","88.71","","","","","","NA"
"-114.01","51.12","CALGARY INTL A","3031092","2024-05-10 23:00","2024","05","10","23:00","","16.5","","-3.5","","25","","","","32","","18","","24.1","","88.68","","","","","","Mainly Clear"
"-114.01","51.12","CALGARY INTL A","3031092","2024-05-11 00:00","2024","05","11","00:00","","16.5","","-4.2","","24","","","","31","","16","","24.1","","88.69","","","","","","NA"
"-114.01","51.12","CALGARY INTL A","3031092","2024-05-11 01:00","2024","05","11","01:00","","16.5","","-4.3","","24","","","","31","","19","","24.1","","88.68","","","","","","NA"
"-114.01","51.12","CALGARY INTL A","3031092","2024-05-11 02:00","2024","05","11","02:00","","15.9","","-4.3","","25","","","","31","","15","","24.1","","88.70","","","","","","Clear"
"-114.01","51.12","CALGARY INTL A","3031092","2024-05-11 03:00","2024","05","11","03:00","","13.4","","-3.6","","30","","","","29","","8","","24.1","","88.73","","","","","","NA"
"-114.01","51.12","CALGARY INTL A","3031092","2024-05-11 04:00","2024","05","11","04:00","","11.0","","-2.4","","39","","","","","","0","","24.1","","88.75","","","","","","NA"
"-114.01","51.12","CALGARY INTL A","3031092","2024-05-11 05:00","2024","05","11","05:00","","11.6","","-2.2","","38","","","","20","","5","","64.4","","88.73","","","","","","Mainly Clear"
"-114.01","51.12","CALGARY INTL A","3031092","2024-05-11 06:00","2024","05","11","06:00","","10.9","","-1.1","","43","","","","17","","5","","64.4","","88.74","","","","","","NA"
"-114.01","51.12","CALGARY INTL A","3031092","2024-05-11 07:00","2024","05","11","07:00","","15.6","","0.2","","35","","","","","","0","","64.4","","88.75","","","","","","NA"
"-114.01","51.12","CALGARY INTL A","3031092","2024-05-11 08:00","2024","05","11","08:00","","16.8","","-0.4","","31","","","","34","","15","","64.4","","88.79","","","","","","Mostly Cloudy"
"-114.01","51.12","CALGARY INTL A","3031092","2024-05-11 09:00","2024","05","11","09:00","","17.6","","0.2","","31","","","","1","","27","","64.4","","88.80","","","","","","NA"
"-114.01","51.12","CALGARY INTL A","3031092","2024-05-11 10:00","2024","05","11","10:00","","18.9","","1.2","","30","","","","36","","17","","64.4","","88.80","","","","","","NA"
"-114.01","51.12","CALGARY INTL A","3031092","2024-05-11 11:00","2024","05","11","11:00","","19.2","","2.0","","31","","","","1","","12","","64.4","","88.77","","","","","","Mostly Cloudy"
"-114.01","51.12","CALGARY INTL A","3031092","2024-05-11 12:00","2024","05","11","12:00","","20.1","","2.4","","31","","","","4","","9","","48.3","","88.73","","","","","","NA"
"-114.01","51.12","CALGARY INTL A","3031092","2024-05-11 13:00","2024","05","11","13:00","","20.4","","1.5","","28","","","","5","","13","","48.3","","88.68","","","","","","NA"
"-114.01","51.12","CALGARY INTL A","3031092","2024-05-11 14:00","2024","05","11","14:00","","21.0","","2.2","","28","","","","5","","10","","32.2","","88.64","","","","","","Mostly Cloudy"
"-114.01","51.12","CALGARY INTL A","3031092","2024-05-11 15:00","2024","05","11","15:00","","21.5","","0.6","","25","","","","5","","14","","32.2","","88.56","","","","","","NA"
"-114.01","51.12","CALGARY INTL A","3031092","2024-05-11 16:00","2024","05","11","16:00","","21.5","","2.5","","28","","","","5","","24","","32.2","","88.52","","","","","","NA"
"-114.01","51.12","CALGARY INTL A","3031092","2024-05-11 17:00","2024","05","11","17:00","","20.1","","2.0","","30","","","","5","","27","","24.1","","88.50","","","","","","Mostly Cloudy"
"-114.01","51.12","CALGARY INTL A","3031092","2024-05-11 18:00","2024","05","11","18:00","","19.4","","2.1","","31","","","","5","","27","","14.5","","88.51","","","","","","NA"
"-114.01","51.12","CALGARY INTL A","3031092","2024-05-11 19:00","2024","05","11","19:00","","16.7","","0.9","","34","","","","6","","32","","6.4","","88.57","","","","","","Haze"
"-114.01","51.12","CALGARY INTL A","3031092","2024-05-11 20:00","2024","05","11","20:00","","15.4","","1.2","","38","","","","6","","24","","4.0","","88.66","","","","","","Haze"
"-114.01","51.12","CALGARY INTL A","3031092","2024-05-11 21:00","2024","05","11","21:00","","12.8","","2.4","","49","","","","6","","15","","4.0","","88.72","","","","","","Haze"
"-114.01","51.12","CALGARY INTL A","3031092","2024-05-11 22:00","2024","05","11","22:00","","11.7","","1.9","","51","","","","","","0","","4.0","","88.72","","","","","","Haze"
"-114.01","51.12","CALGARY INTL A","3031092","2024-05-11 23:00","2024","05","11","23:00","","12.7","","1.6","","47","","","","25","","5","","4.0","","88.75","","","","","","Haze"
"-114.01","51.12","CALGARY INTL A","3031092","2024-05-12 00:00","2024","05","12","00:00","","11.2","","2.0","","53","","","","21","","4","","4.0","","88.75","","","","","","Haze"
"-114.01","51.12","CALGARY INTL A","3031092","2024-05-12 01:00","2024","05","12","01:00","","10.5","","2.4","","57","","","","17","","7","","4.0","","88.73","","","","","","Haze"
"-114.01","51.12","CALGARY INTL A","3031092","2024-05-12 02:00","2024","05","12","02:00","","8.7","","2.5","","65","","","","18","","16","","4.0","","88.69","","","","","","Haze"
"-114.01","51.12","CALGARY INTL A","3031092","2024-05-12 03:00","2024","05","12","03:00","","10.2","","3.4","","62","","","","19","","19","","8.1","","88.63","","","","","","Haze"
"-114.01","51.12","CALGARY INTL A","3031092","2024-05-12 04:00","2024","05","12","04:00","","11.0","","3.5","","59","","","","19","","25","","9.7","","88.60","","","","","","Haze"
"-114.01","51.12","CALGARY INTL A","3031092","2024-05-12 05:00","2024","05","12","05:00","","11.7","","3.1","","56","","","","19","","26","","9.7","","88.53","","","","","","Smoke"
"-114.01","51.12","CALGARY INTL A","3031092","2024-05-12 06:00","2024","05","12","06:00","","11.5","","3.1","","56","","","","18","","22","","8.1","","88.51","","","","","","Smoke"
"-114.01","51.12","CALGARY INTL A","3031092","2024-05-12 07:00","2024","05","12","07:00","","12.6","","3.4","","53","","","","18","","27","","4.8","","88.49","","","","","","Smoke"
"-114.01","51.12","CALGARY INTL A","3031092","2024-05-12 08:00","2024","05","12","08:00","","14.5","","4.3","","50","","","","19","","25","","4.8","","88.44","","","","","","Smoke"
"-114.01","51.12","CALGARY INTL A","3031092","2024-05-12 09:00","2024","05","12","09:00","","16.4","","3.9","","43","","","","21","","18","","6.4","","88.41","","","","","","Smoke"
"-114.01","51.12","CALGARY INTL A","3031092","2024-05-12 10:00","2024","05","12","10:00","","18.5","","6.2","","44","","","","18","","12","","6.4","","88.35","","","","","","Smoke"
"-114.01","51.12","CALGARY INTL A","3031092","2024-05-12 11:00","2024","05","12","11:00","","21.1","","1.0","","26","","","","28","","18","","8.1","","88.32","","","","","","Smoke"
"-114.01","51.12","CALGARY INTL A","3031092","2024-05-12 12:00","2024","05","12","12:00","","22.4","","0.0","","22","","","","28","","29","","9.7","","88.28","","","","","","Smoke"
"-114.01","51.12","CALGARY INTL A","3031092","2024-05-12 13:00","2024","05","12","13:00","","22.5","","-0.1","","22","","","","29","","27","","16.1","","88.28","","","","","","NA"
"-114.01","51.12","CALGARY INTL A","3031092","2024-05-12 14:00","2024","05","12","14:00","","22.2","","-0.4","","22","","","","30","","26","","64.4","","88.26","","","","","","Mostly Cloudy"
"-114.01","51.12","CALGARY INTL A","3031092","2024-05-12 15:00","2024","05","12","15:00","","23.6","","-0.4","","20","","","","28","","21","","64.4","","88.22","","","","","","NA"
"-114.01","51.12","CALGARY INTL A","3031092","2024-05-12 16:00","2024","05","12","16:00","","23.9","","1.2","","22","","","","31","","13","","64.4","","88.16","","","","","","NA"
"-114.01","51.12","CALGARY INTL A","3031092","2024-05-12 17:00","2024","05","12","17:00","","20.9","","4.0","","33","","","","34","","24","","24.1","","88.18","","","","","","Mostly Cloudy"
"-114.01","51.12","CALGARY INTL A","3031092","2024-05-12 18:00","2024","05","12","18:00","","20.1","","3.5","","33","","","","36","","16","","24.1","","88.21","","","","","","NA"
"-114.01","51.12","CALGARY INTL A","3031092","2024-05-12 19:00","2024","05","12","19:00","","19.9","","3.0","","32","","","","35","","14","","24.1","","88.24","","","","","","NA"
"-114.01","51.12","CALGARY INTL A","3031092","2024-05-12 20:00","2024","05","12","20:00","","16.0","","3.7","","43","","","","2","","6","","9.7","","88.28","","","","","","Smoke"
"-114.01","51.12","CALGARY INTL A","3031092","2024-05-12 21:00","2024","05","12","21:00","","15.8","","3.4","","43","","","","35","","4","","12.9","","88.33","","","","","","NA"
"-114.01","51.12","CALGARY INTL A","3031092","2024-05-12 22:00","2024","05","12","22:00","","12.6","","4.7","","58","","","","36","","11","","12.9","","88.38","","","","","","NA"
"-114.01","51.12","CALGARY INTL A","3031092","2024-05-12 23:00","2024","05","12","23:00","","13.9","","4.1","","51","","","","3","","5","","12.9","","88.40","","","","","","Cloudy"
"-114.01","51.12","CALGARY INTL A","3031092","2024-05-13 00:00","2024","05","13","00:00","","13.4","","5.6","","59","","","","","","0","","12.9","","88.40","","","","","","NA"
"-114.01","51.12","CALGARY INTL A","3031092","2024-05-13 01:00","2024","05","13","01:00","","13.5","","5.6","","59","","","","12","","7","","12.9","","88.40","","","","","","NA"
"-114.01","51.12","CALGARY INTL A","3031092","2024-05-13 02:00","2024","05","13","02:00","","11.9","","5.5","","65","","","","17","","10","","12.9","","88.39","","","","","","Mostly Cloudy"
"-114.01","51.12","CALGARY INTL A","3031092","2024-05-13 03:00","2024","05","13","03:00","","12.3","","5.8","","64","","","","16","","8","","16.1","","88.36","","","","","","NA"
"-114.01","51.12","CALGARY INTL A","3031092","2024-05-13 04:00","2024","05","13","04:00","","11.8","","5.9","","67","","","","36","","3","","12.9","","88.34","","","","","","NA"
"-114.01","51.12","CALGARY INTL A","3031092","2024-05-13 05:00","2024","05","13","05:00","","10.7","","5.9","","72","","","","3","","4","","9.7","","88.31","","","","","","Smoke"
"-114.01","51.12","CALGARY INTL A","3031092","2024-05-13 06:00","2024","05","13","06:00","","10.6","","6.0","","73","","","","34","","15","","12.9","","88.37","","","","","","NA"
"-114.01","51.12","CALGARY INTL A","3031092","2024-05-13 07:00","2024","05","13","07:00","","11.6","","5.3","","65","","","","36","","18","","12.9","","88.38","","","","","","NA"
"-114.01","51.12","CALGARY INTL A","3031092","2024-05-13 08:00","2024","05","13","08:00","","12.4","","4.8","","59","","","","34","","30","","16.1","","88.41","","","","","","Cloudy"
"-114.01","51.12","CALGARY INTL A","3031092","2024-05-13 09:00","2024","05","13","09:00","","12.3","","3.8","","56","","","","34","","31","","64.4","","88.42","","","","","","NA"
"-114.01","51.12","CALGARY INTL A","3031092","2024-05-13 10:00","2024","05","13","10:00","","12.4","","3.5","","54","","","","34","","35","","9.7","","88.44","","","","","","Smoke"
"-114.01","51.12","CALGARY INTL A","3031092","2024-05-13 11:00","2024","05","13","11:00","","14.5","","4.3","","50","","","","36","","24","","9.7","","88.47","","","","","","Smoke"
"-114.01","51.12","CALGARY INTL A","3031092","2024-05-13 12:00","2024","05","13","12:00","","15.6","","3.8","","45","","","","34","","28","","9.7","","88.47","","","","","","Smoke"
"-114.01","51.12","CALGARY INTL A","3031092","2024-05-13 13:00","2024","05","13","13:00","","14.1","","4.7","","53","","","","35","","31","","9.7","","88.49","","","","","","Smoke"
"-114.01","51.12","CALGARY INTL A","3031092","2024-05-13 14:00","2024","05","13","14:00","","13.6","","4.9","","55","","","","1","","20","","6.4","","88.53","","","","","","Smoke"
"-114.01","51.12","CALGARY INTL A","3031092","2024-05-13 15:00","2024","05","13","15:00","","15.3","","4.1","","47","","","","3","","15","","6.4","","88.47","","","","","","Smoke"
"-114.01","51.12","CALGARY INTL A","3031092","2024-05-13 16:00","2024","05","13","16:00","","15.3","","6.5","","55","","","","4","","14","","9.7","","88.44","","","","","","Smoke"
"-114.01","51.12","CALGARY INTL A","3031092","2024-05-13 17:00","2024","05","13","17:00","","15.2","","5.1","","51","","","","5","","13","","6.4","","88.44","","","","","","Smoke"
"-114.01","51.12","CALGARY INTL A","3031092","2024-05-13 18:00","2024","05","13","18:00","","14.7","","3.5","","47","","","","6","","12","","8.1","","88.45","","","","","","Smoke"
"-114.01","51.12","CALGARY INTL A","3031092","2024-05-13 19:00","2024","05","13","19:00","","13.9","","3.9","","51","","","","6","","23","","8.1","","88.50","","","","","","Smoke"
"-114.01","51.12","CALGARY INTL A","3031092","2024-05-13 20:00","2024","05","13","20:00","","12.6","","4.1","","56","","","","9","","18","","8.1","","88.53","","","","","","Smoke"
"-114.01","51.12","CALGARY INTL A","3031092","2024-05-13 21:00","2024","05","13","21:00","","11.9","","4.4","","60","","","","6","","12","","9.7","","88.63","","","","","","Smoke"
"-114.01","51.12","CALGARY INTL A","3031092","2024-05-13 22:00","2024","05","13","22:00","","11.2","","4.1","","62","","","","30","","21","","9.7","","88.75","","","","","","Smoke"
"-114.01","51.12","CALGARY INTL A","3031092","2024-05-13 23:00","2024","05","13","23:00","","8.6","","7.1","","90","","","","33","","22","","6.4","","88.81","","","","","","Moderate Rain,Fog"
"-114.01","51.12","CALGARY INTL A","3031092","2024-05-14 00:00","2024","05","14","00:00","","8.2","","6.4","","88","","","","33","","18","","6.4","","88.86","","","","","","Rain,Fog"
"-114.01","51.12","CALGARY INTL A","3031092","2024-05-14 01:00","2024","05","14","01:00","","7.9","","6.8","","93","","","","35","","17","","9.7","","88.88","","","","","","Rain,Fog"
"-114.01","51.12","CALGARY INTL A","3031092","2024-05-14 02:00","2024","05","14","02:00","","7.4","","6.2","","92","","","","34","","14","","9.7","","88.91","","","","","","Rain,Fog"
"-114.01","51.12","CALGARY INTL A","3031092","2024-05-14 03:00","2024","05","14","03:00","","7.5","","6.2","","91","","","","33","","8","","8.1","","88.94","","","","","","Rain,Fog"
"-114.01","51.12","CALGARY INTL A","3031092","2024-05-14 04:00","2024","05","14","04:00","","7.5","","5.5","","87","","","","1","","12","","12.9","","88.99","","","","","","Rain"
"-114.01","51.12","CALGARY INTL A","3031092","2024-05-14 05:00","2024","05","14","05:00","","8.0","","6.1","","88","","","","23","","9","","32.2","","89.02","","","","","","Mostly Cloudy"
"-114.01","51.12","CALGARY INTL A","3031092","2024-05-14 06:00","2024","05","14","06:00","","8.2","","6.4","","89","","","","28","","7","","16.1","","89.06","","","","","","NA"
"-114.01","51.12","CALGARY INTL A","3031092","2024-05-14 07:00","2024","05","14","07:00","","8.7","","5.5","","80","","","","26","","11","","64.4","","89.10","","","","","","NA"
"-114.01","51.12","CALGARY INTL A","3031092","2024-05-14 08:00","2024","05","14","08:00","","10.6","","5.4","","70","","","","32","","7","","64.4","","89.11","","","","","","Mostly Cloudy"
"-114.01","51.12","CALGARY INTL A","3031092","2024-05-14 09:00","2024","05","14","09:00","","12.6","","2.0","","48","","","","1","","10","","64.4","","89.08","","","","","","NA"
"-114.01","51.12","CALGARY INTL A","3031092","2024-05-14 10:00","2024","05","14","10:00","","12.2","","1.7","","49","","","","36","","3","","64.4","","89.07","","","","","","NA"
"-114.01","51.12","CALGARY INTL A","3031092","2024-05-14 11:00","2024","05","14","11:00","","12.9","","2.1","","48","","","","17","","10","","64.4","","89.03","","","","","","Mostly Cloudy"
"-114.01","51.12","CALGARY INTL A","3031092","2024-05-14 12:00","2024","05","14","12:00","","13.3","","1.3","","44","","","","17","","8","","64.4","","88.99","","","","","","NA"
"-114.01","51.12","CALGARY INTL A","3031092","2024-05-14 13:00","2024","05","14","13:00","","15.7","","3.2","","43","","","","21","","5","","64.4","","88.95","","","","","","NA"
"-114.01","51.12","CALGARY INTL A","3031092","2024-05-14 14:00","2024","05","14","14:00","","16.7","","2.7","","39","","","","17","","14","","64.4","","88.91","","","","","","Mostly Cloudy"
"-114.01","51.12","CALGARY INTL A","3031092","2024-05-14 15:00","2024","05","14","15:00","","16.6","","2.4","","38","","","","9","","13","","64.4","","88.87","","","","","","NA"
"-114.01","51.12","CALGARY INTL A","3031092","2024-05-14 16:00","2024","05","14","16:00","","17.6","","2.6","","37","","","","12","","12","","24.1","","88.83","","","","","","NA"
"-114.01","51.12","CALGARY INTL A","3031092","2024-05-14 17:00","2024","05","14","17:00","","16.6","","2.8","","39","","","","13","","10","","24.1","","88.81","","","","","","Mostly Cloudy"
"-114.01","51.12","CALGARY INTL A","3031092","2024-05-14 18:00","2024","05","14","18:00","","17.0","","4.0","","42","","","","16","","10","","24.1","","88.79","","","","","","NA"
"-114.01","51.12","CALGARY INTL A","3031092","2024-05-14 19:00","2024","05","14","19:00","","15.6","","3.6","","44","","","","17","","16","","32.2","","88.79","","","","","","NA"
"-114.01","51.12","CALGARY INTL A","3031092","2024-05-14 20:00","2024","05","14","20:00","","15.0","","2.8","","44","","","","18","","17","","24.1","","88.80","","","","","","Mostly Cloudy"
"-114.01","51.12","CALGARY INTL A","3031092","2024-05-14 21:00","2024","05","14","21:00","","14.3","","4.0","","50","","","","20","","16","","24.1","","88.81","","","","","","NA"
"-114.01","51.12","CALGARY INTL A","3031092","2024-05-14 22:00","2024","05","14","22:00","","11.9","","5.7","","66","","","","18","","14","","24.1","","88.82","","","","","","NA"
"-114.01","51.12","CALGARY INTL A","3031092","2024-05-14 23:00","2024","05","14","23:00","","12.8","","5.4","","61","","","","28","","8","","24.1","","88.84","","","","","","Mainly Clear"
"-114.01","51.12","CALGARY INTL A","3031092","2024-05-15 00:00","2024","05","15","00:00","","9.2","","5.3","","77","","","","34","","10","","24.1","","88.88","","","","","","NA"
"-114.01","51.12","CALGARY INTL A","3031092","2024-05-15 01:00","2024","05","15","01:00","","9.9","","4.8","","70","","","","28","","8","","24.1","","88.89","","","","","","NA"
"-114.01","51.12","CALGARY INTL A","3031092","2024-05-15 02:00","2024","05","15","02:00","","6.7","","3.3","","79","","","","36","","7","","24.1","","88.85","","","","","","Mainly Clear"
"-114.01","51.12","CALGARY INTL A","3031092","2024-05-15 03:00","2024","05","15","03:00","","6.0","","3.5","","83","","","","17","","5","","24.1","","88.87","","","","","","NA"
"-114.01","51.12","CALGARY INTL A","3031092","2024-05-15 04:00","2024","05","15","04:00","","8.8","","-0.6","","51","","","","32","","4","","24.1","","88.85","","","","","","NA"
"-114.01","51.12","CALGARY INTL A","3031092","2024-05-15 05:00","2024","05","15","05:00","","7.4","","0.4","","61","","","","","","0","","64.4","","88.83","","","","","","Mainly Clear"
"-114.01","51.12","CALGARY INTL A","3031092","2024-05-15 06:00","2024","05","15","06:00","","9.2","","2.1","","61","","","","32","","10","","64.4","","88.87","","","","","","NA"
"-114.01","51.12","CALGARY INTL A","3031092","2024-05-15 07:00","2024","05","15","07:00","","11.9","","0.4","","45","","","","","","0","","64.4","","88.82","","","","","","NA"
"-114.01","51.12","CALGARY INTL A","3031092","2024-05-15 08:00","2024","05","15","08:00","","13.5","","-0.6","","38","","","","10","","5","","64.4","","88.79","","","","","","Mostly Cloudy"
"-114.01","51.12","CALGARY INTL A","3031092","2024-05-15 09:00","2024","05","15","09:00","","14.9","","0.1","","36","","","","24","","7","","64.4","","88.76","","","","","","NA"
"-114.01","51.12","CALGARY INTL A","3031092","2024-05-15 10:00","2024","05","15","10:00","","16.0","","0.6","","35","","","","18","","11","","64.4","","88.71","","","","","","NA"
"-114.01","51.12","CALGARY INTL A","3031092","2024-05-15 11:00","2024","05","15","11:00","","17.5","","1.3","","33","","","","22","","12","","64.4","","88.63","","","","","","Cloudy"
"-114.01","51.12","CALGARY INTL A","3031092","2024-05-15 12:00","2024","05","15","12:00","","18.5","","0.6","","30","","","","20","","16","","64.4","","88.55","","","","","","NA"
"-114.01","51.12","CALGARY INTL A","3031092","2024-05-15 13:00","2024","05","15","13:00","","19.2","","0.6","","28","","","","25","","16","","64.4","","88.48","","","","","","NA"
"-114.01","51.12","CALGARY INTL A","3031092","2024-05-15 14:00","2024","05","15","14:00","","20.5","","0.3","","26","","","","26","","16","","64.4","","88.42","","","","","","Mostly Cloudy"
"-114.01","51.12","CALGARY INTL A","3031092","2024-05-15 15:00","2024","05","15","15:00","","20.2","","-0.4","","25","","","","27","","28","","24.1","","88.36","","","","","","NA"
"-114.01","51.12","CALGARY INTL A","3031092","2024-05-15 16:00","2024","05","15","16:00","","20.6","","-0.6","","24","","","","28","","28","","24.1","","88.33","","","","","","NA"
"-114.01","51.12","CALGARY INTL A","3031092","2024-05-15 17:00","2024","05","15","17:00","","19.3","","-1.5","","24","","","","28","","32","","24.1","","88.34","","","","","","Cloudy"
"-114.01","51.12","CALGARY INTL A","3031092","2024-05-15 18:00","2024","05","15","18:00","","18.6","","-1.1","","26","","","","27","","33","","24.1","","88.32","","","","","","NA"
"-114.01","51.12","CALGARY INTL A","3031092","2024-05-15 19:00","2024","05","15","19:00","","14.2","","5.3","","55","","","","3","","35","","32.2","","88.42","","","","","","NA"
"-114.01","51.12","CALGARY INTL A","3031092","2024-05-15 20:00","2024","05","15","20:00","","9.7","","6.1","","78","","","","5","","24","","32.2","","88.49","","","","","","Mostly Cloudy"
"-114.01","51.12","CALGARY INTL A","3031092","2024-05-15 21:00","2024","05","15","21:00","","8.2","","6.2","","87","","","","3","","16","","24.1","","88.52","","","","","","NA"
"-114.01","51.12","CALGARY INTL A","3031092","2024-05-15 22:00","2024","05","15","22:00","","7.6","","6.0","","90","","","","5","","9","","24.1","","88.50","","","","","","NA"
"-114.01","51.12","CALGARY INTL A","3031092","2024-05-15 23:00","2024","05","15","23:00","","7.5","","5.6","","87","","","","3","","7","","24.1","","88.46","","","","","","Mostly Cloudy"
"-114.01","51.12","CALGARY INTL A","3031092","2024-05-16 00:00","2024","05","16","00:00","","7.9","","5.0","","82","","","","","","0","","24.1","","88.46","","","","","","NA"
"-114.01","51.12","CALGARY INTL A","3031092","2024-05-16 01:00","2024","05","16","01:00","","8.0","","4.2","","77","","","","13","","9","","24.1","","88.36","","","","","","NA"
"-114.01","51.12","CALGARY INTL A","3031092","2024-05-16 02:00","2024","05","16","02:00","","7.4","","5.2","","86","","","","11","","9","","8.1","","88.32","","","","","","Rain,Fog"
"-114.01","51.12","CALGARY INTL A","3031092","2024-05-16 03:00","2024","05","16","03:00","","7.1","","5.9","","92","","","","17","","10","","11.3","","88.21","","","","","","Rain"
"-114.01","51.12","CALGARY INTL A","3031092","2024-05-16 04:00","2024","05","16","04:00","","7.0","","5.6","","91","","","","17","","13","","16.1","","88.10","","","","","","NA"
"-114.01","51.12","CALGARY INTL A","3031092","2024-05-16 05:00","2024","05","16","05:00","","6.5","","5.3","","92","","","","17","","14","","16.1","","88.01","","","","","","Mostly Cloudy"
"-114.01","51.12","CALGARY INTL A","3031092","2024-05-16 06:00","2024","05","16","06:00","","6.8","","5.6","","92","","","","17","","14","","14.5","","87.90","","","","","","NA"
"-114.01","51.12","CALGARY INTL A","3031092","2024-05-16 07:00","2024","05","16","07:00","","7.5","","6.0","","91","","","","18","","19","","14.5","","87.79","","","","","","NA"
"-114.01","51.12","CALGARY INTL A","3031092","2024-05-16 08:00","2024","05","16","08:00","","7.9","","6.5","","91","","","","19","","18","","14.5","","87.66","","","","","","Cloudy"
"-114.01","51.12","CALGARY INTL A","3031092","2024-05-16 09:00","2024","05","16","09:00","","9.8","","7.1","","83","","","","18","","22","","14.5","","87.55","","","","","","NA"
"-114.01","51.12","CALGARY INTL A","3031092","2024-05-16 10:00","2024","05","16","10:00","","11.1","","7.3","","77","","","","16","","11","","48.3","","87.48","","","","","","NA"
"-114.01","51.12","CALGARY INTL A","3031092","2024-05-16 11:00","2024","05","16","11:00","","14.3","","7.2","","62","","","","14","","12","","64.4","","87.40","","","","","","Mostly Cloudy"
"-114.01","51.12","CALGARY INTL A","3031092","2024-05-16 12:00","2024","05","16","12:00","","12.0","","6.1","","67","","","","35","","36","","64.4","","87.47","","","","","","NA"
"-114.01","51.12","CALGARY INTL A","3031092","2024-05-16 13:00","2024","05","16","13:00","","15.1","","6.8","","57","","","","36","","30","","64.4","","87.47","","","","","","NA"
"-114.01","51.12","CALGARY INTL A","3031092","2024-05-16 14:00","2024","05","16","14:00","","15.9","","5.3","","49","","","","36","","34","","48.3","","87.43","","","","","","Mostly Cloudy"
"-114.01","51.12","CALGARY INTL A","3031092","2024-05-16 15:00","2024","05","16","15:00","","15.4","","4.1","","46","","","","35","","28","","24.1","","87.47","","","","","","NA"
"-114.01","51.12","CALGARY INTL A","3031092","2024-05-16 16:00","2024","05","16","16:00","","13.9","","5.0","","54","","","","34","","35","","32.2","","87.47","","","","","","NA"
"-114.01","51.12","CALGARY INTL A","3031092","2024-05-16 17:00","2024","05","16","17:00","","14.0","","4.8","","54","","","","36","","27","","48.3","","87.51","","","","","","Mostly Cloudy"
"-114.01","51.12","CALGARY INTL A","3031092","2024-05-16 18:00","2024","05","16","18:00","","13.2","","3.1","","50","","","","35","","35","","32.2","","87.54","","","","","","NA"
"-114.01","51.12","CALGARY INTL A","3031092","2024-05-16 19:00","2024","05","16","19:00","","7.9","","4.8","","81","","","","36","","40","","16.1","","87.64","","","","","","Rain Showers"
"-114.01","51.12","CALGARY INTL A","3031092","2024-05-16 20:00","2024","05","16","20:00","","6.9","","5.2","","89","","","","2","","27","","12.9","","87.68","","","","","","Rain Showers"
"-114.01","51.12","CALGARY INTL A","3031092","2024-05-16 21:00","2024","05","16","21:00","","6.1","","4.5","","90","","","","36","","16","","12.9","","87.71","","","","","","NA"
"-114.01","51.12","CALGARY INTL A","3031092","2024-05-16 22:00","2024","05","16","22:00","","6.3","","4.8","","90","","","","33","","12","","12.9","","87.70","","","","","","NA"
"-114.01","51.12","CALGARY INTL A","3031092","2024-05-16 23:00","2024","05","16","23:00","","7.1","","3.8","","80","","","","26","","10","","12.9","","87.70","","","","","","Cloudy"
"-114.01","51.12","CALGARY INTL A","3031092","2024-05-17 00:00","2024","05","17","00:00","","6.8","","3.6","","80","","","","26","","10","","12.9","","87.71","","","","","","Rain"
"-114.01","51.12","CALGARY INTL A","3031092","2024-05-17 01:00","2024","05","17","01:00","","6.2","","3.2","","81","","","","32","","12","","16.1","","87.67","","","","","","NA"
"-114.01","51.12","CALGARY INTL A","3031092","2024-05-17 02:00","2024","05","17","02:00","","6.0","","3.1","","82","","","","33","","8","","12.9","","87.67","","","","","","Mostly Cloudy"
"-114.01","51.12","CALGARY INTL A","3031092","2024-05-17 03:00","2024","05","17","03:00","","5.6","","2.4","","80","","","","34","","23","","12.9","","87.64","","","","","","NA"
"-114.01","51.12","CALGARY INTL A","3031092","2024-05-17 04:00","2024","05","17","04:00","","4.8","","2.4","","85","","","","35","","21","","12.9","","87.66","","","","","","NA"
"-114.01","51.12","CALGARY INTL A","3031092","2024-05-17 05:00","2024","05","17","05:00","","3.7","","2.4","","91","","","","35","","28","","9.7","","87.70","","","","","","Rain"
"-114.01","51.12","CALGARY INTL A","3031092","2024-05-17 06:00","2024","05","17","06:00","","2.7","","1.8","","94","","","","36","","28","","6.4","","87.74","","","","","","Rain,Fog"
"-114.01","51.12","CALGARY INTL A","3031092","2024-05-17 07:00","2024","05","17","07:00","","2.0","","1.2","","94","","","","33","","27","","4.0","","87.78","","","","","","Rain,Snow,Fog"
"-114.01","51.12","CALGARY INTL A","3031092","2024-05-17 08:00","2024","05","17","08:00","","3.2","","2.3","","94","","","","34","","23","","8.1","","87.82","","","","","","Rain,Fog"
"-114.01","51.12","CALGARY INTL A","3031092","2024-05-17 09:00","2024","05","17","09:00","","3.7","","2.0","","89","","","","35","","26","","9.7","","87.86","","","","","","Rain,Fog"
"-114.01","51.12","CALGARY INTL A","3031092","2024-05-17 10:00","2024","05","17","10:00","","4.1","","2.1","","87","","","","35","","29","","8.1","","87.89","","","","","","Rain,Fog"
"-114.01","51.12","CALGARY INTL A","3031092","2024-05-17 11:00","2024","05","17","11:00","","4.1","","2.1","","87","","","","35","","32","","8.1","","87.95","","","","","","Rain,Fog"
"-114.01","51.12","CALGARY INTL A","3031092","2024-05-17 12:00","2024","05","17","12:00","","5.6","","0.7","","71","","","","33","","34","","24.1","","87.98","","","","","","NA"
"-114.01","51.12","CALGARY INTL A","3031092","2024-05-17 13:00","2024","05","17","13:00","","6.3","","-0.3","","63","","","","34","","32","","24.1","","88.04","","","","","","NA"
"-114.01","51.12","CALGARY INTL A","3031092","2024-05-17 14:00","2024","05","17","14:00","","7.4","","-0.3","","58","","","","34","","26","","32.2","","88.09","","","","","","Rain"
"-114.01","51.12","CALGARY INTL A","3031092","2024-05-17 15:00","2024","05","17","15:00","","9.1","","-2.0","","46","","","","32","","32","","32.2","","88.10","","","","","","NA"
"-114.01","51.12","CALGARY INTL A","3031092","2024-05-17 16:00","2024","05","17","16:00","","9.1","","-2.0","","46","","","","36","","28","","32.2","","88.13","","","","","","NA"
"-114.01","51.12","CALGARY INTL A","3031092","2024-05-17 17:00","2024","05","17","17:00","","9.8","","-2.6","","41","","","","33","","26","","32.2","","88.15","","","","","","Cloudy"
"-114.01","51.12","CALGARY INTL A","3031092","2024-05-17 18:00","2024","05","17","18:00","","10.0","","-3.0","","40","","","","33","","22","","32.2","","88.18","","","","","","NA"
"-114.01","51.12","CALGARY INTL A","3031092","2024-05-17 19:00","2024","05","17","19:00","","9.5","","-2.8","","42","","","","34","","16","","11.3","","88.24","","","","","","NA"
"-114.01","51.12","CALGARY INTL A","3031092","2024-05-17 20:00","2024","05","17","20:00","","7.8","","-2.1","","50","","","","36","","23","","9.7","","88.32","","","","","","Cloudy"
"-114.01","51.12","CALGARY INTL A","3031092","2024-05-17 21:00","2024","05","17","21:00","","7.0","","-2.7","","50","","","","35","","32","","9.7","","88.44","","","","","","NA"
"-114.01","51.12","CALGARY INTL A","3031092","2024-05-17 22:00","2024","05","17","22:00","","5.5","","-1.7","","60","","","","32","","14","","9.7","","88.52","","","","","","NA"
"-114.01","51.12","CALGARY INTL A","3031092","2024-05-17 23:00","2024","05","17","23:00","","5.0","","-2.4","","59","","","","31","","10","","11.3","","88.56","","","","","","Mostly Cloudy"
"-114.01","51.12","CALGARY INTL A","3031092","2024-05-18 00:00","2024","05","18","00:00","","4.6","","-3.4","","56","","","","32","","22","","9.7","","88.55","","","","","","NA"
"-114.01","51.12","CALGARY INTL A","3031092","2024-05-18 01:00","2024","05","18","01:00","","4.8","","-3.3","","56","","","","30","","13","","11.3","","88.53","","","","","","NA"
"-114.01","51.12","CALGARY INTL A","3031092","2024-05-18 02:00","2024","05","18","02:00","","4.6","","-1.8","","63","","","","28","","19","","9.7","","88.53","","","","","","Rain"
"-114.01","51.12","CALGARY INTL A","3031092","2024-05-18 03:00","2024","05","18","03:00","","3.8","","-1.2","","70","","","","26","","13","","9.7","","88.55","","","","","","Rain,Fog"
"-114.01","51.12","CALGARY INTL A","3031092","2024-05-18 04:00","2024","05","18","04:00","","4.2","","-1.1","","69","","","","26","","16","","9.7","","88.53","","","","","","Rain,Fog"
"-114.01","51.12","CALGARY INTL A","3031092","2024-05-18 05:00","2024","05","18","05:00","","4.1","","-1.2","","68","","","","26","","15","","12.9","","88.53","","","","","","Mostly Cloudy"
"-114.01","51.12","CALGARY INTL A","3031092","2024-05-18 06:00","2024","05","18","06:00","","4.9","","-2.5","","59","","","","27","","12","","12.9","","88.54","","","","","","NA"
"-114.01","51.12","CALGARY INTL A","3031092","2024-05-18 07:00","2024","05","18","07:00","","6.0","","-3.1","","52","","","","27","","15","","64.4","","88.53","","","","","","NA"
"-114.01","51.12","CALGARY INTL A","3031092","2024-05-18 08:00","2024","05","18","08:00","","7.6","","-1.9","","51","","","","26","","17","","64.4","","88.51","","","","","","Mostly Cloudy"
"-114.01","51.12","CALGARY INTL A","3031092","2024-05-18 09:00","2024","05","18","09:00","","9.4","","-6.7","","32","","","","26","","17","","64.4","","88.48","","","","","","NA"
"-114.01","51.12","CALGARY INTL A","3031092","2024-05-18 10:00","2024","05","18","10:00","","10.3","","-5.3","","33","","","","27","","5","","64.4","","88.44","","","","","","NA"
"-114.01","51.12","CALGARY INTL A","3031092","2024-05-18 11:00","2024","05","18","11:00","","10.9","","-5.7","","31","","","","23","","11","","64.4","","88.41","","","","","","Mostly Cloudy"
"-114.01","51.12","CALGARY INTL A","3031092","2024-05-18 12:00","2024","05","18","12:00","","10.2","","-6.3","","31","","","","27","","5","","64.4","","88.38","","","","","","NA"
"-114.01","51.12","CALGARY INTL A","3031092","2024-05-18 13:00","2024","05","18","13:00","","10.7","","-2.0","","41","","","","23","","27","","64.4","","88.35","","","","","","NA"
"-114.01","51.12","CALGARY INTL A","3031092","2024-05-18 14:00","2024","05","18","14:00","","9.8","","-2.7","","42","","","","30","","26","","64.4","","88.37","","","","","","Mostly Cloudy"
"-114.01","51.12","CALGARY INTL A","3031092","2024-05-18 15:00","2024","05","18","15:00","","9.9","","-2.9","","40","","","","22","","5","","32.2","","88.35","","","","","","NA"
"-114.01","51.12","CALGARY INTL A","3031092","2024-05-18 16:00","2024","05","18","16:00","","10.5","","-4.3","","35","","","","25","","10","","32.2","","88.35","","","","","","NA"
"-114.01","51.12","CALGARY INTL A","3031092","2024-05-18 17:00","2024","05","18","17:00","","10.8","","-4.2","","34","","","","29","","10","","32.2","","88.37","","","","","","Cloudy"
"-114.01","51.12","CALGARY INTL A","3031092","2024-05-18 18:00","2024","05","18","18:00","","11.1","","-4.7","","33","","","","28","","9","","48.3","","88.38","","","","","","NA"
"-114.01","51.12","CALGARY INTL A","3031092","2024-05-18 19:00","2024","05","18","19:00","","6.5","","1.0","","68","","","","36","","31","","32.2","","88.50","","","","","","Rain Showers"
"-114.01","51.12","CALGARY INTL A","3031092","2024-05-18 20:00","2024","05","18","20:00","","5.8","","0.6","","69","","","","35","","17","","24.1","","88.50","","","","","","Mostly Cloudy"
"-114.01","51.12","CALGARY INTL A","3031092","2024-05-18 21:00","2024","05","18","21:00","","5.6","","0.4","","69","","","","31","","9","","24.1","","88.55","","","","","","NA"
"-114.01","51.12","CALGARY INTL A","3031092","2024-05-18 22:00","2024","05","18","22:00","","6.3","","-0.3","","63","","","","28","","7","","24.1","","88.56","","","","","","NA"
"-114.01","51.12","CALGARY INTL A","3031092","2024-05-18 23:00","2024","05","18","23:00","","5.9","","0.2","","67","","","","23","","8","","24.1","","88.55","","","","","","Mostly Cloudy"
"-114.01","51.12","CALGARY INTL A","3031092","2024-05-19 00:00","2024","05","19","00:00","","5.0","","-1.0","","65","","","","30","","9","","24.1","","88.55","","","","","","NA"
"-114.01","51.12","CALGARY INTL A","3031092","2024-05-19 01:00","2024","05","19","01:00","","5.0","","-0.1","","70","","","","28","","20","","24.1","","88.54","","","","","","NA"
"-114.01","51.12","CALGARY INTL A","3031092","2024-05-19 02:00","2024","05","19","02:00","","4.2","","-0.8","","70","","","","32","","11","","24.1","","88.54","","","","","","Mainly Clear"
"-114.01","51.12","CALGARY INTL A","3031092","2024-05-19 03:00","2024","05","19","03:00","","4.0","","-1.4","","68","","","","33","","4","","24.1","","88.58","","","","","","NA"
"-114.01","51.12","CALGARY INTL A","3031092","2024-05-19 04:00","2024","05","19","04:00","","2.3","","-1.4","","76","","","","34","","9","","24.1","","88.62","","","","","","NA"
"-114.01","51.12","CALGARY INTL A","3031092","2024-05-19 05:00","2024","05","19","05:00","","3.3","","-1.4","","71","","","","34","","10","","32.2","","88.65","","","","","","Mostly Cloudy"
"-114.01","51.12","CALGARY INTL A","3031092","2024-05-19 06:00","2024","05","19","06:00","","5.2","","-1.2","","63","","","","34","","14","","32.2","","88.68","","","","","","NA"
"-114.01","51.12","CALGARY INTL A","3031092","2024-05-19 07:00","2024","05","19","07:00","","6.3","","-1.2","","59","","","","33","","19","","64.4","","88.71","","","","","","NA"
"-114.01","51.12","CALGARY INTL A","3031092","2024-05-19 08:00","2024","05","19","08:00","","7.0","","-0.6","","58","","","","31","","15","","64.4","","88.73","","","","","","Mostly Cloudy"
"-114.01","51.12","CALGARY INTL A","3031092","2024-05-19 09:00","2024","05","19","09:00","","8.5","","-0.1","","55","","","","34","","23","","64.4","","88.74","","","","","","NA"
"-114.01","51.12","CALGARY INTL A","3031092","2024-05-19 10:00","2024","05","19","10:00","","10.0","","0.4","","51","","","","1","","19","","64.4","","88.73","","","","","","NA"
"-114.01","51.12","CALGARY INTL A","3031092","2024-05-19 11:00","2024","05","19","11:00","","10.2","","0.3","","50","","","","1","","25","","64.4","","88.70","","","","","","Mostly Cloudy"
"-114.01","51.12","CALGARY INTL A","3031092","2024-05-19 12:00","2024","05","19","12:00","","11.8","","-2.7","","36","","","","28","","14","","64.4","","88.68","","","","","","NA"
"-114.01","51.12","CALGARY INTL A","3031092","2024-05-19 13:00","2024","05","19","13:00","","9.4","","1.4","","57","","","","27","","26","","24.1","","88.74","","","","","","Rain Showers"
"-114.01","51.12","CALGARY INTL A","3031092","2024-05-19 14:00","2024","05","19","14:00","","5.4","","1.5","","76","","","","2","","23","","24.1","","88.82","","","","","","Mostly Cloudy"
"-114.01","51.12","CALGARY INTL A","3031092","2024-05-19 15:00","2024","05","19","15:00","","10.1","","-1.2","","45","","","","31","","8","","24.1","","88.75","","","","","","NA"
"-114.01","51.12","CALGARY INTL A","3031092","2024-05-19 16:00","2024","05","19","16:00","","8.9","","2.3","","63","","","","2","","25","","24.1","","88.82","","","","","","NA"
"-114.01","51.12","CALGARY INTL A","3031092","2024-05-19 17:00","2024","05","19","17:00","","7.8","","0.4","","60","","","","35","","26","","24.1","","88.89","","","","","","Cloudy"
"-114.01","51.12","CALGARY INTL A","3031092","2024-05-19 18:00","2024","05","19","18:00","","7.5","","1.9","","68","","","","34","","16","","12.9","","88.94","","","","","","NA"
"-114.01","51.12","CALGARY INTL A","3031092","2024-05-19 19:00","2024","05","19","19:00","","7.2","","1.2","","66","","","","26","","8","","12.9","","88.96","","","","","","Rain Showers"
"-114.01","51.12","CALGARY INTL A","3031092","2024-05-19 20:00","2024","05","19","20:00","","6.0","","2.2","","76","","","","35","","10","","12.9","","89.02","","","","","","Rain Showers"
"-114.01","51.12","CALGARY INTL A","3031092","2024-05-19 21:00","2024","05","19","21:00","","5.5","","2.2","","80","","","","31","","14","","9.7","","89.06","","","","","","Rain,Fog"
"-114.01","51.12","CALGARY INTL A","3031092","2024-05-19 22:00","2024","05","19","22:00","","4.8","","1.8","","81","","","","32","","21","","12.9","","89.08","","","","","","Rain,Fog"
"-114.01","51.12","CALGARY INTL A","3031092","2024-05-19 23:00","2024","05","19","23:00","","4.0","","2.1","","88","","","","27","","12","","9.7","","89.07","","","","","","Rain,Fog"
"-114.01","51.12","CALGARY INTL A","3031092","2024-05-20 00:00","2024","05","20","00:00","","3.4","","2.0","","90","","","","36","","21","","12.9","","89.08","","","","","","Rain,Fog"
"-114.01","51.12","CALGARY INTL A","3031092","2024-05-20 01:00","2024","05","20","01:00","","3.5","","2.2","","92","","","","31","","9","","12.9","","89.04","","","","","","Rain,Fog"
"-114.01","51.12","CALGARY INTL A","3031092","2024-05-20 02:00","2024","05","20","02:00","","3.6","","1.3","","85","","","","33","","13","","12.9","","89.01","","","","","","Rain"
"-114.01","51.12","CALGARY INTL A","3031092","2024-05-20 03:00","2024","05","20","03:00","","3.9","","2.0","","87","","","","27","","8","","12.9","","88.99","","","","","","Rain"
"-114.01","51.12","CALGARY INTL A","3031092","2024-05-20 04:00","2024","05","20","04:00","","4.1","","1.3","","82","","","","31","","12","","12.9","","88.97","","","","","","NA"
"-114.01","51.12","CALGARY INTL A","3031092","2024-05-20 05:00","2024","05","20","05:00","","4.0","","1.1","","81","","","","32","","15","","12.9","","88.97","","","","","","Cloudy"
"-114.01","51.12","CALGARY INTL A","3031092","2024-05-20 06:00","2024","05","20","06:00","","4.4","","1.6","","82","","","","31","","11","","14.5","","88.97","","","","","","NA"
"-114.01","51.12","CALGARY INTL A","3031092","2024-05-20 07:00","2024","05","20","07:00","","4.5","","1.8","","83","","","","33","","14","","12.9","","88.98","","","","","","Rain"
"-114.01","51.12","CALGARY INTL A","3031092","2024-05-20 08:00","2024","05","20","08:00","","4.7","","2.3","","84","","","","31","","16","","24.1","","89.00","","","","","","Cloudy"
"-114.01","51.12","CALGARY INTL A","3031092","2024-05-20 09:00","2024","05","20","09:00","","5.9","","1.3","","72","","","","33","","24","","24.1","","88.99","","","","","","NA"
"-114.01","51.12","CALGARY INTL A","3031092","2024-05-20 10:00","2024","05","20","10:00","","5.8","","2.1","","77","","","","33","","22","","11.3","","88.96","","","","","","Rain"
"-114.01","51.12","CALGARY INTL A","3031092","2024-05-20 11:00","2024","05","20","11:00","","5.5","","2.6","","81","","","","30","","24","","12.9","","88.97","","","","","","Rain"
"-114.01","51.12","CALGARY INTL A","3031092","2024-05-20 12:00","2024","05","20","12:00","","7.0","","3.2","","77","","","","31","","22","","14.5","","88.94","","","","","","Rain"
"-114.01","51.12","CALGARY INTL A","3031092","2024-05-20 13:00","2024","05","20","13:00","","7.1","","3.3","","77","","","","32","","26","","12.9","","88.90","","","","","","Rain"
"-114.01","51.12","CALGARY INTL A","3031092","2024-05-20 14:00","2024","05","20","14:00","","8.3","","2.8","","68","","","","33","","34","","16.1","","88.89","","","","","","Cloudy"
"-114.01","51.12","CALGARY INTL A","3031092","2024-05-20 15:00","2024","05","20","15:00","","8.9","","2.1","","62","","","","33","","26","","24.1","","88.85","","","","","","NA"
"-114.01","51.12","CALGARY INTL A","3031092","2024-05-20 16:00","2024","05","20","16:00","","9.5","","2.6","","62","","","","33","","24","","24.1","","88.83","","","","","","NA"
"-114.01","51.12","CALGARY INTL A","3031092","2024-05-20 17:00","2024","05","20","17:00","","6.8","","3.8","","81","","","","35","","33","","11.3","","88.88","","","","","","Rain"
"-114.01","51.12","CALGARY INTL A","3031092","2024-05-20 18:00","2024","05","20","18:00","","6.3","","4.5","","88","","","","1","","21","","24.1","","88.89","","","","","","NA"
"-114.01","51.12","CALGARY INTL A","3031092","2024-05-20 19:00","2024","05","20","19:00","","6.0","","4.0","","87","","","","6","","18","","14.5","","88.89","","","","","","NA"
"-114.01","51.12","CALGARY INTL A","3031092","2024-05-20 20:00","2024","05","20","20:00","","5.5","","3.8","","89","","","","9","","13","","16.1","","88.95","","","","","","Cloudy"
"-114.01","51.12","CALGARY INTL A","3031092","2024-05-20 21:00","2024","05","20","21:00","","5.2","","3.6","","90","","","","16","","6","","16.1","","88.97","","","","","","NA"
"-114.01","51.12","CALGARY INTL A","3031092","2024-05-20 22:00","2024","05","20","22:00","","5.1","","3.9","","92","","","","19","","12","","16.1","","88.92","","","","","","Rain"
"-114.01","51.12","CALGARY INTL A","3031092","2024-05-20 23:00","2024","05","20","23:00","","5.3","","4.1","","92","","","","20","","8","","16.1","","88.88","","","","","","Cloudy"
"-114.01","51.12","CALGARY INTL A","3031092","2024-05-21 00:00","2024","05","21","00:00","","5.3","","4.5","","95","","","","19","","10","","16.1","","88.83","","","","","","NA"
"-114.01","51.12","CALGARY INTL A","3031092","2024-05-21 01:00","2024","05","21","01:00","","5.3","","4.8","","97","","","","19","","9","","16.1","","88.77","","","","","","NA"
"-114.01","51.12","CALGARY INTL A","3031092","2024-05-21 02:00","2024","05","21","02:00","","5.3","","4.8","","96","","","","20","","12","","24.1","","88.69","","","","","","Mostly Cloudy"
"-114.01","51.12","CALGARY INTL A","3031092","2024-05-21 03:00","2024","05","21","03:00","","5.4","","3.8","","89","","","","22","","14","","16.1","","88.67","","","","","","NA"
"-114.01","51.12","CALGARY INTL A","3031092","2024-05-21 04:00","2024","05","21","04:00","","5.4","","2.5","","82","","","","22","","14","","32.2","","88.63","","","","","","NA"
"-114.01","51.12","CALGARY INTL A","3031092","2024-05-21 05:00","2024","05","21","05:00","","3.9","","2.1","","88","","","","18","","9","","64.4","","88.60","","","","","","Mostly Cloudy"
"-114.01","51.12","CALGARY INTL A","3031092","2024-05-21 06:00","2024","05","21","06:00","","4.8","","2.5","","85","","","","22","","10","","32.2","","88.59","","","","","","NA"
"-114.01","51.12","CALGARY INTL A","3031092","2024-05-21 07:00","2024","05","21","07:00","","7.0","","2.9","","75","","","","21","","8","","24.1","","88.56","","","","","","NA"
"-114.01","51.12","CALGARY INTL A","3031092","2024-05-21 08:00","2024","05","21","08:00","","8.9","","1.0","","58","","","","24","","10","","64.4","","88.54","","","","","","Mostly Cloudy"
"-114.01","51.12","CALGARY INTL A","3031092","2024-05-21 09:00","2024","05","21","09:00","","10.4","","1.1","","52","","","","22","","6","","24.1","","88.51","","","","","","NA"
"-114.01","51.12","CALGARY INTL A","3031092","2024-05-21 10:00","2024","05","21","10:00","","13.3","","0.4","","41","","","","27","","7","","64.4","","88.48","","","","","","NA"
"-114.01","51.12","CALGARY INTL A","3031092","2024-05-21 11:00","2024","05","21","11:00","","13.4","","-2.2","","34","","","","35","","16","","64.4","","88.44","","","","","","Cloudy"
"-114.01","51.12","CALGARY INTL A","3031092","2024-05-21 12:00","2024","05","21","12:00","","12.9","","0.4","","42","","","","3","","10","","64.4","","88.45","","","","","","NA"
"-114.01","51.12","CALGARY INTL A","3031092","2024-05-21 13:00","2024","05","21","13:00","","13.1","","-1.5","","36","","","","33","","6","","64.4","","88.38","","","","","","NA"
"-114.01","51.12","CALGARY INTL A","3031092","2024-05-21 14:00","2024","05","21","14:00","","13.4","","-1.7","","35","","","","","","0","","64.4","","88.34","","","","","","Mostly Cloudy"
"-114.01","51.12","CALGARY INTL A","3031092","2024-05-21 15:00","2024","05","21","15:00","","14.4","","0.8","","39","","","","10","","12","","24.1","","88.30","","","","","","NA"
"-114.01","51.12","CALGARY INTL A","3031092","2024-05-21 16:00","2024","05","21","16:00","","14.1","","1.1","","41","","","","9","","4","","24.1","","88.24","","","","","","NA"
"-114.01","51.12","CALGARY INTL A","3031092","2024-05-21 17:00","2024","05","21","17:00","","13.7","","0.8","","41","","","","17","","5","","24.1","","88.21","","","","","","Cloudy"
"-114.01","51.12","CALGARY INTL A","3031092","2024-05-21 18:00","2024","05","21","18:00","","11.8","","4.5","","60","","","","11","","23","","24.1","","88.25","","","","","","NA"
"-114.01","51.12","CALGARY INTL A","3031092","2024-05-21 19:00","2024","05","21","19:00","","10.6","","4.6","","66","","","","9","","30","","32.2","","88.26","","","","","","NA"
"-114.01","51.12","CALGARY INTL A","3031092","2024-05-21 20:00","2024","05","21","20:00","","8.5","","5.5","","81","","","","10","","24","","9.7","","88.29","","","","","","Thunderstorms,Rain Showers,Fog"
"-114.01","51.12","CALGARY INTL A","3031092","2024-05-21 21:00","2024","05","21","21:00","","7.8","","5.1","","83","","","","11","","23","","24.1","","88.28","","","","","","NA"
"-114.01","51.12","CALGARY INTL A","3031092","2024-05-21 22:00","2024","05","21","22:00","","7.4","","5.7","","89","","","","28","","4","","24.1","","88.30","","","","","","NA"
"-114.01","51.12","CALGARY INTL A","3031092","2024-05-21 23:00","2024","05","21","23:00","","7.1","","6.0","","93","","","","3","","11","","24.1","","88.31","","","","","","Mostly Cloudy"
"-114.01","51.12","CALGARY INTL A","3031092","2024-05-22 00:00","2024","05","22","00:00","","7.0","","5.9","","93","","","","10","","12","","14.5","","88.32","","","","","","Rain"
"-114.01","51.12","CALGARY INTL A","3031092","2024-05-22 01:00","2024","05","22","01:00","","6.8","","5.8","","93","","","","12","","9","","12.9","","88.30","","","","","","NA"
"-114.01","51.12","CALGARY INTL A","3031092","2024-05-22 02:00","2024","05","22","02:00","","6.5","","6.0","","97","","","","9","","11","","11.3","","88.31","","","","","","Cloudy"
"-114.01","51.12","CALGARY INTL A","3031092","2024-05-22 03:00","2024","05","22","03:00","","6.2","","5.9","","98","","","","9","","10","","9.7","","88.30","","","","","","Rain,Fog"
"-114.01","51.12","CALGARY INTL A","3031092","2024-05-22 04:00","2024","05","22","04:00","","5.9","","5.3","","96","","","","10","","14","","9.7","","88.30","","","","","","Fog"
"-114.01","51.12","CALGARY INTL A","3031092","2024-05-22 05:00","2024","05","22","05:00","","5.9","","4.7","","92","","","","8","","15","","16.1","","88.29","","","","","","Cloudy"
"-114.01","51.12","CALGARY INTL A","3031092","2024-05-22 06:00","2024","05","22","06:00","","5.9","","5.3","","96","","","","7","","16","","8.1","","88.31","","","","","","Rain,Fog"
"-114.01","51.12","CALGARY INTL A","3031092","2024-05-22 07:00","2024","05","22","07:00","","5.5","","5.2","","97","","","","8","","17","","4.0","","88.36","","","","","","Rain,Fog"
"-114.01","51.12","CALGARY INTL A","3031092","2024-05-22 08:00","2024","05","22","08:00","","5.6","","4.9","","95","","","","7","","19","","9.7","","88.42","","","","","","Rain,Fog"
"-114.01","51.12","CALGARY INTL A","3031092","2024-05-22 09:00","2024","05","22","09:00","","5.6","","4.6","","93","","","","7","","21","","9.7","","88.51","","","","","","Rain,Fog"
"-114.01","51.12","CALGARY INTL A","3031092","2024-05-22 10:00","2024","05","22","10:00","","6.7","","4.4","","85","","","","8","","18","","16.1","","88.56","","","","","","NA"
"-114.01","51.12","CALGARY INTL A","3031092","2024-05-22 11:00","2024","05","22","11:00","","7.3","","4.0","","79","","","","7","","14","","24.1","","88.60","","","","","","Rain"
"-114.01","51.12","CALGARY INTL A","3031092","2024-05-22 12:00","2024","05","22","12:00","","8.0","","3.4","","73","","","","9","","22","","24.1","","88.63","","","","","","Rain Showers"
"-114.01","51.12","CALGARY INTL A","3031092","2024-05-22 13:00","2024","05","22","13:00","","8.1","","3.8","","74","","","","10","","10","","24.1","","88.69","","","","","","NA"
"-114.01","51.12","CALGARY INTL A","3031092","2024-05-22 14:00","2024","05","22","14:00","","6.7","","4.1","","84","","","","12","","10","","24.1","","88.74","","","","","","Rain Showers"
"-114.01","51.12","CALGARY INTL A","3031092","2024-05-22 15:00","2024","05","22","15:00","","9.0","","2.8","","65","","","","7","","5","","24.1","","88.73","","","","","","NA"
"-114.01","51.12","CALGARY INTL A","3031092","2024-05-22 16:00","2024","05","22","16:00","","9.6","","2.7","","62","","","","21","","5","","24.1","","88.72","","","","","","NA"
"-114.01","51.12","CALGARY INTL A","3031092","2024-05-22 17:00","2024","05","22","17:00","","9.8","","2.7","","61","","","","2","","5","","24.1","","88.73","","","","","","Mostly Cloudy"
"-114.01","51.12","CALGARY INTL A","3031092","2024-05-22 18:00","2024","05","22","18:00","","9.8","","2.6","","61","","","","36","","4","","16.1","","88.77","","","","","","NA"
"-114.01","51.12","CALGARY INTL A","3031092","2024-05-22 19:00","2024","05","22","19:00","","9.0","","3.4","","68","","","","33","","14","","16.1","","88.81","","","","","","NA"
"-114.01","51.12","CALGARY INTL A","3031092","2024-05-22 20:00","2024","05","22","20:00","","8.4","","3.2","","69","","","","33","","14","","16.1","","88.85","","","","","","Mostly Cloudy"
"-114.01","51.12","CALGARY INTL A","3031092","2024-05-22 21:00","2024","05","22","21:00","","7.0","","3.1","","76","","","","5","","12","","24.1","","88.90","","","","","","NA"
"-114.01","51.12","CALGARY INTL A","3031092","2024-05-22 22:00","2024","05","22","22:00","","7.0","","3.2","","76","","","","28","","4","","24.1","","88.91","","","","","","NA"
"-114.01","51.12","CALGARY INTL A","3031092","2024-05-22 23:00","2024","05","22","23:00","","6.5","","3.3","","80","","","","33","","7","","24.1","","88.93","","","","","","Mostly Cloudy"
"-114.01","51.12","CALGARY INTL A","3031092","2024-05-23 00:00","2024","05","23","00:00","","6.3","","3.5","","82","","","","34","","11","","24.1","","88.91","","","","","","NA"
"-114.01","51.12","CALGARY INTL A","3031092","2024-05-23 01:00","2024","05","23","01:00","","6.0","","3.1","","82","","","","33","","19","","12.9","","88.90","","","","","","Rain"
"-114.01","51.12","CALGARY INTL A","3031092","2024-05-23 02:00","2024","05","23","02:00","","6.0","","3.9","","87","","","","33","","7","","24.1","","88.88","","","","","","Mostly Cloudy"
"-114.01","51.12","CALGARY INTL A","3031092","2024-05-23 03:00","2024","05","23","03:00","","6.1","","3.6","","84","","","","31","","10","","24.1","","88.86","","","","","","NA"
"-114.01","51.12","CALGARY INTL A","3031092","2024-05-23 04:00","2024","05","23","04:00","","6.1","","3.6","","84","","","","31","","10","","24.1","","88.84","","","","","","NA"
"-114.01","51.12","CALGARY INTL A","3031092","2024-05-23 05:00","2024","05","23","05:00","","5.8","","3.1","","83","","","","34","","12","","32.2","","88.82","","","","","","Mostly Cloudy"
"-114.01","51.12","CALGARY INTL A","3031092","2024-05-23 06:00","2024","05","23","06:00","","5.8","","2.9","","81","","","","33","","16","","32.2","","88.83","","","","","","NA"
"-114.01","51.12","CALGARY INTL A","3031092","2024-05-23 07:00","2024","05","23","07:00","","6.6","","3.3","","79","","","","34","","17","","24.1","","88.84","","","","","","NA"
"-114.01","51.12","CALGARY INTL A","3031092","2024-05-23 08:00","2024","05","23","08:00","","6.5","","3.7","","82","","","","33","","20","","24.1","","88.85","","","","","","Rain"
"-114.01","51.12","CALGARY INTL A","3031092","2024-05-23 09:00","2024","05","23","09:00","","6.1","","3.7","","85","","","","31","","17","","9.7","","88.85","","","","","","Rain,Fog"
"-114.01","51.12","CALGARY INTL A","3031092","2024-05-23 10:00","2024","05","23","10:00","","8.4","","4.0","","74","","","","33","","10","","24.1","","88.83","","","","","","NA"
"-114.01","51.12","CALGARY INTL A","3031092","2024-05-23 11:00","2024","05","23","11:00","","9.1","","2.6","","64","","","","32","","9","","24.1","","88.79","","","","","","Mostly Cloudy"
"-114.01","51.12","CALGARY INTL A","3031092","2024-05-23 12:00","2024","05","23","12:00","","8.5","","3.2","","69","","","","32","","9","","24.1","","88.76","","","","","","NA"
"-114.01","51.12","CALGARY INTL A","3031092","2024-05-23 13:00","2024","05","23","13:00","","10.1","","1.7","","56","","","","31","","18","","24.1","","88.72","","","","","","Rain Showers"
"-114.01","51.12","CALGARY INTL A","3031092","2024-05-23 14:00","2024","05","23","14:00","","10.5","","2.6","","58","","","","22","","4","","24.1","","88.71","","","","","","Mostly Cloudy"
"-114.01","51.12","CALGARY INTL A","3031092","2024-05-23 15:00","2024","05","23","15:00","","6.6","","2.9","","77","","","","35","","26","","9.7","","88.76","","","","","","Rain Showers,Hail"
"-114.01","51.12","CALGARY INTL A","3031092","2024-05-23 16:00","2024","05","23","16:00","","8.8","","4.0","","72","","","","36","","3","","24.1","","88.73","","","","","","NA"
"-114.01","51.12","CALGARY INTL A","3031092","2024-05-23 17:00","2024","05","23","17:00","","10.2","","3.5","","63","","","","34","","8","","16.1","","88.70","","","","","","Mostly Cloudy"
"-114.01","51.12","CALGARY INTL A","3031092","2024-05-23 18:00","2024","05","23","18:00","","8.8","","3.8","","71","","","","2","","15","","24.1","","88.70","","","","","","NA"
"-114.01","51.12","CALGARY INTL A","3031092","2024-05-23 19:00","2024","05","23","19:00","","8.4","","3.1","","69","","","","30","","8","","16.1","","88.71","","","","","","Rain Showers"
"-114.01","51.12","CALGARY INTL A","3031092","2024-05-23 20:00","2024","05","23","20:00","","6.6","","3.4","","80","","","","27","","12","","12.9","","88.70","","","","","","Rain Showers"
"-114.01","51.12","CALGARY INTL A","3031092","2024-05-23 21:00","2024","05","23","21:00","","5.9","","2.6","","79","","","","26","","9","","12.9","","88.71","","","","","","NA"
"-114.01","51.12","CALGARY INTL A","3031092","2024-05-23 22:00","2024","05","23","22:00","","5.9","","3.1","","82","","","","25","","10","","16.1","","88.66","","","","","","NA"
"-114.01","51.12","CALGARY INTL A","3031092","2024-05-23 23:00","2024","05","23","23:00","","5.7","","2.6","","81","","","","22","","8","","16.1","","88.58","","","","","","Mostly Cloudy"
"-114.01","51.12","CALGARY INTL A","3031092","2024-05-24 00:00","2024","05","24","00:00","","5.0","","2.8","","85","","","","25","","9","","16.1","","88.53","","","","","","NA"
"-114.01","51.12","CALGARY INTL A","3031092","2024-05-24 01:00","2024","05","24","01:00","","4.0","","2.4","","89","","","","20","","3","","16.1","","88.43","","","","","","NA"
"-114.01","51.12","CALGARY INTL A","3031092","2024-05-24 02:00","2024","05","24","02:00","","4.0","","2.8","","92","","","","23","","8","","16.1","","88.37","","","","","","Mostly Cloudy"
"-114.01","51.12","CALGARY INTL A","3031092","2024-05-24 03:00","2024","05","24","03:00","","3.2","","2.3","","94","","","","16","","5","","16.1","","88.32","","","","","","NA"
"-114.01","51.12","CALGARY INTL A","3031092","2024-05-24 04:00","2024","05","24","04:00","","4.0","","2.5","","90","","","","13","","5","","12.9","","88.29","","","","","","Rain Showers"
"-114.01","51.12","CALGARY INTL A","3031092","2024-05-24 05:00","2024","05","24","05:00","","3.7","","3.0","","95","","","","23","","6","","16.1","","88.24","","","","","","Rain Showers"
"-114.01","51.12","CALGARY INTL A","3031092","2024-05-24 06:00","2024","05","24","06:00","","4.2","","3.3","","94","","","","21","","8","","32.2","","88.23","","","","","","NA"
"-114.01","51.12","CALGARY INTL A","3031092","2024-05-24 07:00","2024","05","24","07:00","","6.3","","3.4","","82","","","","22","","8","","64.4","","88.21","","","","","","NA"
"-114.01","51.12","CALGARY INTL A","3031092","2024-05-24 08:00","2024","05","24","08:00","","8.3","","3.2","","70","","","","27","","5","","64.4","","88.18","","","","","","Cloudy"
"-114.01","51.12","CALGARY INTL A","3031092","2024-05-24 09:00","2024","05","24","09:00","","10.5","","4.2","","65","","","","36","","8","","64.4","","88.16","","","","","","NA"
"-114.01","51.12","CALGARY INTL A","3031092","2024-05-24 10:00","2024","05","24","10:00","","10.5","","3.4","","61","","","","32","","4","","64.4","","88.14","","","","","","NA"
"-114.01","51.12","CALGARY INTL A","3031092","2024-05-24 11:00","2024","05","24","11:00","","11.1","","2.9","","57","","","","4","","6","","64.4","","88.12","","","","","","Mostly Cloudy"
"-114.01","51.12","CALGARY INTL A","3031092","2024-05-24 12:00","2024","05","24","12:00","","13.1","","5.5","","60","","","","8","","7","","32.2","","88.06","","","","","","Rain Showers"
"-114.01","51.12","CALGARY INTL A","3031092","2024-05-24 13:00","2024","05","24","13:00","","11.0","","6.2","","72","","","","14","","6","","64.4","","88.04","","","","","","Thunderstorms,Rain Showers"
"-114.01","51.12","CALGARY INTL A","3031092","2024-05-24 14:00","2024","05","24","14:00","","11.5","","2.6","","54","","","","26","","21","","24.1","","88.05","","","","","","Mostly Cloudy"
"-114.01","51.12","CALGARY INTL A","3031092","2024-05-24 15:00","2024","05","24","15:00","","9.4","","4.8","","73","","","","26","","9","","32.2","","88.08","","","","","","Rain Showers"
"-114.01","51.12","CALGARY INTL A","3031092","2024-05-24 16:00","2024","05","24","16:00","","11.1","","3.6","","59","","","","29","","19","","32.2","","88.07","","","","","","NA"
"-114.01","51.12","CALGARY INTL A","3031092","2024-05-24 17:00","2024","05","24","17:00","","13.4","","2.8","","49","","","","33","","12","","32.2","","88.00","","","","","","Mostly Cloudy"
"-114.01","51.12","CALGARY INTL A","3031092","2024-05-24 18:00","2024","05","24","18:00","","13.2","","2.2","","47","","","","31","","6","","24.1","","87.99","","","","","","NA"
"-114.01","51.12","CALGARY INTL A","3031092","2024-05-24 19:00","2024","05","24","19:00","","13.2","","3.0","","50","","","","34","","5","","24.1","","87.99","","","","","","NA"
"-114.01","51.12","CALGARY INTL A","3031092","2024-05-24 20:00","2024","05","24","20:00","","10.4","","4.9","","68","","","","6","","11","","24.1","","88.00","","","","","","Mostly Cloudy"
"-114.01","51.12","CALGARY INTL A","3031092","2024-05-24 21:00","2024","05","24","21:00","","10.2","","3.8","","64","","","","","","0","","24.1","","88.02","","","","","","NA"
"-114.01","51.12","CALGARY INTL A","3031092","2024-05-24 22:00","2024","05","24","22:00","","9.2","","4.0","","70","","","","34","","4","","24.1","","88.00","","","","","","NA"
"-114.01","51.12","CALGARY INTL A","3031092","2024-05-24 23:00","2024","05","24","23:00","","7.3","","3.5","","77","","","","34","","8","","16.1","","88.00","","","","","","Mainly Clear"
"-114.01","51.12","CALGARY INTL A","3031092","2024-05-25 00:00","2024","05","25","00:00","","5.3","","3.1","","86","","","","36","","3","","16.1","","87.96","","","","","","NA"
"-114.01","51.12","CALGARY INTL A","3031092","2024-05-25 01:00","2024","05","25","01:00","","6.3","","3.5","","82","","","","19","","4","","16.1","","87.90","","","","","","NA"
"-114.01","51.12","CALGARY INTL A","3031092","2024-05-25 02:00","2024","05","25","02:00","","6.0","","3.5","","84","","","","","","0","","24.1","","87.89","","","","","","Clear"
"-114.01","51.12","CALGARY INTL A","3031092","2024-05-25 03:00","2024","05","25","03:00","","4.3","","2.6","","89","","","","36","","6","","24.1","","87.87","","","","","","NA"
"-114.01","51.12","CALGARY INTL A","3031092","2024-05-25 04:00","2024","05","25","04:00","","4.2","","2.3","","88","","","","29","","4","","16.1","","87.85","","","","","","NA"
"-114.01","51.12","CALGARY INTL A","3031092","2024-05-25 05:00","2024","05","25","05:00","","3.4","","2.3","","92","","","","35","","5","","24.1","","87.84","","","","","","Mostly Cloudy"
"-114.01","51.12","CALGARY INTL A","3031092","2024-05-25 06:00","2024","05","25","06:00","","4.2","","2.8","","90","","","","36","","3","","24.1","","87.85","","","","","","NA"
"-114.01","51.12","CALGARY INTL A","3031092","2024-05-25 07:00","2024","05","25","07:00","","5.8","","3.8","","87","","","","","","0","","64.4","","87.85","","","","","","NA"
"-114.01","51.12","CALGARY INTL A","3031092","2024-05-25 08:00","2024","05","25","08:00","","9.2","","4.8","","74","","","","34","","4","","64.4","","87.84","","","","","","Mostly Cloudy"
"-114.01","51.12","CALGARY INTL A","3031092","2024-05-25 09:00","2024","05","25","09:00","","11.2","","4.5","","63","","","","11","","7","","64.4","","87.81","","","","","","NA"
"-114.01","51.12","CALGARY INTL A","3031092","2024-05-25 10:00","2024","05","25","10:00","","13.4","","4.8","","56","","","","13","","19","","64.4","","87.77","","","","","","NA"
"-114.01","51.12","CALGARY INTL A","3031092","2024-05-25 11:00","2024","05","25","11:00","","14.7","","5.5","","54","","","","16","","21","","48.3","","87.76","","","","","","Mostly Cloudy"
"-114.01","51.12","CALGARY INTL A","3031092","2024-05-25 12:00","2024","05","25","12:00","","14.2","","4.7","","53","","","","13","","13","","64.4","","87.71","","","","","","NA"
"-114.01","51.12","CALGARY INTL A","3031092","2024-05-25 13:00","2024","05","25","13:00","","11.8","","5.2","","64","","","","17","","23","","64.4","","87.73","","","","","","Thunderstorms,Rain Showers"
"-114.01","51.12","CALGARY INTL A","3031092","2024-05-25 14:00","2024","05","25","14:00","","11.8","","4.4","","60","","","","13","","13","","64.4","","87.74","","","","","","Mostly Cloudy"
"-114.01","51.12","CALGARY INTL A","3031092","2024-05-25 15:00","2024","05","25","15:00","","13.4","","4.9","","56","","","","2","","5","","48.3","","87.71","","","","","","NA"
"-114.01","51.12","CALGARY INTL A","3031092","2024-05-25 16:00","2024","05","25","16:00","","14.6","","3.9","","48","","","","4","","10","","64.4","","87.70","","","","","","NA"
"-114.01","51.12","CALGARY INTL A","3031092","2024-05-25 17:00","2024","05","25","17:00","","13.7","","3.9","","51","","","","9","","10","","48.3","","87.74","","","","","","Mostly Cloudy"
"-114.01","51.12","CALGARY INTL A","3031092","2024-05-25 18:00","2024","05","25","18:00","","8.8","","5.7","","81","","","","27","","13","","8.1","","87.92","","","","","","Moderate Rain Showers,Fog"
"-114.01","51.12","CALGARY INTL A","3031092","2024-05-25 19:00","2024","05","25","19:00","","9.2","","5.0","","75","","","","3","","25","","12.9","","87.89","","","","","","Rain Showers"
"-114.01","51.12","CALGARY INTL A","3031092","2024-05-25 20:00","2024","05","25","20:00","","9.4","","5.7","","77","","","","34","","10","","16.1","","87.84","","","","","","Mostly Cloudy"
"-114.01","51.12","CALGARY INTL A","3031092","2024-05-25 21:00","2024","05","25","21:00","","9.7","","5.7","","76","","","","25","","4","","12.9","","87.90","","","","","","NA"
"-114.01","51.12","CALGARY INTL A","3031092","2024-05-25 22:00","2024","05","25","22:00","","8.3","","5.6","","83","","","","29","","7","","16.1","","87.93","","","","","","NA"
"-114.01","51.12","CALGARY INTL A","3031092","2024-05-25 23:00","2024","05","25","23:00","","8.4","","4.0","","74","","","","27","","10","","16.1","","87.93","","","","","","Mainly Clear"
"-114.01","51.12","CALGARY INTL A","3031092","2024-05-26 00:00","2024","05","26","00:00","","8.1","","3.4","","72","","","","26","","9","","24.1","","87.95","","","","","","NA"
"-114.01","51.12","CALGARY INTL A","3031092","2024-05-26 01:00","2024","05","26","01:00","","6.2","","4.0","","86","","","","1","","5","","24.1","","87.97","","","","","","NA"
"-114.01","51.12","CALGARY INTL A","3031092","2024-05-26 02:00","2024","05","26","02:00","","5.8","","3.5","","85","","","","35","","4","","24.1","","87.99","","","","","","Mostly Cloudy"
"-114.01","51.12","CALGARY INTL A","3031092","2024-05-26 03:00","2024","05","26","03:00","","6.0","","3.5","","84","","","","32","","5","","24.1","","88.01","","","","","","NA"
"-114.01","51.12","CALGARY INTL A","3031092","2024-05-26 04:00","2024","05","26","04:00","","5.8","","3.6","","86","","","","33","","4","","16.1","","88.03","","","","","","NA"
"-114.01","51.12","CALGARY INTL A","3031092","2024-05-26 05:00","2024","05","26","05:00","","5.8","","3.3","","84","","","","29","","4","","16.1","","88.09","","","","","","Mostly Cloudy"
"-114.01","51.12","CALGARY INTL A","3031092","2024-05-26 06:00","2024","05","26","06:00","","6.8","","3.5","","79","","","","33","","24","","24.1","","88.14","","","","","","NA"
"-114.01","51.12","CALGARY INTL A","3031092","2024-05-26 07:00","2024","05","26","07:00","","7.2","","4.1","","81","","","","31","","23","","24.1","","88.18","","","","","","Rain"
"-114.01","51.12","CALGARY INTL A","3031092","2024-05-26 08:00","2024","05","26","08:00","","7.1","","3.6","","78","","","","31","","30","","11.3","","88.25","","","","","","Rain"
"-114.01","51.12","CALGARY INTL A","3031092","2024-05-26 09:00","2024","05","26","09:00","","6.4","","3.8","","83","","","","27","","20","","11.3","","88.28","","","","","","Rain"
"-114.01","51.12","CALGARY INTL A","3031092","2024-05-26 10:00","2024","05","26","10:00","","8.6","","4.5","","75","","","","30","","23","","24.1","","88.30","","","","","","NA"
"-114.01","51.12","CALGARY INTL A","3031092","2024-05-26 11:00","2024","05","26","11:00","","11.1","","6.0","","71","","","","33","","28","","64.4","","88.34","","","","","","Mostly Cloudy"
"-114.01","51.12","CALGARY INTL A","3031092","2024-05-26 12:00","2024","05","26","12:00","","12.1","","5.7","","65","","","","33","","26","","64.4","","88.37","","","","","","NA"
"-114.01","51.12","CALGARY INTL A","3031092","2024-05-26 13:00","2024","05","26","13:00","","15.2","","5.9","","53","","","","36","","23","","64.4","","88.36","","","","","","NA"
"-114.01","51.12","CALGARY INTL A","3031092","2024-05-26 14:00","2024","05","26","14:00","","14.3","","4.2","","50","","","","26","","19","","64.4","","88.39","","","","","","Mostly Cloudy"
"-114.01","51.12","CALGARY INTL A","3031092","2024-05-26 15:00","2024","05","26","15:00","","13.4","","4.0","","53","","","","29","","22","","64.4","","88.46","","","","","","NA"
"-114.01","51.12","CALGARY INTL A","3031092","2024-05-26 16:00","2024","05","26","16:00","","15.7","","4.4","","47","","","","1","","12","","24.1","","88.44","","","","","","NA"
"-114.01","51.12","CALGARY INTL A","3031092","2024-05-26 17:00","2024","05","26","17:00","","15.8","","3.9","","45","","","","2","","7","","24.1","","88.47","","","","","","Mainly Clear"
"-114.01","51.12","CALGARY INTL A","3031092","2024-05-26 18:00","2024","05","26","18:00","","15.9","","-0.8","","32","","","","28","","17","","24.1","","88.52","","","","","","NA"
"-114.01","51.12","CALGARY INTL A","3031092","2024-05-26 19:00","2024","05","26","19:00","","16.4","","-1.8","","29","","","","27","","17","","16.1","","88.55","","","","","","NA"
"-114.01","51.12","CALGARY INTL A","3031092","2024-05-26 20:00","2024","05","26","20:00","","14.7","","-2.0","","31","","","","28","","34","","12.9","","88.61","","","","","","Mostly Cloudy"
"-114.01","51.12","CALGARY INTL A","3031092","2024-05-26 21:00","2024","05","26","21:00","","13.0","","-2.2","","35","","","","27","","23","","16.1","","88.69","","","","","","NA"
"-114.01","51.12","CALGARY INTL A","3031092","2024-05-26 22:00","2024","05","26","22:00","","11.9","","-1.7","","39","","","","26","","14","","16.1","","88.73","","","","","","NA"
"-114.01","51.12","CALGARY INTL A","3031092","2024-05-26 23:00","2024","05","26","23:00","","11.6","","-1.8","","39","","","","27","","15","","16.1","","88.79","","","","","","Mostly Cloudy"
"-114.01","51.12","CALGARY INTL A","3031092","2024-05-27 00:00","2024","05","27","00:00","","9.1","","0.2","","54","","","","35","","10","","24.1","","88.89","","","","","","NA"
"-114.01","51.12","CALGARY INTL A","3031092","2024-05-27 01:00","2024","05","27","01:00","","7.5","","3.1","","73","","","","33","","10","","24.1","","88.92","","","","","","NA"
"-114.01","51.12","CALGARY INTL A","3031092","2024-05-27 02:00","2024","05","27","02:00","","8.1","","3.7","","73","","","","25","","7","","24.1","","88.95","","","","","","Mainly Clear"
"-114.01","51.12","CALGARY INTL A","3031092","2024-05-27 03:00","2024","05","27","03:00","","6.5","","2.4","","75","","","","14","","3","","24.1","","88.99","","","","","","NA"
"-114.01","51.12","CALGARY INTL A","3031092","2024-05-27 04:00","2024","05","27","04:00","","5.1","","2.4","","82","","","","","","0","","32.2","","89.02","","","","","","NA"
"-114.01","51.12","CALGARY INTL A","3031092","2024-05-27 05:00","2024","05","27","05:00","","4.2","","1.6","","83","","","","","","0","","64.4","","89.07","","","","","","Mainly Clear"
"-114.01","51.12","CALGARY INTL A","3031092","2024-05-27 06:00","2024","05","27","06:00","","6.5","","3.0","","78","","","","17","","7","","64.4","","89.09","","","","","","NA"
"-114.01","51.12","CALGARY INTL A","3031092","2024-05-27 07:00","2024","05","27","07:00","","10.3","","1.3","","53","","","","22","","8","","64.4","","89.12","","","","","","NA"
"-114.01","51.12","CALGARY INTL A","3031092","2024-05-27 08:00","2024","05","27","08:00","","13.4","","-1.1","","37","","","","28","","21","","64.4","","89.16","","","","","","Mostly Cloudy"
"-114.01","51.12","CALGARY INTL A","3031092","2024-05-27 09:00","2024","05","27","09:00","","14.8","","-0.6","","34","","","","25","","13","","64.4","","89.16","","","","","","NA"
"-114.01","51.12","CALGARY INTL A","3031092","2024-05-27 10:00","2024","05","27","10:00","","15.1","","-1.5","","32","","","","23","","12","","64.4","","89.16","","","","","","NA"
"-114.01","51.12","CALGARY INTL A","3031092","2024-05-27 11:00","2024","05","27","11:00","","15.9","","0.1","","34","","","","16","","12","","64.4","","89.15","","","","","","Mostly Cloudy"
"-114.01","51.12","CALGARY INTL A","3031092","2024-05-27 12:00","2024","05","27","12:00","","16.6","","1.3","","35","","","","18","","16","","64.4","","89.12","","","","","","NA"
"-114.01","51.12","CALGARY INTL A","3031092","2024-05-27 13:00","2024","05","27","13:00","","17.2","","1.2","","34","","","","21","","8","","64.4","","89.09","","","","","","NA"
"-114.01","51.12","CALGARY INTL A","3031092","2024-05-27 14:00","2024","05","27","14:00","","18.7","","1.8","","32","","","","19","","15","","64.4","","89.06","","","","","","Mostly Cloudy"
"-114.01","51.12","CALGARY INTL A","3031092","2024-05-27 15:00","2024","05","27","15:00","","19.2","","3.0","","34","","","","17","","11","","64.4","","89.02","","","","","","NA"
"-114.01","51.12","CALGARY INTL A","3031092","2024-05-27 16:00","2024","05","27","16:00","","19.9","","1.6","","29","","","","17","","10","","24.1","","88.99","","","","","","NA"
"-114.01","51.12","CALGARY INTL A","3031092","2024-05-27 17:00","2024","05","27","17:00","","20.4","","0.8","","27","","","","30","","6","","24.1","","88.98","","","","","","Mostly Cloudy"
"-114.01","51.12","CALGARY INTL A","3031092","2024-05-27 18:00","2024","05","27","18:00","","20.8","","-0.4","","24","","","","26","","9","","24.1","","89.00","","","","","","NA"
"-114.01","51.12","CALGARY INTL A","3031092","2024-05-27 19:00","2024","05","27","19:00","","18.8","","-0.4","","27","","","","29","","16","","32.2","","89.02","","","","","","NA"
"-114.01","51.12","CALGARY INTL A","3031092","2024-05-27 20:00","2024","05","27","20:00","","18.3","","-0.3","","28","","","","29","","21","","32.2","","89.04","","","","","","Mostly Cloudy"
"-114.01","51.12","CALGARY INTL A","3031092","2024-05-27 21:00","2024","05","27","21:00","","17.2","","-0.4","","30","","","","28","","20","","32.2","","89.07","","","","","","NA"
"-114.01","51.12","CALGARY INTL A","3031092","2024-05-27 22:00","2024","05","27","22:00","","16.3","","-0.2","","32","","","","27","","20","","24.1","","89.08","","","","","","NA"
"-114.01","51.12","CALGARY INTL A","3031092","2024-05-27 23:00","2024","05","27","23:00","","15.5","","-0.2","","34","","","","28","","12","","24.1","","89.09","","","","","","Mostly Cloudy"
"-114.01","51.12","CALGARY INTL A","3031092","2024-05-28 00:00","2024","05","28","00:00","","14.8","","-0.2","","36","","","","25","","9","","24.1","","89.10","","","","","","NA"
"-114.01","51.12","CALGARY INTL A","3031092","2024-05-28 01:00","2024","05","28","01:00","","14.5","","-0.2","","36","","","","28","","9","","24.1","","89.07","","","","","","NA"
"-114.01","51.12","CALGARY INTL A","3031092","2024-05-28 02:00","2024","05","28","02:00","","14.9","","-0.8","","34","","","","28","","16","","24.1","","89.06","","","","","","Mostly Cloudy"
"-114.01","51.12","CALGARY INTL A","3031092","2024-05-28 03:00","2024","05","28","03:00","","11.5","","1.2","","49","","","","20","","8","","24.1","","89.07","","","","","","NA"
"-114.01","51.12","CALGARY INTL A","3031092","2024-05-28 04:00","2024","05","28","04:00","","11.8","","1.4","","49","","","","36","","3","","24.1","","89.07","","","","","","NA"
"-114.01","51.12","CALGARY INTL A","3031092","2024-05-28 05:00","2024","05","28","05:00","","10.9","","2.3","","55","","","","16","","3","","64.4","","89.09","","","","","","Mostly Cloudy"
"-114.01","51.12","CALGARY INTL A","3031092","2024-05-28 06:00","2024","05","28","06:00","","10.7","","3.2","","60","","","","18","","10","","64.4","","89.10","","","","","","NA"
"-114.01","51.12","CALGARY INTL A","3031092","2024-05-28 07:00","2024","05","28","07:00","","12.2","","2.3","","51","","","","23","","9","","64.4","","89.10","","","","","","NA"
"-114.01","51.12","CALGARY INTL A","3031092","2024-05-28 08:00","2024","05","28","08:00","","12.9","","3.1","","51","","","","","","","M","64.4","","89.09","","","","","","Cloudy"
"-114.01","51.12","CALGARY INTL A","3031092","2024-05-28 09:00","2024","05","28","09:00","","14.2","","2.9","","46","","","","23","","8","","64.4","","89.05","","","","","","NA"
"-114.01","51.12","CALGARY INTL A","3031092","2024-05-28 10:00","2024","05","28","10:00","","16.2","","2.2","","39","","","","20","","5","","64.4","","88.99","","","","","","NA"
"-114.01","51.12","CALGARY INTL A","3031092","2024-05-28 11:00","2024","05","28","11:00","","18.5","","3.4","","36","","","","16","","13","","64.4","","88.92","","","","","","Mostly Cloudy"
"-114.01","51.12","CALGARY INTL A","3031092","2024-05-28 12:00","2024","05","28","12:00","","19.4","","4.6","","37","","","","18","","9","","64.4","","88.83","","","","","","NA"
"-114.01","51.12","CALGARY INTL A","3031092","2024-05-28 13:00","2024","05","28","13:00","","20.1","","2.3","","30","","","","14","","19","","64.4","","88.77","","","","","","NA"
"-114.01","51.12","CALGARY INTL A","3031092","2024-05-28 14:00","2024","05","28","14:00","","21.6","","3.2","","29","","","","19","","14","","64.4","","88.65","","","","","","Mostly Cloudy"
"-114.01","51.12","CALGARY INTL A","3031092","2024-05-28 15:00","2024","05","28","15:00","","22.5","","6.8","","36","","","","17","","28","","24.1","","88.53","","","","","","NA"
"-114.01","51.12","CALGARY INTL A","3031092","2024-05-28 16:00","2024","05","28","16:00","","20.8","","4.5","","34","","","","20","","37","","24.1","","88.49","","","","","","NA"
"-114.01","51.12","CALGARY INTL A","3031092","2024-05-28 17:00","2024","05","28","17:00","","19.7","","5.5","","39","","","","19","","33","","24.1","","88.40","","","","","","Mostly Cloudy"
"-114.01","51.12","CALGARY INTL A","3031092","2024-05-28 18:00","2024","05","28","18:00","","20.5","","5.2","","37","","","","19","","35","","24.1","","88.34","","","","","","NA"
"-114.01","51.12","CALGARY INTL A","3031092","2024-05-28 19:00","2024","05","28","19:00","","20.5","","3.9","","33","","","","20","","28","","24.1","","88.30","","","","","","NA"
"-114.01","51.12","CALGARY INTL A","3031092","2024-05-28 20:00","2024","05","28","20:00","","19.0","","4.4","","38","","","","19","","32","","24.1","","88.26","","","","","","Mostly Cloudy"
"-114.01","51.12","CALGARY INTL A","3031092","2024-05-28 21:00","2024","05","28","21:00","","18.2","","4.5","","40","","","","20","","28","","24.1","","88.23","","","","","","NA"
"-114.01","51.12","CALGARY INTL A","3031092","2024-05-28 22:00","2024","05","28","22:00","","15.7","","6.2","","53","","","","16","","20","","24.1","","88.16","","","","","","NA"
"-114.01","51.12","CALGARY INTL A","3031092","2024-05-28 23:00","2024","05","28","23:00","","15.0","","7.0","","58","","","","14","","17","","24.1","","88.12","","","","","","Mostly Cloudy"
"-114.01","51.12","CALGARY INTL A","3031092","2024-05-29 00:00","2024","05","29","00:00","","14.7","","4.2","","49","","","","19","","5","","24.1","","88.13","","","","","","NA"
"-114.01","51.12","CALGARY INTL A","3031092","2024-05-29 01:00","2024","05","29","01:00","","14.9","","3.1","","45","","","","36","","3","","24.1","","88.14","","","","","","NA"
"-114.01","51.12","CALGARY INTL A","3031092","2024-05-29 02:00","2024","05","29","02:00","","14.0","","3.1","","48","","","","27","","15","","24.1","","88.17","","","","","","Mainly Clear"
"-114.01","51.12","CALGARY INTL A","3031092","2024-05-29 03:00","2024","05","29","03:00","","13.0","","2.8","","50","","","","23","","13","","24.1","","88.18","","","","","","NA"
"-114.01","51.12","CALGARY INTL A","3031092","2024-05-29 04:00","2024","05","29","04:00","","12.6","","2.3","","49","","","","28","","22","","24.1","","88.19","","","","","","NA"
"-114.01","51.12","CALGARY INTL A","3031092","2024-05-29 05:00","2024","05","29","05:00","","12.2","","1.2","","47","","","","29","","9","","32.2","","88.25","","","","","","Mostly Cloudy"
"-114.01","51.12","CALGARY INTL A","3031092","2024-05-29 06:00","2024","05","29","06:00","","12.4","","-0.1","","42","","","","28","","19","","24.1","","88.32","","","","","","NA"
"-114.01","51.12","CALGARY INTL A","3031092","2024-05-29 07:00","2024","05","29","07:00","","11.9","","0.4","","45","","","","3","","5","","64.4","","88.38","","","","","","NA"
"-114.01","51.12","CALGARY INTL A","3031092","2024-05-29 08:00","2024","05","29","08:00","","12.9","","-1.2","","38","","","","32","","14","","64.4","","88.42","","","","","","Mostly Cloudy"
"-114.01","51.12","CALGARY INTL A","3031092","2024-05-29 09:00","2024","05","29","09:00","","13.9","","-4.0","","28","","","","28","","4","","64.4","","88.42","","","","","","NA"
"-114.01","51.12","CALGARY INTL A","3031092","2024-05-29 10:00","2024","05","29","10:00","","15.4","","-7.6","","20","","","","28","","32","","64.4","","88.42","","","","","","NA"
"-114.01","51.12","CALGARY INTL A","3031092","2024-05-29 11:00","2024","05","29","11:00","","16.4","","-10.1","","15","","","","27","","28","","64.4","","88.41","","","","","","Mostly Cloudy"
"-114.01","51.12","CALGARY INTL A","3031092","2024-05-29 12:00","2024","05","29","12:00","","16.4","","-8.2","","18","","","","27","","19","","64.4","","88.41","","","","","","NA"
"-114.01","51.12","CALGARY INTL A","3031092","2024-05-29 13:00","2024","05","29","13:00","","15.7","","-7.8","","19","","","","30","","28","","64.4","","88.42","","","","","","NA"
"-114.01","51.12","CALGARY INTL A","3031092","2024-05-29 14:00","2024","05","29","14:00","","16.6","","-9.0","","16","","","","29","","15","","64.4","","88.41","","","","","","Mostly Cloudy"
"-114.01","51.12","CALGARY INTL A","3031092","2024-05-29 15:00","2024","05","29","15:00","","17.0","","-9.3","","16","","","","28","","29","","64.4","","88.42","","","","","","NA"
"-114.01","51.12","CALGARY INTL A","3031092","2024-05-29 16:00","2024","05","29","16:00","","15.3","","-6.9","","21","","","","30","","26","","64.4","","88.44","","","","","","NA"
"-114.01","51.12","CALGARY INTL A","3031092","2024-05-29 17:00","2024","05","29","17:00","","15.6","","-7.9","","19","","","","27","","27","","24.1","","88.48","","","","","","Mainly Clear"
"-114.01","51.12","CALGARY INTL A","3031092","2024-05-29 18:00","2024","05","29","18:00","","14.2","","-7.7","","21","","","","27","","33","","24.1","","88.52","","","","","","NA"
"-114.01","51.12","CALGARY INTL A","3031092","2024-05-29 19:00","2024","05","29","19:00","","12.3","","-6.0","","27","","","","27","","31","","32.2","","88.56","","","","","","NA"
"-114.01","51.12","CALGARY INTL A","3031092","2024-05-29 20:00","2024","05","29","20:00","","10.1","","0.3","","51","","","","35","","47","","32.2","","88.69","","","","","","Mostly Cloudy"
"-114.01","51.12","CALGARY INTL A","3031092","2024-05-29 21:00","2024","05","29","21:00","","5.9","","2.5","","79","","","","1","","20","","32.2","","88.80","","","","","","Rain Showers"
"-114.01","51.12","CALGARY INTL A","3031092","2024-05-29 22:00","2024","05","29","22:00","","6.6","","2.1","","73","","","","2","","19","","24.1","","88.82","","","","","","NA"
"-114.01","51.12","CALGARY INTL A","3031092","2024-05-29 23:00","2024","05","29","23:00","","7.2","","1.7","","68","","","","8","","10","","24.1","","88.83","","","","","","Mostly Cloudy"
"-114.01","51.12","CALGARY INTL A","3031092","2024-05-30 00:00","2024","05","30","00:00","","7.7","","0.6","","61","","","","11","","7","","24.1","","88.84","","","","","","NA"
"-114.01","51.12","CALGARY INTL A","3031092","2024-05-30 01:00","2024","05","30","01:00","","8.1","","-2.3","","48","","","","","","0","","24.1","","88.83","","","","","","NA"
"-114.01","51.12","CALGARY INTL A","3031092","2024-05-30 02:00","2024","05","30","02:00","","8.5","","-3.5","","43","","","","32","","8","","24.1","","88.83","","","","","","Mostly Cloudy"
"-114.01","51.12","CALGARY INTL A","3031092","2024-05-30 03:00","2024","05","30","03:00","","4.1","","-2.5","","62","","","","1","","11","","24.1","","88.85","","","","","","NA"
"-114.01","51.12","CALGARY INTL A","3031092","2024-05-30 04:00","2024","05","30","04:00","","4.8","","-2.0","","61","","","","36","","8","","24.1","","88.88","","","","","","NA"
"-114.01","51.12","CALGARY INTL A","3031092","2024-05-30 05:00","2024","05","30","05:00","","4.8","","-0.8","","67","","","","36","","10","","48.3","","88.90","","","","","","Mostly Cloudy"
"-114.01","51.12","CALGARY INTL A","3031092","2024-05-30 06:00","2024","05","30","06:00","","6.3","","-0.1","","64","","","","33","","11","","48.3","","88.95","","","","","","NA"
"-114.01","51.12","CALGARY INTL A","3031092","2024-05-30 07:00","2024","05","30","07:00","","6.6","","0.7","","66","","","","35","","17","","48.3","","89.02","","","","","","Rain Showers"
"-114.01","51.12","CALGARY INTL A","3031092","2024-05-30 08:00","2024","05","30","08:00","","5.8","","1.1","","72","","","","33","","25","","32.2","","89.08","","","","","","Rain Showers"
"-114.01","51.12","CALGARY INTL A","3031092","2024-05-30 09:00","2024","05","30","09:00","","4.4","","2.2","","86","","","","24","","5","","14.5","","89.07","","","","","","NA"
"-114.01","51.12","CALGARY INTL A","3031092","2024-05-30 10:00","2024","05","30","10:00","","7.5","","0.8","","63","","","","33","","32","","64.4","","89.06","","","","","","Rain Showers"
"-114.01","51.12","CALGARY INTL A","3031092","2024-05-30 11:00","2024","05","30","11:00","","10.9","","1.3","","51","","","","29","","24","","48.3","","89.01","","","","","","Cloudy"
"-114.01","51.12","CALGARY INTL A","3031092","2024-05-30 12:00","2024","05","30","12:00","","12.8","","0.1","","41","","","","32","","27","","48.3","","88.98","","","","","","NA"
"-114.01","51.12","CALGARY INTL A","3031092","2024-05-30 13:00","2024","05","30","13:00","","12.5","","-0.9","","39","","","","32","","27","","32.2","","88.99","","","","","","NA"
"-114.01","51.12","CALGARY INTL A","3031092","2024-05-30 14:00","2024","05","30","14:00","","13.1","","-2.4","","34","","","","33","","19","","32.2","","88.98","","","","","","Cloudy"
"-114.01","51.12","CALGARY INTL A","3031092","2024-05-30 15:00","2024","05","30","15:00","","13.2","","-1.9","","35","","","","36","","17","","32.2","","88.97","","","","","","NA"
"-114.01","51.12","CALGARY INTL A","3031092","2024-05-30 16:00","2024","05","30","16:00","","13.5","","-1.9","","34","","","","29","","25","","32.2","","88.99","","","","","","NA"
"-114.01","51.12","CALGARY INTL A","3031092","2024-05-30 17:00","2024","05","30","17:00","","14.6","","-4.6","","26","","","","29","","24","","32.2","","88.93","","","","","","Cloudy"
"-114.01","51.12","CALGARY INTL A","3031092","2024-05-30 18:00","2024","05","30","18:00","","14.4","","-5.1","","26","","","","27","","15","","48.3","","88.89","","","","","","NA"
"-114.01","51.12","CALGARY INTL A","3031092","2024-05-30 19:00","2024","05","30","19:00","","13.7","","-5.4","","26","","","","28","","20","","32.2","","88.89","","","","","","NA"
"-114.01","51.12","CALGARY INTL A","3031092","2024-05-30 20:00","2024","05","30","20:00","","12.7","","-6.0","","26","","","","27","","13","","24.1","","88.89","","","","","","Mostly Cloudy"
"-114.01","51.12","CALGARY INTL A","3031092","2024-05-30 21:00","2024","05","30","21:00","","11.4","","-6.5","","28","","","","29","","8","","24.1","","88.95","","","","","","NA"
"-114.01","51.12","CALGARY INTL A","3031092","2024-05-30 22:00","2024","05","30","22:00","","10.2","","-6.0","","31","","","","29","","8","","24.1","","88.99","","","","","","NA"
"-114.01","51.12","CALGARY INTL A","3031092","2024-05-30 23:00","2024","05","30","23:00","","10.0","","-6.0","","32","","","","29","","10","","24.1","","89.03","","","","","","Mostly Cloudy"
"-114.01","51.12","CALGARY INTL A","3031092","2024-05-31 00:00","2024","05","31","00:00","","9.6","","-5.8","","33","","","","31","","14","","24.1","","89.02","","","","","","NA"
"-114.01","51.12","CALGARY INTL A","3031092","2024-05-31 01:00","2024","05","31","01:00","","8.6","","-5.8","","36","","","","2","","8","","24.1","","89.03","","","","","","NA"
"-114.01","51.12","CALGARY INTL A","3031092","2024-05-31 02:00","2024","05","31","02:00","","7.0","","-5.4","","41","","","","4","","10","","24.1","","89.04","","","","","","Mostly Cloudy"
"-114.01","51.12","CALGARY INTL A","3031092","2024-05-31 03:00","2024","05","31","03:00","","6.4","","-5.1","","44","","","","2","","23","","24.1","","89.11","","","","","","NA"
"-114.01","51.12","CALGARY INTL A","3031092","2024-05-31 04:00","2024","05","31","04:00","","4.8","","-5.1","","49","","","","2","","14","","32.2","","89.12","","","","","","NA"
"-114.01","51.12","CALGARY INTL A","3031092","2024-05-31 05:00","2024","05","31","05:00","","5.9","","-4.9","","46","","","","6","","11","","32.2","","89.10","","","","","","Mostly Cloudy"
"-114.01","51.12","CALGARY INTL A","3031092","2024-05-31 06:00","2024","05","31","06:00","","7.3","","-5.3","","40","","","","17","","9","","64.4","","89.11","","","","","","NA"
"-114.01","51.12","CALGARY INTL A","3031092","2024-05-31 07:00","2024","05","31","07:00","","8.4","","-6.3","","35","","","","29","","3","","64.4","","89.08","","","","","","NA"
"-114.01","51.12","CALGARY INTL A","3031092","2024-05-31 08:00","2024","05","31","08:00","","8.2","","-5.4","","38","","","","24","","8","","64.4","","89.06","","","","","","Mostly Cloudy"
"-114.01","51.12","CALGARY INTL A","3031092","2024-05-31 09:00","2024","05","31","09:00","","10.0","","-5.5","","33","","","","21","","13","","64.4","","88.99","","","","","","NA"
"-114.01","51.12","CALGARY INTL A","3031092","2024-05-31 10:00","2024","05","31","10:00","","11.7","","-8.6","","23","","","","33","","6","","64.4","","88.92","","","","","","NA"
"-114.01","51.12","CALGARY INTL A","3031092","2024-05-31 11:00","2024","05","31","11:00","","12.0","","-9.2","","22","","","","14","","3","","64.4","","88.88","","","","","","Mostly Cloudy"
"-114.01","51.12","CALGARY INTL A","3031092","2024-05-31 12:00","2024","05","31","12:00","","12.9","","-7.7","","23","","","","31","","21","","64.4","","88.86","","","","","","NA"
"-114.01","51.12","CALGARY INTL A","3031092","2024-05-31 13:00","2024","05","31","13:00","","9.3","","-1.7","","46","","","","33","","28","","48.3","","88.96","","","","","","Rain Showers"
"-114.01","51.12","CALGARY INTL A","3031092","2024-05-31 14:00","2024","05","31","14:00","","13.3","","-5.1","","27","","","","36","","14","","64.4","","88.91","","","","","","Mainly Clear"
"-114.01","51.12","CALGARY INTL A","3031092","2024-05-31 15:00","2024","05","31","15:00","","13.8","","-1.6","","34","","","","3","","19","","64.4","","88.88","","","","","","NA"
"-114.01","51.12","CALGARY INTL A","3031092","2024-05-31 16:00","2024","05","31","16:00","","14.6","","-4.8","","26","","","","","","0","","64.4","","88.83","","","","","","NA"
"-114.01","51.12","CALGARY INTL A","3031092","2024-05-31 17:00","2024","05","31","17:00","","15.7","","-4.7","","24","","","","1","","17","","64.4","","88.80","","","","","","Mainly Clear"
"-114.01","51.12","CALGARY INTL A","3031092","2024-05-31 18:00","2024","05","31","18:00","","14.6","","-6.0","","23","","","","1","","14","","48.3","","88.78","","","","","","NA"
"-114.01","51.12","CALGARY INTL A","3031092","2024-05-31 19:00","2024","05","31","19:00","","15.6","","-7.5","","20","","","","30","","15","","32.2","","88.77","","","","","","NA"
"-114.01","51.12","CALGARY INTL A","3031092","2024-05-31 20:00","2024","05","31","20:00","","14.2","","-7.8","","21","","","","28","","11","","32.2","","88.77","","","","","","Mainly Clear"
"-114.01","51.12","CALGARY INTL A","3031092","2024-05-31 21:00","2024","05","31","21:00","","12.4","","-6.9","","25","","","","26","","4","","24.1","","88.79","","","","","","NA"
"-114.01","51.12","CALGARY INTL A","3031092","2024-05-31 22:00","2024","05","31","22:00","","11.3","","-6.7","","28","","","","28","","9","","24.1","","88.81","","","","","","NA"
"-114.01","51.12","CALGARY INTL A","3031092","2024-05-31 23:00","2024","05","31","23:00","","10.7","","-6.5","","29","","","","30","","6","","24.1","","88.80","","","","","","Clear"
