"Longitude (x)","Latitude (y)","Station Name","Climate ID","Date/Time (LST)","Year","Month","Day","Time (LST)","Flag","Temp (°C)","Temp Flag","Dew Point Temp (°C)","Dew Point Temp Flag","Rel Hum (%)","Rel Hum Flag","Precip. Amount (mm)","Precip. Amount Flag","Wind Dir (10s deg)","Wind Dir Flag","Wind Spd (km/h)","Wind Spd Flag","Visibility (km)","Visibility Flag","Stn Press (kPa)","Stn Press Flag","Hmdx","Hmdx Flag","Wind Chill","Wind Chill Flag","Weather"
"-114.01","51.12","CALGARY INTL A","3031092","2024-08-01 00:00","2024","08","01","00:00","","16.2","","11.4","","73","","","","34","","14","","24.1","","89.32","","","","","","NA"
"-114.01","51.12","CALGARY INTL A","3031092","2024-08-01 01:00","2024","08","01","01:00","","14.9","","10.9","","77","","","","35","","10","","24.1","","89.39","","","","","","NA"
"-114.01","51.12","CALGARY INTL A","3031092","2024-08-01 02:00","2024","08","01","02:00","","15.0","","10.8","","76","","","","32","","5","","24.1","","89.44","","","","","","Clear"
"-114.01","51.12","CALGARY INTL A","3031092","2024-08-01 03:00","2024","08","01","03:00","","14.7","","9.9","","73","","","","","","0","","24.1","","89.50","","","","","","NA"
"-114.01","51.12","CALGARY INTL A","3031092","2024-08-01 04:00","2024","08","01","04:00","","15.1","","10.2","","72","","","","23","","7","","24.1","","89.55","","","","","","NA"
"-114.01","51.12","CALGARY INTL A","3031092","2024-08-01 05:00","2024","08","01","05:00","","13.8","","9.9","","77","","","","22","","5","","24.1","","89.59","","","","","","Mainly Clear"
"-114.01","51.12","CALGARY INTL A","3031092","2024-08-01 06:00","2024","08","01","06:00","","14.6","","10.7","","77","","","","20","","6","","24.1","","89.64","","","","","","NA"
"-114.01","51.12","CALGARY INTL A","3031092","2024-08-01 07:00","2024","08","01","07:00","","17.3","","10.0","","62","","","","18","","12","","32.2","","89.68","","","","","","NA"
"-114.01","51.12","CALGARY INTL A","3031092","2024-08-01 08:00","2024","08","01","08:00","","19.8","","8.2","","47","","","","16","","24","","32.2","","89.71","","","","","","Clear"
"-114.01","51.12","CALGARY INTL A","3031092","2024-08-01 09:00","2024","08","01","09:00","","21.1","","8.7","","45","","","","16","","21","","32.2","","89.68","","","","","","NA"
"-114.01","51.12","CALGARY INTL A","3031092","2024-08-01 10:00","2024","08","01","10:00","","22.1","","7.4","","38","","","","16","","34","","32.2","","89.63","","","","","","NA"
"-114.01","51.12","CALGARY INTL A","3031092","2024-08-01 11:00","2024","08","01","11:00","","24.0","","8.4","","37","","","","17","","31","","32.2","","89.56","","25","","","","Clear"
"-114.01","51.12","CALGARY INTL A","3031092","2024-08-01 12:00","2024","08","01","12:00","","26.1","","9.3","","34","","","","18","","26","","32.2","","89.50","","27","","","","NA"
"-114.01","51.12","CALGARY INTL A","3031092","2024-08-01 13:00","2024","08","01","13:00","","27.7","","8.9","","30","","","","15","","23","","32.2","","89.45","","28","","","","NA"
"-114.01","51.12","CALGARY INTL A","3031092","2024-08-01 14:00","2024","08","01","14:00","","28.3","","10.3","","32","","","","13","","23","","32.2","","89.40","","30","","","","Clear"
"-114.01","51.12","CALGARY INTL A","3031092","2024-08-01 15:00","2024","08","01","15:00","","30.1","","10.1","","28","","","","15","","21","","32.2","","89.34","","31","","","","NA"
"-114.01","51.12","CALGARY INTL A","3031092","2024-08-01 16:00","2024","08","01","16:00","","31.3","","10.5","","27","","","","13","","19","","32.2","","89.29","","33","","","","NA"
"-114.01","51.12","CALGARY INTL A","3031092","2024-08-01 17:00","2024","08","01","17:00","","30.9","","10.4","","28","","","","15","","31","","24.1","","89.25","","32","","","","Clear"
"-114.01","51.12","CALGARY INTL A","3031092","2024-08-01 18:00","2024","08","01","18:00","","30.5","","10.8","","29","","","","15","","23","","24.1","","89.23","","32","","","","NA"
"-114.01","51.12","CALGARY INTL A","3031092","2024-08-01 19:00","2024","08","01","19:00","","29.3","","10.4","","30","","","","15","","21","","24.1","","89.23","","31","","","","NA"
"-114.01","51.12","CALGARY INTL A","3031092","2024-08-01 20:00","2024","08","01","20:00","","27.2","","10.9","","36","","","","14","","22","","24.1","","89.25","","29","","","","Clear"
"-114.01","51.12","CALGARY INTL A","3031092","2024-08-01 21:00","2024","08","01","21:00","","24.1","","10.7","","42","","","","16","","16","","16.1","","89.32","","26","","","","NA"
"-114.01","51.12","CALGARY INTL A","3031092","2024-08-01 22:00","2024","08","01","22:00","","22.4","","10.6","","47","","","","18","","10","","16.1","","89.35","","","","","","NA"
"-114.01","51.12","CALGARY INTL A","3031092","2024-08-01 23:00","2024","08","01","23:00","","22.1","","10.8","","48","","","","20","","7","","16.1","","89.36","","","","","","Clear"
"-114.01","51.12","CALGARY INTL A","3031092","2024-08-02 00:00","2024","08","02","00:00","","20.3","","10.8","","54","","","","15","","3","","16.1","","89.37","","","","","","NA"
"-114.01","51.12","CALGARY INTL A","3031092","2024-08-02 01:00","2024","08","02","01:00","","18.5","","9.7","","56","","","","34","","10","","16.1","","89.42","","","","","","NA"
"-114.01","51.12","CALGARY INTL A","3031092","2024-08-02 02:00","2024","08","02","02:00","","19.5","","6.0","","41","","","","32","","5","","16.1","","89.45","","","","","","Clear"
"-114.01","51.12","CALGARY INTL A","3031092","2024-08-02 03:00","2024","08","02","03:00","","16.5","","5.9","","49","","","","7","","4","","16.1","","89.48","","","","","","NA"
"-114.01","51.12","CALGARY INTL A","3031092","2024-08-02 04:00","2024","08","02","04:00","","17.3","","5.2","","45","","","","","","0","","16.1","","89.53","","","","","","NA"
"-114.01","51.12","CALGARY INTL A","3031092","2024-08-02 05:00","2024","08","02","05:00","","16.0","","4.9","","47","","","","2","","4","","16.1","","89.58","","","","","","Mostly Cloudy"
"-114.01","51.12","CALGARY INTL A","3031092","2024-08-02 06:00","2024","08","02","06:00","","18.4","","6.4","","45","","","","34","","29","","16.1","","89.69","","","","","","NA"
"-114.01","51.12","CALGARY INTL A","3031092","2024-08-02 07:00","2024","08","02","07:00","","18.4","","11.3","","63","","","","34","","33","","14.5","","89.79","","","","","","NA"
"-114.01","51.12","CALGARY INTL A","3031092","2024-08-02 08:00","2024","08","02","08:00","","19.4","","11.7","","61","","","","35","","33","","24.1","","89.86","","","","","","Mainly Clear"
"-114.01","51.12","CALGARY INTL A","3031092","2024-08-02 09:00","2024","08","02","09:00","","20.6","","12.0","","57","","","","36","","28","","24.1","","89.91","","","","","","NA"
"-114.01","51.12","CALGARY INTL A","3031092","2024-08-02 10:00","2024","08","02","10:00","","22.0","","10.8","","48","","","","1","","25","","24.1","","89.95","","","","","","NA"
"-114.01","51.12","CALGARY INTL A","3031092","2024-08-02 11:00","2024","08","02","11:00","","23.2","","9.9","","43","","","","2","","18","","24.1","","89.92","","","","","","Mostly Cloudy"
"-114.01","51.12","CALGARY INTL A","3031092","2024-08-02 12:00","2024","08","02","12:00","","24.0","","10.2","","41","","","","3","","12","","32.2","","89.90","","25","","","","NA"
"-114.01","51.12","CALGARY INTL A","3031092","2024-08-02 13:00","2024","08","02","13:00","","25.3","","10.2","","38","","","","4","","6","","32.2","","89.88","","27","","","","NA"
"-114.01","51.12","CALGARY INTL A","3031092","2024-08-02 14:00","2024","08","02","14:00","","27.0","","9.1","","32","","","","9","","7","","32.2","","89.82","","28","","","","Mostly Cloudy"
"-114.01","51.12","CALGARY INTL A","3031092","2024-08-02 15:00","2024","08","02","15:00","","28.1","","9.4","","30","","","","14","","12","","24.1","","89.76","","29","","","","NA"
"-114.01","51.12","CALGARY INTL A","3031092","2024-08-02 16:00","2024","08","02","16:00","","27.9","","9.7","","31","","","","12","","14","","24.1","","89.70","","29","","","","NA"
"-114.01","51.12","CALGARY INTL A","3031092","2024-08-02 17:00","2024","08","02","17:00","","27.0","","9.2","","32","","","","12","","16","","24.1","","89.65","","28","","","","Mostly Cloudy"
"-114.01","51.12","CALGARY INTL A","3031092","2024-08-02 18:00","2024","08","02","18:00","","26.9","","10.1","","34","","","","15","","18","","24.1","","89.60","","28","","","","NA"
"-114.01","51.12","CALGARY INTL A","3031092","2024-08-02 19:00","2024","08","02","19:00","","25.9","","9.7","","36","","","","11","","15","","12.9","","89.59","","27","","","","Thunderstorms"
"-114.01","51.12","CALGARY INTL A","3031092","2024-08-02 20:00","2024","08","02","20:00","","23.9","","12.9","","50","","","","8","","7","","12.9","","89.61","","27","","","","Thunderstorms"
"-114.01","51.12","CALGARY INTL A","3031092","2024-08-02 21:00","2024","08","02","21:00","","20.2","","10.4","","53","","","","8","","12","","16.1","","89.66","","","","","","NA"
"-114.01","51.12","CALGARY INTL A","3031092","2024-08-02 22:00","2024","08","02","22:00","","19.7","","9.8","","52","","","","10","","14","","24.1","","89.63","","","","","","NA"
"-114.01","51.12","CALGARY INTL A","3031092","2024-08-02 23:00","2024","08","02","23:00","","18.9","","9.9","","56","","","","11","","4","","24.1","","89.64","","","","","","Mainly Clear"
"-114.01","51.12","CALGARY INTL A","3031092","2024-08-03 00:00","2024","08","03","00:00","","18.6","","10.1","","57","","","","","","0","","24.1","","89.66","","","","","","NA"
"-114.01","51.12","CALGARY INTL A","3031092","2024-08-03 01:00","2024","08","03","01:00","","17.6","","10.3","","62","","","","9","","6","","24.1","","89.63","","","","","","NA"
"-114.01","51.12","CALGARY INTL A","3031092","2024-08-03 02:00","2024","08","03","02:00","","17.0","","10.6","","66","","","","6","","3","","16.1","","89.61","","","","","","Mostly Cloudy"
"-114.01","51.12","CALGARY INTL A","3031092","2024-08-03 03:00","2024","08","03","03:00","","15.9","","11.0","","72","","","","18","","9","","16.1","","89.55","","","","","","NA"
"-114.01","51.12","CALGARY INTL A","3031092","2024-08-03 04:00","2024","08","03","04:00","","16.0","","10.9","","72","","","","12","","14","","16.1","","89.53","","","","","","NA"
"-114.01","51.12","CALGARY INTL A","3031092","2024-08-03 05:00","2024","08","03","05:00","","14.6","","8.7","","68","","","","9","","17","","16.1","","89.54","","","","","","Mostly Cloudy"
"-114.01","51.12","CALGARY INTL A","3031092","2024-08-03 06:00","2024","08","03","06:00","","14.5","","6.9","","60","","","","11","","17","","16.1","","89.49","","","","","","NA"
"-114.01","51.12","CALGARY INTL A","3031092","2024-08-03 07:00","2024","08","03","07:00","","15.5","","7.2","","57","","","","16","","9","","24.1","","89.47","","","","","","NA"
"-114.01","51.12","CALGARY INTL A","3031092","2024-08-03 08:00","2024","08","03","08:00","","17.1","","7.3","","52","","","","14","","12","","24.1","","89.43","","","","","","Mostly Cloudy"
"-114.01","51.12","CALGARY INTL A","3031092","2024-08-03 09:00","2024","08","03","09:00","","18.2","","8.9","","54","","","","16","","9","","24.1","","89.37","","","","","","NA"
"-114.01","51.12","CALGARY INTL A","3031092","2024-08-03 10:00","2024","08","03","10:00","","19.6","","10.0","","53","","","","17","","7","","24.1","","89.29","","","","","","NA"
"-114.01","51.12","CALGARY INTL A","3031092","2024-08-03 11:00","2024","08","03","11:00","","22.3","","11.3","","49","","","","17","","13","","24.1","","89.22","","","","","","Mostly Cloudy"
"-114.01","51.12","CALGARY INTL A","3031092","2024-08-03 12:00","2024","08","03","12:00","","23.7","","11.7","","46","","","","12","","5","","24.1","","89.17","","26","","","","NA"
"-114.01","51.12","CALGARY INTL A","3031092","2024-08-03 13:00","2024","08","03","13:00","","25.5","","11.7","","42","","","","11","","10","","24.1","","89.08","","28","","","","NA"
"-114.01","51.12","CALGARY INTL A","3031092","2024-08-03 14:00","2024","08","03","14:00","","27.1","","11.6","","38","","","","10","","15","","24.1","","89.01","","29","","","","Mainly Clear"
"-114.01","51.12","CALGARY INTL A","3031092","2024-08-03 15:00","2024","08","03","15:00","","26.5","","11.2","","38","","","","6","","15","","24.1","","88.99","","28","","","","NA"
"-114.01","51.12","CALGARY INTL A","3031092","2024-08-03 16:00","2024","08","03","16:00","","23.3","","12.2","","49","","","","35","","39","","24.1","","89.21","","26","","","","Thunderstorms"
"-114.01","51.12","CALGARY INTL A","3031092","2024-08-03 17:00","2024","08","03","17:00","","17.7","","13.6","","77","","","","35","","33","","14.5","","89.29","","","","","","Rain Showers"
"-114.01","51.12","CALGARY INTL A","3031092","2024-08-03 18:00","2024","08","03","18:00","","18.3","","12.6","","69","","","","34","","31","","24.1","","89.26","","","","","","NA"
"-114.01","51.12","CALGARY INTL A","3031092","2024-08-03 19:00","2024","08","03","19:00","","19.5","","11.8","","61","","","","28","","8","","12.9","","89.19","","","","","","NA"
"-114.01","51.12","CALGARY INTL A","3031092","2024-08-03 20:00","2024","08","03","20:00","","18.3","","12.0","","66","","","","30","","13","","12.9","","89.21","","","","","","Mainly Clear"
"-114.01","51.12","CALGARY INTL A","3031092","2024-08-03 21:00","2024","08","03","21:00","","16.8","","11.3","","69","","","","33","","5","","12.9","","89.29","","","","","","NA"
"-114.01","51.12","CALGARY INTL A","3031092","2024-08-03 22:00","2024","08","03","22:00","","16.6","","10.8","","69","","","","","","0","","16.1","","89.32","","","","","","NA"
"-114.01","51.12","CALGARY INTL A","3031092","2024-08-03 23:00","2024","08","03","23:00","","16.4","","12.1","","75","","","","24","","9","","16.1","","89.34","","","","","","Mainly Clear"
"-114.01","51.12","CALGARY INTL A","3031092","2024-08-04 00:00","2024","08","04","00:00","","15.3","","11.2","","76","","","","30","","7","","16.1","","89.35","","","","","","NA"
"-114.01","51.12","CALGARY INTL A","3031092","2024-08-04 01:00","2024","08","04","01:00","","14.4","","10.4","","77","","","","","","0","","16.1","","89.35","","","","","","NA"
"-114.01","51.12","CALGARY INTL A","3031092","2024-08-04 02:00","2024","08","04","02:00","","13.9","","10.7","","81","","","","10","","4","","16.1","","89.33","","","","","","Clear"
"-114.01","51.12","CALGARY INTL A","3031092","2024-08-04 03:00","2024","08","04","03:00","","14.2","","11.7","","85","","","","22","","9","","16.1","","89.33","","","","","","NA"
"-114.01","51.12","CALGARY INTL A","3031092","2024-08-04 04:00","2024","08","04","04:00","","14.2","","11.5","","84","","","","","","0","","16.1","","89.28","","","","","","NA"
"-114.01","51.12","CALGARY INTL A","3031092","2024-08-04 05:00","2024","08","04","05:00","","12.9","","10.4","","85","","","","33","","4","","12.9","","89.26","","","","","","Mostly Cloudy"
"-114.01","51.12","CALGARY INTL A","3031092","2024-08-04 06:00","2024","08","04","06:00","","12.3","","10.3","","88","","","","35","","7","","12.9","","89.27","","","","","","NA"
"-114.01","51.12","CALGARY INTL A","3031092","2024-08-04 07:00","2024","08","04","07:00","","14.1","","10.9","","81","","","","33","","3","","11.3","","89.29","","","","","","NA"
"-114.01","51.12","CALGARY INTL A","3031092","2024-08-04 08:00","2024","08","04","08:00","","17.1","","11.7","","70","","","","","","0","","9.7","","89.28","","","","","","Smoke"
"-114.01","51.12","CALGARY INTL A","3031092","2024-08-04 09:00","2024","08","04","09:00","","18.7","","12.2","","65","","","","20","","4","","8.1","","89.28","","","","","","Smoke"
"-114.01","51.12","CALGARY INTL A","3031092","2024-08-04 10:00","2024","08","04","10:00","","21.9","","11.6","","51","","","","18","","13","","9.7","","89.26","","","","","","Smoke"
"-114.01","51.12","CALGARY INTL A","3031092","2024-08-04 11:00","2024","08","04","11:00","","22.6","","11.8","","50","","","","17","","13","","9.7","","89.23","","25","","","","Smoke"
"-114.01","51.12","CALGARY INTL A","3031092","2024-08-04 12:00","2024","08","04","12:00","","25.4","","11.9","","42","","","","15","","17","","12.9","","89.17","","28","","","","NA"
"-114.01","51.12","CALGARY INTL A","3031092","2024-08-04 13:00","2024","08","04","13:00","","24.9","","10.1","","39","","","","16","","28","","12.9","","89.13","","26","","","","NA"
"-114.01","51.12","CALGARY INTL A","3031092","2024-08-04 14:00","2024","08","04","14:00","","24.6","","11.8","","44","","","","13","","27","","9.7","","89.14","","27","","","","Smoke"
"-114.01","51.12","CALGARY INTL A","3031092","2024-08-04 15:00","2024","08","04","15:00","","24.0","","10.9","","43","","","","17","","25","","12.9","","89.12","","26","","","","NA"
"-114.01","51.12","CALGARY INTL A","3031092","2024-08-04 16:00","2024","08","04","16:00","","23.9","","11.2","","44","","","","16","","25","","12.9","","89.14","","26","","","","NA"
"-114.01","51.12","CALGARY INTL A","3031092","2024-08-04 17:00","2024","08","04","17:00","","23.1","","10.8","","45","","","","17","","27","","12.9","","89.14","","25","","","","Cloudy"
"-114.01","51.12","CALGARY INTL A","3031092","2024-08-04 18:00","2024","08","04","18:00","","22.3","","11.0","","48","","","","18","","23","","12.9","","89.12","","","","","","NA"
"-114.01","51.12","CALGARY INTL A","3031092","2024-08-04 19:00","2024","08","04","19:00","","21.0","","9.8","","49","","","","19","","11","","12.9","","89.09","","","","","","NA"
"-114.01","51.12","CALGARY INTL A","3031092","2024-08-04 20:00","2024","08","04","20:00","","19.1","","11.3","","60","","","","17","","9","","12.9","","89.09","","","","","","Cloudy"
"-114.01","51.12","CALGARY INTL A","3031092","2024-08-04 21:00","2024","08","04","21:00","","19.2","","12.0","","63","","","","10","","3","","12.9","","89.16","","","","","","NA"
"-114.01","51.12","CALGARY INTL A","3031092","2024-08-04 22:00","2024","08","04","22:00","","17.6","","11.2","","66","","","","6","","6","","12.9","","89.15","","","","","","NA"
"-114.01","51.12","CALGARY INTL A","3031092","2024-08-04 23:00","2024","08","04","23:00","","18.0","","10.7","","62","","","","35","","10","","16.1","","89.25","","","","","","Cloudy"
"-114.01","51.12","CALGARY INTL A","3031092","2024-08-05 00:00","2024","08","05","00:00","","15.6","","13.7","","88","","","","35","","23","","12.9","","89.32","","","","","","Rain Showers"
"-114.01","51.12","CALGARY INTL A","3031092","2024-08-05 01:00","2024","08","05","01:00","","14.5","","12.7","","89","","","","34","","26","","16.1","","89.38","","","","","","NA"
"-114.01","51.12","CALGARY INTL A","3031092","2024-08-05 02:00","2024","08","05","02:00","","14.2","","11.7","","85","","","","33","","25","","16.1","","89.38","","","","","","Mostly Cloudy"
"-114.01","51.12","CALGARY INTL A","3031092","2024-08-05 03:00","2024","08","05","03:00","","13.9","","11.9","","88","","","","33","","16","","12.9","","89.36","","","","","","Rain Showers"
"-114.01","51.12","CALGARY INTL A","3031092","2024-08-05 04:00","2024","08","05","04:00","","13.6","","11.4","","87","","","","34","","12","","16.1","","89.39","","","","","","NA"
"-114.01","51.12","CALGARY INTL A","3031092","2024-08-05 05:00","2024","08","05","05:00","","13.2","","11.2","","88","","","","33","","7","","12.9","","89.44","","","","","","Mostly Cloudy"
"-114.01","51.12","CALGARY INTL A","3031092","2024-08-05 06:00","2024","08","05","06:00","","13.4","","11.2","","87","","","","29","","4","","16.1","","89.47","","","","","","NA"
"-114.01","51.12","CALGARY INTL A","3031092","2024-08-05 07:00","2024","08","05","07:00","","13.6","","11.2","","85","","","","33","","10","","12.9","","89.49","","","","","","NA"
"-114.01","51.12","CALGARY INTL A","3031092","2024-08-05 08:00","2024","08","05","08:00","","15.4","","12.1","","80","","","","34","","12","","12.9","","89.49","","","","","","Mainly Clear"
"-114.01","51.12","CALGARY INTL A","3031092","2024-08-05 09:00","2024","08","05","09:00","","16.4","","11.8","","74","","","","1","","14","","12.9","","89.51","","","","","","NA"
"-114.01","51.12","CALGARY INTL A","3031092","2024-08-05 10:00","2024","08","05","10:00","","17.8","","11.8","","67","","","","36","","18","","12.9","","89.56","","","","","","NA"
"-114.01","51.12","CALGARY INTL A","3031092","2024-08-05 11:00","2024","08","05","11:00","","18.8","","11.4","","62","","","","33","","16","","12.9","","89.53","","","","","","Mostly Cloudy"
"-114.01","51.12","CALGARY INTL A","3031092","2024-08-05 12:00","2024","08","05","12:00","","21.0","","10.8","","52","","","","14","","8","","14.5","","89.48","","","","","","NA"
"-114.01","51.12","CALGARY INTL A","3031092","2024-08-05 13:00","2024","08","05","13:00","","21.7","","11.0","","50","","","","32","","6","","11.3","","89.46","","","","","","NA"
"-114.01","51.12","CALGARY INTL A","3031092","2024-08-05 14:00","2024","08","05","14:00","","22.4","","10.9","","48","","","","10","","8","","11.3","","89.44","","","","","","Mainly Clear"
"-114.01","51.12","CALGARY INTL A","3031092","2024-08-05 15:00","2024","08","05","15:00","","22.7","","10.9","","47","","","","18","","9","","11.3","","89.43","","","","","","NA"
"-114.01","51.12","CALGARY INTL A","3031092","2024-08-05 16:00","2024","08","05","16:00","","22.9","","10.5","","45","","","","13","","5","","12.9","","89.41","","","","","","NA"
"-114.01","51.12","CALGARY INTL A","3031092","2024-08-05 17:00","2024","08","05","17:00","","23.0","","11.1","","46","","","","12","","16","","16.1","","89.33","","25","","","","Mostly Cloudy"
"-114.01","51.12","CALGARY INTL A","3031092","2024-08-05 18:00","2024","08","05","18:00","","21.6","","11.9","","54","","","","7","","29","","12.9","","89.26","","","","","","NA"
"-114.01","51.12","CALGARY INTL A","3031092","2024-08-05 19:00","2024","08","05","19:00","","20.7","","11.9","","57","","","","1","","8","","16.1","","89.23","","","","","","Thunderstorms"
"-114.01","51.12","CALGARY INTL A","3031092","2024-08-05 20:00","2024","08","05","20:00","","14.0","","12.6","","91","","","","1","","26","","8.1","","89.33","","","","","","Thunderstorms,Rain Showers,Fog"
"-114.01","51.12","CALGARY INTL A","3031092","2024-08-05 21:00","2024","08","05","21:00","","13.2","","12.5","","95","","","","36","","19","","4.8","","89.57","","","","","","Thunderstorms,Moderate Rain Showers,Fog"
"-114.01","51.12","CALGARY INTL A","3031092","2024-08-05 22:00","2024","08","05","22:00","","13.0","","12.2","","95","","","","8","","19","","8.1","","89.43","","","","","","Rain Showers,Fog"
"-114.01","51.12","CALGARY INTL A","3031092","2024-08-05 23:00","2024","08","05","23:00","","13.5","","12.0","","91","","","","29","","12","","19.3","","89.61","","","","","","Cloudy"
"-114.01","51.12","CALGARY INTL A","3031092","2024-08-06 00:00","2024","08","06","00:00","","13.0","","11.9","","93","","","","1","","20","","19.3","","89.46","","","","","","Rain Showers"
"-114.01","51.12","CALGARY INTL A","3031092","2024-08-06 01:00","2024","08","06","01:00","","13.2","","12.5","","95","","","","33","","12","","12.9","","89.56","","","","","","NA"
"-114.01","51.12","CALGARY INTL A","3031092","2024-08-06 02:00","2024","08","06","02:00","","13.5","","12.9","","96","","","","34","","10","","11.3","","89.55","","","","","","Cloudy"
"-114.01","51.12","CALGARY INTL A","3031092","2024-08-06 03:00","2024","08","06","03:00","","13.8","","13.2","","96","","","","30","","4","","9.7","","89.58","","","","","","Rain,Fog"
"-114.01","51.12","CALGARY INTL A","3031092","2024-08-06 04:00","2024","08","06","04:00","","13.5","","13.3","","98","","","","8","","6","","4.8","","89.60","","","","","","Rain,Fog"
"-114.01","51.12","CALGARY INTL A","3031092","2024-08-06 05:00","2024","08","06","05:00","","12.4","","12.0","","97","","","","6","","22","","4.8","","89.50","","","","","","Rain,Fog"
"-114.01","51.12","CALGARY INTL A","3031092","2024-08-06 06:00","2024","08","06","06:00","","12.6","","11.7","","94","","","","7","","9","","4.8","","89.57","","","","","","Fog"
"-114.01","51.12","CALGARY INTL A","3031092","2024-08-06 07:00","2024","08","06","07:00","","13.0","","11.9","","93","","","","7","","9","","8.1","","89.57","","","","","","Fog"
"-114.01","51.12","CALGARY INTL A","3031092","2024-08-06 08:00","2024","08","06","08:00","","13.6","","12.3","","92","","","","8","","4","","8.1","","89.58","","","","","","Fog"
"-114.01","51.12","CALGARY INTL A","3031092","2024-08-06 09:00","2024","08","06","09:00","","14.2","","12.2","","88","","","","6","","11","","8.1","","89.57","","","","","","Fog"
"-114.01","51.12","CALGARY INTL A","3031092","2024-08-06 10:00","2024","08","06","10:00","","14.0","","12.1","","88","","","","6","","9","","9.7","","89.60","","","","","","Smoke"
"-114.01","51.12","CALGARY INTL A","3031092","2024-08-06 11:00","2024","08","06","11:00","","13.8","","12.2","","90","","","","6","","16","","12.9","","89.63","","","","","","Cloudy"
"-114.01","51.12","CALGARY INTL A","3031092","2024-08-06 12:00","2024","08","06","12:00","","14.2","","12.1","","87","","","","6","","12","","9.7","","89.64","","","","","","Smoke"
"-114.01","51.12","CALGARY INTL A","3031092","2024-08-06 13:00","2024","08","06","13:00","","14.6","","11.6","","82","","","","5","","14","","9.7","","89.66","","","","","","Smoke"
"-114.01","51.12","CALGARY INTL A","3031092","2024-08-06 14:00","2024","08","06","14:00","","13.5","","11.4","","87","","","","2","","26","","8.1","","89.72","","","","","","Smoke"
"-114.01","51.12","CALGARY INTL A","3031092","2024-08-06 15:00","2024","08","06","15:00","","15.7","","11.8","","78","","","","3","","20","","8.1","","89.69","","","","","","Smoke"
"-114.01","51.12","CALGARY INTL A","3031092","2024-08-06 16:00","2024","08","06","16:00","","16.0","","11.0","","72","","","","2","","18","","11.3","","89.68","","","","","","NA"
"-114.01","51.12","CALGARY INTL A","3031092","2024-08-06 17:00","2024","08","06","17:00","","15.5","","10.9","","74","","","","3","","20","","16.1","","89.70","","","","","","Cloudy"
"-114.01","51.12","CALGARY INTL A","3031092","2024-08-06 18:00","2024","08","06","18:00","","15.6","","11.0","","74","","","","3","","17","","8.1","","89.69","","","","","","Smoke"
"-114.01","51.12","CALGARY INTL A","3031092","2024-08-06 19:00","2024","08","06","19:00","","14.8","","11.3","","79","","","","2","","17","","16.1","","89.73","","","","","","NA"
"-114.01","51.12","CALGARY INTL A","3031092","2024-08-06 20:00","2024","08","06","20:00","","14.3","","11.1","","81","","","","1","","17","","16.1","","89.77","","","","","","Mostly Cloudy"
"-114.01","51.12","CALGARY INTL A","3031092","2024-08-06 21:00","2024","08","06","21:00","","14.1","","10.9","","81","","","","5","","13","","16.1","","89.85","","","","","","NA"
"-114.01","51.12","CALGARY INTL A","3031092","2024-08-06 22:00","2024","08","06","22:00","","13.2","","12.0","","92","","","","36","","10","","9.7","","89.90","","","","","","Rain,Fog"
"-114.01","51.12","CALGARY INTL A","3031092","2024-08-06 23:00","2024","08","06","23:00","","13.0","","11.7","","91","","","","35","","17","","12.9","","89.91","","","","","","Mostly Cloudy"
"-114.01","51.12","CALGARY INTL A","3031092","2024-08-07 00:00","2024","08","07","00:00","","12.8","","11.3","","91","","","","35","","16","","11.3","","89.92","","","","","","NA"
"-114.01","51.12","CALGARY INTL A","3031092","2024-08-07 01:00","2024","08","07","01:00","","12.4","","11.7","","95","","","","35","","12","","9.7","","89.93","","","","","","Rain,Fog"
"-114.01","51.12","CALGARY INTL A","3031092","2024-08-07 02:00","2024","08","07","02:00","","12.2","","11.3","","94","","","","35","","16","","9.7","","89.93","","","","","","Fog"
"-114.01","51.12","CALGARY INTL A","3031092","2024-08-07 03:00","2024","08","07","03:00","","12.1","","11.4","","96","","","","36","","14","","8.1","","89.92","","","","","","Rain,Fog"
"-114.01","51.12","CALGARY INTL A","3031092","2024-08-07 04:00","2024","08","07","04:00","","12.1","","11.3","","95","","","","36","","10","","8.1","","89.92","","","","","","Fog"
"-114.01","51.12","CALGARY INTL A","3031092","2024-08-07 05:00","2024","08","07","05:00","","12.2","","11.2","","94","","","","35","","11","","4.8","","89.92","","","","","","Rain,Fog"
"-114.01","51.12","CALGARY INTL A","3031092","2024-08-07 06:00","2024","08","07","06:00","","11.8","","11.4","","97","","","","36","","13","","4.8","","89.95","","","","","","Rain,Fog"
"-114.01","51.12","CALGARY INTL A","3031092","2024-08-07 07:00","2024","08","07","07:00","","12.1","","11.4","","96","","","","36","","17","","4.8","","89.96","","","","","","Rain,Fog"
"-114.01","51.12","CALGARY INTL A","3031092","2024-08-07 08:00","2024","08","07","08:00","","12.5","","11.8","","95","","","","1","","16","","4.8","","89.98","","","","","","Rain,Fog"
"-114.01","51.12","CALGARY INTL A","3031092","2024-08-07 09:00","2024","08","07","09:00","","13.1","","11.3","","89","","","","1","","17","","4.8","","90.01","","","","","","Fog"
"-114.01","51.12","CALGARY INTL A","3031092","2024-08-07 10:00","2024","08","07","10:00","","13.2","","11.1","","87","","","","36","","16","","4.8","","90.03","","","","","","Fog"
"-114.01","51.12","CALGARY INTL A","3031092","2024-08-07 11:00","2024","08","07","11:00","","14.3","","11.1","","81","","","","1","","13","","6.4","","90.05","","","","","","Fog"
"-114.01","51.12","CALGARY INTL A","3031092","2024-08-07 12:00","2024","08","07","12:00","","15.7","","11.3","","75","","","","1","","12","","6.4","","90.04","","","","","","Smoke"
"-114.01","51.12","CALGARY INTL A","3031092","2024-08-07 13:00","2024","08","07","13:00","","14.2","","10.0","","76","","","","21","","16","","6.4","","90.05","","","","","","Smoke"
"-114.01","51.12","CALGARY INTL A","3031092","2024-08-07 14:00","2024","08","07","14:00","","16.0","","8.4","","61","","","","26","","16","","6.4","","90.05","","","","","","Smoke"
"-114.01","51.12","CALGARY INTL A","3031092","2024-08-07 15:00","2024","08","07","15:00","","16.4","","8.0","","57","","","","23","","12","","8.1","","90.03","","","","","","Rain,Smoke"
"-114.01","51.12","CALGARY INTL A","3031092","2024-08-07 16:00","2024","08","07","16:00","","16.9","","7.0","","52","","","","27","","10","","8.1","","89.99","","","","","","Smoke"
"-114.01","51.12","CALGARY INTL A","3031092","2024-08-07 17:00","2024","08","07","17:00","","17.6","","7.0","","50","","","","","","0","","8.1","","89.98","","","","","","Smoke"
"-114.01","51.12","CALGARY INTL A","3031092","2024-08-07 18:00","2024","08","07","18:00","","17.4","","6.4","","48","","","","16","","6","","9.7","","89.99","","","","","","Smoke"
"-114.01","51.12","CALGARY INTL A","3031092","2024-08-07 19:00","2024","08","07","19:00","","14.4","","9.2","","70","","","","9","","17","","11.3","","90.03","","","","","","NA"
"-114.01","51.12","CALGARY INTL A","3031092","2024-08-07 20:00","2024","08","07","20:00","","12.8","","9.3","","79","","","","9","","10","","12.9","","90.02","","","","","","Mostly Cloudy"
"-114.01","51.12","CALGARY INTL A","3031092","2024-08-07 21:00","2024","08","07","21:00","","12.8","","8.1","","73","","","","21","","6","","12.9","","90.03","","","","","","NA"
"-114.01","51.12","CALGARY INTL A","3031092","2024-08-07 22:00","2024","08","07","22:00","","13.0","","9.3","","78","","","","24","","3","","12.9","","90.06","","","","","","NA"
"-114.01","51.12","CALGARY INTL A","3031092","2024-08-07 23:00","2024","08","07","23:00","","13.0","","9.6","","80","","","","24","","5","","12.9","","90.05","","","","","","Mainly Clear"
"-114.01","51.12","CALGARY INTL A","3031092","2024-08-08 00:00","2024","08","08","00:00","","11.5","","9.1","","85","","","","","","0","","12.9","","90.08","","","","","","NA"
"-114.01","51.12","CALGARY INTL A","3031092","2024-08-08 01:00","2024","08","08","01:00","","10.6","","8.5","","87","","","","3","","3","","12.9","","90.05","","","","","","NA"
"-114.01","51.12","CALGARY INTL A","3031092","2024-08-08 02:00","2024","08","08","02:00","","9.9","","8.2","","89","","","","2","","5","","12.9","","90.04","","","","","","Clear"
"-114.01","51.12","CALGARY INTL A","3031092","2024-08-08 03:00","2024","08","08","03:00","","9.0","","7.5","","90","","","","32","","5","","12.9","","90.03","","","","","","NA"
"-114.01","51.12","CALGARY INTL A","3031092","2024-08-08 04:00","2024","08","08","04:00","","7.9","","6.5","","91","","","","3","","6","","12.9","","90.03","","","","","","NA"
"-114.01","51.12","CALGARY INTL A","3031092","2024-08-08 05:00","2024","08","08","05:00","","8.0","","6.7","","92","","","","34","","4","","12.9","","90.02","","","","","","Mainly Clear"
"-114.01","51.12","CALGARY INTL A","3031092","2024-08-08 06:00","2024","08","08","06:00","","8.0","","6.6","","91","","","","34","","7","","12.9","","90.03","","","","","","NA"
"-114.01","51.12","CALGARY INTL A","3031092","2024-08-08 07:00","2024","08","08","07:00","","9.8","","8.0","","88","","","","","","0","","8.1","","90.05","","","","","","Fog"
"-114.01","51.12","CALGARY INTL A","3031092","2024-08-08 08:00","2024","08","08","08:00","","12.3","","9.0","","80","","","","18","","4","","8.1","","90.09","","","","","","Fog"
"-114.01","51.12","CALGARY INTL A","3031092","2024-08-08 09:00","2024","08","08","09:00","","14.5","","9.6","","72","","","","18","","9","","8.1","","90.08","","","","","","Fog"
"-114.01","51.12","CALGARY INTL A","3031092","2024-08-08 10:00","2024","08","08","10:00","","16.6","","8.8","","59","","","","15","","14","","8.1","","90.09","","","","","","Smoke"
"-114.01","51.12","CALGARY INTL A","3031092","2024-08-08 11:00","2024","08","08","11:00","","18.3","","9.0","","54","","","","18","","14","","8.1","","90.07","","","","","","Fog"
"-114.01","51.12","CALGARY INTL A","3031092","2024-08-08 12:00","2024","08","08","12:00","","19.0","","8.1","","49","","","","16","","18","","14.5","","90.05","","","","","","NA"
"-114.01","51.12","CALGARY INTL A","3031092","2024-08-08 13:00","2024","08","08","13:00","","18.9","","7.7","","48","","","","15","","16","","16.1","","90.03","","","","","","NA"
"-114.01","51.12","CALGARY INTL A","3031092","2024-08-08 14:00","2024","08","08","14:00","","18.6","","8.6","","52","","","","11","","18","","24.1","","90.02","","","","","","Mostly Cloudy"
"-114.01","51.12","CALGARY INTL A","3031092","2024-08-08 15:00","2024","08","08","15:00","","19.0","","8.7","","51","","","","15","","16","","24.1","","89.98","","","","","","NA"
"-114.01","51.12","CALGARY INTL A","3031092","2024-08-08 16:00","2024","08","08","16:00","","21.2","","8.0","","42","","","","15","","20","","24.1","","89.94","","","","","","NA"
"-114.01","51.12","CALGARY INTL A","3031092","2024-08-08 17:00","2024","08","08","17:00","","20.8","","8.7","","45","","","","14","","11","","24.1","","89.92","","","","","","Mostly Cloudy"
"-114.01","51.12","CALGARY INTL A","3031092","2024-08-08 18:00","2024","08","08","18:00","","19.8","","7.8","","46","","","","14","","18","","24.1","","89.88","","","","","","NA"
"-114.01","51.12","CALGARY INTL A","3031092","2024-08-08 19:00","2024","08","08","19:00","","18.9","","7.7","","48","","","","13","","21","","24.1","","89.88","","","","","","NA"
"-114.01","51.12","CALGARY INTL A","3031092","2024-08-08 20:00","2024","08","08","20:00","","17.4","","7.8","","53","","","","14","","15","","24.1","","89.88","","","","","","Mainly Clear"
"-114.01","51.12","CALGARY INTL A","3031092","2024-08-08 21:00","2024","08","08","21:00","","16.2","","8.5","","60","","","","14","","17","","24.1","","89.93","","","","","","NA"
"-114.01","51.12","CALGARY INTL A","3031092","2024-08-08 22:00","2024","08","08","22:00","","15.3","","8.6","","64","","","","16","","14","","19.3","","89.94","","","","","","NA"
"-114.01","51.12","CALGARY INTL A","3031092","2024-08-08 23:00","2024","08","08","23:00","","13.7","","8.3","","70","","","","17","","16","","24.1","","89.94","","","","","","Mainly Clear"
"-114.01","51.12","CALGARY INTL A","3031092","2024-08-09 00:00","2024","08","09","00:00","","11.9","","8.1","","77","","","","17","","11","","24.1","","89.94","","","","","","NA"
"-114.01","51.12","CALGARY INTL A","3031092","2024-08-09 01:00","2024","08","09","01:00","","11.8","","7.7","","76","","","","18","","14","","24.1","","89.94","","","","","","NA"
"-114.01","51.12","CALGARY INTL A","3031092","2024-08-09 02:00","2024","08","09","02:00","","11.1","","7.1","","76","","","","17","","10","","24.1","","89.92","","","","","","Clear"
"-114.01","51.12","CALGARY INTL A","3031092","2024-08-09 03:00","2024","08","09","03:00","","10.8","","6.8","","76","","","","17","","10","","24.1","","89.89","","","","","","NA"
"-114.01","51.12","CALGARY INTL A","3031092","2024-08-09 04:00","2024","08","09","04:00","","10.4","","6.8","","78","","","","15","","8","","24.1","","89.86","","","","","","NA"
"-114.01","51.12","CALGARY INTL A","3031092","2024-08-09 05:00","2024","08","09","05:00","","11.7","","6.8","","72","","","","19","","5","","24.1","","89.85","","","","","","Mostly Cloudy"
"-114.01","51.12","CALGARY INTL A","3031092","2024-08-09 06:00","2024","08","09","06:00","","11.3","","6.6","","73","","","","17","","5","","19.3","","89.85","","","","","","NA"
"-114.01","51.12","CALGARY INTL A","3031092","2024-08-09 07:00","2024","08","09","07:00","","13.0","","7.5","","69","","","","18","","6","","14.5","","89.83","","","","","","NA"
"-114.01","51.12","CALGARY INTL A","3031092","2024-08-09 08:00","2024","08","09","08:00","","15.1","","5.9","","54","","","","15","","12","","14.5","","89.84","","","","","","Clear"
"-114.01","51.12","CALGARY INTL A","3031092","2024-08-09 09:00","2024","08","09","09:00","","17.0","","6.0","","48","","","","15","","14","","14.5","","89.81","","","","","","NA"
"-114.01","51.12","CALGARY INTL A","3031092","2024-08-09 10:00","2024","08","09","10:00","","18.6","","5.9","","43","","","","13","","23","","14.5","","89.80","","","","","","NA"
"-114.01","51.12","CALGARY INTL A","3031092","2024-08-09 11:00","2024","08","09","11:00","","19.7","","6.4","","41","","","","14","","21","","14.5","","89.77","","","","","","Clear"
"-114.01","51.12","CALGARY INTL A","3031092","2024-08-09 12:00","2024","08","09","12:00","","20.4","","7.8","","44","","","","19","","21","","14.5","","89.74","","","","","","NA"
"-114.01","51.12","CALGARY INTL A","3031092","2024-08-09 13:00","2024","08","09","13:00","","21.0","","7.8","","42","","","","14","","24","","24.1","","89.68","","","","","","NA"
"-114.01","51.12","CALGARY INTL A","3031092","2024-08-09 14:00","2024","08","09","14:00","","21.0","","7.5","","41","","","","16","","21","","24.1","","89.63","","","","","","Mostly Cloudy"
"-114.01","51.12","CALGARY INTL A","3031092","2024-08-09 15:00","2024","08","09","15:00","","22.6","","6.4","","35","","","","15","","24","","24.1","","89.62","","","","","","NA"
"-114.01","51.12","CALGARY INTL A","3031092","2024-08-09 16:00","2024","08","09","16:00","","21.7","","7.2","","39","","","","15","","18","","24.1","","89.57","","","","","","NA"
"-114.01","51.12","CALGARY INTL A","3031092","2024-08-09 17:00","2024","08","09","17:00","","22.5","","6.3","","35","","","","14","","23","","24.1","","89.54","","","","","","Mostly Cloudy"
"-114.01","51.12","CALGARY INTL A","3031092","2024-08-09 18:00","2024","08","09","18:00","","21.7","","6.6","","37","","","","14","","26","","24.1","","89.53","","","","","","NA"
"-114.01","51.12","CALGARY INTL A","3031092","2024-08-09 19:00","2024","08","09","19:00","","20.5","","6.8","","40","","","","15","","25","","24.1","","89.50","","","","","","NA"
"-114.01","51.12","CALGARY INTL A","3031092","2024-08-09 20:00","2024","08","09","20:00","","18.7","","7.8","","49","","","","15","","17","","24.1","","89.51","","","","","","Mainly Clear"
"-114.01","51.12","CALGARY INTL A","3031092","2024-08-09 21:00","2024","08","09","21:00","","17.6","","7.8","","52","","","","15","","19","","24.1","","89.53","","","","","","NA"
"-114.01","51.12","CALGARY INTL A","3031092","2024-08-09 22:00","2024","08","09","22:00","","16.1","","7.7","","57","","","","15","","18","","24.1","","89.51","","","","","","NA"
"-114.01","51.12","CALGARY INTL A","3031092","2024-08-09 23:00","2024","08","09","23:00","","14.3","","7.6","","64","","","","16","","14","","24.1","","89.52","","","","","","Clear"
"-114.01","51.12","CALGARY INTL A","3031092","2024-08-10 00:00","2024","08","10","00:00","","12.5","","7.4","","71","","","","18","","13","","24.1","","89.52","","","","","","NA"
"-114.01","51.12","CALGARY INTL A","3031092","2024-08-10 01:00","2024","08","10","01:00","","12.2","","7.2","","71","","","","17","","9","","24.1","","89.50","","","","","","NA"
"-114.01","51.12","CALGARY INTL A","3031092","2024-08-10 02:00","2024","08","10","02:00","","12.8","","7.1","","68","","","","17","","8","","24.1","","89.47","","","","","","Clear"
"-114.01","51.12","CALGARY INTL A","3031092","2024-08-10 03:00","2024","08","10","03:00","","12.2","","6.9","","70","","","","17","","8","","24.1","","89.44","","","","","","NA"
"-114.01","51.12","CALGARY INTL A","3031092","2024-08-10 04:00","2024","08","10","04:00","","12.2","","6.9","","70","","","","19","","6","","24.1","","89.42","","","","","","NA"
"-114.01","51.12","CALGARY INTL A","3031092","2024-08-10 05:00","2024","08","10","05:00","","11.7","","6.6","","71","","","","16","","6","","12.9","","89.41","","","","","","Clear"
"-114.01","51.12","CALGARY INTL A","3031092","2024-08-10 06:00","2024","08","10","06:00","","11.9","","7.0","","72","","","","21","","4","","16.1","","89.42","","","","","","NA"
"-114.01","51.12","CALGARY INTL A","3031092","2024-08-10 07:00","2024","08","10","07:00","","12.7","","8.1","","73","","","","18","","6","","14.5","","89.42","","","","","","NA"
"-114.01","51.12","CALGARY INTL A","3031092","2024-08-10 08:00","2024","08","10","08:00","","15.0","","7.8","","62","","","","19","","9","","14.5","","89.42","","","","","","Mostly Cloudy"
"-114.01","51.12","CALGARY INTL A","3031092","2024-08-10 09:00","2024","08","10","09:00","","17.1","","7.9","","54","","","","17","","9","","14.5","","89.41","","","","","","NA"
"-114.01","51.12","CALGARY INTL A","3031092","2024-08-10 10:00","2024","08","10","10:00","","18.6","","7.6","","48","","","","15","","25","","14.5","","89.39","","","","","","NA"
"-114.01","51.12","CALGARY INTL A","3031092","2024-08-10 11:00","2024","08","10","11:00","","20.8","","8.4","","44","","","","16","","22","","14.5","","89.38","","","","","","Mostly Cloudy"
"-114.01","51.12","CALGARY INTL A","3031092","2024-08-10 12:00","2024","08","10","12:00","","22.1","","7.5","","39","","","","16","","30","","14.5","","89.35","","","","","","NA"
"-114.01","51.12","CALGARY INTL A","3031092","2024-08-10 13:00","2024","08","10","13:00","","23.4","","7.0","","34","","","","15","","26","","24.1","","89.32","","","","","","NA"
"-114.01","51.12","CALGARY INTL A","3031092","2024-08-10 14:00","2024","08","10","14:00","","23.2","","5.9","","32","","","","14","","30","","16.1","","89.26","","","","","","Mostly Cloudy"
"-114.01","51.12","CALGARY INTL A","3031092","2024-08-10 15:00","2024","08","10","15:00","","23.3","","5.9","","32","","","","13","","23","","24.1","","89.24","","","","","","NA"
"-114.01","51.12","CALGARY INTL A","3031092","2024-08-10 16:00","2024","08","10","16:00","","22.7","","6.2","","34","","","","14","","23","","24.1","","89.23","","","","","","NA"
"-114.01","51.12","CALGARY INTL A","3031092","2024-08-10 17:00","2024","08","10","17:00","","21.9","","6.6","","37","","","","11","","18","","24.1","","89.21","","","","","","Mostly Cloudy"
"-114.01","51.12","CALGARY INTL A","3031092","2024-08-10 18:00","2024","08","10","18:00","","21.2","","6.2","","37","","","","11","","20","","24.1","","89.20","","","","","","NA"
"-114.01","51.12","CALGARY INTL A","3031092","2024-08-10 19:00","2024","08","10","19:00","","20.7","","6.0","","38","","","","11","","19","","24.1","","89.21","","","","","","NA"
"-114.01","51.12","CALGARY INTL A","3031092","2024-08-10 20:00","2024","08","10","20:00","","18.6","","6.5","","45","","","","11","","14","","16.1","","89.22","","","","","","Mostly Cloudy"
"-114.01","51.12","CALGARY INTL A","3031092","2024-08-10 21:00","2024","08","10","21:00","","17.2","","7.0","","51","","","","13","","12","","24.1","","89.22","","","","","","NA"
"-114.01","51.12","CALGARY INTL A","3031092","2024-08-10 22:00","2024","08","10","22:00","","16.7","","7.2","","53","","","","16","","9","","24.1","","89.25","","","","","","NA"
"-114.01","51.12","CALGARY INTL A","3031092","2024-08-10 23:00","2024","08","10","23:00","","16.5","","6.7","","52","","","","16","","7","","24.1","","89.22","","","","","","Mainly Clear"
"-114.01","51.12","CALGARY INTL A","3031092","2024-08-11 00:00","2024","08","11","00:00","","14.3","","8.0","","66","","","","34","","5","","24.1","","89.19","","","","","","NA"
"-114.01","51.12","CALGARY INTL A","3031092","2024-08-11 01:00","2024","08","11","01:00","","13.4","","7.3","","66","","","","33","","4","","24.1","","89.18","","","","","","NA"
"-114.01","51.12","CALGARY INTL A","3031092","2024-08-11 02:00","2024","08","11","02:00","","11.9","","7.6","","74","","","","22","","4","","24.1","","89.16","","","","","","Mainly Clear"
"-114.01","51.12","CALGARY INTL A","3031092","2024-08-11 03:00","2024","08","11","03:00","","10.7","","6.6","","76","","","","33","","5","","24.1","","89.15","","","","","","NA"
"-114.01","51.12","CALGARY INTL A","3031092","2024-08-11 04:00","2024","08","11","04:00","","10.7","","6.6","","76","","","","30","","3","","24.1","","89.16","","","","","","NA"
"-114.01","51.12","CALGARY INTL A","3031092","2024-08-11 05:00","2024","08","11","05:00","","9.9","","7.2","","83","","","","36","","5","","16.1","","89.16","","","","","","Mainly Clear"
"-114.01","51.12","CALGARY INTL A","3031092","2024-08-11 06:00","2024","08","11","06:00","","10.0","","7.5","","85","","","","34","","4","","16.1","","89.18","","","","","","NA"
"-114.01","51.12","CALGARY INTL A","3031092","2024-08-11 07:00","2024","08","11","07:00","","12.0","","8.6","","80","","","","1","","5","","12.9","","89.19","","","","","","NA"
"-114.01","51.12","CALGARY INTL A","3031092","2024-08-11 08:00","2024","08","11","08:00","","14.2","","9.2","","72","","","","","","0","","12.9","","89.20","","","","","","Mainly Clear"
"-114.01","51.12","CALGARY INTL A","3031092","2024-08-11 09:00","2024","08","11","09:00","","17.4","","9.7","","60","","","","5","","3","","12.9","","89.19","","","","","","NA"
"-114.01","51.12","CALGARY INTL A","3031092","2024-08-11 10:00","2024","08","11","10:00","","20.3","","9.6","","50","","","","11","","4","","12.9","","89.19","","","","","","NA"
"-114.01","51.12","CALGARY INTL A","3031092","2024-08-11 11:00","2024","08","11","11:00","","22.3","","8.8","","42","","","","16","","10","","12.9","","89.18","","","","","","Clear"
"-114.01","51.12","CALGARY INTL A","3031092","2024-08-11 12:00","2024","08","11","12:00","","23.2","","9.2","","40","","","","14","","11","","12.9","","89.16","","","","","","NA"
"-114.01","51.12","CALGARY INTL A","3031092","2024-08-11 13:00","2024","08","11","13:00","","23.9","","10.4","","42","","","","17","","17","","16.1","","89.10","","25","","","","NA"
"-114.01","51.12","CALGARY INTL A","3031092","2024-08-11 14:00","2024","08","11","14:00","","24.2","","9.6","","39","","","","16","","9","","16.1","","89.07","","25","","","","Mainly Clear"
"-114.01","51.12","CALGARY INTL A","3031092","2024-08-11 15:00","2024","08","11","15:00","","25.1","","8.3","","34","","","","11","","16","","16.1","","89.05","","26","","","","NA"
"-114.01","51.12","CALGARY INTL A","3031092","2024-08-11 16:00","2024","08","11","16:00","","25.3","","9.0","","35","","","","9","","18","","16.1","","89.01","","26","","","","NA"
"-114.01","51.12","CALGARY INTL A","3031092","2024-08-11 17:00","2024","08","11","17:00","","25.1","","7.5","","32","","","","10","","15","","16.1","","88.95","","25","","","","Mainly Clear"
"-114.01","51.12","CALGARY INTL A","3031092","2024-08-11 18:00","2024","08","11","18:00","","23.2","","6.4","","33","","","","15","","12","","24.1","","88.94","","","","","","NA"
"-114.01","51.12","CALGARY INTL A","3031092","2024-08-11 19:00","2024","08","11","19:00","","23.3","","6.1","","32","","","","15","","13","","16.1","","88.93","","","","","","NA"
"-114.01","51.12","CALGARY INTL A","3031092","2024-08-11 20:00","2024","08","11","20:00","","21.7","","5.4","","34","","","","13","","7","","16.1","","88.96","","","","","","Mostly Cloudy"
"-114.01","51.12","CALGARY INTL A","3031092","2024-08-11 21:00","2024","08","11","21:00","","20.1","","7.8","","45","","","","12","","5","","16.1","","88.96","","","","","","NA"
"-114.01","51.12","CALGARY INTL A","3031092","2024-08-11 22:00","2024","08","11","22:00","","19.7","","7.8","","46","","","","18","","5","","16.1","","88.95","","","","","","NA"
"-114.01","51.12","CALGARY INTL A","3031092","2024-08-11 23:00","2024","08","11","23:00","","17.6","","9.5","","59","","","","19","","9","","16.1","","88.93","","","","","","Mainly Clear"
"-114.01","51.12","CALGARY INTL A","3031092","2024-08-12 00:00","2024","08","12","00:00","","19.2","","8.2","","48","","","","24","","7","","16.1","","88.89","","","","","","NA"
"-114.01","51.12","CALGARY INTL A","3031092","2024-08-12 01:00","2024","08","12","01:00","","14.3","","9.0","","70","","","","2","","7","","24.1","","88.86","","","","","","NA"
"-114.01","51.12","CALGARY INTL A","3031092","2024-08-12 02:00","2024","08","12","02:00","","13.4","","9.1","","75","","","","31","","7","","16.1","","88.83","","","","","","Mainly Clear"
"-114.01","51.12","CALGARY INTL A","3031092","2024-08-12 03:00","2024","08","12","03:00","","12.9","","9.1","","78","","","","","","0","","16.1","","88.85","","","","","","NA"
"-114.01","51.12","CALGARY INTL A","3031092","2024-08-12 04:00","2024","08","12","04:00","","13.1","","8.7","","74","","","","27","","4","","16.1","","88.82","","","","","","NA"
"-114.01","51.12","CALGARY INTL A","3031092","2024-08-12 05:00","2024","08","12","05:00","","13.5","","8.8","","73","","","","24","","8","","16.1","","88.81","","","","","","Mostly Cloudy"
"-114.01","51.12","CALGARY INTL A","3031092","2024-08-12 06:00","2024","08","12","06:00","","12.4","","8.4","","77","","","","33","","4","","16.1","","88.82","","","","","","NA"
"-114.01","51.12","CALGARY INTL A","3031092","2024-08-12 07:00","2024","08","12","07:00","","13.4","","8.4","","71","","","","31","","4","","12.9","","88.81","","","","","","NA"
"-114.01","51.12","CALGARY INTL A","3031092","2024-08-12 08:00","2024","08","12","08:00","","18.6","","10.1","","57","","","","1","","5","","11.3","","88.78","","","","","","Mostly Cloudy"
"-114.01","51.12","CALGARY INTL A","3031092","2024-08-12 09:00","2024","08","12","09:00","","20.6","","10.0","","50","","","","17","","7","","12.9","","88.78","","","","","","NA"
"-114.01","51.12","CALGARY INTL A","3031092","2024-08-12 10:00","2024","08","12","10:00","","20.7","","10.1","","50","","","","22","","6","","11.3","","88.77","","","","","","NA"
"-114.01","51.12","CALGARY INTL A","3031092","2024-08-12 11:00","2024","08","12","11:00","","22.2","","9.0","","42","","","","8","","3","","11.3","","88.74","","","","","","Mostly Cloudy"
"-114.01","51.12","CALGARY INTL A","3031092","2024-08-12 12:00","2024","08","12","12:00","","24.1","","10.5","","42","","","","8","","10","","14.5","","88.66","","26","","","","NA"
"-114.01","51.12","CALGARY INTL A","3031092","2024-08-12 13:00","2024","08","12","13:00","","23.5","","9.6","","41","","","","9","","8","","12.9","","88.63","","25","","","","NA"
"-114.01","51.12","CALGARY INTL A","3031092","2024-08-12 14:00","2024","08","12","14:00","","23.9","","9.5","","39","","","","15","","11","","12.9","","88.58","","25","","","","Mostly Cloudy"
"-114.01","51.12","CALGARY INTL A","3031092","2024-08-12 15:00","2024","08","12","15:00","","24.0","","9.3","","39","","","","15","","10","","9.7","","88.52","","25","","","","Haze"
"-114.01","51.12","CALGARY INTL A","3031092","2024-08-12 16:00","2024","08","12","16:00","","23.2","","9.7","","42","","","","20","","13","","9.7","","88.54","","","","","","Haze"
"-114.01","51.12","CALGARY INTL A","3031092","2024-08-12 17:00","2024","08","12","17:00","","19.3","","11.3","","60","","","","29","","22","","12.9","","88.61","","","","","","Rain Showers"
"-114.01","51.12","CALGARY INTL A","3031092","2024-08-12 18:00","2024","08","12","18:00","","19.3","","12.1","","63","","","","22","","16","","24.1","","88.54","","","","","","NA"
"-114.01","51.12","CALGARY INTL A","3031092","2024-08-12 19:00","2024","08","12","19:00","","19.9","","10.2","","53","","","","28","","16","","24.1","","88.53","","","","","","NA"
"-114.01","51.12","CALGARY INTL A","3031092","2024-08-12 20:00","2024","08","12","20:00","","18.9","","8.6","","51","","","","3","","3","","24.1","","88.56","","","","","","Mostly Cloudy"
"-114.01","51.12","CALGARY INTL A","3031092","2024-08-12 21:00","2024","08","12","21:00","","18.2","","8.9","","54","","","","35","","9","","24.1","","88.59","","","","","","NA"
"-114.01","51.12","CALGARY INTL A","3031092","2024-08-12 22:00","2024","08","12","22:00","","17.7","","8.6","","55","","","","28","","3","","24.1","","88.58","","","","","","NA"
"-114.01","51.12","CALGARY INTL A","3031092","2024-08-12 23:00","2024","08","12","23:00","","15.3","","8.9","","65","","","","","","0","","24.1","","88.59","","","","","","Mainly Clear"
"-114.01","51.12","CALGARY INTL A","3031092","2024-08-13 00:00","2024","08","13","00:00","","13.8","","8.8","","72","","","","28","","5","","24.1","","88.58","","","","","","NA"
"-114.01","51.12","CALGARY INTL A","3031092","2024-08-13 01:00","2024","08","13","01:00","","11.9","","8.7","","81","","","","5","","10","","24.1","","88.58","","","","","","NA"
"-114.01","51.12","CALGARY INTL A","3031092","2024-08-13 02:00","2024","08","13","02:00","","13.0","","8.8","","75","","","","","","0","","24.1","","88.56","","","","","","Clear"
"-114.01","51.12","CALGARY INTL A","3031092","2024-08-13 03:00","2024","08","13","03:00","","13.1","","8.0","","71","","","","","","0","","24.1","","88.56","","","","","","NA"
"-114.01","51.12","CALGARY INTL A","3031092","2024-08-13 04:00","2024","08","13","04:00","","15.2","","8.2","","62","","","","26","","8","","24.1","","88.56","","","","","","NA"
"-114.01","51.12","CALGARY INTL A","3031092","2024-08-13 05:00","2024","08","13","05:00","","13.9","","8.2","","68","","","","27","","7","","24.1","","88.57","","","","","","Mainly Clear"
"-114.01","51.12","CALGARY INTL A","3031092","2024-08-13 06:00","2024","08","13","06:00","","11.3","","8.1","","80","","","","22","","4","","24.1","","88.58","","","","","","NA"
"-114.01","51.12","CALGARY INTL A","3031092","2024-08-13 07:00","2024","08","13","07:00","","15.2","","8.6","","65","","","","9","","3","","14.5","","88.61","","","","","","NA"
"-114.01","51.12","CALGARY INTL A","3031092","2024-08-13 08:00","2024","08","13","08:00","","17.7","","9.6","","58","","","","","","0","","12.9","","88.61","","","","","","Mainly Clear"
"-114.01","51.12","CALGARY INTL A","3031092","2024-08-13 09:00","2024","08","13","09:00","","19.6","","9.7","","52","","","","19","","6","","12.9","","88.63","","","","","","NA"
"-114.01","51.12","CALGARY INTL A","3031092","2024-08-13 10:00","2024","08","13","10:00","","21.9","","9.9","","46","","","","16","","6","","12.9","","88.64","","","","","","NA"
"-114.01","51.12","CALGARY INTL A","3031092","2024-08-13 11:00","2024","08","13","11:00","","23.6","","7.2","","35","","","","31","","14","","12.9","","88.65","","","","","","Mainly Clear"
"-114.01","51.12","CALGARY INTL A","3031092","2024-08-13 12:00","2024","08","13","12:00","","24.3","","8.0","","35","","","","32","","16","","12.9","","88.65","","25","","","","NA"
"-114.01","51.12","CALGARY INTL A","3031092","2024-08-13 13:00","2024","08","13","13:00","","23.9","","7.4","","34","","","","23","","4","","12.9","","88.63","","","","","","NA"
"-114.01","51.12","CALGARY INTL A","3031092","2024-08-13 14:00","2024","08","13","14:00","","24.0","","7.9","","35","","","","34","","17","","11.3","","88.64","","","","","","Mostly Cloudy"
"-114.01","51.12","CALGARY INTL A","3031092","2024-08-13 15:00","2024","08","13","15:00","","24.7","","8.2","","35","","","","5","","3","","11.3","","88.62","","25","","","","NA"
"-114.01","51.12","CALGARY INTL A","3031092","2024-08-13 16:00","2024","08","13","16:00","","25.4","","7.9","","32","","","","33","","8","","9.7","","88.64","","26","","","","Smoke"
"-114.01","51.12","CALGARY INTL A","3031092","2024-08-13 17:00","2024","08","13","17:00","","23.9","","7.7","","35","","","","9","","5","","8.1","","88.65","","","","","","Smoke"
"-114.01","51.12","CALGARY INTL A","3031092","2024-08-13 18:00","2024","08","13","18:00","","23.0","","10.6","","45","","","","30","","19","","14.5","","88.70","","25","","","","NA"
"-114.01","51.12","CALGARY INTL A","3031092","2024-08-13 19:00","2024","08","13","19:00","","20.2","","10.1","","52","","","","34","","16","","19.3","","88.74","","","","","","NA"
"-114.01","51.12","CALGARY INTL A","3031092","2024-08-13 20:00","2024","08","13","20:00","","20.9","","9.3","","47","","","","26","","7","","19.3","","88.76","","","","","","Mostly Cloudy"
"-114.01","51.12","CALGARY INTL A","3031092","2024-08-13 21:00","2024","08","13","21:00","","17.7","","8.9","","56","","","","36","","9","","19.3","","88.81","","","","","","NA"
"-114.01","51.12","CALGARY INTL A","3031092","2024-08-13 22:00","2024","08","13","22:00","","18.6","","10.0","","57","","","","23","","12","","19.3","","88.82","","","","","","NA"
"-114.01","51.12","CALGARY INTL A","3031092","2024-08-13 23:00","2024","08","13","23:00","","17.5","","10.4","","63","","","","24","","5","","19.3","","88.84","","","","","","Mainly Clear"
"-114.01","51.12","CALGARY INTL A","3031092","2024-08-14 00:00","2024","08","14","00:00","","15.1","","10.0","","71","","","","29","","3","","19.3","","88.86","","","","","","NA"
"-114.01","51.12","CALGARY INTL A","3031092","2024-08-14 01:00","2024","08","14","01:00","","14.6","","9.0","","69","","","","","","0","","19.3","","88.86","","","","","","NA"
"-114.01","51.12","CALGARY INTL A","3031092","2024-08-14 02:00","2024","08","14","02:00","","13.9","","8.8","","71","","","","32","","4","","19.3","","88.90","","","","","","Mainly Clear"
"-114.01","51.12","CALGARY INTL A","3031092","2024-08-14 03:00","2024","08","14","03:00","","14.7","","9.5","","71","","","","33","","10","","19.3","","88.93","","","","","","NA"
"-114.01","51.12","CALGARY INTL A","3031092","2024-08-14 04:00","2024","08","14","04:00","","13.5","","9.4","","76","","","","34","","9","","19.3","","88.96","","","","","","NA"
"-114.01","51.12","CALGARY INTL A","3031092","2024-08-14 05:00","2024","08","14","05:00","","13.5","","9.5","","76","","","","33","","13","","19.3","","89.00","","","","","","Mainly Clear"
"-114.01","51.12","CALGARY INTL A","3031092","2024-08-14 06:00","2024","08","14","06:00","","13.4","","9.4","","76","","","","34","","5","","16.1","","89.05","","","","","","NA"
"-114.01","51.12","CALGARY INTL A","3031092","2024-08-14 07:00","2024","08","14","07:00","","14.3","","9.8","","74","","","","33","","6","","9.7","","89.11","","","","","","Smoke"
"-114.01","51.12","CALGARY INTL A","3031092","2024-08-14 08:00","2024","08","14","08:00","","17.3","","10.7","","65","","","","35","","12","","9.7","","89.14","","","","","","Smoke"
"-114.01","51.12","CALGARY INTL A","3031092","2024-08-14 09:00","2024","08","14","09:00","","19.3","","11.1","","59","","","","34","","12","","9.7","","89.16","","","","","","Smoke"
"-114.01","51.12","CALGARY INTL A","3031092","2024-08-14 10:00","2024","08","14","10:00","","18.7","","10.9","","60","","","","34","","15","","14.5","","89.20","","","","","","NA"
"-114.01","51.12","CALGARY INTL A","3031092","2024-08-14 11:00","2024","08","14","11:00","","18.9","","11.3","","61","","","","1","","15","","9.7","","89.23","","","","","","Smoke"
"-114.01","51.12","CALGARY INTL A","3031092","2024-08-14 12:00","2024","08","14","12:00","","18.9","","11.7","","63","","","","33","","10","","9.7","","89.23","","","","","","Smoke"
"-114.01","51.12","CALGARY INTL A","3031092","2024-08-14 13:00","2024","08","14","13:00","","22.0","","10.7","","48","","","","7","","3","","8.1","","89.21","","","","","","Smoke"
"-114.01","51.12","CALGARY INTL A","3031092","2024-08-14 14:00","2024","08","14","14:00","","22.5","","10.5","","46","","","","32","","4","","9.7","","89.18","","","","","","Smoke"
"-114.01","51.12","CALGARY INTL A","3031092","2024-08-14 15:00","2024","08","14","15:00","","23.7","","11.7","","46","","","","36","","11","","9.7","","89.14","","26","","","","Smoke"
"-114.01","51.12","CALGARY INTL A","3031092","2024-08-14 16:00","2024","08","14","16:00","","23.7","","11.2","","45","","","","2","","7","","9.7","","89.14","","26","","","","Smoke"
"-114.01","51.12","CALGARY INTL A","3031092","2024-08-14 17:00","2024","08","14","17:00","","23.7","","10.6","","43","","","","20","","5","","9.7","","89.13","","25","","","","Smoke"
"-114.01","51.12","CALGARY INTL A","3031092","2024-08-14 18:00","2024","08","14","18:00","","23.8","","11.8","","47","","","","5","","4","","9.7","","89.13","","26","","","","Smoke"
"-114.01","51.12","CALGARY INTL A","3031092","2024-08-14 19:00","2024","08","14","19:00","","21.7","","11.6","","52","","","","11","","8","","9.7","","89.17","","","","","","Smoke"
"-114.01","51.12","CALGARY INTL A","3031092","2024-08-14 20:00","2024","08","14","20:00","","20.9","","10.8","","52","","","","11","","14","","9.7","","89.22","","","","","","Smoke"
"-114.01","51.12","CALGARY INTL A","3031092","2024-08-14 21:00","2024","08","14","21:00","","19.6","","11.0","","57","","","","15","","9","","24.1","","89.27","","","","","","NA"
"-114.01","51.12","CALGARY INTL A","3031092","2024-08-14 22:00","2024","08","14","22:00","","18.6","","11.0","","61","","","","10","","3","","9.7","","89.28","","","","","","Smoke"
"-114.01","51.12","CALGARY INTL A","3031092","2024-08-14 23:00","2024","08","14","23:00","","16.3","","11.2","","71","","","","35","","4","","9.7","","89.29","","","","","","Smoke"
"-114.01","51.12","CALGARY INTL A","3031092","2024-08-15 00:00","2024","08","15","00:00","","15.9","","11.1","","73","","","","34","","4","","8.1","","89.31","","","","","","Smoke"
"-114.01","51.12","CALGARY INTL A","3031092","2024-08-15 01:00","2024","08","15","01:00","","14.3","","10.7","","79","","","","35","","6","","8.1","","89.32","","","","","","Smoke"
"-114.01","51.12","CALGARY INTL A","3031092","2024-08-15 02:00","2024","08","15","02:00","","13.8","","10.3","","79","","","","36","","4","","8.1","","89.33","","","","","","Smoke"
"-114.01","51.12","CALGARY INTL A","3031092","2024-08-15 03:00","2024","08","15","03:00","","12.8","","10.2","","84","","","","35","","8","","9.7","","89.34","","","","","","Smoke"
"-114.01","51.12","CALGARY INTL A","3031092","2024-08-15 04:00","2024","08","15","04:00","","12.1","","9.6","","84","","","","34","","7","","9.7","","89.37","","","","","","Smoke"
"-114.01","51.12","CALGARY INTL A","3031092","2024-08-15 05:00","2024","08","15","05:00","","12.1","","9.5","","84","","","","1","","5","","9.7","","89.39","","","","","","Smoke"
"-114.01","51.12","CALGARY INTL A","3031092","2024-08-15 06:00","2024","08","15","06:00","","11.9","","9.4","","85","","","","33","","8","","9.7","","89.43","","","","","","Smoke"
"-114.01","51.12","CALGARY INTL A","3031092","2024-08-15 07:00","2024","08","15","07:00","","13.7","","10.1","","79","","","","33","","4","","9.7","","89.45","","","","","","Smoke"
"-114.01","51.12","CALGARY INTL A","3031092","2024-08-15 08:00","2024","08","15","08:00","","16.4","","11.3","","71","","","","12","","11","","6.4","","89.46","","","","","","Smoke"
"-114.01","51.12","CALGARY INTL A","3031092","2024-08-15 09:00","2024","08","15","09:00","","17.9","","12.7","","71","","","","16","","14","","2.8","","89.47","","","","","","Smoke"
"-114.01","51.12","CALGARY INTL A","3031092","2024-08-15 10:00","2024","08","15","10:00","","19.4","","12.3","","63","","","","17","","19","","2.4","","89.44","","","","","","Smoke"
"-114.01","51.12","CALGARY INTL A","3031092","2024-08-15 11:00","2024","08","15","11:00","","21.1","","12.6","","58","","","","18","","22","","4.0","","89.43","","","","","","Smoke"
"-114.01","51.12","CALGARY INTL A","3031092","2024-08-15 12:00","2024","08","15","12:00","","22.0","","13.3","","57","","","","17","","16","","4.0","","89.37","","25","","","","Smoke"
"-114.01","51.12","CALGARY INTL A","3031092","2024-08-15 13:00","2024","08","15","13:00","","23.8","","13.1","","51","","","","16","","26","","4.0","","89.29","","27","","","","Smoke"
"-114.01","51.12","CALGARY INTL A","3031092","2024-08-15 14:00","2024","08","15","14:00","","24.6","","12.2","","45","","","","14","","20","","4.0","","89.27","","27","","","","Smoke"
"-114.01","51.12","CALGARY INTL A","3031092","2024-08-15 15:00","2024","08","15","15:00","","25.2","","12.0","","43","","","","16","","22","","4.0","","89.21","","27","","","","Smoke"
"-114.01","51.12","CALGARY INTL A","3031092","2024-08-15 16:00","2024","08","15","16:00","","23.7","","12.1","","48","","","","14","","30","","4.0","","89.22","","26","","","","Smoke"
"-114.01","51.12","CALGARY INTL A","3031092","2024-08-15 17:00","2024","08","15","17:00","","23.6","","11.8","","47","","","","14","","22","","4.0","","89.16","","26","","","","Smoke"
"-114.01","51.12","CALGARY INTL A","3031092","2024-08-15 18:00","2024","08","15","18:00","","22.8","","12.0","","50","","","","14","","22","","6.4","","89.17","","25","","","","Smoke"
"-114.01","51.12","CALGARY INTL A","3031092","2024-08-15 19:00","2024","08","15","19:00","","21.4","","12.1","","55","","","","18","","12","","12.9","","89.15","","","","","","NA"
"-114.01","51.12","CALGARY INTL A","3031092","2024-08-15 20:00","2024","08","15","20:00","","19.7","","11.8","","60","","","","17","","9","","12.9","","89.15","","","","","","Mainly Clear"
"-114.01","51.12","CALGARY INTL A","3031092","2024-08-15 21:00","2024","08","15","21:00","","18.9","","12.2","","64","","","","19","","12","","12.9","","89.17","","","","","","NA"
"-114.01","51.12","CALGARY INTL A","3031092","2024-08-15 22:00","2024","08","15","22:00","","18.9","","12.1","","64","","","","15","","8","","12.9","","89.20","","","","","","NA"
"-114.01","51.12","CALGARY INTL A","3031092","2024-08-15 23:00","2024","08","15","23:00","","19.0","","12.2","","64","","","","15","","11","","12.9","","89.20","","","","","","Cloudy"
"-114.01","51.12","CALGARY INTL A","3031092","2024-08-16 00:00","2024","08","16","00:00","","17.9","","12.6","","71","","","","12","","13","","16.1","","89.20","","","","","","NA"
"-114.01","51.12","CALGARY INTL A","3031092","2024-08-16 01:00","2024","08","16","01:00","","17.8","","10.8","","63","","","","13","","22","","16.1","","89.22","","","","","","NA"
"-114.01","51.12","CALGARY INTL A","3031092","2024-08-16 02:00","2024","08","16","02:00","","17.0","","9.1","","59","","","","16","","28","","12.9","","89.19","","","","","","Mostly Cloudy"
"-114.01","51.12","CALGARY INTL A","3031092","2024-08-16 03:00","2024","08","16","03:00","","15.6","","11.1","","74","","","","16","","26","","12.9","","89.20","","","","","","NA"
"-114.01","51.12","CALGARY INTL A","3031092","2024-08-16 04:00","2024","08","16","04:00","","14.8","","12.4","","85","","","","21","","8","","12.9","","89.20","","","","","","NA"
"-114.01","51.12","CALGARY INTL A","3031092","2024-08-16 05:00","2024","08","16","05:00","","14.9","","12.2","","84","","","","1","","3","","11.3","","89.17","","","","","","Cloudy"
"-114.01","51.12","CALGARY INTL A","3031092","2024-08-16 06:00","2024","08","16","06:00","","15.0","","12.1","","83","","","","35","","8","","6.4","","89.20","","","","","","Smoke"
"-114.01","51.12","CALGARY INTL A","3031092","2024-08-16 07:00","2024","08","16","07:00","","15.1","","12.3","","83","","","","1","","6","","8.1","","89.25","","","","","","Smoke"
"-114.01","51.12","CALGARY INTL A","3031092","2024-08-16 08:00","2024","08","16","08:00","","14.6","","13.1","","90","","","","31","","9","","4.0","","89.25","","","","","","Rain,Smoke"
"-114.01","51.12","CALGARY INTL A","3031092","2024-08-16 09:00","2024","08","16","09:00","","15.1","","13.6","","91","","","","36","","11","","8.1","","89.23","","","","","","Smoke"
"-114.01","51.12","CALGARY INTL A","3031092","2024-08-16 10:00","2024","08","16","10:00","","15.8","","13.1","","84","","","","2","","15","","8.1","","89.24","","","","","","Smoke"
"-114.01","51.12","CALGARY INTL A","3031092","2024-08-16 11:00","2024","08","16","11:00","","16.6","","14.1","","85","","","","4","","10","","8.1","","89.24","","","","","","Smoke"
"-114.01","51.12","CALGARY INTL A","3031092","2024-08-16 12:00","2024","08","16","12:00","","17.1","","13.1","","77","","","","4","","11","","8.1","","89.21","","","","","","Smoke"
"-114.01","51.12","CALGARY INTL A","3031092","2024-08-16 13:00","2024","08","16","13:00","","16.8","","13.5","","81","","","","7","","14","","9.7","","89.22","","","","","","Smoke"
"-114.01","51.12","CALGARY INTL A","3031092","2024-08-16 14:00","2024","08","16","14:00","","17.2","","13.8","","80","","","","5","","12","","8.1","","89.17","","","","","","Smoke"
"-114.01","51.12","CALGARY INTL A","3031092","2024-08-16 15:00","2024","08","16","15:00","","17.6","","13.3","","76","","","","7","","6","","6.4","","89.13","","","","","","Rain,Smoke"
"-114.01","51.12","CALGARY INTL A","3031092","2024-08-16 16:00","2024","08","16","16:00","","16.7","","13.3","","80","","","","8","","7","","6.4","","89.11","","","","","","Rain,Smoke"
"-114.01","51.12","CALGARY INTL A","3031092","2024-08-16 17:00","2024","08","16","17:00","","17.1","","13.8","","80","","","","16","","5","","6.4","","89.12","","","","","","Smoke"
"-114.01","51.12","CALGARY INTL A","3031092","2024-08-16 18:00","2024","08","16","18:00","","16.9","","13.5","","80","","","","12","","9","","4.0","","89.10","","","","","","Smoke"
"-114.01","51.12","CALGARY INTL A","3031092","2024-08-16 19:00","2024","08","16","19:00","","16.2","","14.1","","87","","","","6","","12","","8.1","","89.09","","","","","","Rain,Smoke"
"-114.01","51.12","CALGARY INTL A","3031092","2024-08-16 20:00","2024","08","16","20:00","","15.0","","12.9","","87","","","","17","","8","","6.4","","89.09","","","","","","Smoke"
"-114.01","51.12","CALGARY INTL A","3031092","2024-08-16 21:00","2024","08","16","21:00","","14.8","","13.4","","91","","","","18","","6","","6.4","","89.10","","","","","","Smoke"
"-114.01","51.12","CALGARY INTL A","3031092","2024-08-16 22:00","2024","08","16","22:00","","14.8","","13.9","","94","","","","19","","4","","4.8","","89.07","","","","","","Smoke"
"-114.01","51.12","CALGARY INTL A","3031092","2024-08-16 23:00","2024","08","16","23:00","","15.0","","13.9","","93","","","","29","","5","","4.8","","89.06","","","","","","Smoke"
"-114.01","51.12","CALGARY INTL A","3031092","2024-08-17 00:00","2024","08","17","00:00","","14.4","","13.6","","95","","","","34","","5","","4.8","","89.07","","","","","","Smoke"
"-114.01","51.12","CALGARY INTL A","3031092","2024-08-17 01:00","2024","08","17","01:00","","13.7","","12.9","","95","","","","1","","5","","4.0","","89.03","","","","","","Smoke"
"-114.01","51.12","CALGARY INTL A","3031092","2024-08-17 02:00","2024","08","17","02:00","","13.7","","12.8","","94","","","","33","","4","","4.0","","89.03","","","","","","Smoke"
"-114.01","51.12","CALGARY INTL A","3031092","2024-08-17 03:00","2024","08","17","03:00","","13.5","","12.6","","94","","","","35","","5","","4.0","","89.02","","","","","","Smoke"
"-114.01","51.12","CALGARY INTL A","3031092","2024-08-17 04:00","2024","08","17","04:00","","13.7","","12.4","","92","","","","28","","7","","3.2","","89.02","","","","","","Smoke"
"-114.01","51.12","CALGARY INTL A","3031092","2024-08-17 05:00","2024","08","17","05:00","","13.7","","13.0","","96","","","","","","0","","3.2","","89.04","","","","","","Smoke"
"-114.01","51.12","CALGARY INTL A","3031092","2024-08-17 06:00","2024","08","17","06:00","","13.9","","12.6","","92","","","","30","","3","","3.2","","89.04","","","","","","Fog,Smoke"
"-114.01","51.12","CALGARY INTL A","3031092","2024-08-17 07:00","2024","08","17","07:00","","14.6","","13.2","","91","","","","34","","6","","6.4","","89.03","","","","","","Fog"
"-114.01","51.12","CALGARY INTL A","3031092","2024-08-17 08:00","2024","08","17","08:00","","15.7","","13.3","","85","","","","34","","13","","8.1","","89.06","","","","","","Fog"
"-114.01","51.12","CALGARY INTL A","3031092","2024-08-17 09:00","2024","08","17","09:00","","16.7","","12.9","","78","","","","34","","12","","9.7","","89.04","","","","","","Fog"
"-114.01","51.12","CALGARY INTL A","3031092","2024-08-17 10:00","2024","08","17","10:00","","18.5","","12.3","","67","","","","33","","9","","14.5","","89.08","","","","","","NA"
"-114.01","51.12","CALGARY INTL A","3031092","2024-08-17 11:00","2024","08","17","11:00","","20.0","","12.9","","63","","","","","","0","","14.5","","89.06","","","","","","Mostly Cloudy"
"-114.01","51.12","CALGARY INTL A","3031092","2024-08-17 12:00","2024","08","17","12:00","","19.2","","13.1","","68","","","","36","","5","","14.5","","89.07","","","","","","Rain Showers"
"-114.01","51.12","CALGARY INTL A","3031092","2024-08-17 13:00","2024","08","17","13:00","","19.8","","13.1","","65","","","","","","0","","14.5","","89.05","","","","","","Rain Showers"
"-114.01","51.12","CALGARY INTL A","3031092","2024-08-17 14:00","2024","08","17","14:00","","21.6","","13.1","","58","","","","9","","9","","14.5","","89.04","","","","","","Mostly Cloudy"
"-114.01","51.12","CALGARY INTL A","3031092","2024-08-17 15:00","2024","08","17","15:00","","20.7","","12.7","","60","","","","4","","9","","24.1","","89.01","","","","","","NA"
"-114.01","51.12","CALGARY INTL A","3031092","2024-08-17 16:00","2024","08","17","16:00","","20.8","","12.1","","57","","","","","","0","","24.1","","89.02","","","","","","NA"
"-114.01","51.12","CALGARY INTL A","3031092","2024-08-17 17:00","2024","08","17","17:00","","22.0","","12.4","","54","","","","11","","8","","14.5","","89.00","","","","","","Mostly Cloudy"
"-114.01","51.12","CALGARY INTL A","3031092","2024-08-17 18:00","2024","08","17","18:00","","20.3","","12.7","","61","","","","7","","14","","24.1","","89.01","","","","","","NA"
"-114.01","51.12","CALGARY INTL A","3031092","2024-08-17 19:00","2024","08","17","19:00","","19.2","","12.8","","66","","","","5","","16","","16.1","","89.05","","","","","","NA"
"-114.01","51.12","CALGARY INTL A","3031092","2024-08-17 20:00","2024","08","17","20:00","","17.3","","12.6","","74","","","","5","","10","","16.1","","89.09","","","","","","Mainly Clear"
"-114.01","51.12","CALGARY INTL A","3031092","2024-08-17 21:00","2024","08","17","21:00","","16.3","","12.2","","76","","","","","","0","","16.1","","89.14","","","","","","NA"
"-114.01","51.12","CALGARY INTL A","3031092","2024-08-17 22:00","2024","08","17","22:00","","15.7","","11.9","","78","","","","35","","10","","16.1","","89.15","","","","","","NA"
"-114.01","51.12","CALGARY INTL A","3031092","2024-08-17 23:00","2024","08","17","23:00","","14.3","","11.6","","84","","","","35","","9","","16.1","","89.18","","","","","","Mainly Clear"
"-114.01","51.12","CALGARY INTL A","3031092","2024-08-18 00:00","2024","08","18","00:00","","14.0","","11.3","","84","","","","36","","7","","16.1","","89.21","","","","","","NA"
"-114.01","51.12","CALGARY INTL A","3031092","2024-08-18 01:00","2024","08","18","01:00","","12.3","","10.8","","90","","","","35","","8","","16.1","","89.13","","","","","","NA"
"-114.01","51.12","CALGARY INTL A","3031092","2024-08-18 02:00","2024","08","18","02:00","","12.3","","10.9","","91","","","","35","","6","","16.1","","89.14","","","","","","Clear"
"-114.01","51.12","CALGARY INTL A","3031092","2024-08-18 03:00","2024","08","18","03:00","","12.6","","11.0","","90","","","","33","","3","","16.1","","89.19","","","","","","NA"
"-114.01","51.12","CALGARY INTL A","3031092","2024-08-18 04:00","2024","08","18","04:00","","10.7","","9.7","","93","","","","2","","9","","16.1","","89.20","","","","","","NA"
"-114.01","51.12","CALGARY INTL A","3031092","2024-08-18 05:00","2024","08","18","05:00","","11.0","","9.9","","93","","","","36","","3","","12.9","","89.19","","","","","","Mostly Cloudy"
"-114.01","51.12","CALGARY INTL A","3031092","2024-08-18 06:00","2024","08","18","06:00","","11.0","","9.9","","93","","","","35","","7","","12.9","","89.21","","","","","","NA"
"-114.01","51.12","CALGARY INTL A","3031092","2024-08-18 07:00","2024","08","18","07:00","","12.3","","10.9","","91","","","","36","","9","","6.4","","89.21","","","","","","Fog"
"-114.01","51.12","CALGARY INTL A","3031092","2024-08-18 08:00","2024","08","18","08:00","","14.7","","12.7","","88","","","","3","","4","","6.4","","89.25","","","","","","Fog"
"-114.01","51.12","CALGARY INTL A","3031092","2024-08-18 09:00","2024","08","18","09:00","","17.8","","13.9","","78","","","","14","","4","","6.4","","89.27","","","","","","Haze"
"-114.01","51.12","CALGARY INTL A","3031092","2024-08-18 10:00","2024","08","18","10:00","","19.6","","13.4","","67","","","","13","","13","","6.4","","89.30","","","","","","Haze"
"-114.01","51.12","CALGARY INTL A","3031092","2024-08-18 11:00","2024","08","18","11:00","","20.6","","14.0","","66","","","","17","","17","","8.1","","89.31","","","","","","Haze"
"-114.01","51.12","CALGARY INTL A","3031092","2024-08-18 12:00","2024","08","18","12:00","","22.3","","13.2","","56","","","","12","","22","","8.1","","89.26","","25","","","","Haze"
"-114.01","51.12","CALGARY INTL A","3031092","2024-08-18 13:00","2024","08","18","13:00","","23.8","","13.3","","51","","","","13","","25","","9.7","","89.20","","27","","","","Haze"
"-114.01","51.12","CALGARY INTL A","3031092","2024-08-18 14:00","2024","08","18","14:00","","25.2","","12.6","","45","","","","14","","26","","9.7","","89.16","","28","","","","Haze"
"-114.01","51.12","CALGARY INTL A","3031092","2024-08-18 15:00","2024","08","18","15:00","","25.9","","12.3","","42","","","","18","","21","","11.3","","89.13","","28","","","","NA"
"-114.01","51.12","CALGARY INTL A","3031092","2024-08-18 16:00","2024","08","18","16:00","","26.7","","12.0","","39","","","","16","","21","","11.3","","89.11","","29","","","","NA"
"-114.01","51.12","CALGARY INTL A","3031092","2024-08-18 17:00","2024","08","18","17:00","","26.1","","11.7","","40","","","","14","","20","","11.3","","89.11","","28","","","","Clear"
"-114.01","51.12","CALGARY INTL A","3031092","2024-08-18 18:00","2024","08","18","18:00","","25.4","","12.1","","43","","","","12","","25","","12.9","","89.10","","28","","","","NA"
"-114.01","51.12","CALGARY INTL A","3031092","2024-08-18 19:00","2024","08","18","19:00","","24.0","","12.5","","48","","","","13","","15","","24.1","","89.10","","27","","","","NA"
"-114.01","51.12","CALGARY INTL A","3031092","2024-08-18 20:00","2024","08","18","20:00","","22.4","","12.4","","53","","","","13","","14","","16.1","","89.11","","25","","","","Mainly Clear"
"-114.01","51.12","CALGARY INTL A","3031092","2024-08-18 21:00","2024","08","18","21:00","","21.3","","12.2","","56","","","","13","","14","","16.1","","89.12","","","","","","NA"
"-114.01","51.12","CALGARY INTL A","3031092","2024-08-18 22:00","2024","08","18","22:00","","19.2","","12.1","","63","","","","13","","10","","16.1","","89.10","","","","","","NA"
"-114.01","51.12","CALGARY INTL A","3031092","2024-08-18 23:00","2024","08","18","23:00","","19.2","","11.9","","62","","","","16","","10","","16.1","","89.06","","","","","","Clear"
"-114.01","51.12","CALGARY INTL A","3031092","2024-08-19 00:00","2024","08","19","00:00","","17.8","","11.9","","68","","","","13","","8","","24.1","","89.07","","","","","","NA"
"-114.01","51.12","CALGARY INTL A","3031092","2024-08-19 01:00","2024","08","19","01:00","","14.7","","11.7","","82","","","","5","","8","","24.1","","89.05","","","","","","NA"
"-114.01","51.12","CALGARY INTL A","3031092","2024-08-19 02:00","2024","08","19","02:00","","15.4","","11.4","","77","","","","","","0","","24.1","","89.03","","","","","","Clear"
"-114.01","51.12","CALGARY INTL A","3031092","2024-08-19 03:00","2024","08","19","03:00","","16.1","","11.7","","75","","","","23","","6","","24.1","","89.01","","","","","","NA"
"-114.01","51.12","CALGARY INTL A","3031092","2024-08-19 04:00","2024","08","19","04:00","","15.1","","11.8","","80","","","","22","","14","","24.1","","89.01","","","","","","NA"
"-114.01","51.12","CALGARY INTL A","3031092","2024-08-19 05:00","2024","08","19","05:00","","13.7","","11.6","","87","","","","24","","10","","24.1","","89.04","","","","","","Clear"
"-114.01","51.12","CALGARY INTL A","3031092","2024-08-19 06:00","2024","08","19","06:00","","14.5","","11.5","","82","","","","23","","9","","32.2","","89.04","","","","","","NA"
"-114.01","51.12","CALGARY INTL A","3031092","2024-08-19 07:00","2024","08","19","07:00","","14.7","","11.3","","80","","","","22","","5","","24.1","","89.05","","","","","","NA"
"-114.01","51.12","CALGARY INTL A","3031092","2024-08-19 08:00","2024","08","19","08:00","","17.4","","12.2","","71","","","","","","0","","24.1","","89.04","","","","","","Mainly Clear"
"-114.01","51.12","CALGARY INTL A","3031092","2024-08-19 09:00","2024","08","19","09:00","","20.5","","10.8","","53","","","","32","","4","","24.1","","89.05","","","","","","NA"
"-114.01","51.12","CALGARY INTL A","3031092","2024-08-19 10:00","2024","08","19","10:00","","24.3","","9.3","","38","","","","","","0","","12.9","","89.03","","25","","","","NA"
"-114.01","51.12","CALGARY INTL A","3031092","2024-08-19 11:00","2024","08","19","11:00","","27.4","","6.3","","26","","","","12","","7","","24.1","","88.99","","27","","","","Mainly Clear"
"-114.01","51.12","CALGARY INTL A","3031092","2024-08-19 12:00","2024","08","19","12:00","","28.6","","7.5","","26","","","","12","","11","","24.1","","88.93","","29","","","","NA"
"-114.01","51.12","CALGARY INTL A","3031092","2024-08-19 13:00","2024","08","19","13:00","","29.3","","6.2","","23","","","","14","","10","","24.1","","88.89","","29","","","","NA"
"-114.01","51.12","CALGARY INTL A","3031092","2024-08-19 14:00","2024","08","19","14:00","","30.0","","6.4","","22","","","","19","","16","","24.1","","88.85","","30","","","","Mainly Clear"
"-114.01","51.12","CALGARY INTL A","3031092","2024-08-19 15:00","2024","08","19","15:00","","28.9","","5.3","","22","","","","18","","19","","16.1","","88.76","","28","","","","NA"
"-114.01","51.12","CALGARY INTL A","3031092","2024-08-19 16:00","2024","08","19","16:00","","30.1","","6.6","","22","","","","13","","31","","16.1","","88.71","","30","","","","NA"
"-114.01","51.12","CALGARY INTL A","3031092","2024-08-19 17:00","2024","08","19","17:00","","29.7","","7.9","","25","","","","15","","28","","24.1","","88.64","","30","","","","Cloudy"
"-114.01","51.12","CALGARY INTL A","3031092","2024-08-19 18:00","2024","08","19","18:00","","29.8","","3.2","","18","","","","21","","17","","16.1","","88.58","","29","","","","NA"
"-114.01","51.12","CALGARY INTL A","3031092","2024-08-19 19:00","2024","08","19","19:00","","28.2","","4.0","","21","","","","21","","11","","24.1","","88.57","","27","","","","NA"
"-114.01","51.12","CALGARY INTL A","3031092","2024-08-19 20:00","2024","08","19","20:00","","27.3","","3.7","","22","","","","24","","10","","24.1","","88.60","","26","","","","Mainly Clear"
"-114.01","51.12","CALGARY INTL A","3031092","2024-08-19 21:00","2024","08","19","21:00","","24.3","","4.5","","27","","","","20","","4","","24.1","","88.61","","","","","","NA"
"-114.01","51.12","CALGARY INTL A","3031092","2024-08-19 22:00","2024","08","19","22:00","","20.1","","6.3","","40","","","","33","","8","","24.1","","88.60","","","","","","NA"
"-114.01","51.12","CALGARY INTL A","3031092","2024-08-19 23:00","2024","08","19","23:00","","18.1","","7.2","","48","","","","33","","5","","24.1","","88.63","","","","","","Mostly Cloudy"
"-114.01","51.12","CALGARY INTL A","3031092","2024-08-20 00:00","2024","08","20","00:00"
"-114.01","51.12","CALGARY INTL A","3031092","2024-08-20 01:00","2024","08","20","01:00","","16.1","","7.4","","56","","","","4","","3","","24.1","","88.62","","","","","","NA"
"-114.01","51.12","CALGARY INTL A","3031092","2024-08-20 02:00","2024","08","20","02:00","","15.9","","7.1","","55","","","","20","","9","","24.1","","88.64","","","","","","Mainly Clear"
"-114.01","51.12","CALGARY INTL A","3031092","2024-08-20 03:00","2024","08","20","03:00","","16.8","","5.6","","47","","","","","","0","","24.1","","88.71","","","","","","NA"
"-114.01","51.12","CALGARY INTL A","3031092","2024-08-20 04:00","2024","08","20","04:00","","14.9","","5.1","","52","","","","36","","10","","24.1","","88.77","","","","","","NA"
"-114.01","51.12","CALGARY INTL A","3031092","2024-08-20 05:00","2024","08","20","05:00","","14.3","","5.7","","56","","","","36","","13","","24.1","","88.81","","","","","","Clear"
"-114.01","51.12","CALGARY INTL A","3031092","2024-08-20 06:00","2024","08","20","06:00","","14.0","","6.1","","59","","","","26","","3","","32.2","","88.85","","","","","","NA"
"-114.01","51.12","CALGARY INTL A","3031092","2024-08-20 07:00","2024","08","20","07:00","","15.0","","7.1","","59","","","","19","","10","","24.1","","88.89","","","","","","NA"
"-114.01","51.12","CALGARY INTL A","3031092","2024-08-20 08:00","2024","08","20","08:00","","17.3","","7.6","","53","","","","14","","9","","12.9","","88.90","","","","","","Mostly Cloudy"
"-114.01","51.12","CALGARY INTL A","3031092","2024-08-20 09:00","2024","08","20","09:00","","19.8","","7.6","","45","","","","17","","12","","12.9","","88.89","","","","","","NA"
"-114.01","51.12","CALGARY INTL A","3031092","2024-08-20 10:00","2024","08","20","10:00","","20.1","","7.3","","43","","","","23","","13","","12.9","","88.88","","","","","","NA"
"-114.01","51.12","CALGARY INTL A","3031092","2024-08-20 11:00","2024","08","20","11:00","","22.3","","7.5","","38","","","","19","","14","","14.5","","88.86","","","","","","Mostly Cloudy"
"-114.01","51.12","CALGARY INTL A","3031092","2024-08-20 12:00","2024","08","20","12:00","","25.1","","5.5","","28","","","","20","","19","","16.1","","88.78","","25","","","","NA"
"-114.01","51.12","CALGARY INTL A","3031092","2024-08-20 13:00","2024","08","20","13:00","","24.5","","3.8","","26","","","","22","","23","","14.5","","88.77","","","","","","NA"
"-114.01","51.12","CALGARY INTL A","3031092","2024-08-20 14:00","2024","08","20","14:00","","25.9","","2.6","","22","","","","30","","21","","16.1","","88.74","","","","","","Mainly Clear"
"-114.01","51.12","CALGARY INTL A","3031092","2024-08-20 15:00","2024","08","20","15:00","","25.6","","3.6","","24","","","","28","","18","","16.1","","88.72","","","","","","NA"
"-114.01","51.12","CALGARY INTL A","3031092","2024-08-20 16:00","2024","08","20","16:00","","25.8","","2.7","","22","","","","29","","17","","16.1","","88.72","","","","","","NA"
"-114.01","51.12","CALGARY INTL A","3031092","2024-08-20 17:00","2024","08","20","17:00","","25.2","","2.9","","23","","","","30","","21","","24.1","","88.71","","","","","","Mainly Clear"
"-114.01","51.12","CALGARY INTL A","3031092","2024-08-20 18:00","2024","08","20","18:00","","25.1","","3.1","","24","","","","29","","18","","24.1","","88.72","","","","","","NA"
"-114.01","51.12","CALGARY INTL A","3031092","2024-08-20 19:00","2024","08","20","19:00","","22.8","","3.8","","29","","","","33","","11","","24.1","","88.75","","","","","","NA"
"-114.01","51.12","CALGARY INTL A","3031092","2024-08-20 20:00","2024","08","20","20:00","","20.6","","3.9","","33","","","","33","","9","","24.1","","88.83","","","","","","Mainly Clear"
"-114.01","51.12","CALGARY INTL A","3031092","2024-08-20 21:00","2024","08","20","21:00","","17.6","","4.8","","43","","","","36","","9","","24.1","","88.87","","","","","","NA"
"-114.01","51.12","CALGARY INTL A","3031092","2024-08-20 22:00","2024","08","20","22:00","","16.5","","5.1","","47","","","","4","","7","","24.1","","88.88","","","","","","NA"
"-114.01","51.12","CALGARY INTL A","3031092","2024-08-20 23:00","2024","08","20","23:00","","16.8","","4.6","","44","","","","32","","7","","24.1","","88.89","","","","","","Mostly Cloudy"
"-114.01","51.12","CALGARY INTL A","3031092","2024-08-21 00:00","2024","08","21","00:00","","16.0","","4.7","","47","","","","4","","4","","24.1","","88.91","","","","","","NA"
"-114.01","51.12","CALGARY INTL A","3031092","2024-08-21 01:00","2024","08","21","01:00","","15.0","","5.0","","51","","","","21","","7","","24.1","","88.94","","","","","","NA"
"-114.01","51.12","CALGARY INTL A","3031092","2024-08-21 02:00","2024","08","21","02:00","","14.8","","5.2","","52","","","","32","","7","","24.1","","88.96","","","","","","Mostly Cloudy"
"-114.01","51.12","CALGARY INTL A","3031092","2024-08-21 03:00","2024","08","21","03:00","","13.8","","4.8","","55","","","","","","0","","24.1","","88.94","","","","","","NA"
"-114.01","51.12","CALGARY INTL A","3031092","2024-08-21 04:00","2024","08","21","04:00","","12.8","","4.4","","57","","","","34","","8","","24.1","","88.93","","","","","","NA"
"-114.01","51.12","CALGARY INTL A","3031092","2024-08-21 05:00","2024","08","21","05:00","","12.1","","4.7","","61","","","","34","","12","","24.1","","88.92","","","","","","Mainly Clear"
"-114.01","51.12","CALGARY INTL A","3031092","2024-08-21 06:00","2024","08","21","06:00","","13.1","","5.1","","58","","","","33","","10","","32.2","","88.93","","","","","","NA"
"-114.01","51.12","CALGARY INTL A","3031092","2024-08-21 07:00","2024","08","21","07:00","","14.8","","5.9","","55","","","","32","","11","","12.9","","88.91","","","","","","NA"
"-114.01","51.12","CALGARY INTL A","3031092","2024-08-21 08:00","2024","08","21","08:00","","15.6","","6.5","","54","","","","34","","17","","12.9","","88.90","","","","","","Cloudy"
"-114.01","51.12","CALGARY INTL A","3031092","2024-08-21 09:00","2024","08","21","09:00","","17.2","","7.5","","53","","","","34","","21","","12.9","","88.90","","","","","","NA"
"-114.01","51.12","CALGARY INTL A","3031092","2024-08-21 10:00","2024","08","21","10:00","","17.4","","7.8","","53","","","","35","","18","","16.1","","88.90","","","","","","NA"
"-114.01","51.12","CALGARY INTL A","3031092","2024-08-21 11:00","2024","08","21","11:00","","16.8","","8.6","","58","","","","29","","13","","12.9","","88.95","","","","","","Rain Showers"
"-114.01","51.12","CALGARY INTL A","3031092","2024-08-21 12:00","2024","08","21","12:00","","14.4","","11.6","","83","","","","34","","22","","12.9","","88.95","","","","","","Rain Showers"
"-114.01","51.12","CALGARY INTL A","3031092","2024-08-21 13:00","2024","08","21","13:00","","14.9","","11.0","","77","","","","34","","29","","16.1","","89.01","","","","","","NA"
"-114.01","51.12","CALGARY INTL A","3031092","2024-08-21 14:00","2024","08","21","14:00","","15.6","","10.2","","70","","","","32","","31","","24.1","","89.04","","","","","","Cloudy"
"-114.01","51.12","CALGARY INTL A","3031092","2024-08-21 15:00","2024","08","21","15:00","","15.9","","9.9","","67","","","","33","","28","","24.1","","89.02","","","","","","NA"
"-114.01","51.12","CALGARY INTL A","3031092","2024-08-21 16:00","2024","08","21","16:00","","17.2","","9.5","","60","","","","32","","28","","24.1","","89.04","","","","","","NA"
"-114.01","51.12","CALGARY INTL A","3031092","2024-08-21 17:00","2024","08","21","17:00","","17.2","","9.4","","60","","","","32","","17","","24.1","","89.07","","","","","","Mostly Cloudy"
"-114.01","51.12","CALGARY INTL A","3031092","2024-08-21 18:00","2024","08","21","18:00","","16.4","","8.2","","58","","","","36","","17","","24.1","","89.11","","","","","","NA"
"-114.01","51.12","CALGARY INTL A","3031092","2024-08-21 19:00","2024","08","21","19:00","","14.7","","8.6","","67","","","","1","","15","","24.1","","89.13","","","","","","NA"
"-114.01","51.12","CALGARY INTL A","3031092","2024-08-21 20:00","2024","08","21","20:00","","13.2","","8.4","","73","","","","35","","8","","24.1","","89.15","","","","","","Mainly Clear"
"-114.01","51.12","CALGARY INTL A","3031092","2024-08-21 21:00","2024","08","21","21:00","","12.5","","8.6","","77","","","","33","","9","","24.1","","89.20","","","","","","NA"
"-114.01","51.12","CALGARY INTL A","3031092","2024-08-21 22:00","2024","08","21","22:00","","12.2","","8.4","","77","","","","33","","7","","24.1","","89.25","","","","","","NA"
"-114.01","51.12","CALGARY INTL A","3031092","2024-08-21 23:00","2024","08","21","23:00","","13.8","","8.9","","72","","","","25","","5","","24.1","","89.26","","","","","","Mostly Cloudy"
"-114.01","51.12","CALGARY INTL A","3031092","2024-08-22 00:00","2024","08","22","00:00","","13.0","","8.7","","75","","","","36","","16","","24.1","","89.30","","","","","","NA"
"-114.01","51.12","CALGARY INTL A","3031092","2024-08-22 01:00","2024","08","22","01:00","","13.4","","8.5","","72","","","","33","","12","","24.1","","89.31","","","","","","NA"
"-114.01","51.12","CALGARY INTL A","3031092","2024-08-22 02:00","2024","08","22","02:00","","12.9","","8.8","","76","","","","34","","14","","24.1","","89.33","","","","","","Cloudy"
"-114.01","51.12","CALGARY INTL A","3031092","2024-08-22 03:00","2024","08","22","03:00","","12.5","","8.6","","77","","","","35","","14","","24.1","","89.33","","","","","","NA"
"-114.01","51.12","CALGARY INTL A","3031092","2024-08-22 04:00","2024","08","22","04:00","","11.7","","8.3","","80","","","","34","","11","","24.1","","89.33","","","","","","NA"
"-114.01","51.12","CALGARY INTL A","3031092","2024-08-22 05:00","2024","08","22","05:00","","11.6","","8.0","","79","","","","32","","12","","24.1","","89.39","","","","","","Cloudy"
"-114.01","51.12","CALGARY INTL A","3031092","2024-08-22 06:00","2024","08","22","06:00","","11.7","","8.4","","80","","","","33","","6","","24.1","","89.42","","","","","","NA"
"-114.01","51.12","CALGARY INTL A","3031092","2024-08-22 07:00","2024","08","22","07:00","","11.7","","9.5","","86","","","","33","","13","","12.9","","89.46","","","","","","NA"
"-114.01","51.12","CALGARY INTL A","3031092","2024-08-22 08:00","2024","08","22","08:00","","13.2","","9.9","","80","","","","32","","9","","24.1","","89.48","","","","","","Cloudy"
"-114.01","51.12","CALGARY INTL A","3031092","2024-08-22 09:00","2024","08","22","09:00","","14.2","","10.6","","79","","","","3","","9","","12.9","","89.44","","","","","","NA"
"-114.01","51.12","CALGARY INTL A","3031092","2024-08-22 10:00","2024","08","22","10:00","","15.1","","11.1","","77","","","","7","","7","","12.9","","89.43","","","","","","NA"
"-114.01","51.12","CALGARY INTL A","3031092","2024-08-22 11:00","2024","08","22","11:00","","16.7","","11.6","","72","","","","8","","8","","8.1","","89.39","","","","","","Haze"
"-114.01","51.12","CALGARY INTL A","3031092","2024-08-22 12:00","2024","08","22","12:00","","16.9","","10.6","","66","","","","10","","8","","8.1","","89.34","","","","","","Haze"
"-114.01","51.12","CALGARY INTL A","3031092","2024-08-22 13:00","2024","08","22","13:00","","17.6","","10.8","","64","","","","8","","9","","6.4","","89.27","","","","","","Haze"
"-114.01","51.12","CALGARY INTL A","3031092","2024-08-22 14:00","2024","08","22","14:00","","18.8","","11.8","","63","","","","11","","13","","8.1","","89.21","","","","","","Haze"
"-114.01","51.12","CALGARY INTL A","3031092","2024-08-22 15:00","2024","08","22","15:00","","20.0","","11.1","","56","","","","10","","14","","9.7","","89.12","","","","","","Haze"
"-114.01","51.12","CALGARY INTL A","3031092","2024-08-22 16:00","2024","08","22","16:00","","20.4","","10.5","","53","","","","14","","22","","9.7","","89.07","","","","","","Haze"
"-114.01","51.12","CALGARY INTL A","3031092","2024-08-22 17:00","2024","08","22","17:00","","21.0","","9.8","","48","","","","13","","21","","9.7","","89.00","","","","","","Haze"
"-114.01","51.12","CALGARY INTL A","3031092","2024-08-22 18:00","2024","08","22","18:00","","21.6","","7.9","","41","","","","16","","19","","12.9","","88.96","","","","","","NA"
"-114.01","51.12","CALGARY INTL A","3031092","2024-08-22 19:00","2024","08","22","19:00","","19.4","","9.8","","53","","","","13","","20","","24.1","","88.95","","","","","","NA"
"-114.01","51.12","CALGARY INTL A","3031092","2024-08-22 20:00","2024","08","22","20:00","","17.5","","9.6","","59","","","","13","","14","","24.1","","88.97","","","","","","Mostly Cloudy"
"-114.01","51.12","CALGARY INTL A","3031092","2024-08-22 21:00","2024","08","22","21:00","","16.1","","8.8","","61","","","","13","","11","","24.1","","88.97","","","","","","NA"
"-114.01","51.12","CALGARY INTL A","3031092","2024-08-22 22:00","2024","08","22","22:00","","15.1","","8.8","","66","","","","15","","16","","24.1","","88.95","","","","","","NA"
"-114.01","51.12","CALGARY INTL A","3031092","2024-08-22 23:00","2024","08","22","23:00","","14.6","","7.9","","64","","","","15","","16","","24.1","","88.93","","","","","","Clear"
"-114.01","51.12","CALGARY INTL A","3031092","2024-08-23 00:00","2024","08","23","00:00","","13.7","","7.9","","68","","","","15","","10","","24.1","","88.89","","","","","","NA"
"-114.01","51.12","CALGARY INTL A","3031092","2024-08-23 01:00","2024","08","23","01:00","","12.3","","7.6","","73","","","","16","","10","","24.1","","88.86","","","","","","NA"
"-114.01","51.12","CALGARY INTL A","3031092","2024-08-23 02:00","2024","08","23","02:00","","11.6","","7.7","","77","","","","18","","9","","24.1","","88.82","","","","","","Mainly Clear"
"-114.01","51.12","CALGARY INTL A","3031092","2024-08-23 03:00","2024","08","23","03:00","","11.9","","7.9","","76","","","","17","","6","","24.1","","88.78","","","","","","NA"
"-114.01","51.12","CALGARY INTL A","3031092","2024-08-23 04:00","2024","08","23","04:00","","9.9","","7.3","","84","","","","19","","9","","24.1","","88.75","","","","","","NA"
"-114.01","51.12","CALGARY INTL A","3031092","2024-08-23 05:00","2024","08","23","05:00","","10.5","","7.5","","81","","","","21","","7","","24.1","","88.71","","","","","","Mainly Clear"
"-114.01","51.12","CALGARY INTL A","3031092","2024-08-23 06:00","2024","08","23","06:00","","9.2","","7.3","","88","","","","21","","7","","24.1","","88.69","","","","","","NA"
"-114.01","51.12","CALGARY INTL A","3031092","2024-08-23 07:00","2024","08","23","07:00","","10.3","","7.8","","84","","","","18","","8","","32.2","","88.68","","","","","","NA"
"-114.01","51.12","CALGARY INTL A","3031092","2024-08-23 08:00","2024","08","23","08:00","","13.2","","8.4","","73","","","","23","","5","","32.2","","88.65","","","","","","Mainly Clear"
"-114.01","51.12","CALGARY INTL A","3031092","2024-08-23 09:00","2024","08","23","09:00","","15.4","","8.7","","64","","","","17","","8","","32.2","","88.63","","","","","","NA"
"-114.01","51.12","CALGARY INTL A","3031092","2024-08-23 10:00","2024","08","23","10:00","","18.4","","9.0","","54","","","","18","","7","","32.2","","88.57","","","","","","NA"
"-114.01","51.12","CALGARY INTL A","3031092","2024-08-23 11:00","2024","08","23","11:00","","21.2","","9.4","","46","","","","13","","15","","32.2","","88.52","","","","","","Mainly Clear"
"-114.01","51.12","CALGARY INTL A","3031092","2024-08-23 12:00","2024","08","23","12:00","","22.4","","9.2","","42","","","","14","","12","","32.2","","88.43","","","","","","NA"
"-114.01","51.12","CALGARY INTL A","3031092","2024-08-23 13:00","2024","08","23","13:00","","24.7","","9.7","","38","","","","16","","23","","24.1","","88.36","","26","","","","NA"
"-114.01","51.12","CALGARY INTL A","3031092","2024-08-23 14:00","2024","08","23","14:00","","25.7","","9.4","","35","","","","11","","28","","24.1","","88.31","","27","","","","Mainly Clear"
"-114.01","51.12","CALGARY INTL A","3031092","2024-08-23 15:00","2024","08","23","15:00","","25.5","","10.4","","38","","","","13","","17","","24.1","","88.27","","27","","","","NA"
"-114.01","51.12","CALGARY INTL A","3031092","2024-08-23 16:00","2024","08","23","16:00","","25.1","","9.4","","36","","","","12","","23","","24.1","","88.23","","26","","","","NA"
"-114.01","51.12","CALGARY INTL A","3031092","2024-08-23 17:00","2024","08","23","17:00","","25.2","","10.2","","38","","","","12","","21","","24.1","","88.17","","27","","","","Mainly Clear"
"-114.01","51.12","CALGARY INTL A","3031092","2024-08-23 18:00","2024","08","23","18:00","","24.6","","10.7","","41","","","","13","","10","","19.3","","88.06","","26","","","","NA"
"-114.01","51.12","CALGARY INTL A","3031092","2024-08-23 19:00","2024","08","23","19:00","","22.6","","11.3","","49","","","","9","","8","","24.1","","88.00","","25","","","","NA"
"-114.01","51.12","CALGARY INTL A","3031092","2024-08-23 20:00","2024","08","23","20:00","","20.9","","11.2","","53","","","","8","","10","","24.1","","87.96","","","","","","Cloudy"
"-114.01","51.12","CALGARY INTL A","3031092","2024-08-23 21:00","2024","08","23","21:00","","20.8","","10.7","","52","","","","9","","22","","24.1","","87.92","","","","","","NA"
"-114.01","51.12","CALGARY INTL A","3031092","2024-08-23 22:00","2024","08","23","22:00","","16.3","","13.1","","81","","","","23","","35","","19.3","","87.93","","","","","","Thunderstorms,Rain Showers"
"-114.01","51.12","CALGARY INTL A","3031092","2024-08-23 23:00","2024","08","23","23:00","","14.7","","12.9","","89","","","","31","","15","","19.3","","87.89","","","","","","Rain Showers"
"-114.01","51.12","CALGARY INTL A","3031092","2024-08-24 00:00","2024","08","24","00:00","","13.8","","12.7","","93","","","","3","","5","","24.1","","87.79","","","","","","NA"
"-114.01","51.12","CALGARY INTL A","3031092","2024-08-24 01:00","2024","08","24","01:00","","13.3","","12.4","","94","","","","19","","16","","24.1","","87.81","","","","","","NA"
"-114.01","51.12","CALGARY INTL A","3031092","2024-08-24 02:00","2024","08","24","02:00","","13.1","","11.7","","91","","","","20","","7","","24.1","","87.80","","","","","","Cloudy"
"-114.01","51.12","CALGARY INTL A","3031092","2024-08-24 03:00","2024","08","24","03:00","","12.0","","10.0","","88","","","","17","","13","","24.1","","87.79","","","","","","NA"
"-114.01","51.12","CALGARY INTL A","3031092","2024-08-24 04:00","2024","08","24","04:00","","11.3","","8.9","","85","","","","20","","10","","24.1","","87.82","","","","","","NA"
"-114.01","51.12","CALGARY INTL A","3031092","2024-08-24 05:00","2024","08","24","05:00","","11.2","","7.8","","80","","","","20","","10","","24.1","","87.87","","","","","","Cloudy"
"-114.01","51.12","CALGARY INTL A","3031092","2024-08-24 06:00","2024","08","24","06:00","","12.6","","6.1","","65","","","","20","","17","","24.1","","87.88","","","","","","NA"
"-114.01","51.12","CALGARY INTL A","3031092","2024-08-24 07:00","2024","08","24","07:00","","13.4","","5.1","","57","","","","18","","19","","32.2","","87.89","","","","","","NA"
"-114.01","51.12","CALGARY INTL A","3031092","2024-08-24 08:00","2024","08","24","08:00","","14.4","","3.3","","47","","","","20","","23","","32.2","","87.91","","","","","","Mostly Cloudy"
"-114.01","51.12","CALGARY INTL A","3031092","2024-08-24 09:00","2024","08","24","09:00","","16.7","","3.2","","40","","","","22","","31","","32.2","","87.92","","","","","","NA"
"-114.01","51.12","CALGARY INTL A","3031092","2024-08-24 10:00","2024","08","24","10:00","","17.7","","1.8","","34","","","","21","","34","","32.2","","87.96","","","","","","NA"
"-114.01","51.12","CALGARY INTL A","3031092","2024-08-24 11:00","2024","08","24","11:00","","19.3","","0.7","","29","","","","23","","28","","32.2","","87.96","","","","","","Mainly Clear"
"-114.01","51.12","CALGARY INTL A","3031092","2024-08-24 12:00","2024","08","24","12:00","","20.1","","-0.5","","25","","","","23","","30","","40.2","","88.00","","","","","","NA"
"-114.01","51.12","CALGARY INTL A","3031092","2024-08-24 13:00","2024","08","24","13:00","","20.4","","0.2","","26","","","","24","","20","","48.3","","88.05","","","","","","NA"
"-114.01","51.12","CALGARY INTL A","3031092","2024-08-24 14:00","2024","08","24","14:00","","21.1","","1.3","","27","","","","22","","24","","48.3","","88.07","","","","","","Mainly Clear"
"-114.01","51.12","CALGARY INTL A","3031092","2024-08-24 15:00","2024","08","24","15:00","","21.1","","2.2","","28","","","","23","","21","","48.3","","88.12","","","","","","NA"
"-114.01","51.12","CALGARY INTL A","3031092","2024-08-24 16:00","2024","08","24","16:00","","20.3","","1.3","","28","","","","26","","21","","48.3","","88.19","","","","","","NA"
"-114.01","51.12","CALGARY INTL A","3031092","2024-08-24 17:00","2024","08","24","17:00","","19.6","","1.2","","29","","","","27","","25","","48.3","","88.22","","","","","","Mainly Clear"
"-114.01","51.12","CALGARY INTL A","3031092","2024-08-24 18:00","2024","08","24","18:00","","18.9","","0.7","","29","","","","23","","28","","32.2","","88.29","","","","","","NA"
"-114.01","51.12","CALGARY INTL A","3031092","2024-08-24 19:00","2024","08","24","19:00","","17.4","","1.6","","34","","","","23","","17","","32.2","","88.37","","","","","","NA"
"-114.01","51.12","CALGARY INTL A","3031092","2024-08-24 20:00","2024","08","24","20:00","","15.9","","1.9","","39","","","","25","","12","","32.2","","88.43","","","","","","Mostly Cloudy"
"-114.01","51.12","CALGARY INTL A","3031092","2024-08-24 21:00","2024","08","24","21:00","","15.5","","1.8","","39","","","","27","","23","","24.1","","88.48","","","","","","NA"
"-114.01","51.12","CALGARY INTL A","3031092","2024-08-24 22:00","2024","08","24","22:00","","14.8","","2.5","","43","","","","31","","16","","24.1","","88.58","","","","","","NA"
"-114.01","51.12","CALGARY INTL A","3031092","2024-08-24 23:00","2024","08","24","23:00","","14.4","","3.0","","46","","","","33","","16","","24.1","","88.67","","","","","","Mostly Cloudy"
"-114.01","51.12","CALGARY INTL A","3031092","2024-08-25 00:00","2024","08","25","00:00","","12.5","","3.3","","53","","","","35","","13","","24.1","","88.78","","","","","","NA"
"-114.01","51.12","CALGARY INTL A","3031092","2024-08-25 01:00","2024","08","25","01:00","","12.5","","3.7","","55","","","","34","","12","","24.1","","88.86","","","","","","NA"
"-114.01","51.12","CALGARY INTL A","3031092","2024-08-25 02:00","2024","08","25","02:00","","12.9","","4.6","","57","","","","","","0","","24.1","","88.88","","","","","","Cloudy"
"-114.01","51.12","CALGARY INTL A","3031092","2024-08-25 03:00","2024","08","25","03:00","","13.8","","4.6","","54","","","","","","0","","24.1","","88.93","","","","","","NA"
"-114.01","51.12","CALGARY INTL A","3031092","2024-08-25 04:00","2024","08","25","04:00","","12.7","","3.9","","55","","","","22","","9","","24.1","","89.02","","","","","","NA"
"-114.01","51.12","CALGARY INTL A","3031092","2024-08-25 05:00","2024","08","25","05:00","","12.1","","3.5","","56","","","","22","","9","","24.1","","89.08","","","","","","Mainly Clear"
"-114.01","51.12","CALGARY INTL A","3031092","2024-08-25 06:00","2024","08","25","06:00","","11.4","","3.5","","58","","","","8","","5","","64.4","","89.19","","","","","","NA"
"-114.01","51.12","CALGARY INTL A","3031092","2024-08-25 07:00","2024","08","25","07:00","","11.8","","4.5","","61","","","","34","","8","","64.4","","89.30","","","","","","NA"
"-114.01","51.12","CALGARY INTL A","3031092","2024-08-25 08:00","2024","08","25","08:00","","14.4","","5.4","","54","","","","35","","10","","64.4","","89.36","","","","","","Clear"
"-114.01","51.12","CALGARY INTL A","3031092","2024-08-25 09:00","2024","08","25","09:00","","15.8","","4.7","","47","","","","29","","4","","64.4","","89.39","","","","","","NA"
"-114.01","51.12","CALGARY INTL A","3031092","2024-08-25 10:00","2024","08","25","10:00","","18.2","","4.3","","39","","","","31","","9","","64.4","","89.40","","","","","","NA"
"-114.01","51.12","CALGARY INTL A","3031092","2024-08-25 11:00","2024","08","25","11:00","","19.8","","3.6","","34","","","","23","","9","","64.4","","89.40","","","","","","Mainly Clear"
"-114.01","51.12","CALGARY INTL A","3031092","2024-08-25 12:00","2024","08","25","12:00","","19.7","","2.7","","32","","","","30","","5","","64.4","","89.40","","","","","","NA"
"-114.01","51.12","CALGARY INTL A","3031092","2024-08-25 13:00","2024","08","25","13:00","","20.2","","4.3","","35","","","","32","","4","","64.4","","89.41","","","","","","NA"
"-114.01","51.12","CALGARY INTL A","3031092","2024-08-25 14:00","2024","08","25","14:00","","21.8","","3.2","","29","","","","7","","9","","64.4","","89.41","","","","","","Mainly Clear"
"-114.01","51.12","CALGARY INTL A","3031092","2024-08-25 15:00","2024","08","25","15:00","","21.5","","4.2","","32","","","","13","","12","","24.1","","89.40","","","","","","NA"
"-114.01","51.12","CALGARY INTL A","3031092","2024-08-25 16:00","2024","08","25","16:00","","21.7","","3.3","","30","","","","26","","13","","24.1","","89.39","","","","","","NA"
"-114.01","51.12","CALGARY INTL A","3031092","2024-08-25 17:00","2024","08","25","17:00","","21.1","","3.4","","31","","","","","","0","","24.1","","89.40","","","","","","Mostly Cloudy"
"-114.01","51.12","CALGARY INTL A","3031092","2024-08-25 18:00","2024","08","25","18:00","","22.0","","5.2","","33","","","","13","","14","","24.1","","89.41","","","","","","NA"
"-114.01","51.12","CALGARY INTL A","3031092","2024-08-25 19:00","2024","08","25","19:00","","20.8","","4.2","","33","","","","18","","16","","24.1","","89.42","","","","","","NA"
"-114.01","51.12","CALGARY INTL A","3031092","2024-08-25 20:00","2024","08","25","20:00","","19.7","","4.1","","35","","","","14","","6","","24.1","","89.47","","","","","","Mostly Cloudy"
"-114.01","51.12","CALGARY INTL A","3031092","2024-08-25 21:00","2024","08","25","21:00","","20.0","","3.0","","32","","","","27","","9","","24.1","","89.53","","","","","","NA"
"-114.01","51.12","CALGARY INTL A","3031092","2024-08-25 22:00","2024","08","25","22:00","","19.3","","2.9","","33","","","","27","","7","","24.1","","89.54","","","","","","NA"
"-114.01","51.12","CALGARY INTL A","3031092","2024-08-25 23:00","2024","08","25","23:00","","17.7","","3.5","","38","","","","","","0","","24.1","","89.56","","","","","","Mostly Cloudy"
"-114.01","51.12","CALGARY INTL A","3031092","2024-08-26 00:00","2024","08","26","00:00","","17.3","","3.5","","39","","","","30","","10","","24.1","","89.58","","","","","","NA"
"-114.01","51.12","CALGARY INTL A","3031092","2024-08-26 01:00","2024","08","26","01:00","","15.7","","3.8","","45","","","","31","","9","","24.1","","89.57","","","","","","NA"
"-114.01","51.12","CALGARY INTL A","3031092","2024-08-26 02:00","2024","08","26","02:00","","12.0","","4.1","","58","","","","6","","5","","24.1","","89.57","","","","","","Clear"
"-114.01","51.12","CALGARY INTL A","3031092","2024-08-26 03:00","2024","08","26","03:00","","12.2","","4.7","","60","","","","22","","13","","24.1","","89.56","","","","","","NA"
"-114.01","51.12","CALGARY INTL A","3031092","2024-08-26 04:00","2024","08","26","04:00","","11.2","","4.6","","64","","","","23","","10","","24.1","","89.56","","","","","","NA"
"-114.01","51.12","CALGARY INTL A","3031092","2024-08-26 05:00","2024","08","26","05:00","","10.2","","4.5","","68","","","","24","","8","","24.1","","89.57","","","","","","Clear"
"-114.01","51.12","CALGARY INTL A","3031092","2024-08-26 06:00","2024","08","26","06:00","","10.0","","4.6","","69","","","","23","","8","","48.3","","89.57","","","","","","NA"
"-114.01","51.12","CALGARY INTL A","3031092","2024-08-26 07:00","2024","08","26","07:00","","11.8","","5.1","","63","","","","20","","6","","64.4","","89.57","","","","","","NA"
"-114.01","51.12","CALGARY INTL A","3031092","2024-08-26 08:00","2024","08","26","08:00","","15.1","","5.1","","51","","","","23","","7","","24.1","","89.56","","","","","","Mostly Cloudy"
"-114.01","51.12","CALGARY INTL A","3031092","2024-08-26 09:00","2024","08","26","09:00","","17.1","","4.4","","43","","","","20","","6","","24.1","","89.52","","","","","","NA"
"-114.01","51.12","CALGARY INTL A","3031092","2024-08-26 10:00","2024","08","26","10:00","","19.8","","5.4","","38","","","","18","","14","","24.1","","89.47","","","","","","NA"
"-114.01","51.12","CALGARY INTL A","3031092","2024-08-26 11:00","2024","08","26","11:00","","20.8","","6.1","","38","","","","18","","14","","24.1","","89.44","","","","","","Mainly Clear"
"-114.01","51.12","CALGARY INTL A","3031092","2024-08-26 12:00","2024","08","26","12:00","","21.7","","4.2","","31","","","","18","","17","","24.1","","89.38","","","","","","NA"
"-114.01","51.12","CALGARY INTL A","3031092","2024-08-26 13:00","2024","08","26","13:00","","22.3","","3.3","","28","","","","25","","9","","24.1","","89.33","","","","","","NA"
"-114.01","51.12","CALGARY INTL A","3031092","2024-08-26 14:00","2024","08","26","14:00","","22.6","","4.2","","30","","","","23","","11","","24.1","","89.26","","","","","","Mostly Cloudy"
"-114.01","51.12","CALGARY INTL A","3031092","2024-08-26 15:00","2024","08","26","15:00","","24.6","","5.0","","28","","","","19","","19","","24.1","","89.20","","","","","","NA"
"-114.01","51.12","CALGARY INTL A","3031092","2024-08-26 16:00","2024","08","26","16:00","","24.6","","6.2","","30","","","","20","","14","","24.1","","89.15","","","","","","NA"
"-114.01","51.12","CALGARY INTL A","3031092","2024-08-26 17:00","2024","08","26","17:00","","24.7","","6.3","","30","","","","16","","8","","24.1","","89.13","","","","","","Mostly Cloudy"
"-114.01","51.12","CALGARY INTL A","3031092","2024-08-26 18:00","2024","08","26","18:00","","23.1","","6.2","","33","","","","18","","10","","24.1","","89.08","","","","","","NA"
"-114.01","51.12","CALGARY INTL A","3031092","2024-08-26 19:00","2024","08","26","19:00","","22.8","","6.3","","34","","","","16","","16","","24.1","","89.02","","","","","","NA"
"-114.01","51.12","CALGARY INTL A","3031092","2024-08-26 20:00","2024","08","26","20:00","","20.8","","6.2","","38","","","","16","","14","","24.1","","89.01","","","","","","Mostly Cloudy"
"-114.01","51.12","CALGARY INTL A","3031092","2024-08-26 21:00","2024","08","26","21:00","","18.5","","6.8","","46","","","","17","","10","","24.1","","88.97","","","","","","NA"
"-114.01","51.12","CALGARY INTL A","3031092","2024-08-26 22:00","2024","08","26","22:00","","16.6","","7.4","","54","","","","20","","11","","24.1","","88.94","","","","","","NA"
"-114.01","51.12","CALGARY INTL A","3031092","2024-08-26 23:00","2024","08","26","23:00","","18.4","","7.8","","50","","","","23","","11","","24.1","","88.90","","","","","","Mostly Cloudy"
"-114.01","51.12","CALGARY INTL A","3031092","2024-08-27 00:00","2024","08","27","00:00","","17.8","","7.5","","51","","","","24","","11","","24.1","","88.86","","","","","","NA"
"-114.01","51.12","CALGARY INTL A","3031092","2024-08-27 01:00","2024","08","27","01:00","","15.1","","7.6","","61","","","","18","","13","","24.1","","88.79","","","","","","NA"
"-114.01","51.12","CALGARY INTL A","3031092","2024-08-27 02:00","2024","08","27","02:00","","16.1","","6.9","","54","","","","22","","7","","24.1","","88.72","","","","","","Mainly Clear"
"-114.01","51.12","CALGARY INTL A","3031092","2024-08-27 03:00","2024","08","27","03:00","","13.9","","6.6","","61","","","","18","","12","","24.1","","88.69","","","","","","NA"
"-114.01","51.12","CALGARY INTL A","3031092","2024-08-27 04:00","2024","08","27","04:00","","14.8","","6.6","","57","","","","17","","5","","24.1","","88.66","","","","","","NA"
"-114.01","51.12","CALGARY INTL A","3031092","2024-08-27 05:00","2024","08","27","05:00","","14.7","","6.5","","58","","","","17","","10","","24.1","","88.61","","","","","","Mostly Cloudy"
"-114.01","51.12","CALGARY INTL A","3031092","2024-08-27 06:00","2024","08","27","06:00","","14.6","","6.3","","57","","","","18","","13","","32.2","","88.54","","","","","","NA"
"-114.01","51.12","CALGARY INTL A","3031092","2024-08-27 07:00","2024","08","27","07:00","","15.3","","5.5","","52","","","","19","","12","","64.4","","88.52","","","","","","NA"
"-114.01","51.12","CALGARY INTL A","3031092","2024-08-27 08:00","2024","08","27","08:00","","16.0","","5.7","","50","","","","16","","14","","64.4","","88.44","","","","","","Mostly Cloudy"
"-114.01","51.12","CALGARY INTL A","3031092","2024-08-27 09:00","2024","08","27","09:00","","17.9","","3.9","","39","","","","19","","22","","64.4","","88.40","","","","","","NA"
"-114.01","51.12","CALGARY INTL A","3031092","2024-08-27 10:00","2024","08","27","10:00","","19.1","","3.3","","35","","","","21","","16","","24.1","","88.41","","","","","","NA"
"-114.01","51.12","CALGARY INTL A","3031092","2024-08-27 11:00","2024","08","27","11:00","","19.8","","4.1","","35","","","","19","","13","","24.1","","88.38","","","","","","Mostly Cloudy"
"-114.01","51.12","CALGARY INTL A","3031092","2024-08-27 12:00","2024","08","27","12:00","","23.0","","5.5","","32","","","","18","","26","","24.1","","88.33","","","","","","NA"
"-114.01","51.12","CALGARY INTL A","3031092","2024-08-27 13:00","2024","08","27","13:00","","23.9","","4.0","","27","","","","19","","35","","24.1","","88.25","","","","","","NA"
"-114.01","51.12","CALGARY INTL A","3031092","2024-08-27 14:00","2024","08","27","14:00","","22.5","","5.2","","32","","","","29","","28","","24.1","","88.28","","","","","","Mostly Cloudy"
"-114.01","51.12","CALGARY INTL A","3031092","2024-08-27 15:00","2024","08","27","15:00","","22.0","","6.4","","36","","","","26","","11","","24.1","","88.31","","","","","","NA"
"-114.01","51.12","CALGARY INTL A","3031092","2024-08-27 16:00","2024","08","27","16:00","","22.8","","5.6","","32","","","","20","","23","","24.1","","88.27","","","","","","NA"
"-114.01","51.12","CALGARY INTL A","3031092","2024-08-27 17:00","2024","08","27","17:00","","20.5","","2.6","","30","","","","19","","37","","24.1","","88.28","","","","","","Cloudy"
"-114.01","51.12","CALGARY INTL A","3031092","2024-08-27 18:00","2024","08","27","18:00","","19.1","","-3.8","","21","","","","21","","28","","24.1","","88.34","","","","","","NA"
"-114.01","51.12","CALGARY INTL A","3031092","2024-08-27 19:00","2024","08","27","19:00","","13.8","","6.5","","61","","","","34","","41","","32.2","","88.59","","","","","","NA"
"-114.01","51.12","CALGARY INTL A","3031092","2024-08-27 20:00","2024","08","27","20:00","","11.5","","4.9","","64","","","","33","","32","","24.1","","88.72","","","","","","Mostly Cloudy"
"-114.01","51.12","CALGARY INTL A","3031092","2024-08-27 21:00","2024","08","27","21:00","","9.9","","4.3","","68","","","","34","","36","","24.1","","88.79","","","","","","NA"
"-114.01","51.12","CALGARY INTL A","3031092","2024-08-27 22:00","2024","08","27","22:00","","9.1","","3.8","","69","","","","35","","24","","24.1","","88.70","","","","","","Rain"
"-114.01","51.12","CALGARY INTL A","3031092","2024-08-27 23:00","2024","08","27","23:00","","8.6","","4.3","","74","","","","31","","13","","24.1","","88.80","","","","","","Mostly Cloudy"
"-114.01","51.12","CALGARY INTL A","3031092","2024-08-28 00:00","2024","08","28","00:00","","9.6","","3.9","","68","","","","31","","7","","24.1","","88.79","","","","","","NA"
"-114.01","51.12","CALGARY INTL A","3031092","2024-08-28 01:00","2024","08","28","01:00","","9.2","","4.9","","74","","","","31","","23","","24.1","","88.76","","","","","","NA"
"-114.01","51.12","CALGARY INTL A","3031092","2024-08-28 02:00","2024","08","28","02:00","","8.1","","5.8","","85","","","","30","","27","","19.3","","88.67","","","","","","Rain"
"-114.01","51.12","CALGARY INTL A","3031092","2024-08-28 03:00","2024","08","28","03:00","","7.7","","5.6","","86","","","","29","","31","","19.3","","88.67","","","","","","Rain"
"-114.01","51.12","CALGARY INTL A","3031092","2024-08-28 04:00","2024","08","28","04:00","","7.3","","5.2","","87","","","","30","","26","","12.9","","88.68","","","","","","Rain"
"-114.01","51.12","CALGARY INTL A","3031092","2024-08-28 05:00","2024","08","28","05:00","","7.5","","5.8","","89","","","","32","","29","","12.9","","88.60","","","","","","Rain"
"-114.01","51.12","CALGARY INTL A","3031092","2024-08-28 06:00","2024","08","28","06:00","","7.7","","6.6","","93","","","","31","","19","","9.7","","88.63","","","","","","Rain,Fog"
"-114.01","51.12","CALGARY INTL A","3031092","2024-08-28 07:00","2024","08","28","07:00","","8.2","","7.3","","94","","","","34","","33","","6.4","","88.59","","","","","","Rain,Fog"
"-114.01","51.12","CALGARY INTL A","3031092","2024-08-28 08:00","2024","08","28","08:00","","8.5","","7.5","","94","","","","34","","32","","6.4","","88.59","","","","","","Rain,Fog"
"-114.01","51.12","CALGARY INTL A","3031092","2024-08-28 09:00","2024","08","28","09:00","","8.6","","7.5","","93","","","","35","","40","","6.4","","88.57","","","","","","Rain,Fog"
"-114.01","51.12","CALGARY INTL A","3031092","2024-08-28 10:00","2024","08","28","10:00","","8.8","","8.0","","94","","","","35","","40","","4.8","","88.66","","","","","","Rain,Fog"
"-114.01","51.12","CALGARY INTL A","3031092","2024-08-28 11:00","2024","08","28","11:00","","9.0","","8.2","","95","","","","35","","37","","4.0","","88.75","","","","","","Rain,Fog"
"-114.01","51.12","CALGARY INTL A","3031092","2024-08-28 12:00","2024","08","28","12:00","","9.5","","8.4","","93","","","","35","","43","","6.4","","88.77","","","","","","Rain,Fog"
"-114.01","51.12","CALGARY INTL A","3031092","2024-08-28 13:00","2024","08","28","13:00","","9.3","","8.6","","95","","","","35","","32","","4.0","","88.82","","","","","","Moderate Rain,Fog"
"-114.01","51.12","CALGARY INTL A","3031092","2024-08-28 14:00","2024","08","28","14:00","","9.4","","8.2","","92","","","","34","","45","","4.8","","88.85","","","","","","Rain,Fog"
"-114.01","51.12","CALGARY INTL A","3031092","2024-08-28 15:00","2024","08","28","15:00","","9.4","","8.0","","91","","","","33","","52","","6.4","","88.88","","","","","","Rain,Fog"
"-114.01","51.12","CALGARY INTL A","3031092","2024-08-28 16:00","2024","08","28","16:00","","9.5","","8.2","","91","","","","33","","44","","6.4","","88.91","","","","","","Rain,Fog"
"-114.01","51.12","CALGARY INTL A","3031092","2024-08-28 17:00","2024","08","28","17:00","","9.7","","8.8","","94","","","","32","","36","","4.8","","88.97","","","","","","Rain,Fog"
"-114.01","51.12","CALGARY INTL A","3031092","2024-08-28 18:00","2024","08","28","18:00","","10.4","","8.9","","90","","","","33","","31","","8.1","","89.00","","","","","","Rain,Fog"
"-114.01","51.12","CALGARY INTL A","3031092","2024-08-28 19:00","2024","08","28","19:00","","11.1","","9.0","","87","","","","33","","22","","48.3","","89.04","","","","","","Rain,Fog"
"-114.01","51.12","CALGARY INTL A","3031092","2024-08-28 20:00","2024","08","28","20:00","","11.8","","8.9","","82","","","","33","","21","","32.2","","89.09","","","","","","Rain"
"-114.01","51.12","CALGARY INTL A","3031092","2024-08-28 21:00","2024","08","28","21:00","","12.2","","9.0","","81","","","","33","","25","","24.1","","89.11","","","","","","NA"
"-114.01","51.12","CALGARY INTL A","3031092","2024-08-28 22:00","2024","08","28","22:00","","11.6","","8.6","","82","","","","33","","22","","24.1","","89.13","","","","","","NA"
"-114.01","51.12","CALGARY INTL A","3031092","2024-08-28 23:00","2024","08","28","23:00","","11.3","","7.8","","79","","","","33","","22","","24.1","","89.14","","","","","","Mainly Clear"
"-114.01","51.12","CALGARY INTL A","3031092","2024-08-29 00:00","2024","08","29","00:00","","10.8","","7.3","","79","","","","31","","15","","24.1","","89.17","","","","","","NA"
"-114.01","51.12","CALGARY INTL A","3031092","2024-08-29 01:00","2024","08","29","01:00","","9.2","","6.1","","81","","","","31","","13","","24.1","","89.18","","","","","","NA"
"-114.01","51.12","CALGARY INTL A","3031092","2024-08-29 02:00","2024","08","29","02:00","","8.3","","5.1","","80","","","","35","","8","","24.1","","89.23","","","","","","Clear"
"-114.01","51.12","CALGARY INTL A","3031092","2024-08-29 03:00","2024","08","29","03:00","","7.8","","4.9","","82","","","","32","","9","","24.1","","89.25","","","","","","NA"
"-114.01","51.12","CALGARY INTL A","3031092","2024-08-29 04:00","2024","08","29","04:00","","7.7","","5.3","","85","","","","30","","4","","24.1","","89.30","","","","","","NA"
"-114.01","51.12","CALGARY INTL A","3031092","2024-08-29 05:00","2024","08","29","05:00","","6.2","","4.7","","90","","","","15","","5","","24.1","","89.31","","","","","","Clear"
"-114.01","51.12","CALGARY INTL A","3031092","2024-08-29 06:00","2024","08","29","06:00","","8.1","","4.5","","78","","","","28","","4","","64.4","","89.35","","","","","","NA"
"-114.01","51.12","CALGARY INTL A","3031092","2024-08-29 07:00","2024","08","29","07:00","","10.1","","5.6","","73","","","","22","","10","","64.4","","89.38","","","","","","NA"
"-114.01","51.12","CALGARY INTL A","3031092","2024-08-29 08:00","2024","08","29","08:00","","14.5","","5.8","","56","","","","29","","10","","64.4","","89.39","","","","","","Mainly Clear"
"-114.01","51.12","CALGARY INTL A","3031092","2024-08-29 09:00","2024","08","29","09:00","","16.8","","6.4","","50","","","","31","","17","","64.4","","89.40","","","","","","NA"
"-114.01","51.12","CALGARY INTL A","3031092","2024-08-29 10:00","2024","08","29","10:00","","18.0","","7.5","","50","","","","33","","13","","64.4","","89.40","","","","","","NA"
"-114.01","51.12","CALGARY INTL A","3031092","2024-08-29 11:00","2024","08","29","11:00","","18.9","","6.9","","45","","","","34","","10","","64.4","","89.39","","","","","","Clear"
"-114.01","51.12","CALGARY INTL A","3031092","2024-08-29 12:00","2024","08","29","12:00","","20.2","","7.0","","42","","","","34","","9","","64.4","","89.35","","","","","","NA"
"-114.01","51.12","CALGARY INTL A","3031092","2024-08-29 13:00","2024","08","29","13:00","","21.5","","7.9","","41","","","","35","","9","","64.4","","89.28","","","","","","NA"
"-114.01","51.12","CALGARY INTL A","3031092","2024-08-29 14:00","2024","08","29","14:00","","22.0","","4.8","","32","","","","22","","6","","64.4","","89.24","","","","","","Mainly Clear"
"-114.01","51.12","CALGARY INTL A","3031092","2024-08-29 15:00","2024","08","29","15:00","","22.6","","6.1","","34","","","","24","","5","","64.4","","89.21","","","","","","NA"
"-114.01","51.12","CALGARY INTL A","3031092","2024-08-29 16:00","2024","08","29","16:00","","22.8","","8.3","","39","","","","18","","13","","64.4","","89.16","","","","","","NA"
"-114.01","51.12","CALGARY INTL A","3031092","2024-08-29 17:00","2024","08","29","17:00","","22.8","","7.3","","37","","","","18","","13","","64.4","","89.18","","","","","","Clear"
"-114.01","51.12","CALGARY INTL A","3031092","2024-08-29 18:00","2024","08","29","18:00","","22.3","","7.9","","39","","","","20","","13","","24.1","","89.17","","","","","","NA"
"-114.01","51.12","CALGARY INTL A","3031092","2024-08-29 19:00","2024","08","29","19:00","","22.4","","6.0","","34","","","","26","","13","","32.2","","89.16","","","","","","NA"
"-114.01","51.12","CALGARY INTL A","3031092","2024-08-29 20:00","2024","08","29","20:00","","19.9","","6.0","","40","","","","27","","17","","24.1","","89.19","","","","","","Clear"
"-114.01","51.12","CALGARY INTL A","3031092","2024-08-29 21:00","2024","08","29","21:00","","19.7","","4.6","","37","","","","28","","23","","24.1","","89.25","","","","","","NA"
"-114.01","51.12","CALGARY INTL A","3031092","2024-08-29 22:00","2024","08","29","22:00","","19.0","","4.5","","38","","","","28","","28","","24.1","","89.27","","","","","","NA"
"-114.01","51.12","CALGARY INTL A","3031092","2024-08-29 23:00","2024","08","29","23:00","","18.8","","4.7","","39","","","","28","","29","","24.1","","89.29","","","","","","Clear"
"-114.01","51.12","CALGARY INTL A","3031092","2024-08-30 00:00","2024","08","30","00:00","","18.5","","4.5","","39","","","","29","","27","","24.1","","89.31","","","","","","NA"
"-114.01","51.12","CALGARY INTL A","3031092","2024-08-30 01:00","2024","08","30","01:00","","18.4","","4.1","","38","","","","29","","26","","24.1","","89.33","","","","","","NA"
"-114.01","51.12","CALGARY INTL A","3031092","2024-08-30 02:00","2024","08","30","02:00","","18.1","","4.0","","39","","","","28","","25","","24.1","","89.34","","","","","","Mostly Cloudy"
"-114.01","51.12","CALGARY INTL A","3031092","2024-08-30 03:00","2024","08","30","03:00","","17.6","","4.0","","40","","","","28","","19","","24.1","","89.36","","","","","","NA"
"-114.01","51.12","CALGARY INTL A","3031092","2024-08-30 04:00","2024","08","30","04:00","","10.7","","5.4","","70","","","","2","","14","","24.1","","89.34","","","","","","NA"
"-114.01","51.12","CALGARY INTL A","3031092","2024-08-30 05:00","2024","08","30","05:00","","9.5","","5.1","","74","","","","1","","7","","24.1","","89.37","","","","","","Mainly Clear"
"-114.01","51.12","CALGARY INTL A","3031092","2024-08-30 06:00","2024","08","30","06:00","","9.8","","5.0","","72","","","","13","","3","","64.4","","89.37","","","","","","NA"
"-114.01","51.12","CALGARY INTL A","3031092","2024-08-30 07:00","2024","08","30","07:00","","11.8","","6.8","","71","","","","","","0","","48.3","","89.37","","","","","","NA"
"-114.01","51.12","CALGARY INTL A","3031092","2024-08-30 08:00","2024","08","30","08:00","","16.3","","6.4","","52","","","","21","","9","","48.3","","89.37","","","","","","Mostly Cloudy"
"-114.01","51.12","CALGARY INTL A","3031092","2024-08-30 09:00","2024","08","30","09:00","","18.8","","6.9","","45","","","","20","","11","","48.3","","89.32","","","","","","NA"
"-114.01","51.12","CALGARY INTL A","3031092","2024-08-30 10:00","2024","08","30","10:00","","21.9","","8.2","","41","","","","23","","14","","48.3","","89.30","","","","","","NA"
"-114.01","51.12","CALGARY INTL A","3031092","2024-08-30 11:00","2024","08","30","11:00","","23.2","","5.9","","32","","","","27","","31","","48.3","","89.28","","","","","","Mostly Cloudy"
"-114.01","51.12","CALGARY INTL A","3031092","2024-08-30 12:00","2024","08","30","12:00","","23.6","","6.0","","32","","","","29","","30","","48.3","","89.26","","","","","","NA"
"-114.01","51.12","CALGARY INTL A","3031092","2024-08-30 13:00","2024","08","30","13:00","","24.1","","6.2","","31","","","","29","","24","","48.3","","89.24","","","","","","NA"
"-114.01","51.12","CALGARY INTL A","3031092","2024-08-30 14:00","2024","08","30","14:00","","24.1","","5.3","","29","","","","27","","27","","48.3","","89.23","","","","","","Mostly Cloudy"
"-114.01","51.12","CALGARY INTL A","3031092","2024-08-30 15:00","2024","08","30","15:00","","24.9","","6.0","","29","","","","27","","19","","48.3","","89.20","","25","","","","NA"
"-114.01","51.12","CALGARY INTL A","3031092","2024-08-30 16:00","2024","08","30","16:00","","24.9","","7.6","","33","","","","23","","13","","48.3","","89.18","","25","","","","NA"
"-114.01","51.12","CALGARY INTL A","3031092","2024-08-30 17:00","2024","08","30","17:00","","25.1","","7.3","","32","","","","23","","17","","24.1","","89.18","","25","","","","Mostly Cloudy"
"-114.01","51.12","CALGARY INTL A","3031092","2024-08-30 18:00","2024","08","30","18:00","","24.9","","6.4","","30","","","","23","","16","","32.2","","89.18","","25","","","","NA"
"-114.01","51.12","CALGARY INTL A","3031092","2024-08-30 19:00","2024","08","30","19:00","","23.5","","7.4","","35","","","","23","","11","","32.2","","89.22","","","","","","NA"
"-114.01","51.12","CALGARY INTL A","3031092","2024-08-30 20:00","2024","08","30","20:00","","22.0","","8.1","","41","","","","27","","9","","24.1","","89.33","","","","","","Mostly Cloudy"
"-114.01","51.12","CALGARY INTL A","3031092","2024-08-30 21:00","2024","08","30","21:00","","16.6","","7.9","","56","","","","3","","12","","24.1","","89.47","","","","","","NA"
"-114.01","51.12","CALGARY INTL A","3031092","2024-08-30 22:00","2024","08","30","22:00","","14.6","","7.8","","64","","","","35","","8","","24.1","","89.53","","","","","","NA"
"-114.01","51.12","CALGARY INTL A","3031092","2024-08-30 23:00","2024","08","30","23:00","","14.1","","7.4","","64","","","","33","","10","","24.1","","89.60","","","","","","Mostly Cloudy"
"-114.01","51.12","CALGARY INTL A","3031092","2024-08-31 00:00","2024","08","31","00:00","","13.3","","7.5","","68","","","","33","","6","","24.1","","89.66","","","","","","NA"
"-114.01","51.12","CALGARY INTL A","3031092","2024-08-31 01:00","2024","08","31","01:00","","12.7","","7.3","","69","","","","3","","4","","24.1","","89.74","","","","","","NA"
"-114.01","51.12","CALGARY INTL A","3031092","2024-08-31 02:00","2024","08","31","02:00","","10.9","","7.1","","77","","","","35","","6","","24.1","","89.81","","","","","","Clear"
"-114.01","51.12","CALGARY INTL A","3031092","2024-08-31 03:00","2024","08","31","03:00","","10.9","","7.1","","77","","","","2","","5","","24.1","","89.87","","","","","","NA"
"-114.01","51.12","CALGARY INTL A","3031092","2024-08-31 04:00","2024","08","31","04:00","","9.8","","6.9","","82","","","","34","","3","","24.1","","89.88","","","","","","NA"
"-114.01","51.12","CALGARY INTL A","3031092","2024-08-31 05:00","2024","08","31","05:00","","9.7","","7.0","","83","","","","18","","5","","24.1","","89.89","","","","","","Clear"
"-114.01","51.12","CALGARY INTL A","3031092","2024-08-31 06:00","2024","08","31","06:00","","10.1","","7.3","","83","","","","20","","4","","24.1","","89.91","","","","","","NA"
"-114.01","51.12","CALGARY INTL A","3031092","2024-08-31 07:00","2024","08","31","07:00","","10.8","","8.5","","85","","","","21","","4","","48.3","","89.94","","","","","","NA"
"-114.01","51.12","CALGARY INTL A","3031092","2024-08-31 08:00","2024","08","31","08:00","","14.0","","8.7","","70","","","","19","","8","","48.3","","89.94","","","","","","Mainly Clear"
"-114.01","51.12","CALGARY INTL A","3031092","2024-08-31 09:00","2024","08","31","09:00","","16.4","","8.4","","59","","","","18","","17","","48.3","","89.94","","","","","","NA"
"-114.01","51.12","CALGARY INTL A","3031092","2024-08-31 10:00","2024","08","31","10:00","","18.8","","8.3","","50","","","","17","","25","","64.4","","89.93","","","","","","NA"
"-114.01","51.12","CALGARY INTL A","3031092","2024-08-31 11:00","2024","08","31","11:00","","20.0","","8.6","","47","","","","17","","26","","64.4","","89.90","","","","","","Clear"
"-114.01","51.12","CALGARY INTL A","3031092","2024-08-31 12:00","2024","08","31","12:00","","21.6","","8.6","","43","","","","16","","27","","64.4","","89.85","","","","","","NA"
"-114.01","51.12","CALGARY INTL A","3031092","2024-08-31 13:00","2024","08","31","13:00","","22.6","","9.5","","43","","","","19","","17","","64.4","","89.82","","","","","","NA"
"-114.01","51.12","CALGARY INTL A","3031092","2024-08-31 14:00","2024","08","31","14:00","","23.7","","10.2","","42","","","","17","","19","","48.3","","89.76","","25","","","","Clear"
"-114.01","51.12","CALGARY INTL A","3031092","2024-08-31 15:00","2024","08","31","15:00","","24.1","","8.7","","37","","","","20","","15","","48.3","","89.72","","25","","","","NA"
"-114.01","51.12","CALGARY INTL A","3031092","2024-08-31 16:00","2024","08","31","16:00","","24.4","","8.3","","35","","","","17","","14","","48.3","","89.65","","25","","","","NA"
"-114.01","51.12","CALGARY INTL A","3031092","2024-08-31 17:00","2024","08","31","17:00","","24.3","","8.3","","35","","","","17","","21","","48.3","","89.63","","25","","","","Clear"
"-114.01","51.12","CALGARY INTL A","3031092","2024-08-31 18:00","2024","08","31","18:00","","23.3","","8.6","","39","","","","18","","20","","32.2","","89.60","","","","","","NA"
"-114.01","51.12","CALGARY INTL A","3031092","2024-08-31 19:00","2024","08","31","19:00","","21.7","","8.7","","43","","","","17","","18","","32.2","","89.59","","","","","","NA"
"-114.01","51.12","CALGARY INTL A","3031092","2024-08-31 20:00","2024","08","31","20:00","","19.7","","9.8","","52","","","","16","","17","","32.2","","89.63","","","","","","Clear"
"-114.01","51.12","CALGARY INTL A","3031092","2024-08-31 21:00","2024","08","31","21:00","","17.7","","9.2","","57","","","","17","","13","","24.1","","89.64","","","","","","NA"
"-114.01","51.12","CALGARY INTL A","3031092","2024-08-31 22:00","2024","08","31","22:00","","15.4","","8.9","","65","","","","17","","13","","24.1","","89.61","","","","","","NA"
"-114.01","51.12","CALGARY INTL A","3031092","2024-08-31 23:00","2024","08","31","23:00","","15.3","","8.7","","64","","","","19","","11","","24.1","","89.59","","","","","","Clear"
