"Longitude (x)","Latitude (y)","Station Name","Climate ID","Date/Time (LST)","Year","Month","Day","Time (LST)","Flag","Temp (°C)","Temp Flag","Dew Point Temp (°C)","Dew Point Temp Flag","Rel Hum (%)","Rel Hum Flag","Precip. Amount (mm)","Precip. Amount Flag","Wind Dir (10s deg)","Wind Dir Flag","Wind Spd (km/h)","Wind Spd Flag","Visibility (km)","Visibility Flag","Stn Press (kPa)","Stn Press Flag","Hmdx","Hmdx Flag","Wind Chill","Wind Chill Flag","Weather"
"-114.01","51.12","CALGARY INTL A","3031092","2024-03-01 00:00","2024","03","01","00:00","","-9.3","","-11.2","","87","","","","1","","12","","2.0","","87.33","","","","-15","","Snow,Fog"
"-114.01","51.12","CALGARY INTL A","3031092","2024-03-01 01:00","2024","03","01","01:00","","-10.6","","-13.2","","82","","","","2","","15","","8.1","","87.43","","","","-17","","Snow,Fog"
"-114.01","51.12","CALGARY INTL A","3031092","2024-03-01 02:00","2024","03","01","02:00","","-10.9","","-13.2","","83","","","","7","","13","","12.9","","87.49","","","","-17","","Cloudy"
"-114.01","51.12","CALGARY INTL A","3031092","2024-03-01 03:00","2024","03","01","03:00","","-10.9","","-13.5","","81","","","","3","","10","","12.9","","87.52","","","","-16","","NA"
"-114.01","51.12","CALGARY INTL A","3031092","2024-03-01 04:00","2024","03","01","04:00","","-11.3","","-13.7","","83","","","","9","","17","","12.9","","87.63","","","","-19","","NA"
"-114.01","51.12","CALGARY INTL A","3031092","2024-03-01 05:00","2024","03","01","05:00","","-11.6","","-14.0","","83","","","","8","","26","","8.1","","87.68","","","","-21","","Snow,Fog"
"-114.01","51.12","CALGARY INTL A","3031092","2024-03-01 06:00","2024","03","01","06:00","","-12.2","","-14.5","","83","","","","9","","21","","4.8","","87.76","","","","-21","","Snow,Fog"
"-114.01","51.12","CALGARY INTL A","3031092","2024-03-01 07:00","2024","03","01","07:00","","-12.8","","-15.0","","84","","","","8","","26","","2.0","","87.79","","","","-23","","Snow,Fog"
"-114.01","51.12","CALGARY INTL A","3031092","2024-03-01 08:00","2024","03","01","08:00","","-13.4","","-15.6","","84","","","","6","","18","","1.2","","87.81","","","","-22","","Snow,Fog"
"-114.01","51.12","CALGARY INTL A","3031092","2024-03-01 09:00","2024","03","01","09:00","","-13.5","","-16.1","","82","","","","7","","18","","1.6","","87.87","","","","-22","","Snow"
"-114.01","51.12","CALGARY INTL A","3031092","2024-03-01 10:00","2024","03","01","10:00","","-13.5","","-16.3","","79","","","","7","","21","","4.0","","87.92","","","","-22","","Snow"
"-114.01","51.12","CALGARY INTL A","3031092","2024-03-01 11:00","2024","03","01","11:00","","-13.0","","-16.0","","79","","","","7","","21","","3.6","","87.95","","","","-22","","Snow"
"-114.01","51.12","CALGARY INTL A","3031092","2024-03-01 12:00","2024","03","01","12:00","","-13.1","","-16.0","","79","","","","8","","23","","4.0","","87.93","","","","-22","","Snow,Fog"
"-114.01","51.12","CALGARY INTL A","3031092","2024-03-01 13:00","2024","03","01","13:00","","-12.8","","-15.6","","80","","","","7","","21","","3.6","","87.92","","","","-22","","Snow,Fog"
"-114.01","51.12","CALGARY INTL A","3031092","2024-03-01 14:00","2024","03","01","14:00","","-12.4","","-15.3","","79","","","","7","","21","","2.4","","87.88","","","","-21","","Snow,Fog"
"-114.01","51.12","CALGARY INTL A","3031092","2024-03-01 15:00","2024","03","01","15:00","","-11.8","","-14.6","","80","","","","8","","28","","1.2","","87.87","","","","-22","","Snow,Blowing Snow"
"-114.01","51.12","CALGARY INTL A","3031092","2024-03-01 16:00","2024","03","01","16:00","","-12.0","","-14.8","","80","","","","9","","23","","2.4","","87.87","","","","-21","","Snow,Blowing Snow"
"-114.01","51.12","CALGARY INTL A","3031092","2024-03-01 17:00","2024","03","01","17:00","","-11.9","","-14.3","","83","","","","10","","22","","2.4","","87.91","","","","-21","","Snow,Blowing Snow"
"-114.01","51.12","CALGARY INTL A","3031092","2024-03-01 18:00","2024","03","01","18:00","","-12.2","","-14.3","","84","","","","9","","22","","2.4","","87.93","","","","-21","","Snow,Blowing Snow"
"-114.01","51.12","CALGARY INTL A","3031092","2024-03-01 19:00","2024","03","01","19:00","","-12.6","","-14.4","","87","","","","10","","19","","12.9","","87.93","","","","-21","","NA"
"-114.01","51.12","CALGARY INTL A","3031092","2024-03-01 20:00","2024","03","01","20:00","","-12.5","","-14.3","","86","","","","11","","21","","6.4","","87.98","","","","-21","","Snow,Fog"
"-114.01","51.12","CALGARY INTL A","3031092","2024-03-01 21:00","2024","03","01","21:00","","-12.8","","-14.7","","86","","","","10","","21","","6.4","","87.96","","","","-22","","Snow,Fog"
"-114.01","51.12","CALGARY INTL A","3031092","2024-03-01 22:00","2024","03","01","22:00","","-12.9","","-14.5","","88","","","","10","","23","","4.8","","87.95","","","","-22","","Snow,Fog"
"-114.01","51.12","CALGARY INTL A","3031092","2024-03-01 23:00","2024","03","01","23:00","","-13.1","","-14.6","","89","","","","10","","17","","4.0","","88.03","","","","-21","","Snow,Fog"
"-114.01","51.12","CALGARY INTL A","3031092","2024-03-02 00:00","2024","03","02","00:00","","-13.3","","-14.8","","89","","","","8","","26","","2.0","","87.99","","","","-23","","Snow,Fog"
"-114.01","51.12","CALGARY INTL A","3031092","2024-03-02 01:00","2024","03","02","01:00","","-13.4","","-14.9","","88","","","","8","","23","","2.0","","88.01","","","","-23","","Snow,Fog"
"-114.01","51.12","CALGARY INTL A","3031092","2024-03-02 02:00","2024","03","02","02:00","","-14.1","","-15.8","","87","","","","5","","14","","1.0","","87.99","","","","-22","","Snow,Fog"
"-114.01","51.12","CALGARY INTL A","3031092","2024-03-02 03:00","2024","03","02","03:00","","-14.5","","-16.4","","86","","","","7","","17","","3.2","","87.95","","","","-23","","Snow,Fog"
"-114.01","51.12","CALGARY INTL A","3031092","2024-03-02 04:00","2024","03","02","04:00","","-14.8","","-16.8","","85","","","","8","","20","","3.2","","87.96","","","","-24","","Snow,Fog"
"-114.01","51.12","CALGARY INTL A","3031092","2024-03-02 05:00","2024","03","02","05:00","","-15.0","","-17.1","","84","","","","3","","18","","4.0","","87.95","","","","-24","","Snow,Fog"
"-114.01","51.12","CALGARY INTL A","3031092","2024-03-02 06:00","2024","03","02","06:00","","-15.5","","-17.9","","82","","","","4","","17","","6.4","","88.01","","","","-24","","Snow,Fog"
"-114.01","51.12","CALGARY INTL A","3031092","2024-03-02 07:00","2024","03","02","07:00","","-16.5","","-19.0","","81","","","","5","","26","","3.2","","88.01","","","","-27","","Snow,Fog"
"-114.01","51.12","CALGARY INTL A","3031092","2024-03-02 08:00","2024","03","02","08:00","","-17.1","","-20.0","","78","","","","4","","21","","2.0","","88.03","","","","-27","","Snow"
"-114.01","51.12","CALGARY INTL A","3031092","2024-03-02 09:00","2024","03","02","09:00","","-17.0","","-20.0","","78","","","","2","","18","","2.0","","87.99","","","","-26","","Snow"
"-114.01","51.12","CALGARY INTL A","3031092","2024-03-02 10:00","2024","03","02","10:00","","-16.9","","-20.0","","77","","","","1","","24","","2.0","","87.97","","","","-27","","Snow"
"-114.01","51.12","CALGARY INTL A","3031092","2024-03-02 11:00","2024","03","02","11:00","","-16.9","","-19.9","","78","","","","3","","21","","0.2","","87.98","","","","-27","","Heavy Snow"
"-114.01","51.12","CALGARY INTL A","3031092","2024-03-02 12:00","2024","03","02","12:00","","-16.9","","-19.9","","78","","","","36","","22","","0.4","","87.95","","","","-27","","Snow,Blowing Snow"
"-114.01","51.12","CALGARY INTL A","3031092","2024-03-02 13:00","2024","03","02","13:00","","-17.6","","-20.6","","78","","","","3","","36","","0.2","","87.89","","","","-30","","Snow,Blowing Snow"
"-114.01","51.12","CALGARY INTL A","3031092","2024-03-02 14:00","2024","03","02","14:00","","-17.4","","-20.2","","79","","","","1","","21","","0.4","","87.91","","","","-27","","Snow,Blowing Snow"
"-114.01","51.12","CALGARY INTL A","3031092","2024-03-02 15:00","2024","03","02","15:00","","-17.5","","-20.3","","79","","","","36","","25","","0.2","","87.89","","","","-28","","Snow,Blowing Snow"
"-114.01","51.12","CALGARY INTL A","3031092","2024-03-02 16:00","2024","03","02","16:00","","-17.2","","-20.1","","79","","","","36","","21","","0.2","","87.96","","","","-27","","Snow,Freezing Fog"
"-114.01","51.12","CALGARY INTL A","3031092","2024-03-02 17:00","2024","03","02","17:00","","-17.2","","-20.6","","75","","","","35","","13","","8.1","","88.02","","","","-25","","Ice Crystals"
"-114.01","51.12","CALGARY INTL A","3031092","2024-03-02 18:00","2024","03","02","18:00","","-17.8","","-21.2","","75","","","","35","","18","","1.6","","87.89","","","","-27","","Snow,Fog"
"-114.01","51.12","CALGARY INTL A","3031092","2024-03-02 19:00","2024","03","02","19:00","","-19.0","","-21.7","","80","","","","2","","16","","12.9","","87.96","","","","-28","","NA"
"-114.01","51.12","CALGARY INTL A","3031092","2024-03-02 20:00","2024","03","02","20:00","","-19.1","","-21.6","","81","","","","1","","14","","9.7","","88.04","","","","-28","","Fog"
"-114.01","51.12","CALGARY INTL A","3031092","2024-03-02 21:00","2024","03","02","21:00","","-19.4","","-22.0","","80","","","","5","","8","","9.7","","88.05","","","","-26","","Fog"
"-114.01","51.12","CALGARY INTL A","3031092","2024-03-02 22:00","2024","03","02","22:00","","-19.8","","-22.4","","80","","","","34","","13","","9.7","","87.97","","","","-28","","Fog"
"-114.01","51.12","CALGARY INTL A","3031092","2024-03-02 23:00","2024","03","02","23:00","","-20.1","","-22.7","","80","","","","1","","18","","12.9","","87.97","","","","-30","","Mostly Cloudy"
"-114.01","51.12","CALGARY INTL A","3031092","2024-03-03 00:00","2024","03","03","00:00","","-21.2","","-23.9","","79","","","","34","","10","","12.9","","87.95","","","","-29","","NA"
"-114.01","51.12","CALGARY INTL A","3031092","2024-03-03 01:00","2024","03","03","01:00","","-21.8","","-24.3","","81","","","","35","","9","","12.9","","87.97","","","","-29","","NA"
"-114.01","51.12","CALGARY INTL A","3031092","2024-03-03 02:00","2024","03","03","02:00","","-22.4","","-24.8","","81","","","","35","","8","","12.9","","88.04","","","","-29","","Mostly Cloudy"
"-114.01","51.12","CALGARY INTL A","3031092","2024-03-03 03:00","2024","03","03","03:00","","-22.5","","-25.0","","80","","","","31","","10","","16.1","","88.00","","","","-30","","NA"
"-114.01","51.12","CALGARY INTL A","3031092","2024-03-03 04:00","2024","03","03","04:00","","-23.3","","-26.0","","79","","","","35","","7","","16.1","","87.96","","","","-29","","NA"
"-114.01","51.12","CALGARY INTL A","3031092","2024-03-03 05:00","2024","03","03","05:00","","-24.9","","-27.9","","76","","","","5","","7","","16.1","","87.99","","","","-31","","Mainly Clear"
"-114.01","51.12","CALGARY INTL A","3031092","2024-03-03 06:00","2024","03","03","06:00","","-21.1","","-23.7","","80","","","","35","","9","","16.1","","88.02","","","","-28","","NA"
"-114.01","51.12","CALGARY INTL A","3031092","2024-03-03 07:00","2024","03","03","07:00","","-19.8","","-23.2","","74","","","","36","","18","","9.7","","88.02","","","","-30","","Fog"
"-114.01","51.12","CALGARY INTL A","3031092","2024-03-03 08:00","2024","03","03","08:00","","-19.2","","-22.9","","73","","","","1","","19","","4.8","","88.08","","","","-29","","Ice Crystals"
"-114.01","51.12","CALGARY INTL A","3031092","2024-03-03 09:00","2024","03","03","09:00","","-19.1","","-23.0","","72","","","","36","","24","","8.1","","88.09","","","","-30","","Ice Crystals"
"-114.01","51.12","CALGARY INTL A","3031092","2024-03-03 10:00","2024","03","03","10:00","","-18.4","","-22.8","","68","","","","35","","27","","9.7","","88.13","","","","-30","","Ice Crystals"
"-114.01","51.12","CALGARY INTL A","3031092","2024-03-03 11:00","2024","03","03","11:00","","-18.1","","-22.5","","69","","","","1","","24","","24.1","","88.22","","","","-29","","Cloudy"
"-114.01","51.12","CALGARY INTL A","3031092","2024-03-03 12:00","2024","03","03","12:00","","-18.1","","-22.7","","67","","","","2","","19","","24.1","","88.21","","","","-28","","NA"
"-114.01","51.12","CALGARY INTL A","3031092","2024-03-03 13:00","2024","03","03","13:00","","-16.8","","-22.1","","64","","","","36","","17","","24.1","","88.19","","","","-26","","NA"
"-114.01","51.12","CALGARY INTL A","3031092","2024-03-03 14:00","2024","03","03","14:00","","-16.5","","-21.9","","63","","","","1","","26","","24.1","","88.19","","","","-27","","Cloudy"
"-114.01","51.12","CALGARY INTL A","3031092","2024-03-03 15:00","2024","03","03","15:00","","-16.6","","-22.5","","61","","","","35","","20","","24.1","","88.17","","","","-26","","NA"
"-114.01","51.12","CALGARY INTL A","3031092","2024-03-03 16:00","2024","03","03","16:00","","-16.4","","-22.0","","63","","","","3","","20","","24.1","","88.21","","","","-26","","NA"
"-114.01","51.12","CALGARY INTL A","3031092","2024-03-03 17:00","2024","03","03","17:00","","-16.8","","-22.8","","60","","","","2","","17","","24.1","","88.24","","","","-26","","Mainly Clear"
"-114.01","51.12","CALGARY INTL A","3031092","2024-03-03 18:00","2024","03","03","18:00","","-17.7","","-22.9","","65","","","","36","","10","","24.1","","88.28","","","","-24","","NA"
"-114.01","51.12","CALGARY INTL A","3031092","2024-03-03 19:00","2024","03","03","19:00","","-17.8","","-22.3","","68","","","","2","","14","","16.1","","88.35","","","","-26","","NA"
"-114.01","51.12","CALGARY INTL A","3031092","2024-03-03 20:00","2024","03","03","20:00","","-17.6","","-21.8","","70","","","","34","","7","","9.7","","88.39","","","","-23","","Fog"
"-114.01","51.12","CALGARY INTL A","3031092","2024-03-03 21:00","2024","03","03","21:00","","-17.1","","-21.5","","69","","","","32","","4","","12.9","","88.39","","","","-20","","NA"
"-114.01","51.12","CALGARY INTL A","3031092","2024-03-03 22:00","2024","03","03","22:00","","-17.7","","-22.0","","69","","","","4","","6","","12.9","","88.41","","","","-22","","NA"
"-114.01","51.12","CALGARY INTL A","3031092","2024-03-03 23:00","2024","03","03","23:00","","-19.3","","-22.7","","75","","","","9","","18","","12.9","","88.42","","","","-29","","Cloudy"
"-114.01","51.12","CALGARY INTL A","3031092","2024-03-04 00:00","2024","03","04","00:00","","-20.1","","-23.5","","75","","","","8","","18","","12.9","","88.44","","","","-30","","NA"
"-114.01","51.12","CALGARY INTL A","3031092","2024-03-04 01:00","2024","03","04","01:00","","-19.4","","-22.2","","79","","","","31","","4","","9.7","","88.44","","","","-23","","Fog"
"-114.01","51.12","CALGARY INTL A","3031092","2024-03-04 02:00","2024","03","04","02:00","","-19.8","","-22.9","","76","","","","1","","17","","9.7","","88.46","","","","-29","","Fog"
"-114.01","51.12","CALGARY INTL A","3031092","2024-03-04 03:00","2024","03","04","03:00","","-20.7","","-23.6","","78","","","","3","","20","","8.1","","88.47","","","","-31","","Ice Crystals,Fog"
"-114.01","51.12","CALGARY INTL A","3031092","2024-03-04 04:00","2024","03","04","04:00","","-21.5","","-24.5","","77","","","","3","","18","","6.4","","88.45","","","","-32","","Ice Crystals,Fog"
"-114.01","51.12","CALGARY INTL A","3031092","2024-03-04 05:00","2024","03","04","05:00","","-21.1","","-24.4","","75","","","","4","","18","","4.8","","88.44","","","","-31","","Ice Crystals,Fog"
"-114.01","51.12","CALGARY INTL A","3031092","2024-03-04 06:00","2024","03","04","06:00","","-20.7","","-24.3","","73","","","","36","","14","","6.4","","88.43","","","","-30","","Snow,Fog"
"-114.01","51.12","CALGARY INTL A","3031092","2024-03-04 07:00","2024","03","04","07:00","","-21.0","","-24.8","","72","","","","1","","16","","6.4","","88.44","","","","-31","","Snow,Fog"
"-114.01","51.12","CALGARY INTL A","3031092","2024-03-04 08:00","2024","03","04","08:00","","-21.0","","-25.4","","68","","","","34","","10","","6.4","","88.47","","","","-28","","Ice Crystals"
"-114.01","51.12","CALGARY INTL A","3031092","2024-03-04 09:00","2024","03","04","09:00","","-21.0","","-25.2","","69","","","","1","","11","","6.4","","88.51","","","","-29","","Ice Crystals"
"-114.01","51.12","CALGARY INTL A","3031092","2024-03-04 10:00","2024","03","04","10:00","","-20.3","","-25.7","","63","","","","34","","14","","8.1","","88.50","","","","-29","","Ice Crystals"
"-114.01","51.12","CALGARY INTL A","3031092","2024-03-04 11:00","2024","03","04","11:00","","-19.9","","-25.3","","63","","","","5","","10","","9.7","","88.47","","","","-27","","Ice Crystals"
"-114.01","51.12","CALGARY INTL A","3031092","2024-03-04 12:00","2024","03","04","12:00","","-19.1","","-25.7","","57","","","","3","","9","","24.1","","88.42","","","","-26","","NA"
"-114.01","51.12","CALGARY INTL A","3031092","2024-03-04 13:00","2024","03","04","13:00","","-18.9","","-25.7","","55","","","","2","","11","","16.1","","88.39","","","","-26","","NA"
"-114.01","51.12","CALGARY INTL A","3031092","2024-03-04 14:00","2024","03","04","14:00","","-18.2","","-25.5","","54","","","","2","","10","","16.1","","88.36","","","","-25","","Mainly Clear"
"-114.01","51.12","CALGARY INTL A","3031092","2024-03-04 15:00","2024","03","04","15:00","","-18.0","","-25.4","","53","","","","10","","12","","16.1","","88.35","","","","-26","","NA"
"-114.01","51.12","CALGARY INTL A","3031092","2024-03-04 16:00","2024","03","04","16:00","","-18.2","","-23.4","","64","","","","15","","14","","24.1","","88.38","","","","-27","","NA"
"-114.01","51.12","CALGARY INTL A","3031092","2024-03-04 17:00","2024","03","04","17:00","","-18.3","","-24.0","","61","","","","14","","13","","16.1","","88.40","","","","-26","","Mostly Cloudy"
"-114.01","51.12","CALGARY INTL A","3031092","2024-03-04 18:00","2024","03","04","18:00","","-18.6","","-24.0","","63","","","","15","","14","","16.1","","88.45","","","","-27","","NA"
"-114.01","51.12","CALGARY INTL A","3031092","2024-03-04 19:00","2024","03","04","19:00","","-18.4","","-23.8","","63","","","","21","","17","","16.1","","88.50","","","","-28","","NA"
"-114.01","51.12","CALGARY INTL A","3031092","2024-03-04 20:00","2024","03","04","20:00","","-18.6","","-23.5","","66","","","","21","","13","","24.1","","88.54","","","","-27","","Mostly Cloudy"
"-114.01","51.12","CALGARY INTL A","3031092","2024-03-04 21:00","2024","03","04","21:00","","-18.4","","-23.1","","67","","","","20","","13","","24.1","","88.57","","","","-26","","NA"
"-114.01","51.12","CALGARY INTL A","3031092","2024-03-04 22:00","2024","03","04","22:00","","-18.1","","-22.8","","67","","","","21","","12","","24.1","","88.58","","","","-26","","NA"
"-114.01","51.12","CALGARY INTL A","3031092","2024-03-04 23:00","2024","03","04","23:00","","-19.6","","-23.4","","72","","","","16","","8","","24.1","","88.57","","","","-26","","Mostly Cloudy"
"-114.01","51.12","CALGARY INTL A","3031092","2024-03-05 00:00","2024","03","05","00:00","","-21.2","","-24.6","","74","","","","7","","10","","24.1","","88.52","","","","-29","","NA"
"-114.01","51.12","CALGARY INTL A","3031092","2024-03-05 01:00","2024","03","05","01:00","","-21.2","","-24.4","","76","","","","6","","4","","24.1","","88.52","","","","-25","","NA"
"-114.01","51.12","CALGARY INTL A","3031092","2024-03-05 02:00","2024","03","05","02:00","","-23.1","","-26.4","","74","","","","7","","8","","24.1","","88.49","","","","-30","","Mainly Clear"
"-114.01","51.12","CALGARY INTL A","3031092","2024-03-05 03:00","2024","03","05","03:00","","-23.7","","-27.2","","74","","","","5","","3","","24.1","","88.46","","","","-27","","NA"
"-114.01","51.12","CALGARY INTL A","3031092","2024-03-05 04:00","2024","03","05","04:00","","-22.9","","-25.7","","78","","","","7","","5","","24.1","","88.44","","","","-28","","NA"
"-114.01","51.12","CALGARY INTL A","3031092","2024-03-05 05:00","2024","03","05","05:00","","-23.0","","-25.4","","81","","","","","","0","","24.1","","88.42","","","","","","Mostly Cloudy"
"-114.01","51.12","CALGARY INTL A","3031092","2024-03-05 06:00","2024","03","05","06:00","","-22.7","","-25.2","","80","","","","21","","5","","56.3","","88.42","","","","-27","","NA"
"-114.01","51.12","CALGARY INTL A","3031092","2024-03-05 07:00","2024","03","05","07:00","","-21.4","","-24.2","","79","","","","21","","5","","32.2","","88.41","","","","-26","","NA"
"-114.01","51.12","CALGARY INTL A","3031092","2024-03-05 08:00","2024","03","05","08:00","","-20.2","","-23.3","","77","","","","21","","7","","64.4","","88.42","","","","-26","","Mostly Cloudy"
"-114.01","51.12","CALGARY INTL A","3031092","2024-03-05 09:00","2024","03","05","09:00","","-18.8","","-22.4","","74","","","","22","","7","","64.4","","88.44","","","","-24","","NA"
"-114.01","51.12","CALGARY INTL A","3031092","2024-03-05 10:00","2024","03","05","10:00","","-17.1","","-21.9","","67","","","","21","","7","","24.1","","88.43","","","","-22","","NA"
"-114.01","51.12","CALGARY INTL A","3031092","2024-03-05 11:00","2024","03","05","11:00","","-15.5","","-21.2","","62","","","","36","","3","","24.1","","88.45","","","","-18","","Cloudy"
"-114.01","51.12","CALGARY INTL A","3031092","2024-03-05 12:00","2024","03","05","12:00","","-14.4","","-21.0","","58","","","","16","","7","","11.3","","88.44","","","","-19","","NA"
"-114.01","51.12","CALGARY INTL A","3031092","2024-03-05 13:00","2024","03","05","13:00","","-13.8","","-19.6","","62","","","","10","","5","","16.1","","88.43","","","","-17","","NA"
"-114.01","51.12","CALGARY INTL A","3031092","2024-03-05 14:00","2024","03","05","14:00","","-12.6","","-18.9","","60","","","","3","","5","","6.4","","88.43","","","","-16","","Haze"
"-114.01","51.12","CALGARY INTL A","3031092","2024-03-05 15:00","2024","03","05","15:00","","-13.2","","-17.0","","74","","","","","","0","","2.8","","88.44","","","","","","Haze"
"-114.01","51.12","CALGARY INTL A","3031092","2024-03-05 16:00","2024","03","05","16:00","","-13.3","","-16.6","","77","","","","17","","8","","2.0","","88.47","","","","-18","","Snow"
"-114.01","51.12","CALGARY INTL A","3031092","2024-03-05 17:00","2024","03","05","17:00","","-13.5","","-16.6","","78","","","","17","","12","","3.2","","88.49","","","","-20","","Snow"
"-114.01","51.12","CALGARY INTL A","3031092","2024-03-05 18:00","2024","03","05","18:00","","-13.7","","-16.6","","79","","","","17","","14","","4.8","","88.52","","","","-21","","Snow"
"-114.01","51.12","CALGARY INTL A","3031092","2024-03-05 19:00","2024","03","05","19:00","","-13.8","","-16.4","","81","","","","19","","11","","2.0","","88.53","","","","-20","","Snow"
"-114.01","51.12","CALGARY INTL A","3031092","2024-03-05 20:00","2024","03","05","20:00","","-13.8","","-16.4","","81","","","","18","","12","","2.0","","88.55","","","","-21","","Snow"
"-114.01","51.12","CALGARY INTL A","3031092","2024-03-05 21:00","2024","03","05","21:00","","-13.6","","-16.6","","78","","","","23","","11","","2.0","","88.57","","","","-20","","Snow"
"-114.01","51.12","CALGARY INTL A","3031092","2024-03-05 22:00","2024","03","05","22:00","","-13.5","","-16.5","","78","","","","22","","12","","6.4","","88.56","","","","-20","","Snow"
"-114.01","51.12","CALGARY INTL A","3031092","2024-03-05 23:00","2024","03","05","23:00","","-13.2","","-16.3","","78","","","","21","","11","","6.4","","88.52","","","","-19","","Snow"
"-114.01","51.12","CALGARY INTL A","3031092","2024-03-06 00:00","2024","03","06","00:00","","-13.3","","-16.2","","79","","","","2","","5","","4.8","","88.55","","","","-17","","Snow"
"-114.01","51.12","CALGARY INTL A","3031092","2024-03-06 01:00","2024","03","06","01:00","","-13.7","","-16.0","","83","","","","2","","10","","4.8","","88.56","","","","-20","","Snow"
"-114.01","51.12","CALGARY INTL A","3031092","2024-03-06 02:00","2024","03","06","02:00","","-14.6","","-16.9","","83","","","","8","","5","","6.4","","88.56","","","","-18","","Snow"
"-114.01","51.12","CALGARY INTL A","3031092","2024-03-06 03:00","2024","03","06","03:00","","-13.9","","-16.1","","83","","","","22","","5","","4.8","","88.55","","","","-17","","Snow"
"-114.01","51.12","CALGARY INTL A","3031092","2024-03-06 04:00","2024","03","06","04:00","","-13.5","","-15.7","","84","","","","20","","4","","6.4","","88.53","","","","-16","","Snow"
"-114.01","51.12","CALGARY INTL A","3031092","2024-03-06 05:00","2024","03","06","05:00","","-12.8","","-15.5","","81","","","","22","","4","","6.4","","88.53","","","","-15","","Snow"
"-114.01","51.12","CALGARY INTL A","3031092","2024-03-06 06:00","2024","03","06","06:00","","-13.1","","-15.1","","85","","","","18","","8","","6.4","","88.54","","","","-18","","Snow"
"-114.01","51.12","CALGARY INTL A","3031092","2024-03-06 07:00","2024","03","06","07:00","","-12.6","","-14.8","","84","","","","24","","5","","8.1","","88.53","","","","-16","","Snow"
"-114.01","51.12","CALGARY INTL A","3031092","2024-03-06 08:00","2024","03","06","08:00","","-12.8","","-15.0","","84","","","","17","","8","","16.1","","88.54","","","","-18","","Snow"
"-114.01","51.12","CALGARY INTL A","3031092","2024-03-06 09:00","2024","03","06","09:00","","-12.3","","-14.8","","82","","","","17","","10","","24.1","","88.56","","","","-18","","NA"
"-114.01","51.12","CALGARY INTL A","3031092","2024-03-06 10:00","2024","03","06","10:00","","-11.9","","-15.7","","74","","","","17","","10","","64.4","","88.54","","","","-18","","NA"
"-114.01","51.12","CALGARY INTL A","3031092","2024-03-06 11:00","2024","03","06","11:00","","-10.6","","-15.1","","69","","","","16","","6","","64.4","","88.54","","","","-14","","Clear"
"-114.01","51.12","CALGARY INTL A","3031092","2024-03-06 12:00","2024","03","06","12:00","","-9.1","","-14.6","","65","","","","16","","11","","64.4","","88.51","","","","-15","","NA"
"-114.01","51.12","CALGARY INTL A","3031092","2024-03-06 13:00","2024","03","06","13:00","","-8.5","","-14.0","","65","","","","15","","13","","24.1","","88.49","","","","-14","","NA"
"-114.01","51.12","CALGARY INTL A","3031092","2024-03-06 14:00","2024","03","06","14:00","","-7.9","","-14.1","","61","","","","14","","10","","24.1","","88.47","","","","-13","","Clear"
"-114.01","51.12","CALGARY INTL A","3031092","2024-03-06 15:00","2024","03","06","15:00","","-8.6","","-14.1","","65","","","","12","","16","","24.1","","88.46","","","","-15","","NA"
"-114.01","51.12","CALGARY INTL A","3031092","2024-03-06 16:00","2024","03","06","16:00","","-9.1","","-14.3","","66","","","","12","","13","","24.1","","88.48","","","","-15","","NA"
"-114.01","51.12","CALGARY INTL A","3031092","2024-03-06 17:00","2024","03","06","17:00","","-11.4","","-15.2","","74","","","","9","","15","","24.1","","88.49","","","","-18","","Clear"
"-114.01","51.12","CALGARY INTL A","3031092","2024-03-06 18:00","2024","03","06","18:00","","-11.3","","-15.3","","73","","","","12","","11","","24.1","","88.48","","","","-17","","NA"
"-114.01","51.12","CALGARY INTL A","3031092","2024-03-06 19:00","2024","03","06","19:00","","-13.4","","-16.4","","79","","","","14","","9","","24.1","","88.52","","","","-19","","NA"
"-114.01","51.12","CALGARY INTL A","3031092","2024-03-06 20:00","2024","03","06","20:00","","-13.4","","-15.5","","85","","","","16","","4","","24.1","","88.53","","","","-16","","Clear"
"-114.01","51.12","CALGARY INTL A","3031092","2024-03-06 21:00","2024","03","06","21:00","","-16.2","","-18.0","","86","","","","9","","4","","24.1","","88.56","","","","-19","","NA"
"-114.01","51.12","CALGARY INTL A","3031092","2024-03-06 22:00","2024","03","06","22:00","","-15.6","","-17.4","","86","","","","36","","3","","16.1","","88.58","","","","-18","","Ice Crystals"
"-114.01","51.12","CALGARY INTL A","3031092","2024-03-06 23:00","2024","03","06","23:00","","-17.2","","-19.3","","84","","","","","","0","","24.1","","88.59","","","","","","Ice Crystals"
"-114.01","51.12","CALGARY INTL A","3031092","2024-03-07 00:00","2024","03","07","00:00","","-15.9","","-17.8","","86","","","","20","","8","","16.1","","88.59","","","","-21","","Ice Crystals"
"-114.01","51.12","CALGARY INTL A","3031092","2024-03-07 01:00","2024","03","07","01:00","","-16.1","","-18.0","","85","","","","20","","11","","24.1","","88.56","","","","-23","","Ice Crystals"
"-114.01","51.12","CALGARY INTL A","3031092","2024-03-07 02:00","2024","03","07","02:00","","-14.9","","-16.7","","86","","","","22","","10","","24.1","","88.56","","","","-21","","Clear"
"-114.01","51.12","CALGARY INTL A","3031092","2024-03-07 03:00","2024","03","07","03:00","","-17.4","","-19.7","","82","","","","22","","7","","24.1","","88.55","","","","-23","","NA"
"-114.01","51.12","CALGARY INTL A","3031092","2024-03-07 04:00","2024","03","07","04:00","","-15.0","","-17.0","","85","","","","22","","13","","24.1","","88.53","","","","-22","","NA"
"-114.01","51.12","CALGARY INTL A","3031092","2024-03-07 05:00","2024","03","07","05:00","","-15.9","","-18.0","","84","","","","21","","12","","24.1","","88.54","","","","-23","","Clear"
"-114.01","51.12","CALGARY INTL A","3031092","2024-03-07 06:00","2024","03","07","06:00","","-15.3","","-18.6","","77","","","","21","","8","","24.1","","88.56","","","","-21","","NA"
"-114.01","51.12","CALGARY INTL A","3031092","2024-03-07 07:00","2024","03","07","07:00","","-14.7","","-18.1","","76","","","","20","","8","","64.4","","88.61","","","","-20","","NA"
"-114.01","51.12","CALGARY INTL A","3031092","2024-03-07 08:00","2024","03","07","08:00","","-13.8","","-17.6","","73","","","","19","","4","","64.4","","88.64","","","","-17","","Mainly Clear"
"-114.01","51.12","CALGARY INTL A","3031092","2024-03-07 09:00","2024","03","07","09:00","","-9.4","","-16.0","","59","","","","22","","9","","64.4","","88.68","","","","-14","","NA"
"-114.01","51.12","CALGARY INTL A","3031092","2024-03-07 10:00","2024","03","07","10:00","","-6.9","","-15.8","","50","","","","22","","15","","64.4","","88.72","","","","-13","","NA"
"-114.01","51.12","CALGARY INTL A","3031092","2024-03-07 11:00","2024","03","07","11:00","","-5.1","","-14.9","","46","","","","21","","12","","64.4","","88.75","","","","-10","","Mostly Cloudy"
"-114.01","51.12","CALGARY INTL A","3031092","2024-03-07 12:00","2024","03","07","12:00","","-2.9","","-14.4","","41","","","","23","","6","","64.4","","88.77","","","","-5","","NA"
"-114.01","51.12","CALGARY INTL A","3031092","2024-03-07 13:00","2024","03","07","13:00","","-0.6","","-14.2","","35","","","","23","","11","","64.4","","88.76","","","","-4","","NA"
"-114.01","51.12","CALGARY INTL A","3031092","2024-03-07 14:00","2024","03","07","14:00","","0.7","","-15.0","","30","","","","25","","8","","64.4","","88.76","","","","","","Clear"
"-114.01","51.12","CALGARY INTL A","3031092","2024-03-07 15:00","2024","03","07","15:00","","1.5","","-16.9","","24","","","","27","","5","","64.4","","88.76","","","","","","NA"
"-114.01","51.12","CALGARY INTL A","3031092","2024-03-07 16:00","2024","03","07","16:00","","1.0","","-16.1","","27","","","","12","","4","","48.3","","88.81","","","","","","NA"
"-114.01","51.12","CALGARY INTL A","3031092","2024-03-07 17:00","2024","03","07","17:00","","0.0","","-12.3","","39","","","","17","","12","","32.2","","88.84","","","","-4","","Mostly Cloudy"
"-114.01","51.12","CALGARY INTL A","3031092","2024-03-07 18:00","2024","03","07","18:00","","-1.5","","-13.6","","40","","","","18","","14","","32.2","","88.87","","","","-6","","NA"
"-114.01","51.12","CALGARY INTL A","3031092","2024-03-07 19:00","2024","03","07","19:00","","-3.2","","-13.1","","47","","","","19","","10","","32.2","","88.90","","","","-7","","NA"
"-114.01","51.12","CALGARY INTL A","3031092","2024-03-07 20:00","2024","03","07","20:00","","-3.1","","-14.0","","43","","","","19","","5","","24.1","","88.97","","","","-5","","Mainly Clear"
"-114.01","51.12","CALGARY INTL A","3031092","2024-03-07 21:00","2024","03","07","21:00","","-4.9","","-15.0","","46","","","","17","","5","","24.1","","88.98","","","","-7","","NA"
"-114.01","51.12","CALGARY INTL A","3031092","2024-03-07 22:00","2024","03","07","22:00","","-5.7","","-16.2","","44","","","","17","","5","","24.1","","88.99","","","","-8","","NA"
"-114.01","51.12","CALGARY INTL A","3031092","2024-03-07 23:00","2024","03","07","23:00","","-4.2","","-15.4","","42","","","","22","","11","","24.1","","88.99","","","","-9","","Mainly Clear"
"-114.01","51.12","CALGARY INTL A","3031092","2024-03-08 00:00","2024","03","08","00:00","","-5.4","","-14.6","","49","","","","17","","8","","24.1","","88.98","","","","-9","","NA"
"-114.01","51.12","CALGARY INTL A","3031092","2024-03-08 01:00","2024","03","08","01:00","","-5.7","","-13.3","","55","","","","21","","13","","24.1","","88.95","","","","-11","","NA"
"-114.01","51.12","CALGARY INTL A","3031092","2024-03-08 02:00","2024","03","08","02:00","","-6.8","","-13.5","","59","","","","19","","10","","24.1","","88.96","","","","-11","","Mostly Cloudy"
"-114.01","51.12","CALGARY INTL A","3031092","2024-03-08 03:00","2024","03","08","03:00","","-8.2","","-13.7","","65","","","","18","","10","","24.1","","88.92","","","","-13","","NA"
"-114.01","51.12","CALGARY INTL A","3031092","2024-03-08 04:00","2024","03","08","04:00","","-6.2","","-13.4","","57","","","","27","","4","","24.1","","88.89","","","","-8","","NA"
"-114.01","51.12","CALGARY INTL A","3031092","2024-03-08 05:00","2024","03","08","05:00","","-5.1","","-13.8","","51","","","","19","","10","","24.1","","88.87","","","","-9","","Mainly Clear"
"-114.01","51.12","CALGARY INTL A","3031092","2024-03-08 06:00","2024","03","08","06:00","","-6.3","","-13.8","","56","","","","17","","10","","24.1","","88.84","","","","-11","","NA"
"-114.01","51.12","CALGARY INTL A","3031092","2024-03-08 07:00","2024","03","08","07:00","","-3.2","","-12.7","","48","","","","22","","17","","48.3","","88.84","","","","-9","","NA"
"-114.01","51.12","CALGARY INTL A","3031092","2024-03-08 08:00","2024","03","08","08:00","","-2.4","","-11.9","","48","","","","21","","12","","48.3","","88.83","","","","-7","","Cloudy"
"-114.01","51.12","CALGARY INTL A","3031092","2024-03-08 09:00","2024","03","08","09:00","","1.7","","-10.1","","41","","","","27","","20","","64.4","","88.86","","","","","","NA"
"-114.01","51.12","CALGARY INTL A","3031092","2024-03-08 10:00","2024","03","08","10:00","","3.2","","-8.9","","41","","","","26","","13","","64.4","","88.86","","","","","","NA"
"-114.01","51.12","CALGARY INTL A","3031092","2024-03-08 11:00","2024","03","08","11:00","","5.8","","-8.4","","35","","","","27","","24","","64.4","","88.87","","","","","","Mostly Cloudy"
"-114.01","51.12","CALGARY INTL A","3031092","2024-03-08 12:00","2024","03","08","12:00","","6.7","","-7.0","","37","","","","28","","25","","64.4","","88.87","","","","","","NA"
"-114.01","51.12","CALGARY INTL A","3031092","2024-03-08 13:00","2024","03","08","13:00","","7.1","","-7.3","","35","","","","28","","29","","64.4","","88.85","","","","","","NA"
"-114.01","51.12","CALGARY INTL A","3031092","2024-03-08 14:00","2024","03","08","14:00","","7.5","","-6.9","","35","","","","27","","32","","64.4","","88.80","","","","","","Cloudy"
"-114.01","51.12","CALGARY INTL A","3031092","2024-03-08 15:00","2024","03","08","15:00","","7.6","","-6.2","","37","","","","28","","14","","64.4","","88.80","","","","","","NA"
"-114.01","51.12","CALGARY INTL A","3031092","2024-03-08 16:00","2024","03","08","16:00","","7.4","","-6.2","","37","","","","27","","28","","48.3","","88.80","","","","","","NA"
"-114.01","51.12","CALGARY INTL A","3031092","2024-03-08 17:00","2024","03","08","17:00","","7.1","","-6.0","","39","","","","27","","23","","32.2","","88.78","","","","","","Cloudy"
"-114.01","51.12","CALGARY INTL A","3031092","2024-03-08 18:00","2024","03","08","18:00","","6.5","","-6.6","","39","","","","27","","25","","32.2","","88.75","","","","","","NA"
"-114.01","51.12","CALGARY INTL A","3031092","2024-03-08 19:00","2024","03","08","19:00","","5.8","","-6.4","","41","","","","27","","25","","24.1","","88.72","","","","","","NA"
"-114.01","51.12","CALGARY INTL A","3031092","2024-03-08 20:00","2024","03","08","20:00","","5.3","","-5.9","","44","","","","26","","17","","24.1","","88.71","","","","","","Mostly Cloudy"
"-114.01","51.12","CALGARY INTL A","3031092","2024-03-08 21:00","2024","03","08","21:00","","4.4","","-5.4","","49","","","","21","","10","","24.1","","88.68","","","","","","NA"
"-114.01","51.12","CALGARY INTL A","3031092","2024-03-08 22:00","2024","03","08","22:00","","3.8","","-5.3","","51","","","","24","","12","","24.1","","88.68","","","","","","NA"
"-114.01","51.12","CALGARY INTL A","3031092","2024-03-08 23:00","2024","03","08","23:00","","3.7","","-5.4","","52","","","","22","","7","","24.1","","88.67","","","","","","Mostly Cloudy"
"-114.01","51.12","CALGARY INTL A","3031092","2024-03-09 00:00","2024","03","09","00:00","","3.1","","-5.4","","54","","","","21","","7","","24.1","","88.65","","","","","","NA"
"-114.01","51.12","CALGARY INTL A","3031092","2024-03-09 01:00","2024","03","09","01:00","","3.8","","-5.5","","51","","","","","","0","","16.1","","88.59","","","","","","NA"
"-114.01","51.12","CALGARY INTL A","3031092","2024-03-09 02:00","2024","03","09","02:00","","2.1","","-4.6","","62","","","","17","","5","","12.9","","88.55","","","","","","Mostly Cloudy"
"-114.01","51.12","CALGARY INTL A","3031092","2024-03-09 03:00","2024","03","09","03:00","","2.1","","-5.0","","60","","","","20","","9","","16.1","","88.50","","","","","","NA"
"-114.01","51.12","CALGARY INTL A","3031092","2024-03-09 04:00","2024","03","09","04:00","","1.1","","-5.1","","63","","","","18","","5","","16.1","","88.42","","","","","","NA"
"-114.01","51.12","CALGARY INTL A","3031092","2024-03-09 05:00","2024","03","09","05:00","","-0.6","","-5.0","","72","","","","19","","9","","16.1","","88.37","","","","-4","","Mostly Cloudy"
"-114.01","51.12","CALGARY INTL A","3031092","2024-03-09 06:00","2024","03","09","06:00","","-0.1","","-5.1","","69","","","","18","","8","","24.1","","88.29","","","","-3","","NA"
"-114.01","51.12","CALGARY INTL A","3031092","2024-03-09 07:00","2024","03","09","07:00","","-1.2","","-4.8","","77","","","","18","","16","","32.2","","88.19","","","","-6","","NA"
"-114.01","51.12","CALGARY INTL A","3031092","2024-03-09 08:00","2024","03","09","08:00","","0.0","","-5.0","","69","","","","20","","7","","64.4","","88.12","","","","-2","","Cloudy"
"-114.01","51.12","CALGARY INTL A","3031092","2024-03-09 09:00","2024","03","09","09:00","","1.0","","-4.2","","69","","","","21","","8","","64.4","","88.08","","","","","","NA"
"-114.01","51.12","CALGARY INTL A","3031092","2024-03-09 10:00","2024","03","09","10:00","","3.0","","-4.4","","58","","","","22","","7","","64.4","","88.02","","","","","","NA"
"-114.01","51.12","CALGARY INTL A","3031092","2024-03-09 11:00","2024","03","09","11:00","","5.3","","-5.4","","46","","","","19","","9","","64.4","","87.92","","","","","","Cloudy"
"-114.01","51.12","CALGARY INTL A","3031092","2024-03-09 12:00","2024","03","09","12:00","","6.8","","-5.3","","42","","","","23","","4","","64.4","","87.83","","","","","","NA"
"-114.01","51.12","CALGARY INTL A","3031092","2024-03-09 13:00","2024","03","09","13:00","","7.0","","-3.8","","46","","","","18","","7","","64.4","","87.73","","","","","","NA"
"-114.01","51.12","CALGARY INTL A","3031092","2024-03-09 14:00","2024","03","09","14:00","","7.6","","-7.0","","35","","","","15","","13","","64.4","","87.59","","","","","","Cloudy"
"-114.01","51.12","CALGARY INTL A","3031092","2024-03-09 15:00","2024","03","09","15:00","","8.4","","-7.6","","31","","","","17","","15","","48.3","","87.51","","","","","","NA"
"-114.01","51.12","CALGARY INTL A","3031092","2024-03-09 16:00","2024","03","09","16:00","","9.2","","-7.9","","29","","","","16","","19","","48.3","","87.44","","","","","","NA"
"-114.01","51.12","CALGARY INTL A","3031092","2024-03-09 17:00","2024","03","09","17:00","","9.4","","-9.7","","25","","","","20","","24","","32.2","","87.36","","","","","","Cloudy"
"-114.01","51.12","CALGARY INTL A","3031092","2024-03-09 18:00","2024","03","09","18:00","","6.8","","-5.9","","40","","","","15","","18","","24.1","","87.36","","","","","","NA"
"-114.01","51.12","CALGARY INTL A","3031092","2024-03-09 19:00","2024","03","09","19:00","","4.5","","-5.7","","48","","","","1","","9","","24.1","","87.43","","","","","","NA"
"-114.01","51.12","CALGARY INTL A","3031092","2024-03-09 20:00","2024","03","09","20:00","","6.9","","-9.4","","30","","","","25","","12","","24.1","","87.46","","","","","","Mostly Cloudy"
"-114.01","51.12","CALGARY INTL A","3031092","2024-03-09 21:00","2024","03","09","21:00","","5.8","","-9.5","","32","","","","23","","11","","24.1","","87.53","","","","","","NA"
"-114.01","51.12","CALGARY INTL A","3031092","2024-03-09 22:00","2024","03","09","22:00","","5.1","","-9.3","","34","","","","22","","17","","24.1","","87.54","","","","","","NA"
"-114.01","51.12","CALGARY INTL A","3031092","2024-03-09 23:00","2024","03","09","23:00","","3.4","","-8.4","","42","","","","22","","14","","16.1","","87.59","","","","","","Mainly Clear"
"-114.01","51.12","CALGARY INTL A","3031092","2024-03-10 00:00","2024","03","10","00:00","","2.6","","-8.2","","45","","","","24","","7","","24.1","","87.62","","","","","","NA"
"-114.01","51.12","CALGARY INTL A","3031092","2024-03-10 01:00","2024","03","10","01:00","","2.3","","-8.4","","45","","","","23","","7","","24.1","","87.60","","","","","","NA"
"-114.01","51.12","CALGARY INTL A","3031092","2024-03-10 02:00","2024","03","10","02:00","","-0.8","","-7.6","","60","","","","19","","13","","24.1","","87.61","","","","-5","","Clear"
"-114.01","51.12","CALGARY INTL A","3031092","2024-03-10 03:00","2024","03","10","03:00","","-1.9","","-7.6","","65","","","","19","","4","","24.1","","87.62","","","","-3","","NA"
"-114.01","51.12","CALGARY INTL A","3031092","2024-03-10 04:00","2024","03","10","04:00","","-3.2","","-8.1","","69","","","","16","","11","","24.1","","87.60","","","","-7","","NA"
"-114.01","51.12","CALGARY INTL A","3031092","2024-03-10 05:00","2024","03","10","05:00","","-1.5","","-8.6","","59","","","","21","","7","","24.1","","87.64","","","","-4","","Clear"
"-114.01","51.12","CALGARY INTL A","3031092","2024-03-10 06:00","2024","03","10","06:00","","-2.5","","-8.2","","65","","","","9","","10","","24.1","","87.67","","","","-6","","NA"
"-114.01","51.12","CALGARY INTL A","3031092","2024-03-10 07:00","2024","03","10","07:00","","2.1","","-10.4","","39","","","","24","","8","","64.4","","87.67","","","","","","NA"
"-114.01","51.12","CALGARY INTL A","3031092","2024-03-10 08:00","2024","03","10","08:00","","1.8","","-10.2","","41","","","","29","","5","","64.4","","87.70","","","","","","Mostly Cloudy"
"-114.01","51.12","CALGARY INTL A","3031092","2024-03-10 09:00","2024","03","10","09:00","","0.4","","-8.2","","53","","","","18","","18","","64.4","","87.70","","","","","","NA"
"-114.01","51.12","CALGARY INTL A","3031092","2024-03-10 10:00","2024","03","10","10:00","","5.1","","-7.6","","40","","","","17","","13","","64.4","","87.68","","","","","","NA"
"-114.01","51.12","CALGARY INTL A","3031092","2024-03-10 11:00","2024","03","10","11:00","","6.2","","-6.4","","40","","","","18","","23","","64.4","","87.64","","","","","","Mainly Clear"
"-114.01","51.12","CALGARY INTL A","3031092","2024-03-10 12:00","2024","03","10","12:00","","6.8","","-5.8","","40","","","","18","","24","","64.4","","87.56","","","","","","NA"
"-114.01","51.12","CALGARY INTL A","3031092","2024-03-10 13:00","2024","03","10","13:00","","6.9","","-5.2","","42","","","","16","","30","","64.4","","87.51","","","","","","NA"
"-114.01","51.12","CALGARY INTL A","3031092","2024-03-10 14:00","2024","03","10","14:00","","7.0","","-4.7","","43","","","","18","","23","","24.1","","87.45","","","","","","Mostly Cloudy"
"-114.01","51.12","CALGARY INTL A","3031092","2024-03-10 15:00","2024","03","10","15:00","","8.2","","-3.3","","44","","","","13","","13","","24.1","","87.39","","","","","","NA"
"-114.01","51.12","CALGARY INTL A","3031092","2024-03-10 16:00","2024","03","10","16:00","","8.9","","-8.7","","28","","","","20","","24","","24.1","","87.39","","","","","","NA"
"-114.01","51.12","CALGARY INTL A","3031092","2024-03-10 17:00","2024","03","10","17:00","","8.7","","-7.9","","30","","","","15","","7","","24.1","","87.40","","","","","","Mostly Cloudy"
"-114.01","51.12","CALGARY INTL A","3031092","2024-03-10 18:00","2024","03","10","18:00","","8.1","","-8.4","","30","","","","19","","11","","24.1","","87.40","","","","","","NA"
"-114.01","51.12","CALGARY INTL A","3031092","2024-03-10 19:00","2024","03","10","19:00","","6.2","","-6.2","","40","","","","19","","8","","16.1","","87.38","","","","","","NA"
"-114.01","51.12","CALGARY INTL A","3031092","2024-03-10 20:00","2024","03","10","20:00","","4.8","","-5.5","","47","","","","17","","9","","24.1","","87.42","","","","","","Mainly Clear"
"-114.01","51.12","CALGARY INTL A","3031092","2024-03-10 21:00","2024","03","10","21:00","","3.7","","-5.8","","50","","","","15","","10","","24.1","","87.44","","","","","","NA"
"-114.01","51.12","CALGARY INTL A","3031092","2024-03-10 22:00","2024","03","10","22:00","","0.9","","-5.2","","64","","","","7","","10","","24.1","","87.48","","","","","","NA"
"-114.01","51.12","CALGARY INTL A","3031092","2024-03-10 23:00","2024","03","10","23:00","","0.9","","-4.9","","65","","","","8","","11","","24.1","","87.52","","","","","","Mostly Cloudy"
"-114.01","51.12","CALGARY INTL A","3031092","2024-03-11 00:00","2024","03","11","00:00","","0.5","","-4.4","","70","","","","9","","10","","24.1","","87.56","","","","","","NA"
"-114.01","51.12","CALGARY INTL A","3031092","2024-03-11 01:00","2024","03","11","01:00","","0.8","","-3.8","","71","","","","8","","10","","24.1","","87.63","","","","","","NA"
"-114.01","51.12","CALGARY INTL A","3031092","2024-03-11 02:00","2024","03","11","02:00","","-0.3","","-4.5","","73","","","","15","","11","","24.1","","87.65","","","","-4","","Mostly Cloudy"
"-114.01","51.12","CALGARY INTL A","3031092","2024-03-11 03:00","2024","03","11","03:00","","-0.8","","-4.5","","76","","","","18","","5","","24.1","","87.69","","","","-2","","NA"
"-114.01","51.12","CALGARY INTL A","3031092","2024-03-11 04:00","2024","03","11","04:00","","-1.2","","-4.5","","78","","","","18","","9","","24.1","","87.73","","","","-4","","NA"
"-114.01","51.12","CALGARY INTL A","3031092","2024-03-11 05:00","2024","03","11","05:00","","-3.5","","-5.6","","86","","","","6","","10","","24.1","","87.79","","","","-7","","Mainly Clear"
"-114.01","51.12","CALGARY INTL A","3031092","2024-03-11 06:00","2024","03","11","06:00","","-3.3","","-6.2","","81","","","","6","","10","","24.1","","87.84","","","","-7","","NA"
"-114.01","51.12","CALGARY INTL A","3031092","2024-03-11 07:00","2024","03","11","07:00","","-3.4","","-6.2","","81","","","","33","","4","","64.4","","87.86","","","","-5","","NA"
"-114.01","51.12","CALGARY INTL A","3031092","2024-03-11 08:00","2024","03","11","08:00","","-1.5","","-5.1","","77","","","","13","","6","","24.1","","87.93","","","","-4","","Mostly Cloudy"
"-114.01","51.12","CALGARY INTL A","3031092","2024-03-11 09:00","2024","03","11","09:00","","2.4","","-5.9","","54","","","","21","","8","","24.1","","87.94","","","","","","NA"
"-114.01","51.12","CALGARY INTL A","3031092","2024-03-11 10:00","2024","03","11","10:00","","5.3","","-6.1","","44","","","","20","","10","","64.4","","87.94","","","","","","NA"
"-114.01","51.12","CALGARY INTL A","3031092","2024-03-11 11:00","2024","03","11","11:00","","6.5","","-8.9","","32","","","","24","","11","","64.4","","87.94","","","","","","Mostly Cloudy"
"-114.01","51.12","CALGARY INTL A","3031092","2024-03-11 12:00","2024","03","11","12:00","","7.2","","-9.8","","29","","","","29","","13","","64.4","","87.91","","","","","","NA"
"-114.01","51.12","CALGARY INTL A","3031092","2024-03-11 13:00","2024","03","11","13:00","","8.0","","-9.3","","28","","","","28","","5","","64.4","","87.87","","","","","","NA"
"-114.01","51.12","CALGARY INTL A","3031092","2024-03-11 14:00","2024","03","11","14:00","","8.4","","-8.5","","29","","","","17","","13","","64.4","","87.84","","","","","","Mainly Clear"
"-114.01","51.12","CALGARY INTL A","3031092","2024-03-11 15:00","2024","03","11","15:00","","8.0","","-11.3","","24","","","","20","","4","","24.1","","87.78","","","","","","NA"
"-114.01","51.12","CALGARY INTL A","3031092","2024-03-11 16:00","2024","03","11","16:00","","8.9","","-11.1","","23","","","","28","","13","","24.1","","87.77","","","","","","NA"
"-114.01","51.12","CALGARY INTL A","3031092","2024-03-11 17:00","2024","03","11","17:00","","8.0","","-11.6","","24","","","","25","","15","","24.1","","87.77","","","","","","Mainly Clear"
"-114.01","51.12","CALGARY INTL A","3031092","2024-03-11 18:00","2024","03","11","18:00","","6.5","","-9.4","","31","","","","27","","10","","24.1","","87.78","","","","","","NA"
"-114.01","51.12","CALGARY INTL A","3031092","2024-03-11 19:00","2024","03","11","19:00","","5.5","","-8.1","","37","","","","22","","13","","24.1","","87.77","","","","","","NA"
"-114.01","51.12","CALGARY INTL A","3031092","2024-03-11 20:00","2024","03","11","20:00","","4.7","","-7.2","","42","","","","22","","13","","24.1","","87.79","","","","","","Mostly Cloudy"
"-114.01","51.12","CALGARY INTL A","3031092","2024-03-11 21:00","2024","03","11","21:00","","3.5","","-6.4","","48","","","","14","","8","","24.1","","87.79","","","","","","NA"
"-114.01","51.12","CALGARY INTL A","3031092","2024-03-11 22:00","2024","03","11","22:00","","3.0","","-6.5","","50","","","","16","","4","","24.1","","87.77","","","","","","NA"
"-114.01","51.12","CALGARY INTL A","3031092","2024-03-11 23:00","2024","03","11","23:00","","2.8","","-6.5","","50","","","","22","","5","","24.1","","87.73","","","","","","Mostly Cloudy"
"-114.01","51.12","CALGARY INTL A","3031092","2024-03-12 00:00","2024","03","12","00:00","","3.0","","-7.0","","48","","","","23","","7","","24.1","","87.73","","","","","","NA"
"-114.01","51.12","CALGARY INTL A","3031092","2024-03-12 01:00","2024","03","12","01:00","","1.8","","-5.8","","57","","","","19","","7","","24.1","","87.70","","","","","","NA"
"-114.01","51.12","CALGARY INTL A","3031092","2024-03-12 02:00","2024","03","12","02:00","","2.3","","-6.7","","52","","","","21","","3","","24.1","","87.71","","","","","","Mostly Cloudy"
"-114.01","51.12","CALGARY INTL A","3031092","2024-03-12 03:00","2024","03","12","03:00","","1.7","","-5.7","","58","","","","22","","7","","24.1","","87.69","","","","","","NA"
"-114.01","51.12","CALGARY INTL A","3031092","2024-03-12 04:00","2024","03","12","04:00","","1.3","","-5.4","","61","","","","20","","8","","24.1","","87.68","","","","","","NA"
"-114.01","51.12","CALGARY INTL A","3031092","2024-03-12 05:00","2024","03","12","05:00","","2.0","","-7.1","","51","","","","23","","10","","24.1","","87.68","","","","","","Mostly Cloudy"
"-114.01","51.12","CALGARY INTL A","3031092","2024-03-12 06:00","2024","03","12","06:00","","1.3","","-6.8","","55","","","","22","","10","","24.1","","87.70","","","","","","NA"
"-114.01","51.12","CALGARY INTL A","3031092","2024-03-12 07:00","2024","03","12","07:00","","-0.2","","-6.6","","62","","","","19","","5","","64.4","","87.69","","","","-2","","NA"
"-114.01","51.12","CALGARY INTL A","3031092","2024-03-12 08:00","2024","03","12","08:00","","1.7","","-6.5","","55","","","","18","","5","","64.4","","87.71","","","","","","Mainly Clear"
"-114.01","51.12","CALGARY INTL A","3031092","2024-03-12 09:00","2024","03","12","09:00","","3.4","","-6.7","","48","","","","21","","10","","64.4","","87.73","","","","","","NA"
"-114.01","51.12","CALGARY INTL A","3031092","2024-03-12 10:00","2024","03","12","10:00","","5.5","","-6.2","","42","","","","22","","15","","64.4","","87.76","","","","","","NA"
"-114.01","51.12","CALGARY INTL A","3031092","2024-03-12 11:00","2024","03","12","11:00","","7.8","","-7.9","","32","","","","22","","12","","64.4","","87.79","","","","","","Mostly Cloudy"
"-114.01","51.12","CALGARY INTL A","3031092","2024-03-12 12:00","2024","03","12","12:00","","8.5","","-8.6","","29","","","","28","","17","","64.4","","87.81","","","","","","NA"
"-114.01","51.12","CALGARY INTL A","3031092","2024-03-12 13:00","2024","03","12","13:00","","9.0","","-8.1","","29","","","","29","","22","","64.4","","87.81","","","","","","NA"
"-114.01","51.12","CALGARY INTL A","3031092","2024-03-12 14:00","2024","03","12","14:00","","9.1","","-7.4","","30","","","","","","0","","64.4","","87.81","","","","","","Mostly Cloudy"
"-114.01","51.12","CALGARY INTL A","3031092","2024-03-12 15:00","2024","03","12","15:00","","9.3","","-9.2","","26","","","","31","","12","","64.4","","87.83","","","","","","NA"
"-114.01","51.12","CALGARY INTL A","3031092","2024-03-12 16:00","2024","03","12","16:00","","9.7","","-9.3","","25","","","","30","","22","","64.4","","87.85","","","","","","NA"
"-114.01","51.12","CALGARY INTL A","3031092","2024-03-12 17:00","2024","03","12","17:00","","9.7","","-8.7","","26","","","","29","","9","","24.1","","87.88","","","","","","Mostly Cloudy"
"-114.01","51.12","CALGARY INTL A","3031092","2024-03-12 18:00","2024","03","12","18:00","","8.8","","-8.8","","28","","","","27","","11","","24.1","","87.95","","","","","","NA"
"-114.01","51.12","CALGARY INTL A","3031092","2024-03-12 19:00","2024","03","12","19:00","","6.8","","-7.8","","35","","","","27","","10","","24.1","","88.01","","","","","","NA"
"-114.01","51.12","CALGARY INTL A","3031092","2024-03-12 20:00","2024","03","12","20:00","","4.5","","-7.1","","43","","","","13","","4","","24.1","","88.10","","","","","","Clear"
"-114.01","51.12","CALGARY INTL A","3031092","2024-03-12 21:00","2024","03","12","21:00","","3.4","","-7.0","","46","","","","6","","3","","24.1","","88.14","","","","","","NA"
"-114.01","51.12","CALGARY INTL A","3031092","2024-03-12 22:00","2024","03","12","22:00","","2.8","","-6.6","","50","","","","15","","5","","24.1","","88.19","","","","","","NA"
"-114.01","51.12","CALGARY INTL A","3031092","2024-03-12 23:00","2024","03","12","23:00","","0.1","","-5.8","","65","","","","3","","11","","24.1","","88.23","","","","","","Clear"
"-114.01","51.12","CALGARY INTL A","3031092","2024-03-13 00:00","2024","03","13","00:00","","0.6","","-6.1","","61","","","","35","","10","","24.1","","88.31","","","","","","NA"
"-114.01","51.12","CALGARY INTL A","3031092","2024-03-13 01:00","2024","03","13","01:00","","0.4","","-6.8","","59","","","","34","","11","","24.1","","88.36","","","","","","NA"
"-114.01","51.12","CALGARY INTL A","3031092","2024-03-13 02:00","2024","03","13","02:00","","-1.0","","-6.7","","65","","","","35","","8","","24.1","","88.42","","","","-4","","Clear"
"-114.01","51.12","CALGARY INTL A","3031092","2024-03-13 03:00","2024","03","13","03:00","","-1.9","","-6.6","","70","","","","8","","8","","24.1","","88.46","","","","-5","","NA"
"-114.01","51.12","CALGARY INTL A","3031092","2024-03-13 04:00","2024","03","13","04:00","","-1.1","","-7.0","","65","","","","35","","8","","24.1","","88.53","","","","-4","","NA"
"-114.01","51.12","CALGARY INTL A","3031092","2024-03-13 05:00","2024","03","13","05:00","","-3.0","","-6.8","","75","","","","3","","9","","24.1","","88.64","","","","-7","","Mainly Clear"
"-114.01","51.12","CALGARY INTL A","3031092","2024-03-13 06:00","2024","03","13","06:00","","-2.4","","-7.4","","69","","","","2","","8","","24.1","","88.74","","","","-6","","NA"
"-114.01","51.12","CALGARY INTL A","3031092","2024-03-13 07:00","2024","03","13","07:00","","-1.1","","-7.5","","62","","","","35","","14","","64.4","","88.86","","","","-6","","NA"
"-114.01","51.12","CALGARY INTL A","3031092","2024-03-13 08:00","2024","03","13","08:00","","1.6","","-5.7","","59","","","","36","","23","","14.5","","89.01","","","","","","Mostly Cloudy"
"-114.01","51.12","CALGARY INTL A","3031092","2024-03-13 09:00","2024","03","13","09:00","","2.2","","-5.6","","56","","","","35","","13","","24.1","","89.10","","","","","","NA"
"-114.01","51.12","CALGARY INTL A","3031092","2024-03-13 10:00","2024","03","13","10:00","","3.9","","-4.0","","57","","","","33","","30","","24.1","","89.19","","","","","","NA"
"-114.01","51.12","CALGARY INTL A","3031092","2024-03-13 11:00","2024","03","13","11:00","","3.8","","-3.8","","58","","","","34","","30","","48.3","","89.26","","","","","","Mostly Cloudy"
"-114.01","51.12","CALGARY INTL A","3031092","2024-03-13 12:00","2024","03","13","12:00","","3.8","","-2.7","","63","","","","36","","26","","48.3","","89.32","","","","","","NA"
"-114.01","51.12","CALGARY INTL A","3031092","2024-03-13 13:00","2024","03","13","13:00","","5.0","","-2.1","","60","","","","1","","25","","48.3","","89.34","","","","","","NA"
"-114.01","51.12","CALGARY INTL A","3031092","2024-03-13 14:00","2024","03","13","14:00","","6.0","","-3.3","","51","","","","1","","16","","48.3","","89.38","","","","","","Mostly Cloudy"
"-114.01","51.12","CALGARY INTL A","3031092","2024-03-13 15:00","2024","03","13","15:00","","5.8","","-3.6","","51","","","","4","","21","","32.2","","89.42","","","","","","NA"
"-114.01","51.12","CALGARY INTL A","3031092","2024-03-13 16:00","2024","03","13","16:00","","5.7","","-4.0","","50","","","","5","","21","","24.1","","89.45","","","","","","NA"
"-114.01","51.12","CALGARY INTL A","3031092","2024-03-13 17:00","2024","03","13","17:00","","4.9","","-4.0","","52","","","","7","","22","","24.1","","89.53","","","","","","Mainly Clear"
"-114.01","51.12","CALGARY INTL A","3031092","2024-03-13 18:00","2024","03","13","18:00","","3.0","","-3.8","","61","","","","7","","16","","48.3","","89.59","","","","","","NA"
"-114.01","51.12","CALGARY INTL A","3031092","2024-03-13 19:00","2024","03","13","19:00","","2.9","","-2.4","","68","","","","10","","14","","24.1","","89.67","","","","","","NA"
"-114.01","51.12","CALGARY INTL A","3031092","2024-03-13 20:00","2024","03","13","20:00","","1.1","","-0.9","","86","","","","9","","16","","9.7","","89.72","","","","","","Fog"
"-114.01","51.12","CALGARY INTL A","3031092","2024-03-13 21:00","2024","03","13","21:00","","1.1","","-1.0","","85","","","","10","","9","","24.1","","89.79","","","","","","NA"
"-114.01","51.12","CALGARY INTL A","3031092","2024-03-13 22:00","2024","03","13","22:00","","0.4","","-1.6","","86","","","","7","","9","","24.1","","89.83","","","","","","NA"
"-114.01","51.12","CALGARY INTL A","3031092","2024-03-13 23:00","2024","03","13","23:00","","-0.3","","-2.0","","88","","","","9","","9","","24.1","","89.87","","","","-3","","Mainly Clear"
"-114.01","51.12","CALGARY INTL A","3031092","2024-03-14 00:00","2024","03","14","00:00","","-1.2","","-2.3","","92","","","","19","","12","","24.1","","89.86","","","","-5","","NA"
"-114.01","51.12","CALGARY INTL A","3031092","2024-03-14 01:00","2024","03","14","01:00","","-1.2","","-2.4","","92","","","","17","","9","","24.1","","89.85","","","","-4","","NA"
"-114.01","51.12","CALGARY INTL A","3031092","2024-03-14 02:00","2024","03","14","02:00","","-1.1","","-2.1","","93","","","","10","","10","","24.1","","89.87","","","","-5","","Clear"
"-114.01","51.12","CALGARY INTL A","3031092","2024-03-14 03:00","2024","03","14","03:00","","-2.1","","-2.8","","95","","","","10","","8","","24.1","","89.92","","","","-5","","NA"
"-114.01","51.12","CALGARY INTL A","3031092","2024-03-14 04:00","2024","03","14","04:00","","-2.4","","-4.5","","85","","","","13","","8","","24.1","","89.91","","","","-6","","NA"
"-114.01","51.12","CALGARY INTL A","3031092","2024-03-14 05:00","2024","03","14","05:00","","-2.1","","-7.1","","69","","","","8","","12","","24.1","","89.97","","","","-6","","Clear"
"-114.01","51.12","CALGARY INTL A","3031092","2024-03-14 06:00","2024","03","14","06:00","","-2.4","","-7.9","","66","","","","7","","13","","24.1","","90.00","","","","-7","","NA"
"-114.01","51.12","CALGARY INTL A","3031092","2024-03-14 07:00","2024","03","14","07:00","","-2.0","","-8.8","","60","","","","7","","13","","64.4","","90.05","","","","-6","","NA"
"-114.01","51.12","CALGARY INTL A","3031092","2024-03-14 08:00","2024","03","14","08:00","","1.0","","-5.8","","60","","","","8","","9","","48.3","","90.04","","","","","","Cloudy"
"-114.01","51.12","CALGARY INTL A","3031092","2024-03-14 09:00","2024","03","14","09:00","","3.3","","-8.9","","40","","","","15","","8","","64.4","","89.99","","","","","","NA"
"-114.01","51.12","CALGARY INTL A","3031092","2024-03-14 10:00","2024","03","14","10:00","","4.3","","-7.9","","41","","","","21","","10","","64.4","","89.98","","","","","","NA"
"-114.01","51.12","CALGARY INTL A","3031092","2024-03-14 11:00","2024","03","14","11:00","","5.0","","-6.2","","44","","","","22","","7","","64.4","","89.93","","","","","","Mostly Cloudy"
"-114.01","51.12","CALGARY INTL A","3031092","2024-03-14 12:00","2024","03","14","12:00","","6.9","","-9.7","","30","","","","18","","21","","64.4","","89.89","","","","","","NA"
"-114.01","51.12","CALGARY INTL A","3031092","2024-03-14 13:00","2024","03","14","13:00","","8.0","","-9.3","","28","","","","17","","19","","64.4","","89.81","","","","","","NA"
"-114.01","51.12","CALGARY INTL A","3031092","2024-03-14 14:00","2024","03","14","14:00","","9.3","","-6.9","","31","","","","16","","13","","64.4","","89.76","","","","","","Mainly Clear"
"-114.01","51.12","CALGARY INTL A","3031092","2024-03-14 15:00","2024","03","14","15:00","","9.7","","-6.4","","32","","","","15","","18","","64.4","","89.65","","","","","","NA"
"-114.01","51.12","CALGARY INTL A","3031092","2024-03-14 16:00","2024","03","14","16:00","","9.1","","-5.8","","34","","","","17","","19","","48.3","","89.60","","","","","","NA"
"-114.01","51.12","CALGARY INTL A","3031092","2024-03-14 17:00","2024","03","14","17:00","","8.1","","-5.2","","38","","","","14","","14","","48.3","","89.53","","","","","","Mostly Cloudy"
"-114.01","51.12","CALGARY INTL A","3031092","2024-03-14 18:00","2024","03","14","18:00","","7.0","","-4.1","","45","","","","15","","14","","64.4","","89.49","","","","","","NA"
"-114.01","51.12","CALGARY INTL A","3031092","2024-03-14 19:00","2024","03","14","19:00","","5.7","","-3.6","","51","","","","16","","13","","32.2","","89.45","","","","","","NA"
"-114.01","51.12","CALGARY INTL A","3031092","2024-03-14 20:00","2024","03","14","20:00","","5.5","","-4.3","","49","","","","19","","9","","24.1","","89.40","","","","","","Mainly Clear"
"-114.01","51.12","CALGARY INTL A","3031092","2024-03-14 21:00","2024","03","14","21:00","","5.9","","-4.9","","46","","","","15","","5","","24.1","","89.39","","","","","","NA"
"-114.01","51.12","CALGARY INTL A","3031092","2024-03-14 22:00","2024","03","14","22:00","","4.2","","-5.1","","51","","","","18","","12","","24.1","","89.34","","","","","","NA"
"-114.01","51.12","CALGARY INTL A","3031092","2024-03-14 23:00","2024","03","14","23:00","","7.6","","-5.4","","39","","","","28","","6","","24.1","","89.32","","","","","","Mostly Cloudy"
"-114.01","51.12","CALGARY INTL A","3031092","2024-03-15 00:00","2024","03","15","00:00","","6.8","","-4.8","","43","","","","17","","5","","24.1","","89.31","","","","","","NA"
"-114.01","51.12","CALGARY INTL A","3031092","2024-03-15 01:00","2024","03","15","01:00","","8.2","","-4.7","","40","","","","26","","9","","24.1","","89.30","","","","","","NA"
"-114.01","51.12","CALGARY INTL A","3031092","2024-03-15 02:00","2024","03","15","02:00","","7.5","","-3.9","","44","","","","30","","10","","24.1","","89.32","","","","","","Clear"
"-114.01","51.12","CALGARY INTL A","3031092","2024-03-15 03:00","2024","03","15","03:00","","4.3","","-3.6","","56","","","","","","0","","24.1","","89.34","","","","","","NA"
"-114.01","51.12","CALGARY INTL A","3031092","2024-03-15 04:00","2024","03","15","04:00","","3.4","","-3.2","","62","","","","","","0","","24.1","","89.35","","","","","","NA"
"-114.01","51.12","CALGARY INTL A","3031092","2024-03-15 05:00","2024","03","15","05:00","","5.3","","-3.3","","54","","","","31","","5","","24.1","","89.38","","","","","","Mainly Clear"
"-114.01","51.12","CALGARY INTL A","3031092","2024-03-15 06:00","2024","03","15","06:00","","5.7","","-3.7","","51","","","","36","","3","","32.2","","89.39","","","","","","NA"
"-114.01","51.12","CALGARY INTL A","3031092","2024-03-15 07:00","2024","03","15","07:00","","2.8","","-3.7","","62","","","","4","","5","","64.4","","89.46","","","","","","NA"
"-114.01","51.12","CALGARY INTL A","3031092","2024-03-15 08:00","2024","03","15","08:00","","4.9","","-2.3","","60","","","","12","","7","","64.4","","89.51","","","","","","Cloudy"
"-114.01","51.12","CALGARY INTL A","3031092","2024-03-15 09:00","2024","03","15","09:00","","6.8","","-1.5","","56","","","","35","","3","","64.4","","89.59","","","","","","NA"
"-114.01","51.12","CALGARY INTL A","3031092","2024-03-15 10:00","2024","03","15","10:00","","9.6","","-1.4","","46","","","","3","","11","","64.4","","89.64","","","","","","NA"
"-114.01","51.12","CALGARY INTL A","3031092","2024-03-15 11:00","2024","03","15","11:00","","11.0","","-1.6","","41","","","","36","","17","","64.4","","89.66","","","","","","Cloudy"
"-114.01","51.12","CALGARY INTL A","3031092","2024-03-15 12:00","2024","03","15","12:00","","11.1","","-0.6","","44","","","","3","","19","","64.4","","89.62","","","","","","NA"
"-114.01","51.12","CALGARY INTL A","3031092","2024-03-15 13:00","2024","03","15","13:00","","11.5","","-0.2","","44","","","","4","","16","","64.4","","89.59","","","","","","NA"
"-114.01","51.12","CALGARY INTL A","3031092","2024-03-15 14:00","2024","03","15","14:00","","11.5","","-0.4","","44","","","","9","","13","","48.3","","89.54","","","","","","Cloudy"
"-114.01","51.12","CALGARY INTL A","3031092","2024-03-15 15:00","2024","03","15","15:00","","11.6","","1.6","","50","","","","8","","23","","32.2","","89.51","","","","","","NA"
"-114.01","51.12","CALGARY INTL A","3031092","2024-03-15 16:00","2024","03","15","16:00","","10.5","","1.6","","54","","","","8","","23","","32.2","","89.52","","","","","","NA"
"-114.01","51.12","CALGARY INTL A","3031092","2024-03-15 17:00","2024","03","15","17:00","","9.1","","0.7","","56","","","","11","","20","","32.2","","89.52","","","","","","Cloudy"
"-114.01","51.12","CALGARY INTL A","3031092","2024-03-15 18:00","2024","03","15","18:00","","7.6","","0.6","","61","","","","9","","19","","32.2","","89.56","","","","","","NA"
"-114.01","51.12","CALGARY INTL A","3031092","2024-03-15 19:00","2024","03","15","19:00","","6.2","","-0.4","","62","","","","10","","15","","32.2","","89.58","","","","","","NA"
"-114.01","51.12","CALGARY INTL A","3031092","2024-03-15 20:00","2024","03","15","20:00","","5.5","","0.0","","67","","","","10","","16","","24.1","","89.60","","","","","","Mainly Clear"
"-114.01","51.12","CALGARY INTL A","3031092","2024-03-15 21:00","2024","03","15","21:00","","5.2","","-0.2","","68","","","","12","","7","","24.1","","89.65","","","","","","NA"
"-114.01","51.12","CALGARY INTL A","3031092","2024-03-15 22:00","2024","03","15","22:00","","3.8","","-0.6","","73","","","","18","","9","","24.1","","89.67","","","","","","NA"
"-114.01","51.12","CALGARY INTL A","3031092","2024-03-15 23:00","2024","03","15","23:00","","4.0","","-0.2","","74","","","","21","","8","","24.1","","89.69","","","","","","Mainly Clear"
"-114.01","51.12","CALGARY INTL A","3031092","2024-03-16 00:00","2024","03","16","00:00","","2.9","","-0.5","","78","","","","18","","8","","16.1","","89.71","","","","","","NA"
"-114.01","51.12","CALGARY INTL A","3031092","2024-03-16 01:00","2024","03","16","01:00","","2.4","","-0.6","","80","","","","21","","7","","16.1","","89.68","","","","","","NA"
"-114.01","51.12","CALGARY INTL A","3031092","2024-03-16 02:00","2024","03","16","02:00","","2.3","","-1.0","","79","","","","20","","9","","16.1","","89.66","","","","","","Mostly Cloudy"
"-114.01","51.12","CALGARY INTL A","3031092","2024-03-16 03:00","2024","03","16","03:00","","2.8","","-1.1","","75","","","","20","","7","","16.1","","89.61","","","","","","NA"
"-114.01","51.12","CALGARY INTL A","3031092","2024-03-16 04:00","2024","03","16","04:00","","1.4","","-1.6","","80","","","","20","","10","","24.1","","89.54","","","","","","NA"
"-114.01","51.12","CALGARY INTL A","3031092","2024-03-16 05:00","2024","03","16","05:00","","1.7","","-1.4","","80","","","","22","","10","","24.1","","89.54","","","","","","Clear"
"-114.01","51.12","CALGARY INTL A","3031092","2024-03-16 06:00","2024","03","16","06:00","","0.6","","-2.1","","82","","","","23","","12","","24.1","","89.54","","","","","","NA"
"-114.01","51.12","CALGARY INTL A","3031092","2024-03-16 07:00","2024","03","16","07:00","","-0.9","","-2.6","","88","","","","20","","5","","64.4","","89.54","","","","-3","","NA"
"-114.01","51.12","CALGARY INTL A","3031092","2024-03-16 08:00","2024","03","16","08:00","","1.8","","-1.5","","79","","","","17","","3","","64.4","","89.57","","","","","","Cloudy"
"-114.01","51.12","CALGARY INTL A","3031092","2024-03-16 09:00","2024","03","16","09:00","","5.2","","-0.3","","67","","","","8","","4","","64.4","","89.60","","","","","","NA"
"-114.01","51.12","CALGARY INTL A","3031092","2024-03-16 10:00","2024","03","16","10:00","","9.9","","-0.7","","47","","","","3","","10","","64.4","","89.62","","","","","","NA"
"-114.01","51.12","CALGARY INTL A","3031092","2024-03-16 11:00","2024","03","16","11:00","","12.2","","-1.2","","39","","","","34","","17","","64.4","","89.65","","","","","","Cloudy"
"-114.01","51.12","CALGARY INTL A","3031092","2024-03-16 12:00","2024","03","16","12:00","","12.7","","-1.3","","38","","","","36","","16","","64.4","","89.65","","","","","","NA"
"-114.01","51.12","CALGARY INTL A","3031092","2024-03-16 13:00","2024","03","16","13:00","","13.7","","-3.3","","30","","","","2","","17","","64.4","","89.63","","","","","","NA"
"-114.01","51.12","CALGARY INTL A","3031092","2024-03-16 14:00","2024","03","16","14:00","","13.4","","-2.1","","34","","","","3","","24","","64.4","","89.63","","","","","","Cloudy"
"-114.01","51.12","CALGARY INTL A","3031092","2024-03-16 15:00","2024","03","16","15:00","","13.2","","0.4","","42","","","","6","","17","","64.4","","89.64","","","","","","NA"
"-114.01","51.12","CALGARY INTL A","3031092","2024-03-16 16:00","2024","03","16","16:00","","12.3","","0.2","","43","","","","4","","23","","48.3","","89.68","","","","","","NA"
"-114.01","51.12","CALGARY INTL A","3031092","2024-03-16 17:00","2024","03","16","17:00","","11.4","","-0.3","","44","","","","4","","21","","64.4","","89.70","","","","","","Cloudy"
"-114.01","51.12","CALGARY INTL A","3031092","2024-03-16 18:00","2024","03","16","18:00","","9.7","","0.2","","52","","","","8","","14","","32.2","","89.71","","","","","","NA"
"-114.01","51.12","CALGARY INTL A","3031092","2024-03-16 19:00","2024","03","16","19:00","","7.9","","-0.5","","55","","","","8","","13","","64.4","","89.76","","","","","","NA"
"-114.01","51.12","CALGARY INTL A","3031092","2024-03-16 20:00","2024","03","16","20:00","","6.6","","0.5","","65","","","","9","","17","","24.1","","89.79","","","","","","Mainly Clear"
"-114.01","51.12","CALGARY INTL A","3031092","2024-03-16 21:00","2024","03","16","21:00","","4.8","","0.4","","73","","","","7","","15","","24.1","","89.82","","","","","","NA"
"-114.01","51.12","CALGARY INTL A","3031092","2024-03-16 22:00","2024","03","16","22:00","","3.0","","-1.3","","73","","","","8","","10","","24.1","","89.85","","","","","","NA"
"-114.01","51.12","CALGARY INTL A","3031092","2024-03-16 23:00","2024","03","16","23:00","","2.7","","-0.9","","77","","","","11","","15","","24.1","","89.87","","","","","","Clear"
"-114.01","51.12","CALGARY INTL A","3031092","2024-03-17 00:00","2024","03","17","00:00","","1.1","","-1.7","","82","","","","9","","10","","24.1","","89.85","","","","","","NA"
"-114.01","51.12","CALGARY INTL A","3031092","2024-03-17 01:00","2024","03","17","01:00","","2.1","","-0.9","","81","","","","14","","9","","24.1","","89.82","","","","","","NA"
"-114.01","51.12","CALGARY INTL A","3031092","2024-03-17 02:00","2024","03","17","02:00","","1.1","","0.0","","92","","","","18","","9","","24.1","","89.80","","","","","","Clear"
"-114.01","51.12","CALGARY INTL A","3031092","2024-03-17 03:00","2024","03","17","03:00","","-1.3","","-2.0","","95","","","","19","","9","","24.1","","89.77","","","","-5","","NA"
"-114.01","51.12","CALGARY INTL A","3031092","2024-03-17 04:00","2024","03","17","04:00","","-0.5","","-2.9","","84","","","","20","","8","","24.1","","89.73","","","","-3","","NA"
"-114.01","51.12","CALGARY INTL A","3031092","2024-03-17 05:00","2024","03","17","05:00","","-0.9","","-3.3","","83","","","","20","","4","","24.1","","89.72","","","","-2","","Clear"
"-114.01","51.12","CALGARY INTL A","3031092","2024-03-17 06:00","2024","03","17","06:00","","-2.0","","-4.0","","87","","","","18","","10","","32.2","","89.71","","","","-6","","NA"
"-114.01","51.12","CALGARY INTL A","3031092","2024-03-17 07:00","2024","03","17","07:00","","-1.8","","-3.2","","91","","","","19","","10","","64.4","","89.71","","","","-5","","NA"
"-114.01","51.12","CALGARY INTL A","3031092","2024-03-17 08:00","2024","03","17","08:00","","0.1","","-2.5","","82","","","","18","","9","","64.4","","89.69","","","","","","Mostly Cloudy"
"-114.01","51.12","CALGARY INTL A","3031092","2024-03-17 09:00","2024","03","17","09:00","","2.8","","-1.0","","76","","","","17","","11","","64.4","","89.67","","","","","","NA"
"-114.01","51.12","CALGARY INTL A","3031092","2024-03-17 10:00","2024","03","17","10:00","","4.7","","-1.2","","66","","","","18","","13","","64.4","","89.66","","","","","","NA"
"-114.01","51.12","CALGARY INTL A","3031092","2024-03-17 11:00","2024","03","17","11:00","","7.5","","0.2","","59","","","","19","","16","","64.4","","89.58","","","","","","Mainly Clear"
"-114.01","51.12","CALGARY INTL A","3031092","2024-03-17 12:00","2024","03","17","12:00","","10.2","","1.3","","54","","","","17","","18","","64.4","","89.52","","","","","","NA"
"-114.01","51.12","CALGARY INTL A","3031092","2024-03-17 13:00","2024","03","17","13:00","","11.7","","1.1","","48","","","","18","","19","","64.4","","89.46","","","","","","NA"
"-114.01","51.12","CALGARY INTL A","3031092","2024-03-17 14:00","2024","03","17","14:00","","13.4","","1.4","","44","","","","16","","22","","64.4","","89.39","","","","","","Mostly Cloudy"
"-114.01","51.12","CALGARY INTL A","3031092","2024-03-17 15:00","2024","03","17","15:00","","14.8","","1.9","","41","","","","16","","29","","24.1","","89.29","","","","","","NA"
"-114.01","51.12","CALGARY INTL A","3031092","2024-03-17 16:00","2024","03","17","16:00","","15.2","","2.7","","42","","","","19","","23","","24.1","","89.23","","","","","","NA"
"-114.01","51.12","CALGARY INTL A","3031092","2024-03-17 17:00","2024","03","17","17:00","","15.5","","4.4","","47","","","","15","","16","","24.1","","89.19","","","","","","Mostly Cloudy"
"-114.01","51.12","CALGARY INTL A","3031092","2024-03-17 18:00","2024","03","17","18:00","","14.3","","3.9","","49","","","","13","","17","","24.1","","89.15","","","","","","NA"
"-114.01","51.12","CALGARY INTL A","3031092","2024-03-17 19:00","2024","03","17","19:00","","9.5","","1.3","","57","","","","12","","11","","32.2","","89.13","","","","","","NA"
"-114.01","51.12","CALGARY INTL A","3031092","2024-03-17 20:00","2024","03","17","20:00","","10.7","","3.4","","60","","","","11","","10","","24.1","","89.12","","","","","","Clear"
"-114.01","51.12","CALGARY INTL A","3031092","2024-03-17 21:00","2024","03","17","21:00","","11.3","","-3.6","","35","","","","36","","3","","24.1","","89.07","","","","","","NA"
"-114.01","51.12","CALGARY INTL A","3031092","2024-03-17 22:00","2024","03","17","22:00","","13.2","","-4.6","","28","","","","27","","11","","24.1","","89.03","","","","","","NA"
"-114.01","51.12","CALGARY INTL A","3031092","2024-03-17 23:00","2024","03","17","23:00","","12.6","","-4.4","","30","","","","34","","7","","24.1","","89.03","","","","","","Mainly Clear"
"-114.01","51.12","CALGARY INTL A","3031092","2024-03-18 00:00","2024","03","18","00:00","","10.6","","-4.4","","35","","","","2","","11","","24.1","","89.05","","","","","","NA"
"-114.01","51.12","CALGARY INTL A","3031092","2024-03-18 01:00","2024","03","18","01:00","","11.8","","-4.8","","31","","","","2","","14","","24.1","","89.09","","","","","","NA"
"-114.01","51.12","CALGARY INTL A","3031092","2024-03-18 02:00","2024","03","18","02:00","","8.4","","-4.5","","40","","","","6","","11","","24.1","","89.15","","","","","","Clear"
"-114.01","51.12","CALGARY INTL A","3031092","2024-03-18 03:00","2024","03","18","03:00","","7.4","","-4.7","","42","","","","7","","11","","24.1","","89.18","","","","","","NA"
"-114.01","51.12","CALGARY INTL A","3031092","2024-03-18 04:00","2024","03","18","04:00","","7.3","","-4.8","","42","","","","5","","12","","24.1","","89.21","","","","","","NA"
"-114.01","51.12","CALGARY INTL A","3031092","2024-03-18 05:00","2024","03","18","05:00","","6.2","","-4.6","","46","","","","1","","15","","24.1","","89.24","","","","","","Clear"
"-114.01","51.12","CALGARY INTL A","3031092","2024-03-18 06:00","2024","03","18","06:00","","6.5","","-4.4","","46","","","","7","","14","","32.2","","89.26","","","","","","NA"
"-114.01","51.12","CALGARY INTL A","3031092","2024-03-18 07:00","2024","03","18","07:00","","7.3","","-4.2","","44","","","","9","","16","","64.4","","89.27","","","","","","NA"
"-114.01","51.12","CALGARY INTL A","3031092","2024-03-18 08:00","2024","03","18","08:00","","6.5","","-2.9","","51","","","","15","","17","","64.4","","89.30","","","","","","Clear"
"-114.01","51.12","CALGARY INTL A","3031092","2024-03-18 09:00","2024","03","18","09:00","","9.7","","-2.5","","42","","","","10","","19","","64.4","","89.40","","","","","","NA"
"-114.01","51.12","CALGARY INTL A","3031092","2024-03-18 10:00","2024","03","18","10:00","","12.7","","-2.7","","34","","","","11","","10","","64.4","","89.42","","","","","","NA"
"-114.01","51.12","CALGARY INTL A","3031092","2024-03-18 11:00","2024","03","18","11:00","","14.0","","-3.9","","29","","","","7","","19","","64.4","","89.43","","","","","","Clear"
"-114.01","51.12","CALGARY INTL A","3031092","2024-03-18 12:00","2024","03","18","12:00","","14.4","","-3.5","","29","","","","8","","18","","64.4","","89.40","","","","","","NA"
"-114.01","51.12","CALGARY INTL A","3031092","2024-03-18 13:00","2024","03","18","13:00","","14.7","","-3.0","","29","","","","8","","19","","64.4","","89.32","","","","","","NA"
"-114.01","51.12","CALGARY INTL A","3031092","2024-03-18 14:00","2024","03","18","14:00","","15.6","","-2.9","","28","","","","9","","19","","64.4","","89.22","","","","","","Mainly Clear"
"-114.01","51.12","CALGARY INTL A","3031092","2024-03-18 15:00","2024","03","18","15:00","","15.8","","-2.2","","29","","","","13","","18","","16.1","","89.15","","","","","","NA"
"-114.01","51.12","CALGARY INTL A","3031092","2024-03-18 16:00","2024","03","18","16:00","","15.9","","-1.0","","31","","","","14","","23","","16.1","","89.08","","","","","","NA"
"-114.01","51.12","CALGARY INTL A","3031092","2024-03-18 17:00","2024","03","18","17:00","","15.4","","-0.8","","33","","","","15","","25","","16.1","","89.02","","","","","","Mainly Clear"
"-114.01","51.12","CALGARY INTL A","3031092","2024-03-18 18:00","2024","03","18","18:00","","13.8","","-0.4","","38","","","","14","","14","","16.1","","88.99","","","","","","NA"
"-114.01","51.12","CALGARY INTL A","3031092","2024-03-18 19:00","2024","03","18","19:00","","10.7","","-0.9","","44","","","","12","","16","","32.2","","88.91","","","","","","NA"
"-114.01","51.12","CALGARY INTL A","3031092","2024-03-18 20:00","2024","03","18","20:00","","11.1","","-0.8","","44","","","","14","","12","","24.1","","88.94","","","","","","Mainly Clear"
"-114.01","51.12","CALGARY INTL A","3031092","2024-03-18 21:00","2024","03","18","21:00","","11.2","","-0.9","","43","","","","10","","8","","24.1","","88.97","","","","","","NA"
"-114.01","51.12","CALGARY INTL A","3031092","2024-03-18 22:00","2024","03","18","22:00","","5.5","","-1.3","","61","","","","1","","10","","24.1","","89.10","","","","","","NA"
"-114.01","51.12","CALGARY INTL A","3031092","2024-03-18 23:00","2024","03","18","23:00","","4.1","","-2.8","","61","","","","36","","8","","24.1","","89.20","","","","","","Clear"
"-114.01","51.12","CALGARY INTL A","3031092","2024-03-19 00:00","2024","03","19","00:00","","4.4","","-3.1","","58","","","","1","","9","","24.1","","89.31","","","","","","NA"
"-114.01","51.12","CALGARY INTL A","3031092","2024-03-19 01:00","2024","03","19","01:00","","3.6","","-5.0","","53","","","","36","","9","","24.1","","89.41","","","","","","NA"
"-114.01","51.12","CALGARY INTL A","3031092","2024-03-19 02:00","2024","03","19","02:00","","2.8","","-5.4","","55","","","","3","","10","","24.1","","89.45","","","","","","Mainly Clear"
"-114.01","51.12","CALGARY INTL A","3031092","2024-03-19 03:00","2024","03","19","03:00","","2.1","","-5.0","","60","","","","34","","10","","24.1","","89.47","","","","","","NA"
"-114.01","51.12","CALGARY INTL A","3031092","2024-03-19 04:00","2024","03","19","04:00","","1.8","","-5.0","","60","","","","1","","11","","24.1","","89.47","","","","","","NA"
"-114.01","51.12","CALGARY INTL A","3031092","2024-03-19 05:00","2024","03","19","05:00","","0.6","","-5.2","","65","","","","7","","10","","24.1","","89.46","","","","","","Mainly Clear"
"-114.01","51.12","CALGARY INTL A","3031092","2024-03-19 06:00","2024","03","19","06:00","","-0.7","","-5.5","","70","","","","6","","10","","24.1","","89.49","","","","-4","","NA"
"-114.01","51.12","CALGARY INTL A","3031092","2024-03-19 07:00","2024","03","19","07:00","","-2.1","","-5.6","","77","","","","5","","10","","64.4","","89.51","","","","-6","","NA"
"-114.01","51.12","CALGARY INTL A","3031092","2024-03-19 08:00","2024","03","19","08:00","","0.6","","-3.4","","74","","","","2","","15","","64.4","","89.55","","","","","","Mostly Cloudy"
"-114.01","51.12","CALGARY INTL A","3031092","2024-03-19 09:00","2024","03","19","09:00","","0.8","","-2.9","","76","","","","6","","14","","64.4","","89.57","","","","","","NA"
"-114.01","51.12","CALGARY INTL A","3031092","2024-03-19 10:00","2024","03","19","10:00","","2.3","","-2.2","","72","","","","6","","13","","64.4","","89.56","","","","","","NA"
"-114.01","51.12","CALGARY INTL A","3031092","2024-03-19 11:00","2024","03","19","11:00","","3.2","","-2.4","","67","","","","6","","15","","64.4","","89.52","","","","","","Mostly Cloudy"
"-114.01","51.12","CALGARY INTL A","3031092","2024-03-19 12:00","2024","03","19","12:00","","3.7","","-2.6","","64","","","","10","","17","","24.1","","89.49","","","","","","NA"
"-114.01","51.12","CALGARY INTL A","3031092","2024-03-19 13:00","2024","03","19","13:00","","4.6","","-3.2","","57","","","","8","","22","","24.1","","89.47","","","","","","NA"
"-114.01","51.12","CALGARY INTL A","3031092","2024-03-19 14:00","2024","03","19","14:00","","4.5","","-3.0","","58","","","","8","","26","","24.1","","89.44","","","","","","Cloudy"
"-114.01","51.12","CALGARY INTL A","3031092","2024-03-19 15:00","2024","03","19","15:00","","3.8","","-3.0","","61","","","","8","","29","","16.1","","89.42","","","","","","NA"
"-114.01","51.12","CALGARY INTL A","3031092","2024-03-19 16:00","2024","03","19","16:00","","3.0","","-3.1","","64","","","","7","","27","","16.1","","89.43","","","","","","NA"
"-114.01","51.12","CALGARY INTL A","3031092","2024-03-19 17:00","2024","03","19","17:00","","1.8","","-3.5","","68","","","","7","","22","","12.9","","89.42","","","","","","Cloudy"
"-114.01","51.12","CALGARY INTL A","3031092","2024-03-19 18:00","2024","03","19","18:00","","1.2","","-3.6","","71","","","","7","","22","","12.9","","89.42","","","","","","NA"
"-114.01","51.12","CALGARY INTL A","3031092","2024-03-19 19:00","2024","03","19","19:00","","0.4","","-3.3","","77","","","","10","","21","","16.1","","89.44","","","","","","NA"
"-114.01","51.12","CALGARY INTL A","3031092","2024-03-19 20:00","2024","03","19","20:00","","-0.7","","-3.4","","82","","","","9","","21","","8.1","","89.46","","","","-6","","Fog"
"-114.01","51.12","CALGARY INTL A","3031092","2024-03-19 21:00","2024","03","19","21:00","","-1.7","","-3.6","","87","","","","10","","25","","8.1","","89.45","","","","-8","","Snow,Fog"
"-114.01","51.12","CALGARY INTL A","3031092","2024-03-19 22:00","2024","03","19","22:00","","-2.3","","-3.9","","89","","","","12","","29","","6.4","","89.41","","","","-9","","Snow,Fog"
"-114.01","51.12","CALGARY INTL A","3031092","2024-03-19 23:00","2024","03","19","23:00","","-2.8","","-4.1","","91","","","","12","","26","","6.4","","89.40","","","","-10","","Snow,Fog"
"-114.01","51.12","CALGARY INTL A","3031092","2024-03-20 00:00","2024","03","20","00:00","","-3.5","","-4.6","","92","","","","12","","24","","4.8","","89.35","","","","-10","","Snow,Fog"
"-114.01","51.12","CALGARY INTL A","3031092","2024-03-20 01:00","2024","03","20","01:00","","-4.1","","-5.2","","92","","","","12","","29","","1.6","","89.28","","","","-12","","Snow"
"-114.01","51.12","CALGARY INTL A","3031092","2024-03-20 02:00","2024","03","20","02:00","","-4.6","","-5.5","","94","","","","12","","27","","0.8","","89.18","","","","-12","","Moderate Snow"
"-114.01","51.12","CALGARY INTL A","3031092","2024-03-20 03:00","2024","03","20","03:00","","-4.7","","-5.7","","93","","","","11","","23","","1.6","","89.14","","","","-12","","Snow"
"-114.01","51.12","CALGARY INTL A","3031092","2024-03-20 04:00","2024","03","20","04:00","","-5.0","","-6.1","","92","","","","10","","24","","3.2","","89.12","","","","-12","","Snow"
"-114.01","51.12","CALGARY INTL A","3031092","2024-03-20 05:00","2024","03","20","05:00","","-5.3","","-6.3","","93","","","","10","","25","","4.0","","89.10","","","","-13","","Snow"
"-114.01","51.12","CALGARY INTL A","3031092","2024-03-20 06:00","2024","03","20","06:00","","-5.4","","-6.2","","94","","","","11","","27","","3.2","","89.09","","","","-13","","Snow"
"-114.01","51.12","CALGARY INTL A","3031092","2024-03-20 07:00","2024","03","20","07:00","","-5.6","","-6.8","","92","","","","12","","22","","1.6","","89.09","","","","-13","","Snow"
"-114.01","51.12","CALGARY INTL A","3031092","2024-03-20 08:00","2024","03","20","08:00","","-6.7","","-8.3","","89","","","","10","","26","","2.4","","89.13","","","","-15","","Snow"
"-114.01","51.12","CALGARY INTL A","3031092","2024-03-20 09:00","2024","03","20","09:00","","-7.0","","-8.9","","86","","","","11","","21","","2.8","","89.20","","","","-14","","Snow"
"-114.01","51.12","CALGARY INTL A","3031092","2024-03-20 10:00","2024","03","20","10:00","","-7.5","","-9.8","","84","","","","10","","24","","2.4","","89.24","","","","-15","","Snow"
"-114.01","51.12","CALGARY INTL A","3031092","2024-03-20 11:00","2024","03","20","11:00","","-7.7","","-10.1","","83","","","","12","","22","","2.4","","89.26","","","","-15","","Snow"
"-114.01","51.12","CALGARY INTL A","3031092","2024-03-20 12:00","2024","03","20","12:00","","-7.1","","-10.1","","79","","","","12","","17","","14.5","","89.25","","","","-14","","NA"
"-114.01","51.12","CALGARY INTL A","3031092","2024-03-20 13:00","2024","03","20","13:00","","-7.1","","-9.9","","80","","","","11","","21","","4.0","","89.24","","","","-14","","Snow"
"-114.01","51.12","CALGARY INTL A","3031092","2024-03-20 14:00","2024","03","20","14:00","","-7.0","","-9.5","","82","","","","11","","17","","2.8","","89.21","","","","-13","","Snow"
"-114.01","51.12","CALGARY INTL A","3031092","2024-03-20 15:00","2024","03","20","15:00","","-7.2","","-9.9","","81","","","","10","","23","","2.4","","89.21","","","","-15","","Snow"
"-114.01","51.12","CALGARY INTL A","3031092","2024-03-20 16:00","2024","03","20","16:00","","-7.3","","-9.8","","83","","","","10","","26","","2.4","","89.23","","","","-15","","Snow"
"-114.01","51.12","CALGARY INTL A","3031092","2024-03-20 17:00","2024","03","20","17:00","","-7.7","","-10.1","","83","","","","12","","14","","2.4","","89.25","","","","-14","","Snow"
"-114.01","51.12","CALGARY INTL A","3031092","2024-03-20 18:00","2024","03","20","18:00","","-8.1","","-10.1","","86","","","","12","","20","","2.4","","89.25","","","","-15","","Snow"
"-114.01","51.12","CALGARY INTL A","3031092","2024-03-20 19:00","2024","03","20","19:00","","-8.6","","-10.5","","87","","","","12","","19","","1.6","","89.26","","","","-16","","Snow"
"-114.01","51.12","CALGARY INTL A","3031092","2024-03-20 20:00","2024","03","20","20:00","","-8.9","","-10.7","","87","","","","12","","20","","2.0","","89.28","","","","-16","","Snow"
"-114.01","51.12","CALGARY INTL A","3031092","2024-03-20 21:00","2024","03","20","21:00","","-9.1","","-10.9","","87","","","","12","","23","","1.6","","89.27","","","","-17","","Snow"
"-114.01","51.12","CALGARY INTL A","3031092","2024-03-20 22:00","2024","03","20","22:00","","-9.3","","-11.1","","87","","","","12","","23","","1.6","","89.24","","","","-18","","Snow"
"-114.01","51.12","CALGARY INTL A","3031092","2024-03-20 23:00","2024","03","20","23:00","","-9.4","","-11.2","","87","","","","13","","21","","3.2","","89.17","","","","-17","","Snow"
"-114.01","51.12","CALGARY INTL A","3031092","2024-03-21 00:00","2024","03","21","00:00","","-9.4","","-11.1","","88","","","","13","","22","","1.6","","89.11","","","","-17","","Snow"
"-114.01","51.12","CALGARY INTL A","3031092","2024-03-21 01:00","2024","03","21","01:00","","-9.4","","-11.1","","88","","","","13","","19","","3.2","","89.03","","","","-17","","Snow"
"-114.01","51.12","CALGARY INTL A","3031092","2024-03-21 02:00","2024","03","21","02:00","","-9.2","","-10.8","","89","","","","13","","23","","4.8","","88.97","","","","-17","","Snow"
"-114.01","51.12","CALGARY INTL A","3031092","2024-03-21 03:00","2024","03","21","03:00","","-9.2","","-10.8","","88","","","","14","","22","","6.4","","88.89","","","","-17","","Snow"
"-114.01","51.12","CALGARY INTL A","3031092","2024-03-21 04:00","2024","03","21","04:00","","-9.2","","-10.8","","88","","","","14","","21","","2.0","","88.86","","","","-17","","Snow"
"-114.01","51.12","CALGARY INTL A","3031092","2024-03-21 05:00","2024","03","21","05:00","","-9.2","","-10.9","","88","","","","13","","20","","3.2","","88.83","","","","-17","","Snow"
"-114.01","51.12","CALGARY INTL A","3031092","2024-03-21 06:00","2024","03","21","06:00","","-9.6","","-11.3","","87","","","","12","","17","","2.4","","88.83","","","","-17","","Snow"
"-114.01","51.12","CALGARY INTL A","3031092","2024-03-21 07:00","2024","03","21","07:00","","-9.8","","-11.6","","86","","","","10","","19","","2.0","","88.86","","","","-17","","Snow"
"-114.01","51.12","CALGARY INTL A","3031092","2024-03-21 08:00","2024","03","21","08:00","","-9.8","","-11.7","","86","","","","10","","18","","1.2","","88.90","","","","-17","","Snow"
"-114.01","51.12","CALGARY INTL A","3031092","2024-03-21 09:00","2024","03","21","09:00","","-9.8","","-11.8","","86","","","","8","","17","","0.8","","88.97","","","","-17","","Moderate Snow"
"-114.01","51.12","CALGARY INTL A","3031092","2024-03-21 10:00","2024","03","21","10:00","","-8.9","","-11.1","","84","","","","9","","13","","1.6","","89.01","","","","-15","","Snow"
"-114.01","51.12","CALGARY INTL A","3031092","2024-03-21 11:00","2024","03","21","11:00","","-7.5","","-10.4","","80","","","","9","","16","","3.6","","89.03","","","","-14","","Snow"
"-114.01","51.12","CALGARY INTL A","3031092","2024-03-21 12:00","2024","03","21","12:00","","-6.6","","-9.8","","78","","","","9","","18","","14.5","","89.07","","","","-13","","NA"
"-114.01","51.12","CALGARY INTL A","3031092","2024-03-21 13:00","2024","03","21","13:00","","-5.7","","-9.5","","75","","","","7","","18","","6.4","","89.10","","","","-12","","Snow,Fog"
"-114.01","51.12","CALGARY INTL A","3031092","2024-03-21 14:00","2024","03","21","14:00","","-4.5","","-9.3","","70","","","","4","","21","","16.1","","89.13","","","","-11","","Mostly Cloudy"
"-114.01","51.12","CALGARY INTL A","3031092","2024-03-21 15:00","2024","03","21","15:00","","-5.5","","-8.8","","77","","","","3","","22","","6.4","","89.21","","","","-13","","Snow,Fog"
"-114.01","51.12","CALGARY INTL A","3031092","2024-03-21 16:00","2024","03","21","16:00","","-5.8","","-9.3","","76","","","","2","","30","","14.5","","89.28","","","","-14","","NA"
"-114.01","51.12","CALGARY INTL A","3031092","2024-03-21 17:00","2024","03","21","17:00","","-6.3","","-9.6","","77","","","","3","","21","","14.5","","89.37","","","","-13","","Cloudy"
"-114.01","51.12","CALGARY INTL A","3031092","2024-03-21 18:00","2024","03","21","18:00","","-6.8","","-9.8","","79","","","","3","","24","","9.7","","89.46","","","","-14","","Fog"
"-114.01","51.12","CALGARY INTL A","3031092","2024-03-21 19:00","2024","03","21","19:00","","-7.4","","-10.5","","79","","","","4","","20","","16.1","","89.52","","","","-15","","NA"
"-114.01","51.12","CALGARY INTL A","3031092","2024-03-21 20:00","2024","03","21","20:00","","-8.1","","-11.1","","79","","","","9","","16","","16.1","","89.58","","","","-15","","Mostly Cloudy"
"-114.01","51.12","CALGARY INTL A","3031092","2024-03-21 21:00","2024","03","21","21:00","","-7.8","","-11.0","","78","","","","10","","9","","12.9","","89.61","","","","-12","","NA"
"-114.01","51.12","CALGARY INTL A","3031092","2024-03-21 22:00","2024","03","21","22:00","","-7.9","","-10.8","","80","","","","10","","14","","16.1","","89.65","","","","-14","","NA"
"-114.01","51.12","CALGARY INTL A","3031092","2024-03-21 23:00","2024","03","21","23:00","","-8.1","","-10.4","","83","","","","9","","15","","8.1","","89.65","","","","-14","","Fog"
"-114.01","51.12","CALGARY INTL A","3031092","2024-03-22 00:00","2024","03","22","00:00","","-7.9","","-9.8","","87","","","","16","","16","","8.1","","89.63","","","","-14","","Fog"
"-114.01","51.12","CALGARY INTL A","3031092","2024-03-22 01:00","2024","03","22","01:00","","-7.8","","-9.8","","86","","","","10","","13","","4.8","","89.64","","","","-14","","Fog"
"-114.01","51.12","CALGARY INTL A","3031092","2024-03-22 02:00","2024","03","22","02:00","","-8.0","","-9.8","","87","","","","9","","19","","4.8","","89.64","","","","-15","","Fog"
"-114.01","51.12","CALGARY INTL A","3031092","2024-03-22 03:00","2024","03","22","03:00","","-8.1","","-10.1","","86","","","","12","","16","","3.2","","89.62","","","","-15","","Snow,Fog"
"-114.01","51.12","CALGARY INTL A","3031092","2024-03-22 04:00","2024","03","22","04:00","","-8.1","","-9.8","","88","","","","9","","17","","2.4","","89.61","","","","-15","","Snow"
"-114.01","51.12","CALGARY INTL A","3031092","2024-03-22 05:00","2024","03","22","05:00","","-8.4","","-10.1","","88","","","","13","","10","","2.4","","89.61","","","","-13","","Snow,Fog"
"-114.01","51.12","CALGARY INTL A","3031092","2024-03-22 06:00","2024","03","22","06:00","","-9.0","","-10.6","","88","","","","10","","22","","4.0","","89.62","","","","-17","","Snow"
"-114.01","51.12","CALGARY INTL A","3031092","2024-03-22 07:00","2024","03","22","07:00","","-9.6","","-11.2","","88","","","","9","","21","","1.2","","89.63","","","","-18","","Snow"
"-114.01","51.12","CALGARY INTL A","3031092","2024-03-22 08:00","2024","03","22","08:00","","-9.7","","-11.6","","86","","","","10","","19","","1.6","","89.62","","","","-17","","Snow"
"-114.01","51.12","CALGARY INTL A","3031092","2024-03-22 09:00","2024","03","22","09:00","","-8.6","","-10.9","","84","","","","12","","19","","3.6","","89.62","","","","-16","","Ice Crystals"
"-114.01","51.12","CALGARY INTL A","3031092","2024-03-22 10:00","2024","03","22","10:00","","-8.1","","-10.6","","82","","","","12","","21","","1.6","","89.63","","","","-16","","Snow"
"-114.01","51.12","CALGARY INTL A","3031092","2024-03-22 11:00","2024","03","22","11:00","","-7.5","","-10.3","","80","","","","11","","22","","2.4","","89.58","","","","-15","","Snow"
"-114.01","51.12","CALGARY INTL A","3031092","2024-03-22 12:00","2024","03","22","12:00","","-6.5","","-9.5","","80","","","","11","","18","","2.8","","89.56","","","","-13","","Snow"
"-114.01","51.12","CALGARY INTL A","3031092","2024-03-22 13:00","2024","03","22","13:00","","-6.6","","-9.9","","77","","","","12","","22","","2.4","","89.53","","","","-14","","Snow"
"-114.01","51.12","CALGARY INTL A","3031092","2024-03-22 14:00","2024","03","22","14:00","","-6.7","","-9.7","","80","","","","12","","26","","2.8","","89.49","","","","-15","","Snow"
"-114.01","51.12","CALGARY INTL A","3031092","2024-03-22 15:00","2024","03","22","15:00","","-6.5","","-9.6","","78","","","","12","","23","","2.0","","89.44","","","","-14","","Snow"
"-114.01","51.12","CALGARY INTL A","3031092","2024-03-22 16:00","2024","03","22","16:00","","-6.6","","-9.2","","81","","","","12","","23","","6.4","","89.39","","","","-14","","Snow"
"-114.01","51.12","CALGARY INTL A","3031092","2024-03-22 17:00","2024","03","22","17:00","","-7.0","","-9.3","","84","","","","12","","24","","2.4","","89.34","","","","-15","","Snow"
"-114.01","51.12","CALGARY INTL A","3031092","2024-03-22 18:00","2024","03","22","18:00","","-7.7","","-9.7","","86","","","","12","","30","","1.6","","89.33","","","","-17","","Snow"
"-114.01","51.12","CALGARY INTL A","3031092","2024-03-22 19:00","2024","03","22","19:00","","-8.0","","-9.6","","88","","","","11","","22","","1.6","","89.31","","","","-16","","Snow,Fog"
"-114.01","51.12","CALGARY INTL A","3031092","2024-03-22 20:00","2024","03","22","20:00","","-8.2","","-9.7","","89","","","","12","","23","","3.2","","89.29","","","","-16","","Snow,Fog"
"-114.01","51.12","CALGARY INTL A","3031092","2024-03-22 21:00","2024","03","22","21:00","","-8.7","","-10.2","","88","","","","12","","20","","3.2","","89.26","","","","-16","","Snow,Fog"
"-114.01","51.12","CALGARY INTL A","3031092","2024-03-22 22:00","2024","03","22","22:00","","-8.7","","-10.3","","88","","","","12","","23","","4.0","","89.21","","","","-17","","Snow,Fog"
"-114.01","51.12","CALGARY INTL A","3031092","2024-03-22 23:00","2024","03","22","23:00","","-8.7","","-10.1","","90","","","","12","","23","","4.0","","89.16","","","","-17","","Snow,Fog"
"-114.01","51.12","CALGARY INTL A","3031092","2024-03-23 00:00","2024","03","23","00:00","","-8.6","","-9.8","","91","","","","12","","22","","3.2","","89.11","","","","-16","","Snow,Fog"
"-114.01","51.12","CALGARY INTL A","3031092","2024-03-23 01:00","2024","03","23","01:00","","-8.8","","-9.7","","93","","","","12","","24","","4.0","","89.04","","","","-17","","Snow,Fog"
"-114.01","51.12","CALGARY INTL A","3031092","2024-03-23 02:00","2024","03","23","02:00","","-9.1","","-10.1","","92","","","","12","","22","","4.0","","88.97","","","","-17","","Snow,Fog"
"-114.01","51.12","CALGARY INTL A","3031092","2024-03-23 03:00","2024","03","23","03:00","","-9.6","","-10.8","","91","","","","12","","24","","4.0","","88.88","","","","-18","","Snow,Fog"
"-114.01","51.12","CALGARY INTL A","3031092","2024-03-23 04:00","2024","03","23","04:00","","-9.3","","-10.8","","89","","","","12","","17","","4.0","","88.82","","","","-16","","Snow,Fog"
"-114.01","51.12","CALGARY INTL A","3031092","2024-03-23 05:00","2024","03","23","05:00","","-9.2","","-10.8","","89","","","","12","","17","","4.0","","88.79","","","","-16","","Snow,Fog"
"-114.01","51.12","CALGARY INTL A","3031092","2024-03-23 06:00","2024","03","23","06:00","","-9.3","","-10.9","","88","","","","12","","17","","1.6","","88.77","","","","-16","","Snow,Fog"
"-114.01","51.12","CALGARY INTL A","3031092","2024-03-23 07:00","2024","03","23","07:00","","-9.5","","-11.0","","89","","","","12","","16","","1.6","","88.74","","","","-16","","Snow,Fog"
"-114.01","51.12","CALGARY INTL A","3031092","2024-03-23 08:00","2024","03","23","08:00","","-9.4","","-11.0","","88","","","","12","","17","","3.6","","88.71","","","","-16","","Snow"
"-114.01","51.12","CALGARY INTL A","3031092","2024-03-23 09:00","2024","03","23","09:00","","-9.0","","-10.9","","86","","","","12","","17","","2.8","","88.68","","","","-16","","Snow"
"-114.01","51.12","CALGARY INTL A","3031092","2024-03-23 10:00","2024","03","23","10:00","","-8.6","","-10.8","","84","","","","12","","18","","4.0","","88.66","","","","-16","","Snow"
"-114.01","51.12","CALGARY INTL A","3031092","2024-03-23 11:00","2024","03","23","11:00","","-8.3","","-10.7","","83","","","","12","","21","","4.0","","88.63","","","","-16","","Snow"
"-114.01","51.12","CALGARY INTL A","3031092","2024-03-23 12:00","2024","03","23","12:00","","-7.8","","-10.9","","78","","","","12","","23","","6.4","","88.61","","","","-16","","Snow"
"-114.01","51.12","CALGARY INTL A","3031092","2024-03-23 13:00","2024","03","23","13:00","","-7.8","","-10.5","","81","","","","11","","20","","2.8","","88.58","","","","-15","","Snow"
"-114.01","51.12","CALGARY INTL A","3031092","2024-03-23 14:00","2024","03","23","14:00","","-8.0","","-10.5","","82","","","","10","","25","","6.4","","88.57","","","","-16","","Snow"
"-114.01","51.12","CALGARY INTL A","3031092","2024-03-23 15:00","2024","03","23","15:00","","-7.9","","-10.2","","84","","","","10","","20","","1.6","","88.56","","","","-15","","Snow"
"-114.01","51.12","CALGARY INTL A","3031092","2024-03-23 16:00","2024","03","23","16:00","","-8.3","","-10.7","","83","","","","9","","21","","3.6","","88.54","","","","-16","","Snow"
"-114.01","51.12","CALGARY INTL A","3031092","2024-03-23 17:00","2024","03","23","17:00","","-8.5","","-10.7","","84","","","","10","","17","","6.4","","88.53","","","","-15","","Snow"
"-114.01","51.12","CALGARY INTL A","3031092","2024-03-23 18:00","2024","03","23","18:00","","-8.8","","-10.9","","85","","","","10","","17","","4.0","","88.56","","","","-16","","Snow"
"-114.01","51.12","CALGARY INTL A","3031092","2024-03-23 19:00","2024","03","23","19:00","","-8.9","","-10.6","","88","","","","10","","20","","4.8","","88.54","","","","-16","","Snow,Fog"
"-114.01","51.12","CALGARY INTL A","3031092","2024-03-23 20:00","2024","03","23","20:00","","-9.2","","-11.1","","86","","","","13","","13","","6.4","","88.55","","","","-15","","Snow,Fog"
"-114.01","51.12","CALGARY INTL A","3031092","2024-03-23 21:00","2024","03","23","21:00","","-8.9","","-11.1","","84","","","","11","","13","","8.1","","88.54","","","","-15","","Snow,Fog"
"-114.01","51.12","CALGARY INTL A","3031092","2024-03-23 22:00","2024","03","23","22:00","","-9.0","","-10.7","","88","","","","9","","16","","9.7","","88.53","","","","-16","","Snow,Fog"
"-114.01","51.12","CALGARY INTL A","3031092","2024-03-23 23:00","2024","03","23","23:00","","-9.1","","-10.7","","88","","","","10","","14","","9.7","","88.50","","","","-15","","Snow,Fog"
"-114.01","51.12","CALGARY INTL A","3031092","2024-03-24 00:00","2024","03","24","00:00","","-9.3","","-10.6","","90","","","","9","","18","","9.7","","88.48","","","","-17","","Snow,Fog"
"-114.01","51.12","CALGARY INTL A","3031092","2024-03-24 01:00","2024","03","24","01:00","","-8.9","","-10.2","","90","","","","12","","12","","6.4","","88.48","","","","-15","","Snow,Fog"
"-114.01","51.12","CALGARY INTL A","3031092","2024-03-24 02:00","2024","03","24","02:00","","-9.2","","-10.3","","92","","","","10","","16","","4.8","","88.46","","","","-16","","Snow,Fog"
"-114.01","51.12","CALGARY INTL A","3031092","2024-03-24 03:00","2024","03","24","03:00","","-9.2","","-10.2","","92","","","","10","","18","","8.1","","88.43","","","","-16","","Snow,Fog"
"-114.01","51.12","CALGARY INTL A","3031092","2024-03-24 04:00","2024","03","24","04:00","","-9.7","","-10.7","","93","","","","9","","17","","8.1","","88.42","","","","-17","","Snow,Fog"
"-114.01","51.12","CALGARY INTL A","3031092","2024-03-24 05:00","2024","03","24","05:00","","-9.3","","-10.4","","92","","","","10","","17","","6.4","","88.45","","","","-16","","Snow,Fog"
"-114.01","51.12","CALGARY INTL A","3031092","2024-03-24 06:00","2024","03","24","06:00","","-9.3","","-10.3","","92","","","","11","","14","","6.4","","88.46","","","","-16","","Snow,Fog"
"-114.01","51.12","CALGARY INTL A","3031092","2024-03-24 07:00","2024","03","24","07:00","","-9.1","","-10.2","","92","","","","12","","14","","6.4","","88.49","","","","-15","","Fog,Haze"
"-114.01","51.12","CALGARY INTL A","3031092","2024-03-24 08:00","2024","03","24","08:00","","-8.6","","-9.9","","90","","","","12","","12","","6.4","","88.51","","","","-14","","Fog,Haze"
"-114.01","51.12","CALGARY INTL A","3031092","2024-03-24 09:00","2024","03","24","09:00","","-8.1","","-10.1","","85","","","","11","","17","","6.4","","88.55","","","","-15","","Fog,Haze"
"-114.01","51.12","CALGARY INTL A","3031092","2024-03-24 10:00","2024","03","24","10:00","","-7.7","","-10.7","","79","","","","12","","18","","6.4","","88.57","","","","-15","","Haze"
"-114.01","51.12","CALGARY INTL A","3031092","2024-03-24 11:00","2024","03","24","11:00","","-7.2","","-10.2","","79","","","","13","","14","","8.1","","88.57","","","","-13","","Haze"
"-114.01","51.12","CALGARY INTL A","3031092","2024-03-24 12:00","2024","03","24","12:00","","-6.3","","-10.0","","75","","","","13","","18","","9.7","","88.55","","","","-13","","Haze"
"-114.01","51.12","CALGARY INTL A","3031092","2024-03-24 13:00","2024","03","24","13:00","","-6.0","","-10.4","","71","","","","13","","24","","12.9","","88.56","","","","-13","","NA"
"-114.01","51.12","CALGARY INTL A","3031092","2024-03-24 14:00","2024","03","24","14:00","","-5.7","","-10.0","","72","","","","15","","26","","12.9","","88.55","","","","-13","","Mainly Clear"
"-114.01","51.12","CALGARY INTL A","3031092","2024-03-24 15:00","2024","03","24","15:00","","-5.8","","-10.1","","72","","","","17","","25","","12.9","","88.51","","","","-13","","NA"
"-114.01","51.12","CALGARY INTL A","3031092","2024-03-24 16:00","2024","03","24","16:00","","-5.6","","-9.8","","73","","","","15","","28","","12.9","","88.50","","","","-14","","NA"
"-114.01","51.12","CALGARY INTL A","3031092","2024-03-24 17:00","2024","03","24","17:00","","-6.5","","-9.6","","79","","","","16","","26","","12.9","","88.48","","","","-14","","Mostly Cloudy"
"-114.01","51.12","CALGARY INTL A","3031092","2024-03-24 18:00","2024","03","24","18:00","","-7.1","","-9.9","","81","","","","16","","28","","12.9","","88.47","","","","-15","","NA"
"-114.01","51.12","CALGARY INTL A","3031092","2024-03-24 19:00","2024","03","24","19:00","","-8.1","","-10.8","","81","","","","15","","34","","16.1","","88.48","","","","-18","","NA"
"-114.01","51.12","CALGARY INTL A","3031092","2024-03-24 20:00","2024","03","24","20:00","","-8.4","","-10.3","","86","","","","15","","32","","12.9","","88.47","","","","-18","","Fog"
"-114.01","51.12","CALGARY INTL A","3031092","2024-03-24 21:00","2024","03","24","21:00","","-8.7","","-10.1","","90","","","","16","","33","","4.8","","88.46","","","","-18","","Fog"
"-114.01","51.12","CALGARY INTL A","3031092","2024-03-24 22:00","2024","03","24","22:00","","-8.6","","-10.5","","87","","","","15","","37","","9.7","","88.42","","","","-19","","Fog"
"-114.01","51.12","CALGARY INTL A","3031092","2024-03-24 23:00","2024","03","24","23:00","","-9.3","","-11.1","","87","","","","16","","34","","9.7","","88.38","","","","-19","","Fog"
"-114.01","51.12","CALGARY INTL A","3031092","2024-03-25 00:00","2024","03","25","00:00","","-10.2","","-12.1","","86","","","","16","","34","","12.9","","88.34","","","","-20","","NA"
"-114.01","51.12","CALGARY INTL A","3031092","2024-03-25 01:00","2024","03","25","01:00","","-10.6","","-12.3","","88","","","","16","","32","","9.7","","88.29","","","","-21","","Fog"
"-114.01","51.12","CALGARY INTL A","3031092","2024-03-25 02:00","2024","03","25","02:00","","-11.0","","-12.8","","87","","","","16","","31","","9.7","","88.27","","","","-21","","Fog"
"-114.01","51.12","CALGARY INTL A","3031092","2024-03-25 03:00","2024","03","25","03:00","","-11.5","","-13.2","","87","","","","16","","28","","8.1","","88.23","","","","-21","","Fog"
"-114.01","51.12","CALGARY INTL A","3031092","2024-03-25 04:00","2024","03","25","04:00","","-11.5","","-13.4","","86","","","","14","","23","","9.7","","88.20","","","","-20","","Fog"
"-114.01","51.12","CALGARY INTL A","3031092","2024-03-25 05:00","2024","03","25","05:00","","-12.0","","-14.0","","86","","","","13","","20","","12.9","","88.18","","","","-20","","Mostly Cloudy"
"-114.01","51.12","CALGARY INTL A","3031092","2024-03-25 06:00","2024","03","25","06:00","","-13.1","","-15.1","","85","","","","13","","13","","11.3","","88.19","","","","-20","","NA"
"-114.01","51.12","CALGARY INTL A","3031092","2024-03-25 07:00","2024","03","25","07:00","","-13.1","","-14.8","","88","","","","12","","15","","6.4","","88.21","","","","-21","","Haze"
"-114.01","51.12","CALGARY INTL A","3031092","2024-03-25 08:00","2024","03","25","08:00","","-12.5","","-14.7","","84","","","","13","","21","","6.4","","88.22","","","","-21","","Haze"
"-114.01","51.12","CALGARY INTL A","3031092","2024-03-25 09:00","2024","03","25","09:00","","-11.7","","-14.8","","78","","","","12","","26","","6.4","","88.23","","","","-21","","Haze"
"-114.01","51.12","CALGARY INTL A","3031092","2024-03-25 10:00","2024","03","25","10:00","","-11.2","","-14.4","","77","","","","15","","24","","6.4","","88.25","","","","-20","","Haze"
"-114.01","51.12","CALGARY INTL A","3031092","2024-03-25 11:00","2024","03","25","11:00","","-9.9","","-13.6","","74","","","","16","","23","","8.1","","88.26","","","","-18","","Haze"
"-114.01","51.12","CALGARY INTL A","3031092","2024-03-25 12:00","2024","03","25","12:00","","-9.3","","-13.2","","74","","","","12","","22","","8.1","","88.29","","","","-17","","Haze"
"-114.01","51.12","CALGARY INTL A","3031092","2024-03-25 13:00","2024","03","25","13:00","","-8.0","","-11.5","","76","","","","13","","19","","9.7","","88.30","","","","-15","","Haze"
"-114.01","51.12","CALGARY INTL A","3031092","2024-03-25 14:00","2024","03","25","14:00","","-7.3","","-10.9","","76","","","","14","","24","","9.7","","88.30","","","","-15","","Haze"
"-114.01","51.12","CALGARY INTL A","3031092","2024-03-25 15:00","2024","03","25","15:00","","-7.9","","-10.8","","80","","","","12","","26","","9.7","","88.33","","","","-16","","Haze"
"-114.01","51.12","CALGARY INTL A","3031092","2024-03-25 16:00","2024","03","25","16:00","","-7.8","","-10.5","","81","","","","13","","26","","9.7","","88.36","","","","-16","","Haze"
"-114.01","51.12","CALGARY INTL A","3031092","2024-03-25 17:00","2024","03","25","17:00","","-7.8","","-10.4","","82","","","","12","","25","","9.7","","88.39","","","","-16","","Haze"
"-114.01","51.12","CALGARY INTL A","3031092","2024-03-25 18:00","2024","03","25","18:00","","-7.9","","-10.1","","84","","","","13","","26","","6.4","","88.42","","","","-16","","Haze"
"-114.01","51.12","CALGARY INTL A","3031092","2024-03-25 19:00","2024","03","25","19:00","","-8.3","","-10.2","","86","","","","12","","26","","9.7","","88.45","","","","-17","","Snow,Fog"
"-114.01","51.12","CALGARY INTL A","3031092","2024-03-25 20:00","2024","03","25","20:00","","-8.1","","-10.2","","86","","","","12","","23","","11.3","","88.47","","","","-16","","Snow"
"-114.01","51.12","CALGARY INTL A","3031092","2024-03-25 21:00","2024","03","25","21:00","","-8.1","","-10.1","","86","","","","16","","27","","11.3","","88.47","","","","-17","","NA"
"-114.01","51.12","CALGARY INTL A","3031092","2024-03-25 22:00","2024","03","25","22:00","","-7.9","","-9.8","","87","","","","14","","22","","11.3","","88.47","","","","-16","","NA"
"-114.01","51.12","CALGARY INTL A","3031092","2024-03-25 23:00","2024","03","25","23:00","","-8.1","","-9.7","","88","","","","13","","18","","11.3","","88.43","","","","-15","","Mostly Cloudy"
"-114.01","51.12","CALGARY INTL A","3031092","2024-03-26 00:00","2024","03","26","00:00","","-8.5","","-9.8","","90","","","","14","","19","","11.3","","88.40","","","","-16","","NA"
"-114.01","51.12","CALGARY INTL A","3031092","2024-03-26 01:00","2024","03","26","01:00","","-8.7","","-9.7","","93","","","","15","","24","","9.7","","88.37","","","","-17","","Fog"
"-114.01","51.12","CALGARY INTL A","3031092","2024-03-26 02:00","2024","03","26","02:00","","-8.8","","-9.8","","92","","","","14","","21","","9.7","","88.32","","","","-17","","Fog"
"-114.01","51.12","CALGARY INTL A","3031092","2024-03-26 03:00","2024","03","26","03:00","","-8.8","","-10.0","","92","","","","14","","21","","8.1","","88.27","","","","-17","","Fog"
"-114.01","51.12","CALGARY INTL A","3031092","2024-03-26 04:00","2024","03","26","04:00","","-9.1","","-10.3","","91","","","","14","","14","","9.7","","88.25","","","","-15","","Fog"
"-114.01","51.12","CALGARY INTL A","3031092","2024-03-26 05:00","2024","03","26","05:00","","-9.0","","-10.2","","91","","","","13","","11","","9.7","","88.24","","","","-14","","Fog"
"-114.01","51.12","CALGARY INTL A","3031092","2024-03-26 06:00","2024","03","26","06:00","","-8.7","","-10.0","","90","","","","15","","16","","9.7","","88.23","","","","-15","","Fog"
"-114.01","51.12","CALGARY INTL A","3031092","2024-03-26 07:00","2024","03","26","07:00","","-9.0","","-10.1","","92","","","","14","","17","","6.4","","88.23","","","","-16","","Fog"
"-114.01","51.12","CALGARY INTL A","3031092","2024-03-26 08:00","2024","03","26","08:00","","-8.4","","-9.5","","92","","","","14","","16","","6.4","","88.24","","","","-15","","Fog"
"-114.01","51.12","CALGARY INTL A","3031092","2024-03-26 09:00","2024","03","26","09:00","","-8.1","","-9.7","","88","","","","15","","21","","4.8","","88.24","","","","-16","","Fog"
"-114.01","51.12","CALGARY INTL A","3031092","2024-03-26 10:00","2024","03","26","10:00","","-7.7","","-9.3","","88","","","","14","","15","","6.4","","88.24","","","","-14","","Haze"
"-114.01","51.12","CALGARY INTL A","3031092","2024-03-26 11:00","2024","03","26","11:00","","-6.5","","-9.3","","80","","","","16","","23","","6.4","","88.24","","","","-14","","Haze"
"-114.01","51.12","CALGARY INTL A","3031092","2024-03-26 12:00","2024","03","26","12:00","","-5.0","","-8.5","","77","","","","14","","22","","6.4","","88.22","","","","-12","","Haze"
"-114.01","51.12","CALGARY INTL A","3031092","2024-03-26 13:00","2024","03","26","13:00","","-4.0","","-8.2","","73","","","","16","","24","","8.1","","88.19","","","","-11","","Haze"
"-114.01","51.12","CALGARY INTL A","3031092","2024-03-26 14:00","2024","03","26","14:00","","-3.3","","-7.7","","72","","","","14","","22","","6.4","","88.17","","","","-10","","Haze"
"-114.01","51.12","CALGARY INTL A","3031092","2024-03-26 15:00","2024","03","26","15:00","","-3.2","","-7.3","","74","","","","16","","24","","4.8","","88.16","","","","-10","","Haze"
"-114.01","51.12","CALGARY INTL A","3031092","2024-03-26 16:00","2024","03","26","16:00","","-2.2","","-6.6","","72","","","","15","","22","","6.4","","88.16","","","","-8","","Haze"
"-114.01","51.12","CALGARY INTL A","3031092","2024-03-26 17:00","2024","03","26","17:00","","-2.0","","-6.1","","73","","","","12","","18","","6.4","","88.14","","","","-7","","Haze"
"-114.01","51.12","CALGARY INTL A","3031092","2024-03-26 18:00","2024","03","26","18:00","","-2.8","","-6.4","","76","","","","12","","14","","6.4","","88.11","","","","-8","","Haze"
"-114.01","51.12","CALGARY INTL A","3031092","2024-03-26 19:00","2024","03","26","19:00","","-4.0","","-7.0","","79","","","","15","","13","","16.1","","88.12","","","","-9","","NA"
"-114.01","51.12","CALGARY INTL A","3031092","2024-03-26 20:00","2024","03","26","20:00","","-5.3","","-8.0","","81","","","","13","","10","","16.1","","88.11","","","","-10","","Mainly Clear"
"-114.01","51.12","CALGARY INTL A","3031092","2024-03-26 21:00","2024","03","26","21:00","","-5.3","","-7.6","","84","","","","16","","19","","16.1","","88.13","","","","-12","","NA"
"-114.01","51.12","CALGARY INTL A","3031092","2024-03-26 22:00","2024","03","26","22:00","","-5.2","","-7.4","","85","","","","16","","16","","19.3","","88.10","","","","-11","","NA"
"-114.01","51.12","CALGARY INTL A","3031092","2024-03-26 23:00","2024","03","26","23:00","","-6.1","","-7.5","","90","","","","13","","10","","19.3","","88.10","","","","-11","","Mainly Clear"
"-114.01","51.12","CALGARY INTL A","3031092","2024-03-27 00:00","2024","03","27","00:00","","-2.8","","-7.9","","68","","","","8","","9","","19.3","","88.09","","","","-6","","NA"
"-114.01","51.12","CALGARY INTL A","3031092","2024-03-27 01:00","2024","03","27","01:00","","-1.9","","-7.5","","66","","","","8","","13","","24.1","","88.10","","","","-6","","NA"
"-114.01","51.12","CALGARY INTL A","3031092","2024-03-27 02:00","2024","03","27","02:00","","-1.8","","-8.5","","60","","","","11","","15","","24.1","","88.10","","","","-7","","Mostly Cloudy"
"-114.01","51.12","CALGARY INTL A","3031092","2024-03-27 03:00","2024","03","27","03:00","","-2.2","","-8.5","","62","","","","11","","13","","24.1","","88.10","","","","-7","","NA"
"-114.01","51.12","CALGARY INTL A","3031092","2024-03-27 04:00","2024","03","27","04:00","","-1.0","","-8.0","","59","","","","12","","16","","24.1","","88.11","","","","-6","","NA"
"-114.01","51.12","CALGARY INTL A","3031092","2024-03-27 05:00","2024","03","27","05:00","","-1.0","","-7.8","","60","","","","13","","13","","24.1","","88.13","","","","-5","","Mainly Clear"
"-114.01","51.12","CALGARY INTL A","3031092","2024-03-27 06:00","2024","03","27","06:00","","-0.6","","-9.0","","53","","","","12","","9","","32.2","","88.12","","","","-4","","NA"
"-114.01","51.12","CALGARY INTL A","3031092","2024-03-27 07:00","2024","03","27","07:00","","-3.6","","-9.3","","65","","","","10","","14","","64.4","","88.12","","","","-9","","NA"
"-114.01","51.12","CALGARY INTL A","3031092","2024-03-27 08:00","2024","03","27","08:00","","-2.4","","-8.0","","65","","","","9","","18","","64.4","","88.14","","","","-8","","Mainly Clear"
"-114.01","51.12","CALGARY INTL A","3031092","2024-03-27 09:00","2024","03","27","09:00","","1.1","","-7.2","","54","","","","10","","16","","64.4","","88.13","","","","","","NA"
"-114.01","51.12","CALGARY INTL A","3031092","2024-03-27 10:00","2024","03","27","10:00","","3.3","","-6.7","","48","","","","15","","11","","48.3","","88.12","","","","","","NA"
"-114.01","51.12","CALGARY INTL A","3031092","2024-03-27 11:00","2024","03","27","11:00","","3.9","","-5.1","","52","","","","12","","17","","32.2","","88.08","","","","","","Mostly Cloudy"
"-114.01","51.12","CALGARY INTL A","3031092","2024-03-27 12:00","2024","03","27","12:00","","4.3","","-6.6","","45","","","","15","","26","","32.2","","88.06","","","","","","NA"
"-114.01","51.12","CALGARY INTL A","3031092","2024-03-27 13:00","2024","03","27","13:00","","5.3","","-5.7","","45","","","","13","","13","","32.2","","88.02","","","","","","NA"
"-114.01","51.12","CALGARY INTL A","3031092","2024-03-27 14:00","2024","03","27","14:00","","6.6","","-6.4","","39","","","","12","","22","","48.3","","87.97","","","","","","Mostly Cloudy"
"-114.01","51.12","CALGARY INTL A","3031092","2024-03-27 15:00","2024","03","27","15:00","","5.6","","-3.1","","53","","","","12","","16","","32.2","","87.93","","","","","","NA"
"-114.01","51.12","CALGARY INTL A","3031092","2024-03-27 16:00","2024","03","27","16:00","","5.4","","-3.2","","54","","","","12","","13","","32.2","","87.90","","","","","","NA"
"-114.01","51.12","CALGARY INTL A","3031092","2024-03-27 17:00","2024","03","27","17:00","","5.2","","-2.6","","57","","","","12","","16","","24.1","","87.87","","","","","","Cloudy"
"-114.01","51.12","CALGARY INTL A","3031092","2024-03-27 18:00","2024","03","27","18:00","","4.6","","-2.1","","62","","","","12","","14","","24.1","","87.87","","","","","","NA"
"-114.01","51.12","CALGARY INTL A","3031092","2024-03-27 19:00","2024","03","27","19:00","","3.4","","-2.7","","64","","","","13","","14","","32.2","","87.83","","","","","","NA"
"-114.01","51.12","CALGARY INTL A","3031092","2024-03-27 20:00","2024","03","27","20:00","","2.8","","-3.4","","64","","","","13","","9","","24.1","","87.82","","","","","","Mostly Cloudy"
"-114.01","51.12","CALGARY INTL A","3031092","2024-03-27 21:00","2024","03","27","21:00","","0.9","","-3.1","","75","","","","9","","12","","24.1","","87.81","","","","","","NA"
"-114.01","51.12","CALGARY INTL A","3031092","2024-03-27 22:00","2024","03","27","22:00","","0.9","","-2.6","","77","","","","6","","10","","24.1","","87.79","","","","","","NA"
"-114.01","51.12","CALGARY INTL A","3031092","2024-03-27 23:00","2024","03","27","23:00","","0.9","","-2.3","","79","","","","7","","10","","24.1","","87.80","","","","","","Cloudy"
"-114.01","51.12","CALGARY INTL A","3031092","2024-03-28 00:00","2024","03","28","00:00","","1.4","","-2.5","","75","","","","13","","4","","24.1","","87.77","","","","","","NA"
"-114.01","51.12","CALGARY INTL A","3031092","2024-03-28 01:00","2024","03","28","01:00","","1.5","","-2.5","","74","","","","7","","9","","24.1","","87.79","","","","","","NA"
"-114.01","51.12","CALGARY INTL A","3031092","2024-03-28 02:00","2024","03","28","02:00","","2.2","","-3.7","","65","","","","18","","6","","24.1","","87.77","","","","","","Mostly Cloudy"
"-114.01","51.12","CALGARY INTL A","3031092","2024-03-28 03:00","2024","03","28","03:00","","1.0","","-4.7","","66","","","","5","","12","","24.1","","87.75","","","","","","NA"
"-114.01","51.12","CALGARY INTL A","3031092","2024-03-28 04:00","2024","03","28","04:00","","-0.4","","-3.5","","80","","","","3","","14","","16.1","","87.82","","","","-5","","NA"
"-114.01","51.12","CALGARY INTL A","3031092","2024-03-28 05:00","2024","03","28","05:00","","-1.0","","-2.6","","89","","","","36","","25","","8.1","","87.85","","","","-7","","Fog"
"-114.01","51.12","CALGARY INTL A","3031092","2024-03-28 06:00","2024","03","28","06:00","","-1.5","","-2.8","","91","","","","35","","17","","6.4","","87.89","","","","-7","","Fog"
"-114.01","51.12","CALGARY INTL A","3031092","2024-03-28 07:00","2024","03","28","07:00","","-1.9","","-3.1","","91","","","","36","","24","","6.4","","87.94","","","","-8","","Fog"
"-114.01","51.12","CALGARY INTL A","3031092","2024-03-28 08:00","2024","03","28","08:00","","-1.9","","-3.4","","90","","","","1","","24","","4.0","","87.97","","","","-8","","Snow,Fog"
"-114.01","51.12","CALGARY INTL A","3031092","2024-03-28 09:00","2024","03","28","09:00","","-1.8","","-4.7","","81","","","","36","","37","","14.5","","88.02","","","","-10","","NA"
"-114.01","51.12","CALGARY INTL A","3031092","2024-03-28 10:00","2024","03","28","10:00","","-2.5","","-5.5","","80","","","","36","","35","","24.1","","88.05","","","","-10","","NA"
"-114.01","51.12","CALGARY INTL A","3031092","2024-03-28 11:00","2024","03","28","11:00","","-3.0","","-6.2","","79","","","","36","","31","","24.1","","88.16","","","","-11","","Cloudy"
"-114.01","51.12","CALGARY INTL A","3031092","2024-03-28 12:00","2024","03","28","12:00","","-2.8","","-6.3","","77","","","","35","","30","","24.1","","88.17","","","","-10","","NA"
"-114.01","51.12","CALGARY INTL A","3031092","2024-03-28 13:00","2024","03","28","13:00","","-2.5","","-6.5","","74","","","","1","","28","","24.1","","88.20","","","","-10","","NA"
"-114.01","51.12","CALGARY INTL A","3031092","2024-03-28 14:00","2024","03","28","14:00","","-2.4","","-6.6","","73","","","","36","","30","","24.1","","88.22","","","","-10","","Clear"
"-114.01","51.12","CALGARY INTL A","3031092","2024-03-28 15:00","2024","03","28","15:00","","-2.9","","-6.7","","75","","","","36","","31","","24.1","","88.26","","","","-10","","NA"
"-114.01","51.12","CALGARY INTL A","3031092","2024-03-28 16:00","2024","03","28","16:00","","-3.2","","-7.6","","72","","","","36","","34","","24.1","","88.31","","","","-11","","NA"
"-114.01","51.12","CALGARY INTL A","3031092","2024-03-28 17:00","2024","03","28","17:00","","-3.7","","-7.6","","74","","","","36","","28","","24.1","","88.37","","","","-11","","Cloudy"
"-114.01","51.12","CALGARY INTL A","3031092","2024-03-28 18:00","2024","03","28","18:00","","-4.3","","-7.8","","77","","","","4","","19","","24.1","","88.44","","","","-10","","NA"
"-114.01","51.12","CALGARY INTL A","3031092","2024-03-28 19:00","2024","03","28","19:00","","-4.5","","-7.9","","78","","","","3","","17","","12.9","","88.50","","","","-10","","NA"
"-114.01","51.12","CALGARY INTL A","3031092","2024-03-28 20:00","2024","03","28","20:00","","-5.2","","-8.6","","77","","","","4","","20","","12.9","","88.58","","","","-12","","Snow"
"-114.01","51.12","CALGARY INTL A","3031092","2024-03-28 21:00","2024","03","28","21:00","","-5.6","","-8.5","","80","","","","3","","19","","9.7","","88.61","","","","-12","","Snow,Fog"
"-114.01","51.12","CALGARY INTL A","3031092","2024-03-28 22:00","2024","03","28","22:00","","-6.4","","-8.1","","88","","","","5","","14","","6.4","","88.65","","","","-12","","Snow,Fog"
"-114.01","51.12","CALGARY INTL A","3031092","2024-03-28 23:00","2024","03","28","23:00","","-6.7","","-8.5","","87","","","","2","","10","","4.8","","88.68","","","","-11","","Snow,Fog"
"-114.01","51.12","CALGARY INTL A","3031092","2024-03-29 00:00","2024","03","29","00:00","","-6.9","","-8.4","","89","","","","2","","10","","3.2","","88.68","","","","-12","","Snow,Fog"
"-114.01","51.12","CALGARY INTL A","3031092","2024-03-29 01:00","2024","03","29","01:00","","-7.1","","-8.4","","91","","","","8","","16","","2.0","","88.70","","","","-13","","Snow,Fog"
"-114.01","51.12","CALGARY INTL A","3031092","2024-03-29 02:00","2024","03","29","02:00","","-8.2","","-9.5","","90","","","","6","","13","","6.4","","88.70","","","","-14","","Snow,Fog"
"-114.01","51.12","CALGARY INTL A","3031092","2024-03-29 03:00","2024","03","29","03:00","","-9.7","","-10.7","","92","","","","7","","14","","6.4","","88.71","","","","-16","","Snow,Fog"
"-114.01","51.12","CALGARY INTL A","3031092","2024-03-29 04:00","2024","03","29","04:00","","-8.2","","-9.3","","92","","","","8","","14","","8.1","","88.74","","","","-14","","Snow,Fog"
"-114.01","51.12","CALGARY INTL A","3031092","2024-03-29 05:00","2024","03","29","05:00","","-7.7","","-8.9","","91","","","","9","","10","","6.4","","88.75","","","","-13","","Snow,Fog"
"-114.01","51.12","CALGARY INTL A","3031092","2024-03-29 06:00","2024","03","29","06:00","","-8.2","","-9.5","","90","","","","9","","17","","8.1","","88.77","","","","-15","","Snow,Fog"
"-114.01","51.12","CALGARY INTL A","3031092","2024-03-29 07:00","2024","03","29","07:00","","-7.6","","-9.6","","86","","","","8","","16","","9.7","","88.80","","","","-14","","Fog"
"-114.01","51.12","CALGARY INTL A","3031092","2024-03-29 08:00","2024","03","29","08:00","","-7.4","","-9.3","","86","","","","9","","17","","9.7","","88.82","","","","-14","","Snow,Fog"
"-114.01","51.12","CALGARY INTL A","3031092","2024-03-29 09:00","2024","03","29","09:00","","-7.4","","-9.4","","85","","","","10","","12","","6.4","","88.86","","","","-13","","Snow,Fog"
"-114.01","51.12","CALGARY INTL A","3031092","2024-03-29 10:00","2024","03","29","10:00","","-7.1","","-9.8","","81","","","","9","","13","","6.4","","88.89","","","","-13","","Snow,Fog"
"-114.01","51.12","CALGARY INTL A","3031092","2024-03-29 11:00","2024","03","29","11:00","","-6.6","","-9.8","","78","","","","9","","15","","6.4","","88.93","","","","-13","","Snow,Fog"
"-114.01","51.12","CALGARY INTL A","3031092","2024-03-29 12:00","2024","03","29","12:00","","-6.2","","-10.0","","74","","","","8","","14","","8.1","","88.93","","","","-12","","Snow,Fog"
"-114.01","51.12","CALGARY INTL A","3031092","2024-03-29 13:00","2024","03","29","13:00","","-5.8","","-9.5","","75","","","","8","","17","","14.5","","88.93","","","","-12","","Snow"
"-114.01","51.12","CALGARY INTL A","3031092","2024-03-29 14:00","2024","03","29","14:00","","-5.5","","-9.5","","74","","","","9","","18","","14.5","","88.94","","","","-12","","Snow"
"-114.01","51.12","CALGARY INTL A","3031092","2024-03-29 15:00","2024","03","29","15:00","","-5.4","","-9.8","","71","","","","9","","16","","6.4","","88.95","","","","-11","","Snow,Fog"
"-114.01","51.12","CALGARY INTL A","3031092","2024-03-29 16:00","2024","03","29","16:00","","-5.3","","-9.5","","73","","","","9","","14","","6.4","","88.96","","","","-11","","Snow,Fog"
"-114.01","51.12","CALGARY INTL A","3031092","2024-03-29 17:00","2024","03","29","17:00","","-5.5","","-9.2","","75","","","","8","","14","","6.4","","88.99","","","","-11","","Snow,Fog"
"-114.01","51.12","CALGARY INTL A","3031092","2024-03-29 18:00","2024","03","29","18:00","","-5.8","","-8.3","","83","","","","9","","16","","0.8","","89.02","","","","-12","","Moderate Snow"
"-114.01","51.12","CALGARY INTL A","3031092","2024-03-29 19:00","2024","03","29","19:00","","-6.7","","-7.9","","91","","","","6","","12","","0.8","","89.06","","","","-12","","Moderate Snow,Freezing Fog"
"-114.01","51.12","CALGARY INTL A","3031092","2024-03-29 20:00","2024","03","29","20:00","","-7.4","","-8.6","","91","","","","6","","11","","3.2","","89.10","","","","-12","","Snow,Fog"
"-114.01","51.12","CALGARY INTL A","3031092","2024-03-29 21:00","2024","03","29","21:00","","-7.6","","-9.0","","89","","","","8","","11","","8.1","","89.14","","","","-13","","Snow,Fog"
"-114.01","51.12","CALGARY INTL A","3031092","2024-03-29 22:00","2024","03","29","22:00","","-8.1","","-9.2","","92","","","","8","","5","","9.7","","89.14","","","","-11","","Snow,Fog"
"-114.01","51.12","CALGARY INTL A","3031092","2024-03-29 23:00","2024","03","29","23:00","","-8.4","","-9.6","","91","","","","17","","10","","12.9","","89.08","","","","-13","","Mainly Clear"
"-114.01","51.12","CALGARY INTL A","3031092","2024-03-30 00:00","2024","03","30","00:00","","-8.6","","-9.4","","94","","","","18","","9","","9.7","","89.07","","","","-13","","Fog"
"-114.01","51.12","CALGARY INTL A","3031092","2024-03-30 01:00","2024","03","30","01:00","","-7.4","","-9.0","","89","","","","22","","11","","8.1","","89.02","","","","-12","","Fog"
"-114.01","51.12","CALGARY INTL A","3031092","2024-03-30 02:00","2024","03","30","02:00","","-8.1","","-9.8","","88","","","","19","","12","","4.0","","88.96","","","","-14","","Fog"
"-114.01","51.12","CALGARY INTL A","3031092","2024-03-30 03:00","2024","03","30","03:00","","-9.8","","-10.7","","93","","","","18","","9","","4.8","","88.90","","","","-15","","Fog"
"-114.01","51.12","CALGARY INTL A","3031092","2024-03-30 04:00","2024","03","30","04:00","","-9.2","","-10.2","","92","","","","19","","11","","1.6","","88.84","","","","-15","","Fog"
"-114.01","51.12","CALGARY INTL A","3031092","2024-03-30 05:00","2024","03","30","05:00","","-10.6","","-11.8","","91","","","","21","","7","","0.8","","88.80","","","","-15","","Freezing Fog"
"-114.01","51.12","CALGARY INTL A","3031092","2024-03-30 06:00","2024","03","30","06:00","","-11.9","","-13.4","","89","","","","20","","9","","4.8","","88.75","","","","-17","","Fog"
"-114.01","51.12","CALGARY INTL A","3031092","2024-03-30 07:00","2024","03","30","07:00","","-12.3","","-13.8","","89","","","","22","","9","","32.2","","88.73","","","","-18","","NA"
"-114.01","51.12","CALGARY INTL A","3031092","2024-03-30 08:00","2024","03","30","08:00","","-11.2","","-12.5","","90","","","","21","","11","","32.2","","88.70","","","","-17","","Clear"
"-114.01","51.12","CALGARY INTL A","3031092","2024-03-30 09:00","2024","03","30","09:00","","-9.1","","-10.2","","92","","","","21","","11","","32.2","","88.64","","","","-15","","NA"
"-114.01","51.12","CALGARY INTL A","3031092","2024-03-30 10:00","2024","03","30","10:00","","-6.7","","-10.1","","77","","","","17","","9","","32.2","","88.56","","","","-11","","NA"
"-114.01","51.12","CALGARY INTL A","3031092","2024-03-30 11:00","2024","03","30","11:00","","-4.3","","-9.6","","67","","","","17","","16","","32.2","","88.49","","","","-10","","Clear"
"-114.01","51.12","CALGARY INTL A","3031092","2024-03-30 12:00","2024","03","30","12:00","","-3.2","","-9.2","","63","","","","18","","17","","32.2","","88.40","","","","-9","","NA"
"-114.01","51.12","CALGARY INTL A","3031092","2024-03-30 13:00","2024","03","30","13:00","","-2.3","","-8.0","","65","","","","16","","14","","32.2","","88.31","","","","-7","","NA"
"-114.01","51.12","CALGARY INTL A","3031092","2024-03-30 14:00","2024","03","30","14:00","","-1.6","","-7.6","","64","","","","14","","15","","32.2","","88.26","","","","-6","","Clear"
"-114.01","51.12","CALGARY INTL A","3031092","2024-03-30 15:00","2024","03","30","15:00","","-1.7","","-7.2","","66","","","","15","","19","","24.1","","88.18","","","","-7","","NA"
"-114.01","51.12","CALGARY INTL A","3031092","2024-03-30 16:00","2024","03","30","16:00","","-1.6","","-6.5","","70","","","","15","","22","","24.1","","88.16","","","","-8","","NA"
"-114.01","51.12","CALGARY INTL A","3031092","2024-03-30 17:00","2024","03","30","17:00","","-2.0","","-6.4","","72","","","","14","","21","","24.1","","88.14","","","","-8","","Cloudy"
"-114.01","51.12","CALGARY INTL A","3031092","2024-03-30 18:00","2024","03","30","18:00","","-2.5","","-5.8","","78","","","","17","","25","","24.1","","88.11","","","","-9","","NA"
"-114.01","51.12","CALGARY INTL A","3031092","2024-03-30 19:00","2024","03","30","19:00","","-2.6","","-5.6","","80","","","","14","","14","","24.1","","88.15","","","","-7","","NA"
"-114.01","51.12","CALGARY INTL A","3031092","2024-03-30 20:00","2024","03","30","20:00","","-3.1","","-5.6","","83","","","","11","","14","","16.1","","88.20","","","","-8","","Mostly Cloudy"
"-114.01","51.12","CALGARY INTL A","3031092","2024-03-30 21:00","2024","03","30","21:00","","-3.9","","-5.7","","87","","","","17","","9","","12.9","","88.24","","","","-8","","NA"
"-114.01","51.12","CALGARY INTL A","3031092","2024-03-30 22:00","2024","03","30","22:00","","-3.9","","-5.8","","87","","","","2","","11","","16.1","","88.34","","","","-8","","NA"
"-114.01","51.12","CALGARY INTL A","3031092","2024-03-30 23:00","2024","03","30","23:00","","-5.1","","-6.5","","90","","","","6","","12","","12.9","","88.35","","","","-10","","Cloudy"
"-114.01","51.12","CALGARY INTL A","3031092","2024-03-31 00:00","2024","03","31","00:00","","-2.9","","-5.6","","82","","","","4","","7","","16.1","","88.36","","","","-6","","NA"
"-114.01","51.12","CALGARY INTL A","3031092","2024-03-31 01:00","2024","03","31","01:00","","-3.7","","-6.8","","80","","","","9","","17","","24.1","","88.40","","","","-9","","NA"
"-114.01","51.12","CALGARY INTL A","3031092","2024-03-31 02:00","2024","03","31","02:00","","-3.8","","-7.2","","77","","","","6","","10","","22.5","","88.44","","","","-8","","Mainly Clear"
"-114.01","51.12","CALGARY INTL A","3031092","2024-03-31 03:00","2024","03","31","03:00","","-4.7","","-8.0","","78","","","","5","","10","","24.1","","88.47","","","","-9","","NA"
"-114.01","51.12","CALGARY INTL A","3031092","2024-03-31 04:00","2024","03","31","04:00","","-3.6","","-7.3","","76","","","","23","","3","","24.1","","88.49","","","","-5","","NA"
"-114.01","51.12","CALGARY INTL A","3031092","2024-03-31 05:00","2024","03","31","05:00","","-5.2","","-8.6","","77","","","","6","","9","","24.1","","88.51","","","","-9","","Mostly Cloudy"
"-114.01","51.12","CALGARY INTL A","3031092","2024-03-31 06:00","2024","03","31","06:00","","-3.1","","-7.4","","72","","","","33","","13","","32.2","","88.54","","","","-8","","NA"
"-114.01","51.12","CALGARY INTL A","3031092","2024-03-31 07:00","2024","03","31","07:00","","-3.4","","-8.4","","68","","","","5","","10","","64.4","","88.58","","","","-7","","NA"
"-114.01","51.12","CALGARY INTL A","3031092","2024-03-31 08:00","2024","03","31","08:00","","-2.7","","-7.7","","69","","","","18","","6","","64.4","","88.61","","","","-5","","Mainly Clear"
"-114.01","51.12","CALGARY INTL A","3031092","2024-03-31 09:00","2024","03","31","09:00","","1.3","","-7.5","","52","","","","32","","21","","64.4","","88.61","","","","","","NA"
"-114.01","51.12","CALGARY INTL A","3031092","2024-03-31 10:00","2024","03","31","10:00","","2.1","","-7.2","","50","","","","36","","16","","64.4","","88.63","","","","","","NA"
"-114.01","51.12","CALGARY INTL A","3031092","2024-03-31 11:00","2024","03","31","11:00","","3.0","","-7.8","","45","","","","36","","11","","64.4","","88.61","","","","","","Clear"
"-114.01","51.12","CALGARY INTL A","3031092","2024-03-31 12:00","2024","03","31","12:00","","4.0","","-9.1","","38","","","","8","","8","","64.4","","88.56","","","","","","NA"
"-114.01","51.12","CALGARY INTL A","3031092","2024-03-31 13:00","2024","03","31","13:00","","4.2","","-10.3","","34","","","","8","","14","","64.4","","88.48","","","","","","NA"
"-114.01","51.12","CALGARY INTL A","3031092","2024-03-31 14:00","2024","03","31","14:00","","4.6","","-8.4","","38","","","","13","","22","","64.4","","88.42","","","","","","Clear"
"-114.01","51.12","CALGARY INTL A","3031092","2024-03-31 15:00","2024","03","31","15:00","","4.0","","-8.2","","41","","","","16","","26","","64.4","","88.31","","","","","","NA"
"-114.01","51.12","CALGARY INTL A","3031092","2024-03-31 16:00","2024","03","31","16:00","","4.0","","-4.9","","52","","","","15","","23","","64.4","","88.26","","","","","","NA"
"-114.01","51.12","CALGARY INTL A","3031092","2024-03-31 17:00","2024","03","31","17:00","","3.4","","-5.6","","52","","","","16","","28","","64.4","","88.19","","","","","","Mainly Clear"
"-114.01","51.12","CALGARY INTL A","3031092","2024-03-31 18:00","2024","03","31","18:00","","2.3","","-6.7","","52","","","","16","","27","","64.4","","88.10","","","","","","NA"
"-114.01","51.12","CALGARY INTL A","3031092","2024-03-31 19:00","2024","03","31","19:00","","1.0","","-5.3","","63","","","","17","","24","","24.1","","87.99","","","","","","NA"
"-114.01","51.12","CALGARY INTL A","3031092","2024-03-31 20:00","2024","03","31","20:00","","0.4","","-4.5","","70","","","","15","","15","","24.1","","87.92","","","","","","Mostly Cloudy"
"-114.01","51.12","CALGARY INTL A","3031092","2024-03-31 21:00","2024","03","31","21:00","","0.0","","-4.2","","73","","","","14","","14","","24.1","","87.82","","","","-4","","NA"
"-114.01","51.12","CALGARY INTL A","3031092","2024-03-31 22:00","2024","03","31","22:00","","-0.6","","-4.0","","78","","","","13","","12","","24.1","","87.79","","","","-5","","NA"
"-114.01","51.12","CALGARY INTL A","3031092","2024-03-31 23:00","2024","03","31","23:00","","-0.9","","-3.7","","81","","","","17","","11","","24.1","","87.75","","","","-5","","Clear"
