"Longitude (x)","Latitude (y)","Station Name","Climate ID","Date/Time (LST)","Year","Month","Day","Time (LST)","Flag","Temp (°C)","Temp Flag","Dew Point Temp (°C)","Dew Point Temp Flag","Rel Hum (%)","Rel Hum Flag","Precip. Amount (mm)","Precip. Amount Flag","Wind Dir (10s deg)","Wind Dir Flag","Wind Spd (km/h)","Wind Spd Flag","Visibility (km)","Visibility Flag","Stn Press (kPa)","Stn Press Flag","Hmdx","Hmdx Flag","Wind Chill","Wind Chill Flag","Weather"
"-114.01","51.12","CALGARY INTL A","3031092","2023-06-01 00:00","2023","06","01","00:00","","12.8","","8.5","","75","","","","35","","27","","24.1","","88.51","","","","","","NA"
"-114.01","51.12","CALGARY INTL A","3031092","2023-06-01 01:00","2023","06","01","01:00","","12.4","","7.8","","73","","","","35","","28","","24.1","","88.53","","","","","","NA"
"-114.01","51.12","CALGARY INTL A","3031092","2023-06-01 02:00","2023","06","01","02:00","","11.7","","8.4","","80","","","","34","","28","","24.1","","88.60","","","","","","Mainly Clear"
"-114.01","51.12","CALGARY INTL A","3031092","2023-06-01 03:00","2023","06","01","03:00","","12.0","","8.8","","80","","","","34","","30","","24.1","","88.66","","","","","","NA"
"-114.01","51.12","CALGARY INTL A","3031092","2023-06-01 04:00","2023","06","01","04:00","","11.8","","8.2","","78","","","","34","","29","","24.1","","88.71","","","","","","NA"
"-114.01","51.12","CALGARY INTL A","3031092","2023-06-01 05:00","2023","06","01","05:00","","11.6","","8.5","","81","","","","35","","21","","24.1","","88.81","","","","","","Mostly Cloudy"
"-114.01","51.12","CALGARY INTL A","3031092","2023-06-01 06:00","2023","06","01","06:00","","11.8","","8.4","","80","","","","34","","27","","24.1","","88.86","","","","","","NA"
"-114.01","51.12","CALGARY INTL A","3031092","2023-06-01 07:00","2023","06","01","07:00","","12.1","","8.6","","79","","","","35","","27","","19.3","","88.90","","","","","","Rain"
"-114.01","51.12","CALGARY INTL A","3031092","2023-06-01 08:00","2023","06","01","08:00","","12.4","","8.2","","75","","","","34","","28","","19.3","","88.97","","","","","","Cloudy"
"-114.01","51.12","CALGARY INTL A","3031092","2023-06-01 09:00","2023","06","01","09:00","","12.2","","8.4","","78","","","","36","","29","","19.3","","89.01","","","","","","NA"
"-114.01","51.12","CALGARY INTL A","3031092","2023-06-01 10:00","2023","06","01","10:00","","10.6","","6.7","","77","","","","35","","36","","19.3","","89.06","","","","","","Rain"
"-114.01","51.12","CALGARY INTL A","3031092","2023-06-01 11:00","2023","06","01","11:00","","9.8","","5.5","","74","","","","34","","29","","19.3","","89.12","","","","","","Rain"
"-114.01","51.12","CALGARY INTL A","3031092","2023-06-01 12:00","2023","06","01","12:00","","9.4","","5.5","","77","","","","33","","34","","19.3","","89.15","","","","","","NA"
"-114.01","51.12","CALGARY INTL A","3031092","2023-06-01 13:00","2023","06","01","13:00","","10.0","","5.5","","73","","","","34","","35","","19.3","","89.16","","","","","","NA"
"-114.01","51.12","CALGARY INTL A","3031092","2023-06-01 14:00","2023","06","01","14:00","","9.9","","5.6","","74","","","","35","","31","","19.3","","89.17","","","","","","Cloudy"
"-114.01","51.12","CALGARY INTL A","3031092","2023-06-01 15:00","2023","06","01","15:00","","10.4","","5.8","","73","","","","34","","32","","19.3","","89.18","","","","","","NA"
"-114.01","51.12","CALGARY INTL A","3031092","2023-06-01 16:00","2023","06","01","16:00","","10.1","","6.0","","75","","","","33","","29","","19.3","","89.19","","","","","","NA"
"-114.01","51.12","CALGARY INTL A","3031092","2023-06-01 17:00","2023","06","01","17:00","","10.5","","6.1","","74","","","","34","","26","","24.1","","89.21","","","","","","Cloudy"
"-114.01","51.12","CALGARY INTL A","3031092","2023-06-01 18:00","2023","06","01","18:00","","10.4","","6.0","","74","","","","35","","21","","24.1","","89.26","","","","","","NA"
"-114.01","51.12","CALGARY INTL A","3031092","2023-06-01 19:00","2023","06","01","19:00","","10.2","","6.0","","75","","","","35","","20","","19.3","","89.28","","","","","","NA"
"-114.01","51.12","CALGARY INTL A","3031092","2023-06-01 20:00","2023","06","01","20:00","","10.1","","5.9","","75","","","","33","","22","","19.3","","89.32","","","","","","Mostly Cloudy"
"-114.01","51.12","CALGARY INTL A","3031092","2023-06-01 21:00","2023","06","01","21:00","","9.6","","5.8","","77","","","","36","","16","","19.3","","89.37","","","","","","NA"
"-114.01","51.12","CALGARY INTL A","3031092","2023-06-01 22:00","2023","06","01","22:00","","8.9","","5.6","","80","","","","33","","13","","24.1","","89.39","","","","","","NA"
"-114.01","51.12","CALGARY INTL A","3031092","2023-06-01 23:00","2023","06","01","23:00","","7.7","","5.0","","83","","","","32","","4","","24.1","","89.38","","","","","","Clear"
"-114.01","51.12","CALGARY INTL A","3031092","2023-06-02 00:00","2023","06","02","00:00","","7.3","","4.6","","83","","","","31","","8","","24.1","","89.35","","","","","","NA"
"-114.01","51.12","CALGARY INTL A","3031092","2023-06-02 01:00","2023","06","02","01:00","","6.6","","4.1","","84","","","","31","","5","","24.1","","89.34","","","","","","NA"
"-114.01","51.12","CALGARY INTL A","3031092","2023-06-02 02:00","2023","06","02","02:00","","5.7","","3.8","","87","","","","31","","4","","24.1","","89.30","","","","","","Clear"
"-114.01","51.12","CALGARY INTL A","3031092","2023-06-02 03:00","2023","06","02","03:00","","5.5","","3.7","","88","","","","32","","3","","24.1","","89.29","","","","","","NA"
"-114.01","51.12","CALGARY INTL A","3031092","2023-06-02 04:00","2023","06","02","04:00","","5.3","","4.3","","94","","","","19","","6","","24.1","","89.34","","","","","","NA"
"-114.01","51.12","CALGARY INTL A","3031092","2023-06-02 05:00","2023","06","02","05:00","","6.4","","4.5","","88","","","","22","","9","","24.1","","89.37","","","","","","Mainly Clear"
"-114.01","51.12","CALGARY INTL A","3031092","2023-06-02 06:00","2023","06","02","06:00","","7.6","","5.0","","84","","","","35","","7","","32.2","","89.40","","","","","","NA"
"-114.01","51.12","CALGARY INTL A","3031092","2023-06-02 07:00","2023","06","02","07:00","","10.4","","6.5","","76","","","","28","","8","","24.1","","89.42","","","","","","NA"
"-114.01","51.12","CALGARY INTL A","3031092","2023-06-02 08:00","2023","06","02","08:00","","12.3","","6.2","","66","","","","36","","7","","32.2","","89.41","","","","","","Mainly Clear"
"-114.01","51.12","CALGARY INTL A","3031092","2023-06-02 09:00","2023","06","02","09:00","","13.9","","6.6","","61","","","","36","","3","","24.1","","89.40","","","","","","NA"
"-114.01","51.12","CALGARY INTL A","3031092","2023-06-02 10:00","2023","06","02","10:00","","15.6","","6.4","","54","","","","2","","9","","32.2","","89.39","","","","","","NA"
"-114.01","51.12","CALGARY INTL A","3031092","2023-06-02 11:00","2023","06","02","11:00","","17.1","","6.0","","48","","","","10","","8","","32.2","","89.40","","","","","","Mostly Cloudy"
"-114.01","51.12","CALGARY INTL A","3031092","2023-06-02 12:00","2023","06","02","12:00","","17.9","","6.9","","48","","","","14","","13","","32.2","","89.40","","","","","","NA"
"-114.01","51.12","CALGARY INTL A","3031092","2023-06-02 13:00","2023","06","02","13:00","","18.8","","6.7","","45","","","","11","","7","","24.1","","89.38","","","","","","NA"
"-114.01","51.12","CALGARY INTL A","3031092","2023-06-02 14:00","2023","06","02","14:00","","19.7","","7.2","","44","","","","10","","13","","24.1","","89.36","","","","","","Cloudy"
"-114.01","51.12","CALGARY INTL A","3031092","2023-06-02 15:00","2023","06","02","15:00","","20.2","","6.6","","41","","","","11","","7","","24.1","","89.33","","","","","","NA"
"-114.01","51.12","CALGARY INTL A","3031092","2023-06-02 16:00","2023","06","02","16:00","","20.4","","5.6","","38","","","","13","","8","","24.1","","89.32","","","","","","NA"
"-114.01","51.12","CALGARY INTL A","3031092","2023-06-02 17:00","2023","06","02","17:00","","20.4","","6.2","","39","","","","12","","13","","24.1","","89.30","","","","","","Cloudy"
"-114.01","51.12","CALGARY INTL A","3031092","2023-06-02 18:00","2023","06","02","18:00","","20.1","","5.6","","38","","","","13","","18","","24.1","","89.31","","","","","","NA"
"-114.01","51.12","CALGARY INTL A","3031092","2023-06-02 19:00","2023","06","02","19:00","","19.4","","6.0","","41","","","","16","","14","","16.1","","89.33","","","","","","NA"
"-114.01","51.12","CALGARY INTL A","3031092","2023-06-02 20:00","2023","06","02","20:00","","18.8","","7.0","","46","","","","17","","11","","16.1","","89.36","","","","","","Cloudy"
"-114.01","51.12","CALGARY INTL A","3031092","2023-06-02 21:00","2023","06","02","21:00","","17.8","","7.1","","49","","","","11","","10","","16.1","","89.37","","","","","","NA"
"-114.01","51.12","CALGARY INTL A","3031092","2023-06-02 22:00","2023","06","02","22:00","","16.7","","7.1","","53","","","","10","","7","","16.1","","89.37","","","","","","NA"
"-114.01","51.12","CALGARY INTL A","3031092","2023-06-02 23:00","2023","06","02","23:00","","16.0","","6.8","","54","","","","11","","7","","16.1","","89.36","","","","","","Mostly Cloudy"
"-114.01","51.12","CALGARY INTL A","3031092","2023-06-03 00:00","2023","06","03","00:00","","15.6","","6.6","","54","","","","16","","4","","16.1","","89.38","","","","","","NA"
"-114.01","51.12","CALGARY INTL A","3031092","2023-06-03 01:00","2023","06","03","01:00","","12.9","","6.5","","65","","","","35","","4","","24.1","","89.37","","","","","","NA"
"-114.01","51.12","CALGARY INTL A","3031092","2023-06-03 02:00","2023","06","03","02:00","","10.6","","6.1","","74","","","","35","","8","","24.1","","89.36","","","","","","Mainly Clear"
"-114.01","51.12","CALGARY INTL A","3031092","2023-06-03 03:00","2023","06","03","03:00","","9.6","","6.0","","79","","","","34","","8","","24.1","","89.36","","","","","","NA"
"-114.01","51.12","CALGARY INTL A","3031092","2023-06-03 04:00","2023","06","03","04:00","","9.7","","5.3","","74","","","","36","","3","","16.1","","89.37","","","","","","NA"
"-114.01","51.12","CALGARY INTL A","3031092","2023-06-03 05:00","2023","06","03","05:00","","9.8","","5.7","","75","","","","9","","3","","16.1","","89.39","","","","","","Mostly Cloudy"
"-114.01","51.12","CALGARY INTL A","3031092","2023-06-03 06:00","2023","06","03","06:00","","10.7","","6.2","","74","","","","","","0","","16.1","","89.41","","","","","","NA"
"-114.01","51.12","CALGARY INTL A","3031092","2023-06-03 07:00","2023","06","03","07:00","","13.0","","6.8","","66","","","","36","","3","","19.3","","89.42","","","","","","NA"
"-114.01","51.12","CALGARY INTL A","3031092","2023-06-03 08:00","2023","06","03","08:00","","15.0","","7.2","","59","","","","23","","7","","24.1","","89.42","","","","","","Cloudy"
"-114.01","51.12","CALGARY INTL A","3031092","2023-06-03 09:00","2023","06","03","09:00","","16.6","","7.9","","56","","","","22","","7","","24.1","","89.44","","","","","","NA"
"-114.01","51.12","CALGARY INTL A","3031092","2023-06-03 10:00","2023","06","03","10:00","","18.7","","8.4","","51","","","","31","","4","","24.1","","89.43","","","","","","NA"
"-114.01","51.12","CALGARY INTL A","3031092","2023-06-03 11:00","2023","06","03","11:00","","21.1","","6.4","","38","","","","10","","9","","24.1","","89.40","","","","","","Cloudy"
"-114.01","51.12","CALGARY INTL A","3031092","2023-06-03 12:00","2023","06","03","12:00","","22.2","","7.1","","37","","","","13","","9","","24.1","","89.37","","","","","","NA"
"-114.01","51.12","CALGARY INTL A","3031092","2023-06-03 13:00","2023","06","03","13:00","","23.4","","7.2","","35","","","","8","","19","","24.1","","89.36","","","","","","NA"
"-114.01","51.12","CALGARY INTL A","3031092","2023-06-03 14:00","2023","06","03","14:00","","22.1","","6.1","","35","","","","9","","10","","24.1","","89.35","","","","","","Cloudy"
"-114.01","51.12","CALGARY INTL A","3031092","2023-06-03 15:00","2023","06","03","15:00","","23.4","","5.2","","30","","","","13","","9","","24.1","","89.31","","","","","","NA"
"-114.01","51.12","CALGARY INTL A","3031092","2023-06-03 16:00","2023","06","03","16:00","","22.9","","6.8","","35","","","","7","","20","","24.1","","89.30","","","","","","NA"
"-114.01","51.12","CALGARY INTL A","3031092","2023-06-03 17:00","2023","06","03","17:00","","22.5","","6.0","","34","","","","11","","19","","24.1","","89.29","","","","","","Cloudy"
"-114.01","51.12","CALGARY INTL A","3031092","2023-06-03 18:00","2023","06","03","18:00","","22.1","","7.6","","39","","","","10","","15","","24.1","","89.26","","","","","","NA"
"-114.01","51.12","CALGARY INTL A","3031092","2023-06-03 19:00","2023","06","03","19:00","","20.3","","8.4","","46","","","","10","","26","","16.1","","89.27","","","","","","NA"
"-114.01","51.12","CALGARY INTL A","3031092","2023-06-03 20:00","2023","06","03","20:00","","19.0","","7.9","","48","","","","12","","18","","16.1","","89.29","","","","","","Cloudy"
"-114.01","51.12","CALGARY INTL A","3031092","2023-06-03 21:00","2023","06","03","21:00","","17.3","","9.2","","59","","","","16","","12","","12.9","","89.28","","","","","","NA"
"-114.01","51.12","CALGARY INTL A","3031092","2023-06-03 22:00","2023","06","03","22:00","","16.3","","10.3","","67","","","","17","","16","","12.9","","89.28","","","","","","NA"
"-114.01","51.12","CALGARY INTL A","3031092","2023-06-03 23:00","2023","06","03","23:00","","15.7","","10.7","","72","","","","19","","9","","12.9","","89.26","","","","","","Mostly Cloudy"
"-114.01","51.12","CALGARY INTL A","3031092","2023-06-04 00:00","2023","06","04","00:00","","14.7","","10.6","","76","","","","18","","8","","12.9","","89.24","","","","","","NA"
"-114.01","51.12","CALGARY INTL A","3031092","2023-06-04 01:00","2023","06","04","01:00","","14.0","","10.3","","78","","","","16","","8","","12.9","","89.22","","","","","","NA"
"-114.01","51.12","CALGARY INTL A","3031092","2023-06-04 02:00","2023","06","04","02:00","","12.4","","9.8","","84","","","","16","","9","","12.9","","89.18","","","","","","Mainly Clear"
"-114.01","51.12","CALGARY INTL A","3031092","2023-06-04 03:00","2023","06","04","03:00","","11.9","","9.6","","86","","","","19","","7","","12.9","","89.15","","","","","","NA"
"-114.01","51.12","CALGARY INTL A","3031092","2023-06-04 04:00","2023","06","04","04:00","","12.0","","9.1","","83","","","","20","","7","","12.9","","89.10","","","","","","NA"
"-114.01","51.12","CALGARY INTL A","3031092","2023-06-04 05:00","2023","06","04","05:00","","12.0","","8.7","","80","","","","19","","8","","8.1","","89.09","","","","","","Smoke"
"-114.01","51.12","CALGARY INTL A","3031092","2023-06-04 06:00","2023","06","04","06:00","","12.2","","9.7","","84","","","","21","","6","","8.1","","89.09","","","","","","Smoke"
"-114.01","51.12","CALGARY INTL A","3031092","2023-06-04 07:00","2023","06","04","07:00","","14.2","","9.9","","75","","","","21","","6","","6.4","","89.09","","","","","","Smoke"
"-114.01","51.12","CALGARY INTL A","3031092","2023-06-04 08:00","2023","06","04","08:00","","17.3","","8.4","","55","","","","18","","12","","8.1","","89.08","","","","","","Smoke"
"-114.01","51.12","CALGARY INTL A","3031092","2023-06-04 09:00","2023","06","04","09:00","","19.4","","7.2","","45","","","","15","","17","","12.9","","89.08","","","","","","NA"
"-114.01","51.12","CALGARY INTL A","3031092","2023-06-04 10:00","2023","06","04","10:00","","21.8","","7.4","","39","","","","18","","17","","11.3","","89.04","","","","","","NA"
"-114.01","51.12","CALGARY INTL A","3031092","2023-06-04 11:00","2023","06","04","11:00","","23.9","","5.9","","31","","","","18","","17","","16.1","","89.01","","","","","","Mainly Clear"
"-114.01","51.12","CALGARY INTL A","3031092","2023-06-04 12:00","2023","06","04","12:00","","24.7","","5.9","","29","","","","20","","13","","12.9","","88.97","","","","","","NA"
"-114.01","51.12","CALGARY INTL A","3031092","2023-06-04 13:00","2023","06","04","13:00","","26.9","","5.8","","26","","","","12","","12","","12.9","","88.94","","26","","","","NA"
"-114.01","51.12","CALGARY INTL A","3031092","2023-06-04 14:00","2023","06","04","14:00","","27.4","","4.9","","23","","","","10","","7","","16.1","","88.89","","27","","","","Mainly Clear"
"-114.01","51.12","CALGARY INTL A","3031092","2023-06-04 15:00","2023","06","04","15:00","","27.6","","4.9","","23","","","","","","0","","12.9","","88.86","","27","","","","NA"
"-114.01","51.12","CALGARY INTL A","3031092","2023-06-04 16:00","2023","06","04","16:00","","28.8","","4.8","","21","","","","18","","13","","12.9","","88.83","","28","","","","NA"
"-114.01","51.12","CALGARY INTL A","3031092","2023-06-04 17:00","2023","06","04","17:00","","28.3","","6.3","","24","","","","14","","21","","16.1","","88.81","","28","","","","Mainly Clear"
"-114.01","51.12","CALGARY INTL A","3031092","2023-06-04 18:00","2023","06","04","18:00","","27.1","","6.0","","26","","","","16","","23","","16.1","","88.80","","27","","","","NA"
"-114.01","51.12","CALGARY INTL A","3031092","2023-06-04 19:00","2023","06","04","19:00","","26.4","","7.2","","29","","","","14","","34","","12.9","","88.80","","26","","","","NA"
"-114.01","51.12","CALGARY INTL A","3031092","2023-06-04 20:00","2023","06","04","20:00","","24.9","","8.5","","35","","","","16","","23","","16.1","","88.84","","26","","","","Thunderstorms"
"-114.01","51.12","CALGARY INTL A","3031092","2023-06-04 21:00","2023","06","04","21:00","","23.8","","8.1","","36","","","","14","","25","","32.2","","88.87","","","","","","NA"
"-114.01","51.12","CALGARY INTL A","3031092","2023-06-04 22:00","2023","06","04","22:00","","21.9","","8.4","","42","","","","14","","21","","16.1","","88.85","","","","","","NA"
"-114.01","51.12","CALGARY INTL A","3031092","2023-06-04 23:00","2023","06","04","23:00","","19.7","","8.5","","48","","","","16","","14","","16.1","","88.83","","","","","","Mainly Clear"
"-114.01","51.12","CALGARY INTL A","3031092","2023-06-05 00:00","2023","06","05","00:00","","18.7","","8.3","","50","","","","15","","6","","16.1","","88.83","","","","","","NA"
"-114.01","51.12","CALGARY INTL A","3031092","2023-06-05 01:00","2023","06","05","01:00","","17.1","","7.9","","54","","","","","","0","","16.1","","88.84","","","","","","NA"
"-114.01","51.12","CALGARY INTL A","3031092","2023-06-05 02:00","2023","06","05","02:00","","16.3","","8.6","","60","","","","1","","4","","16.1","","88.85","","","","","","Mostly Cloudy"
"-114.01","51.12","CALGARY INTL A","3031092","2023-06-05 03:00","2023","06","05","03:00","","15.5","","9.2","","66","","","","36","","34","","12.9","","88.99","","","","","","NA"
"-114.01","51.12","CALGARY INTL A","3031092","2023-06-05 04:00","2023","06","05","04:00","","13.9","","7.4","","65","","","","35","","30","","16.1","","89.02","","","","","","NA"
"-114.01","51.12","CALGARY INTL A","3031092","2023-06-05 05:00","2023","06","05","05:00","","13.3","","5.8","","60","","","","35","","28","","16.1","","89.08","","","","","","Mostly Cloudy"
"-114.01","51.12","CALGARY INTL A","3031092","2023-06-05 06:00","2023","06","05","06:00","","13.3","","5.0","","57","","","","35","","34","","16.1","","89.12","","","","","","NA"
"-114.01","51.12","CALGARY INTL A","3031092","2023-06-05 07:00","2023","06","05","07:00","","13.6","","4.5","","54","","","","34","","26","","16.1","","89.16","","","","","","NA"
"-114.01","51.12","CALGARY INTL A","3031092","2023-06-05 08:00","2023","06","05","08:00","","14.3","","4.2","","51","","","","34","","32","","12.9","","89.16","","","","","","Clear"
"-114.01","51.12","CALGARY INTL A","3031092","2023-06-05 09:00","2023","06","05","09:00","","16.4","","5.2","","47","","","","36","","26","","12.9","","89.12","","","","","","NA"
"-114.01","51.12","CALGARY INTL A","3031092","2023-06-05 10:00","2023","06","05","10:00","","17.2","","5.6","","46","","","","36","","20","","12.9","","89.08","","","","","","NA"
"-114.01","51.12","CALGARY INTL A","3031092","2023-06-05 11:00","2023","06","05","11:00","","18.6","","6.9","","46","","","","1","","14","","14.5","","89.02","","","","","","Mostly Cloudy"
"-114.01","51.12","CALGARY INTL A","3031092","2023-06-05 12:00","2023","06","05","12:00","","19.4","","6.8","","44","","","","3","","10","","16.1","","88.98","","","","","","NA"
"-114.01","51.12","CALGARY INTL A","3031092","2023-06-05 13:00","2023","06","05","13:00","","20.2","","7.3","","43","","","","6","","8","","16.1","","88.92","","","","","","NA"
"-114.01","51.12","CALGARY INTL A","3031092","2023-06-05 14:00","2023","06","05","14:00","","20.4","","7.4","","43","","","","","","0","","16.1","","88.86","","","","","","Cloudy"
"-114.01","51.12","CALGARY INTL A","3031092","2023-06-05 15:00","2023","06","05","15:00","","22.5","","7.7","","38","","","","13","","9","","16.1","","88.82","","","","","","NA"
"-114.01","51.12","CALGARY INTL A","3031092","2023-06-05 16:00","2023","06","05","16:00","","24.0","","7.8","","35","","","","15","","8","","12.9","","88.80","","","","","","NA"
"-114.01","51.12","CALGARY INTL A","3031092","2023-06-05 17:00","2023","06","05","17:00","","24.8","","7.1","","32","","","","19","","15","","12.9","","88.74","","25","","","","Mainly Clear"
"-114.01","51.12","CALGARY INTL A","3031092","2023-06-05 18:00","2023","06","05","18:00","","24.8","","7.9","","34","","","","13","","9","","11.3","","88.72","","25","","","","NA"
"-114.01","51.12","CALGARY INTL A","3031092","2023-06-05 19:00","2023","06","05","19:00","","24.6","","7.9","","34","","","","4","","6","","19.3","","88.72","","25","","","","NA"
"-114.01","51.12","CALGARY INTL A","3031092","2023-06-05 20:00","2023","06","05","20:00","","22.7","","8.2","","39","","","","6","","17","","24.1","","88.77","","","","","","Mostly Cloudy"
"-114.01","51.12","CALGARY INTL A","3031092","2023-06-05 21:00","2023","06","05","21:00","","20.0","","9.8","","51","","","","1","","39","","24.1","","88.93","","","","","","NA"
"-114.01","51.12","CALGARY INTL A","3031092","2023-06-05 22:00","2023","06","05","22:00","","14.5","","10.2","","75","","","","36","","36","","19.3","","89.08","","","","","","NA"
"-114.01","51.12","CALGARY INTL A","3031092","2023-06-05 23:00","2023","06","05","23:00","","13.2","","9.2","","76","","","","36","","47","","19.3","","89.20","","","","","","Mostly Cloudy"
"-114.01","51.12","CALGARY INTL A","3031092","2023-06-06 00:00","2023","06","06","00:00","","12.0","","6.1","","67","","","","36","","43","","19.3","","89.30","","","","","","NA"
"-114.01","51.12","CALGARY INTL A","3031092","2023-06-06 01:00","2023","06","06","01:00","","10.9","","4.2","","63","","","","36","","45","","19.3","","89.36","","","","","","NA"
"-114.01","51.12","CALGARY INTL A","3031092","2023-06-06 02:00","2023","06","06","02:00","","10.3","","1.4","","54","","","","36","","32","","19.3","","89.43","","","","","","Cloudy"
"-114.01","51.12","CALGARY INTL A","3031092","2023-06-06 03:00","2023","06","06","03:00","","10.3","","0.4","","50","","","","36","","26","","19.3","","89.47","","","","","","NA"
"-114.01","51.12","CALGARY INTL A","3031092","2023-06-06 04:00","2023","06","06","04:00","","9.5","","-1.7","","45","","","","36","","26","","19.3","","89.48","","","","","","NA"
"-114.01","51.12","CALGARY INTL A","3031092","2023-06-06 05:00","2023","06","06","05:00","","9.9","","-0.8","","47","","","","31","","9","","24.1","","89.51","","","","","","Cloudy"
"-114.01","51.12","CALGARY INTL A","3031092","2023-06-06 06:00","2023","06","06","06:00","","10.3","","-1.4","","44","","","","31","","14","","24.1","","89.47","","","","","","NA"
"-114.01","51.12","CALGARY INTL A","3031092","2023-06-06 07:00","2023","06","06","07:00","","12.2","","-3.2","","34","","","","36","","6","","12.9","","89.49","","","","","","NA"
"-114.01","51.12","CALGARY INTL A","3031092","2023-06-06 08:00","2023","06","06","08:00","","12.4","","-3.6","","33","","","","14","","5","","12.9","","89.48","","","","","","Mostly Cloudy"
"-114.01","51.12","CALGARY INTL A","3031092","2023-06-06 09:00","2023","06","06","09:00","","14.8","","-3.2","","29","","","","2","","4","","16.1","","89.44","","","","","","NA"
"-114.01","51.12","CALGARY INTL A","3031092","2023-06-06 10:00","2023","06","06","10:00","","15.1","","-4.5","","25","","","","13","","10","","12.9","","89.41","","","","","","NA"
"-114.01","51.12","CALGARY INTL A","3031092","2023-06-06 11:00","2023","06","06","11:00","","17.6","","-2.4","","25","","","","16","","16","","14.5","","89.36","","","","","","Mainly Clear"
"-114.01","51.12","CALGARY INTL A","3031092","2023-06-06 12:00","2023","06","06","12:00","","19.1","","-2.1","","24","","","","13","","16","","24.1","","89.30","","","","","","NA"
"-114.01","51.12","CALGARY INTL A","3031092","2023-06-06 13:00","2023","06","06","13:00","","20.2","","-1.2","","23","","","","13","","18","","24.1","","89.22","","","","","","NA"
"-114.01","51.12","CALGARY INTL A","3031092","2023-06-06 14:00","2023","06","06","14:00","","21.6","","1.3","","26","","","","19","","23","","16.1","","89.13","","","","","","Clear"
"-114.01","51.12","CALGARY INTL A","3031092","2023-06-06 15:00","2023","06","06","15:00","","22.5","","1.7","","25","","","","16","","18","","12.9","","89.05","","","","","","NA"
"-114.01","51.12","CALGARY INTL A","3031092","2023-06-06 16:00","2023","06","06","16:00","","22.3","","1.2","","24","","","","17","","19","","12.9","","89.00","","","","","","NA"
"-114.01","51.12","CALGARY INTL A","3031092","2023-06-06 17:00","2023","06","06","17:00","","22.7","","1.8","","25","","","","16","","21","","12.9","","88.93","","","","","","Clear"
"-114.01","51.12","CALGARY INTL A","3031092","2023-06-06 18:00","2023","06","06","18:00","","22.1","","1.5","","25","","","","15","","31","","12.9","","88.89","","","","","","NA"
"-114.01","51.12","CALGARY INTL A","3031092","2023-06-06 19:00","2023","06","06","19:00","","20.8","","2.2","","29","","","","15","","25","","32.2","","88.91","","","","","","NA"
"-114.01","51.12","CALGARY INTL A","3031092","2023-06-06 20:00","2023","06","06","20:00","","19.5","","3.5","","34","","","","15","","27","","32.2","","88.89","","","","","","Clear"
"-114.01","51.12","CALGARY INTL A","3031092","2023-06-06 21:00","2023","06","06","21:00","","18.0","","3.8","","39","","","","15","","23","","32.2","","88.92","","","","","","NA"
"-114.01","51.12","CALGARY INTL A","3031092","2023-06-06 22:00","2023","06","06","22:00","","16.5","","4.2","","44","","","","16","","20","","24.1","","88.92","","","","","","NA"
"-114.01","51.12","CALGARY INTL A","3031092","2023-06-06 23:00","2023","06","06","23:00","","15.1","","4.9","","50","","","","15","","17","","24.1","","88.91","","","","","","Clear"
"-114.01","51.12","CALGARY INTL A","3031092","2023-06-07 00:00","2023","06","07","00:00","","13.2","","5.4","","59","","","","17","","9","","24.1","","88.89","","","","","","NA"
"-114.01","51.12","CALGARY INTL A","3031092","2023-06-07 01:00","2023","06","07","01:00","","12.3","","5.9","","65","","","","16","","8","","24.1","","88.89","","","","","","NA"
"-114.01","51.12","CALGARY INTL A","3031092","2023-06-07 02:00","2023","06","07","02:00","","11.8","","6.6","","70","","","","18","","9","","19.3","","88.91","","","","","","Mainly Clear"
"-114.01","51.12","CALGARY INTL A","3031092","2023-06-07 03:00","2023","06","07","03:00","","11.8","","7.0","","72","","","","16","","5","","19.3","","88.91","","","","","","NA"
"-114.01","51.12","CALGARY INTL A","3031092","2023-06-07 04:00","2023","06","07","04:00","","12.3","","6.9","","69","","","","17","","3","","19.3","","88.89","","","","","","NA"
"-114.01","51.12","CALGARY INTL A","3031092","2023-06-07 05:00","2023","06","07","05:00","","10.2","","6.3","","77","","","","32","","4","","24.1","","88.91","","","","","","Mainly Clear"
"-114.01","51.12","CALGARY INTL A","3031092","2023-06-07 06:00","2023","06","07","06:00","","12.1","","6.9","","70","","","","32","","4","","24.1","","88.91","","","","","","NA"
"-114.01","51.12","CALGARY INTL A","3031092","2023-06-07 07:00","2023","06","07","07:00","","14.7","","7.4","","61","","","","19","","11","","32.2","","88.90","","","","","","NA"
"-114.01","51.12","CALGARY INTL A","3031092","2023-06-07 08:00","2023","06","07","08:00","","16.6","","6.9","","53","","","","23","","8","","32.2","","88.92","","","","","","Mostly Cloudy"
"-114.01","51.12","CALGARY INTL A","3031092","2023-06-07 09:00","2023","06","07","09:00","","19.3","","7.9","","47","","","","17","","12","","32.2","","88.94","","","","","","NA"
"-114.01","51.12","CALGARY INTL A","3031092","2023-06-07 10:00","2023","06","07","10:00","","21.0","","6.1","","37","","","","18","","10","","32.2","","88.92","","","","","","NA"
"-114.01","51.12","CALGARY INTL A","3031092","2023-06-07 11:00","2023","06","07","11:00","","23.1","","6.3","","33","","","","13","","7","","32.2","","88.90","","","","","","Mostly Cloudy"
"-114.01","51.12","CALGARY INTL A","3031092","2023-06-07 12:00","2023","06","07","12:00","","24.0","","6.1","","31","","","","9","","4","","24.1","","88.89","","","","","","NA"
"-114.01","51.12","CALGARY INTL A","3031092","2023-06-07 13:00","2023","06","07","13:00","","26.6","","5.0","","25","","","","1","","7","","24.1","","88.84","","26","","","","NA"
"-114.01","51.12","CALGARY INTL A","3031092","2023-06-07 14:00","2023","06","07","14:00","","28.2","","3.2","","20","","","","36","","3","","32.2","","88.80","","27","","","","Mainly Clear"
"-114.01","51.12","CALGARY INTL A","3031092","2023-06-07 15:00","2023","06","07","15:00","","27.9","","1.6","","18","","","","6","","4","","32.2","","88.78","","26","","","","NA"
"-114.01","51.12","CALGARY INTL A","3031092","2023-06-07 16:00","2023","06","07","16:00","","28.6","","1.6","","17","","","","1","","8","","32.2","","88.76","","27","","","","NA"
"-114.01","51.12","CALGARY INTL A","3031092","2023-06-07 17:00","2023","06","07","17:00","","28.8","","1.5","","17","","","","1","","8","","32.2","","88.74","","27","","","","Mainly Clear"
"-114.01","51.12","CALGARY INTL A","3031092","2023-06-07 18:00","2023","06","07","18:00","","28.1","","2.0","","18","","","","8","","12","","32.2","","88.74","","26","","","","NA"
"-114.01","51.12","CALGARY INTL A","3031092","2023-06-07 19:00","2023","06","07","19:00","","27.0","","4.0","","22","","","","10","","22","","32.2","","88.76","","26","","","","NA"
"-114.01","51.12","CALGARY INTL A","3031092","2023-06-07 20:00","2023","06","07","20:00","","25.9","","3.9","","24","","","","11","","16","","32.2","","88.82","","25","","","","Cloudy"
"-114.01","51.12","CALGARY INTL A","3031092","2023-06-07 21:00","2023","06","07","21:00","","23.7","","5.3","","30","","","","12","","14","","32.2","","88.89","","","","","","NA"
"-114.01","51.12","CALGARY INTL A","3031092","2023-06-07 22:00","2023","06","07","22:00","","21.7","","5.5","","35","","","","13","","13","","24.1","","88.93","","","","","","NA"
"-114.01","51.12","CALGARY INTL A","3031092","2023-06-07 23:00","2023","06","07","23:00","","20.5","","4.7","","35","","","","19","","9","","19.3","","88.96","","","","","","Mainly Clear"
"-114.01","51.12","CALGARY INTL A","3031092","2023-06-08 00:00","2023","06","08","00:00","","19.6","","5.1","","38","","","","","","0","","19.3","","88.99","","","","","","NA"
"-114.01","51.12","CALGARY INTL A","3031092","2023-06-08 01:00","2023","06","08","01:00","","15.5","","5.5","","51","","","","35","","4","","19.3","","89.02","","","","","","NA"
"-114.01","51.12","CALGARY INTL A","3031092","2023-06-08 02:00","2023","06","08","02:00","","15.1","","5.5","","53","","","","35","","5","","19.3","","89.05","","","","","","Mainly Clear"
"-114.01","51.12","CALGARY INTL A","3031092","2023-06-08 03:00","2023","06","08","03:00","","13.0","","5.4","","60","","","","36","","11","","19.3","","89.07","","","","","","NA"
"-114.01","51.12","CALGARY INTL A","3031092","2023-06-08 04:00","2023","06","08","04:00","","11.3","","4.8","","64","","","","33","","6","","24.1","","89.08","","","","","","NA"
"-114.01","51.12","CALGARY INTL A","3031092","2023-06-08 05:00","2023","06","08","05:00","","12.2","","5.1","","62","","","","31","","5","","32.2","","89.11","","","","","","Mainly Clear"
"-114.01","51.12","CALGARY INTL A","3031092","2023-06-08 06:00","2023","06","08","06:00","","14.6","","6.2","","57","","","","20","","3","","32.2","","89.15","","","","","","NA"
"-114.01","51.12","CALGARY INTL A","3031092","2023-06-08 07:00","2023","06","08","07:00","","17.6","","5.9","","46","","","","","","0","","32.2","","89.17","","","","","","NA"
"-114.01","51.12","CALGARY INTL A","3031092","2023-06-08 08:00","2023","06","08","08:00","","20.8","","6.1","","38","","","","22","","3","","32.2","","89.20","","","","","","Mostly Cloudy"
"-114.01","51.12","CALGARY INTL A","3031092","2023-06-08 09:00","2023","06","08","09:00","","24.0","","6.5","","32","","","","18","","10","","32.2","","89.23","","","","","","NA"
"-114.01","51.12","CALGARY INTL A","3031092","2023-06-08 10:00","2023","06","08","10:00","","26.4","","7.4","","29","","","","20","","8","","32.2","","89.22","","27","","","","NA"
"-114.01","51.12","CALGARY INTL A","3031092","2023-06-08 11:00","2023","06","08","11:00","","26.9","","6.1","","26","","","","16","","16","","32.2","","89.20","","27","","","","Cloudy"
"-114.01","51.12","CALGARY INTL A","3031092","2023-06-08 12:00","2023","06","08","12:00","","27.9","","3.9","","21","","","","18","","7","","48.3","","89.18","","27","","","","NA"
"-114.01","51.12","CALGARY INTL A","3031092","2023-06-08 13:00","2023","06","08","13:00","","28.8","","4.7","","21","","","","10","","16","","32.2","","89.15","","28","","","","NA"
"-114.01","51.12","CALGARY INTL A","3031092","2023-06-08 14:00","2023","06","08","14:00","","28.7","","6.2","","24","","","","13","","19","","32.2","","89.13","","28","","","","Mostly Cloudy"
"-114.01","51.12","CALGARY INTL A","3031092","2023-06-08 15:00","2023","06","08","15:00","","29.0","","7.7","","26","","","","14","","19","","32.2","","89.09","","29","","","","NA"
"-114.01","51.12","CALGARY INTL A","3031092","2023-06-08 16:00","2023","06","08","16:00","","28.7","","7.0","","25","","","","18","","21","","32.2","","89.09","","29","","","","NA"
"-114.01","51.12","CALGARY INTL A","3031092","2023-06-08 17:00","2023","06","08","17:00","","28.6","","1.7","","17","","","","11","","9","","32.2","","89.04","","27","","","","Cloudy"
"-114.01","51.12","CALGARY INTL A","3031092","2023-06-08 18:00","2023","06","08","18:00","","28.3","","3.6","","20","","","","12","","19","","32.2","","89.04","","27","","","","NA"
"-114.01","51.12","CALGARY INTL A","3031092","2023-06-08 19:00","2023","06","08","19:00","","27.9","","4.5","","22","","","","15","","16","","32.2","","89.07","","27","","","","NA"
"-114.01","51.12","CALGARY INTL A","3031092","2023-06-08 20:00","2023","06","08","20:00","","25.3","","7.4","","32","","","","12","","21","","32.2","","89.09","","25","","","","Mainly Clear"
"-114.01","51.12","CALGARY INTL A","3031092","2023-06-08 21:00","2023","06","08","21:00","","24.7","","7.3","","32","","","","15","","18","","32.2","","89.16","","25","","","","NA"
"-114.01","51.12","CALGARY INTL A","3031092","2023-06-08 22:00","2023","06","08","22:00","","23.6","","6.4","","33","","","","15","","24","","24.1","","89.20","","","","","","NA"
"-114.01","51.12","CALGARY INTL A","3031092","2023-06-08 23:00","2023","06","08","23:00","","20.0","","6.2","","40","","","","17","","10","","24.1","","89.21","","","","","","Mainly Clear"
"-114.01","51.12","CALGARY INTL A","3031092","2023-06-09 00:00","2023","06","09","00:00","","19.8","","5.8","","40","","","","16","","12","","24.1","","89.21","","","","","","NA"
"-114.01","51.12","CALGARY INTL A","3031092","2023-06-09 01:00","2023","06","09","01:00","","19.0","","5.1","","40","","","","17","","9","","24.1","","89.22","","","","","","NA"
"-114.01","51.12","CALGARY INTL A","3031092","2023-06-09 02:00","2023","06","09","02:00","","18.0","","4.9","","42","","","","20","","4","","24.1","","89.20","","","","","","Mostly Cloudy"
"-114.01","51.12","CALGARY INTL A","3031092","2023-06-09 03:00","2023","06","09","03:00","","16.4","","5.6","","48","","","","5","","5","","24.1","","89.22","","","","","","NA"
"-114.01","51.12","CALGARY INTL A","3031092","2023-06-09 04:00","2023","06","09","04:00","","13.6","","6.2","","61","","","","33","","8","","24.1","","89.23","","","","","","NA"
"-114.01","51.12","CALGARY INTL A","3031092","2023-06-09 05:00","2023","06","09","05:00","","14.2","","6.2","","58","","","","33","","5","","24.1","","89.25","","","","","","Mostly Cloudy"
"-114.01","51.12","CALGARY INTL A","3031092","2023-06-09 06:00","2023","06","09","06:00","","15.3","","7.5","","59","","","","","","0","","24.1","","89.26","","","","","","NA"
"-114.01","51.12","CALGARY INTL A","3031092","2023-06-09 07:00","2023","06","09","07:00","","18.2","","7.4","","49","","","","10","","3","","24.1","","89.27","","","","","","NA"
"-114.01","51.12","CALGARY INTL A","3031092","2023-06-09 08:00","2023","06","09","08:00","","20.9","","9.1","","46","","","","15","","5","","24.1","","89.29","","","","","","Cloudy"
"-114.01","51.12","CALGARY INTL A","3031092","2023-06-09 09:00","2023","06","09","09:00","","22.7","","10.8","","46","","","","15","","22","","24.1","","89.31","","","","","","NA"
"-114.01","51.12","CALGARY INTL A","3031092","2023-06-09 10:00","2023","06","09","10:00","","23.4","","10.1","","42","","","","16","","22","","24.1","","89.30","","25","","","","NA"
"-114.01","51.12","CALGARY INTL A","3031092","2023-06-09 11:00","2023","06","09","11:00","","24.1","","7.2","","33","","","","14","","24","","24.1","","89.28","","","","","","Cloudy"
"-114.01","51.12","CALGARY INTL A","3031092","2023-06-09 12:00","2023","06","09","12:00","","25.8","","8.7","","33","","","","15","","25","","24.1","","89.25","","27","","","","NA"
"-114.01","51.12","CALGARY INTL A","3031092","2023-06-09 13:00","2023","06","09","13:00","","26.1","","7.5","","30","","","","16","","22","","24.1","","89.21","","26","","","","NA"
"-114.01","51.12","CALGARY INTL A","3031092","2023-06-09 14:00","2023","06","09","14:00","","26.5","","7.9","","30","","","","16","","30","","24.1","","89.17","","27","","","","Cloudy"
"-114.01","51.12","CALGARY INTL A","3031092","2023-06-09 15:00","2023","06","09","15:00","","27.4","","5.8","","25","","","","16","","31","","14.5","","89.13","","27","","","","NA"
"-114.01","51.12","CALGARY INTL A","3031092","2023-06-09 16:00","2023","06","09","16:00","","26.3","","4.4","","24","","","","12","","30","","14.5","","89.11","","25","","","","NA"
"-114.01","51.12","CALGARY INTL A","3031092","2023-06-09 17:00","2023","06","09","17:00","","26.2","","4.2","","24","","","","13","","31","","9.7","","89.10","","25","","","","Haze"
"-114.01","51.12","CALGARY INTL A","3031092","2023-06-09 18:00","2023","06","09","18:00","","23.1","","7.8","","37","","","","20","","22","","19.3","","89.11","","","","","","NA"
"-114.01","51.12","CALGARY INTL A","3031092","2023-06-09 19:00","2023","06","09","19:00","","21.4","","7.2","","39","","","","23","","13","","16.1","","89.12","","","","","","NA"
"-114.01","51.12","CALGARY INTL A","3031092","2023-06-09 20:00","2023","06","09","20:00","","20.9","","7.2","","41","","","","22","","5","","12.9","","89.12","","","","","","Mainly Clear"
"-114.01","51.12","CALGARY INTL A","3031092","2023-06-09 21:00","2023","06","09","21:00","","19.9","","8.1","","46","","","","21","","11","","12.9","","89.15","","","","","","NA"
"-114.01","51.12","CALGARY INTL A","3031092","2023-06-09 22:00","2023","06","09","22:00","","19.1","","8.7","","50","","","","26","","7","","12.9","","89.15","","","","","","NA"
"-114.01","51.12","CALGARY INTL A","3031092","2023-06-09 23:00","2023","06","09","23:00","","17.9","","8.8","","55","","","","","","0","","16.1","","89.15","","","","","","Clear"
"-114.01","51.12","CALGARY INTL A","3031092","2023-06-10 00:00","2023","06","10","00:00","","16.5","","8.8","","60","","","","36","","3","","16.1","","89.13","","","","","","NA"
"-114.01","51.12","CALGARY INTL A","3031092","2023-06-10 01:00","2023","06","10","01:00","","13.5","","7.9","","69","","","","33","","4","","16.1","","89.09","","","","","","NA"
"-114.01","51.12","CALGARY INTL A","3031092","2023-06-10 02:00","2023","06","10","02:00","","13.6","","7.8","","68","","","","36","","3","","16.1","","89.09","","","","","","Clear"
"-114.01","51.12","CALGARY INTL A","3031092","2023-06-10 03:00","2023","06","10","03:00","","12.7","","7.4","","70","","","","34","","3","","16.1","","89.09","","","","","","NA"
"-114.01","51.12","CALGARY INTL A","3031092","2023-06-10 04:00","2023","06","10","04:00","","12.0","","7.6","","74","","","","7","","5","","12.9","","89.06","","","","","","NA"
"-114.01","51.12","CALGARY INTL A","3031092","2023-06-10 05:00","2023","06","10","05:00","","10.6","","6.8","","77","","","","4","","5","","12.9","","89.04","","","","","","Mainly Clear"
"-114.01","51.12","CALGARY INTL A","3031092","2023-06-10 06:00","2023","06","10","06:00","","13.5","","10.2","","80","","","","7","","6","","12.9","","89.03","","","","","","NA"
"-114.01","51.12","CALGARY INTL A","3031092","2023-06-10 07:00","2023","06","10","07:00","","15.1","","9.9","","71","","","","12","","7","","14.5","","89.02","","","","","","NA"
"-114.01","51.12","CALGARY INTL A","3031092","2023-06-10 08:00","2023","06","10","08:00","","17.3","","9.5","","60","","","","17","","7","","14.5","","89.01","","","","","","Mostly Cloudy"
"-114.01","51.12","CALGARY INTL A","3031092","2023-06-10 09:00","2023","06","10","09:00","","19.4","","9.9","","54","","","","15","","14","","9.7","","89.02","","","","","","Haze"
"-114.01","51.12","CALGARY INTL A","3031092","2023-06-10 10:00","2023","06","10","10:00","","21.3","","11.7","","54","","","","20","","19","","24.1","","88.98","","","","","","NA"
"-114.01","51.12","CALGARY INTL A","3031092","2023-06-10 11:00","2023","06","10","11:00","","21.9","","12.1","","53","","","","18","","30","","24.1","","88.96","","","","","","Cloudy"
"-114.01","51.12","CALGARY INTL A","3031092","2023-06-10 12:00","2023","06","10","12:00","","24.1","","12.2","","47","","","","16","","24","","24.1","","88.92","","26","","","","NA"
"-114.01","51.12","CALGARY INTL A","3031092","2023-06-10 13:00","2023","06","10","13:00","","25.1","","11.5","","42","","","","19","","22","","24.1","","88.89","","27","","","","NA"
"-114.01","51.12","CALGARY INTL A","3031092","2023-06-10 14:00","2023","06","10","14:00","","25.9","","11.6","","40","","","","16","","25","","24.1","","88.83","","28","","","","Mostly Cloudy"
"-114.01","51.12","CALGARY INTL A","3031092","2023-06-10 15:00","2023","06","10","15:00","","26.6","","11.1","","37","","","","14","","35","","24.1","","88.79","","28","","","","NA"
"-114.01","51.12","CALGARY INTL A","3031092","2023-06-10 16:00","2023","06","10","16:00","","27.0","","10.1","","34","","","","16","","32","","24.1","","88.75","","28","","","","NA"
"-114.01","51.12","CALGARY INTL A","3031092","2023-06-10 17:00","2023","06","10","17:00","","27.1","","9.8","","33","","","","18","","37","","24.1","","88.76","","28","","","","Mainly Clear"
"-114.01","51.12","CALGARY INTL A","3031092","2023-06-10 18:00","2023","06","10","18:00","","26.2","","10.0","","35","","","","17","","29","","24.1","","88.71","","27","","","","NA"
"-114.01","51.12","CALGARY INTL A","3031092","2023-06-10 19:00","2023","06","10","19:00","","24.0","","11.0","","43","","","","18","","35","","32.2","","88.71","","26","","","","NA"
"-114.01","51.12","CALGARY INTL A","3031092","2023-06-10 20:00","2023","06","10","20:00","","22.0","","10.9","","49","","","","17","","34","","24.1","","88.73","","","","","","Mostly Cloudy"
"-114.01","51.12","CALGARY INTL A","3031092","2023-06-10 21:00","2023","06","10","21:00","","21.1","","12.0","","56","","","","17","","32","","32.2","","88.76","","","","","","NA"
"-114.01","51.12","CALGARY INTL A","3031092","2023-06-10 22:00","2023","06","10","22:00","","20.3","","11.9","","58","","","","17","","28","","24.1","","88.75","","","","","","NA"
"-114.01","51.12","CALGARY INTL A","3031092","2023-06-10 23:00","2023","06","10","23:00","","18.6","","10.4","","59","","","","17","","22","","24.1","","88.75","","","","","","Mainly Clear"
"-114.01","51.12","CALGARY INTL A","3031092","2023-06-11 00:00","2023","06","11","00:00","","17.6","","9.9","","61","","","","17","","21","","24.1","","88.77","","","","","","NA"
"-114.01","51.12","CALGARY INTL A","3031092","2023-06-11 01:00","2023","06","11","01:00","","16.4","","10.0","","66","","","","18","","17","","24.1","","88.77","","","","","","NA"
"-114.01","51.12","CALGARY INTL A","3031092","2023-06-11 02:00","2023","06","11","02:00","","16.1","","9.9","","66","","","","19","","15","","24.1","","88.79","","","","","","Clear"
"-114.01","51.12","CALGARY INTL A","3031092","2023-06-11 03:00","2023","06","11","03:00","","15.5","","9.9","","69","","","","20","","11","","24.1","","88.79","","","","","","NA"
"-114.01","51.12","CALGARY INTL A","3031092","2023-06-11 04:00","2023","06","11","04:00","","16.1","","9.8","","66","","","","29","","6","","16.1","","88.85","","","","","","NA"
"-114.01","51.12","CALGARY INTL A","3031092","2023-06-11 05:00","2023","06","11","05:00","","15.4","","11.1","","75","","","","34","","14","","4.0","","88.89","","","","","","Smoke"
"-114.01","51.12","CALGARY INTL A","3031092","2023-06-11 06:00","2023","06","11","06:00","","16.6","","11.8","","73","","","","33","","23","","4.0","","88.89","","","","","","Smoke"
"-114.01","51.12","CALGARY INTL A","3031092","2023-06-11 07:00","2023","06","11","07:00","","18.3","","11.9","","66","","","","34","","32","","2.8","","88.92","","","","","","Smoke"
"-114.01","51.12","CALGARY INTL A","3031092","2023-06-11 08:00","2023","06","11","08:00","","19.5","","12.2","","62","","","","34","","23","","2.8","","88.94","","","","","","Smoke"
"-114.01","51.12","CALGARY INTL A","3031092","2023-06-11 09:00","2023","06","11","09:00","","19.7","","12.1","","61","","","","34","","27","","2.8","","88.95","","","","","","Smoke"
"-114.01","51.12","CALGARY INTL A","3031092","2023-06-11 10:00","2023","06","11","10:00","","21.2","","12.2","","56","","","","36","","28","","3.2","","88.96","","","","","","Smoke"
"-114.01","51.12","CALGARY INTL A","3031092","2023-06-11 11:00","2023","06","11","11:00","","21.1","","12.2","","56","","","","35","","27","","6.4","","88.98","","","","","","Smoke"
"-114.01","51.12","CALGARY INTL A","3031092","2023-06-11 12:00","2023","06","11","12:00","","21.0","","12.2","","57","","","","36","","27","","4.8","","89.03","","","","","","Smoke"
"-114.01","51.12","CALGARY INTL A","3031092","2023-06-11 13:00","2023","06","11","13:00","","20.6","","12.0","","57","","","","35","","28","","4.8","","89.05","","","","","","Smoke"
"-114.01","51.12","CALGARY INTL A","3031092","2023-06-11 14:00","2023","06","11","14:00","","22.7","","12.1","","51","","","","34","","28","","4.8","","89.03","","25","","","","Smoke"
"-114.01","51.12","CALGARY INTL A","3031092","2023-06-11 15:00","2023","06","11","15:00","","21.9","","11.7","","52","","","","1","","25","","4.8","","89.06","","","","","","Smoke"
"-114.01","51.12","CALGARY INTL A","3031092","2023-06-11 16:00","2023","06","11","16:00","","21.3","","11.9","","54","","","","35","","26","","4.8","","89.09","","","","","","Smoke"
"-114.01","51.12","CALGARY INTL A","3031092","2023-06-11 17:00","2023","06","11","17:00","","21.0","","11.5","","54","","","","36","","24","","4.8","","89.08","","","","","","Smoke"
"-114.01","51.12","CALGARY INTL A","3031092","2023-06-11 18:00","2023","06","11","18:00","","20.5","","10.8","","53","","","","36","","25","","6.4","","89.07","","","","","","Smoke"
"-114.01","51.12","CALGARY INTL A","3031092","2023-06-11 19:00","2023","06","11","19:00","","19.6","","10.3","","54","","","","36","","31","","16.1","","89.07","","","","","","NA"
"-114.01","51.12","CALGARY INTL A","3031092","2023-06-11 20:00","2023","06","11","20:00","","18.9","","9.2","","53","","","","36","","23","","16.1","","89.16","","","","","","Mainly Clear"
"-114.01","51.12","CALGARY INTL A","3031092","2023-06-11 21:00","2023","06","11","21:00","","17.7","","9.2","","57","","","","34","","15","","16.1","","89.18","","","","","","NA"
"-114.01","51.12","CALGARY INTL A","3031092","2023-06-11 22:00","2023","06","11","22:00","","16.2","","9.2","","63","","","","33","","10","","16.1","","89.21","","","","","","NA"
"-114.01","51.12","CALGARY INTL A","3031092","2023-06-11 23:00","2023","06","11","23:00","","15.4","","9.7","","68","","","","34","","12","","12.9","","89.21","","","","","","Mainly Clear"
"-114.01","51.12","CALGARY INTL A","3031092","2023-06-12 00:00","2023","06","12","00:00","","14.8","","9.4","","70","","","","34","","10","","16.1","","89.23","","","","","","NA"
"-114.01","51.12","CALGARY INTL A","3031092","2023-06-12 01:00","2023","06","12","01:00","","14.9","","10.0","","72","","","","35","","9","","12.9","","89.25","","","","","","Thunderstorms"
"-114.01","51.12","CALGARY INTL A","3031092","2023-06-12 02:00","2023","06","12","02:00","","14.8","","10.1","","73","","","","10","","4","","11.3","","89.31","","","","","","Thunderstorms"
"-114.01","51.12","CALGARY INTL A","3031092","2023-06-12 03:00","2023","06","12","03:00","","14.5","","10.0","","74","","","","17","","8","","12.9","","89.34","","","","","","NA"
"-114.01","51.12","CALGARY INTL A","3031092","2023-06-12 04:00","2023","06","12","04:00","","14.9","","9.7","","71","","","","34","","14","","11.3","","89.24","","","","","","NA"
"-114.01","51.12","CALGARY INTL A","3031092","2023-06-12 05:00","2023","06","12","05:00","","15.2","","9.2","","67","","","","34","","13","","12.9","","89.28","","","","","","Mostly Cloudy"
"-114.01","51.12","CALGARY INTL A","3031092","2023-06-12 06:00","2023","06","12","06:00","","15.6","","9.4","","66","","","","33","","9","","12.9","","89.31","","","","","","NA"
"-114.01","51.12","CALGARY INTL A","3031092","2023-06-12 07:00","2023","06","12","07:00","","16.6","","9.5","","62","","","","34","","13","","12.9","","89.31","","","","","","NA"
"-114.01","51.12","CALGARY INTL A","3031092","2023-06-12 08:00","2023","06","12","08:00","","19.3","","10.2","","55","","","","35","","13","","9.7","","89.31","","","","","","Smoke"
"-114.01","51.12","CALGARY INTL A","3031092","2023-06-12 09:00","2023","06","12","09:00","","20.8","","9.8","","49","","","","34","","8","","8.1","","89.29","","","","","","Smoke"
"-114.01","51.12","CALGARY INTL A","3031092","2023-06-12 10:00","2023","06","12","10:00","","22.3","","9.4","","43","","","","7","","5","","8.1","","89.25","","","","","","Smoke"
"-114.01","51.12","CALGARY INTL A","3031092","2023-06-12 11:00","2023","06","12","11:00","","23.6","","10.2","","42","","","","1","","14","","8.1","","89.21","","25","","","","Smoke"
"-114.01","51.12","CALGARY INTL A","3031092","2023-06-12 12:00","2023","06","12","12:00","","23.9","","10.1","","41","","","","12","","9","","9.7","","89.17","","25","","","","Smoke"
"-114.01","51.12","CALGARY INTL A","3031092","2023-06-12 13:00","2023","06","12","13:00","","24.4","","9.3","","38","","","","22","","4","","8.1","","89.12","","25","","","","Smoke"
"-114.01","51.12","CALGARY INTL A","3031092","2023-06-12 14:00","2023","06","12","14:00","","24.8","","8.6","","35","","","","17","","5","","8.1","","89.07","","25","","","","Smoke"
"-114.01","51.12","CALGARY INTL A","3031092","2023-06-12 15:00","2023","06","12","15:00","","25.7","","8.9","","34","","","","14","","10","","6.4","","89.00","","26","","","","Smoke"
"-114.01","51.12","CALGARY INTL A","3031092","2023-06-12 16:00","2023","06","12","16:00","","26.2","","9.3","","34","","","","25","","6","","6.4","","88.93","","27","","","","Smoke"
"-114.01","51.12","CALGARY INTL A","3031092","2023-06-12 17:00","2023","06","12","17:00","","26.0","","9.2","","34","","","","17","","8","","6.4","","88.91","","27","","","","Smoke"
"-114.01","51.12","CALGARY INTL A","3031092","2023-06-12 18:00","2023","06","12","18:00","","26.0","","9.2","","34","","","","19","","14","","8.1","","88.87","","27","","","","Smoke"
"-114.01","51.12","CALGARY INTL A","3031092","2023-06-12 19:00","2023","06","12","19:00","","25.4","","9.1","","35","","","","15","","13","","12.9","","88.86","","26","","","","NA"
"-114.01","51.12","CALGARY INTL A","3031092","2023-06-12 20:00","2023","06","12","20:00","","23.6","","9.3","","40","","","","17","","13","","12.9","","88.85","","25","","","","Mainly Clear"
"-114.01","51.12","CALGARY INTL A","3031092","2023-06-12 21:00","2023","06","12","21:00","","23.2","","8.8","","39","","","","15","","15","","16.1","","88.84","","","","","","NA"
"-114.01","51.12","CALGARY INTL A","3031092","2023-06-12 22:00","2023","06","12","22:00","","21.5","","9.4","","46","","","","17","","18","","16.1","","88.84","","","","","","NA"
"-114.01","51.12","CALGARY INTL A","3031092","2023-06-12 23:00","2023","06","12","23:00","","19.5","","9.7","","53","","","","18","","14","","19.3","","88.80","","","","","","Mainly Clear"
"-114.01","51.12","CALGARY INTL A","3031092","2023-06-13 00:00","2023","06","13","00:00","","18.5","","9.8","","56","","","","18","","14","","19.3","","88.75","","","","","","NA"
"-114.01","51.12","CALGARY INTL A","3031092","2023-06-13 01:00","2023","06","13","01:00","","18.3","","10.0","","58","","","","19","","13","","19.3","","88.72","","","","","","NA"
"-114.01","51.12","CALGARY INTL A","3031092","2023-06-13 02:00","2023","06","13","02:00","","17.6","","9.8","","60","","","","20","","9","","24.1","","88.69","","","","","","Mainly Clear"
"-114.01","51.12","CALGARY INTL A","3031092","2023-06-13 03:00","2023","06","13","03:00","","16.2","","9.6","","65","","","","19","","7","","19.3","","88.65","","","","","","NA"
"-114.01","51.12","CALGARY INTL A","3031092","2023-06-13 04:00","2023","06","13","04:00","","15.0","","9.0","","67","","","","21","","7","","19.3","","88.61","","","","","","NA"
"-114.01","51.12","CALGARY INTL A","3031092","2023-06-13 05:00","2023","06","13","05:00","","15.1","","8.8","","66","","","","23","","11","","19.3","","88.59","","","","","","Mainly Clear"
"-114.01","51.12","CALGARY INTL A","3031092","2023-06-13 06:00","2023","06","13","06:00","","16.1","","9.3","","64","","","","21","","5","","14.5","","88.55","","","","","","NA"
"-114.01","51.12","CALGARY INTL A","3031092","2023-06-13 07:00","2023","06","13","07:00","","18.6","","9.3","","54","","","","22","","8","","11.3","","88.52","","","","","","NA"
"-114.01","51.12","CALGARY INTL A","3031092","2023-06-13 08:00","2023","06","13","08:00","","21.6","","9.0","","44","","","","17","","10","","11.3","","88.49","","","","","","Mainly Clear"
"-114.01","51.12","CALGARY INTL A","3031092","2023-06-13 09:00","2023","06","13","09:00","","23.4","","9.1","","40","","","","21","","10","","12.9","","88.43","","","","","","NA"
"-114.01","51.12","CALGARY INTL A","3031092","2023-06-13 10:00","2023","06","13","10:00","","25.9","","8.8","","33","","","","20","","12","","11.3","","88.36","","27","","","","NA"
"-114.01","51.12","CALGARY INTL A","3031092","2023-06-13 11:00","2023","06","13","11:00","","26.9","","7.3","","28","","","","16","","12","","12.9","","88.27","","27","","","","Mostly Cloudy"
"-114.01","51.12","CALGARY INTL A","3031092","2023-06-13 12:00","2023","06","13","12:00","","27.7","","6.8","","26","","","","15","","14","","12.9","","88.20","","28","","","","NA"
"-114.01","51.12","CALGARY INTL A","3031092","2023-06-13 13:00","2023","06","13","13:00","","29.1","","7.2","","25","","","","18","","19","","12.9","","88.08","","29","","","","NA"
"-114.01","51.12","CALGARY INTL A","3031092","2023-06-13 14:00","2023","06","13","14:00","","26.3","","7.0","","29","","","","26","","17","","16.1","","87.98","","26","","","","Thunderstorms,Rain Showers"
"-114.01","51.12","CALGARY INTL A","3031092","2023-06-13 15:00","2023","06","13","15:00","","23.8","","12.0","","47","","","","11","","11","","11.3","","87.87","","26","","","","Thunderstorms"
"-114.01","51.12","CALGARY INTL A","3031092","2023-06-13 16:00","2023","06","13","16:00","","28.6","","10.7","","32","","","","11","","17","","12.9","","87.72","","30","","","","NA"
"-114.01","51.12","CALGARY INTL A","3031092","2023-06-13 17:00","2023","06","13","17:00","","28.3","","6.4","","25","","","","17","","27","","16.1","","87.56","","28","","","","Mostly Cloudy"
"-114.01","51.12","CALGARY INTL A","3031092","2023-06-13 18:00","2023","06","13","18:00","","26.6","","9.6","","34","","","","34","","7","","16.1","","87.56","","28","","","","NA"
"-114.01","51.12","CALGARY INTL A","3031092","2023-06-13 19:00","2023","06","13","19:00","","27.0","","8.0","","30","","","","26","","10","","19.3","","87.55","","27","","","","NA"
"-114.01","51.12","CALGARY INTL A","3031092","2023-06-13 20:00","2023","06","13","20:00","","21.4","","9.5","","46","","","","32","","14","","19.3","","87.64","","","","","","Mostly Cloudy"
"-114.01","51.12","CALGARY INTL A","3031092","2023-06-13 21:00","2023","06","13","21:00","","20.0","","9.1","","49","","","","32","","20","","19.3","","87.73","","","","","","NA"
"-114.01","51.12","CALGARY INTL A","3031092","2023-06-13 22:00","2023","06","13","22:00","","18.1","","8.2","","52","","","","34","","22","","19.3","","87.74","","","","","","NA"
"-114.01","51.12","CALGARY INTL A","3031092","2023-06-13 23:00","2023","06","13","23:00","","16.7","","9.0","","60","","","","34","","14","","24.1","","87.73","","","","","","Mainly Clear"
"-114.01","51.12","CALGARY INTL A","3031092","2023-06-14 00:00","2023","06","14","00:00","","16.6","","10.4","","66","","","","34","","21","","24.1","","87.71","","","","","","NA"
"-114.01","51.12","CALGARY INTL A","3031092","2023-06-14 01:00","2023","06","14","01:00","","15.4","","10.7","","73","","","","34","","13","","24.1","","87.70","","","","","","NA"
"-114.01","51.12","CALGARY INTL A","3031092","2023-06-14 02:00","2023","06","14","02:00","","14.8","","11.1","","78","","","","35","","11","","24.1","","87.69","","","","","","Mostly Cloudy"
"-114.01","51.12","CALGARY INTL A","3031092","2023-06-14 03:00","2023","06","14","03:00","","14.3","","11.4","","82","","","","35","","15","","24.1","","87.64","","","","","","NA"
"-114.01","51.12","CALGARY INTL A","3031092","2023-06-14 04:00","2023","06","14","04:00","","14.2","","11.8","","86","","","","34","","11","","12.9","","87.69","","","","","","NA"
"-114.01","51.12","CALGARY INTL A","3031092","2023-06-14 05:00","2023","06","14","05:00","","13.9","","12.4","","90","","","","36","","24","","9.7","","87.65","","","","","","Rain,Fog"
"-114.01","51.12","CALGARY INTL A","3031092","2023-06-14 06:00","2023","06","14","06:00","","11.5","","10.4","","93","","","","35","","33","","8.1","","87.67","","","","","","Rain,Fog"
"-114.01","51.12","CALGARY INTL A","3031092","2023-06-14 07:00","2023","06","14","07:00","","10.8","","9.4","","91","","","","36","","33","","9.7","","87.69","","","","","","Rain,Fog"
"-114.01","51.12","CALGARY INTL A","3031092","2023-06-14 08:00","2023","06","14","08:00","","10.0","","9.0","","93","","","","32","","18","","3.2","","87.82","","","","","","Rain Showers,Fog"
"-114.01","51.12","CALGARY INTL A","3031092","2023-06-14 09:00","2023","06","14","09:00","","9.9","","9.0","","94","","","","33","","21","","8.1","","87.86","","","","","","Rain Showers,Fog"
"-114.01","51.12","CALGARY INTL A","3031092","2023-06-14 10:00","2023","06","14","10:00","","9.9","","8.4","","91","","","","33","","28","","12.9","","87.85","","","","","","Rain"
"-114.01","51.12","CALGARY INTL A","3031092","2023-06-14 11:00","2023","06","14","11:00","","10.9","","8.8","","87","","","","34","","30","","16.1","","87.83","","","","","","Rain"
"-114.01","51.12","CALGARY INTL A","3031092","2023-06-14 12:00","2023","06","14","12:00","","10.4","","8.2","","86","","","","34","","28","","24.1","","87.88","","","","","","Rain"
"-114.01","51.12","CALGARY INTL A","3031092","2023-06-14 13:00","2023","06","14","13:00","","10.6","","8.7","","88","","","","34","","40","","11.3","","87.83","","","","","","Rain Showers"
"-114.01","51.12","CALGARY INTL A","3031092","2023-06-14 14:00","2023","06","14","14:00","","10.2","","5.4","","72","","","","33","","47","","19.3","","87.90","","","","","","Cloudy"
"-114.01","51.12","CALGARY INTL A","3031092","2023-06-14 15:00","2023","06","14","15:00","","9.5","","4.4","","71","","","","34","","41","","19.3","","87.97","","","","","","NA"
"-114.01","51.12","CALGARY INTL A","3031092","2023-06-14 16:00","2023","06","14","16:00","","8.9","","4.2","","72","","","","32","","41","","19.3","","88.03","","","","","","NA"
"-114.01","51.12","CALGARY INTL A","3031092","2023-06-14 17:00","2023","06","14","17:00","","8.1","","3.5","","73","","","","32","","40","","19.3","","88.07","","","","","","Cloudy"
"-114.01","51.12","CALGARY INTL A","3031092","2023-06-14 18:00","2023","06","14","18:00","","6.7","","3.6","","81","","","","31","","40","","12.9","","88.13","","","","","","Rain Showers"
"-114.01","51.12","CALGARY INTL A","3031092","2023-06-14 19:00","2023","06","14","19:00","","6.7","","4.3","","85","","","","32","","39","","8.1","","88.18","","","","","","Rain Showers,Fog"
"-114.01","51.12","CALGARY INTL A","3031092","2023-06-14 20:00","2023","06","14","20:00","","6.2","","3.5","","83","","","","30","","34","","12.9","","88.20","","","","","","Rain Showers"
"-114.01","51.12","CALGARY INTL A","3031092","2023-06-14 21:00","2023","06","14","21:00","","6.3","","3.9","","85","","","","31","","33","","11.3","","88.24","","","","","","Rain Showers"
"-114.01","51.12","CALGARY INTL A","3031092","2023-06-14 22:00","2023","06","14","22:00","","6.7","","5.0","","89","","","","32","","27","","8.1","","88.28","","","","","","Rain Showers,Fog"
"-114.01","51.12","CALGARY INTL A","3031092","2023-06-14 23:00","2023","06","14","23:00","","6.2","","4.3","","88","","","","30","","34","","6.4","","88.28","","","","","","Rain Showers,Fog"
"-114.01","51.12","CALGARY INTL A","3031092","2023-06-15 00:00","2023","06","15","00:00","","6.8","","4.9","","88","","","","32","","35","","6.4","","88.27","","","","","","Rain Showers,Fog"
"-114.01","51.12","CALGARY INTL A","3031092","2023-06-15 01:00","2023","06","15","01:00","","6.5","","4.2","","85","","","","31","","41","","6.4","","88.31","","","","","","Rain Showers,Fog"
"-114.01","51.12","CALGARY INTL A","3031092","2023-06-15 02:00","2023","06","15","02:00","","6.7","","4.3","","85","","","","31","","42","","6.4","","88.34","","","","","","Rain,Fog"
"-114.01","51.12","CALGARY INTL A","3031092","2023-06-15 03:00","2023","06","15","03:00","","6.5","","4.9","","89","","","","32","","21","","8.1","","88.39","","","","","","Rain,Fog"
"-114.01","51.12","CALGARY INTL A","3031092","2023-06-15 04:00","2023","06","15","04:00","","7.4","","5.2","","86","","","","32","","32","","8.1","","88.39","","","","","","Rain,Fog"
"-114.01","51.12","CALGARY INTL A","3031092","2023-06-15 05:00","2023","06","15","05:00","","8.0","","5.5","","84","","","","31","","29","","8.1","","88.47","","","","","","Rain,Fog"
"-114.01","51.12","CALGARY INTL A","3031092","2023-06-15 06:00","2023","06","15","06:00","","9.5","","4.8","","73","","","","30","","30","","11.3","","88.53","","","","","","NA"
"-114.01","51.12","CALGARY INTL A","3031092","2023-06-15 07:00","2023","06","15","07:00","","10.7","","5.0","","68","","","","31","","30","","9.7","","88.61","","","","","","Smoke"
"-114.01","51.12","CALGARY INTL A","3031092","2023-06-15 08:00","2023","06","15","08:00","","11.0","","4.8","","65","","","","32","","36","","9.7","","88.70","","","","","","Smoke"
"-114.01","51.12","CALGARY INTL A","3031092","2023-06-15 09:00","2023","06","15","09:00","","11.4","","4.2","","61","","","","32","","40","","8.1","","88.77","","","","","","Smoke"
"-114.01","51.12","CALGARY INTL A","3031092","2023-06-15 10:00","2023","06","15","10:00","","13.2","","4.0","","54","","","","33","","49","","8.1","","88.77","","","","","","Smoke"
"-114.01","51.12","CALGARY INTL A","3031092","2023-06-15 11:00","2023","06","15","11:00","","13.9","","4.3","","52","","","","33","","37","","6.4","","88.84","","","","","","Smoke"
"-114.01","51.12","CALGARY INTL A","3031092","2023-06-15 12:00","2023","06","15","12:00","","14.6","","4.4","","50","","","","33","","34","","4.8","","88.91","","","","","","Smoke"
"-114.01","51.12","CALGARY INTL A","3031092","2023-06-15 13:00","2023","06","15","13:00","","15.9","","4.2","","45","","","","34","","34","","4.8","","88.96","","","","","","Smoke"
"-114.01","51.12","CALGARY INTL A","3031092","2023-06-15 14:00","2023","06","15","14:00","","16.6","","4.9","","46","","","","35","","25","","4.8","","88.98","","","","","","Smoke"
"-114.01","51.12","CALGARY INTL A","3031092","2023-06-15 15:00","2023","06","15","15:00","","16.7","","2.8","","39","","","","36","","26","","4.8","","89.03","","","","","","Smoke"
"-114.01","51.12","CALGARY INTL A","3031092","2023-06-15 16:00","2023","06","15","16:00","","17.3","","2.8","","38","","","","3","","14","","8.1","","89.04","","","","","","Smoke"
"-114.01","51.12","CALGARY INTL A","3031092","2023-06-15 17:00","2023","06","15","17:00","","17.0","","2.9","","39","","","","36","","14","","6.4","","89.05","","","","","","Smoke"
"-114.01","51.12","CALGARY INTL A","3031092","2023-06-15 18:00","2023","06","15","18:00","","15.8","","2.8","","41","","","","1","","10","","9.7","","89.08","","","","","","Smoke"
"-114.01","51.12","CALGARY INTL A","3031092","2023-06-15 19:00","2023","06","15","19:00","","15.7","","4.0","","45","","","","7","","7","","8.1","","89.13","","","","","","Smoke"
"-114.01","51.12","CALGARY INTL A","3031092","2023-06-15 20:00","2023","06","15","20:00","","15.2","","3.9","","47","","","","14","","10","","8.1","","89.15","","","","","","Smoke"
"-114.01","51.12","CALGARY INTL A","3031092","2023-06-15 21:00","2023","06","15","21:00","","14.3","","4.7","","52","","","","15","","13","","8.1","","89.18","","","","","","Smoke"
"-114.01","51.12","CALGARY INTL A","3031092","2023-06-15 22:00","2023","06","15","22:00","","12.0","","5.2","","63","","","","17","","11","","6.4","","89.19","","","","","","Smoke"
"-114.01","51.12","CALGARY INTL A","3031092","2023-06-15 23:00","2023","06","15","23:00","","12.4","","5.1","","61","","","","19","","8","","6.4","","89.19","","","","","","Smoke"
"-114.01","51.12","CALGARY INTL A","3031092","2023-06-16 00:00","2023","06","16","00:00","","11.6","","5.4","","66","","","","17","","6","","8.1","","89.17","","","","","","Smoke"
"-114.01","51.12","CALGARY INTL A","3031092","2023-06-16 01:00","2023","06","16","01:00","","10.2","","5.5","","73","","","","19","","7","","8.1","","89.15","","","","","","Smoke"
"-114.01","51.12","CALGARY INTL A","3031092","2023-06-16 02:00","2023","06","16","02:00","","9.8","","5.2","","73","","","","21","","9","","8.1","","89.13","","","","","","Smoke"
"-114.01","51.12","CALGARY INTL A","3031092","2023-06-16 03:00","2023","06","16","03:00","","8.6","","4.3","","75","","","","20","","11","","8.1","","89.07","","","","","","Smoke"
"-114.01","51.12","CALGARY INTL A","3031092","2023-06-16 04:00","2023","06","16","04:00","","8.8","","3.5","","69","","","","21","","10","","9.7","","89.05","","","","","","Smoke"
"-114.01","51.12","CALGARY INTL A","3031092","2023-06-16 05:00","2023","06","16","05:00","","9.0","","3.7","","69","","","","22","","10","","9.7","","89.04","","","","","","Smoke"
"-114.01","51.12","CALGARY INTL A","3031092","2023-06-16 06:00","2023","06","16","06:00","","9.6","","3.6","","66","","","","20","","13","","9.7","","89.00","","","","","","Smoke"
"-114.01","51.12","CALGARY INTL A","3031092","2023-06-16 07:00","2023","06","16","07:00","","11.5","","3.9","","59","","","","21","","13","","12.9","","88.97","","","","","","NA"
"-114.01","51.12","CALGARY INTL A","3031092","2023-06-16 08:00","2023","06","16","08:00","","14.6","","4.5","","51","","","","20","","11","","12.9","","88.92","","","","","","Mostly Cloudy"
"-114.01","51.12","CALGARY INTL A","3031092","2023-06-16 09:00","2023","06","16","09:00","","18.1","","3.0","","36","","","","21","","16","","16.1","","88.86","","","","","","NA"
"-114.01","51.12","CALGARY INTL A","3031092","2023-06-16 10:00","2023","06","16","10:00","","19.8","","3.7","","34","","","","17","","14","","19.3","","88.78","","","","","","NA"
"-114.01","51.12","CALGARY INTL A","3031092","2023-06-16 11:00","2023","06","16","11:00","","21.6","","3.1","","29","","","","21","","14","","19.3","","88.66","","","","","","Mostly Cloudy"
"-114.01","51.12","CALGARY INTL A","3031092","2023-06-16 12:00","2023","06","16","12:00","","22.4","","4.5","","31","","","","19","","17","","19.3","","88.60","","","","","","NA"
"-114.01","51.12","CALGARY INTL A","3031092","2023-06-16 13:00","2023","06","16","13:00","","23.0","","2.9","","27","","","","20","","16","","19.3","","88.52","","","","","","NA"
"-114.01","51.12","CALGARY INTL A","3031092","2023-06-16 14:00","2023","06","16","14:00","","24.2","","2.2","","23","","","","27","","27","","24.1","","88.48","","","","","","Mostly Cloudy"
"-114.01","51.12","CALGARY INTL A","3031092","2023-06-16 15:00","2023","06","16","15:00","","23.3","","2.8","","26","","","","28","","32","","24.1","","88.48","","","","","","NA"
"-114.01","51.12","CALGARY INTL A","3031092","2023-06-16 16:00","2023","06","16","16:00","","21.7","","3.5","","30","","","","28","","17","","24.1","","88.47","","","","","","NA"
"-114.01","51.12","CALGARY INTL A","3031092","2023-06-16 17:00","2023","06","16","17:00","","20.8","","3.7","","32","","","","27","","13","","32.2","","88.46","","","","","","Mostly Cloudy"
"-114.01","51.12","CALGARY INTL A","3031092","2023-06-16 18:00","2023","06","16","18:00","","20.7","","4.0","","33","","","","26","","13","","32.2","","88.43","","","","","","NA"
"-114.01","51.12","CALGARY INTL A","3031092","2023-06-16 19:00","2023","06","16","19:00","","20.5","","4.0","","33","","","","28","","17","","32.2","","88.40","","","","","","NA"
"-114.01","51.12","CALGARY INTL A","3031092","2023-06-16 20:00","2023","06","16","20:00","","19.8","","3.5","","34","","","","28","","20","","24.1","","88.46","","","","","","Mostly Cloudy"
"-114.01","51.12","CALGARY INTL A","3031092","2023-06-16 21:00","2023","06","16","21:00","","18.9","","3.5","","36","","","","29","","22","","24.1","","88.50","","","","","","NA"
"-114.01","51.12","CALGARY INTL A","3031092","2023-06-16 22:00","2023","06","16","22:00","","18.1","","3.3","","37","","","","29","","22","","16.1","","88.52","","","","","","NA"
"-114.01","51.12","CALGARY INTL A","3031092","2023-06-16 23:00","2023","06","16","23:00","","17.1","","3.5","","40","","","","28","","20","","24.1","","88.51","","","","","","Mostly Cloudy"
"-114.01","51.12","CALGARY INTL A","3031092","2023-06-17 00:00","2023","06","17","00:00","","16.5","","3.3","","41","","","","28","","18","","24.1","","88.53","","","","","","NA"
"-114.01","51.12","CALGARY INTL A","3031092","2023-06-17 01:00","2023","06","17","01:00","","13.9","","4.4","","53","","","","35","","19","","16.1","","88.56","","","","","","NA"
"-114.01","51.12","CALGARY INTL A","3031092","2023-06-17 02:00","2023","06","17","02:00","","11.7","","6.9","","72","","","","35","","9","","16.1","","88.58","","","","","","Mostly Cloudy"
"-114.01","51.12","CALGARY INTL A","3031092","2023-06-17 03:00","2023","06","17","03:00","","10.8","","7.1","","78","","","","36","","5","","16.1","","88.58","","","","","","NA"
"-114.01","51.12","CALGARY INTL A","3031092","2023-06-17 04:00","2023","06","17","04:00","","10.5","","6.8","","77","","","","34","","8","","24.1","","88.55","","","","","","NA"
"-114.01","51.12","CALGARY INTL A","3031092","2023-06-17 05:00","2023","06","17","05:00","","9.8","","6.3","","79","","","","","","0","","32.2","","88.55","","","","","","Mainly Clear"
"-114.01","51.12","CALGARY INTL A","3031092","2023-06-17 06:00","2023","06","17","06:00","","13.0","","5.8","","61","","","","23","","7","","32.2","","88.55","","","","","","NA"
"-114.01","51.12","CALGARY INTL A","3031092","2023-06-17 07:00","2023","06","17","07:00","","14.6","","5.4","","54","","","","23","","9","","32.2","","88.55","","","","","","NA"
"-114.01","51.12","CALGARY INTL A","3031092","2023-06-17 08:00","2023","06","17","08:00","","16.1","","5.2","","48","","","","18","","12","","32.2","","88.52","","","","","","Mainly Clear"
"-114.01","51.12","CALGARY INTL A","3031092","2023-06-17 09:00","2023","06","17","09:00","","16.6","","5.0","","46","","","","15","","18","","32.2","","88.48","","","","","","NA"
"-114.01","51.12","CALGARY INTL A","3031092","2023-06-17 10:00","2023","06","17","10:00","","17.9","","6.9","","48","","","","15","","19","","32.2","","88.42","","","","","","NA"
"-114.01","51.12","CALGARY INTL A","3031092","2023-06-17 11:00","2023","06","17","11:00","","18.9","","6.3","","43","","","","14","","26","","32.2","","88.30","","","","","","Mainly Clear"
"-114.01","51.12","CALGARY INTL A","3031092","2023-06-17 12:00","2023","06","17","12:00","","20.3","","6.1","","39","","","","15","","25","","32.2","","88.22","","","","","","NA"
"-114.01","51.12","CALGARY INTL A","3031092","2023-06-17 13:00","2023","06","17","13:00","","21.8","","6.7","","37","","","","17","","26","","32.2","","88.14","","","","","","NA"
"-114.01","51.12","CALGARY INTL A","3031092","2023-06-17 14:00","2023","06","17","14:00","","22.1","","6.0","","35","","","","17","","19","","32.2","","88.05","","","","","","Mostly Cloudy"
"-114.01","51.12","CALGARY INTL A","3031092","2023-06-17 15:00","2023","06","17","15:00","","21.2","","5.7","","36","","","","16","","27","","32.2","","87.98","","","","","","NA"
"-114.01","51.12","CALGARY INTL A","3031092","2023-06-17 16:00","2023","06","17","16:00","","21.3","","6.2","","37","","","","13","","18","","32.2","","87.91","","","","","","NA"
"-114.01","51.12","CALGARY INTL A","3031092","2023-06-17 17:00","2023","06","17","17:00","","21.0","","6.5","","38","","","","14","","32","","32.2","","87.85","","","","","","Mostly Cloudy"
"-114.01","51.12","CALGARY INTL A","3031092","2023-06-17 18:00","2023","06","17","18:00","","20.8","","7.5","","42","","","","11","","28","","32.2","","87.84","","","","","","Thunderstorms,Rain Showers"
"-114.01","51.12","CALGARY INTL A","3031092","2023-06-17 19:00","2023","06","17","19:00","","16.9","","7.6","","54","","","","9","","26","","11.3","","87.84","","","","","","NA"
"-114.01","51.12","CALGARY INTL A","3031092","2023-06-17 20:00","2023","06","17","20:00","","16.9","","6.0","","48","","","","9","","16","","11.3","","87.82","","","","","","Cloudy"
"-114.01","51.12","CALGARY INTL A","3031092","2023-06-17 21:00","2023","06","17","21:00","","14.4","","7.0","","61","","","","4","","24","","16.1","","87.88","","","","","","NA"
"-114.01","51.12","CALGARY INTL A","3031092","2023-06-17 22:00","2023","06","17","22:00","","12.0","","7.9","","76","","","","4","","27","","11.3","","87.91","","","","","","NA"
"-114.01","51.12","CALGARY INTL A","3031092","2023-06-17 23:00","2023","06","17","23:00","","11.2","","7.9","","80","","","","5","","20","","11.3","","87.85","","","","","","Mostly Cloudy"
"-114.01","51.12","CALGARY INTL A","3031092","2023-06-18 00:00","2023","06","18","00:00","","10.7","","7.9","","83","","","","36","","18","","11.3","","87.80","","","","","","NA"
"-114.01","51.12","CALGARY INTL A","3031092","2023-06-18 01:00","2023","06","18","01:00","","9.9","","8.0","","88","","","","1","","15","","11.3","","87.76","","","","","","NA"
"-114.01","51.12","CALGARY INTL A","3031092","2023-06-18 02:00","2023","06","18","02:00","","10.2","","7.9","","85","","","","4","","15","","11.3","","87.68","","","","","","Mostly Cloudy"
"-114.01","51.12","CALGARY INTL A","3031092","2023-06-18 03:00","2023","06","18","03:00","","10.0","","7.9","","86","","","","1","","14","","11.3","","87.62","","","","","","NA"
"-114.01","51.12","CALGARY INTL A","3031092","2023-06-18 04:00","2023","06","18","04:00","","10.1","","7.9","","86","","","","35","","10","","11.3","","87.60","","","","","","NA"
"-114.01","51.12","CALGARY INTL A","3031092","2023-06-18 05:00","2023","06","18","05:00","","10.1","","8.0","","87","","","","36","","10","","12.9","","87.54","","","","","","Cloudy"
"-114.01","51.12","CALGARY INTL A","3031092","2023-06-18 06:00","2023","06","18","06:00","","10.1","","8.2","","88","","","","36","","10","","9.7","","87.51","","","","","","Fog"
"-114.01","51.12","CALGARY INTL A","3031092","2023-06-18 07:00","2023","06","18","07:00","","10.4","","8.6","","88","","","","35","","13","","9.7","","87.46","","","","","","Fog"
"-114.01","51.12","CALGARY INTL A","3031092","2023-06-18 08:00","2023","06","18","08:00","","10.1","","9.6","","97","","","","34","","11","","2.8","","87.47","","","","","","Drizzle"
"-114.01","51.12","CALGARY INTL A","3031092","2023-06-18 09:00","2023","06","18","09:00","","9.3","","9.0","","98","","","","34","","16","","4.0","","87.47","","","","","","Drizzle"
"-114.01","51.12","CALGARY INTL A","3031092","2023-06-18 10:00","2023","06","18","10:00","","9.7","","7.9","","88","","","","33","","23","","24.1","","87.45","","","","","","NA"
"-114.01","51.12","CALGARY INTL A","3031092","2023-06-18 11:00","2023","06","18","11:00","","11.1","","7.2","","76","","","","34","","24","","24.1","","87.44","","","","","","Cloudy"
"-114.01","51.12","CALGARY INTL A","3031092","2023-06-18 12:00","2023","06","18","12:00","","12.6","","6.8","","67","","","","36","","30","","12.9","","87.46","","","","","","NA"
"-114.01","51.12","CALGARY INTL A","3031092","2023-06-18 13:00","2023","06","18","13:00","","11.3","","5.6","","68","","","","34","","32","","12.9","","87.47","","","","","","NA"
"-114.01","51.12","CALGARY INTL A","3031092","2023-06-18 14:00","2023","06","18","14:00","","10.5","","6.2","","75","","","","34","","16","","12.9","","87.48","","","","","","Rain Showers"
"-114.01","51.12","CALGARY INTL A","3031092","2023-06-18 15:00","2023","06","18","15:00","","10.5","","6.8","","78","","","","32","","14","","16.1","","87.48","","","","","","NA"
"-114.01","51.12","CALGARY INTL A","3031092","2023-06-18 16:00","2023","06","18","16:00","","11.8","","6.4","","69","","","","33","","17","","24.1","","87.50","","","","","","NA"
"-114.01","51.12","CALGARY INTL A","3031092","2023-06-18 17:00","2023","06","18","17:00","","12.4","","4.4","","58","","","","36","","20","","24.1","","87.51","","","","","","Cloudy"
"-114.01","51.12","CALGARY INTL A","3031092","2023-06-18 18:00","2023","06","18","18:00","","12.1","","5.1","","62","","","","35","","23","","24.1","","87.50","","","","","","NA"
"-114.01","51.12","CALGARY INTL A","3031092","2023-06-18 19:00","2023","06","18","19:00","","11.1","","4.1","","62","","","","36","","22","","16.1","","87.51","","","","","","NA"
"-114.01","51.12","CALGARY INTL A","3031092","2023-06-18 20:00","2023","06","18","20:00","","9.0","","5.8","","80","","","","32","","13","","8.1","","87.53","","","","","","Rain,Fog"
"-114.01","51.12","CALGARY INTL A","3031092","2023-06-18 21:00","2023","06","18","21:00","","9.3","","6.6","","83","","","","33","","5","","11.3","","87.53","","","","","","NA"
"-114.01","51.12","CALGARY INTL A","3031092","2023-06-18 22:00","2023","06","18","22:00","","8.7","","2.7","","66","","","","36","","3","","11.3","","87.51","","","","","","NA"
"-114.01","51.12","CALGARY INTL A","3031092","2023-06-18 23:00","2023","06","18","23:00","","8.2","","6.6","","90","","","","16","","11","","11.3","","87.47","","","","","","Mostly Cloudy"
"-114.01","51.12","CALGARY INTL A","3031092","2023-06-19 00:00","2023","06","19","00:00","","7.5","","6.7","","95","","","","19","","13","","16.1","","87.38","","","","","","NA"
"-114.01","51.12","CALGARY INTL A","3031092","2023-06-19 01:00","2023","06","19","01:00","","6.9","","6.2","","95","","","","17","","9","","11.3","","87.34","","","","","","NA"
"-114.01","51.12","CALGARY INTL A","3031092","2023-06-19 02:00","2023","06","19","02:00","","6.4","","6.2","","99","","","","19","","14","","4.0","","87.26","","","","","","Fog"
"-114.01","51.12","CALGARY INTL A","3031092","2023-06-19 03:00","2023","06","19","03:00","","6.6","","6.6","","100","","","","20","","12","","4.8","","87.18","","","","","","Fog"
"-114.01","51.12","CALGARY INTL A","3031092","2023-06-19 04:00","2023","06","19","04:00","","6.1","","5.9","","99","","","","19","","9","","8.1","","87.11","","","","","","Fog"
"-114.01","51.12","CALGARY INTL A","3031092","2023-06-19 05:00","2023","06","19","05:00","","6.1","","4.9","","92","","","","21","","9","","16.1","","87.07","","","","","","Mostly Cloudy"
"-114.01","51.12","CALGARY INTL A","3031092","2023-06-19 06:00","2023","06","19","06:00","","7.6","","3.7","","77","","","","34","","3","","32.2","","87.06","","","","","","NA"
"-114.01","51.12","CALGARY INTL A","3031092","2023-06-19 07:00","2023","06","19","07:00","","10.1","","3.4","","63","","","","23","","8","","24.1","","87.06","","","","","","NA"
"-114.01","51.12","CALGARY INTL A","3031092","2023-06-19 08:00","2023","06","19","08:00","","11.1","","2.7","","56","","","","19","","10","","24.1","","87.06","","","","","","Mostly Cloudy"
"-114.01","51.12","CALGARY INTL A","3031092","2023-06-19 09:00","2023","06","19","09:00","","12.8","","-1.3","","38","","","","26","","26","","64.4","","87.07","","","","","","NA"
"-114.01","51.12","CALGARY INTL A","3031092","2023-06-19 10:00","2023","06","19","10:00","","12.4","","-1.3","","38","","","","26","","35","","64.4","","87.13","","","","","","NA"
"-114.01","51.12","CALGARY INTL A","3031092","2023-06-19 11:00","2023","06","19","11:00","","12.8","","-0.6","","40","","","","26","","13","","64.4","","87.20","","","","","","Mostly Cloudy"
"-114.01","51.12","CALGARY INTL A","3031092","2023-06-19 12:00","2023","06","19","12:00","","13.3","","-1.3","","36","","","","29","","29","","64.4","","87.26","","","","","","NA"
"-114.01","51.12","CALGARY INTL A","3031092","2023-06-19 13:00","2023","06","19","13:00","","13.7","","-0.9","","36","","","","29","","29","","24.1","","87.36","","","","","","NA"
"-114.01","51.12","CALGARY INTL A","3031092","2023-06-19 14:00","2023","06","19","14:00","","11.7","","2.2","","52","","","","31","","37","","16.1","","87.51","","","","","","Mostly Cloudy"
"-114.01","51.12","CALGARY INTL A","3031092","2023-06-19 15:00","2023","06","19","15:00","","9.8","","3.5","","65","","","","30","","16","","24.1","","87.67","","","","","","NA"
"-114.01","51.12","CALGARY INTL A","3031092","2023-06-19 16:00","2023","06","19","16:00","","10.3","","4.8","","69","","","","33","","18","","16.1","","87.80","","","","","","Rain"
"-114.01","51.12","CALGARY INTL A","3031092","2023-06-19 17:00","2023","06","19","17:00","","10.4","","4.8","","68","","","","33","","10","","24.1","","87.88","","","","","","Cloudy"
"-114.01","51.12","CALGARY INTL A","3031092","2023-06-19 18:00","2023","06","19","18:00","","10.9","","2.6","","57","","","","33","","28","","24.1","","87.94","","","","","","NA"
"-114.01","51.12","CALGARY INTL A","3031092","2023-06-19 19:00","2023","06","19","19:00","","11.2","","1.7","","52","","","","31","","30","","32.2","","87.99","","","","","","NA"
"-114.01","51.12","CALGARY INTL A","3031092","2023-06-19 20:00","2023","06","19","20:00","","10.2","","2.4","","58","","","","33","","27","","32.2","","88.05","","","","","","Rain"
"-114.01","51.12","CALGARY INTL A","3031092","2023-06-19 21:00","2023","06","19","21:00","","8.3","","4.3","","76","","","","33","","36","","32.2","","88.18","","","","","","Rain Showers"
"-114.01","51.12","CALGARY INTL A","3031092","2023-06-19 22:00","2023","06","19","22:00","","7.8","","5.0","","82","","","","29","","19","","11.3","","88.28","","","","","","Rain Showers"
"-114.01","51.12","CALGARY INTL A","3031092","2023-06-19 23:00","2023","06","19","23:00","","7.5","","4.8","","83","","","","29","","23","","12.9","","88.33","","","","","","Rain Showers"
"-114.01","51.12","CALGARY INTL A","3031092","2023-06-20 00:00","2023","06","20","00:00","","7.4","","5.0","","85","","","","29","","27","","12.9","","88.36","","","","","","Rain Showers"
"-114.01","51.12","CALGARY INTL A","3031092","2023-06-20 01:00","2023","06","20","01:00","","6.9","","4.5","","84","","","","29","","27","","12.9","","88.40","","","","","","Rain Showers"
"-114.01","51.12","CALGARY INTL A","3031092","2023-06-20 02:00","2023","06","20","02:00","","6.2","","3.2","","81","","","","31","","29","","14.5","","88.45","","","","","","Rain Showers"
"-114.01","51.12","CALGARY INTL A","3031092","2023-06-20 03:00","2023","06","20","03:00","","6.5","","3.7","","82","","","","30","","28","","12.9","","88.45","","","","","","Rain Showers"
"-114.01","51.12","CALGARY INTL A","3031092","2023-06-20 04:00","2023","06","20","04:00","","6.6","","3.3","","79","","","","31","","27","","19.3","","88.49","","","","","","Rain Showers"
"-114.01","51.12","CALGARY INTL A","3031092","2023-06-20 05:00","2023","06","20","05:00","","6.2","","3.5","","83","","","","29","","24","","14.5","","88.55","","","","","","Rain Showers"
"-114.01","51.12","CALGARY INTL A","3031092","2023-06-20 06:00","2023","06","20","06:00","","5.7","","3.4","","85","","","","30","","27","","9.7","","88.61","","","","","","Rain Showers,Fog"
"-114.01","51.12","CALGARY INTL A","3031092","2023-06-20 07:00","2023","06","20","07:00","","5.7","","3.6","","86","","","","30","","27","","9.7","","88.65","","","","","","Rain"
"-114.01","51.12","CALGARY INTL A","3031092","2023-06-20 08:00","2023","06","20","08:00","","6.1","","3.1","","81","","","","31","","28","","24.1","","88.71","","","","","","Cloudy"
"-114.01","51.12","CALGARY INTL A","3031092","2023-06-20 09:00","2023","06","20","09:00","","5.2","","3.2","","87","","","","31","","31","","6.4","","88.76","","","","","","Rain"
"-114.01","51.12","CALGARY INTL A","3031092","2023-06-20 10:00","2023","06","20","10:00","","5.8","","4.2","","90","","","","32","","21","","8.1","","88.82","","","","","","Rain,Fog"
"-114.01","51.12","CALGARY INTL A","3031092","2023-06-20 11:00","2023","06","20","11:00","","6.2","","4.4","","88","","","","32","","24","","9.7","","88.87","","","","","","Rain"
"-114.01","51.12","CALGARY INTL A","3031092","2023-06-20 12:00","2023","06","20","12:00","","6.6","","4.0","","84","","","","32","","28","","9.7","","88.93","","","","","","Rain"
"-114.01","51.12","CALGARY INTL A","3031092","2023-06-20 13:00","2023","06","20","13:00","","6.9","","4.7","","86","","","","33","","29","","6.4","","89.00","","","","","","Rain"
"-114.01","51.12","CALGARY INTL A","3031092","2023-06-20 14:00","2023","06","20","14:00","","6.8","","3.9","","81","","","","32","","41","","6.4","","89.07","","","","","","Rain"
"-114.01","51.12","CALGARY INTL A","3031092","2023-06-20 15:00","2023","06","20","15:00","","6.8","","4.3","","84","","","","33","","33","","6.4","","89.12","","","","","","Rain"
"-114.01","51.12","CALGARY INTL A","3031092","2023-06-20 16:00","2023","06","20","16:00","","6.7","","4.2","","84","","","","34","","24","","6.4","","89.19","","","","","","Rain"
"-114.01","51.12","CALGARY INTL A","3031092","2023-06-20 17:00","2023","06","20","17:00","","6.2","","4.0","","86","","","","32","","30","","6.4","","89.25","","","","","","Rain"
"-114.01","51.12","CALGARY INTL A","3031092","2023-06-20 18:00","2023","06","20","18:00","","6.6","","3.7","","82","","","","32","","24","","8.1","","89.27","","","","","","Rain"
"-114.01","51.12","CALGARY INTL A","3031092","2023-06-20 19:00","2023","06","20","19:00","","7.0","","4.4","","83","","","","29","","11","","19.3","","89.30","","","","","","Rain"
"-114.01","51.12","CALGARY INTL A","3031092","2023-06-20 20:00","2023","06","20","20:00","","7.0","","5.0","","87","","","","29","","11","","16.1","","89.31","","","","","","Rain"
"-114.01","51.12","CALGARY INTL A","3031092","2023-06-20 21:00","2023","06","20","21:00","","6.5","","4.1","","85","","","","27","","14","","16.1","","89.32","","","","","","Rain"
"-114.01","51.12","CALGARY INTL A","3031092","2023-06-20 22:00","2023","06","20","22:00","","6.5","","4.4","","86","","","","32","","14","","12.9","","89.35","","","","","","Rain"
"-114.01","51.12","CALGARY INTL A","3031092","2023-06-20 23:00","2023","06","20","23:00","","6.4","","4.5","","87","","","","29","","9","","16.1","","89.31","","","","","","Rain"
"-114.01","51.12","CALGARY INTL A","3031092","2023-06-21 00:00","2023","06","21","00:00","","6.6","","3.9","","83","","","","25","","9","","19.3","","89.29","","","","","","Rain"
"-114.01","51.12","CALGARY INTL A","3031092","2023-06-21 01:00","2023","06","21","01:00","","5.6","","3.7","","87","","","","15","","4","","19.3","","89.26","","","","","","NA"
"-114.01","51.12","CALGARY INTL A","3031092","2023-06-21 02:00","2023","06","21","02:00","","5.8","","3.3","","84","","","","20","","8","","19.3","","89.24","","","","","","Mostly Cloudy"
"-114.01","51.12","CALGARY INTL A","3031092","2023-06-21 03:00","2023","06","21","03:00","","5.0","","2.3","","82","","","","19","","7","","19.3","","89.22","","","","","","NA"
"-114.01","51.12","CALGARY INTL A","3031092","2023-06-21 04:00","2023","06","21","04:00","","6.3","","2.0","","74","","","","25","","10","","24.1","","89.22","","","","","","NA"
"-114.01","51.12","CALGARY INTL A","3031092","2023-06-21 05:00","2023","06","21","05:00","","6.3","","2.0","","74","","","","22","","7","","32.2","","89.23","","","","","","Mostly Cloudy"
"-114.01","51.12","CALGARY INTL A","3031092","2023-06-21 06:00","2023","06","21","06:00","","8.2","","2.7","","68","","","","16","","7","","48.3","","89.24","","","","","","NA"
"-114.01","51.12","CALGARY INTL A","3031092","2023-06-21 07:00","2023","06","21","07:00","","9.9","","1.8","","57","","","","33","","9","","64.4","","89.26","","","","","","NA"
"-114.01","51.12","CALGARY INTL A","3031092","2023-06-21 08:00","2023","06","21","08:00","","11.9","","1.8","","50","","","","28","","15","","64.4","","89.27","","","","","","Cloudy"
"-114.01","51.12","CALGARY INTL A","3031092","2023-06-21 09:00","2023","06","21","09:00","","14.2","","3.2","","47","","","","34","","12","","64.4","","89.29","","","","","","NA"
"-114.01","51.12","CALGARY INTL A","3031092","2023-06-21 10:00","2023","06","21","10:00","","14.2","","1.4","","42","","","","1","","16","","64.4","","89.28","","","","","","NA"
"-114.01","51.12","CALGARY INTL A","3031092","2023-06-21 11:00","2023","06","21","11:00","","14.3","","0.9","","40","","","","30","","17","","64.4","","89.27","","","","","","Mostly Cloudy"
"-114.01","51.12","CALGARY INTL A","3031092","2023-06-21 12:00","2023","06","21","12:00","","14.7","","-1.5","","32","","","","28","","22","","64.4","","89.27","","","","","","NA"
"-114.01","51.12","CALGARY INTL A","3031092","2023-06-21 13:00","2023","06","21","13:00","","15.6","","1.2","","37","","","","34","","11","","64.4","","89.25","","","","","","NA"
"-114.01","51.12","CALGARY INTL A","3031092","2023-06-21 14:00","2023","06","21","14:00","","16.0","","-0.4","","32","","","","28","","4","","64.4","","89.23","","","","","","Mostly Cloudy"
"-114.01","51.12","CALGARY INTL A","3031092","2023-06-21 15:00","2023","06","21","15:00","","14.3","","3.2","","47","","","","13","","19","","64.4","","89.26","","","","","","NA"
"-114.01","51.12","CALGARY INTL A","3031092","2023-06-21 16:00","2023","06","21","16:00","","12.4","","4.2","","57","","","","4","","33","","64.4","","89.30","","","","","","Rain Showers"
"-114.01","51.12","CALGARY INTL A","3031092","2023-06-21 17:00","2023","06","21","17:00","","11.3","","6.6","","73","","","","5","","22","","48.3","","89.36","","","","","","Cloudy"
"-114.01","51.12","CALGARY INTL A","3031092","2023-06-21 18:00","2023","06","21","18:00","","13.1","","5.3","","59","","","","12","","22","","32.2","","89.31","","","","","","NA"
"-114.01","51.12","CALGARY INTL A","3031092","2023-06-21 19:00","2023","06","21","19:00","","12.1","","3.6","","56","","","","14","","14","","32.2","","89.33","","","","","","NA"
"-114.01","51.12","CALGARY INTL A","3031092","2023-06-21 20:00","2023","06","21","20:00","","11.6","","4.4","","61","","","","30","","30","","32.2","","89.39","","","","","","Rain Showers"
"-114.01","51.12","CALGARY INTL A","3031092","2023-06-21 21:00","2023","06","21","21:00","","10.7","","3.7","","62","","","","24","","12","","24.1","","89.36","","","","","","Rain Showers"
"-114.01","51.12","CALGARY INTL A","3031092","2023-06-21 22:00","2023","06","21","22:00","","10.6","","3.5","","61","","","","36","","3","","24.1","","89.36","","","","","","NA"
"-114.01","51.12","CALGARY INTL A","3031092","2023-06-21 23:00","2023","06","21","23:00","","9.2","","4.0","","70","","","","26","","9","","19.3","","89.36","","","","","","Mainly Clear"
"-114.01","51.12","CALGARY INTL A","3031092","2023-06-22 00:00","2023","06","22","00:00","","8.2","","3.9","","74","","","","23","","9","","19.3","","89.35","","","","","","NA"
"-114.01","51.12","CALGARY INTL A","3031092","2023-06-22 01:00","2023","06","22","01:00","","8.1","","3.3","","71","","","","22","","5","","19.3","","89.35","","","","","","NA"
"-114.01","51.12","CALGARY INTL A","3031092","2023-06-22 02:00","2023","06","22","02:00","","7.6","","3.4","","75","","","","23","","5","","19.3","","89.34","","","","","","Mainly Clear"
"-114.01","51.12","CALGARY INTL A","3031092","2023-06-22 03:00","2023","06","22","03:00","","6.0","","3.5","","84","","","","22","","10","","19.3","","89.33","","","","","","NA"
"-114.01","51.12","CALGARY INTL A","3031092","2023-06-22 04:00","2023","06","22","04:00","","4.8","","2.8","","87","","","","20","","8","","32.2","","89.33","","","","","","NA"
"-114.01","51.12","CALGARY INTL A","3031092","2023-06-22 05:00","2023","06","22","05:00","","5.7","","2.4","","80","","","","18","","5","","32.2","","89.30","","","","","","Mainly Clear"
"-114.01","51.12","CALGARY INTL A","3031092","2023-06-22 06:00","2023","06","22","06:00","","10.2","","1.5","","54","","","","29","","6","","48.3","","89.31","","","","","","NA"
"-114.01","51.12","CALGARY INTL A","3031092","2023-06-22 07:00","2023","06","22","07:00","","11.0","","3.7","","60","","","","25","","6","","64.4","","89.31","","","","","","NA"
"-114.01","51.12","CALGARY INTL A","3031092","2023-06-22 08:00","2023","06","22","08:00","","13.2","","4.2","","54","","","","21","","7","","64.4","","89.31","","","","","","Mostly Cloudy"
"-114.01","51.12","CALGARY INTL A","3031092","2023-06-22 09:00","2023","06","22","09:00","","15.7","","1.7","","38","","","","36","","7","","64.4","","89.29","","","","","","NA"
"-114.01","51.12","CALGARY INTL A","3031092","2023-06-22 10:00","2023","06","22","10:00","","16.1","","2.6","","40","","","","21","","5","","64.4","","89.27","","","","","","NA"
"-114.01","51.12","CALGARY INTL A","3031092","2023-06-22 11:00","2023","06","22","11:00","","16.9","","-0.2","","31","","","","28","","7","","64.4","","89.23","","","","","","Mostly Cloudy"
"-114.01","51.12","CALGARY INTL A","3031092","2023-06-22 12:00","2023","06","22","12:00","","17.6","","1.6","","34","","","","20","","6","","64.4","","89.19","","","","","","NA"
"-114.01","51.12","CALGARY INTL A","3031092","2023-06-22 13:00","2023","06","22","13:00","","17.8","","0.8","","31","","","","28","","3","","64.4","","89.14","","","","","","NA"
"-114.01","51.12","CALGARY INTL A","3031092","2023-06-22 14:00","2023","06","22","14:00","","18.2","","3.0","","36","","","","13","","12","","48.3","","89.10","","","","","","Mostly Cloudy"
"-114.01","51.12","CALGARY INTL A","3031092","2023-06-22 15:00","2023","06","22","15:00","","19.5","","2.4","","32","","","","16","","20","","48.3","","89.07","","","","","","NA"
"-114.01","51.12","CALGARY INTL A","3031092","2023-06-22 16:00","2023","06","22","16:00","","18.5","","3.5","","36","","","","15","","11","","48.3","","89.02","","","","","","NA"
"-114.01","51.12","CALGARY INTL A","3031092","2023-06-22 17:00","2023","06","22","17:00","","19.6","","3.5","","34","","","","16","","17","","48.3","","89.00","","","","","","Mostly Cloudy"
"-114.01","51.12","CALGARY INTL A","3031092","2023-06-22 18:00","2023","06","22","18:00","","18.7","","1.4","","31","","","","21","","22","","48.3","","89.00","","","","","","NA"
"-114.01","51.12","CALGARY INTL A","3031092","2023-06-22 19:00","2023","06","22","19:00","","16.9","","2.8","","39","","","","19","","32","","48.3","","89.01","","","","","","NA"
"-114.01","51.12","CALGARY INTL A","3031092","2023-06-22 20:00","2023","06","22","20:00","","16.0","","3.1","","42","","","","19","","13","","48.3","","88.99","","","","","","Mainly Clear"
"-114.01","51.12","CALGARY INTL A","3031092","2023-06-22 21:00","2023","06","22","21:00","","16.0","","2.5","","40","","","","22","","7","","48.3","","89.01","","","","","","NA"
"-114.01","51.12","CALGARY INTL A","3031092","2023-06-22 22:00","2023","06","22","22:00","","15.1","","3.8","","46","","","","24","","7","","32.2","","89.02","","","","","","NA"
"-114.01","51.12","CALGARY INTL A","3031092","2023-06-22 23:00","2023","06","22","23:00","","13.1","","3.3","","51","","","","21","","5","","24.1","","89.01","","","","","","Mainly Clear"
"-114.01","51.12","CALGARY INTL A","3031092","2023-06-23 00:00","2023","06","23","00:00","","12.2","","3.5","","55","","","","20","","4","","24.1","","89.01","","","","","","NA"
"-114.01","51.12","CALGARY INTL A","3031092","2023-06-23 01:00","2023","06","23","01:00","","9.8","","4.0","","67","","","","32","","3","","24.1","","89.01","","","","","","NA"
"-114.01","51.12","CALGARY INTL A","3031092","2023-06-23 02:00","2023","06","23","02:00","","8.9","","4.0","","71","","","","","","0","","19.3","","88.98","","","","","","Mainly Clear"
"-114.01","51.12","CALGARY INTL A","3031092","2023-06-23 03:00","2023","06","23","03:00","","8.7","","3.8","","71","","","","20","","4","","24.1","","88.98","","","","","","NA"
"-114.01","51.12","CALGARY INTL A","3031092","2023-06-23 04:00","2023","06","23","04:00","","6.9","","3.3","","78","","","","23","","7","","24.1","","88.97","","","","","","NA"
"-114.01","51.12","CALGARY INTL A","3031092","2023-06-23 05:00","2023","06","23","05:00","","7.5","","2.9","","73","","","","22","","6","","48.3","","89.00","","","","","","Mainly Clear"
"-114.01","51.12","CALGARY INTL A","3031092","2023-06-23 06:00","2023","06","23","06:00","","9.2","","2.9","","65","","","","34","","5","","48.3","","88.99","","","","","","NA"
"-114.01","51.12","CALGARY INTL A","3031092","2023-06-23 07:00","2023","06","23","07:00","","12.3","","3.9","","56","","","","","","0","","48.3","","89.01","","","","","","NA"
"-114.01","51.12","CALGARY INTL A","3031092","2023-06-23 08:00","2023","06","23","08:00","","16.0","","4.4","","46","","","","34","","14","","48.3","","89.00","","","","","","Mainly Clear"
"-114.01","51.12","CALGARY INTL A","3031092","2023-06-23 09:00","2023","06","23","09:00","","17.3","","6.2","","47","","","","1","","10","","32.2","","88.99","","","","","","NA"
"-114.01","51.12","CALGARY INTL A","3031092","2023-06-23 10:00","2023","06","23","10:00","","18.7","","5.8","","42","","","","36","","9","","32.2","","88.96","","","","","","NA"
"-114.01","51.12","CALGARY INTL A","3031092","2023-06-23 11:00","2023","06","23","11:00","","19.2","","4.8","","38","","","","32","","16","","32.2","","88.96","","","","","","Mainly Clear"
"-114.01","51.12","CALGARY INTL A","3031092","2023-06-23 12:00","2023","06","23","12:00","","20.0","","5.2","","37","","","","33","","12","","48.3","","88.93","","","","","","NA"
"-114.01","51.12","CALGARY INTL A","3031092","2023-06-23 13:00","2023","06","23","13:00","","21.8","","3.3","","29","","","","18","","17","","48.3","","88.90","","","","","","NA"
"-114.01","51.12","CALGARY INTL A","3031092","2023-06-23 14:00","2023","06","23","14:00","","22.2","","4.1","","30","","","","17","","17","","32.2","","88.88","","","","","","Mostly Cloudy"
"-114.01","51.12","CALGARY INTL A","3031092","2023-06-23 15:00","2023","06","23","15:00","","20.9","","3.0","","30","","","","21","","7","","32.2","","88.85","","","","","","NA"
"-114.01","51.12","CALGARY INTL A","3031092","2023-06-23 16:00","2023","06","23","16:00","","21.6","","2.5","","28","","","","5","","16","","32.2","","88.82","","","","","","NA"
"-114.01","51.12","CALGARY INTL A","3031092","2023-06-23 17:00","2023","06","23","17:00","","20.9","","2.5","","29","","","","25","","9","","32.2","","88.85","","","","","","Mostly Cloudy"
"-114.01","51.12","CALGARY INTL A","3031092","2023-06-23 18:00","2023","06","23","18:00","","16.9","","6.9","","51","","","","30","","32","","48.3","","88.92","","","","","","NA"
"-114.01","51.12","CALGARY INTL A","3031092","2023-06-23 19:00","2023","06","23","19:00","","19.4","","3.8","","35","","","","9","","14","","32.2","","88.84","","","","","","NA"
"-114.01","51.12","CALGARY INTL A","3031092","2023-06-23 20:00","2023","06","23","20:00","","18.0","","4.5","","40","","","","19","","21","","24.1","","88.93","","","","","","Mostly Cloudy"
"-114.01","51.12","CALGARY INTL A","3031092","2023-06-23 21:00","2023","06","23","21:00","","17.6","","4.1","","40","","","","32","","6","","32.2","","88.95","","","","","","NA"
"-114.01","51.12","CALGARY INTL A","3031092","2023-06-23 22:00","2023","06","23","22:00","","15.7","","5.1","","49","","","","36","","7","","24.1","","89.00","","","","","","NA"
"-114.01","51.12","CALGARY INTL A","3031092","2023-06-23 23:00","2023","06","23","23:00","","15.2","","5.5","","52","","","","33","","8","","16.1","","88.99","","","","","","Mostly Cloudy"
"-114.01","51.12","CALGARY INTL A","3031092","2023-06-24 00:00","2023","06","24","00:00","","13.8","","5.7","","58","","","","33","","14","","24.1","","89.00","","","","","","NA"
"-114.01","51.12","CALGARY INTL A","3031092","2023-06-24 01:00","2023","06","24","01:00","","11.1","","6.4","","72","","","","33","","26","","24.1","","89.02","","","","","","NA"
"-114.01","51.12","CALGARY INTL A","3031092","2023-06-24 02:00","2023","06","24","02:00","","11.2","","5.8","","70","","","","34","","8","","24.1","","89.03","","","","","","Clear"
"-114.01","51.12","CALGARY INTL A","3031092","2023-06-24 03:00","2023","06","24","03:00","","10.8","","5.9","","72","","","","26","","4","","24.1","","89.06","","","","","","NA"
"-114.01","51.12","CALGARY INTL A","3031092","2023-06-24 04:00","2023","06","24","04:00","","10.3","","5.8","","74","","","","3","","10","","24.1","","89.07","","","","","","NA"
"-114.01","51.12","CALGARY INTL A","3031092","2023-06-24 05:00","2023","06","24","05:00","","11.0","","5.9","","71","","","","30","","11","","32.2","","89.08","","","","","","Mainly Clear"
"-114.01","51.12","CALGARY INTL A","3031092","2023-06-24 06:00","2023","06","24","06:00","","11.8","","7.3","","74","","","","36","","3","","32.2","","89.08","","","","","","NA"
"-114.01","51.12","CALGARY INTL A","3031092","2023-06-24 07:00","2023","06","24","07:00","","15.0","","7.3","","59","","","","32","","18","","48.3","","89.07","","","","","","NA"
"-114.01","51.12","CALGARY INTL A","3031092","2023-06-24 08:00","2023","06","24","08:00","","16.5","","7.4","","55","","","","23","","7","","48.3","","89.10","","","","","","Mostly Cloudy"
"-114.01","51.12","CALGARY INTL A","3031092","2023-06-24 09:00","2023","06","24","09:00","","18.2","","7.5","","49","","","","7","","13","","48.3","","89.09","","","","","","NA"
"-114.01","51.12","CALGARY INTL A","3031092","2023-06-24 10:00","2023","06","24","10:00","","20.2","","8.9","","48","","","","21","","6","","48.3","","89.07","","","","","","NA"
"-114.01","51.12","CALGARY INTL A","3031092","2023-06-24 11:00","2023","06","24","11:00","","22.2","","7.0","","37","","","","18","","5","","48.3","","89.05","","","","","","Mostly Cloudy"
"-114.01","51.12","CALGARY INTL A","3031092","2023-06-24 12:00","2023","06","24","12:00","","23.1","","6.5","","34","","","","8","","16","","48.3","","89.01","","","","","","NA"
"-114.01","51.12","CALGARY INTL A","3031092","2023-06-24 13:00","2023","06","24","13:00","","23.7","","5.0","","29","","","","19","","19","","48.3","","88.99","","","","","","NA"
"-114.01","51.12","CALGARY INTL A","3031092","2023-06-24 14:00","2023","06","24","14:00","","22.9","","6.1","","33","","","","19","","16","","32.2","","88.94","","","","","","Mostly Cloudy"
"-114.01","51.12","CALGARY INTL A","3031092","2023-06-24 15:00","2023","06","24","15:00","","24.4","","2.0","","23","","","","19","","21","","32.2","","88.91","","","","","","NA"
"-114.01","51.12","CALGARY INTL A","3031092","2023-06-24 16:00","2023","06","24","16:00","","24.9","","3.2","","24","","","","18","","21","","32.2","","88.88","","","","","","NA"
"-114.01","51.12","CALGARY INTL A","3031092","2023-06-24 17:00","2023","06","24","17:00","","24.8","","3.2","","24","","","","17","","21","","32.2","","88.87","","","","","","Mainly Clear"
"-114.01","51.12","CALGARY INTL A","3031092","2023-06-24 18:00","2023","06","24","18:00","","22.8","","4.0","","29","","","","16","","22","","32.2","","88.86","","","","","","NA"
"-114.01","51.12","CALGARY INTL A","3031092","2023-06-24 19:00","2023","06","24","19:00","","23.1","","4.4","","29","","","","17","","18","","24.1","","88.86","","","","","","NA"
"-114.01","51.12","CALGARY INTL A","3031092","2023-06-24 20:00","2023","06","24","20:00","","21.1","","5.1","","35","","","","23","","8","","24.1","","88.86","","","","","","Mostly Cloudy"
"-114.01","51.12","CALGARY INTL A","3031092","2023-06-24 21:00","2023","06","24","21:00","","21.2","","3.9","","32","","","","30","","15","","16.1","","88.93","","","","","","NA"
"-114.01","51.12","CALGARY INTL A","3031092","2023-06-24 22:00","2023","06","24","22:00","","17.1","","5.0","","45","","","","33","","37","","11.3","","89.00","","","","","","NA"
"-114.01","51.12","CALGARY INTL A","3031092","2023-06-24 23:00","2023","06","24","23:00","","16.7","","4.2","","43","","","","32","","36","","16.1","","89.02","","","","","","Mainly Clear"
"-114.01","51.12","CALGARY INTL A","3031092","2023-06-25 00:00","2023","06","25","00:00","","16.3","","4.7","","46","","","","33","","37","","16.1","","89.03","","","","","","NA"
"-114.01","51.12","CALGARY INTL A","3031092","2023-06-25 01:00","2023","06","25","01:00","","15.3","","4.9","","50","","","","32","","30","","16.1","","89.08","","","","","","NA"
"-114.01","51.12","CALGARY INTL A","3031092","2023-06-25 02:00","2023","06","25","02:00","","14.3","","5.0","","53","","","","32","","24","","16.1","","89.11","","","","","","Mainly Clear"
"-114.01","51.12","CALGARY INTL A","3031092","2023-06-25 03:00","2023","06","25","03:00","","13.8","","4.9","","55","","","","30","","15","","16.1","","89.11","","","","","","NA"
"-114.01","51.12","CALGARY INTL A","3031092","2023-06-25 04:00","2023","06","25","04:00","","14.1","","4.6","","52","","","","31","","20","","16.1","","89.11","","","","","","NA"
"-114.01","51.12","CALGARY INTL A","3031092","2023-06-25 05:00","2023","06","25","05:00","","10.5","","5.3","","70","","","","35","","5","","64.4","","89.15","","","","","","Mainly Clear"
"-114.01","51.12","CALGARY INTL A","3031092","2023-06-25 06:00","2023","06","25","06:00","","14.3","","5.9","","57","","","","35","","8","","64.4","","89.18","","","","","","NA"
"-114.01","51.12","CALGARY INTL A","3031092","2023-06-25 07:00","2023","06","25","07:00","","16.2","","6.2","","51","","","","32","","37","","48.3","","89.19","","","","","","NA"
"-114.01","51.12","CALGARY INTL A","3031092","2023-06-25 08:00","2023","06","25","08:00","","17.3","","7.5","","52","","","","34","","26","","48.3","","89.21","","","","","","Mostly Cloudy"
"-114.01","51.12","CALGARY INTL A","3031092","2023-06-25 09:00","2023","06","25","09:00","","18.2","","7.0","","48","","","","32","","39","","32.2","","89.22","","","","","","NA"
"-114.01","51.12","CALGARY INTL A","3031092","2023-06-25 10:00","2023","06","25","10:00","","19.3","","6.5","","43","","","","31","","29","","32.2","","89.23","","","","","","NA"
"-114.01","51.12","CALGARY INTL A","3031092","2023-06-25 11:00","2023","06","25","11:00","","19.3","","5.5","","40","","","","30","","39","","32.2","","89.25","","","","","","Mostly Cloudy"
"-114.01","51.12","CALGARY INTL A","3031092","2023-06-25 12:00","2023","06","25","12:00","","19.4","","5.5","","40","","","","31","","48","","32.2","","89.22","","","","","","NA"
"-114.01","51.12","CALGARY INTL A","3031092","2023-06-25 13:00","2023","06","25","13:00","","19.0","","6.3","","43","","","","30","","40","","32.2","","89.22","","","","","","NA"
"-114.01","51.12","CALGARY INTL A","3031092","2023-06-25 14:00","2023","06","25","14:00","","19.5","","6.4","","42","","","","30","","32","","48.3","","89.21","","","","","","Mainly Clear"
"-114.01","51.12","CALGARY INTL A","3031092","2023-06-25 15:00","2023","06","25","15:00","","18.8","","6.9","","45","","","","32","","22","","48.3","","89.11","","","","","","NA"
"-114.01","51.12","CALGARY INTL A","3031092","2023-06-25 16:00","2023","06","25","16:00","","20.0","","8.1","","46","","","","31","","40","","32.2","","89.09","","","","","","Rain Showers"
"-114.01","51.12","CALGARY INTL A","3031092","2023-06-25 17:00","2023","06","25","17:00","","20.2","","8.7","","47","","","","32","","32","","32.2","","89.07","","","","","","Cloudy"
"-114.01","51.12","CALGARY INTL A","3031092","2023-06-25 18:00","2023","06","25","18:00","","19.2","","10.1","","55","","","","3","","22","","32.2","","89.11","","","","","","Thunderstorms"
"-114.01","51.12","CALGARY INTL A","3031092","2023-06-25 19:00","2023","06","25","19:00","","18.7","","9.1","","53","","","","33","","10","","16.1","","89.15","","","","","","NA"
"-114.01","51.12","CALGARY INTL A","3031092","2023-06-25 20:00","2023","06","25","20:00","","17.9","","10.4","","61","","","","5","","22","","16.1","","89.17","","","","","","Mostly Cloudy"
"-114.01","51.12","CALGARY INTL A","3031092","2023-06-25 21:00","2023","06","25","21:00","","16.8","","9.6","","62","","","","4","","14","","16.1","","89.20","","","","","","NA"
"-114.01","51.12","CALGARY INTL A","3031092","2023-06-25 22:00","2023","06","25","22:00","","16.7","","9.1","","60","","","","36","","3","","16.1","","89.26","","","","","","NA"
"-114.01","51.12","CALGARY INTL A","3031092","2023-06-25 23:00","2023","06","25","23:00","","15.1","","9.1","","67","","","","1","","8","","16.1","","89.28","","","","","","Mostly Cloudy"
"-114.01","51.12","CALGARY INTL A","3031092","2023-06-26 00:00","2023","06","26","00:00","","14.0","","10.7","","80","","","","34","","5","","16.1","","89.27","","","","","","NA"
"-114.01","51.12","CALGARY INTL A","3031092","2023-06-26 01:00","2023","06","26","01:00","","13.4","","10.1","","80","","","","1","","3","","16.1","","89.27","","","","","","NA"
"-114.01","51.12","CALGARY INTL A","3031092","2023-06-26 02:00","2023","06","26","02:00","","12.6","","9.9","","84","","","","21","","7","","16.1","","89.24","","","","","","Mainly Clear"
"-114.01","51.12","CALGARY INTL A","3031092","2023-06-26 03:00","2023","06","26","03:00","","13.5","","9.4","","76","","","","30","","12","","16.1","","89.22","","","","","","NA"
"-114.01","51.12","CALGARY INTL A","3031092","2023-06-26 04:00","2023","06","26","04:00","","13.2","","9.5","","78","","","","29","","13","","16.1","","89.16","","","","","","NA"
"-114.01","51.12","CALGARY INTL A","3031092","2023-06-26 05:00","2023","06","26","05:00","","12.3","","8.8","","79","","","","30","","12","","16.1","","89.13","","","","","","Mainly Clear"
"-114.01","51.12","CALGARY INTL A","3031092","2023-06-26 06:00","2023","06","26","06:00","","13.2","","9.0","","75","","","","33","","9","","32.2","","89.12","","","","","","NA"
"-114.01","51.12","CALGARY INTL A","3031092","2023-06-26 07:00","2023","06","26","07:00","","15.0","","9.2","","68","","","","30","","5","","32.2","","89.10","","","","","","NA"
"-114.01","51.12","CALGARY INTL A","3031092","2023-06-26 08:00","2023","06","26","08:00","","17.5","","9.4","","59","","","","28","","8","","32.2","","89.10","","","","","","Mainly Clear"
"-114.01","51.12","CALGARY INTL A","3031092","2023-06-26 09:00","2023","06","26","09:00","","18.9","","9.1","","52","","","","30","","14","","32.2","","89.09","","","","","","NA"
"-114.01","51.12","CALGARY INTL A","3031092","2023-06-26 10:00","2023","06","26","10:00","","20.6","","7.9","","44","","","","29","","10","","32.2","","89.04","","","","","","NA"
"-114.01","51.12","CALGARY INTL A","3031092","2023-06-26 11:00","2023","06","26","11:00","","21.4","","6.3","","37","","","","6","","5","","32.2","","89.00","","","","","","Mainly Clear"
"-114.01","51.12","CALGARY INTL A","3031092","2023-06-26 12:00","2023","06","26","12:00","","23.0","","7.3","","36","","","","4","","14","","32.2","","88.96","","","","","","NA"
"-114.01","51.12","CALGARY INTL A","3031092","2023-06-26 13:00","2023","06","26","13:00","","24.0","","8.5","","37","","","","7","","12","","32.2","","88.93","","25","","","","NA"
"-114.01","51.12","CALGARY INTL A","3031092","2023-06-26 14:00","2023","06","26","14:00","","23.3","","6.6","","34","","","","3","","11","","32.2","","88.89","","","","","","Mainly Clear"
"-114.01","51.12","CALGARY INTL A","3031092","2023-06-26 15:00","2023","06","26","15:00","","23.0","","6.4","","34","","","","6","","12","","32.2","","88.86","","","","","","NA"
"-114.01","51.12","CALGARY INTL A","3031092","2023-06-26 16:00","2023","06","26","16:00","","23.3","","6.8","","34","","","","4","","17","","32.2","","88.84","","","","","","NA"
"-114.01","51.12","CALGARY INTL A","3031092","2023-06-26 17:00","2023","06","26","17:00","","22.8","","7.6","","37","","","","25","","7","","32.2","","88.82","","","","","","Mostly Cloudy"
"-114.01","51.12","CALGARY INTL A","3031092","2023-06-26 18:00","2023","06","26","18:00","","23.1","","8.0","","37","","","","29","","14","","24.1","","88.80","","","","","","NA"
"-114.01","51.12","CALGARY INTL A","3031092","2023-06-26 19:00","2023","06","26","19:00","","22.6","","8.3","","39","","","","30","","16","","32.2","","88.78","","","","","","NA"
"-114.01","51.12","CALGARY INTL A","3031092","2023-06-26 20:00","2023","06","26","20:00","","22.4","","8.0","","39","","","","31","","17","","32.2","","88.78","","","","","","Mainly Clear"
"-114.01","51.12","CALGARY INTL A","3031092","2023-06-26 21:00","2023","06","26","21:00","","21.3","","7.8","","41","","","","32","","17","","32.2","","88.79","","","","","","NA"
"-114.01","51.12","CALGARY INTL A","3031092","2023-06-26 22:00","2023","06","26","22:00","","19.6","","8.7","","49","","","","2","","7","","24.1","","88.81","","","","","","NA"
"-114.01","51.12","CALGARY INTL A","3031092","2023-06-26 23:00","2023","06","26","23:00","","15.8","","9.7","","67","","","","34","","9","","24.1","","88.81","","","","","","Clear"
"-114.01","51.12","CALGARY INTL A","3031092","2023-06-27 00:00","2023","06","27","00:00","","15.5","","9.6","","68","","","","32","","18","","24.1","","88.78","","","","","","NA"
"-114.01","51.12","CALGARY INTL A","3031092","2023-06-27 01:00","2023","06","27","01:00","","14.7","","9.5","","71","","","","33","","6","","24.1","","88.76","","","","","","NA"
"-114.01","51.12","CALGARY INTL A","3031092","2023-06-27 02:00","2023","06","27","02:00","","13.5","","9.3","","75","","","","4","","16","","24.1","","88.76","","","","","","Clear"
"-114.01","51.12","CALGARY INTL A","3031092","2023-06-27 03:00","2023","06","27","03:00","","13.7","","8.2","","70","","","","32","","15","","24.1","","88.72","","","","","","NA"
"-114.01","51.12","CALGARY INTL A","3031092","2023-06-27 04:00","2023","06","27","04:00","","12.7","","9.4","","80","","","","33","","12","","24.1","","88.70","","","","","","NA"
"-114.01","51.12","CALGARY INTL A","3031092","2023-06-27 05:00","2023","06","27","05:00","","11.7","","8.8","","82","","","","29","","5","","32.2","","88.71","","","","","","Mostly Cloudy"
"-114.01","51.12","CALGARY INTL A","3031092","2023-06-27 06:00","2023","06","27","06:00","","13.3","","9.6","","78","","","","26","","6","","48.3","","88.74","","","","","","NA"
"-114.01","51.12","CALGARY INTL A","3031092","2023-06-27 07:00","2023","06","27","07:00","","16.4","","10.1","","66","","","","35","","3","","48.3","","88.76","","","","","","NA"
"-114.01","51.12","CALGARY INTL A","3031092","2023-06-27 08:00","2023","06","27","08:00","","19.8","","8.8","","48","","","","32","","36","","48.3","","88.78","","","","","","Cloudy"
"-114.01","51.12","CALGARY INTL A","3031092","2023-06-27 09:00","2023","06","27","09:00","","20.5","","10.4","","52","","","","36","","23","","32.2","","88.80","","","","","","NA"
"-114.01","51.12","CALGARY INTL A","3031092","2023-06-27 10:00","2023","06","27","10:00","","21.5","","9.1","","45","","","","1","","25","","32.2","","88.80","","","","","","NA"
"-114.01","51.12","CALGARY INTL A","3031092","2023-06-27 11:00","2023","06","27","11:00","","22.8","","8.2","","39","","","","4","","34","","32.2","","88.77","","","","","","Cloudy"
"-114.01","51.12","CALGARY INTL A","3031092","2023-06-27 12:00","2023","06","27","12:00","","24.1","","8.7","","37","","","","5","","26","","32.2","","88.74","","25","","","","NA"
"-114.01","51.12","CALGARY INTL A","3031092","2023-06-27 13:00","2023","06","27","13:00","","24.2","","6.4","","32","","","","4","","26","","24.1","","88.72","","","","","","NA"
"-114.01","51.12","CALGARY INTL A","3031092","2023-06-27 14:00","2023","06","27","14:00","","25.5","","7.7","","32","","","","2","","10","","24.1","","88.68","","26","","","","Cloudy"
"-114.01","51.12","CALGARY INTL A","3031092","2023-06-27 15:00","2023","06","27","15:00","","24.9","","7.7","","33","","","","5","","24","","32.2","","88.67","","25","","","","NA"
"-114.01","51.12","CALGARY INTL A","3031092","2023-06-27 16:00","2023","06","27","16:00","","23.4","","10.8","","45","","","","4","","39","","19.3","","88.71","","25","","","","Thunderstorms,Rain Showers"
"-114.01","51.12","CALGARY INTL A","3031092","2023-06-27 17:00","2023","06","27","17:00","","19.6","","9.8","","53","","","","19","","18","","32.2","","88.75","","","","","","Cloudy"
"-114.01","51.12","CALGARY INTL A","3031092","2023-06-27 18:00","2023","06","27","18:00","","22.8","","6.6","","35","","","","29","","18","","32.2","","88.75","","","","","","NA"
"-114.01","51.12","CALGARY INTL A","3031092","2023-06-27 19:00","2023","06","27","19:00","","20.4","","10.7","","53","","","","18","","11","","32.2","","88.74","","","","","","NA"
"-114.01","51.12","CALGARY INTL A","3031092","2023-06-27 20:00","2023","06","27","20:00","","20.9","","10.2","","50","","","","35","","11","","24.1","","88.78","","","","","","Mostly Cloudy"
"-114.01","51.12","CALGARY INTL A","3031092","2023-06-27 21:00","2023","06","27","21:00","","18.4","","10.6","","60","","","","3","","25","","24.1","","88.82","","","","","","NA"
"-114.01","51.12","CALGARY INTL A","3031092","2023-06-27 22:00","2023","06","27","22:00","","17.4","","10.7","","64","","","","35","","6","","24.1","","88.83","","","","","","NA"
"-114.01","51.12","CALGARY INTL A","3031092","2023-06-27 23:00","2023","06","27","23:00","","17.0","","8.9","","59","","","","33","","21","","24.1","","88.82","","","","","","Mainly Clear"
"-114.01","51.12","CALGARY INTL A","3031092","2023-06-28 00:00","2023","06","28","00:00","","15.6","","9.9","","69","","","","29","","5","","24.1","","88.85","","","","","","NA"
"-114.01","51.12","CALGARY INTL A","3031092","2023-06-28 01:00","2023","06","28","01:00","","15.4","","9.9","","70","","","","25","","4","","24.1","","88.85","","","","","","NA"
"-114.01","51.12","CALGARY INTL A","3031092","2023-06-28 02:00","2023","06","28","02:00","","12.9","","8.8","","76","","","","33","","15","","24.1","","88.85","","","","","","Clear"
"-114.01","51.12","CALGARY INTL A","3031092","2023-06-28 03:00","2023","06","28","03:00","","11.9","","8.4","","79","","","","34","","8","","24.1","","88.86","","","","","","NA"
"-114.01","51.12","CALGARY INTL A","3031092","2023-06-28 04:00","2023","06","28","04:00","","11.6","","7.9","","78","","","","34","","7","","24.1","","88.86","","","","","","NA"
"-114.01","51.12","CALGARY INTL A","3031092","2023-06-28 05:00","2023","06","28","05:00","","11.5","","8.0","","79","","","","2","","8","","24.1","","88.90","","","","","","Clear"
"-114.01","51.12","CALGARY INTL A","3031092","2023-06-28 06:00","2023","06","28","06:00","","14.1","","8.5","","69","","","","34","","10","","24.1","","88.95","","","","","","NA"
"-114.01","51.12","CALGARY INTL A","3031092","2023-06-28 07:00","2023","06","28","07:00","","16.9","","9.4","","61","","","","34","","10","","32.2","","88.96","","","","","","NA"
"-114.01","51.12","CALGARY INTL A","3031092","2023-06-28 08:00","2023","06","28","08:00","","18.8","","10.5","","58","","","","33","","18","","32.2","","88.97","","","","","","Clear"
"-114.01","51.12","CALGARY INTL A","3031092","2023-06-28 09:00","2023","06","28","09:00","","20.4","","9.6","","49","","","","4","","19","","24.1","","88.98","","","","","","NA"
"-114.01","51.12","CALGARY INTL A","3031092","2023-06-28 10:00","2023","06","28","10:00","","22.0","","9.3","","44","","","","2","","7","","24.1","","88.98","","","","","","NA"
"-114.01","51.12","CALGARY INTL A","3031092","2023-06-28 11:00","2023","06","28","11:00","","23.5","","9.4","","40","","","","4","","16","","24.1","","88.96","","25","","","","Mainly Clear"
"-114.01","51.12","CALGARY INTL A","3031092","2023-06-28 12:00","2023","06","28","12:00","","24.1","","10.2","","41","","","","6","","16","","24.1","","88.94","","25","","","","NA"
"-114.01","51.12","CALGARY INTL A","3031092","2023-06-28 13:00","2023","06","28","13:00","","25.0","","9.7","","38","","","","6","","21","","24.1","","88.90","","26","","","","NA"
"-114.01","51.12","CALGARY INTL A","3031092","2023-06-28 14:00","2023","06","28","14:00","","25.7","","10.1","","37","","","","11","","9","","24.1","","88.87","","27","","","","Mainly Clear"
"-114.01","51.12","CALGARY INTL A","3031092","2023-06-28 15:00","2023","06","28","15:00","","26.4","","11.0","","38","","","","8","","12","","24.1","","88.88","","28","","","","NA"
"-114.01","51.12","CALGARY INTL A","3031092","2023-06-28 16:00","2023","06","28","16:00","","24.6","","9.9","","39","","","","4","","17","","24.1","","88.92","","26","","","","NA"
"-114.01","51.12","CALGARY INTL A","3031092","2023-06-28 17:00","2023","06","28","17:00","","18.4","","12.2","","67","","","","29","","20","","16.1","","89.03","","","","","","Thunderstorms,Rain Showers"
"-114.01","51.12","CALGARY INTL A","3031092","2023-06-28 18:00","2023","06","28","18:00","","17.4","","12.9","","75","","","","33","","27","","19.3","","89.00","","","","","","Rain Showers"
"-114.01","51.12","CALGARY INTL A","3031092","2023-06-28 19:00","2023","06","28","19:00","","18.6","","13.3","","71","","","","33","","24","","32.2","","88.94","","","","","","NA"
"-114.01","51.12","CALGARY INTL A","3031092","2023-06-28 20:00","2023","06","28","20:00","","19.9","","12.3","","61","","","","30","","17","","32.2","","88.96","","","","","","Mostly Cloudy"
"-114.01","51.12","CALGARY INTL A","3031092","2023-06-28 21:00","2023","06","28","21:00","","18.2","","11.9","","66","","","","33","","19","","32.2","","89.01","","","","","","NA"
"-114.01","51.12","CALGARY INTL A","3031092","2023-06-28 22:00","2023","06","28","22:00","","17.4","","11.0","","66","","","","32","","14","","24.1","","88.97","","","","","","NA"
"-114.01","51.12","CALGARY INTL A","3031092","2023-06-28 23:00","2023","06","28","23:00","","16.7","","11.8","","73","","","","29","","13","","24.1","","88.96","","","","","","Clear"
"-114.01","51.12","CALGARY INTL A","3031092","2023-06-29 00:00","2023","06","29","00:00","","15.3","","11.7","","79","","","","3","","8","","24.1","","88.96","","","","","","NA"
"-114.01","51.12","CALGARY INTL A","3031092","2023-06-29 01:00","2023","06","29","01:00","","14.4","","11.8","","84","","","","25","","3","","24.1","","88.94","","","","","","NA"
"-114.01","51.12","CALGARY INTL A","3031092","2023-06-29 02:00","2023","06","29","02:00","","13.7","","11.0","","84","","","","31","","10","","24.1","","88.93","","","","","","Clear"
"-114.01","51.12","CALGARY INTL A","3031092","2023-06-29 03:00","2023","06","29","03:00","","13.2","","10.8","","85","","","","30","","8","","24.1","","88.91","","","","","","NA"
"-114.01","51.12","CALGARY INTL A","3031092","2023-06-29 04:00","2023","06","29","04:00","","12.3","","9.8","","85","","","","33","","17","","24.1","","88.92","","","","","","NA"
"-114.01","51.12","CALGARY INTL A","3031092","2023-06-29 05:00","2023","06","29","05:00","","12.1","","9.3","","83","","","","32","","17","","32.2","","88.93","","","","","","Clear"
"-114.01","51.12","CALGARY INTL A","3031092","2023-06-29 06:00","2023","06","29","06:00","","13.1","","11.1","","87","","","","","","0","","32.2","","88.96","","","","","","NA"
"-114.01","51.12","CALGARY INTL A","3031092","2023-06-29 07:00","2023","06","29","07:00","","16.3","","10.1","","66","","","","29","","12","","32.2","","88.97","","","","","","NA"
"-114.01","51.12","CALGARY INTL A","3031092","2023-06-29 08:00","2023","06","29","08:00","","19.3","","10.4","","56","","","","25","","9","","32.2","","88.95","","","","","","Mainly Clear"
"-114.01","51.12","CALGARY INTL A","3031092","2023-06-29 09:00","2023","06","29","09:00","","23.5","","9.8","","41","","","","31","","19","","32.2","","88.93","","25","","","","NA"
"-114.01","51.12","CALGARY INTL A","3031092","2023-06-29 10:00","2023","06","29","10:00","","25.4","","10.5","","39","","","","31","","22","","32.2","","88.93","","27","","","","NA"
"-114.01","51.12","CALGARY INTL A","3031092","2023-06-29 11:00","2023","06","29","11:00","","26.1","","6.9","","29","","","","4","","29","","32.2","","88.94","","26","","","","Mainly Clear"
"-114.01","51.12","CALGARY INTL A","3031092","2023-06-29 12:00","2023","06","29","12:00","","26.7","","8.9","","32","","","","2","","10","","32.2","","88.94","","27","","","","NA"
"-114.01","51.12","CALGARY INTL A","3031092","2023-06-29 13:00","2023","06","29","13:00","","27.3","","9.3","","32","","","","2","","12","","32.2","","88.90","","28","","","","NA"
"-114.01","51.12","CALGARY INTL A","3031092","2023-06-29 14:00","2023","06","29","14:00","","27.2","","7.9","","29","","","","1","","12","","32.2","","88.86","","28","","","","Mostly Cloudy"
"-114.01","51.12","CALGARY INTL A","3031092","2023-06-29 15:00","2023","06","29","15:00","","28.3","","9.5","","30","","","","5","","34","","32.2","","88.82","","29","","","","NA"
"-114.01","51.12","CALGARY INTL A","3031092","2023-06-29 16:00","2023","06","29","16:00","","27.1","","10.1","","34","","","","4","","28","","24.1","","88.82","","28","","","","NA"
"-114.01","51.12","CALGARY INTL A","3031092","2023-06-29 17:00","2023","06","29","17:00","","24.7","","11.6","","43","","","","1","","32","","14.5","","88.84","","27","","","","Cloudy"
"-114.01","51.12","CALGARY INTL A","3031092","2023-06-29 18:00","2023","06","29","18:00","","18.1","","13.6","","75","","","","1","","24","","24.1","","88.99","","","","","","Thunderstorms,Moderate Rain Showers"
"-114.01","51.12","CALGARY INTL A","3031092","2023-06-29 19:00","2023","06","29","19:00","","19.1","","13.9","","71","","","","31","","13","","24.1","","89.03","","","","","","NA"
"-114.01","51.12","CALGARY INTL A","3031092","2023-06-29 20:00","2023","06","29","20:00","","19.0","","14.6","","75","","","","16","","9","","24.1","","88.99","","","","","","Mostly Cloudy"
"-114.01","51.12","CALGARY INTL A","3031092","2023-06-29 21:00","2023","06","29","21:00","","18.8","","14.7","","77","","","","31","","14","","24.1","","89.00","","","","","","NA"
"-114.01","51.12","CALGARY INTL A","3031092","2023-06-29 22:00","2023","06","29","22:00","","18.6","","14.5","","77","","","","30","","13","","24.1","","89.00","","","","","","NA"
"-114.01","51.12","CALGARY INTL A","3031092","2023-06-29 23:00","2023","06","29","23:00","","18.1","","13.6","","75","","","","30","","12","","24.1","","89.01","","","","","","Mainly Clear"
"-114.01","51.12","CALGARY INTL A","3031092","2023-06-30 00:00","2023","06","30","00:00","","16.5","","13.4","","82","","","","36","","9","","24.1","","89.03","","","","","","NA"
"-114.01","51.12","CALGARY INTL A","3031092","2023-06-30 01:00","2023","06","30","01:00","","16.2","","13.0","","81","","","","4","","18","","24.1","","89.01","","","","","","NA"
"-114.01","51.12","CALGARY INTL A","3031092","2023-06-30 02:00","2023","06","30","02:00","","16.1","","12.8","","81","","","","35","","7","","24.1","","89.01","","","","","","Mostly Cloudy"
"-114.01","51.12","CALGARY INTL A","3031092","2023-06-30 03:00","2023","06","30","03:00","","15.8","","12.7","","82","","","","34","","8","","24.1","","89.05","","","","","","NA"
"-114.01","51.12","CALGARY INTL A","3031092","2023-06-30 04:00","2023","06","30","04:00","","16.1","","13.5","","84","","","","34","","14","","24.1","","89.07","","","","","","NA"
"-114.01","51.12","CALGARY INTL A","3031092","2023-06-30 05:00","2023","06","30","05:00","","16.1","","13.3","","83","","","","34","","10","","24.1","","89.08","","","","","","Mostly Cloudy"
"-114.01","51.12","CALGARY INTL A","3031092","2023-06-30 06:00","2023","06","30","06:00","","17.3","","13.6","","79","","","","32","","18","","24.1","","89.12","","","","","","NA"
"-114.01","51.12","CALGARY INTL A","3031092","2023-06-30 07:00","2023","06","30","07:00","","18.1","","14.1","","77","","","","34","","3","","24.1","","89.15","","","","","","NA"
"-114.01","51.12","CALGARY INTL A","3031092","2023-06-30 08:00","2023","06","30","08:00","","19.2","","13.6","","70","","","","29","","13","","24.1","","89.17","","","","","","Mostly Cloudy"
"-114.01","51.12","CALGARY INTL A","3031092","2023-06-30 09:00","2023","06","30","09:00","","21.4","","13.9","","62","","","","28","","5","","24.1","","89.12","","25","","","","NA"
"-114.01","51.12","CALGARY INTL A","3031092","2023-06-30 10:00","2023","06","30","10:00","","21.9","","13.2","","57","","","","36","","3","","24.1","","89.06","","25","","","","NA"
"-114.01","51.12","CALGARY INTL A","3031092","2023-06-30 11:00","2023","06","30","11:00","","23.9","","11.5","","45","","","","29","","5","","32.2","","89.03","","26","","","","Mostly Cloudy"
"-114.01","51.12","CALGARY INTL A","3031092","2023-06-30 12:00","2023","06","30","12:00","","25.1","","12.9","","46","","","","8","","10","","32.2","","88.98","","28","","","","NA"
"-114.01","51.12","CALGARY INTL A","3031092","2023-06-30 13:00","2023","06","30","13:00","","26.1","","14.2","","47","","","","16","","15","","32.2","","88.94","","30","","","","NA"
"-114.01","51.12","CALGARY INTL A","3031092","2023-06-30 14:00","2023","06","30","14:00","","25.2","","12.0","","43","","","","9","","13","","32.2","","88.87","","27","","","","Mostly Cloudy"
"-114.01","51.12","CALGARY INTL A","3031092","2023-06-30 15:00","2023","06","30","15:00","","25.5","","11.0","","40","","","","17","","21","","32.2","","88.90","","27","","","","NA"
"-114.01","51.12","CALGARY INTL A","3031092","2023-06-30 16:00","2023","06","30","16:00","","26.3","","11.1","","38","","","","16","","17","","32.2","","88.85","","28","","","","NA"
"-114.01","51.12","CALGARY INTL A","3031092","2023-06-30 17:00","2023","06","30","17:00","","27.2","","9.7","","33","","","","16","","22","","32.2","","88.81","","28","","","","Mainly Clear"
"-114.01","51.12","CALGARY INTL A","3031092","2023-06-30 18:00","2023","06","30","18:00","","26.9","","11.1","","37","","","","13","","7","","32.2","","88.81","","29","","","","NA"
"-114.01","51.12","CALGARY INTL A","3031092","2023-06-30 19:00","2023","06","30","19:00","","25.6","","10.2","","37","","","","15","","15","","24.1","","88.79","","27","","","","NA"
"-114.01","51.12","CALGARY INTL A","3031092","2023-06-30 20:00","2023","06","30","20:00","","23.7","","11.6","","46","","","","15","","12","","24.1","","88.80","","26","","","","Mainly Clear"
"-114.01","51.12","CALGARY INTL A","3031092","2023-06-30 21:00","2023","06","30","21:00","","22.5","","12.1","","51","","","","7","","12","","32.2","","88.82","","25","","","","NA"
"-114.01","51.12","CALGARY INTL A","3031092","2023-06-30 22:00","2023","06","30","22:00","","20.1","","12.4","","61","","","","5","","16","","24.1","","88.83","","","","","","NA"
"-114.01","51.12","CALGARY INTL A","3031092","2023-06-30 23:00","2023","06","30","23:00","","18.8","","11.5","","62","","","","5","","13","","16.1","","88.81","","","","","","Mainly Clear"
