"Longitude (x)","Latitude (y)","Station Name","Climate ID","Date/Time (LST)","Year","Month","Day","Time (LST)","Flag","Temp (°C)","Temp Flag","Dew Point Temp (°C)","Dew Point Temp Flag","Rel Hum (%)","Rel Hum Flag","Precip. Amount (mm)","Precip. Amount Flag","Wind Dir (10s deg)","Wind Dir Flag","Wind Spd (km/h)","Wind Spd Flag","Visibility (km)","Visibility Flag","Stn Press (kPa)","Stn Press Flag","Hmdx","Hmdx Flag","Wind Chill","Wind Chill Flag","Weather"
"-114.01","51.12","CALGARY INTL A","3031092","2024-11-01 00:00","2024","11","01","00:00","","-3.5","","-3.7","","98","","","","31","","5","","2.0","","88.48","","","","-6","","Fog"
"-114.01","51.12","CALGARY INTL A","3031092","2024-11-01 01:00","2024","11","01","01:00","","-3.6","","-4.0","","98","","","","27","","3","","2.0","","88.48","","","","-5","","Fog"
"-114.01","51.12","CALGARY INTL A","3031092","2024-11-01 02:00","2024","11","01","02:00","","-3.2","","-3.8","","96","","","","","","0","","2.8","","88.49","","","","","","Fog"
"-114.01","51.12","CALGARY INTL A","3031092","2024-11-01 03:00","2024","11","01","03:00","","-3.3","","-3.8","","96","","","","20","","7","","2.4","","88.49","","","","-6","","Fog"
"-114.01","51.12","CALGARY INTL A","3031092","2024-11-01 04:00","2024","11","01","04:00","","-3.1","","-3.5","","97","","","","20","","11","","2.4","","88.49","","","","-7","","Fog"
"-114.01","51.12","CALGARY INTL A","3031092","2024-11-01 05:00","2024","11","01","05:00","","-4.0","","-4.0","","100","","","","17","","10","","0.4","","88.49","","","","-8","","Freezing Fog"
"-114.01","51.12","CALGARY INTL A","3031092","2024-11-01 06:00","2024","11","01","06:00","","-4.7","","-4.9","","98","","","","18","","10","","0.4","","88.50","","","","-9","","Freezing Fog"
"-114.01","51.12","CALGARY INTL A","3031092","2024-11-01 07:00","2024","11","01","07:00","","-4.8","","-5.1","","98","","","","20","","9","","0.4","","88.50","","","","-9","","Freezing Fog"
"-114.01","51.12","CALGARY INTL A","3031092","2024-11-01 08:00","2024","11","01","08:00","","-4.7","","-5.0","","98","","","","19","","7","","0.2","","88.48","","","","-8","","Freezing Fog"
"-114.01","51.12","CALGARY INTL A","3031092","2024-11-01 09:00","2024","11","01","09:00","","-5.0","","-5.6","","96","","","","23","","9","","0.4","","88.49","","","","-9","","Freezing Fog"
"-114.01","51.12","CALGARY INTL A","3031092","2024-11-01 10:00","2024","11","01","10:00","","-4.1","","-4.9","","95","","","","21","","6","","6.4","","88.47","","","","-7","","Fog"
"-114.01","51.12","CALGARY INTL A","3031092","2024-11-01 11:00","2024","11","01","11:00","","-0.8","","-3.8","","80","","","","15","","5","","24.1","","88.41","","","","-2","","Mainly Clear"
"-114.01","51.12","CALGARY INTL A","3031092","2024-11-01 12:00","2024","11","01","12:00","","1.3","","-4.1","","67","","","","15","","11","","6.4","","88.40","","","","","","Fog"
"-114.01","51.12","CALGARY INTL A","3031092","2024-11-01 13:00","2024","11","01","13:00","","1.5","","-4.2","","66","","","","16","","14","","8.1","","88.40","","","","","","Fog"
"-114.01","51.12","CALGARY INTL A","3031092","2024-11-01 14:00","2024","11","01","14:00","","1.3","","-4.3","","66","","","","17","","5","","9.7","","88.37","","","","","","Fog"
"-114.01","51.12","CALGARY INTL A","3031092","2024-11-01 15:00","2024","11","01","15:00","","4.3","","-4.9","","51","","","","17","","13","","9.7","","88.33","","","","","","Fog"
"-114.01","51.12","CALGARY INTL A","3031092","2024-11-01 16:00","2024","11","01","16:00","","3.8","","-4.0","","57","","","","13","","10","","9.7","","88.31","","","","","","Fog"
"-114.01","51.12","CALGARY INTL A","3031092","2024-11-01 17:00","2024","11","01","17:00","","1.2","","-3.6","","70","","","","11","","11","","14.5","","88.30","","","","","","Cloudy"
"-114.01","51.12","CALGARY INTL A","3031092","2024-11-01 18:00","2024","11","01","18:00","","-1.7","","-4.1","","84","","","","9","","6","","24.1","","88.33","","","","-4","","NA"
"-114.01","51.12","CALGARY INTL A","3031092","2024-11-01 19:00","2024","11","01","19:00","","-2.1","","-3.8","","88","","","","6","","6","","24.1","","88.30","","","","-4","","NA"
"-114.01","51.12","CALGARY INTL A","3031092","2024-11-01 20:00","2024","11","01","20:00","","-2.2","","-3.7","","89","","","","9","","7","","16.1","","88.29","","","","-5","","Mostly Cloudy"
"-114.01","51.12","CALGARY INTL A","3031092","2024-11-01 21:00","2024","11","01","21:00","","-2.1","","-3.8","","88","","","","12","","5","","16.1","","88.23","","","","-4","","NA"
"-114.01","51.12","CALGARY INTL A","3031092","2024-11-01 22:00","2024","11","01","22:00","","-1.1","","-3.6","","83","","","","15","","8","","12.9","","88.22","","","","-4","","NA"
"-114.01","51.12","CALGARY INTL A","3031092","2024-11-01 23:00","2024","11","01","23:00","","-1.1","","-3.6","","83","","","","13","","9","","16.1","","88.15","","","","-4","","Cloudy"
"-114.01","51.12","CALGARY INTL A","3031092","2024-11-02 00:00","2024","11","02","00:00","","-1.1","","-3.6","","83","","","","15","","8","","12.9","","88.10","","","","-4","","NA"
"-114.01","51.12","CALGARY INTL A","3031092","2024-11-02 01:00","2024","11","02","01:00","","-1.0","","-3.6","","82","","","","13","","3","","12.9","","88.06","","","","-2","","NA"
"-114.01","51.12","CALGARY INTL A","3031092","2024-11-02 02:00","2024","11","02","02:00","","-1.4","","-3.5","","86","","","","12","","6","","12.9","","88.03","","","","-4","","Cloudy"
"-114.01","51.12","CALGARY INTL A","3031092","2024-11-02 03:00","2024","11","02","03:00","","-2.8","","-4.1","","91","","","","8","","9","","16.1","","87.96","","","","-6","","NA"
"-114.01","51.12","CALGARY INTL A","3031092","2024-11-02 04:00","2024","11","02","04:00","","-2.5","","-4.1","","89","","","","17","","4","","16.1","","87.90","","","","-4","","NA"
"-114.01","51.12","CALGARY INTL A","3031092","2024-11-02 05:00","2024","11","02","05:00","","-3.8","","-5.2","","90","","","","7","","4","","24.1","","87.83","","","","-5","","Mostly Cloudy"
"-114.01","51.12","CALGARY INTL A","3031092","2024-11-02 06:00","2024","11","02","06:00","","-3.9","","-5.2","","90","","","","32","","5","","24.1","","87.79","","","","-6","","NA"
"-114.01","51.12","CALGARY INTL A","3031092","2024-11-02 07:00","2024","11","02","07:00","","-3.7","","-4.9","","91","","","","33","","5","","24.1","","87.79","","","","-6","","NA"
"-114.01","51.12","CALGARY INTL A","3031092","2024-11-02 08:00","2024","11","02","08:00","","-4.3","","-5.9","","89","","","","35","","6","","8.1","","87.74","","","","-7","","Fog"
"-114.01","51.12","CALGARY INTL A","3031092","2024-11-02 09:00","2024","11","02","09:00","","-2.8","","-4.4","","89","","","","","","0","","9.7","","87.72","","","","","","Fog"
"-114.01","51.12","CALGARY INTL A","3031092","2024-11-02 10:00","2024","11","02","10:00","","-0.8","","-3.2","","84","","","","7","","4","","8.1","","87.69","","","","-2","","Fog"
"-114.01","51.12","CALGARY INTL A","3031092","2024-11-02 11:00","2024","11","02","11:00","","2.7","","-2.3","","70","","","","","","0","","8.1","","87.66","","","","","","Fog"
"-114.01","51.12","CALGARY INTL A","3031092","2024-11-02 12:00","2024","11","02","12:00","","4.5","","-1.9","","63","","","","1","","10","","8.1","","87.61","","","","","","Fog"
"-114.01","51.12","CALGARY INTL A","3031092","2024-11-02 13:00","2024","11","02","13:00","","4.8","","-1.5","","64","","","","3","","8","","8.1","","87.60","","","","","","Fog"
"-114.01","51.12","CALGARY INTL A","3031092","2024-11-02 14:00","2024","11","02","14:00","","4.2","","-1.8","","65","","","","1","","15","","8.1","","87.59","","","","","","Fog"
"-114.01","51.12","CALGARY INTL A","3031092","2024-11-02 15:00","2024","11","02","15:00","","3.2","","-2.5","","66","","","","1","","16","","8.1","","87.58","","","","","","Fog"
"-114.01","51.12","CALGARY INTL A","3031092","2024-11-02 16:00","2024","11","02","16:00","","0.2","","-2.9","","80","","","","1","","18","","8.1","","87.62","","","","","","Fog"
"-114.01","51.12","CALGARY INTL A","3031092","2024-11-02 17:00","2024","11","02","17:00","","-1.6","","-3.1","","89","","","","2","","18","","6.4","","87.70","","","","-7","","Fog"
"-114.01","51.12","CALGARY INTL A","3031092","2024-11-02 18:00","2024","11","02","18:00","","-2.5","","-3.3","","94","","","","35","","18","","2.8","","87.76","","","","-8","","Fog"
"-114.01","51.12","CALGARY INTL A","3031092","2024-11-02 19:00","2024","11","02","19:00","","-2.4","","-3.4","","93","","","","1","","20","","2.0","","87.82","","","","-8","","Fog"
"-114.01","51.12","CALGARY INTL A","3031092","2024-11-02 20:00","2024","11","02","20:00","","-2.5","","-3.6","","92","","","","35","","16","","4.8","","87.86","","","","-8","","Fog"
"-114.01","51.12","CALGARY INTL A","3031092","2024-11-02 21:00","2024","11","02","21:00","","-2.2","","-3.5","","91","","","","36","","17","","8.1","","87.92","","","","-8","","Fog"
"-114.01","51.12","CALGARY INTL A","3031092","2024-11-02 22:00","2024","11","02","22:00","","-2.5","","-3.7","","91","","","","35","","10","","9.7","","87.93","","","","-6","","Fog"
"-114.01","51.12","CALGARY INTL A","3031092","2024-11-02 23:00","2024","11","02","23:00","","-2.4","","-3.5","","92","","","","32","","14","","6.4","","87.98","","","","-7","","Fog"
"-114.01","51.12","CALGARY INTL A","3031092","2024-11-03 00:00","2024","11","03","00:00","","-2.7","","-3.8","","92","","","","34","","13","","4.8","","88.00","","","","-7","","Fog"
"-114.01","51.12","CALGARY INTL A","3031092","2024-11-03 01:00","2024","11","03","01:00","","-3.3","","-3.9","","96","","","","32","","8","","2.0","","88.03","","","","-7","","Fog"
"-114.01","51.12","CALGARY INTL A","3031092","2024-11-03 02:00","2024","11","03","02:00","","-4.4","","-4.5","","99","","","","1","","10","","0.8","","88.08","","","","-9","","Freezing Fog"
"-114.01","51.12","CALGARY INTL A","3031092","2024-11-03 03:00","2024","11","03","03:00","","-5.2","","-5.5","","98","","","","1","","9","","0.6","","88.12","","","","-9","","Freezing Fog"
"-114.01","51.12","CALGARY INTL A","3031092","2024-11-03 04:00","2024","11","03","04:00","","-6.1","","-6.5","","97","","","","1","","9","","1.6","","88.16","","","","-10","","Fog"
"-114.01","51.12","CALGARY INTL A","3031092","2024-11-03 05:00","2024","11","03","05:00","","-6.6","","-7.5","","93","","","","","","0","","12.9","","88.20","","","","","","Clear"
"-114.01","51.12","CALGARY INTL A","3031092","2024-11-03 06:00","2024","11","03","06:00","","-6.4","","-7.4","","93","","","","20","","7","","16.1","","88.27","","","","-10","","NA"
"-114.01","51.12","CALGARY INTL A","3031092","2024-11-03 07:00","2024","11","03","07:00","","-6.7","","-7.5","","94","","","","21","","4","","16.1","","88.32","","","","-9","","NA"
"-114.01","51.12","CALGARY INTL A","3031092","2024-11-03 08:00","2024","11","03","08:00","","-6.7","","-8.5","","87","","","","","","0","","64.4","","88.36","","","","","","Clear"
"-114.01","51.12","CALGARY INTL A","3031092","2024-11-03 09:00","2024","11","03","09:00","","-3.3","","-5.1","","87","","","","19","","3","","64.4","","88.41","","","","-5","","NA"
"-114.01","51.12","CALGARY INTL A","3031092","2024-11-03 10:00","2024","11","03","10:00","","-0.1","","-4.2","","74","","","","20","","6","","64.4","","88.42","","","","-2","","NA"
"-114.01","51.12","CALGARY INTL A","3031092","2024-11-03 11:00","2024","11","03","11:00","","2.4","","-4.0","","63","","","","23","","7","","64.4","","88.44","","","","","","Mainly Clear"
"-114.01","51.12","CALGARY INTL A","3031092","2024-11-03 12:00","2024","11","03","12:00","","5.3","","-5.3","","46","","","","21","","9","","64.4","","88.42","","","","","","NA"
"-114.01","51.12","CALGARY INTL A","3031092","2024-11-03 13:00","2024","11","03","13:00","","6.0","","-5.4","","44","","","","18","","9","","64.4","","88.39","","","","","","NA"
"-114.01","51.12","CALGARY INTL A","3031092","2024-11-03 14:00","2024","11","03","14:00","","7.8","","-6.9","","35","","","","20","","13","","64.4","","88.38","","","","","","Clear"
"-114.01","51.12","CALGARY INTL A","3031092","2024-11-03 15:00","2024","11","03","15:00","","8.4","","-10.5","","25","","","","25","","11","","64.4","","88.37","","","","","","NA"
"-114.01","51.12","CALGARY INTL A","3031092","2024-11-03 16:00","2024","11","03","16:00","","7.8","","-10.9","","25","","","","29","","13","","64.4","","88.43","","","","","","NA"
"-114.01","51.12","CALGARY INTL A","3031092","2024-11-03 17:00","2024","11","03","17:00","","6.5","","-9.8","","30","","","","27","","18","","24.1","","88.46","","","","","","Mainly Clear"
"-114.01","51.12","CALGARY INTL A","3031092","2024-11-03 18:00","2024","11","03","18:00","","4.8","","-9.7","","34","","","","26","","16","","24.1","","88.48","","","","","","NA"
"-114.01","51.12","CALGARY INTL A","3031092","2024-11-03 19:00","2024","11","03","19:00","","4.0","","-9.8","","36","","","","28","","21","","24.1","","88.50","","","","","","NA"
"-114.01","51.12","CALGARY INTL A","3031092","2024-11-03 20:00","2024","11","03","20:00","","3.8","","-9.6","","37","","","","28","","17","","24.1","","88.55","","","","","","Clear"
"-114.01","51.12","CALGARY INTL A","3031092","2024-11-03 21:00","2024","11","03","21:00","","1.8","","-9.6","","43","","","","32","","8","","24.1","","88.56","","","","","","NA"
"-114.01","51.12","CALGARY INTL A","3031092","2024-11-03 22:00","2024","11","03","22:00","","3.5","","-9.3","","39","","","","29","","22","","24.1","","88.59","","","","","","NA"
"-114.01","51.12","CALGARY INTL A","3031092","2024-11-03 23:00","2024","11","03","23:00","","3.4","","-9.2","","39","","","","30","","17","","24.1","","88.58","","","","","","Mainly Clear"
"-114.01","51.12","CALGARY INTL A","3031092","2024-11-04 00:00","2024","11","04","00:00","","1.2","","-9.3","","45","","","","32","","5","","24.1","","88.60","","","","","","NA"
"-114.01","51.12","CALGARY INTL A","3031092","2024-11-04 01:00","2024","11","04","01:00","","-0.6","","-9.2","","52","","","","35","","5","","24.1","","88.64","","","","-2","","NA"
"-114.01","51.12","CALGARY INTL A","3031092","2024-11-04 02:00","2024","11","04","02:00","","2.6","","-8.9","","42","","","","28","","23","","24.1","","88.60","","","","","","Mainly Clear"
"-114.01","51.12","CALGARY INTL A","3031092","2024-11-04 03:00","2024","11","04","03:00","","0.4","","-9.5","","48","","","","24","","7","","24.1","","88.58","","","","","","NA"
"-114.01","51.12","CALGARY INTL A","3031092","2024-11-04 04:00","2024","11","04","04:00","","-2.2","","-9.3","","59","","","","20","","10","","24.1","","88.52","","","","-6","","NA"
"-114.01","51.12","CALGARY INTL A","3031092","2024-11-04 05:00","2024","11","04","05:00","","-2.7","","-9.6","","59","","","","19","","12","","24.1","","88.46","","","","-7","","Clear"
"-114.01","51.12","CALGARY INTL A","3031092","2024-11-04 06:00","2024","11","04","06:00","","-3.0","","-9.8","","60","","","","20","","14","","24.1","","88.34","","","","-8","","NA"
"-114.01","51.12","CALGARY INTL A","3031092","2024-11-04 07:00","2024","11","04","07:00","","-2.4","","-9.3","","59","","","","20","","11","","24.1","","88.25","","","","-6","","NA"
"-114.01","51.12","CALGARY INTL A","3031092","2024-11-04 08:00","2024","11","04","08:00","","-3.4","","-9.5","","63","","","","19","","10","","64.4","","88.15","","","","-7","","Mainly Clear"
"-114.01","51.12","CALGARY INTL A","3031092","2024-11-04 09:00","2024","11","04","09:00","","-0.3","","-8.8","","53","","","","20","","14","","24.1","","88.02","","","","-5","","NA"
"-114.01","51.12","CALGARY INTL A","3031092","2024-11-04 10:00","2024","11","04","10:00","","0.4","","-8.8","","50","","","","19","","12","","24.1","","87.87","","","","","","NA"
"-114.01","51.12","CALGARY INTL A","3031092","2024-11-04 11:00","2024","11","04","11:00","","1.6","","-9.5","","44","","","","21","","16","","24.1","","87.69","","","","","","Cloudy"
"-114.01","51.12","CALGARY INTL A","3031092","2024-11-04 12:00","2024","11","04","12:00","","2.3","","-8.0","","47","","","","21","","9","","64.4","","87.56","","","","","","NA"
"-114.01","51.12","CALGARY INTL A","3031092","2024-11-04 13:00","2024","11","04","13:00","","2.1","","-7.2","","50","","","","13","","5","","64.4","","87.49","","","","","","NA"
"-114.01","51.12","CALGARY INTL A","3031092","2024-11-04 14:00","2024","11","04","14:00","","3.0","","-6.4","","50","","","","14","","7","","24.1","","87.37","","","","","","Mostly Cloudy"
"-114.01","51.12","CALGARY INTL A","3031092","2024-11-04 15:00","2024","11","04","15:00","","4.2","","-5.5","","49","","","","18","","9","","24.1","","87.26","","","","","","NA"
"-114.01","51.12","CALGARY INTL A","3031092","2024-11-04 16:00","2024","11","04","16:00","","4.2","","-5.4","","50","","","","","","0","","24.1","","87.18","","","","","","NA"
"-114.01","51.12","CALGARY INTL A","3031092","2024-11-04 17:00","2024","11","04","17:00","","4.2","","-5.2","","51","","","","20","","5","","24.1","","87.17","","","","","","Mostly Cloudy"
"-114.01","51.12","CALGARY INTL A","3031092","2024-11-04 18:00","2024","11","04","18:00","","7.1","","-7.2","","36","","","","28","","27","","24.1","","87.18","","","","","","NA"
"-114.01","51.12","CALGARY INTL A","3031092","2024-11-04 19:00","2024","11","04","19:00","","6.3","","-6.8","","39","","","","31","","13","","24.1","","87.23","","","","","","NA"
"-114.01","51.12","CALGARY INTL A","3031092","2024-11-04 20:00","2024","11","04","20:00","","5.9","","-6.5","","41","","","","34","","13","","24.1","","87.28","","","","","","Cloudy"
"-114.01","51.12","CALGARY INTL A","3031092","2024-11-04 21:00","2024","11","04","21:00","","4.4","","-3.2","","58","","","","35","","26","","24.1","","87.37","","","","","","NA"
"-114.01","51.12","CALGARY INTL A","3031092","2024-11-04 22:00","2024","11","04","22:00","","3.2","","-1.8","","70","","","","35","","30","","9.7","","87.46","","","","","","Fog"
"-114.01","51.12","CALGARY INTL A","3031092","2024-11-04 23:00","2024","11","04","23:00","","1.4","","0.2","","91","","","","34","","15","","6.4","","87.54","","","","","","Rain,Fog"
"-114.01","51.12","CALGARY INTL A","3031092","2024-11-05 00:00","2024","11","05","00:00","","1.2","","0.2","","93","","","","30","","12","","8.1","","87.58","","","","","","Fog"
"-114.01","51.12","CALGARY INTL A","3031092","2024-11-05 01:00","2024","11","05","01:00","","1.4","","0.4","","93","","","","32","","13","","6.4","","87.67","","","","","","Snow,Fog"
"-114.01","51.12","CALGARY INTL A","3031092","2024-11-05 02:00","2024","11","05","02:00","","1.5","","0.5","","93","","","","32","","23","","6.4","","87.70","","","","","","Snow,Fog"
"-114.01","51.12","CALGARY INTL A","3031092","2024-11-05 03:00","2024","11","05","03:00","","1.4","","0.5","","94","","","","32","","23","","6.4","","87.80","","","","","","Snow,Fog"
"-114.01","51.12","CALGARY INTL A","3031092","2024-11-05 04:00","2024","11","05","04:00","","0.6","","0.2","","97","","","","33","","17","","6.4","","87.90","","","","","","Snow,Fog"
"-114.01","51.12","CALGARY INTL A","3031092","2024-11-05 05:00","2024","11","05","05:00","","0.8","","-0.2","","94","","","","34","","34","","3.2","","88.04","","","","","","Snow,Fog"
"-114.01","51.12","CALGARY INTL A","3031092","2024-11-05 06:00","2024","11","05","06:00","","0.2","","-0.5","","95","","","","35","","35","","2.4","","88.21","","","","","","Snow,Fog"
"-114.01","51.12","CALGARY INTL A","3031092","2024-11-05 07:00","2024","11","05","07:00","","-0.3","","-1.2","","94","","","","35","","33","","2.4","","88.40","","","","-7","","Snow,Fog"
"-114.01","51.12","CALGARY INTL A","3031092","2024-11-05 08:00","2024","11","05","08:00","","-0.5","","-1.7","","91","","","","34","","36","","3.2","","88.56","","","","-8","","Snow,Fog"
"-114.01","51.12","CALGARY INTL A","3031092","2024-11-05 09:00","2024","11","05","09:00","","-0.4","","-1.6","","92","","","","35","","29","","2.4","","88.71","","","","-7","","Snow,Fog"
"-114.01","51.12","CALGARY INTL A","3031092","2024-11-05 10:00","2024","11","05","10:00","","0.0","","-1.6","","90","","","","34","","32","","4.8","","88.84","","","","-7","","Snow,Fog"
"-114.01","51.12","CALGARY INTL A","3031092","2024-11-05 11:00","2024","11","05","11:00","","0.2","","-1.7","","87","","","","35","","30","","8.1","","88.96","","","","","","Snow,Fog"
"-114.01","51.12","CALGARY INTL A","3031092","2024-11-05 12:00","2024","11","05","12:00","","0.3","","-1.2","","89","","","","34","","27","","4.8","","89.06","","","","","","Snow,Fog"
"-114.01","51.12","CALGARY INTL A","3031092","2024-11-05 13:00","2024","11","05","13:00","","1.1","","-1.8","","81","","","","35","","37","","9.7","","89.11","","","","","","Snow"
"-114.01","51.12","CALGARY INTL A","3031092","2024-11-05 14:00","2024","11","05","14:00","","0.9","","-1.9","","82","","","","34","","30","","24.1","","89.18","","","","","","Mostly Cloudy"
"-114.01","51.12","CALGARY INTL A","3031092","2024-11-05 15:00","2024","11","05","15:00","","0.4","","-3.5","","75","","","","35","","31","","24.1","","89.28","","","","","","NA"
"-114.01","51.12","CALGARY INTL A","3031092","2024-11-05 16:00","2024","11","05","16:00","","0.2","","-4.2","","72","","","","33","","24","","24.1","","89.38","","","","","","NA"
"-114.01","51.12","CALGARY INTL A","3031092","2024-11-05 17:00","2024","11","05","17:00","","-0.9","","-4.7","","76","","","","34","","20","","24.1","","89.43","","","","-6","","Mainly Clear"
"-114.01","51.12","CALGARY INTL A","3031092","2024-11-05 18:00","2024","11","05","18:00","","-2.3","","-5.5","","79","","","","35","","12","","24.1","","89.52","","","","-7","","NA"
"-114.01","51.12","CALGARY INTL A","3031092","2024-11-05 19:00","2024","11","05","19:00","","-2.3","","-6.3","","74","","","","35","","15","","24.1","","89.56","","","","-7","","NA"
"-114.01","51.12","CALGARY INTL A","3031092","2024-11-05 20:00","2024","11","05","20:00","","-2.7","","-6.6","","74","","","","30","","13","","24.1","","89.63","","","","-7","","Mainly Clear"
"-114.01","51.12","CALGARY INTL A","3031092","2024-11-05 21:00","2024","11","05","21:00","","-2.6","","-7.6","","68","","","","33","","9","","24.1","","89.60","","","","-6","","NA"
"-114.01","51.12","CALGARY INTL A","3031092","2024-11-05 22:00","2024","11","05","22:00","","-2.6","","-7.5","","69","","","","23","","9","","24.1","","89.65","","","","-6","","NA"
"-114.01","51.12","CALGARY INTL A","3031092","2024-11-05 23:00","2024","11","05","23:00","","-4.8","","-8.0","","79","","","","19","","8","","24.1","","89.58","","","","-8","","Clear"
"-114.01","51.12","CALGARY INTL A","3031092","2024-11-06 00:00","2024","11","06","00:00","","-5.3","","-8.3","","80","","","","19","","10","","24.1","","89.57","","","","-10","","NA"
"-114.01","51.12","CALGARY INTL A","3031092","2024-11-06 01:00","2024","11","06","01:00","","-5.8","","-8.2","","83","","","","19","","10","","24.1","","89.51","","","","-10","","NA"
"-114.01","51.12","CALGARY INTL A","3031092","2024-11-06 02:00","2024","11","06","02:00","","-5.0","","-7.9","","80","","","","21","","8","","24.1","","89.42","","","","-9","","Clear"
"-114.01","51.12","CALGARY INTL A","3031092","2024-11-06 03:00","2024","11","06","03:00","","-5.1","","-7.3","","84","","","","21","","8","","24.1","","89.30","","","","-9","","NA"
"-114.01","51.12","CALGARY INTL A","3031092","2024-11-06 04:00","2024","11","06","04:00","","-4.7","","-7.4","","81","","","","17","","5","","24.1","","89.22","","","","-7","","NA"
"-114.01","51.12","CALGARY INTL A","3031092","2024-11-06 05:00","2024","11","06","05:00","","-4.5","","-7.6","","79","","","","20","","11","","24.1","","89.10","","","","-9","","Mostly Cloudy"
"-114.01","51.12","CALGARY INTL A","3031092","2024-11-06 06:00","2024","11","06","06:00","","-5.2","","-8.3","","79","","","","20","","8","","24.1","","89.06","","","","-9","","NA"
"-114.01","51.12","CALGARY INTL A","3031092","2024-11-06 07:00","2024","11","06","07:00","","-4.6","","-7.4","","81","","","","21","","9","","32.2","","89.00","","","","-8","","NA"
"-114.01","51.12","CALGARY INTL A","3031092","2024-11-06 08:00","2024","11","06","08:00","","-4.2","","-6.9","","82","","","","20","","9","","64.4","","89.02","","","","-8","","Mostly Cloudy"
"-114.01","51.12","CALGARY INTL A","3031092","2024-11-06 09:00","2024","11","06","09:00","","-2.7","","-6.5","","75","","","","20","","10","","64.4","","89.02","","","","-7","","NA"
"-114.01","51.12","CALGARY INTL A","3031092","2024-11-06 10:00","2024","11","06","10:00","","0.5","","-6.1","","61","","","","20","","14","","64.4","","89.02","","","","","","NA"
"-114.01","51.12","CALGARY INTL A","3031092","2024-11-06 11:00","2024","11","06","11:00","","4.1","","-4.1","","55","","","","17","","12","","64.4","","88.97","","","","","","Mostly Cloudy"
"-114.01","51.12","CALGARY INTL A","3031092","2024-11-06 12:00","2024","11","06","12:00","","7.0","","-3.6","","46","","","","22","","10","","64.4","","88.95","","","","","","NA"
"-114.01","51.12","CALGARY INTL A","3031092","2024-11-06 13:00","2024","11","06","13:00","","8.9","","-3.2","","42","","","","22","","12","","64.4","","88.91","","","","","","NA"
"-114.01","51.12","CALGARY INTL A","3031092","2024-11-06 14:00","2024","11","06","14:00","","11.3","","-2.1","","39","","","","23","","14","","64.4","","88.91","","","","","","Clear"
"-114.01","51.12","CALGARY INTL A","3031092","2024-11-06 15:00","2024","11","06","15:00","","12.5","","-0.9","","39","","","","22","","7","","64.4","","88.89","","","","","","NA"
"-114.01","51.12","CALGARY INTL A","3031092","2024-11-06 16:00","2024","11","06","16:00","","12.3","","-1.5","","38","","","","23","","11","","48.3","","88.88","","","","","","NA"
"-114.01","51.12","CALGARY INTL A","3031092","2024-11-06 17:00","2024","11","06","17:00","","9.7","","-2.2","","43","","","","21","","10","","48.3","","88.86","","","","","","Clear"
"-114.01","51.12","CALGARY INTL A","3031092","2024-11-06 18:00","2024","11","06","18:00","","8.6","","-2.7","","45","","","","20","","4","","24.1","","88.83","","","","","","NA"
"-114.01","51.12","CALGARY INTL A","3031092","2024-11-06 19:00","2024","11","06","19:00","","9.2","","-3.7","","40","","","","27","","12","","24.1","","88.85","","","","","","NA"
"-114.01","51.12","CALGARY INTL A","3031092","2024-11-06 20:00","2024","11","06","20:00","","8.8","","-3.3","","42","","","","25","","12","","24.1","","88.81","","","","","","Clear"
"-114.01","51.12","CALGARY INTL A","3031092","2024-11-06 21:00","2024","11","06","21:00","","7.6","","-3.3","","46","","","","","","0","","24.1","","88.75","","","","","","NA"
"-114.01","51.12","CALGARY INTL A","3031092","2024-11-06 22:00","2024","11","06","22:00","","9.2","","-2.6","","43","","","","22","","13","","24.1","","88.68","","","","","","NA"
"-114.01","51.12","CALGARY INTL A","3031092","2024-11-06 23:00","2024","11","06","23:00","","8.2","","-1.8","","49","","","","31","","4","","24.1","","88.70","","","","","","Clear"
"-114.01","51.12","CALGARY INTL A","3031092","2024-11-07 00:00","2024","11","07","00:00","","11.5","","-1.9","","39","","","","28","","39","","24.1","","88.68","","","","","","NA"
"-114.01","51.12","CALGARY INTL A","3031092","2024-11-07 01:00","2024","11","07","01:00","","12.2","","-1.5","","39","","","","27","","37","","24.1","","88.73","","","","","","NA"
"-114.01","51.12","CALGARY INTL A","3031092","2024-11-07 02:00","2024","11","07","02:00","","12.2","","-1.2","","39","","","","27","","34","","24.1","","88.73","","","","","","Mostly Cloudy"
"-114.01","51.12","CALGARY INTL A","3031092","2024-11-07 03:00","2024","11","07","03:00","","12.2","","-1.1","","39","","","","28","","50","","24.1","","88.72","","","","","","NA"
"-114.01","51.12","CALGARY INTL A","3031092","2024-11-07 04:00","2024","11","07","04:00","","12.2","","-0.9","","40","","","","28","","45","","24.1","","88.73","","","","","","NA"
"-114.01","51.12","CALGARY INTL A","3031092","2024-11-07 05:00","2024","11","07","05:00","","12.5","","-0.9","","39","","","","28","","39","","24.1","","88.73","","","","","","Mostly Cloudy"
"-114.01","51.12","CALGARY INTL A","3031092","2024-11-07 06:00","2024","11","07","06:00","","11.8","","-1.2","","41","","","","28","","26","","24.1","","88.78","","","","","","NA"
"-114.01","51.12","CALGARY INTL A","3031092","2024-11-07 07:00","2024","11","07","07:00","","11.5","","-1.3","","41","","","","29","","27","","24.1","","88.86","","","","","","NA"
"-114.01","51.12","CALGARY INTL A","3031092","2024-11-07 08:00","2024","11","07","08:00","","10.8","","-1.2","","43","","","","33","","13","","64.4","","88.97","","","","","","Mainly Clear"
"-114.01","51.12","CALGARY INTL A","3031092","2024-11-07 09:00","2024","11","07","09:00","","12.3","","-1.0","","40","","","","30","","9","","64.4","","89.06","","","","","","NA"
"-114.01","51.12","CALGARY INTL A","3031092","2024-11-07 10:00","2024","11","07","10:00","","13.8","","-0.9","","36","","","","17","","3","","64.4","","89.10","","","","","","NA"
"-114.01","51.12","CALGARY INTL A","3031092","2024-11-07 11:00","2024","11","07","11:00","","15.2","","-0.4","","34","","","","20","","5","","48.3","","89.13","","","","","","Mainly Clear"
"-114.01","51.12","CALGARY INTL A","3031092","2024-11-07 12:00","2024","11","07","12:00","","15.5","","-0.1","","34","","","","24","","8","","48.3","","89.14","","","","","","NA"
"-114.01","51.12","CALGARY INTL A","3031092","2024-11-07 13:00","2024","11","07","13:00","","17.3","","0.3","","31","","","","13","","7","","48.3","","89.15","","","","","","NA"
"-114.01","51.12","CALGARY INTL A","3031092","2024-11-07 14:00","2024","11","07","14:00","","16.1","","2.6","","40","","","","14","","16","","48.3","","89.14","","","","","","Mostly Cloudy"
"-114.01","51.12","CALGARY INTL A","3031092","2024-11-07 15:00","2024","11","07","15:00","","14.4","","2.2","","44","","","","17","","20","","48.3","","89.12","","","","","","NA"
"-114.01","51.12","CALGARY INTL A","3031092","2024-11-07 16:00","2024","11","07","16:00","","12.5","","1.5","","47","","","","17","","12","","32.2","","89.10","","","","","","NA"
"-114.01","51.12","CALGARY INTL A","3031092","2024-11-07 17:00","2024","11","07","17:00","","10.5","","1.8","","54","","","","19","","14","","32.2","","89.05","","","","","","Mostly Cloudy"
"-114.01","51.12","CALGARY INTL A","3031092","2024-11-07 18:00","2024","11","07","18:00","","11.6","","1.5","","50","","","","21","","9","","24.1","","89.04","","","","","","NA"
"-114.01","51.12","CALGARY INTL A","3031092","2024-11-07 19:00","2024","11","07","19:00","","10.2","","1.0","","53","","","","","","0","","24.1","","89.03","","","","","","NA"
"-114.01","51.12","CALGARY INTL A","3031092","2024-11-07 20:00","2024","11","07","20:00","","10.7","","-0.3","","46","","","","21","","3","","24.1","","89.04","","","","","","Clear"
"-114.01","51.12","CALGARY INTL A","3031092","2024-11-07 21:00","2024","11","07","21:00","","9.3","","-0.5","","50","","","","17","","6","","24.1","","89.03","","","","","","NA"
"-114.01","51.12","CALGARY INTL A","3031092","2024-11-07 22:00","2024","11","07","22:00","","12.0","","-0.5","","42","","","","28","","28","","24.1","","89.06","","","","","","NA"
"-114.01","51.12","CALGARY INTL A","3031092","2024-11-07 23:00","2024","11","07","23:00","","12.3","","-0.4","","41","","","","28","","23","","24.1","","89.05","","","","","","Clear"
"-114.01","51.12","CALGARY INTL A","3031092","2024-11-08 00:00","2024","11","08","00:00","","12.5","","0.0","","42","","","","27","","23","","24.1","","89.01","","","","","","NA"
"-114.01","51.12","CALGARY INTL A","3031092","2024-11-08 01:00","2024","11","08","01:00","","8.2","","-0.5","","54","","","","19","","9","","24.1","","88.97","","","","","","NA"
"-114.01","51.12","CALGARY INTL A","3031092","2024-11-08 02:00","2024","11","08","02:00","","6.2","","-0.4","","63","","","","16","","14","","24.1","","88.91","","","","","","Clear"
"-114.01","51.12","CALGARY INTL A","3031092","2024-11-08 03:00","2024","11","08","03:00","","11.8","","0.2","","45","","","","26","","14","","24.1","","88.86","","","","","","NA"
"-114.01","51.12","CALGARY INTL A","3031092","2024-11-08 04:00","2024","11","08","04:00","","9.3","","-0.6","","50","","","","23","","8","","24.1","","88.82","","","","","","NA"
"-114.01","51.12","CALGARY INTL A","3031092","2024-11-08 05:00","2024","11","08","05:00","","9.9","","-0.5","","48","","","","23","","12","","24.1","","88.77","","","","","","Clear"
"-114.01","51.12","CALGARY INTL A","3031092","2024-11-08 06:00","2024","11","08","06:00","","5.9","","-0.8","","62","","","","21","","9","","24.1","","88.71","","","","","","NA"
"-114.01","51.12","CALGARY INTL A","3031092","2024-11-08 07:00","2024","11","08","07:00","","6.1","","-0.6","","62","","","","21","","11","","32.2","","88.67","","","","","","NA"
"-114.01","51.12","CALGARY INTL A","3031092","2024-11-08 08:00","2024","11","08","08:00","","7.7","","-0.1","","58","","","","22","","10","","64.4","","88.67","","","","","","Mostly Cloudy"
"-114.01","51.12","CALGARY INTL A","3031092","2024-11-08 09:00","2024","11","08","09:00","","11.9","","-1.5","","39","","","","22","","13","","64.4","","88.66","","","","","","NA"
"-114.01","51.12","CALGARY INTL A","3031092","2024-11-08 10:00","2024","11","08","10:00","","12.9","","-2.2","","35","","","","25","","7","","64.4","","88.65","","","","","","NA"
"-114.01","51.12","CALGARY INTL A","3031092","2024-11-08 11:00","2024","11","08","11:00","","13.4","","-2.4","","33","","","","21","","4","","64.4","","88.59","","","","","","Mostly Cloudy"
"-114.01","51.12","CALGARY INTL A","3031092","2024-11-08 12:00","2024","11","08","12:00","","14.0","","-2.5","","32","","","","23","","17","","64.4","","88.58","","","","","","NA"
"-114.01","51.12","CALGARY INTL A","3031092","2024-11-08 13:00","2024","11","08","13:00","","14.9","","-3.4","","28","","","","26","","14","","64.4","","88.52","","","","","","NA"
"-114.01","51.12","CALGARY INTL A","3031092","2024-11-08 14:00","2024","11","08","14:00","","16.9","","-3.9","","24","","","","28","","18","","48.3","","88.52","","","","","","Mostly Cloudy"
"-114.01","51.12","CALGARY INTL A","3031092","2024-11-08 15:00","2024","11","08","15:00","","17.5","","-3.6","","23","","","","25","","15","","48.3","","88.50","","","","","","NA"
"-114.01","51.12","CALGARY INTL A","3031092","2024-11-08 16:00","2024","11","08","16:00","","17.9","","-4.0","","22","","","","28","","15","","32.2","","88.48","","","","","","NA"
"-114.01","51.12","CALGARY INTL A","3031092","2024-11-08 17:00","2024","11","08","17:00","","16.6","","-3.3","","25","","","","28","","27","","32.2","","88.47","","","","","","Mostly Cloudy"
"-114.01","51.12","CALGARY INTL A","3031092","2024-11-08 18:00","2024","11","08","18:00","","14.4","","-2.7","","31","","","","28","","13","","24.1","","88.45","","","","","","NA"
"-114.01","51.12","CALGARY INTL A","3031092","2024-11-08 19:00","2024","11","08","19:00","","14.6","","-2.2","","31","","","","30","","20","","24.1","","88.43","","","","","","NA"
"-114.01","51.12","CALGARY INTL A","3031092","2024-11-08 20:00","2024","11","08","20:00","","10.7","","-2.2","","41","","","","9","","5","","24.1","","88.42","","","","","","Cloudy"
"-114.01","51.12","CALGARY INTL A","3031092","2024-11-08 21:00","2024","11","08","21:00","","10.2","","-2.0","","42","","","","20","","4","","24.1","","88.42","","","","","","NA"
"-114.01","51.12","CALGARY INTL A","3031092","2024-11-08 22:00","2024","11","08","22:00","","8.0","","-1.5","","51","","","","22","","5","","24.1","","88.37","","","","","","NA"
"-114.01","51.12","CALGARY INTL A","3031092","2024-11-08 23:00","2024","11","08","23:00","","7.7","","-1.4","","53","","","","","","0","","24.1","","88.41","","","","","","Mostly Cloudy"
"-114.01","51.12","CALGARY INTL A","3031092","2024-11-09 00:00","2024","11","09","00:00","","6.7","","-1.0","","58","","","","22","","6","","24.1","","88.41","","","","","","NA"
"-114.01","51.12","CALGARY INTL A","3031092","2024-11-09 01:00","2024","11","09","01:00","","13.2","","-0.9","","38","","","","28","","24","","24.1","","88.43","","","","","","NA"
"-114.01","51.12","CALGARY INTL A","3031092","2024-11-09 02:00","2024","11","09","02:00","","5.2","","2.4","","82","","","","36","","28","","16.1","","88.67","","","","","","Mostly Cloudy"
"-114.01","51.12","CALGARY INTL A","3031092","2024-11-09 03:00","2024","11","09","03:00","","4.5","","2.7","","88","","","","36","","20","","12.9","","88.73","","","","","","NA"
"-114.01","51.12","CALGARY INTL A","3031092","2024-11-09 04:00","2024","11","09","04:00","","3.5","","-0.5","","75","","","","36","","23","","16.1","","88.79","","","","","","NA"
"-114.01","51.12","CALGARY INTL A","3031092","2024-11-09 05:00","2024","11","09","05:00","","3.4","","-0.9","","74","","","","36","","22","","16.1","","88.83","","","","","","Mostly Cloudy"
"-114.01","51.12","CALGARY INTL A","3031092","2024-11-09 06:00","2024","11","09","06:00","","3.5","","-0.6","","74","","","","1","","16","","16.1","","88.87","","","","","","NA"
"-114.01","51.12","CALGARY INTL A","3031092","2024-11-09 07:00","2024","11","09","07:00","","3.4","","-1.0","","73","","","","35","","5","","16.1","","88.85","","","","","","NA"
"-114.01","51.12","CALGARY INTL A","3031092","2024-11-09 08:00","2024","11","09","08:00","","3.3","","-1.6","","70","","","","1","","7","","24.1","","88.87","","","","","","Cloudy"
"-114.01","51.12","CALGARY INTL A","3031092","2024-11-09 09:00","2024","11","09","09:00","","3.6","","-1.8","","68","","","","4","","4","","24.1","","88.89","","","","","","NA"
"-114.01","51.12","CALGARY INTL A","3031092","2024-11-09 10:00","2024","11","09","10:00","","4.0","","-1.5","","67","","","","","","0","","24.1","","88.88","","","","","","NA"
"-114.01","51.12","CALGARY INTL A","3031092","2024-11-09 11:00","2024","11","09","11:00","","4.4","","-2.3","","61","","","","12","","12","","24.1","","88.81","","","","","","Cloudy"
"-114.01","51.12","CALGARY INTL A","3031092","2024-11-09 12:00","2024","11","09","12:00","","4.6","","-1.5","","65","","","","15","","13","","24.1","","88.75","","","","","","NA"
"-114.01","51.12","CALGARY INTL A","3031092","2024-11-09 13:00","2024","11","09","13:00","","4.7","","-1.1","","66","","","","15","","14","","24.1","","88.68","","","","","","NA"
"-114.01","51.12","CALGARY INTL A","3031092","2024-11-09 14:00","2024","11","09","14:00","","6.1","","-0.6","","62","","","","15","","12","","24.1","","88.58","","","","","","Mostly Cloudy"
"-114.01","51.12","CALGARY INTL A","3031092","2024-11-09 15:00","2024","11","09","15:00","","5.6","","-0.9","","63","","","","13","","17","","24.1","","88.52","","","","","","NA"
"-114.01","51.12","CALGARY INTL A","3031092","2024-11-09 16:00","2024","11","09","16:00","","5.0","","-1.2","","64","","","","11","","18","","24.1","","88.49","","","","","","NA"
"-114.01","51.12","CALGARY INTL A","3031092","2024-11-09 17:00","2024","11","09","17:00","","4.5","","-1.0","","68","","","","11","","15","","24.1","","88.52","","","","","","Cloudy"
"-114.01","51.12","CALGARY INTL A","3031092","2024-11-09 18:00","2024","11","09","18:00","","2.7","","-0.7","","78","","","","9","","13","","24.1","","88.53","","","","","","NA"
"-114.01","51.12","CALGARY INTL A","3031092","2024-11-09 19:00","2024","11","09","19:00","","1.6","","-0.7","","84","","","","11","","12","","24.1","","88.52","","","","","","NA"
"-114.01","51.12","CALGARY INTL A","3031092","2024-11-09 20:00","2024","11","09","20:00","","1.1","","-0.8","","88","","","","14","","3","","16.1","","88.51","","","","","","Mostly Cloudy"
"-114.01","51.12","CALGARY INTL A","3031092","2024-11-09 21:00","2024","11","09","21:00","","0.5","","-0.4","","93","","","","12","","12","","16.1","","88.47","","","","","","NA"
"-114.01","51.12","CALGARY INTL A","3031092","2024-11-09 22:00","2024","11","09","22:00","","-0.5","","-1.2","","94","","","","13","","8","","16.1","","88.45","","","","-3","","NA"
"-114.01","51.12","CALGARY INTL A","3031092","2024-11-09 23:00","2024","11","09","23:00","","-0.1","","-0.8","","95","","","","8","","5","","16.1","","88.48","","","","-2","","Cloudy"
"-114.01","51.12","CALGARY INTL A","3031092","2024-11-10 00:00","2024","11","10","00:00","","0.2","","-0.4","","95","","","","3","","5","","12.9","","88.47","","","","","","NA"
"-114.01","51.12","CALGARY INTL A","3031092","2024-11-10 01:00","2024","11","10","01:00","","0.7","","-0.2","","94","","","","6","","5","","12.9","","88.52","","","","","","NA"
"-114.01","51.12","CALGARY INTL A","3031092","2024-11-10 02:00","2024","11","10","02:00","","1.0","","0.0","","93","","","","35","","14","","9.7","","88.66","","","","","","Fog"
"-114.01","51.12","CALGARY INTL A","3031092","2024-11-10 03:00","2024","11","10","03:00","","1.1","","0.3","","95","","","","32","","10","","8.1","","88.75","","","","","","Fog"
"-114.01","51.12","CALGARY INTL A","3031092","2024-11-10 04:00","2024","11","10","04:00","","0.2","","-1.0","","91","","","","31","","9","","16.1","","88.72","","","","","","NA"
"-114.01","51.12","CALGARY INTL A","3031092","2024-11-10 05:00","2024","11","10","05:00","","-0.7","","-1.5","","94","","","","36","","13","","12.9","","88.79","","","","-5","","Mainly Clear"
"-114.01","51.12","CALGARY INTL A","3031092","2024-11-10 06:00","2024","11","10","06:00","","0.2","","-1.0","","92","","","","36","","18","","12.9","","88.84","","","","","","NA"
"-114.01","51.12","CALGARY INTL A","3031092","2024-11-10 07:00","2024","11","10","07:00","","0.3","","-1.3","","89","","","","34","","14","","12.9","","88.93","","","","","","NA"
"-114.01","51.12","CALGARY INTL A","3031092","2024-11-10 08:00","2024","11","10","08:00","","0.4","","-1.4","","88","","","","33","","6","","14.5","","88.98","","","","","","Cloudy"
"-114.01","51.12","CALGARY INTL A","3031092","2024-11-10 09:00","2024","11","10","09:00","","0.7","","-1.6","","85","","","","27","","5","","14.5","","89.03","","","","","","NA"
"-114.01","51.12","CALGARY INTL A","3031092","2024-11-10 10:00","2024","11","10","10:00","","0.8","","-1.9","","82","","","","30","","7","","14.5","","89.07","","","","","","NA"
"-114.01","51.12","CALGARY INTL A","3031092","2024-11-10 11:00","2024","11","10","11:00","","1.8","","-1.2","","80","","","","18","","10","","14.5","","89.06","","","","","","Mostly Cloudy"
"-114.01","51.12","CALGARY INTL A","3031092","2024-11-10 12:00","2024","11","10","12:00","","2.1","","-1.0","","80","","","","15","","9","","14.5","","89.04","","","","","","NA"
"-114.01","51.12","CALGARY INTL A","3031092","2024-11-10 13:00","2024","11","10","13:00","","3.6","","-1.2","","71","","","","20","","14","","24.1","","88.95","","","","","","NA"
"-114.01","51.12","CALGARY INTL A","3031092","2024-11-10 14:00","2024","11","10","14:00","","4.1","","-1.0","","69","","","","18","","19","","24.1","","88.90","","","","","","Mostly Cloudy"
"-114.01","51.12","CALGARY INTL A","3031092","2024-11-10 15:00","2024","11","10","15:00","","4.0","","-1.6","","67","","","","18","","26","","24.1","","88.85","","","","","","NA"
"-114.01","51.12","CALGARY INTL A","3031092","2024-11-10 16:00","2024","11","10","16:00","","2.4","","-1.9","","73","","","","18","","23","","24.1","","88.82","","","","","","NA"
"-114.01","51.12","CALGARY INTL A","3031092","2024-11-10 17:00","2024","11","10","17:00","","0.9","","-1.4","","84","","","","16","","20","","24.1","","88.77","","","","","","Mainly Clear"
"-114.01","51.12","CALGARY INTL A","3031092","2024-11-10 18:00","2024","11","10","18:00","","0.9","","-1.0","","87","","","","16","","20","","24.1","","88.71","","","","","","NA"
"-114.01","51.12","CALGARY INTL A","3031092","2024-11-10 19:00","2024","11","10","19:00","","1.1","","-0.5","","89","","","","17","","28","","19.3","","88.64","","","","","","NA"
"-114.01","51.12","CALGARY INTL A","3031092","2024-11-10 20:00","2024","11","10","20:00","","0.9","","-0.3","","92","","","","17","","32","","8.1","","88.58","","","","","","Fog"
"-114.01","51.12","CALGARY INTL A","3031092","2024-11-10 21:00","2024","11","10","21:00","","0.5","","0.0","","97","","","","18","","29","","2.0","","88.48","","","","","","Fog"
"-114.01","51.12","CALGARY INTL A","3031092","2024-11-10 22:00","2024","11","10","22:00","","0.4","","0.2","","98","","","","17","","17","","2.0","","88.42","","","","","","Fog"
"-114.01","51.12","CALGARY INTL A","3031092","2024-11-10 23:00","2024","11","10","23:00","","0.3","","-0.1","","97","","","","20","","10","","2.0","","88.38","","","","","","Fog"
"-114.01","51.12","CALGARY INTL A","3031092","2024-11-11 00:00","2024","11","11","00:00","","-0.5","","-0.9","","97","","","","19","","12","","4.0","","88.29","","","","-4","","Fog"
"-114.01","51.12","CALGARY INTL A","3031092","2024-11-11 01:00","2024","11","11","01:00","","-0.9","","-1.3","","97","","","","19","","9","","4.0","","88.22","","","","-4","","Fog"
"-114.01","51.12","CALGARY INTL A","3031092","2024-11-11 02:00","2024","11","11","02:00","","-1.1","","-1.3","","99","","","","18","","8","","1.6","","88.10","","","","-4","","Fog"
"-114.01","51.12","CALGARY INTL A","3031092","2024-11-11 03:00","2024","11","11","03:00","","-1.3","","-1.4","","100","","","","20","","13","","1.6","","88.01","","","","-6","","Fog"
"-114.01","51.12","CALGARY INTL A","3031092","2024-11-11 04:00","2024","11","11","04:00","","-1.6","","-1.9","","98","","","","17","","7","","2.0","","87.90","","","","-4","","Fog"
"-114.01","51.12","CALGARY INTL A","3031092","2024-11-11 05:00","2024","11","11","05:00","","-1.4","","-1.7","","98","","","","22","","8","","3.2","","87.84","","","","-4","","Fog"
"-114.01","51.12","CALGARY INTL A","3031092","2024-11-11 06:00","2024","11","11","06:00","","-1.6","","-2.2","","95","","","","18","","7","","16.1","","87.76","","","","-4","","NA"
"-114.01","51.12","CALGARY INTL A","3031092","2024-11-11 07:00","2024","11","11","07:00","","0.0","","-2.0","","87","","","","22","","14","","24.1","","87.68","","","","-4","","NA"
"-114.01","51.12","CALGARY INTL A","3031092","2024-11-11 08:00","2024","11","11","08:00","","1.7","","-2.0","","77","","","","23","","14","","64.4","","87.62","","","","","","Cloudy"
"-114.01","51.12","CALGARY INTL A","3031092","2024-11-11 09:00","2024","11","11","09:00","","1.0","","-1.3","","85","","","","18","","10","","64.4","","87.53","","","","","","NA"
"-114.01","51.12","CALGARY INTL A","3031092","2024-11-11 10:00","2024","11","11","10:00","","3.2","","-0.8","","75","","","","18","","5","","64.4","","87.48","","","","","","NA"
"-114.01","51.12","CALGARY INTL A","3031092","2024-11-11 11:00","2024","11","11","11:00","","5.2","","-0.5","","67","","","","17","","6","","64.4","","87.35","","","","","","Mostly Cloudy"
"-114.01","51.12","CALGARY INTL A","3031092","2024-11-11 12:00","2024","11","11","12:00","","9.6","","1.3","","56","","","","23","","7","","64.4","","87.27","","","","","","NA"
"-114.01","51.12","CALGARY INTL A","3031092","2024-11-11 13:00","2024","11","11","13:00","","12.5","","2.0","","48","","","","16","","20","","48.3","","87.11","","","","","","NA"
"-114.01","51.12","CALGARY INTL A","3031092","2024-11-11 14:00","2024","11","11","14:00","","13.4","","-0.5","","38","","","","19","","30","","48.3","","87.02","","","","","","Cloudy"
"-114.01","51.12","CALGARY INTL A","3031092","2024-11-11 15:00","2024","11","11","15:00","","12.9","","-1.5","","37","","","","19","","18","","32.2","","86.99","","","","","","NA"
"-114.01","51.12","CALGARY INTL A","3031092","2024-11-11 16:00","2024","11","11","16:00","","13.2","","-1.8","","35","","","","18","","24","","24.1","","86.91","","","","","","NA"
"-114.01","51.12","CALGARY INTL A","3031092","2024-11-11 17:00","2024","11","11","17:00","","11.0","","-1.9","","40","","","","19","","22","","32.2","","86.93","","","","","","Mostly Cloudy"
"-114.01","51.12","CALGARY INTL A","3031092","2024-11-11 18:00","2024","11","11","18:00","","11.2","","-3.0","","37","","","","22","","19","","24.1","","86.98","","","","","","NA"
"-114.01","51.12","CALGARY INTL A","3031092","2024-11-11 19:00","2024","11","11","19:00","","8.6","","-3.2","","43","","","","17","","10","","24.1","","87.04","","","","","","NA"
"-114.01","51.12","CALGARY INTL A","3031092","2024-11-11 20:00","2024","11","11","20:00","","6.5","","-3.2","","50","","","","18","","12","","24.1","","87.02","","","","","","Mostly Cloudy"
"-114.01","51.12","CALGARY INTL A","3031092","2024-11-11 21:00","2024","11","11","21:00","","8.5","","-3.0","","44","","","","21","","18","","24.1","","87.02","","","","","","NA"
"-114.01","51.12","CALGARY INTL A","3031092","2024-11-11 22:00","2024","11","11","22:00","","7.8","","-2.8","","47","","","","24","","15","","24.1","","87.14","","","","","","NA"
"-114.01","51.12","CALGARY INTL A","3031092","2024-11-11 23:00","2024","11","11","23:00","","7.4","","-3.1","","47","","","","27","","31","","24.1","","87.25","","","","","","Mostly Cloudy"
"-114.01","51.12","CALGARY INTL A","3031092","2024-11-12 00:00","2024","11","12","00:00","","7.2","","-5.2","","41","","","","27","","21","","24.1","","87.30","","","","","","NA"
"-114.01","51.12","CALGARY INTL A","3031092","2024-11-12 01:00","2024","11","12","01:00","","6.7","","-4.2","","46","","","","24","","10","","24.1","","87.35","","","","","","NA"
"-114.01","51.12","CALGARY INTL A","3031092","2024-11-12 02:00","2024","11","12","02:00","","5.2","","-4.3","","50","","","","4","","3","","24.1","","87.43","","","","","","Mostly Cloudy"
"-114.01","51.12","CALGARY INTL A","3031092","2024-11-12 03:00","2024","11","12","03:00","","5.8","","-7.5","","38","","","","26","","12","","24.1","","87.47","","","","","","NA"
"-114.01","51.12","CALGARY INTL A","3031092","2024-11-12 04:00","2024","11","12","04:00","","2.9","","-8.3","","44","","","","32","","9","","24.1","","87.54","","","","","","NA"
"-114.01","51.12","CALGARY INTL A","3031092","2024-11-12 05:00","2024","11","12","05:00","","4.7","","-7.9","","40","","","","33","","18","","24.1","","87.64","","","","","","Clear"
"-114.01","51.12","CALGARY INTL A","3031092","2024-11-12 06:00","2024","11","12","06:00","","2.1","","-8.0","","47","","","","36","","9","","24.1","","87.74","","","","","","NA"
"-114.01","51.12","CALGARY INTL A","3031092","2024-11-12 07:00","2024","11","12","07:00","","3.5","","-8.3","","42","","","","36","","15","","24.1","","87.80","","","","","","NA"
"-114.01","51.12","CALGARY INTL A","3031092","2024-11-12 08:00","2024","11","12","08:00","","5.0","","-8.6","","37","","","","29","","18","","64.4","","87.83","","","","","","Mostly Cloudy"
"-114.01","51.12","CALGARY INTL A","3031092","2024-11-12 09:00","2024","11","12","09:00","","4.8","","-8.3","","38","","","","26","","9","","64.4","","87.89","","","","","","NA"
"-114.01","51.12","CALGARY INTL A","3031092","2024-11-12 10:00","2024","11","12","10:00","","5.4","","-8.3","","37","","","","26","","9","","64.4","","87.92","","","","","","NA"
"-114.01","51.12","CALGARY INTL A","3031092","2024-11-12 11:00","2024","11","12","11:00","","6.0","","-6.8","","39","","","","","","0","","64.4","","87.96","","","","","","Mostly Cloudy"
"-114.01","51.12","CALGARY INTL A","3031092","2024-11-12 12:00","2024","11","12","12:00","","7.5","","-8.4","","32","","","","23","","9","","48.3","","87.96","","","","","","NA"
"-114.01","51.12","CALGARY INTL A","3031092","2024-11-12 13:00","2024","11","12","13:00","","9.4","","-8.8","","27","","","","21","","13","","48.3","","87.92","","","","","","NA"
"-114.01","51.12","CALGARY INTL A","3031092","2024-11-12 14:00","2024","11","12","14:00","","9.9","","-8.9","","26","","","","23","","11","","48.3","","87.90","","","","","","Mainly Clear"
"-114.01","51.12","CALGARY INTL A","3031092","2024-11-12 15:00","2024","11","12","15:00","","9.7","","-9.6","","25","","","","29","","19","","48.3","","87.89","","","","","","NA"
"-114.01","51.12","CALGARY INTL A","3031092","2024-11-12 16:00","2024","11","12","16:00","","8.5","","-9.5","","27","","","","28","","22","","32.2","","87.95","","","","","","NA"
"-114.01","51.12","CALGARY INTL A","3031092","2024-11-12 17:00","2024","11","12","17:00","","7.3","","-8.8","","31","","","","28","","17","","32.2","","88.00","","","","","","Mainly Clear"
"-114.01","51.12","CALGARY INTL A","3031092","2024-11-12 18:00","2024","11","12","18:00","","5.9","","-8.2","","36","","","","26","","6","","24.1","","88.07","","","","","","NA"
"-114.01","51.12","CALGARY INTL A","3031092","2024-11-12 19:00","2024","11","12","19:00","","4.5","","-7.9","","40","","","","26","","7","","24.1","","88.15","","","","","","NA"
"-114.01","51.12","CALGARY INTL A","3031092","2024-11-12 20:00","2024","11","12","20:00","","2.9","","-8.0","","45","","","","21","","6","","24.1","","88.18","","","","","","Clear"
"-114.01","51.12","CALGARY INTL A","3031092","2024-11-12 21:00","2024","11","12","21:00","","1.9","","-7.9","","48","","","","15","","3","","24.1","","88.21","","","","","","NA"
"-114.01","51.12","CALGARY INTL A","3031092","2024-11-12 22:00","2024","11","12","22:00","","2.0","","-7.4","","50","","","","16","","4","","24.1","","88.27","","","","","","NA"
"-114.01","51.12","CALGARY INTL A","3031092","2024-11-12 23:00","2024","11","12","23:00","","1.8","","-7.5","","50","","","","","","0","","24.1","","88.31","","","","","","Clear"
"-114.01","51.12","CALGARY INTL A","3031092","2024-11-13 00:00","2024","11","13","00:00","","-0.8","","-7.4","","61","","","","","","0","","24.1","","88.30","","","","","","NA"
"-114.01","51.12","CALGARY INTL A","3031092","2024-11-13 01:00","2024","11","13","01:00","","-2.2","","-8.0","","64","","","","24","","5","","24.1","","88.29","","","","-4","","NA"
"-114.01","51.12","CALGARY INTL A","3031092","2024-11-13 02:00","2024","11","13","02:00","","-1.0","","-7.6","","61","","","","","","0","","24.1","","88.32","","","","","","Mostly Cloudy"
"-114.01","51.12","CALGARY INTL A","3031092","2024-11-13 03:00","2024","11","13","03:00","","-1.4","","-7.3","","64","","","","17","","4","","24.1","","88.27","","","","-3","","NA"
"-114.01","51.12","CALGARY INTL A","3031092","2024-11-13 04:00","2024","11","13","04:00","","0.6","","-7.6","","55","","","","23","","11","","24.1","","88.19","","","","","","NA"
"-114.01","51.12","CALGARY INTL A","3031092","2024-11-13 05:00","2024","11","13","05:00","","-0.3","","-6.5","","63","","","","22","","3","","24.1","","88.12","","","","-1","","Mostly Cloudy"
"-114.01","51.12","CALGARY INTL A","3031092","2024-11-13 06:00","2024","11","13","06:00","","-0.1","","-6.5","","62","","","","25","","5","","24.1","","88.08","","","","-2","","NA"
"-114.01","51.12","CALGARY INTL A","3031092","2024-11-13 07:00","2024","11","13","07:00","","-0.5","","-6.6","","63","","","","20","","10","","24.1","","87.99","","","","-4","","NA"
"-114.01","51.12","CALGARY INTL A","3031092","2024-11-13 08:00","2024","11","13","08:00","","-0.6","","-6.9","","63","","","","12","","7","","64.4","","87.90","","","","-3","","Mostly Cloudy"
"-114.01","51.12","CALGARY INTL A","3031092","2024-11-13 09:00","2024","11","13","09:00","","0.7","","-6.2","","60","","","","20","","8","","64.4","","87.86","","","","","","NA"
"-114.01","51.12","CALGARY INTL A","3031092","2024-11-13 10:00","2024","11","13","10:00","","2.3","","-5.2","","57","","","","19","","6","","64.4","","87.80","","","","","","NA"
"-114.01","51.12","CALGARY INTL A","3031092","2024-11-13 11:00","2024","11","13","11:00","","3.6","","-5.5","","51","","","","15","","5","","64.4","","87.75","","","","","","Cloudy"
"-114.01","51.12","CALGARY INTL A","3031092","2024-11-13 12:00","2024","11","13","12:00","","5.9","","-4.6","","47","","","","16","","9","","64.4","","87.69","","","","","","NA"
"-114.01","51.12","CALGARY INTL A","3031092","2024-11-13 13:00","2024","11","13","13:00","","7.5","","-4.3","","43","","","","16","","6","","64.4","","87.62","","","","","","NA"
"-114.01","51.12","CALGARY INTL A","3031092","2024-11-13 14:00","2024","11","13","14:00","","8.1","","-3.7","","43","","","","","","0","","64.4","","87.55","","","","","","Mostly Cloudy"
"-114.01","51.12","CALGARY INTL A","3031092","2024-11-13 15:00","2024","11","13","15:00","","8.7","","-2.9","","44","","","","13","","11","","64.4","","87.48","","","","","","NA"
"-114.01","51.12","CALGARY INTL A","3031092","2024-11-13 16:00","2024","11","13","16:00","","8.2","","-2.9","","46","","","","17","","15","","64.4","","87.45","","","","","","NA"
"-114.01","51.12","CALGARY INTL A","3031092","2024-11-13 17:00","2024","11","13","17:00","","7.2","","-3.0","","48","","","","19","","8","","64.4","","87.42","","","","","","Cloudy"
"-114.01","51.12","CALGARY INTL A","3031092","2024-11-13 18:00","2024","11","13","18:00","","7.6","","-2.7","","48","","","","23","","14","","24.1","","87.38","","","","","","NA"
"-114.01","51.12","CALGARY INTL A","3031092","2024-11-13 19:00","2024","11","13","19:00","","7.2","","-3.0","","48","","","","22","","10","","24.1","","87.35","","","","","","NA"
"-114.01","51.12","CALGARY INTL A","3031092","2024-11-13 20:00","2024","11","13","20:00","","6.2","","-3.8","","49","","","","26","","8","","24.1","","87.31","","","","","","Mostly Cloudy"
"-114.01","51.12","CALGARY INTL A","3031092","2024-11-13 21:00","2024","11","13","21:00","","6.8","","-4.7","","44","","","","27","","9","","24.1","","87.34","","","","","","NA"
"-114.01","51.12","CALGARY INTL A","3031092","2024-11-13 22:00","2024","11","13","22:00","","7.5","","-5.0","","41","","","","27","","25","","24.1","","87.34","","","","","","NA"
"-114.01","51.12","CALGARY INTL A","3031092","2024-11-13 23:00","2024","11","13","23:00","","7.4","","-5.0","","41","","","","27","","27","","24.1","","87.36","","","","","","Mostly Cloudy"
"-114.01","51.12","CALGARY INTL A","3031092","2024-11-14 00:00","2024","11","14","00:00","","6.7","","-4.9","","43","","","","29","","14","","24.1","","87.40","","","","","","NA"
"-114.01","51.12","CALGARY INTL A","3031092","2024-11-14 01:00","2024","11","14","01:00","","6.0","","-4.6","","46","","","","27","","10","","24.1","","87.42","","","","","","NA"
"-114.01","51.12","CALGARY INTL A","3031092","2024-11-14 02:00","2024","11","14","02:00","","6.3","","-4.9","","45","","","","27","","15","","24.1","","87.49","","","","","","Mostly Cloudy"
"-114.01","51.12","CALGARY INTL A","3031092","2024-11-14 03:00","2024","11","14","03:00","","6.6","","-5.0","","43","","","","27","","19","","24.1","","87.54","","","","","","NA"
"-114.01","51.12","CALGARY INTL A","3031092","2024-11-14 04:00","2024","11","14","04:00","","5.6","","-4.9","","47","","","","26","","12","","24.1","","87.59","","","","","","NA"
"-114.01","51.12","CALGARY INTL A","3031092","2024-11-14 05:00","2024","11","14","05:00","","6.0","","-5.9","","42","","","","29","","17","","24.1","","87.62","","","","","","Mostly Cloudy"
"-114.01","51.12","CALGARY INTL A","3031092","2024-11-14 06:00","2024","11","14","06:00","","5.1","","-6.0","","44","","","","26","","8","","24.1","","87.69","","","","","","NA"
"-114.01","51.12","CALGARY INTL A","3031092","2024-11-14 07:00","2024","11","14","07:00","","6.6","","-6.3","","39","","","","28","","20","","24.1","","87.75","","","","","","NA"
"-114.01","51.12","CALGARY INTL A","3031092","2024-11-14 08:00","2024","11","14","08:00","","4.8","","-5.8","","46","","","","24","","6","","64.4","","87.82","","","","","","Mostly Cloudy"
"-114.01","51.12","CALGARY INTL A","3031092","2024-11-14 09:00","2024","11","14","09:00","","7.2","","-5.9","","39","","","","26","","19","","64.4","","87.87","","","","","","NA"
"-114.01","51.12","CALGARY INTL A","3031092","2024-11-14 10:00","2024","11","14","10:00","","6.4","","-5.4","","43","","","","32","","7","","64.4","","87.91","","","","","","NA"
"-114.01","51.12","CALGARY INTL A","3031092","2024-11-14 11:00","2024","11","14","11:00","","7.1","","-5.6","","40","","","","28","","20","","64.4","","87.95","","","","","","Mostly Cloudy"
"-114.01","51.12","CALGARY INTL A","3031092","2024-11-14 12:00","2024","11","14","12:00","","7.9","","-5.5","","38","","","","28","","13","","64.4","","87.98","","","","","","NA"
"-114.01","51.12","CALGARY INTL A","3031092","2024-11-14 13:00","2024","11","14","13:00","","7.0","","-4.6","","43","","","","22","","8","","64.4","","88.02","","","","","","NA"
"-114.01","51.12","CALGARY INTL A","3031092","2024-11-14 14:00","2024","11","14","14:00","","7.4","","-4.2","","44","","","","22","","7","","64.4","","88.05","","","","","","Mostly Cloudy"
"-114.01","51.12","CALGARY INTL A","3031092","2024-11-14 15:00","2024","11","14","15:00","","6.6","","-2.9","","51","","","","18","","9","","48.3","","88.08","","","","","","NA"
"-114.01","51.12","CALGARY INTL A","3031092","2024-11-14 16:00","2024","11","14","16:00","","5.9","","-3.3","","52","","","","18","","10","","48.3","","88.09","","","","","","NA"
"-114.01","51.12","CALGARY INTL A","3031092","2024-11-14 17:00","2024","11","14","17:00","","5.5","","-4.1","","50","","","","20","","9","","48.3","","88.12","","","","","","Mostly Cloudy"
"-114.01","51.12","CALGARY INTL A","3031092","2024-11-14 18:00","2024","11","14","18:00","","4.2","","-4.6","","53","","","","18","","5","","24.1","","88.12","","","","","","NA"
"-114.01","51.12","CALGARY INTL A","3031092","2024-11-14 19:00","2024","11","14","19:00","","0.9","","-2.9","","76","","","","14","","5","","24.1","","88.16","","","","","","NA"
"-114.01","51.12","CALGARY INTL A","3031092","2024-11-14 20:00","2024","11","14","20:00","","-0.9","","-2.7","","87","","","","11","","13","","24.1","","88.18","","","","-5","","Cloudy"
"-114.01","51.12","CALGARY INTL A","3031092","2024-11-14 21:00","2024","11","14","21:00","","-3.0","","-3.6","","96","","","","10","","5","","16.1","","88.20","","","","-5","","NA"
"-114.01","51.12","CALGARY INTL A","3031092","2024-11-14 22:00","2024","11","14","22:00","","-3.8","","-3.9","","99","","","","6","","3","","0.4","","88.23","","","","-5","","Freezing Fog"
"-114.01","51.12","CALGARY INTL A","3031092","2024-11-14 23:00","2024","11","14","23:00","","-4.9","","-5.1","","99","","","","7","","4","","0.4","","88.22","","","","-7","","Freezing Fog"
"-114.01","51.12","CALGARY INTL A","3031092","2024-11-15 00:00","2024","11","15","00:00","","-5.3","","-5.7","","97","","","","7","","4","","0.4","","88.24","","","","-7","","Freezing Fog"
"-114.01","51.12","CALGARY INTL A","3031092","2024-11-15 01:00","2024","11","15","01:00","","-5.4","","-5.8","","97","","","","","","0","","0.8","","88.24","","","","","","Freezing Fog"
"-114.01","51.12","CALGARY INTL A","3031092","2024-11-15 02:00","2024","11","15","02:00","","-5.3","","-5.7","","97","","","","","","0","","0.4","","88.21","","","","","","Freezing Fog"
"-114.01","51.12","CALGARY INTL A","3031092","2024-11-15 03:00","2024","11","15","03:00","","-5.2","","-5.7","","97","","","","2","","4","","0.4","","88.23","","","","-7","","Freezing Fog"
"-114.01","51.12","CALGARY INTL A","3031092","2024-11-15 04:00","2024","11","15","04:00","","-5.8","","-6.4","","95","","","","8","","5","","0.4","","88.24","","","","-8","","Freezing Fog"
"-114.01","51.12","CALGARY INTL A","3031092","2024-11-15 05:00","2024","11","15","05:00","","-6.3","","-6.9","","95","","","","5","","5","","1.6","","88.26","","","","-9","","Fog"
"-114.01","51.12","CALGARY INTL A","3031092","2024-11-15 06:00","2024","11","15","06:00","","-6.5","","-7.3","","95","","","","5","","9","","4.0","","88.31","","","","-11","","Fog"
"-114.01","51.12","CALGARY INTL A","3031092","2024-11-15 07:00","2024","11","15","07:00","","-5.7","","-6.3","","96","","","","35","","18","","1.0","","88.36","","","","-12","","Snow Grains,Fog"
"-114.01","51.12","CALGARY INTL A","3031092","2024-11-15 08:00","2024","11","15","08:00","","-4.8","","-5.3","","97","","","","36","","22","","1.6","","88.45","","","","-12","","Fog"
"-114.01","51.12","CALGARY INTL A","3031092","2024-11-15 09:00","2024","11","15","09:00","","-3.7","","-4.0","","98","","","","34","","17","","3.2","","88.50","","","","-9","","Fog"
"-114.01","51.12","CALGARY INTL A","3031092","2024-11-15 10:00","2024","11","15","10:00","","-2.3","","-2.5","","99","","","","35","","18","","4.0","","88.50","","","","-8","","Fog"
"-114.01","51.12","CALGARY INTL A","3031092","2024-11-15 11:00","2024","11","15","11:00","","-1.6","","-1.7","","99","","","","36","","20","","8.1","","88.50","","","","-7","","Fog"
"-114.01","51.12","CALGARY INTL A","3031092","2024-11-15 12:00","2024","11","15","12:00","","-0.7","","-0.9","","98","","","","34","","17","","12.9","","88.47","","","","-6","","NA"
"-114.01","51.12","CALGARY INTL A","3031092","2024-11-15 13:00","2024","11","15","13:00","","0.0","","-1.0","","93","","","","34","","15","","16.1","","88.47","","","","-4","","NA"
"-114.01","51.12","CALGARY INTL A","3031092","2024-11-15 14:00","2024","11","15","14:00","","0.7","","-0.9","","89","","","","36","","15","","19.3","","88.45","","","","","","Mostly Cloudy"
"-114.01","51.12","CALGARY INTL A","3031092","2024-11-15 15:00","2024","11","15","15:00","","0.8","","-1.0","","88","","","","4","","15","","19.3","","88.45","","","","","","NA"
"-114.01","51.12","CALGARY INTL A","3031092","2024-11-15 16:00","2024","11","15","16:00","","0.8","","-1.4","","85","","","","1","","16","","24.1","","88.47","","","","","","NA"
"-114.01","51.12","CALGARY INTL A","3031092","2024-11-15 17:00","2024","11","15","17:00","","0.2","","-1.5","","89","","","","6","","10","","19.3","","88.50","","","","","","Mostly Cloudy"
"-114.01","51.12","CALGARY INTL A","3031092","2024-11-15 18:00","2024","11","15","18:00","","-0.4","","-2.0","","89","","","","5","","11","","16.1","","88.54","","","","-4","","NA"
"-114.01","51.12","CALGARY INTL A","3031092","2024-11-15 19:00","2024","11","15","19:00","","-0.5","","-1.9","","90","","","","9","","6","","12.9","","88.53","","","","-3","","NA"
"-114.01","51.12","CALGARY INTL A","3031092","2024-11-15 20:00","2024","11","15","20:00","","-0.7","","-1.8","","92","","","","4","","6","","12.9","","88.55","","","","-3","","Cloudy"
"-114.01","51.12","CALGARY INTL A","3031092","2024-11-15 21:00","2024","11","15","21:00","","-0.9","","-2.2","","91","","","","6","","7","","12.9","","88.55","","","","-3","","NA"
"-114.01","51.12","CALGARY INTL A","3031092","2024-11-15 22:00","2024","11","15","22:00","","-0.9","","-2.2","","91","","","","10","","4","","12.9","","88.53","","","","-2","","NA"
"-114.01","51.12","CALGARY INTL A","3031092","2024-11-15 23:00","2024","11","15","23:00","","-0.7","","-2.2","","90","","","","15","","7","","12.9","","88.49","","","","-3","","Cloudy"
"-114.01","51.12","CALGARY INTL A","3031092","2024-11-16 00:00","2024","11","16","00:00","","-1.1","","-2.2","","92","","","","18","","11","","9.7","","88.45","","","","-5","","Fog"
"-114.01","51.12","CALGARY INTL A","3031092","2024-11-16 01:00","2024","11","16","01:00","","-1.3","","-2.3","","93","","","","19","","12","","4.0","","88.38","","","","-5","","Fog"
"-114.01","51.12","CALGARY INTL A","3031092","2024-11-16 02:00","2024","11","16","02:00","","-1.2","","-2.5","","91","","","","23","","11","","4.0","","88.35","","","","-5","","Fog"
"-114.01","51.12","CALGARY INTL A","3031092","2024-11-16 03:00","2024","11","16","03:00","","-1.9","","-2.8","","94","","","","23","","10","","4.0","","88.31","","","","-6","","Fog"
"-114.01","51.12","CALGARY INTL A","3031092","2024-11-16 04:00","2024","11","16","04:00","","-3.4","","-3.7","","98","","","","23","","9","","2.0","","88.25","","","","-7","","Fog"
"-114.01","51.12","CALGARY INTL A","3031092","2024-11-16 05:00","2024","11","16","05:00","","-3.8","","-4.3","","97","","","","22","","13","","2.0","","88.22","","","","-9","","Fog"
"-114.01","51.12","CALGARY INTL A","3031092","2024-11-16 06:00","2024","11","16","06:00","","-5.2","","-6.6","","90","","","","21","","14","","12.9","","88.18","","","","-11","","NA"
"-114.01","51.12","CALGARY INTL A","3031092","2024-11-16 07:00","2024","11","16","07:00","","-5.6","","-7.2","","88","","","","22","","10","","16.1","","88.15","","","","-10","","NA"
"-114.01","51.12","CALGARY INTL A","3031092","2024-11-16 08:00","2024","11","16","08:00","","-6.3","","-8.0","","88","","","","21","","14","","64.4","","88.10","","","","-12","","Clear"
"-114.01","51.12","CALGARY INTL A","3031092","2024-11-16 09:00","2024","11","16","09:00","","-5.2","","-8.1","","80","","","","20","","13","","64.4","","88.04","","","","-10","","NA"
"-114.01","51.12","CALGARY INTL A","3031092","2024-11-16 10:00","2024","11","16","10:00","","-2.2","","-7.6","","66","","","","20","","12","","64.4","","87.97","","","","-6","","NA"
"-114.01","51.12","CALGARY INTL A","3031092","2024-11-16 11:00","2024","11","16","11:00","","0.3","","-7.7","","55","","","","21","","11","","64.4","","87.91","","","","","","Mainly Clear"
"-114.01","51.12","CALGARY INTL A","3031092","2024-11-16 12:00","2024","11","16","12:00","","3.2","","-9.2","","40","","","","18","","13","","64.4","","87.76","","","","","","NA"
"-114.01","51.12","CALGARY INTL A","3031092","2024-11-16 13:00","2024","11","16","13:00","","3.9","","-9.5","","37","","","","20","","15","","64.4","","87.68","","","","","","NA"
"-114.01","51.12","CALGARY INTL A","3031092","2024-11-16 14:00","2024","11","16","14:00","","5.1","","-8.6","","37","","","","19","","13","","64.4","","87.57","","","","","","Mostly Cloudy"
"-114.01","51.12","CALGARY INTL A","3031092","2024-11-16 15:00","2024","11","16","15:00","","5.4","","-8.0","","37","","","","17","","13","","48.3","","87.49","","","","","","NA"
"-114.01","51.12","CALGARY INTL A","3031092","2024-11-16 16:00","2024","11","16","16:00","","3.7","","-6.3","","48","","","","17","","9","","48.3","","87.44","","","","","","NA"
"-114.01","51.12","CALGARY INTL A","3031092","2024-11-16 17:00","2024","11","16","17:00","","2.5","","-5.9","","54","","","","19","","7","","24.1","","87.36","","","","","","Mostly Cloudy"
"-114.01","51.12","CALGARY INTL A","3031092","2024-11-16 18:00","2024","11","16","18:00","","4.8","","-7.3","","41","","","","23","","8","","24.1","","87.27","","","","","","NA"
"-114.01","51.12","CALGARY INTL A","3031092","2024-11-16 19:00","2024","11","16","19:00","","3.6","","-5.4","","52","","","","18","","13","","24.1","","87.17","","","","","","NA"
"-114.01","51.12","CALGARY INTL A","3031092","2024-11-16 20:00","2024","11","16","20:00","","5.5","","-8.9","","35","","","","23","","21","","24.1","","87.01","","","","","","Mostly Cloudy"
"-114.01","51.12","CALGARY INTL A","3031092","2024-11-16 21:00","2024","11","16","21:00","","4.6","","-8.3","","39","","","","23","","17","","24.1","","86.93","","","","","","NA"
"-114.01","51.12","CALGARY INTL A","3031092","2024-11-16 22:00","2024","11","16","22:00","","4.9","","-7.7","","40","","","","23","","17","","24.1","","86.86","","","","","","NA"
"-114.01","51.12","CALGARY INTL A","3031092","2024-11-16 23:00","2024","11","16","23:00","","3.8","","-7.3","","44","","","","19","","19","","24.1","","86.75","","","","","","Mostly Cloudy"
"-114.01","51.12","CALGARY INTL A","3031092","2024-11-17 00:00","2024","11","17","00:00","","3.6","","-7.2","","45","","","","22","","14","","24.1","","86.66","","","","","","NA"
"-114.01","51.12","CALGARY INTL A","3031092","2024-11-17 01:00","2024","11","17","01:00","","3.1","","-7.1","","47","","","","22","","13","","24.1","","86.60","","","","","","NA"
"-114.01","51.12","CALGARY INTL A","3031092","2024-11-17 02:00","2024","11","17","02:00","","1.9","","-6.9","","52","","","","18","","7","","24.1","","86.55","","","","","","Mostly Cloudy"
"-114.01","51.12","CALGARY INTL A","3031092","2024-11-17 03:00","2024","11","17","03:00","","2.4","","-7.0","","50","","","","22","","10","","24.1","","86.53","","","","","","NA"
"-114.01","51.12","CALGARY INTL A","3031092","2024-11-17 04:00","2024","11","17","04:00","","0.5","","-6.8","","58","","","","9","","5","","24.1","","86.53","","","","","","NA"
"-114.01","51.12","CALGARY INTL A","3031092","2024-11-17 05:00","2024","11","17","05:00","","3.6","","-7.3","","45","","","","16","","8","","24.1","","86.50","","","","","","Mostly Cloudy"
"-114.01","51.12","CALGARY INTL A","3031092","2024-11-17 06:00","2024","11","17","06:00","","6.9","","-7.5","","35","","","","29","","36","","24.1","","86.52","","","","","","NA"
"-114.01","51.12","CALGARY INTL A","3031092","2024-11-17 07:00","2024","11","17","07:00","","5.0","","-7.5","","40","","","","29","","8","","24.1","","86.61","","","","","","NA"
"-114.01","51.12","CALGARY INTL A","3031092","2024-11-17 08:00","2024","11","17","08:00","","2.4","","-7.9","","47","","","","18","","3","","40.2","","86.68","","","","","","Mostly Cloudy"
"-114.01","51.12","CALGARY INTL A","3031092","2024-11-17 09:00","2024","11","17","09:00","","0.6","","-7.0","","57","","","","17","","16","","48.3","","86.71","","","","","","NA"
"-114.01","51.12","CALGARY INTL A","3031092","2024-11-17 10:00","2024","11","17","10:00","","4.3","","-6.7","","45","","","","20","","18","","32.2","","86.70","","","","","","NA"
"-114.01","51.12","CALGARY INTL A","3031092","2024-11-17 11:00","2024","11","17","11:00","","6.9","","-6.4","","38","","","","21","","13","","32.2","","86.68","","","","","","Mostly Cloudy"
"-114.01","51.12","CALGARY INTL A","3031092","2024-11-17 12:00","2024","11","17","12:00","","10.5","","-6.9","","29","","","","25","","19","","32.2","","86.64","","","","","","NA"
"-114.01","51.12","CALGARY INTL A","3031092","2024-11-17 13:00","2024","11","17","13:00","","9.7","","-6.6","","31","","","","26","","19","","24.1","","86.71","","","","","","NA"
"-114.01","51.12","CALGARY INTL A","3031092","2024-11-17 14:00","2024","11","17","14:00","","9.0","","-7.8","","30","","","","29","","21","","24.1","","86.77","","","","","","Mainly Clear"
"-114.01","51.12","CALGARY INTL A","3031092","2024-11-17 15:00","2024","11","17","15:00","","7.2","","-6.5","","37","","","","29","","21","","32.2","","86.84","","","","","","NA"
"-114.01","51.12","CALGARY INTL A","3031092","2024-11-17 16:00","2024","11","17","16:00","","6.2","","-6.3","","40","","","","27","","13","","48.3","","86.88","","","","","","NA"
"-114.01","51.12","CALGARY INTL A","3031092","2024-11-17 17:00","2024","11","17","17:00","","5.8","","-6.5","","41","","","","27","","14","","48.3","","86.94","","","","","","Mostly Cloudy"
"-114.01","51.12","CALGARY INTL A","3031092","2024-11-17 18:00","2024","11","17","18:00","","4.6","","-8.7","","37","","","","25","","18","","24.1","","86.93","","","","","","NA"
"-114.01","51.12","CALGARY INTL A","3031092","2024-11-17 19:00","2024","11","17","19:00","","1.4","","-6.8","","55","","","","3","","23","","24.1","","87.10","","","","","","NA"
"-114.01","51.12","CALGARY INTL A","3031092","2024-11-17 20:00","2024","11","17","20:00","","0.0","","-4.9","","70","","","","6","","12","","24.1","","87.09","","","","-4","","Mostly Cloudy"
"-114.01","51.12","CALGARY INTL A","3031092","2024-11-17 21:00","2024","11","17","21:00","","-1.2","","-5.2","","74","","","","9","","5","","16.1","","87.12","","","","-3","","NA"
"-114.01","51.12","CALGARY INTL A","3031092","2024-11-17 22:00","2024","11","17","22:00","","-1.3","","-5.5","","73","","","","16","","5","","16.1","","87.14","","","","-3","","NA"
"-114.01","51.12","CALGARY INTL A","3031092","2024-11-17 23:00","2024","11","17","23:00","","-1.3","","-5.2","","75","","","","13","","8","","24.1","","87.17","","","","-4","","Mostly Cloudy"
"-114.01","51.12","CALGARY INTL A","3031092","2024-11-18 00:00","2024","11","18","00:00","","-1.1","","-5.4","","73","","","","","","0","","24.1","","87.21","","","","","","NA"
"-114.01","51.12","CALGARY INTL A","3031092","2024-11-18 01:00","2024","11","18","01:00","","-0.8","","-5.4","","71","","","","","","0","","16.1","","87.22","","","","","","NA"
"-114.01","51.12","CALGARY INTL A","3031092","2024-11-18 02:00","2024","11","18","02:00","","-0.5","","-5.0","","71","","","","25","","3","","9.7","","87.25","","","","-1","","Fog"
"-114.01","51.12","CALGARY INTL A","3031092","2024-11-18 03:00","2024","11","18","03:00","","-1.5","","-2.2","","95","","","","10","","13","","2.0","","87.26","","","","-6","","Snow"
"-114.01","51.12","CALGARY INTL A","3031092","2024-11-18 04:00","2024","11","18","04:00","","-1.6","","-2.0","","97","","","","35","","7","","2.0","","87.32","","","","-4","","Snow"
"-114.01","51.12","CALGARY INTL A","3031092","2024-11-18 05:00","2024","11","18","05:00","","-2.1","","-2.5","","97","","","","1","","16","","1.6","","87.35","","","","-7","","Snow"
"-114.01","51.12","CALGARY INTL A","3031092","2024-11-18 06:00","2024","11","18","06:00","","-2.0","","-2.5","","97","","","","1","","18","","3.2","","87.40","","","","-7","","Snow"
"-114.01","51.12","CALGARY INTL A","3031092","2024-11-18 07:00","2024","11","18","07:00","","-2.0","","-2.5","","97","","","","1","","17","","3.2","","87.45","","","","-7","","Snow"
"-114.01","51.12","CALGARY INTL A","3031092","2024-11-18 08:00","2024","11","18","08:00","","-2.0","","-2.4","","97","","","","36","","15","","1.0","","87.53","","","","-7","","Snow"
"-114.01","51.12","CALGARY INTL A","3031092","2024-11-18 09:00","2024","11","18","09:00","","-2.3","","-3.1","","94","","","","3","","20","","1.0","","87.65","","","","-8","","Snow,Fog"
"-114.01","51.12","CALGARY INTL A","3031092","2024-11-18 10:00","2024","11","18","10:00","","-2.6","","-3.4","","94","","","","5","","17","","1.0","","87.75","","","","-8","","Snow,Fog"
"-114.01","51.12","CALGARY INTL A","3031092","2024-11-18 11:00","2024","11","18","11:00","","-2.5","","-3.5","","93","","","","5","","17","","1.2","","87.83","","","","-8","","Snow,Fog"
"-114.01","51.12","CALGARY INTL A","3031092","2024-11-18 12:00","2024","11","18","12:00","","-2.4","","-3.5","","92","","","","5","","17","","2.4","","87.87","","","","-8","","Snow,Fog"
"-114.01","51.12","CALGARY INTL A","3031092","2024-11-18 13:00","2024","11","18","13:00","","-2.2","","-3.5","","91","","","","6","","15","","2.4","","87.93","","","","-7","","Snow,Fog"
"-114.01","51.12","CALGARY INTL A","3031092","2024-11-18 14:00","2024","11","18","14:00","","-2.1","","-3.4","","91","","","","7","","11","","4.0","","87.97","","","","-6","","Snow,Fog"
"-114.01","51.12","CALGARY INTL A","3031092","2024-11-18 15:00","2024","11","18","15:00","","-2.3","","-3.4","","92","","","","5","","8","","4.8","","88.03","","","","-5","","Snow,Fog"
"-114.01","51.12","CALGARY INTL A","3031092","2024-11-18 16:00","2024","11","18","16:00","","-2.4","","-3.5","","92","","","","5","","9","","8.1","","88.13","","","","-6","","Snow,Fog"
"-114.01","51.12","CALGARY INTL A","3031092","2024-11-18 17:00","2024","11","18","17:00","","-2.7","","-3.6","","93","","","","5","","6","","8.1","","88.18","","","","-5","","Snow,Fog"
"-114.01","51.12","CALGARY INTL A","3031092","2024-11-18 18:00","2024","11","18","18:00","","-2.7","","-4.0","","90","","","","","","0","","6.4","","88.24","","","","","","Snow,Fog"
"-114.01","51.12","CALGARY INTL A","3031092","2024-11-18 19:00","2024","11","18","19:00","","-2.6","","-3.4","","94","","","","30","","3","","4.8","","88.27","","","","-4","","Snow,Fog"
"-114.01","51.12","CALGARY INTL A","3031092","2024-11-18 20:00","2024","11","18","20:00"
"-114.01","51.12","CALGARY INTL A","3031092","2024-11-18 21:00","2024","11","18","21:00","","-3.3","","-4.4","","92","","","","","","0","","9.7","","88.35","","","","","","Fog"
"-114.01","51.12","CALGARY INTL A","3031092","2024-11-18 22:00","2024","11","18","22:00","","-3.8","","-5.0","","92","","","","10","","9","","9.7","","88.41","","","","-8","","Fog"
"-114.01","51.12","CALGARY INTL A","3031092","2024-11-18 23:00","2024","11","18","23:00","","-3.7","","-4.9","","91","","","","10","","9","","9.7","","88.45","","","","-7","","Fog"
"-114.01","51.12","CALGARY INTL A","3031092","2024-11-19 00:00","2024","11","19","00:00","","-4.6","","-4.9","","98","","","","12","","10","","1.2","","88.50","","","","-9","","Snow"
"-114.01","51.12","CALGARY INTL A","3031092","2024-11-19 01:00","2024","11","19","01:00","","-4.8","","-5.3","","97","","","","11","","11","","1.2","","88.54","","","","-9","","Snow,Fog"
"-114.01","51.12","CALGARY INTL A","3031092","2024-11-19 02:00","2024","11","19","02:00","","-5.0","","-7.4","","84","","","","11","","13","","8.1","","88.59","","","","-10","","Fog"
"-114.01","51.12","CALGARY INTL A","3031092","2024-11-19 03:00","2024","11","19","03:00","","-5.2","","-7.9","","82","","","","12","","9","","24.1","","88.66","","","","-9","","NA"
"-114.01","51.12","CALGARY INTL A","3031092","2024-11-19 04:00","2024","11","19","04:00","","-5.3","","-7.8","","83","","","","8","","6","","16.1","","88.71","","","","-8","","NA"
"-114.01","51.12","CALGARY INTL A","3031092","2024-11-19 05:00","2024","11","19","05:00","","-5.6","","-8.1","","83","","","","8","","5","","19.3","","88.75","","","","-8","","Mostly Cloudy"
"-114.01","51.12","CALGARY INTL A","3031092","2024-11-19 06:00","2024","11","19","06:00","","-5.7","","-8.3","","82","","","","","","0","","19.3","","88.80","","","","","","NA"
"-114.01","51.12","CALGARY INTL A","3031092","2024-11-19 07:00","2024","11","19","07:00","","-5.6","","-8.4","","81","","","","11","","4","","24.1","","88.86","","","","-7","","NA"
"-114.01","51.12","CALGARY INTL A","3031092","2024-11-19 08:00","2024","11","19","08:00","","-5.7","","-7.9","","84","","","","8","","3","","24.1","","88.92","","","","-7","","Mostly Cloudy"
"-114.01","51.12","CALGARY INTL A","3031092","2024-11-19 09:00","2024","11","19","09:00","","-4.9","","-7.4","","83","","","","","","0","","24.1","","88.98","","","","","","Snow Showers"
"-114.01","51.12","CALGARY INTL A","3031092","2024-11-19 10:00","2024","11","19","10:00","","-4.5","","-6.7","","84","","","","3","","4","","24.1","","89.05","","","","-6","","NA"
"-114.01","51.12","CALGARY INTL A","3031092","2024-11-19 11:00","2024","11","19","11:00","","-3.6","","-6.8","","78","","","","34","","4","","24.1","","89.11","","","","-5","","Mostly Cloudy"
"-114.01","51.12","CALGARY INTL A","3031092","2024-11-19 12:00","2024","11","19","12:00","","-3.3","","-7.5","","73","","","","29","","7","","24.1","","89.14","","","","-6","","NA"
"-114.01","51.12","CALGARY INTL A","3031092","2024-11-19 13:00","2024","11","19","13:00","","-4.8","","-7.5","","82","","","","8","","11","","24.1","","89.17","","","","-9","","NA"
"-114.01","51.12","CALGARY INTL A","3031092","2024-11-19 14:00","2024","11","19","14:00","","-5.6","","-7.9","","84","","","","9","","9","","24.1","","89.23","","","","-10","","Mainly Clear"
"-114.01","51.12","CALGARY INTL A","3031092","2024-11-19 15:00","2024","11","19","15:00","","-7.3","","-8.7","","90","","","","5","","9","","24.1","","89.32","","","","-12","","NA"
"-114.01","51.12","CALGARY INTL A","3031092","2024-11-19 16:00","2024","11","19","16:00","","-9.1","","-9.8","","94","","","","7","","10","","0.8","","89.42","","","","-14","","Freezing Fog"
"-114.01","51.12","CALGARY INTL A","3031092","2024-11-19 17:00","2024","11","19","17:00","","-8.6","","-9.3","","95","","","","9","","8","","0.6","","89.49","","","","-13","","Freezing Fog"
"-114.01","51.12","CALGARY INTL A","3031092","2024-11-19 18:00","2024","11","19","18:00","","-8.3","","-9.0","","95","","","","5","","9","","0.4","","89.50","","","","-13","","Freezing Fog"
"-114.01","51.12","CALGARY INTL A","3031092","2024-11-19 19:00","2024","11","19","19:00","","-7.8","","-8.5","","95","","","","8","","7","","0.4","","89.55","","","","-11","","Freezing Fog"
"-114.01","51.12","CALGARY INTL A","3031092","2024-11-19 20:00","2024","11","19","20:00","","-8.0","","-8.9","","94","","","","7","","14","","1.0","","89.59","","","","-14","","Fog"
"-114.01","51.12","CALGARY INTL A","3031092","2024-11-19 21:00","2024","11","19","21:00","","-8.6","","-9.5","","93","","","","9","","11","","1.2","","89.62","","","","-14","","Fog"
"-114.01","51.12","CALGARY INTL A","3031092","2024-11-19 22:00","2024","11","19","22:00","","-8.9","","-9.9","","93","","","","8","","13","","2.4","","89.65","","","","-15","","Fog"
"-114.01","51.12","CALGARY INTL A","3031092","2024-11-19 23:00","2024","11","19","23:00","","-9.4","","-10.5","","92","","","","8","","7","","2.8","","89.74","","","","-13","","Fog"
"-114.01","51.12","CALGARY INTL A","3031092","2024-11-20 00:00","2024","11","20","00:00","","-9.2","","-10.2","","92","","","","","","0","","6.4","","89.73","","","","","","Fog"
"-114.01","51.12","CALGARY INTL A","3031092","2024-11-20 01:00","2024","11","20","01:00","","-9.4","","-10.4","","92","","","","8","","5","","8.1","","89.71","","","","-12","","Fog"
"-114.01","51.12","CALGARY INTL A","3031092","2024-11-20 02:00","2024","11","20","02:00","","-9.4","","-10.5","","92","","","","14","","8","","8.1","","89.70","","","","-14","","Fog"
"-114.01","51.12","CALGARY INTL A","3031092","2024-11-20 03:00","2024","11","20","03:00","","-9.2","","-10.2","","92","","","","14","","8","","8.1","","89.73","","","","-14","","Fog"
"-114.01","51.12","CALGARY INTL A","3031092","2024-11-20 04:00","2024","11","20","04:00","","-9.8","","-10.9","","92","","","","11","","11","","2.4","","89.63","","","","-15","","Fog"
"-114.01","51.12","CALGARY INTL A","3031092","2024-11-20 05:00","2024","11","20","05:00","","-10.8","","-12.0","","91","","","","11","","8","","1.2","","89.65","","","","-15","","Fog"
"-114.01","51.12","CALGARY INTL A","3031092","2024-11-20 06:00","2024","11","20","06:00","","-10.3","","-11.4","","92","","","","12","","10","","2.4","","89.63","","","","-16","","Fog"
"-114.01","51.12","CALGARY INTL A","3031092","2024-11-20 07:00","2024","11","20","07:00","","-10.2","","-11.4","","91","","","","18","","11","","4.0","","89.60","","","","-16","","Fog"
"-114.01","51.12","CALGARY INTL A","3031092","2024-11-20 08:00","2024","11","20","08:00","","-10.2","","-11.4","","91","","","","15","","16","","9.7","","89.60","","","","-17","","Fog"
"-114.01","51.12","CALGARY INTL A","3031092","2024-11-20 09:00","2024","11","20","09:00","","-10.2","","-11.3","","92","","","","13","","12","","8.1","","89.55","","","","-16","","Fog"
"-114.01","51.12","CALGARY INTL A","3031092","2024-11-20 10:00","2024","11","20","10:00","","-10.7","","-11.8","","91","","","","12","","8","","8.1","","89.58","","","","-15","","Fog"
"-114.01","51.12","CALGARY INTL A","3031092","2024-11-20 11:00","2024","11","20","11:00","","-10.7","","-11.9","","91","","","","12","","8","","8.1","","89.57","","","","-15","","Fog"
"-114.01","51.12","CALGARY INTL A","3031092","2024-11-20 12:00","2024","11","20","12:00","","-10.1","","-11.3","","91","","","","13","","17","","8.1","","89.53","","","","-17","","Fog"
"-114.01","51.12","CALGARY INTL A","3031092","2024-11-20 13:00","2024","11","20","13:00","","-10.2","","-11.4","","91","","","","14","","10","","1.6","","89.56","","","","-15","","Snow,Fog"
"-114.01","51.12","CALGARY INTL A","3031092","2024-11-20 14:00","2024","11","20","14:00","","-10.0","","-11.2","","91","","","","12","","19","","9.7","","89.45","","","","-18","","Snow"
"-114.01","51.12","CALGARY INTL A","3031092","2024-11-20 15:00","2024","11","20","15:00","","-9.6","","-10.7","","91","","","","14","","18","","14.5","","89.43","","","","-17","","NA"
"-114.01","51.12","CALGARY INTL A","3031092","2024-11-20 16:00","2024","11","20","16:00","","-9.7","","-10.9","","91","","","","15","","19","","8.1","","89.40","","","","-17","","Fog"
"-114.01","51.12","CALGARY INTL A","3031092","2024-11-20 17:00","2024","11","20","17:00","","-9.8","","-11.1","","90","","","","15","","17","","3.6","","89.37","","","","-17","","Snow"
"-114.01","51.12","CALGARY INTL A","3031092","2024-11-20 18:00","2024","11","20","18:00","","-10.0","","-11.3","","90","","","","14","","16","","2.8","","89.32","","","","-17","","Snow"
"-114.01","51.12","CALGARY INTL A","3031092","2024-11-20 19:00","2024","11","20","19:00","","-10.2","","-11.5","","90","","","","15","","13","","11.3","","89.34","","","","-16","","NA"
"-114.01","51.12","CALGARY INTL A","3031092","2024-11-20 20:00","2024","11","20","20:00","","-10.9","","-12.3","","90","","","","16","","14","","11.3","","89.31","","","","-18","","Cloudy"
"-114.01","51.12","CALGARY INTL A","3031092","2024-11-20 21:00","2024","11","20","21:00","","-11.1","","-12.7","","88","","","","17","","19","","11.3","","89.27","","","","-19","","NA"
"-114.01","51.12","CALGARY INTL A","3031092","2024-11-20 22:00","2024","11","20","22:00","","-11.4","","-13.1","","88","","","","17","","13","","11.3","","89.21","","","","-18","","NA"
"-114.01","51.12","CALGARY INTL A","3031092","2024-11-20 23:00","2024","11","20","23:00","","-11.4","","-13.1","","88","","","","12","","8","","11.3","","89.23","","","","-16","","Cloudy"
"-114.01","51.12","CALGARY INTL A","3031092","2024-11-21 00:00","2024","11","21","00:00","","-11.4","","-13.2","","87","","","","9","","10","","11.3","","89.27","","","","-17","","NA"
"-114.01","51.12","CALGARY INTL A","3031092","2024-11-21 01:00","2024","11","21","01:00","","-11.8","","-13.1","","90","","","","9","","14","","6.4","","89.28","","","","-19","","Fog"
"-114.01","51.12","CALGARY INTL A","3031092","2024-11-21 02:00","2024","11","21","02:00","","-11.8","","-13.2","","89","","","","5","","12","","1.2","","89.30","","","","-18","","Snow"
"-114.01","51.12","CALGARY INTL A","3031092","2024-11-21 03:00","2024","11","21","03:00","","-11.4","","-13.1","","88","","","","6","","17","","1.2","","89.27","","","","-19","","Snow,Fog"
"-114.01","51.12","CALGARY INTL A","3031092","2024-11-21 04:00","2024","11","21","04:00","","-11.5","","-13.2","","88","","","","5","","10","","1.2","","89.28","","","","-17","","Snow"
"-114.01","51.12","CALGARY INTL A","3031092","2024-11-21 05:00","2024","11","21","05:00","","-11.3","","-12.9","","88","","","","3","","8","","1.2","","89.27","","","","-16","","Snow"
"-114.01","51.12","CALGARY INTL A","3031092","2024-11-21 06:00","2024","11","21","06:00","","-11.2","","-12.8","","88","","","","1","","8","","1.2","","89.28","","","","-16","","Snow"
"-114.01","51.12","CALGARY INTL A","3031092","2024-11-21 07:00","2024","11","21","07:00","","-11.2","","-12.8","","88","","","","33","","10","","2.0","","89.30","","","","-17","","Snow"
"-114.01","51.12","CALGARY INTL A","3031092","2024-11-21 08:00","2024","11","21","08:00","","-10.8","","-12.6","","87","","","","34","","7","","6.4","","89.32","","","","-15","","Snow,Fog"
"-114.01","51.12","CALGARY INTL A","3031092","2024-11-21 09:00","2024","11","21","09:00","","-10.8","","-12.8","","85","","","","35","","11","","1.2","","89.35","","","","-17","","Snow"
"-114.01","51.12","CALGARY INTL A","3031092","2024-11-21 10:00","2024","11","21","10:00","","-10.7","","-13.2","","82","","","","36","","14","","8.1","","89.37","","","","-17","","Snow"
"-114.01","51.12","CALGARY INTL A","3031092","2024-11-21 11:00","2024","11","21","11:00","","-10.3","","-13.3","","79","","","","35","","11","","14.5","","89.38","","","","-16","","Cloudy"
"-114.01","51.12","CALGARY INTL A","3031092","2024-11-21 12:00","2024","11","21","12:00","","-10.1","","-13.3","","77","","","","1","","14","","14.5","","89.35","","","","-17","","NA"
"-114.01","51.12","CALGARY INTL A","3031092","2024-11-21 13:00","2024","11","21","13:00","","-10.1","","-13.0","","80","","","","36","","12","","14.5","","89.33","","","","-16","","NA"
"-114.01","51.12","CALGARY INTL A","3031092","2024-11-21 14:00","2024","11","21","14:00","","-10.0","","-12.9","","80","","","","34","","15","","14.5","","89.33","","","","-17","","Snow"
"-114.01","51.12","CALGARY INTL A","3031092","2024-11-21 15:00","2024","11","21","15:00","","-10.4","","-13.0","","82","","","","34","","14","","1.6","","89.34","","","","-17","","Snow Showers"
"-114.01","51.12","CALGARY INTL A","3031092","2024-11-21 16:00","2024","11","21","16:00","","-10.9","","-13.3","","82","","","","36","","13","","14.5","","89.40","","","","-17","","Snow"
"-114.01","51.12","CALGARY INTL A","3031092","2024-11-21 17:00","2024","11","21","17:00","","-11.1","","-13.4","","83","","","","36","","13","","14.5","","89.41","","","","-18","","Mostly Cloudy"
"-114.01","51.12","CALGARY INTL A","3031092","2024-11-21 18:00","2024","11","21","18:00","","-11.3","","-13.5","","84","","","","1","","12","","11.3","","89.46","","","","-17","","NA"
"-114.01","51.12","CALGARY INTL A","3031092","2024-11-21 19:00","2024","11","21","19:00","","-11.2","","-13.4","","84","","","","34","","6","","11.3","","89.48","","","","-15","","NA"
"-114.01","51.12","CALGARY INTL A","3031092","2024-11-21 20:00","2024","11","21","20:00","","-10.9","","-13.1","","84","","","","34","","11","","12.9","","89.48","","","","-17","","Cloudy"
"-114.01","51.12","CALGARY INTL A","3031092","2024-11-21 21:00","2024","11","21","21:00","","-10.9","","-13.0","","84","","","","35","","11","","12.9","","89.47","","","","-17","","NA"
"-114.01","51.12","CALGARY INTL A","3031092","2024-11-21 22:00","2024","11","21","22:00","","-11.1","","-13.1","","85","","","","35","","10","","12.9","","89.49","","","","-17","","NA"
"-114.01","51.12","CALGARY INTL A","3031092","2024-11-21 23:00","2024","11","21","23:00","","-11.5","","-13.3","","87","","","","32","","9","","12.9","","89.51","","","","-17","","Cloudy"
"-114.01","51.12","CALGARY INTL A","3031092","2024-11-22 00:00","2024","11","22","00:00","","-11.0","","-12.9","","86","","","","31","","4","","12.9","","89.55","","","","-13","","NA"
"-114.01","51.12","CALGARY INTL A","3031092","2024-11-22 01:00","2024","11","22","01:00","","-11.4","","-13.1","","88","","","","34","","4","","12.9","","89.54","","","","-14","","NA"
"-114.01","51.12","CALGARY INTL A","3031092","2024-11-22 02:00","2024","11","22","02:00","","-12.5","","-13.8","","90","","","","36","","4","","12.9","","89.55","","","","-15","","Cloudy"
"-114.01","51.12","CALGARY INTL A","3031092","2024-11-22 03:00","2024","11","22","03:00","","-13.8","","-15.4","","88","","","","5","","9","","12.9","","89.55","","","","-19","","NA"
"-114.01","51.12","CALGARY INTL A","3031092","2024-11-22 04:00","2024","11","22","04:00","","-13.4","","-14.8","","90","","","","4","","3","","12.9","","89.59","","","","-15","","NA"
"-114.01","51.12","CALGARY INTL A","3031092","2024-11-22 05:00","2024","11","22","05:00","","-13.1","","-14.4","","90","","","","5","","4","","12.9","","89.54","","","","-16","","Cloudy"
"-114.01","51.12","CALGARY INTL A","3031092","2024-11-22 06:00","2024","11","22","06:00","","-12.8","","-14.2","","89","","","","32","","4","","12.9","","89.60","","","","-15","","NA"
"-114.01","51.12","CALGARY INTL A","3031092","2024-11-22 07:00","2024","11","22","07:00","","-12.5","","-14.2","","87","","","","1","","5","","12.9","","89.59","","","","-16","","NA"
"-114.01","51.12","CALGARY INTL A","3031092","2024-11-22 08:00","2024","11","22","08:00","","-11.8","","-13.6","","87","","","","3","","5","","6.4","","89.56","","","","-15","","Fog"
"-114.01","51.12","CALGARY INTL A","3031092","2024-11-22 09:00","2024","11","22","09:00","","-11.4","","-13.0","","88","","","","8","","5","","6.4","","89.54","","","","-15","","Fog"
"-114.01","51.12","CALGARY INTL A","3031092","2024-11-22 10:00","2024","11","22","10:00","","-10.7","","-12.8","","85","","","","17","","9","","4.0","","89.52","","","","-16","","Fog"
"-114.01","51.12","CALGARY INTL A","3031092","2024-11-22 11:00","2024","11","22","11:00","","-10.8","","-12.7","","86","","","","18","","8","","4.0","","89.51","","","","-15","","Snow"
"-114.01","51.12","CALGARY INTL A","3031092","2024-11-22 12:00","2024","11","22","12:00","","-10.4","","-12.4","","86","","","","18","","7","","4.0","","89.44","","","","-14","","Fog"
"-114.01","51.12","CALGARY INTL A","3031092","2024-11-22 13:00","2024","11","22","13:00","","-10.2","","-12.1","","86","","","","17","","10","","6.4","","89.38","","","","-15","","Fog"
"-114.01","51.12","CALGARY INTL A","3031092","2024-11-22 14:00","2024","11","22","14:00","","-10.4","","-12.2","","87","","","","11","","8","","0.4","","89.33","","","","-15","","Snow Showers,Freezing Fog"
"-114.01","51.12","CALGARY INTL A","3031092","2024-11-22 15:00","2024","11","22","15:00","","-10.8","","-12.9","","84","","","","13","","13","","1.0","","89.32","","","","-17","","Snow Showers"
"-114.01","51.12","CALGARY INTL A","3031092","2024-11-22 16:00","2024","11","22","16:00","","-11.1","","-13.1","","86","","","","11","","13","","1.2","","89.34","","","","-18","","Snow"
"-114.01","51.12","CALGARY INTL A","3031092","2024-11-22 17:00","2024","11","22","17:00","","-11.3","","-13.2","","86","","","","11","","13","","1.6","","89.33","","","","-18","","Snow"
"-114.01","51.12","CALGARY INTL A","3031092","2024-11-22 18:00","2024","11","22","18:00","","-11.5","","-13.4","","86","","","","11","","13","","3.6","","89.25","","","","-18","","Snow"
"-114.01","51.12","CALGARY INTL A","3031092","2024-11-22 19:00","2024","11","22","19:00","","-11.4","","-13.2","","87","","","","13","","13","","6.4","","89.23","","","","-18","","Fog"
"-114.01","51.12","CALGARY INTL A","3031092","2024-11-22 20:00","2024","11","22","20:00","","-11.3","","-12.7","","89","","","","14","","11","","3.2","","89.18","","","","-17","","Snow,Fog"
"-114.01","51.12","CALGARY INTL A","3031092","2024-11-22 21:00","2024","11","22","21:00","","-11.2","","-12.8","","88","","","","15","","13","","1.0","","89.09","","","","-18","","Snow,Fog"
"-114.01","51.12","CALGARY INTL A","3031092","2024-11-22 22:00","2024","11","22","22:00","","-11.3","","-13.2","","86","","","","14","","13","","2.0","","88.99","","","","-18","","Snow,Fog"
"-114.01","51.12","CALGARY INTL A","3031092","2024-11-22 23:00","2024","11","22","23:00","","-11.5","","-13.4","","86","","","","14","","17","","4.0","","88.96","","","","-19","","Snow,Fog"
"-114.01","51.12","CALGARY INTL A","3031092","2024-11-23 00:00","2024","11","23","00:00","","-11.7","","-13.4","","87","","","","14","","16","","4.8","","88.87","","","","-19","","Snow,Fog"
"-114.01","51.12","CALGARY INTL A","3031092","2024-11-23 01:00","2024","11","23","01:00","","-11.7","","-13.5","","87","","","","14","","15","","1.6","","88.75","","","","-19","","Snow,Fog"
"-114.01","51.12","CALGARY INTL A","3031092","2024-11-23 02:00","2024","11","23","02:00","","-11.7","","-13.5","","87","","","","15","","16","","1.6","","88.69","","","","-19","","Snow,Fog"
"-114.01","51.12","CALGARY INTL A","3031092","2024-11-23 03:00","2024","11","23","03:00","","-12.0","","-13.8","","87","","","","13","","18","","1.6","","88.53","","","","-20","","Snow,Fog"
"-114.01","51.12","CALGARY INTL A","3031092","2024-11-23 04:00","2024","11","23","04:00","","-11.9","","-13.9","","86","","","","13","","16","","3.2","","88.49","","","","-19","","Snow,Fog"
"-114.01","51.12","CALGARY INTL A","3031092","2024-11-23 05:00","2024","11","23","05:00","","-12.2","","-14.0","","86","","","","13","","17","","6.4","","88.43","","","","-20","","Snow,Fog"
"-114.01","51.12","CALGARY INTL A","3031092","2024-11-23 06:00","2024","11","23","06:00","","-12.2","","-14.0","","86","","","","15","","13","","1.6","","88.40","","","","-19","","Snow,Fog"
"-114.01","51.12","CALGARY INTL A","3031092","2024-11-23 07:00","2024","11","23","07:00","","-12.0","","-13.8","","86","","","","12","","10","","2.0","","88.35","","","","-18","","Snow,Fog"
"-114.01","51.12","CALGARY INTL A","3031092","2024-11-23 08:00","2024","11","23","08:00","","-12.0","","-13.8","","87","","","","10","","12","","1.6","","88.22","","","","-18","","Snow"
"-114.01","51.12","CALGARY INTL A","3031092","2024-11-23 09:00","2024","11","23","09:00","","-12.0","","-14.0","","85","","","","7","","6","","1.6","","88.24","","","","-16","","Snow"
"-114.01","51.12","CALGARY INTL A","3031092","2024-11-23 10:00","2024","11","23","10:00","","-11.9","","-13.6","","88","","","","3","","9","","0.2","","88.24","","","","-17","","Heavy Snow"
"-114.01","51.12","CALGARY INTL A","3031092","2024-11-23 11:00","2024","11","23","11:00","","-12.1","","-13.9","","86","","","","1","","16","","0.2","","88.27","","","","-20","","Heavy Snow"
"-114.01","51.12","CALGARY INTL A","3031092","2024-11-23 12:00","2024","11","23","12:00","","-12.1","","-14.0","","86","","","","36","","19","","0.2","","88.24","","","","-20","","Heavy Snow"
"-114.01","51.12","CALGARY INTL A","3031092","2024-11-23 13:00","2024","11","23","13:00","","-12.1","","-14.2","","84","","","","36","","18","","0.4","","88.25","","","","-20","","Heavy Snow"
"-114.01","51.12","CALGARY INTL A","3031092","2024-11-23 14:00","2024","11","23","14:00","","-11.9","","-14.1","","84","","","","36","","21","","1.6","","88.25","","","","-20","","Snow"
"-114.01","51.12","CALGARY INTL A","3031092","2024-11-23 15:00","2024","11","23","15:00","","-11.6","","-13.9","","83","","","","36","","35","","0.8","","88.25","","","","-22","","Moderate Snow"
"-114.01","51.12","CALGARY INTL A","3031092","2024-11-23 16:00","2024","11","23","16:00","","-11.4","","-13.8","","82","","","","35","","30","","14.5","","88.35","","","","-21","","NA"
"-114.01","51.12","CALGARY INTL A","3031092","2024-11-23 17:00","2024","11","23","17:00","","-11.4","","-14.0","","81","","","","35","","29","","14.5","","88.40","","","","-21","","Cloudy"
"-114.01","51.12","CALGARY INTL A","3031092","2024-11-23 18:00","2024","11","23","18:00","","-11.6","","-14.0","","82","","","","36","","29","","16.1","","88.48","","","","-21","","NA"
"-114.01","51.12","CALGARY INTL A","3031092","2024-11-23 19:00","2024","11","23","19:00","","-12.0","","-14.3","","83","","","","35","","29","","11.3","","88.51","","","","-22","","NA"
"-114.01","51.12","CALGARY INTL A","3031092","2024-11-23 20:00","2024","11","23","20:00","","-12.2","","-14.9","","81","","","","34","","33","","11.3","","88.58","","","","-23","","Cloudy"
"-114.01","51.12","CALGARY INTL A","3031092","2024-11-23 21:00","2024","11","23","21:00","","-12.1","","-14.8","","81","","","","35","","22","","12.9","","88.61","","","","-21","","Blowing Snow"
"-114.01","51.12","CALGARY INTL A","3031092","2024-11-23 22:00","2024","11","23","22:00","","-12.4","","-15.1","","80","","","","34","","22","","12.9","","88.66","","","","-21","","Blowing Snow"
"-114.01","51.12","CALGARY INTL A","3031092","2024-11-23 23:00","2024","11","23","23:00","","-12.4","","-15.2","","80","","","","35","","26","","12.9","","88.68","","","","-22","","Mostly Cloudy"
"-114.01","51.12","CALGARY INTL A","3031092","2024-11-24 00:00","2024","11","24","00:00","","-11.9","","-14.8","","79","","","","34","","26","","14.5","","88.73","","","","-21","","NA"
"-114.01","51.12","CALGARY INTL A","3031092","2024-11-24 01:00","2024","11","24","01:00","","-12.3","","-15.0","","80","","","","34","","27","","14.5","","88.79","","","","-22","","Blowing Snow"
"-114.01","51.12","CALGARY INTL A","3031092","2024-11-24 02:00","2024","11","24","02:00","","-12.2","","-15.0","","80","","","","35","","21","","12.9","","88.85","","","","-21","","Blowing Snow"
"-114.01","51.12","CALGARY INTL A","3031092","2024-11-24 03:00","2024","11","24","03:00","","-12.4","","-15.3","","80","","","","34","","22","","14.5","","88.87","","","","-21","","Blowing Snow"
"-114.01","51.12","CALGARY INTL A","3031092","2024-11-24 04:00","2024","11","24","04:00","","-12.5","","-15.4","","79","","","","34","","20","","12.9","","88.90","","","","-21","","NA"
"-114.01","51.12","CALGARY INTL A","3031092","2024-11-24 05:00","2024","11","24","05:00","","-12.4","","-15.7","","77","","","","34","","14","","12.9","","88.94","","","","-19","","Cloudy"
"-114.01","51.12","CALGARY INTL A","3031092","2024-11-24 06:00","2024","11","24","06:00","","-13.0","","-16.6","","74","","","","34","","23","","16.1","","88.99","","","","-22","","NA"
"-114.01","51.12","CALGARY INTL A","3031092","2024-11-24 07:00","2024","11","24","07:00","","-13.6","","-16.7","","78","","","","35","","14","","16.1","","89.05","","","","-21","","NA"
"-114.01","51.12","CALGARY INTL A","3031092","2024-11-24 08:00","2024","11","24","08:00","","-14.8","","-18.0","","77","","","","34","","14","","19.3","","89.13","","","","-22","","Mainly Clear"
"-114.01","51.12","CALGARY INTL A","3031092","2024-11-24 09:00","2024","11","24","09:00","","-15.0","","-18.6","","74","","","","32","","16","","24.1","","89.19","","","","-23","","NA"
"-114.01","51.12","CALGARY INTL A","3031092","2024-11-24 10:00","2024","11","24","10:00","","-14.4","","-18.7","","70","","","","33","","14","","32.2","","89.23","","","","-22","","NA"
"-114.01","51.12","CALGARY INTL A","3031092","2024-11-24 11:00","2024","11","24","11:00","","-13.9","","-18.6","","68","","","","32","","14","","48.3","","89.25","","","","-21","","Mostly Cloudy"
"-114.01","51.12","CALGARY INTL A","3031092","2024-11-24 12:00","2024","11","24","12:00","","-13.3","","-18.4","","66","","","","35","","13","","48.3","","89.24","","","","-20","","NA"
"-114.01","51.12","CALGARY INTL A","3031092","2024-11-24 13:00","2024","11","24","13:00","","-13.5","","-18.0","","69","","","","1","","11","","48.3","","89.23","","","","-20","","NA"
"-114.01","51.12","CALGARY INTL A","3031092","2024-11-24 14:00","2024","11","24","14:00","","-13.0","","-18.3","","65","","","","1","","12","","24.1","","89.25","","","","-20","","Mainly Clear"
"-114.01","51.12","CALGARY INTL A","3031092","2024-11-24 15:00","2024","11","24","15:00","","-14.1","","-18.8","","68","","","","2","","12","","24.1","","89.26","","","","-21","","NA"
"-114.01","51.12","CALGARY INTL A","3031092","2024-11-24 16:00","2024","11","24","16:00","","-16.0","","-20.4","","69","","","","36","","8","","24.1","","89.31","","","","-22","","NA"
"-114.01","51.12","CALGARY INTL A","3031092","2024-11-24 17:00","2024","11","24","17:00","","-15.1","","-18.8","","74","","","","2","","6","","24.1","","89.34","","","","-19","","Mainly Clear"
"-114.01","51.12","CALGARY INTL A","3031092","2024-11-24 18:00","2024","11","24","18:00","","-16.4","","-19.3","","79","","","","36","","3","","24.1","","89.35","","","","-19","","NA"
"-114.01","51.12","CALGARY INTL A","3031092","2024-11-24 19:00","2024","11","24","19:00","","-16.2","","-19.1","","79","","","","","","0","","24.1","","89.39","","","","","","NA"
"-114.01","51.12","CALGARY INTL A","3031092","2024-11-24 20:00","2024","11","24","20:00","","-18.8","","-20.6","","86","","","","5","","7","","24.1","","89.39","","","","-24","","Clear"
"-114.01","51.12","CALGARY INTL A","3031092","2024-11-24 21:00","2024","11","24","21:00","","-19.0","","-20.9","","85","","","","32","","5","","24.1","","89.41","","","","-23","","NA"
"-114.01","51.12","CALGARY INTL A","3031092","2024-11-24 22:00","2024","11","24","22:00","","-17.8","","-19.6","","85","","","","19","","9","","24.1","","89.41","","","","-24","","NA"
"-114.01","51.12","CALGARY INTL A","3031092","2024-11-24 23:00","2024","11","24","23:00","","-17.2","","-19.1","","86","","","","17","","9","","12.9","","89.37","","","","-23","","Ice Crystals"
"-114.01","51.12","CALGARY INTL A","3031092","2024-11-25 00:00","2024","11","25","00:00","","-17.1","","-19.0","","85","","","","18","","10","","12.9","","89.37","","","","-24","","Ice Crystals"
"-114.01","51.12","CALGARY INTL A","3031092","2024-11-25 01:00","2024","11","25","01:00","","-17.4","","-19.4","","85","","","","18","","13","","24.1","","89.27","","","","-25","","NA"
"-114.01","51.12","CALGARY INTL A","3031092","2024-11-25 02:00","2024","11","25","02:00","","-17.7","","-19.8","","84","","","","19","","14","","16.1","","89.25","","","","-26","","Mostly Cloudy"
"-114.01","51.12","CALGARY INTL A","3031092","2024-11-25 03:00","2024","11","25","03:00","","-17.5","","-19.5","","85","","","","18","","12","","12.9","","89.24","","","","-25","","NA"
"-114.01","51.12","CALGARY INTL A","3031092","2024-11-25 04:00","2024","11","25","04:00","","-17.1","","-19.1","","85","","","","19","","18","","24.1","","89.20","","","","-26","","NA"
"-114.01","51.12","CALGARY INTL A","3031092","2024-11-25 05:00","2024","11","25","05:00","","-17.5","","-19.5","","85","","","","18","","13","","24.1","","89.17","","","","-25","","Mostly Cloudy"
"-114.01","51.12","CALGARY INTL A","3031092","2024-11-25 06:00","2024","11","25","06:00","","-16.9","","-18.9","","85","","","","18","","11","","24.1","","89.13","","","","-24","","NA"
"-114.01","51.12","CALGARY INTL A","3031092","2024-11-25 07:00","2024","11","25","07:00","","-16.5","","-18.4","","85","","","","19","","14","","16.1","","89.12","","","","-24","","NA"
"-114.01","51.12","CALGARY INTL A","3031092","2024-11-25 08:00","2024","11","25","08:00","","-16.2","","-18.1","","86","","","","18","","15","","12.9","","89.08","","","","-24","","Mostly Cloudy"
"-114.01","51.12","CALGARY INTL A","3031092","2024-11-25 09:00","2024","11","25","09:00","","-16.1","","-17.9","","86","","","","18","","18","","16.1","","89.09","","","","-25","","NA"
"-114.01","51.12","CALGARY INTL A","3031092","2024-11-25 10:00","2024","11","25","10:00","","-15.3","","-17.1","","86","","","","18","","21","","16.1","","89.08","","","","-25","","NA"
"-114.01","51.12","CALGARY INTL A","3031092","2024-11-25 11:00","2024","11","25","11:00","","-14.7","","-16.7","","85","","","","19","","18","","19.3","","89.03","","","","-23","","Cloudy"
"-114.01","51.12","CALGARY INTL A","3031092","2024-11-25 12:00","2024","11","25","12:00","","-13.9","","-16.2","","83","","","","19","","17","","19.3","","88.96","","","","-22","","NA"
"-114.01","51.12","CALGARY INTL A","3031092","2024-11-25 13:00","2024","11","25","13:00","","-13.4","","-16.3","","79","","","","18","","19","","24.1","","88.89","","","","-22","","NA"
"-114.01","51.12","CALGARY INTL A","3031092","2024-11-25 14:00","2024","11","25","14:00","","-13.3","","-16.1","","80","","","","17","","16","","24.1","","88.84","","","","-21","","Cloudy"
"-114.01","51.12","CALGARY INTL A","3031092","2024-11-25 15:00","2024","11","25","15:00","","-13.1","","-15.7","","81","","","","17","","13","","24.1","","88.79","","","","-20","","NA"
"-114.01","51.12","CALGARY INTL A","3031092","2024-11-25 16:00","2024","11","25","16:00","","-13.4","","-15.8","","83","","","","17","","16","","24.1","","88.77","","","","-21","","NA"
"-114.01","51.12","CALGARY INTL A","3031092","2024-11-25 17:00","2024","11","25","17:00","","-13.7","","-15.9","","84","","","","17","","17","","12.9","","88.77","","","","-22","","Cloudy"
"-114.01","51.12","CALGARY INTL A","3031092","2024-11-25 18:00","2024","11","25","18:00","","-13.9","","-15.9","","85","","","","17","","16","","12.9","","88.72","","","","-22","","Snow"
"-114.01","51.12","CALGARY INTL A","3031092","2024-11-25 19:00","2024","11","25","19:00","","-13.6","","-15.6","","85","","","","17","","12","","16.1","","88.71","","","","-20","","NA"
"-114.01","51.12","CALGARY INTL A","3031092","2024-11-25 20:00","2024","11","25","20:00","","-14.4","","-16.2","","87","","","","17","","11","","16.1","","88.64","","","","-21","","Mostly Cloudy"
"-114.01","51.12","CALGARY INTL A","3031092","2024-11-25 21:00","2024","11","25","21:00","","-14.7","","-16.4","","87","","","","17","","10","","16.1","","88.63","","","","-21","","NA"
"-114.01","51.12","CALGARY INTL A","3031092","2024-11-25 22:00","2024","11","25","22:00","","-16.0","","-17.7","","87","","","","18","","11","","16.1","","88.62","","","","-23","","NA"
"-114.01","51.12","CALGARY INTL A","3031092","2024-11-25 23:00","2024","11","25","23:00","","-15.6","","-17.0","","89","","","","18","","10","","16.1","","88.59","","","","-22","","Mainly Clear"
"-114.01","51.12","CALGARY INTL A","3031092","2024-11-26 00:00","2024","11","26","00:00","","-15.3","","-16.8","","89","","","","19","","9","","11.3","","88.56","","","","-21","","NA"
"-114.01","51.12","CALGARY INTL A","3031092","2024-11-26 01:00","2024","11","26","01:00","","-16.6","","-18.1","","88","","","","19","","11","","11.3","","88.50","","","","-24","","Ice Crystals"
"-114.01","51.12","CALGARY INTL A","3031092","2024-11-26 02:00","2024","11","26","02:00","","-14.8","","-16.5","","87","","","","23","","12","","24.1","","88.43","","","","-22","","Clear"
"-114.01","51.12","CALGARY INTL A","3031092","2024-11-26 03:00","2024","11","26","03:00","","-17.0","","-18.8","","87","","","","29","","3","","24.1","","88.40","","","","-19","","NA"
"-114.01","51.12","CALGARY INTL A","3031092","2024-11-26 04:00","2024","11","26","04:00","","-16.5","","-18.1","","87","","","","20","","5","","24.1","","88.37","","","","-20","","NA"
"-114.01","51.12","CALGARY INTL A","3031092","2024-11-26 05:00","2024","11","26","05:00","","-17.5","","-19.4","","85","","","","34","","4","","24.1","","88.33","","","","-21","","Clear"
"-114.01","51.12","CALGARY INTL A","3031092","2024-11-26 06:00","2024","11","26","06:00","","-17.5","","-19.3","","86","","","","","","0","","24.1","","88.32","","","","","","NA"
"-114.01","51.12","CALGARY INTL A","3031092","2024-11-26 07:00","2024","11","26","07:00","","-16.5","","-18.4","","86","","","","","","0","","24.1","","88.33","","","","","","NA"
"-114.01","51.12","CALGARY INTL A","3031092","2024-11-26 08:00","2024","11","26","08:00","","-16.6","","-18.3","","87","","","","","","0","","64.4","","88.33","","","","","","Mainly Clear"
"-114.01","51.12","CALGARY INTL A","3031092","2024-11-26 09:00","2024","11","26","09:00","","-16.2","","-17.9","","87","","","","21","","4","","64.4","","88.34","","","","-19","","NA"
"-114.01","51.12","CALGARY INTL A","3031092","2024-11-26 10:00","2024","11","26","10:00","","-13.1","","-14.8","","87","","","","","","0","","64.4","","88.36","","","","","","NA"
"-114.01","51.12","CALGARY INTL A","3031092","2024-11-26 11:00","2024","11","26","11:00","","-10.7","","-12.5","","87","","","","","","0","","64.4","","88.36","","","","","","Mostly Cloudy"
"-114.01","51.12","CALGARY INTL A","3031092","2024-11-26 12:00","2024","11","26","12:00","","-8.3","","-12.0","","75","","","","","","0","","64.4","","88.36","","","","","","NA"
"-114.01","51.12","CALGARY INTL A","3031092","2024-11-26 13:00","2024","11","26","13:00","","-3.9","","-10.0","","63","","","","20","","4","","64.4","","88.35","","","","-6","","NA"
"-114.01","51.12","CALGARY INTL A","3031092","2024-11-26 14:00","2024","11","26","14:00","","-3.5","","-9.3","","64","","","","","","0","","64.4","","88.36","","","","","","Mostly Cloudy"
"-114.01","51.12","CALGARY INTL A","3031092","2024-11-26 15:00","2024","11","26","15:00","","-3.9","","-9.3","","66","","","","","","0","","64.4","","88.38","","","","","","NA"
"-114.01","51.12","CALGARY INTL A","3031092","2024-11-26 16:00","2024","11","26","16:00","","-4.8","","-9.5","","70","","","","5","","6","","64.4","","88.43","","","","-8","","NA"
"-114.01","51.12","CALGARY INTL A","3031092","2024-11-26 17:00","2024","11","26","17:00","","-5.3","","-10.4","","67","","","","2","","5","","64.4","","88.50","","","","-8","","Mostly Cloudy"
"-114.01","51.12","CALGARY INTL A","3031092","2024-11-26 18:00","2024","11","26","18:00","","-7.0","","-11.0","","73","","","","35","","9","","24.1","","88.57","","","","-11","","NA"
"-114.01","51.12","CALGARY INTL A","3031092","2024-11-26 19:00","2024","11","26","19:00","","-7.7","","-12.2","","71","","","","1","","10","","24.1","","88.69","","","","-13","","NA"
"-114.01","51.12","CALGARY INTL A","3031092","2024-11-26 20:00","2024","11","26","20:00","","-6.3","","-11.2","","68","","","","34","","19","","24.1","","88.81","","","","-13","","Clear"
"-114.01","51.12","CALGARY INTL A","3031092","2024-11-26 21:00","2024","11","26","21:00","","-6.2","","-11.3","","67","","","","35","","23","","24.1","","88.89","","","","-14","","NA"
"-114.01","51.12","CALGARY INTL A","3031092","2024-11-26 22:00","2024","11","26","22:00","","-7.7","","-11.7","","73","","","","35","","14","","24.1","","88.99","","","","-14","","NA"
"-114.01","51.12","CALGARY INTL A","3031092","2024-11-26 23:00","2024","11","26","23:00","","-7.6","","-11.5","","74","","","","36","","20","","24.1","","89.04","","","","-15","","Clear"
"-114.01","51.12","CALGARY INTL A","3031092","2024-11-27 00:00","2024","11","27","00:00","","-8.8","","-12.0","","78","","","","36","","15","","24.1","","89.13","","","","-15","","NA"
"-114.01","51.12","CALGARY INTL A","3031092","2024-11-27 01:00","2024","11","27","01:00","","-9.1","","-11.8","","81","","","","33","","10","","24.1","","89.18","","","","-14","","NA"
"-114.01","51.12","CALGARY INTL A","3031092","2024-11-27 02:00","2024","11","27","02:00","","-10.7","","-12.8","","85","","","","31","","7","","24.1","","89.22","","","","-15","","Mainly Clear"
"-114.01","51.12","CALGARY INTL A","3031092","2024-11-27 03:00","2024","11","27","03:00","","-12.9","","-14.4","","89","","","","","","0","","24.1","","89.26","","","","","","NA"
"-114.01","51.12","CALGARY INTL A","3031092","2024-11-27 04:00","2024","11","27","04:00","","-14.1","","-15.7","","88","","","","","","0","","24.1","","89.30","","","","","","NA"
"-114.01","51.12","CALGARY INTL A","3031092","2024-11-27 05:00","2024","11","27","05:00","","-13.4","","-15.1","","88","","","","22","","6","","24.1","","89.31","","","","-17","","Mainly Clear"
"-114.01","51.12","CALGARY INTL A","3031092","2024-11-27 06:00","2024","11","27","06:00","","-14.5","","-16.3","","87","","","","","","0","","24.1","","89.30","","","","","","NA"
"-114.01","51.12","CALGARY INTL A","3031092","2024-11-27 07:00","2024","11","27","07:00","","-14.6","","-16.1","","88","","","","25","","3","","24.1","","89.33","","","","-17","","NA"
"-114.01","51.12","CALGARY INTL A","3031092","2024-11-27 08:00","2024","11","27","08:00","","-13.8","","-15.5","","87","","","","","","0","","24.1","","89.34","","","","","","Mostly Cloudy"
"-114.01","51.12","CALGARY INTL A","3031092","2024-11-27 09:00","2024","11","27","09:00","","-12.6","","-14.3","","87","","","","21","","4","","24.1","","89.37","","","","-15","","NA"
"-114.01","51.12","CALGARY INTL A","3031092","2024-11-27 10:00","2024","11","27","10:00","","-11.6","","-13.9","","83","","","","","","0","","24.1","","89.41","","","","","","NA"
"-114.01","51.12","CALGARY INTL A","3031092","2024-11-27 11:00","2024","11","27","11:00","","-10.1","","-12.7","","81","","","","","","0","","8.1","","89.38","","","","","","Snow Showers"
"-114.01","51.12","CALGARY INTL A","3031092","2024-11-27 12:00","2024","11","27","12:00","","-9.1","","-11.4","","84","","","","1","","5","","12.9","","89.36","","","","-12","","Snow Showers"
"-114.01","51.12","CALGARY INTL A","3031092","2024-11-27 13:00","2024","11","27","13:00","","-8.1","","-10.6","","83","","","","8","","3","","9.7","","89.33","","","","-10","","Snow Showers"
"-114.01","51.12","CALGARY INTL A","3031092","2024-11-27 14:00","2024","11","27","14:00","","-7.5","","-10.6","","78","","","","17","","11","","24.1","","89.25","","","","-13","","Snow"
"-114.01","51.12","CALGARY INTL A","3031092","2024-11-27 15:00","2024","11","27","15:00","","-7.3","","-10.6","","78","","","","18","","4","","24.1","","89.27","","","","-9","","NA"
"-114.01","51.12","CALGARY INTL A","3031092","2024-11-27 16:00","2024","11","27","16:00","","-9.2","","-10.8","","88","","","","6","","16","","4.8","","89.36","","","","-16","","Snow"
"-114.01","51.12","CALGARY INTL A","3031092","2024-11-27 17:00","2024","11","27","17:00","","-9.4","","-11.0","","88","","","","1","","13","","2.8","","89.45","","","","-15","","Snow"
"-114.01","51.12","CALGARY INTL A","3031092","2024-11-27 18:00","2024","11","27","18:00","","-9.7","","-11.3","","88","","","","4","","4","","12.9","","89.45","","","","-12","","Snow"
"-114.01","51.12","CALGARY INTL A","3031092","2024-11-27 19:00","2024","11","27","19:00","","-10.0","","-11.3","","90","","","","","","0","","24.1","","89.45","","","","","","NA"
"-114.01","51.12","CALGARY INTL A","3031092","2024-11-27 20:00","2024","11","27","20:00","","-10.2","","-11.3","","92","","","","19","","7","","24.1","","89.45","","","","-14","","Mostly Cloudy"
"-114.01","51.12","CALGARY INTL A","3031092","2024-11-27 21:00","2024","11","27","21:00","","-10.0","","-11.2","","91","","","","24","","5","","24.1","","89.45","","","","-13","","NA"
"-114.01","51.12","CALGARY INTL A","3031092","2024-11-27 22:00","2024","11","27","22:00","","-12.3","","-13.1","","94","","","","11","","3","","6.4","","89.41","","","","-14","","Fog"
"-114.01","51.12","CALGARY INTL A","3031092","2024-11-27 23:00","2024","11","27","23:00","","-15.7","","-17.2","","88","","","","33","","8","","0.8","","89.44","","","","-21","","Freezing Fog"
"-114.01","51.12","CALGARY INTL A","3031092","2024-11-28 00:00","2024","11","28","00:00","","-17.0","","-18.7","","86","","","","35","","6","","4.0","","89.43","","","","-22","","Ice Crystals,Fog"
"-114.01","51.12","CALGARY INTL A","3031092","2024-11-28 01:00","2024","11","28","01:00","","-17.7","","-19.6","","86","","","","35","","7","","1.0","","89.38","","","","-23","","Ice Crystals,Fog"
"-114.01","51.12","CALGARY INTL A","3031092","2024-11-28 02:00","2024","11","28","02:00","","-16.9","","-18.8","","86","","","","3","","5","","0.4","","89.35","","","","-21","","Freezing Fog"
"-114.01","51.12","CALGARY INTL A","3031092","2024-11-28 03:00","2024","11","28","03:00","","-17.7","","-19.7","","85","","","","26","","4","","1.2","","89.33","","","","-21","","Fog"
"-114.01","51.12","CALGARY INTL A","3031092","2024-11-28 04:00","2024","11","28","04:00","","-18.4","","-20.5","","84","","","","8","","4","","2.4","","89.28","","","","-22","","Fog"
"-114.01","51.12","CALGARY INTL A","3031092","2024-11-28 05:00","2024","11","28","05:00","","-18.5","","-20.6","","84","","","","9","","7","","0.8","","89.28","","","","-24","","Freezing Fog"
"-114.01","51.12","CALGARY INTL A","3031092","2024-11-28 06:00","2024","11","28","06:00","","-16.5","","-18.4","","86","","","","8","","4","","0.4","","89.30","","","","-20","","Freezing Fog"
"-114.01","51.12","CALGARY INTL A","3031092","2024-11-28 07:00","2024","11","28","07:00","","-17.2","","-19.2","","85","","","","9","","10","","0.4","","89.30","","","","-24","","Freezing Fog"
"-114.01","51.12","CALGARY INTL A","3031092","2024-11-28 08:00","2024","11","28","08:00","","-17.1","","-18.9","","85","","","","11","","5","","0.2","","89.30","","","","-21","","Snow,Freezing Fog"
"-114.01","51.12","CALGARY INTL A","3031092","2024-11-28 09:00","2024","11","28","09:00","","-16.9","","-18.8","","85","","","","8","","5","","0.2","","89.35","","","","-21","","Snow,Freezing Fog"
"-114.01","51.12","CALGARY INTL A","3031092","2024-11-28 10:00","2024","11","28","10:00","","-15.9","","-17.6","","86","","","","9","","11","","0.2","","89.40","","","","-23","","Snow,Freezing Fog"
"-114.01","51.12","CALGARY INTL A","3031092","2024-11-28 11:00","2024","11","28","11:00","","-15.3","","-17.0","","87","","","","16","","14","","0.2","","89.40","","","","-23","","Snow,Freezing Fog"
"-114.01","51.12","CALGARY INTL A","3031092","2024-11-28 12:00","2024","11","28","12:00","","-15.0","","-16.7","","87","","","","17","","14","","0.2","","89.39","","","","-23","","Snow,Freezing Fog"
"-114.01","51.12","CALGARY INTL A","3031092","2024-11-28 13:00","2024","11","28","13:00","","-14.7","","-16.4","","87","","","","20","","12","","0.4","","89.38","","","","-22","","Snow,Freezing Fog"
"-114.01","51.12","CALGARY INTL A","3031092","2024-11-28 14:00","2024","11","28","14:00","","-14.2","","-15.9","","87","","","","13","","13","","1.2","","89.39","","","","-21","","Snow,Fog"
"-114.01","51.12","CALGARY INTL A","3031092","2024-11-28 15:00","2024","11","28","15:00","","-14.3","","-16.0","","87","","","","16","","14","","2.0","","89.38","","","","-22","","Snow,Fog"
"-114.01","51.12","CALGARY INTL A","3031092","2024-11-28 16:00","2024","11","28","16:00","","-14.2","","-15.8","","88","","","","14","","10","","2.0","","89.42","","","","-20","","Snow"
"-114.01","51.12","CALGARY INTL A","3031092","2024-11-28 17:00","2024","11","28","17:00","","-14.0","","-15.6","","88","","","","13","","12","","2.8","","89.42","","","","-21","","Fog"
"-114.01","51.12","CALGARY INTL A","3031092","2024-11-28 18:00","2024","11","28","18:00","","-14.1","","-15.8","","88","","","","13","","14","","1.2","","89.40","","","","-22","","Fog"
"-114.01","51.12","CALGARY INTL A","3031092","2024-11-28 19:00","2024","11","28","19:00","","-14.2","","-15.8","","88","","","","17","","13","","1.6","","89.39","","","","-21","","Snow,Fog"
"-114.01","51.12","CALGARY INTL A","3031092","2024-11-28 20:00","2024","11","28","20:00","","-14.2","","-15.9","","87","","","","16","","16","","2.4","","89.38","","","","-22","","Snow,Fog"
"-114.01","51.12","CALGARY INTL A","3031092","2024-11-28 21:00","2024","11","28","21:00","","-14.5","","-16.2","","87","","","","15","","20","","2.8","","89.39","","","","-24","","Snow,Fog"
"-114.01","51.12","CALGARY INTL A","3031092","2024-11-28 22:00","2024","11","28","22:00","","-14.5","","-16.2","","87","","","","16","","16","","2.4","","89.38","","","","-23","","Fog"
"-114.01","51.12","CALGARY INTL A","3031092","2024-11-28 23:00","2024","11","28","23:00","","-14.6","","-16.2","","87","","","","16","","19","","2.4","","89.37","","","","-23","","Fog"
"-114.01","51.12","CALGARY INTL A","3031092","2024-11-29 00:00","2024","11","29","00:00","","-14.8","","-16.4","","87","","","","16","","18","","2.4","","89.36","","","","-23","","Fog"
"-114.01","51.12","CALGARY INTL A","3031092","2024-11-29 01:00","2024","11","29","01:00","","-14.8","","-16.5","","87","","","","18","","17","","2.0","","89.33","","","","-23","","Fog"
"-114.01","51.12","CALGARY INTL A","3031092","2024-11-29 02:00","2024","11","29","02:00","","-14.8","","-16.5","","87","","","","18","","19","","2.4","","89.30","","","","-24","","Snow,Fog"
"-114.01","51.12","CALGARY INTL A","3031092","2024-11-29 03:00","2024","11","29","03:00","","-14.8","","-16.5","","87","","","","20","","17","","2.4","","89.30","","","","-23","","Snow,Fog"
"-114.01","51.12","CALGARY INTL A","3031092","2024-11-29 04:00","2024","11","29","04:00","","-15.0","","-16.8","","87","","","","17","","15","","2.4","","89.31","","","","-23","","Snow,Fog"
"-114.01","51.12","CALGARY INTL A","3031092","2024-11-29 05:00","2024","11","29","05:00","","-15.1","","-16.8","","87","","","","14","","14","","2.8","","89.32","","","","-23","","Fog"
"-114.01","51.12","CALGARY INTL A","3031092","2024-11-29 06:00","2024","11","29","06:00","","-15.4","","-17.2","","87","","","","14","","15","","3.2","","89.30","","","","-23","","Fog"
"-114.01","51.12","CALGARY INTL A","3031092","2024-11-29 07:00","2024","11","29","07:00","","-15.5","","-17.2","","87","","","","14","","12","","3.2","","89.30","","","","-23","","Fog"
"-114.01","51.12","CALGARY INTL A","3031092","2024-11-29 08:00","2024","11","29","08:00","","-16.0","","-17.8","","86","","","","14","","16","","1.6","","89.29","","","","-24","","Fog"
"-114.01","51.12","CALGARY INTL A","3031092","2024-11-29 09:00","2024","11","29","09:00","","-16.7","","-18.6","","85","","","","14","","14","","1.6","","89.29","","","","-25","","Fog"
"-114.01","51.12","CALGARY INTL A","3031092","2024-11-29 10:00","2024","11","29","10:00","","-16.6","","-18.5","","86","","","","14","","14","","1.0","","89.27","","","","-25","","Fog"
"-114.01","51.12","CALGARY INTL A","3031092","2024-11-29 11:00","2024","11","29","11:00","","-16.5","","-18.4","","86","","","","15","","17","","1.6","","89.24","","","","-25","","Fog"
"-114.01","51.12","CALGARY INTL A","3031092","2024-11-29 12:00","2024","11","29","12:00","","-16.3","","-18.1","","86","","","","16","","16","","1.6","","89.15","","","","-25","","Fog"
"-114.01","51.12","CALGARY INTL A","3031092","2024-11-29 13:00","2024","11","29","13:00","","-16.1","","-17.9","","86","","","","19","","12","","4.0","","89.07","","","","-23","","Fog"
"-114.01","51.12","CALGARY INTL A","3031092","2024-11-29 14:00","2024","11","29","14:00","","-15.9","","-17.8","","86","","","","18","","15","","4.0","","89.03","","","","-24","","Fog"
"-114.01","51.12","CALGARY INTL A","3031092","2024-11-29 15:00","2024","11","29","15:00","","-15.9","","-17.8","","86","","","","17","","15","","4.0","","89.01","","","","-24","","Fog"
"-114.01","51.12","CALGARY INTL A","3031092","2024-11-29 16:00","2024","11","29","16:00","","-16.2","","-18.1","","86","","","","19","","18","","6.4","","88.98","","","","-25","","Fog"
"-114.01","51.12","CALGARY INTL A","3031092","2024-11-29 17:00","2024","11","29","17:00","","-16.5","","-18.3","","86","","","","16","","14","","3.6","","88.99","","","","-24","","Fog"
"-114.01","51.12","CALGARY INTL A","3031092","2024-11-29 18:00","2024","11","29","18:00","","-16.7","","-18.5","","86","","","","18","","17","","3.6","","89.01","","","","-26","","Fog"
"-114.01","51.12","CALGARY INTL A","3031092","2024-11-29 19:00","2024","11","29","19:00","","-17.2","","-19.2","","85","","","","18","","14","","3.6","","88.96","","","","-25","","Fog"
"-114.01","51.12","CALGARY INTL A","3031092","2024-11-29 20:00","2024","11","29","20:00","","-16.7","","-18.6","","85","","","","18","","15","","1.6","","88.91","","","","-25","","Snow Grains,Fog"
"-114.01","51.12","CALGARY INTL A","3031092","2024-11-29 21:00","2024","11","29","21:00","","-17.0","","-18.9","","85","","","","18","","12","","3.2","","88.91","","","","-24","","Snow Grains,Fog"
"-114.01","51.12","CALGARY INTL A","3031092","2024-11-29 22:00","2024","11","29","22:00","","-17.1","","-19.0","","85","","","","19","","10","","3.2","","88.89","","","","-24","","Ice Crystals,Fog"
"-114.01","51.12","CALGARY INTL A","3031092","2024-11-29 23:00","2024","11","29","23:00","","-17.4","","-19.4","","84","","","","18","","15","","3.2","","88.85","","","","-26","","Ice Crystals,Fog"
"-114.01","51.12","CALGARY INTL A","3031092","2024-11-30 00:00","2024","11","30","00:00","","-17.3","","-19.3","","85","","","","18","","12","","3.2","","88.85","","","","-25","","Ice Crystals,Fog"
"-114.01","51.12","CALGARY INTL A","3031092","2024-11-30 01:00","2024","11","30","01:00","","-16.5","","-18.4","","86","","","","19","","11","","3.2","","88.82","","","","-23","","Ice Crystals,Fog"
"-114.01","51.12","CALGARY INTL A","3031092","2024-11-30 02:00","2024","11","30","02:00","","-15.5","","-17.2","","86","","","","18","","14","","12.9","","88.81","","","","-23","","Mostly Cloudy"
"-114.01","51.12","CALGARY INTL A","3031092","2024-11-30 03:00","2024","11","30","03:00","","-15.4","","-17.2","","86","","","","4","","12","","12.9","","88.87","","","","-22","","NA"
"-114.01","51.12","CALGARY INTL A","3031092","2024-11-30 04:00","2024","11","30","04:00","","-16.6","","-18.5","","85","","","","5","","14","","9.7","","88.84","","","","-25","","Fog"
"-114.01","51.12","CALGARY INTL A","3031092","2024-11-30 05:00","2024","11","30","05:00","","-17.0","","-19.0","","85","","","","5","","10","","9.7","","88.87","","","","-24","","Fog"
"-114.01","51.12","CALGARY INTL A","3031092","2024-11-30 06:00","2024","11","30","06:00","","-18.2","","-20.3","","84","","","","3","","16","","8.1","","88.95","","","","-27","","Fog"
"-114.01","51.12","CALGARY INTL A","3031092","2024-11-30 07:00","2024","11","30","07:00","","-18.7","","-20.8","","84","","","","1","","17","","3.2","","88.95","","","","-28","","Ice Crystals,Fog"
"-114.01","51.12","CALGARY INTL A","3031092","2024-11-30 08:00","2024","11","30","08:00","","-18.4","","-20.5","","84","","","","1","","9","","2.8","","88.96","","","","-25","","Fog"
"-114.01","51.12","CALGARY INTL A","3031092","2024-11-30 09:00","2024","11","30","09:00","","-17.9","","-19.9","","84","","","","1","","9","","2.8","","88.95","","","","-24","","Fog"
"-114.01","51.12","CALGARY INTL A","3031092","2024-11-30 10:00","2024","11","30","10:00","","-17.7","","-19.7","","84","","","","3","","8","","6.4","","88.92","","","","-24","","Fog"
"-114.01","51.12","CALGARY INTL A","3031092","2024-11-30 11:00","2024","11","30","11:00","","-17.7","","-19.7","","84","","","","2","","8","","6.4","","88.88","","","","-24","","Fog"
"-114.01","51.12","CALGARY INTL A","3031092","2024-11-30 12:00","2024","11","30","12:00","","-16.9","","-18.9","","85","","","","36","","4","","6.4","","88.83","","","","-20","","Fog"
"-114.01","51.12","CALGARY INTL A","3031092","2024-11-30 13:00","2024","11","30","13:00","","-16.6","","-18.6","","85","","","","4","","8","","6.4","","88.83","","","","-22","","Fog"
"-114.01","51.12","CALGARY INTL A","3031092","2024-11-30 14:00","2024","11","30","14:00","","-16.7","","-18.7","","85","","","","4","","11","","6.4","","88.83","","","","-24","","Fog"
"-114.01","51.12","CALGARY INTL A","3031092","2024-11-30 15:00","2024","11","30","15:00","","-17.8","","-19.8","","84","","","","36","","15","","6.4","","88.87","","","","-26","","Fog"
"-114.01","51.12","CALGARY INTL A","3031092","2024-11-30 16:00","2024","11","30","16:00","","-17.6","","-19.6","","85","","","","36","","15","","6.4","","88.96","","","","-26","","Fog"
"-114.01","51.12","CALGARY INTL A","3031092","2024-11-30 17:00","2024","11","30","17:00","","-17.4","","-19.4","","85","","","","36","","17","","9.7","","89.01","","","","-26","","Fog"
"-114.01","51.12","CALGARY INTL A","3031092","2024-11-30 18:00","2024","11","30","18:00","","-17.7","","-19.7","","85","","","","35","","14","","9.7","","89.09","","","","-26","","Fog"
"-114.01","51.12","CALGARY INTL A","3031092","2024-11-30 19:00","2024","11","30","19:00","","-17.7","","-19.7","","85","","","","36","","21","","11.3","","89.18","","","","-28","","NA"
"-114.01","51.12","CALGARY INTL A","3031092","2024-11-30 20:00","2024","11","30","20:00","","-17.3","","-19.3","","85","","","","35","","25","","9.7","","89.30","","","","-28","","Fog"
"-114.01","51.12","CALGARY INTL A","3031092","2024-11-30 21:00","2024","11","30","21:00","","-16.8","","-18.8","","85","","","","35","","18","","8.1","","89.39","","","","-26","","Ice Crystals,Fog"
"-114.01","51.12","CALGARY INTL A","3031092","2024-11-30 22:00","2024","11","30","22:00","","-16.6","","-18.5","","85","","","","36","","24","","8.1","","89.50","","","","-27","","Ice Crystals,Fog"
"-114.01","51.12","CALGARY INTL A","3031092","2024-11-30 23:00","2024","11","30","23:00","","-16.5","","-18.4","","86","","","","35","","20","","8.1","","89.58","","","","-26","","Ice Crystals,Fog"
